client_id,fold,cloud,gym,insurance,mobile,music,software,streaming,none
C000000,4,0.00649290286885,0.0180922887701,0.00882028898554,0.0434857299749,0.0057982736805,0.00910328660808,0.00496132522694,0.903245903885
C000001,3,0.0923811861946,0.00545710677873,0.0280198184384,0.669695077103,0.00632732970069,0.00630897733384,0.168812387978,0.0229981164726
C000002,1,0.00699589628653,0.0143329557068,0.0143263991608,0.0529842713019,0.0143329557068,0.781607941175,0.0139043713299,0.101515209332
C000003,0,0.0011286537949,0.00221020647292,0.00220261842401,0.00125659313037,0.00221149089287,0.00159445680127,0.00238486856866,0.987011111915
C000005,2,0.0131352094662,0.0360925507785,0.0131430797202,0.759912346037,0.0131352094662,0.0131352094662,0.0161637791336,0.135282615933
C000006,1,0.754616507482,0.0144328244827,0.0626030194542,0.0141620561608,0.0116029041691,0.0144328244827,0.0250216478106,0.103128215958
C000007,3,0.976881786098,0.00171992866656,0.0017159947233,0.00169819347503,0.00170783115612,0.00222427234902,0.00179292775392,0.012259065778
C000009,3,0.0446823930793,0.00326943504105,0.00325823712908,0.00324259965435,0.00262161131116,0.337653398275,0.59394383068,0.0113284948307
C000012,3,0.0037162099956,0.0037162099956,0.00370348186615,0.00368570749867,0.00348193759768,0.937763750616,0.00497174426673,0.038960958164
C000014,2,0.435957558838,0.0113417676903,0.0088312392186,0.00872977253787,0.0203584553894,0.476658885979,0.011109064196,0.0270132561504
C000015,2,0.00800661694848,0.00779228519897,0.467544113114,0.00795028552884,0.00800661694848,0.00800661694848,0.00940808404929,0.483285381263
C000016,3,0.0128611718399,0.0230608250773,0.865336275775,0.0126986418241,0.0127707098552,0.0128611718399,0.0134713067615,0.0469398970273
C000017,0,0.0310757920691,0.0139680366439,0.00967266613996,0.587983910315,0.0121134183646,0.0120295150461,0.189641998382,0.14351466304
C000021,3,0.0227391173846,0.0227391173846,0.0176470923037,0.527390905221,0.0228052638616,0.0187347335728,0.047159139654,0.320784630617
C000022,3,0.00565962961618,0.00565962961618,0.0056402452169,0.00561317561191,0.0045585626464,0.897715704939,0.0466530834861,0.0284999688675
C000024,0,0.000983490140661,0.944761814154,0.00107938842666,0.00108399498786,0.0312323944219,0.00883326591984,0.00121985548744,0.0108057964616
C000025,1,0.918553445163,0.00480099942428,0.00476249688362,0.00503251019964,0.00480099942428,0.00320487278541,0.00220937972158,0.0566352963978
C000026,0,0.00350163095248,0.326900821676,0.033626191439,0.489363844179,0.00293198413313,0.121198625744,0.0040896918713,0.0183872100058
C000027,3,0.00188204353694,0.0105913647668,0.00187559748201,0.141246002889,0.800691485741,0.0328921341594,0.00225381096772,0.00856756045677
C000028,2,0.325785765366,0.0745804869309,0.00475574418632,0.00468990702158,0.00716678669594,0.555456681372,0.00446947775049,0.0230951506767
C000029,3,0.130468331235,0.00389944719543,0.00938524118536,0.0134430348104,0.492938508494,0.0574833964431,0.0357307224797,0.256651318157
C000030,2,0.00156200707446,0.00169379556913,0.00479537320758,0.00170940599263,0.000750618413868,0.00172151791817,0.00197172109761,0.985795560727
C000033,0,0.0177885241814,0.00750382698559,0.00747806495527,0.00313004712348,0.00750818769361,0.00872836614668,0.0772996816183,0.870563301296
C000035,1,0.0119811708356,0.0343824862236,0.0135603514984,0.732339320424,0.0198527733244,0.00983947325954,0.0163102730035,0.161734151431
C000036,3,0.0263243858242,0.0263243858242,0.0155549713457,0.0158217949874,0.0226344971194,0.0182105998298,0.0330485136256,0.842080851444
C000038,0,0.00905174984832,0.0101572712457,0.0100475745885,0.010163173953,0.296434575726,0.560934164197,0.0132516187486,0.0899598716927
C000039,0,0.0257603797602,0.0287634381116,0.0285933364783,0.0287801534431,0.0580341549005,0.0285808083607,0.0344681562543,0.767019572691
C000040,3,0.499159974201,0.451277007251,0.00464973555268,0.00598655093631,0.00605365352378,0.00431700587687,0.00697399165267,0.0215820810062
C000041,0,0.00144886402196,0.00162855042418,0.908116853171,0.00162949682565,0.0758024346415,0.00161821015272,0.00187885989792,0.00787673086524
C000042,1,0.161024408885,0.0131521986806,0.0131370091055,0.016332734088,0.00730725437391,0.0064693965372,0.695627153525,0.0869498448043
C000043,1,0.00739967904115,0.00739967904115,0.0161687135953,0.00726085668666,0.046370341602,0.0211824682299,0.00887572910291,0.885342532701
C000044,4,0.0302975667596,0.0286694596846,0.0265420543544,0.0278230662162,0.254412993902,0.0291711805481,0.035209128684,0.567874549851
C000047,1,0.0116398205044,0.561776683853,0.0114451259604,0.0116228436812,0.326464904677,0.0116398205044,0.0150650039653,0.0503457968552
C000048,0,0.00384288218646,0.03240883927,0.224920451038,0.00925048141963,0.307393291087,0.00918640816916,0.290713790395,0.122283856434
C000053,3,0.00927333990311,0.80378307894,0.0106083536311,0.0105102911312,0.010569939714,0.0106448124294,0.0130346730024,0.131575511248
C000055,0,0.0213871223461,0.0247762493129,0.0245086703872,0.0247906475645,0.0247906475645,0.317381745498,0.0275485963404,0.534816320987
C000057,1,0.00417306794925,0.00575581960706,0.00431877574641,0.0175563257755,0.0840166816842,0.0066444458466,0.0118235718834,0.865711311508
C000058,2,0.0239232217015,0.0232828131501,0.0239087000277,0.0237549072873,0.017397756577,0.0638701383489,0.03100206589,0.792860397018
C000059,1,0.547500478708,0.380036571726,0.00731991410769,0.00726380937537,0.0030729757416,0.0072744192064,0.00674032557077,0.0407915055641
C000060,4,0.0107941744274,0.0146631096102,0.766019382191,0.0136987711951,0.0114641296089,0.01464525498,0.0177684872729,0.150946690714
C000061,2,0.852016822911,0.00902773422652,0.00906436707429,0.00472108334131,0.0162927876877,0.00602734177672,0.0112240030472,0.0916258599357
C000062,4,0.0716106407007,0.00915255138858,0.00890294247097,0.0694872705639,0.00914140672527,0.0205286614119,0.0100253090216,0.801151217717
C000063,1,0.0267274595165,0.0122939203865,0.806298793502,0.0122759895505,0.0122939203865,0.0122939203865,0.0163737468888,0.101442249383
C000064,0,0.00608842786033,0.0122928071422,0.0916850742866,0.00339195732302,0.012299950876,0.774418118299,0.0131585742603,0.0866650899524
C000065,4,0.0031893185032,0.665768067905,0.00426755446024,0.00240501293149,0.280749676905,0.0204053457685,0.00266116953449,0.0205538539912
C000066,0,0.0161136262364,0.0221859915084,0.0215680709097,0.0221988844804,0.0566529691746,0.56178930655,0.0240378194759,0.275453331665
C000068,0,0.174447941674,0.0230789896486,0.0767849596108,0.030240805005,0.129251717453,0.0229324525721,0.0247875726507,0.518475561386
C000069,3,0.00300516206982,0.00274489763041,0.032336399389,0.00191823803073,0.00116479525764,0.00274489763041,0.00291494030601,0.953170669686
C000070,4,0.0269554539755,0.00586138531146,0.00898210898941,0.553962412981,0.0111724311096,0.00787711833361,0.357030383416,0.0281587058836
C000071,2,0.771358523664,0.0146937659453,0.0203013039566,0.0145838811408,0.00883088531532,0.0178260811204,0.0187171916419,0.133688367215
C000072,2,0.00143036643641,0.00143100445966,0.0014312234724,0.109465166915,0.00143036643641,0.840560638901,0.0103054943434,0.0339457390357
C000073,3,0.0109433334352,0.00678685015181,0.0700287974377,0.01085351101,0.0595790580055,0.00232301469202,0.0128609214448,0.826624513823
C000075,0,0.00552286039116,0.00192520542772,0.00288230795724,0.00258566454054,0.00600192955585,0.00132220605067,0.00439122273663,0.97536860334
C000077,2,0.0186488566897,0.00714233682699,0.00140420574056,0.000775108938369,0.0009187452013,0.00120866043075,0.00171045362425,0.968191632548
C000078,3,0.000447192529444,0.000447192529444,0.962433177667,0.000443521991779,0.0316254071263,0.000447192529444,0.00268464938422,0.00147166624192
C000079,1,0.00221887402868,0.730600769649,0.00221631143404,0.0815801240245,0.00221887402868,0.143655549484,0.00280488416964,0.0347046131809
C000080,0,0.0110522994454,0.00464080816733,0.00469106556754,0.00464350508577,0.00464350508577,0.0558885043808,0.00588820534116,0.908552106926
C000081,2,0.63379669902,0.00725970677004,0.231415906314,0.00787160396308,0.00725646997953,0.0557223680572,0.0091514702823,0.0475257756139
C000084,3,0.00286560532516,0.00286560532516,0.00966787502584,0.0233662062577,0.00284544943671,0.00286560532516,0.00334998160879,0.952173671695
C000085,2,0.0111316504347,0.0111366157719,0.834914798567,0.0110533325039,0.0111316504347,0.0111316504347,0.0135667048525,0.0959335970004
C000086,4,0.0226917990962,0.0227194635977,0.0133436227386,0.102170049658,0.01582903782,0.212455079482,0.0631634595192,0.547627488088
C000087,2,0.00132732881287,0.530047829345,0.00384398668965,0.32330769522,0.0442265051485,0.0398111458421,0.0432390367372,0.0141964722048
C000088,4,0.0316202970844,0.00710517453906,0.896062995554,0.00399737243462,0.00429202169509,0.00429202169509,0.00495102692679,0.0476790900712
C000089,3,0.168729973809,0.614378950955,0.11502306763,0.00835039393378,0.020344979139,0.00841950084621,0.0090723580465,0.0556807756409
C000090,0,0.00388223697745,0.0724506862778,0.0128116174091,0.0171961665275,0.321927306494,0.149753405009,0.0144336903052,0.407544891
C000092,1,0.0229542835987,0.0229542835987,0.022570336632,0.0464850897663,0.0159940413568,0.0277957889852,0.0300116058657,0.811234570197
C000093,4,0.000863330160206,0.00124278908008,0.00644583553442,0.00154611679589,0.000505687267206,0.00198631767108,0.00135687448689,0.986053049004
C000094,0,0.830861620097,0.0114250130149,0.0104112957023,0.0114316524464,0.00626435369165,0.0113524713642,0.0125495057719,0.105704087912
C000095,2,0.0105781944892,0.00124169156484,0.0012467301157,0.951820473137,0.00418482137443,0.0251958262169,0.00094542164426,0.00478684145801
C000096,2,0.0420998503969,0.223540131504,0.0543355552776,0.0824255727143,0.169437889069,0.0560377353102,0.0637559318975,0.30836733383
C000100,4,0.131237926444,0.444466105707,0.253005948356,0.0204830077748,0.0219928253342,0.0219928253342,0.0241755825508,0.0826457784996
C000101,3,0.00964637183764,0.0829215192044,0.00969292267754,0.00952446809618,0.00952757906491,0.00964637183764,0.0152221840063,0.853818583275
C000102,4,0.00456585765137,0.0156433568953,0.00451832707558,0.00436150496605,0.00456585765137,0.909977378126,0.00539808134579,0.0509696362886
C000103,1,0.00468717081402,0.00455243493031,0.266990684815,0.574310370634,0.0951896020337,0.0365112779419,0.00569544499083,0.0120630138407
C000104,0,0.00989378895307,0.0108818270877,0.741948312413,0.010888150857,0.150476958607,0.0108127343262,0.0131197576559,0.0519784700999
C000105,2,0.00292298651764,0.226417117771,0.0175115507645,0.0029024215298,0.00292298651764,0.00292298651764,0.734314428576,0.0100855218052
C000106,4,0.0211416199277,0.00774478077095,0.00749886342366,0.00719018636957,0.00773535028863,0.00773535028863,0.888116203927,0.0528376450035
C000107,4,0.136771291893,0.0398916179945,0.0401242555756,0.0379665227565,0.05959304809,0.0506098925287,0.0402286172417,0.59481475392
C000108,1,0.00639319859171,0.0423753942622,0.484276486764,0.0119016354805,0.0144252073076,0.188156150674,0.208978392182,0.0434935347388
C000109,2,0.517874981291,0.00501147356152,0.00500030360917,0.00494294560895,0.00500923916134,0.429272837201,0.00609612213809,0.026792097429
C000110,2,0.00327593738018,0.0363181922938,0.677545167813,0.257035592952,0.00617742477229,0.00327593738018,0.00401769106188,0.0123540563465
C000111,0,0.00325662569837,0.00360488958231,0.0566772266036,0.00360698449614,0.00360698449614,0.00358200079956,0.908755926187,0.0169093621369
C000112,4,0.023445943662,0.00915917801256,0.368465816477,0.00420894210202,0.0109649057044,0.00865453571009,0.546581865295,0.0285188130362
C000113,3,0.0193332841507,0.0193332841507,0.0192670670791,0.698571133657,0.0503394428567,0.0193332841507,0.024592277683,0.149230226272
C000115,0,0.0904624812456,0.0196813003608,0.0196090512277,0.0196927377786,0.0556741125615,0.410802385084,0.0239816636354,0.360096268106
C000116,4,0.0508908241094,0.000549053971694,0.942884804132,0.000512944725365,0.00054838541258,0.000423778532939,0.00217824695793,0.00201196215774
C000117,4,0.00309416845187,0.934395781772,0.00304785411663,0.00288422978489,0.00309416845187,0.00309416845187,0.00343010739555,0.0469595215756
C000119,2,0.820019719585,0.00281973051378,0.00282016206863,0.0027986436435,0.00281847331741,0.00281847331741,0.150552010163,0.015352787391
C000120,4,0.00423609450447,0.92641742387,0.00412559103958,0.00397011290173,0.00492204908369,0.00423609450447,0.00935452603453,0.0427381080614
C000122,1,0.636229649197,0.0144348653763,0.014804412911,0.0655093333208,0.0144348653763,0.0144348653763,0.0184437386076,0.221708269834
C000123,3,0.00905445664659,0.00335799118568,0.0241493951429,0.267513553358,0.0126513716124,0.0705126960702,0.0849213793168,0.527839156667
C000125,0,0.00108477322024,0.0103554377883,0.00294690877639,0.00111803376826,0.00376483741572,0.0142711540218,0.00412156313009,0.962337291879
C000126,2,0.0136786923721,0.0298616362775,0.17058882271,0.00806373689318,0.0458143226443,0.138450097247,0.0320605656759,0.56148212618
C000127,3,0.0099902431363,0.00466364920434,0.0100384534082,0.00990824363654,0.00991997448329,0.00602799283346,0.022832975586,0.926618467712
C000128,4,0.000699227615325,0.00183871538844,0.951112881186,0.00175084148525,0.0293695368105,0.00183647646477,0.00207359821691,0.011318722833
C000129,4,0.0372341007787,0.00319012963945,0.00310312823705,0.00296750796415,0.00318624515749,0.934328223631,0.00461051164588,0.0113801529466
C000130,4,0.00879436286797,0.69026926539,0.00997929524804,0.00854007459733,0.00879436286797,0.00879436286797,0.00939840293241,0.255429873228
C000131,4,0.558226498853,0.0650259379322,0.0070815411598,0.0119725799878,0.245812786406,0.0394663199313,0.0129595654877,0.0594547702425
C000132,2,0.00774686373824,0.0114830409071,0.00778176860984,0.43212856189,0.15863645147,0.306220075282,0.0144508602001,0.0615523779022
C000134,3,0.0274935871275,0.00582459020013,0.619961324936,0.00379918331925,0.00584153351922,0.00582459020013,0.256448784812,0.0748064058854
C000135,3,0.0103740595411,0.00171840186311,0.00171447141207,0.00170429729216,0.00031566865897,0.000674974802417,0.00184029897776,0.981657827452
C000136,3,0.000658744610635,0.00158926817168,0.0147228014926,0.00193984110643,0.0034389991199,0.0022424683029,0.00110261192087,0.974305265275
C000137,4,0.224166133659,0.02586446609,0.0234836512869,0.0221967285036,0.0721362091086,0.017813958002,0.409805543977,0.204533309372
C000140,3,0.0165118238419,0.0157172379102,0.0267506040504,0.0163762954792,0.0165598555644,0.654432123093,0.0433850079115,0.210267052149
C000142,1,0.105681073653,0.0114058613507,0.00614063759095,0.729872569035,0.00619227748351,0.00619227748351,0.116352883185,0.0181624202186
C000143,2,0.0331856662807,0.0514888530404,0.0358527192308,0.203662920738,0.0502885089968,0.0625962404776,0.0630128088764,0.49991228236
C000144,2,0.0096891443925,0.00969346629154,0.00974427460758,0.00962097536902,0.0096891443925,0.815893689111,0.0110545825282,0.124614723307
C000147,2,0.0098612202819,0.0249343974402,0.0227572234537,0.0258339647844,0.715411887694,0.0312431882106,0.0308743821308,0.139083736004
C000148,0,0.0391364281442,0.0392172761362,0.00533097371985,0.0133529543556,0.00535372498908,0.00531664253395,0.863742268238,0.0285497318833
C000149,0,0.00728940168376,0.00823406630645,0.00834940060503,0.00823885137933,0.00823885137933,0.00818178516147,0.815210208051,0.136257435434
C000150,2,0.0216558535127,0.0210761408825,0.0216172234927,0.0215034914128,0.0282448565571,0.66848783512,0.0276800624118,0.18973453661
C000152,0,0.789336903164,0.0141840162389,0.0141353198795,0.0135327217157,0.0158349516602,0.0119282641662,0.0139474199256,0.12710040325
C000153,2,0.00859175157153,0.00859558397214,0.00858653627843,0.693896501265,0.00859175157153,0.00859175157153,0.00668573192142,0.256460391849
C000154,4,0.00292592595469,0.0160312930781,0.00486595289844,0.00322476500539,0.00945342793588,0.000996249722477,0.0012870581687,0.961215327236
C000155,1,0.00205756187242,0.00205756187242,0.00136671768479,0.00201896079498,0.0163185784938,0.000983245209713,0.00309095125641,0.972106422816
C000156,1,0.165789787083,0.056918057462,0.140904587384,0.0284466706421,0.116063712879,0.0220303101212,0.0373965432775,0.432450331151
C000157,0,0.0291789129347,0.0323513655242,0.0276953694414,0.0311433164864,0.0323701659123,0.0321459546897,0.034949736362,0.780165178649
C000159,4,0.092311836035,0.011952446626,0.681331344161,0.0503749458272,0.0176608342362,0.0119378926521,0.0127274677626,0.1217032327
C000160,4,0.0671839933447,0.0273563206292,0.0292949711394,0.0270064444598,0.0278350613156,0.0278350613156,0.030845480814,0.762642666982
C000162,1,0.053534876465,0.00738354534971,0.00906374135962,0.00451257250516,0.00738354534971,0.134650493392,0.079789639355,0.703681586224
C000164,2,0.707201133548,0.00392101309591,0.0486681189734,0.00389169047302,0.215687492091,0.00391926488508,0.00468849647079,0.0120227904625
C000168,0,0.00157212488901,0.00958610756769,0.00273319134022,0.003123075296,0.00270483532167,0.0144680961384,0.00323744646553,0.962575122982
C000169,0,0.00770408430485,0.00388507238491,0.00855383830997,0.111703087276,0.0398946978573,0.00977226988857,0.0449088668284,0.77357808315
C000170,2,0.0041334093982,0.0110938612602,0.0496774331732,0.0492069806402,0.00839374495431,0.0374874518519,0.0282174028987,0.811789715823
C000171,3,0.00360292570146,0.00360292570146,0.00362031246825,0.00280607287647,0.0416426234729,0.00360292570146,0.905301689976,0.0358205241024
C000172,4,0.016540130567,0.0162556536128,0.0171327300035,0.0156905657931,0.016540130567,0.0143589819032,0.0173527481746,0.886129059379
C000173,3,0.012601132742,0.00890493140483,0.0715618327727,0.804430240966,0.00893083521765,0.00890493140483,0.0108627175556,0.0738033779368
C000174,1,0.0202961503746,0.0202961503746,0.0208168630819,0.0202665481865,0.0131542792054,0.0129496376078,0.0424221540441,0.849798217125
C000175,2,0.0108195755467,0.00811829115681,0.750899902228,0.00800727992139,0.177526980663,0.0081146715605,0.00976199554635,0.0267513033772
C000176,0,0.00809345877888,0.0121905854669,0.220520011577,0.0998717922172,0.0137259213318,0.523480395663,0.0151062028962,0.107011632069
C000177,1,0.0520824242629,0.0128326403732,0.0303802547671,0.561688392512,0.00837763330554,0.0128326403732,0.0752330664204,0.246572947985
C000179,4,0.00908148825393,0.0955935874545,0.0109626310305,0.00504031998007,0.696595137331,0.0112562637977,0.0122435677626,0.159227004389
C000180,1,0.00929495123141,0.130387092789,0.0142154637088,0.00499959462728,0.0463803311577,0.604894262748,0.00907473128749,0.180753572449
C000181,4,0.0100651204667,0.0157406332188,0.00996034256784,0.00941463856463,0.825146389414,0.0111151759508,0.0098328389436,0.108724860874
C000183,4,0.0132972825394,0.0503774679608,0.0129504074183,0.400352079746,0.363006473041,0.0132972825394,0.0163529247736,0.130366081981
C000184,0,0.00564751356876,0.00439655951344,0.00206159562319,0.00199412591553,0.00224020487338,0.0117583738106,0.00465073236694,0.967250894328
C000185,2,0.298941717904,0.639162724831,0.00386940088481,0.00382501536062,0.00387631551164,0.00387631551164,0.00478828351182,0.0416602264843
C000186,0,0.0166513113987,0.0193395636006,0.0811106224315,0.0193508024245,0.00787328732274,0.0198511894316,0.756349821622,0.0794734017686
C000187,2,0.00774626980474,0.0077497250733,0.442195936839,0.0076437536887,0.484948698226,0.00774626980474,0.0100489487611,0.0319203978024
C000189,0,0.010082877992,0.00685211175731,0.00755897584072,0.00758942449992,0.015607868375,0.844062907342,0.00832235567018,0.099923478523
C000190,2,0.219421364484,0.0352486148627,0.0354761356448,0.0349850141514,0.0352328990238,0.0245996418663,0.0436740711462,0.571362258821
C000191,4,0.00357719950615,0.00331060022398,0.00453112496589,0.536747806433,0.0127693224726,0.00465249060873,0.381682279087,0.0527291767023
C000192,2,0.00105038137663,0.929630775273,0.0204834908387,0.00103648036081,0.00106917796622,0.0406339500011,0.00126279132083,0.00483295286301
C000193,2,0.0292565503283,0.019776498611,0.0417029592368,0.0196286034633,0.023822866987,0.0197676811222,0.0223980294646,0.823646810787
C000196,1,0.856434470573,0.00613882982033,0.00629396107445,0.0060236617428,0.00446442352688,0.00613882982033,0.00866285978705,0.105842963655
C000197,2,0.00837938560163,0.00838312327517,0.00841714041292,0.0083204315278,0.849879074932,0.00851909410302,0.00986342407886,0.0982383260684
C000198,2,0.00505151961484,0.011014983813,0.0065536151291,0.0104887663972,0.011317957933,0.00509520393165,0.161947220943,0.788530732239
C000200,3,0.570291739995,0.00955977573786,0.012286137649,0.29338817245,0.00749049582218,0.0123283626567,0.010577655235,0.0840776604539
C000201,0,0.00711259533221,0.833135343017,0.00774400200321,0.0338087627744,0.00777519597484,0.00772134125566,0.0102688238442,0.0924339357981
C000202,4,0.164540961968,0.608080082375,0.0146877320163,0.00502999274452,0.00537752804557,0.0823299269102,0.0936281595649,0.0263256163759
C000203,4,0.0072071812918,0.108605564534,0.0272453311166,0.00671240498624,0.0072071812918,0.800780118775,0.00809507795612,0.0341471400488
C000204,0,0.0066710979648,0.0599515065423,0.00539774494869,0.00541948785406,0.00829202131679,0.00490575370214,0.879206865703,0.0301555219687
C000205,4,0.00117757656336,0.00177990136195,0.00209755572511,0.00117421386608,0.00177773405356,0.00242416405515,0.00188159957247,0.987687254802
C000206,1,0.00313973375989,0.00313973375989,0.00313610765728,0.0192551169559,0.826089896978,0.0994856582597,0.00406507557002,0.0416886770598
C000207,4,0.964714000731,0.00775347050021,0.000939083918114,0.0182585666618,0.000964237169074,0.000964237169074,0.00151692237795,0.00488948147307
C000209,4,0.00816141305261,0.864530948959,0.011257518144,0.0143123222669,0.00824071356241,0.0121372618845,0.0140030727578,0.067356749373
C000210,1,0.41901779545,0.0815265873496,0.103547815684,0.326532889077,0.0124089677098,0.0124089677098,0.0140641913769,0.030492785642
C000212,2,0.647584657287,0.0348089023927,0.189147824928,0.0846492504088,0.00447429694363,0.00447429694363,0.00556052737215,0.0293002437233
C000214,0,0.000225474365086,0.00110860151825,0.00110479548355,0.000653510590506,0.000271748037346,0.00226648897288,0.00117261715848,0.993196763874
C000215,0,0.0134928726527,0.301085955461,0.538850594997,0.0229103024362,0.0268156014099,0.00920451151802,0.00940276266272,0.0782373988625
C000216,3,0.0348930144131,0.0254507133229,0.025363543875,0.0252418149275,0.0212017042847,0.283474109852,0.0247932236853,0.559581875639
C000218,4,0.00502120768672,0.00165034819226,0.403124619886,0.003315866192,0.0456011559279,0.00619058179705,0.509945606153,0.0251506141657
C000219,0,0.120724415925,0.589013535328,0.00364690861193,0.110116877612,0.157142387441,0.00363623691074,0.00445635174189,0.011263286429
C000220,4,0.0691316415197,0.0213715406658,0.0209704116371,0.0146086547457,0.021264173363,0.0130686689394,0.0246745311959,0.814910377933
C000222,1,0.00142086206498,0.00142086206498,0.00141967865451,0.000321747522267,0.00224952344121,0.0010834495668,0.00181192005557,0.99027195663
C000223,0,0.925396146516,0.00344483398021,0.0039856776808,0.00657468744847,0.00400173257289,0.00397401466267,0.00939895900981,0.0432239481291
C000224,4,0.00941236243696,0.00891730459912,0.0101580366869,0.0339276645245,0.0396652001551,0.011483214787,0.82198069228,0.0644555245303
C000226,0,0.00107598535249,0.00120142010263,0.975916954249,0.00120211828535,0.00120211828535,0.00119379184021,0.0014291922506,0.0167784196347
C000227,1,0.00166111555839,0.00511863972455,0.00859587414112,0.840643624417,0.00285615535161,0.0512359979836,0.00842843115232,0.0814601616712
C000228,0,0.00458684290617,0.0585459232383,0.416561997028,0.00465248386898,0.473914819724,0.00508613920838,0.00552003588922,0.0311317581367
C000229,2,0.232369902897,0.0170095874006,0.00954492924814,0.0110248268286,0.583880993278,0.0119068605622,0.0190561242515,0.115206775534
C000230,4,0.0198660014607,0.0732684280617,0.306865110504,0.0186186282251,0.0198660014607,0.0198660014607,0.0227808087778,0.518869020049
C000232,4,0.0383341605303,0.105030519845,0.0418453005763,0.0401893360561,0.0789523426543,0.179577132031,0.0812437179585,0.434827490348
C000233,2,0.00641594815635,0.00641881002723,0.178505951947,0.00633103785729,0.760916208193,0.00641594815635,0.00970740249327,0.02528869317
C000234,1,0.0648968972249,0.0035254908347,0.00937915974539,0.00755127097793,0.889406678621,0.0035254908347,0.00336667394813,0.0183483378133
C000235,3,0.0114441512999,0.0114441512999,0.0114049547423,0.748770426388,0.011303219301,0.0114441512999,0.0127107099023,0.181478235767
C000236,1,0.0123645486397,0.0123645486397,0.0123502687276,0.75211793137,0.00502092400255,0.0123645486397,0.10288231618,0.0905349138012
C000237,4,0.959820705776,0.00148260024319,0.00146381354922,0.00138509511592,0.0209505290707,0.0052328423429,0.00148063588903,0.00818377801259
C000238,3,0.00967477752306,0.664636800372,0.00972146544129,0.132249134917,0.115011168651,0.00967477752306,0.0112225435269,0.0478093320454
C000239,4,0.00923433375527,0.0102785525906,0.00896159854372,0.00997803426418,0.00801876004032,0.706880557867,0.198979796105,0.047668366834
C000240,2,0.016298517683,0.691881837798,0.0163719535515,0.0161838476988,0.0144894707786,0.016298517683,0.0195742037551,0.208901651052
C000241,0,0.0221590705981,0.606638372883,0.0240110432775,0.0359025563209,0.0147356303805,0.018666340453,0.0260179416146,0.251869044472
C000242,0,0.00937058716034,0.0138050040953,0.0102542836975,0.568846262564,0.0102955894506,0.192660081564,0.0867301182638,0.108038073205
C000245,2,0.00180691502611,0.00109217599672,0.00109922571308,0.00107724135045,0.000416116375239,0.000832220661678,0.000595068393408,0.993081036483
C000246,3,0.703940906566,0.0126211232161,0.0107168252254,0.0106653912515,0.145411253903,0.010753656819,0.0194974297689,0.0863934132498
C000248,1,0.0593156172103,0.020037139853,0.624225395666,0.0463857002787,0.020037139853,0.020037139853,0.0260764621716,0.183885405115
C000249,2,0.023321955068,0.0292908843394,0.0299122734408,0.0385984570479,0.0388719448206,0.0388719448206,0.0468763087937,0.754256231669
C000250,2,0.515435225321,0.011381725978,0.0114279108816,0.0112260898426,0.0113766513567,0.35680087625,0.0142245874444,0.0681269329253
C000252,2,0.0479854600265,0.0167101316547,0.00340621355544,0.00199667446126,0.00482998652286,0.068252434816,0.00251622643077,0.854302872533
C000253,4,0.397139983141,0.188900836708,0.021651962379,0.0178488214601,0.0222319076139,0.0132652075115,0.0237453072676,0.315215973919
C000254,2,0.0145799421047,0.0145864455725,0.0184938861426,0.0144773633449,0.0156869513579,0.0145799421047,0.260258247465,0.647337221908
C000257,0,0.605053289565,0.0119165059153,0.0118727609794,0.0119234309687,0.264978202121,0.0118408435936,0.0145871466653,0.0678278201919
C000258,2,0.0690170614703,0.750374018838,0.00920736442759,0.00902321840917,0.0305256024646,0.00914423556163,0.0115407799491,0.11116771888
C000259,4,0.0129608297368,0.0147431330903,0.176162663809,0.0140661306253,0.372709324997,0.0147251810191,0.0163120622785,0.378320674444
C000260,3,0.0836080088477,0.316111308127,0.0144203914637,0.0252910090697,0.0908074288662,0.0214406132092,0.0380929736994,0.410228266717
C000261,3,0.0159262401243,0.0159262401243,0.0158716922796,0.0157955182084,0.0174985794408,0.264684757654,0.0215345481412,0.632762424027
C000262,3,0.00302100369914,0.00302100369914,0.00301065667188,0.0289278353767,0.00298380075778,0.00302100369914,0.915124433653,0.0408902624435
C000263,1,0.977037860378,0.0120848489705,0.00135447928857,0.00110190195586,0.00177788692997,0.00135215891446,0.00144786772308,0.00384299583918
C000264,3,0.00709861678885,0.0444867617745,0.00707430381583,0.0199807634809,0.541847557376,0.00709861678885,0.0075666560116,0.364846723964
C000265,2,0.30106910561,0.00333167729308,0.00482509309654,0.00476965510323,0.00232699837838,0.655110712963,0.00575376496742,0.0228129925886
C000266,1,0.0118317984115,0.0187865520923,0.0813795174931,0.0104054508879,0.0204772547975,0.0205933277707,0.0355791036487,0.800946994898
C000270,3,0.0263663788169,0.0263663788169,0.0262760731875,0.0261499646772,0.494218171308,0.0263663788169,0.0322749723116,0.341981682065
C000271,1,0.00435037643266,0.906932418244,0.051148352959,0.00434403135444,0.00435037643266,0.00523569824261,0.00518310155018,0.0184556447846
C000272,2,0.00278774588686,0.950889779964,0.00217342445012,0.00723547199814,0.00158012137852,0.00278774588686,0.00343589848726,0.0291098119486
C000274,0,0.0100923266474,0.0115736463699,0.0110039053255,0.116912687506,0.011580372177,0.69691001728,0.0139233656759,0.128003679017
C000275,1,0.02661337126,0.0307271743569,0.0512020010219,0.0860848841142,0.02661337126,0.02661337126,0.0355361606724,0.716609666055
C000276,4,0.147558378962,0.00462860619869,0.00456995504941,0.719581584415,0.00462297014646,0.0750413397837,0.00520808912545,0.0387890763187
C000280,1,0.0173387966656,0.0187640460578,0.0656367005612,0.0538402191846,0.0989217547331,0.363526073244,0.159125767194,0.222846642359
C000281,2,0.00222696819419,0.242555065771,0.737798264939,0.00221130011856,0.00222696819419,0.0019257861997,0.0026363055414,0.00841934104203
C000283,0,0.00324491614785,0.00363979074624,0.00362729466928,0.00284210099762,0.00364190594223,0.00361668036303,0.955619584437,0.0237677266969
C000284,3,0.00381425609733,0.00552830437017,0.00555498250533,0.425604998956,0.00548941978086,0.489505667079,0.0102958316612,0.0542065395498
C000285,4,0.0113776822579,0.00381606507938,0.00485091767318,0.0488875303375,0.0029589940745,0.00215369279134,0.010045605412,0.915909512374
C000286,1,0.00385801110572,0.00385801110572,0.00651679748523,0.202541677169,0.761053990858,0.0043114379029,0.00488118735663,0.012978887017
C000289,4,0.0170864490467,0.0280515783242,0.298219103069,0.0159821973974,0.0170864490467,0.385434861248,0.144019922187,0.0941194396811
C000290,1,0.00942795847647,0.00942795847647,0.00927324956266,0.647467540461,0.00942795847647,0.00942795847647,0.0109859194268,0.294561456644
C000292,4,0.307874983412,0.00832320438703,0.00607351928978,0.00581307309673,0.00623619778098,0.0179024742634,0.0066931822528,0.641083365518
C000294,4,0.0141892167828,0.0226801610825,0.0165196842424,0.0870864434245,0.0245703210999,0.0126927411967,0.0310390185346,0.791222413637
C000295,3,0.0298284817544,0.141044218379,0.0211337199966,0.0295836508179,0.0296186763266,0.0283873404189,0.0412661677673,0.67913774454
C000296,3,0.0184186541614,0.0124778358491,0.0183555697247,0.0181858927779,0.48441345627,0.0184186541614,0.0559400607801,0.373789876276
C000297,1,0.015453876781,0.0183841389809,0.0223360638817,0.0183573254852,0.431494733075,0.0183841389809,0.0221491375911,0.453440585224
C000298,1,0.0237598055193,0.0321268468098,0.0363716167145,0.0393340306159,0.0220171351712,0.104293516039,0.0310468609688,0.711050188161
C000299,0,0.00558768826092,0.00380332264516,0.250537186025,0.00380553287464,0.0105660107983,0.00534037403341,0.694666948641,0.0256929367222
C000302,2,0.0219875845346,0.0213989916881,0.0221393797577,0.0218328885052,0.0219875845346,0.0194968896755,0.025311449573,0.845845231731
C000303,4,0.00285124072272,0.0144808537778,0.00872688092154,0.126019558756,0.0068423493236,0.0705800722875,0.0128960665175,0.757602977694
C000305,0,0.0180621475024,0.00641390130177,0.466339331258,0.00444015252476,0.00742836473556,0.453385900408,0.00869154844043,0.0352386538293
C000306,2,0.0931891763291,0.00687797081613,0.00692236635636,0.828777344602,0.00687490422523,0.00687490422523,0.00875942731221,0.0417239061336
C000310,1,0.000146629856908,0.00254075774158,0.00153436549113,0.007775952679,0.00143878991046,0.00167958912603,0.00319093704549,0.981692978149
C000311,0,0.315027112683,0.0276425617264,0.0281625942571,0.0276586256816,0.0276586256816,0.027467048836,0.0316161648898,0.514767266244
C000312,4,0.295537808162,0.0160449278763,0.0156240499658,0.0152548192854,0.014010737269,0.0160253906663,0.0254302578802,0.602072008895
C000313,0,0.342609755475,0.0112309214766,0.0111923636393,0.00901236099699,0.00939658600808,0.0111596121851,0.527807638465,0.0775907617533
C000316,2,0.015989250783,0.0405545355286,0.00708538454925,0.779819059973,0.00930293106434,0.00756514736739,0.0182152320916,0.121468458642
C000318,0,0.0193821454926,0.107645975838,0.090884978686,0.0334858031772,0.647953769857,0.0158550183309,0.0190463691637,0.0657459394539
C000319,2,0.668490091505,0.107716542874,0.00822851502695,0.0120528947521,0.00824321939914,0.00824321939914,0.0103722981937,0.17665321885
C000320,4,0.00284517918836,0.00294898632491,0.0196577608106,0.652291709439,0.00219259822224,0.299550959125,0.00401302534483,0.0164997815456
C000322,0,0.00269192017947,0.0022297064458,0.00385081215515,0.00389418719934,0.954822959248,0.00386721419972,0.00425387416061,0.0243893264119
C000323,1,0.0153811108453,0.000932741348242,0.976032843212,0.000931380933366,0.000932741348242,0.000932741348242,0.00130415995955,0.00355228100513
C000324,3,0.00165479837905,0.0141095371883,0.00547486124184,0.0144346949195,0.00472780551316,0.00197055735203,0.00553803030825,0.952089715098
C000325,3,0.0146191396034,0.0146191396034,0.00959781432408,0.0144991463142,0.639215030802,0.198777640775,0.0185211719322,0.0901509166465
C000326,0,0.0210755165631,0.0133921328026,0.0133461551259,0.0133999153888,0.756147409852,0.0133071011778,0.0173085981774,0.152023170913
C000328,1,0.00886554137686,0.012714469743,0.653322637273,0.203224033705,0.0131671193619,0.0169684270317,0.0466604189166,0.0450773525927
C000330,3,0.0117485953554,0.535139954307,0.411324069999,0.0023472638415,0.00236058516246,0.00237730648972,0.0275366337447,0.00716559110027
C000331,1,0.0285965450376,0.731652899661,0.034765148371,0.104049094355,0.0121923836447,0.00828630498187,0.0107089181158,0.0697487058337
C000332,4,0.00510003942813,0.00510625709506,0.00496699895244,0.0589768831881,0.0025770151028,0.0245024305824,0.00338508765934,0.895385287992
C000333,3,0.136550389009,0.0225040082037,0.0300618684263,0.0162368401464,0.125857557943,0.279823547397,0.0773599279924,0.311605860882
C000335,2,0.00984719732207,0.00553830100186,0.00566578209268,0.00361989456581,0.00637570318047,0.00234176801605,0.148514902684,0.818096451137
C000336,2,0.00207424705722,0.00207517228715,0.00689304002079,0.0187620237902,0.00207424705722,0.00207424705722,0.952151164808,0.0138958579221
C000337,1,0.114613069875,0.00419498261549,0.63332680493,0.00499452823904,0.143114684354,0.0160162279598,0.0308114985293,0.0529282034977
C000338,2,0.475640210484,0.011481616934,0.0127555270866,0.11858528027,0.0180902938627,0.0445358582023,0.0211203296643,0.297790883496
C000339,4,0.0167118112172,0.0167321852707,0.0162758641338,0.0156317714121,0.0167118112172,0.39938711244,0.0195060774228,0.499043366886
C000340,3,0.0402380927705,0.0306953985391,0.0189288153116,0.0297157362786,0.0864945789687,0.0196400233357,0.0358505035156,0.73843685128
C000341,2,0.00315908114488,0.818103330539,0.00754506098879,0.00435156734497,0.00740062356155,0.00511271224428,0.00889189988224,0.145435724294
C000342,4,0.0166083114435,0.0166285593161,0.0138598589958,0.036443377608,0.0137177495311,0.650821988096,0.0171778794315,0.234742275578
C000343,2,0.892590932379,0.0851262125065,0.00194303072558,0.00178496576609,0.00135716441249,0.00194650292522,0.00237139265047,0.012879798635
C000346,2,0.0137323361527,0.0119450996939,0.0198390422758,0.0202318301062,0.172888282707,0.561566395412,0.0656113374559,0.134185676196
C000348,2,0.551740994132,0.0124383082521,0.347539829343,0.0126084629616,0.0100245136003,0.0127775645189,0.0160773340071,0.0367929931851
C000350,3,0.106232439668,0.00868525311922,0.00865550586971,0.0086139649232,0.71937286609,0.113067595309,0.00925774800346,0.0261146270171
C000351,2,0.030095254704,0.0424084450086,0.0277825205502,0.0418285429354,0.0423895369098,0.521797744244,0.0485477262642,0.245150229384
C000352,0,0.0171475129927,0.155237510583,0.0203790352474,0.0185176064186,0.134173758658,0.0183893446363,0.575247574517,0.0609076569465
C000353,1,0.00325043716595,0.00325043716595,0.00319486795538,0.958045286996,0.00423490852041,0.00323492668607,0.00479593236169,0.0199932031489
C000356,0,0.00279598393134,0.00497449541473,0.190588264004,0.765067052029,0.00482290014397,0.00478949443513,0.00571055740527,0.0212512526373
C000358,2,0.193821181574,0.0593501829459,0.0595910148271,0.0589063427979,0.0448520524611,0.0319355693107,0.0685203793711,0.483023276712
C000359,2,0.0353972978827,0.0269397596672,0.119022558468,0.0267382953022,0.0269277483888,0.0269277483888,0.0325140025391,0.705532589363
C000361,3,0.0827969592916,0.00176533611156,0.0100922971512,0.00175084630625,0.00172783022133,0.891261519133,0.0017876210532,0.00881759073138
C000363,0,0.00501231608652,0.00371375003248,0.00436614973374,0.438686878626,0.00438373722285,0.512880192864,0.00470054596128,0.0262564294734
C000364,4,0.0138174531363,0.0138342985592,0.769178446466,0.0752088302232,0.0138174531363,0.0138174531363,0.0153684190881,0.0849576462549
C000365,3,0.0223348116717,0.0223348116717,0.0228322739354,0.0221514884673,0.0222806501015,0.0223348116717,0.0239557595908,0.84177539289
C000366,0,0.0122268514344,0.00815750366567,0.00683615912739,0.0283709387338,0.0962747696681,0.7511805907,0.00869405459975,0.0882591320713
C000367,4,0.0320763981728,0.459707881264,0.00459966191321,0.00428516984169,0.00308123614905,0.00407211265107,0.428856994855,0.0633205451527
C000368,3,0.0243134326874,0.0203422938533,0.0144843574038,0.765674040271,0.0201992116912,0.0203422938533,0.0110286851271,0.123615685113
C000369,3,0.0192025581906,0.0133883485736,0.112936494679,0.0308920658496,0.0310721923325,0.0311477250803,0.0287835821578,0.732577033137
C000371,4,0.00171059380089,0.00224189099527,0.952593545308,0.00158282852367,0.00223916114223,0.00223916114223,0.00258362090156,0.0348091981857
C000372,2,0.0323698347057,0.0189924182665,0.0323501858397,0.0321420932321,0.0323698347057,0.0323698347057,0.515565816099,0.303839982446
C000374,4,0.00700846595283,0.0226174909225,0.0214556503122,0.00778154290705,0.891275877262,0.00831918997619,0.008630583289,0.032911199378
C000375,3,0.00658163310369,0.00658163310369,0.00548636538176,0.00365869734097,0.00446641368456,0.919330124971,0.00903313440019,0.044861998014
C000376,1,0.0278584405368,0.0141343228519,0.027950786345,0.149506826702,0.0278584405368,0.0664701395272,0.0356206109866,0.650600432514
C000380,4,0.00287955036803,0.00550331331427,0.020635105363,0.0330663916636,0.002546696619,0.0104053658523,0.136738526266,0.788225050554
C000381,0,0.00676153586514,0.0141751060875,0.0144452252175,0.282852116854,0.014183343684,0.025213602821,0.0155792320999,0.626789837371
C000382,1,0.0122589117873,0.0171936495409,0.0123309468268,0.479439680835,0.0842113584185,0.322167446874,0.0115777459172,0.0608202598004
C000383,0,0.00411020300124,0.756812553202,0.0051131512493,0.00481481493988,0.00273917458802,0.185771304483,0.00580080804267,0.0348379904942
C000384,4,0.00189003053614,0.00236324329988,0.927307891954,0.0379595434639,0.00300688472337,0.00204346917765,0.00230937754365,0.0231195593009
C000386,3,0.0298675857361,0.0191032856283,0.0297652883691,0.39782500413,0.0179965925756,0.0369306679071,0.274985467243,0.193526108411
C000387,2,0.0048562423715,0.00771028330739,0.0492378277533,0.00778134311528,0.00421084520782,0.00783647750043,0.0502263631807,0.868140617564
C000388,2,0.0121392162262,0.212070438996,0.00748429565928,0.0120538094573,0.00889480797059,0.0121392162262,0.0143095063061,0.720908709158
C000389,1,0.0513092444072,0.081855567508,0.0504510155423,0.0512344092351,0.0513092444072,0.0513092444072,0.125269070935,0.537262203558
C000390,4,0.00951802810044,0.00952963191829,0.00927965811964,0.00892039734257,0.0960873541785,0.00887280362097,0.796844152482,0.0609479742377
C000392,2,0.00705274165575,0.00841212231346,0.00839337273726,0.00834921370177,0.0084083717105,0.0084083717105,0.856808029362,0.0941677768087
C000393,4,0.747310315713,0.0195671555526,0.014687348478,0.0156906554989,0.00987185482444,0.0227905595455,0.0308443170088,0.139237793379
C000394,3,0.00565249301849,0.00565249301849,0.00567977045523,0.00560609759111,0.0660782252091,0.00495800349129,0.00732882682912,0.899044090387
C000395,2,0.00595525192133,0.405001445399,0.00833270980121,0.0986517675336,0.00663904016928,0.146128637364,0.0247611192118,0.3045300286
C000396,1,0.00154310242009,0.0509148939335,0.0337906185078,0.0349443486988,0.0268719867899,0.0783536383731,0.00644046333211,0.767140947945
C000397,3,0.556480679601,0.023572628384,0.0236863836558,0.0197130215179,0.0356010651622,0.0143055295229,0.0297513996835,0.296889292473
C000398,1,0.00485804857573,0.00759324358128,0.00764039119657,0.0439059774927,0.00759324358128,0.825269257761,0.00923318457393,0.0939066532379
C000400,3,0.00768351024377,0.00349858782549,0.0050217930996,0.00876659517088,0.00505371024644,0.00834923948806,0.00552484107769,0.956101722848
C000401,0,0.0290268973558,0.0036713047275,0.00368538909132,0.0132689839517,0.00367343823724,0.00239369694551,0.00470149654508,0.939578793146
C000402,4,0.0132049407624,0.00843878358673,0.00959844094297,0.00918710105043,0.00551653620927,0.869564294419,0.0117402164411,0.072749686588
C000403,1,0.0210206102628,0.0210206102628,0.530128056136,0.0209899514408,0.0210206102628,0.113474628165,0.0260581778433,0.246287355626
C000405,2,0.0125093713889,0.0453559872704,0.0141082368671,0.013826074076,0.0140115059295,0.0140115059295,0.328822043293,0.557355275246
C000406,4,0.0226452395719,0.0226728473108,0.0221448177982,0.053318412442,0.0167628356259,0.0226452395719,0.6661563009,0.173654306779
C000407,0,0.0019132445829,0.559380172881,0.0018637903157,0.00209337670499,0.00182873805174,0.0021734577844,0.416609942235,0.0141372774446
C000408,3,0.0247398417469,0.0247398417469,0.10343754417,0.0244271978511,0.0246798480163,0.0247398417469,0.0360394013814,0.73719648334
C000410,4,0.00565187585351,0.241048214455,0.0709696446637,0.594367278806,0.0464390276288,0.00624362213786,0.00639096156254,0.0288893748932
C000411,2,0.116421144748,0.0110216839906,0.0110664079115,0.0109392602202,0.568849157816,0.195282843289,0.0106435202479,0.0757759817768
C000412,3,0.0804417949859,0.344082295776,0.00651176406037,0.00369683315525,0.0126094068885,0.00875906732058,0.0112935709077,0.532605266906
C000414,0,0.0236733318094,0.0260962587282,0.0265935459203,0.430259940747,0.0180686506979,0.0259305638898,0.053316202629,0.396061505578
C000416,2,0.00102447326534,0.0126772547948,0.0290058069114,0.00945101613988,0.00436967008457,0.00292444665349,0.0130336942704,0.92751363788
C000417,1,0.0104498138703,0.0104498138703,0.0120893508272,0.142504006543,0.0104498138703,0.0104498138703,0.747252350569,0.0563550365801
C000418,1,0.030036733095,0.0741882148537,0.0295343208758,0.0299929241456,0.030036733095,0.234554176164,0.038965487864,0.532691409907
C000419,3,0.285385108909,0.0533141326936,0.0305795485717,0.0156106555526,0.0455061150912,0.0381052002804,0.0255411287847,0.505958110116
C000420,1,0.0154409147872,0.513639835066,0.0154280543268,0.0339325060347,0.0105708659611,0.0354113314161,0.183776060035,0.191800432373
C000422,1,0.0119083272514,0.0119083272514,0.0174419816192,0.0118909588078,0.00844458619372,0.0145079234136,0.078068944588,0.845828950875
C000423,2,0.0249967478428,0.0160088908283,0.0247786565378,0.246211441052,0.0246384662497,0.0117747485583,0.0303543766311,0.6212366723
C000424,2,0.00548487797852,0.594647434419,0.00548816436563,0.00544628852619,0.00548487797852,0.344005243865,0.0067832444121,0.0326598684551
C000425,2,0.020974311985,0.0166991925958,0.0209368977085,0.0208267449441,0.00690839773582,0.020974311985,0.71743177057,0.175248372475
C000426,4,0.00452836935129,0.952122231121,0.00329116452848,0.00316374751475,0.00337570587853,0.00337570587853,0.00386223763174,0.0262808380953
C000427,0,0.00388848930454,0.00420416790576,0.00421682279125,0.00423481914157,0.00423481914157,0.0765191685405,0.557490515786,0.345211197389
C000428,0,0.0233288182598,0.0262010289614,0.0261110759676,0.0262162551969,0.0262162551969,0.0458977569376,0.0277575239653,0.798271285514
C000431,0,0.00287341354021,0.87748012659,0.00317134385842,0.00318487836482,0.00318487836482,0.00316281837682,0.00373819050883,0.103204350396
C000432,3,0.0296228134233,0.0462053493037,0.00978044660227,0.0150190855388,0.06208190786,0.638113303179,0.122483955219,0.0766931388736
C000433,1,0.0227137080496,0.0227137080496,0.592363122301,0.0226805798234,0.010616566223,0.0225614841022,0.0291120916962,0.277238739755
C000434,3,0.0208201860259,0.0208201860259,0.0201323602701,0.0205570758517,0.0208807504679,0.0251585703496,0.0251362902331,0.846494580776
C000436,4,0.773223112448,0.00138186381987,0.0312962249213,0.0147852525306,0.00244579247156,0.163094313548,0.00327445066261,0.0104989895982
C000437,2,0.0342275986069,0.0333113488177,0.0344223500521,0.0339867866344,0.0342275986069,0.0342275986069,0.0401722445118,0.755424474163
C000438,4,0.264560538376,0.252772577843,0.0194010123425,0.0184788885255,0.0197168997632,0.0197168997632,0.311805232902,0.0935479504843
C000439,3,0.0221207246654,0.00833829922436,0.00830974030223,0.00209516061867,0.00354589267755,0.0486068207457,0.0107536973658,0.8962296644
C000440,1,0.0425670485188,0.12045920446,0.0232595294902,0.491570696444,0.0397228041321,0.0232864231589,0.0303006495885,0.228833644208
C000443,2,0.0919140962525,0.00205275411855,0.882409110646,0.0020374029495,0.00100534381001,0.00205183888392,0.00257720013078,0.0159522532088
C000445,3,0.0533871206304,0.0533871206304,0.053204268159,0.0527124535266,0.0527296709494,0.0518024658609,0.0651550920535,0.61762180819
C000446,4,0.00560486756134,0.00559585378522,0.775888393803,0.00524263991347,0.158939860266,0.00440468865981,0.00401299154028,0.0403107044717
C000447,3,0.00153537760449,0.11712231843,0.839890493915,0.00152277528903,0.00153165433773,0.00153537760449,0.0325087349699,0.0043532678497
C000448,3,0.116864065998,0.0187267463284,0.00379603553206,0.00374679677988,0.813232915902,0.00377780484477,0.00460550805239,0.0352501265625
C000450,4,0.0353155123523,0.258245477774,0.0249519895726,0.0258231848719,0.105883421765,0.410559856828,0.0278393769965,0.111381179839
C000452,2,0.000327755196395,0.966755613151,0.000327170542006,0.000325449239256,0.0172712099488,0.013615830357,0.000422064051674,0.000954907514174
C000453,0,0.00217641689425,0.00233691256994,0.0281193718512,0.00388172373303,0.0210616627761,0.00304227502089,0.920057873172,0.0193237639829
C000454,0,0.00111742436043,0.00122458460675,0.0313381220378,0.00122529625108,0.00122529625108,0.957782894328,0.00148032284424,0.00460605932074
C000455,3,0.353773960218,0.136674771132,0.00715880846034,0.304911911935,0.00938119682445,0.00944764901801,0.0105900322128,0.168061670199
C000456,4,0.00513866461971,0.00514492937619,0.00500461656086,0.00481601122987,0.00727544280241,0.00549473735448,0.936246950236,0.0308786478209
C000457,0,0.163276856511,0.00752471691623,0.705951035711,0.00545626333952,0.0497166963287,0.00541847065482,0.006281481723,0.0563744788164
C000458,4,0.0188095331311,0.0344829197599,0.595934182738,0.0179676806472,0.135343049847,0.0188095331311,0.0215817964493,0.157071304296
C000461,0,0.0118193706785,0.0132361053535,0.795733734244,0.0132437972673,0.0132437972673,0.0131520644049,0.0160438645856,0.123527266199
C000462,0,0.00751399303218,0.00832856315221,0.0116209017214,0.00833340314016,0.00833340314016,0.848790490523,0.0706535564069,0.036425688884
C000463,2,0.00720418167013,0.0113446559503,0.0341151672194,0.0873686337033,0.0120133655093,0.0264918370357,0.226255413768,0.595206745144
C000464,3,0.064334639422,0.064334639422,0.0646451013812,0.0254856656341,0.119444034365,0.064334639422,0.053109941673,0.544311338681
C000465,3,0.145910755388,0.00438116936021,0.461584665818,0.348945832195,0.00439391387063,0.00438116936021,0.00625461170858,0.0241478823
C000468,1,0.00431459161495,0.00431459161495,0.720708699963,0.00439451270995,0.0257378745504,0.217486713564,0.00523545593357,0.017807560049
C000469,0,0.00385281117297,0.00418293574504,0.776145761592,0.147401569926,0.00332159009939,0.00409340960358,0.00484146687531,0.0561604549849
C000470,4,0.00789551869303,0.00775972211633,0.212584402693,0.00766722042693,0.482436372153,0.00789551869303,0.00888484395766,0.264876401266
C000471,3,0.118477003852,0.00664225851536,0.00661950858296,0.00655831854515,0.00659553867557,0.699242075756,0.0118552505859,0.144010045487
C000472,0,0.0363362367777,0.0402868633386,0.0400390592369,0.0403102752921,0.0403102752921,0.0400310670814,0.0433459339726,0.719340289009
C000473,0,0.0125089608183,0.290961923377,0.0140993779452,0.0562690741272,0.509277624488,0.0114304232193,0.0169371595705,0.0885154564545
C000474,4,0.00226981046133,0.00488913795173,0.575548913072,0.0669779409279,0.0110521244795,0.189260427438,0.00349037634476,0.146511269325
C000475,3,0.00532607236776,0.00706722915174,0.121202746995,0.820477828443,0.00701752018407,0.00706722915174,0.00797906716883,0.023862306538
C000476,4,0.0324374004498,0.0299675315009,0.0278866925932,0.0405873115439,0.0522261819314,0.118367315216,0.0512977088975,0.647229857868
C000477,4,0.0162262782917,0.040534892289,0.00216262020795,0.00176540316474,0.00218770831472,0.0375538913196,0.891101503228,0.00846770318452
C000481,3,0.513822554482,0.240623049597,0.0103649771951,0.0124320558744,0.0116395022695,0.00663797839786,0.0146037158667,0.189876166317
C000482,4,0.00490849086919,0.00874239719427,0.00478044716104,0.00460028993858,0.00424667460586,0.00490849086919,0.916829512168,0.0509836971942
C000484,3,0.000810180653877,0.000810180653877,0.00080740576111,0.000419212032965,0.000808215978419,0.000263454911084,0.00290876865115,0.993172581358
C000485,4,0.0556713874957,0.0387983708874,0.0307816419676,0.0305993026658,0.0339560083531,0.134993478718,0.21958085136,0.455618958552
C000491,4,0.00635579847179,0.0121929788853,0.00405532496094,0.01139109182,0.016789414873,0.794469256441,0.0123733161997,0.142372818348
C000492,3,0.0219830129661,0.0219095362667,0.482661506254,0.00861291294157,0.00280058482374,0.0297402165156,0.00774501518741,0.424547215045
C000493,1,0.017107436194,0.0444169559416,0.0171505080122,0.0259992753769,0.575745069386,0.017107436194,0.0708338285668,0.231639490329
C000497,3,0.0409481434314,0.00791035057559,0.00242160377568,0.209284982272,0.00793336122344,0.0409727267064,0.0238378583047,0.666690973711
C000498,3,0.210179298731,0.00968976319192,0.00965657546563,0.582561582944,0.00971795002466,0.00968976319192,0.0392025411556,0.129302525296
C000499,2,0.0371549551742,0.0040242043004,0.00234985886242,0.932886091587,0.00130549000044,0.00418660987308,0.00214334614227,0.0159494440604
C000502,1,0.00974955134442,0.00855523608109,0.371192009069,0.00854275816269,0.115389233475,0.00951162697285,0.4473859148,0.0296736700953
C000503,1,0.0183331555233,0.00317825983776,0.00898329004361,0.00317362430619,0.00167475986805,0.000624211141527,0.00394519909507,0.960087500185
C000504,4,0.0743018122343,0.0861410825133,0.0723635628182,0.0696364500513,0.0989486428201,0.120373616389,0.0791961055611,0.399038727613
C000505,2,0.00687465999287,0.00764987625695,0.0943503588866,0.738603896013,0.0874951476442,0.0128104811014,0.00888137954694,0.0433342005585
C000506,3,0.0036325381437,0.0036325381437,0.00335558711046,0.00360272242184,0.449774768915,0.508913622846,0.00375234954901,0.02333587287
C000508,4,0.00163651202903,0.00103825718665,0.00133405607134,0.0059888723641,0.000261943268141,0.00796800360778,0.00147198829161,0.980300367181
C000509,4,0.0161637289988,0.266234176847,0.0157420792792,0.0150245586292,0.00738874534554,0.0675589297694,0.530974584259,0.0809131968721
C000510,2,0.0166827845614,0.0158981350777,0.0370269407922,0.0101269455287,0.0190903826941,0.701662544753,0.0180410961763,0.181471170416
C000511,1,0.0113755779781,0.0662524168527,0.0113624402358,0.504746545588,0.0139388125913,0.333209212309,0.020973150559,0.0381418438856
C000512,3,0.00692677657756,0.895703128643,0.00691093316117,0.00686992188378,0.00559804583305,0.00692677657756,0.00967727081752,0.0613871465068
C000513,0,0.0153974589234,0.00928195680585,0.0455561120863,0.0092873508406,0.0092873508406,0.0543599898842,0.0115554375008,0.845274343118
C000514,0,0.0274179866584,0.0984405120498,0.02305266842,0.025760035585,0.269885384136,0.0992512277235,0.0288228418323,0.427369343595
C000516,4,0.00834783721205,0.0125360430498,0.0230473460225,0.0116989131743,0.225933983192,0.0125207784561,0.592696465741,0.113218633153
C000517,3,0.00431245535359,0.0055467617611,0.00557352896675,0.924956823562,0.00257435007676,0.0055467617611,0.00686004795462,0.0446292705644
C000518,4,0.865127181471,0.00512512164025,0.00498534902266,0.00895443479148,0.0170421052794,0.0495327225059,0.00519719103347,0.0440358942554
C000520,2,0.19704167224,0.0313114515957,0.0312416622577,0.385646812921,0.0322197816886,0.0312974911683,0.0388797412998,0.252361386829
C000521,1,0.00812058519236,0.577058386381,0.00798732973544,0.0081087412177,0.33837645363,0.00812058519236,0.0104956110937,0.0417323075576
C000523,0,0.522927954013,0.289409782526,0.0078007197091,0.0128166296351,0.00783401123962,0.00777974913783,0.00936942654844,0.142061727191
C000526,0,0.0579553078238,0.0241605354416,0.0246209357218,0.0241745758827,0.0241745758827,0.0681131655864,0.0122868043271,0.764514099334
C000529,0,0.752380162475,0.0156548980462,0.0154895236288,0.015663995596,0.015663995596,0.0155554992846,0.0139629443058,0.155628981068
C000530,3,0.0113259034394,0.0250814998465,0.0518363170106,0.0248756319399,0.232962029637,0.010639694893,0.0157746400074,0.627504283226
C000531,2,0.00454629847122,0.230583898616,0.587094860881,0.00451431249653,0.00454629847122,0.139183415478,0.00551914970228,0.0240117658836
C000532,1,0.260437147207,0.00641031098912,0.00635685282746,0.639003491661,0.00641031098912,0.00641031098912,0.00785173225854,0.0671198430781
C000533,3,0.129226400952,0.0183495820898,0.018286734227,0.0260292635947,0.00983193538682,0.52403845665,0.0220425266345,0.252195100466
C000534,0,0.06507117868,0.000754110456193,0.13082058591,0.000754548693311,0.779378812094,0.000749322328842,0.0176491410662,0.00482230077181
C000535,0,0.740447296847,0.0029538408361,0.216998305389,0.00220737264236,0.010692557275,0.00293508580362,0.00305540714887,0.0207101340578
C000536,1,0.0046568273463,0.00620718609204,0.379435841457,0.00461763605764,0.0046568273463,0.00824483191459,0.568587774993,0.023593074793
C000539,2,0.00157696239452,0.0371138932471,0.067338685168,0.0011057220208,0.00261727086135,0.00125045110638,0.000762776599244,0.888234238603
C000540,2,0.0291785621522,0.0291915774191,0.0554449642552,0.0458874106879,0.0291785621522,0.0171852130868,0.0628532082781,0.731080501968
C000541,4,0.511617088575,0.0223667876391,0.0166113501166,0.0180931006349,0.0168040549307,0.2543415111,0.017613145586,0.142552961417
C000542,2,0.0125293461231,0.00914106839352,0.744637471185,0.00815240518421,0.0125293461231,0.0125293461231,0.0162421836533,0.184238833215
C000543,4,0.00523377204274,0.133463542242,0.00517375241812,0.797880542738,0.00523377204274,0.00523377204274,0.0058598172622,0.0419210292122
C000544,1,0.00749658207924,0.00749658207924,0.0128813004118,0.00748564822089,0.00749658207924,0.42016003855,0.00860389493848,0.528379371641
C000545,2,0.00475703253613,0.0141329970958,0.117361778359,0.014416329883,0.619397900654,0.0502232872941,0.0183929427263,0.161317731451
C000547,4,0.579292626346,0.0148427563987,0.1274881143,0.0138666032796,0.0156117217675,0.010624368697,0.015417468579,0.222856340632
C000548,3,0.00696904464154,0.0128046146477,0.0127607584628,0.0540219109578,0.14828126286,0.0502722004153,0.0148050365317,0.700085171483
C000549,0,0.202780954987,0.00955465803065,0.00951958332788,0.00956021054059,0.291563413717,0.365455702116,0.0117126660916,0.0998528111892
C000550,0,0.0230927979169,0.0260491828248,0.0232621984434,0.0260643208178,0.0260643208178,0.0258837868888,0.048333966744,0.801249425546
C000551,0,0.0149313153756,0.121146466512,0.321979032715,0.446926522212,0.0164546307542,0.0163406581262,0.018758068862,0.0434633054423
C000552,0,0.00486781752401,0.00544639388463,0.00542769540389,0.0269987098075,0.00544955895407,0.00442912630691,0.0058468935961,0.941533804523
C000553,4,0.0158277186901,0.00802331677233,0.0972034055244,0.0265319469603,0.0203537013217,0.0306258462269,0.00798095376058,0.793453110744
C000554,4,0.0106722452012,0.117179410162,0.00284907313261,0.00437311677974,0.00240046737293,0.226965636393,0.619451220878,0.0161088300808
C000555,1,0.35891999215,0.0297468455554,0.0295193727141,0.0238217904107,0.0560048811657,0.0297468455554,0.0378411275964,0.434399144852
C000556,4,0.00543487097437,0.00839211993449,0.0770387204834,0.00783171229321,0.00838190121546,0.825385160939,0.00886324187012,0.0586722722897
C000557,1,0.063938221392,0.0465196899808,0.0422993468611,0.348030979017,0.0465196899808,0.0918738530701,0.0614616934911,0.299356526207
C000558,1,0.0149366453251,0.0162730875953,0.0101316251083,0.0162493530943,0.0162730875953,0.0162730875953,0.0206842283769,0.88917888531
C000559,0,0.0106910194097,0.0112551607997,0.0112165197444,0.290299425809,0.00844969504384,0.562979215403,0.0176940402098,0.0874149235799
C000561,0,0.0363362367777,0.0402868633386,0.0400390592369,0.0403102752921,0.0403102752921,0.0400310670814,0.0433459339726,0.719340289009
C000563,2,0.00420022331339,0.00420209684735,0.00421914816613,0.881454859975,0.00420022331339,0.0585147409973,0.00552867371577,0.0376800336721
C000564,2,0.00229057601025,0.00222925883137,0.00228649004813,0.0283770623991,0.936784159645,0.00229057601025,0.0164897153367,0.00925216171905
C000566,2,0.038828429814,0.0435855752726,0.121820768951,0.043259628035,0.0481426635866,0.0278727986831,0.0538625930317,0.622627542627
C000567,4,0.977626981922,0.00153461879347,0.00148589057327,0.00145904877522,0.00153275015499,0.00153275015499,0.00180595186427,0.0130220077613
C000568,2,0.010308964187,0.71801230361,0.101027272991,0.00795414159683,0.00928783907165,0.008060820558,0.0058050004621,0.139543657523
C000569,4,0.00339015652728,0.0149900137835,0.00540370909576,0.637758655875,0.25958263484,0.00848211940238,0.00457977091764,0.0658129395578
C000571,3,0.353799566653,0.0346069451494,0.0347739491163,0.0220762380848,0.0238379733536,0.0227425455596,0.0435601563382,0.464602625745
C000577,0,0.00374356912437,0.0155191487206,0.00179872372408,0.00658064446049,0.00280963249402,0.0078366535851,0.00667519291741,0.955036434974
C000579,4,0.00367211163084,0.793966351096,0.00651862868904,0.0183318844544,0.00303729374803,0.00573955656763,0.00723633612037,0.161497837694
C000580,2,0.81136791586,0.00340641468437,0.00342840221881,0.048598933013,0.0928856788373,0.00340489591081,0.00412884547484,0.0327789140006
C000582,3,0.00380740785693,0.0105900458431,0.0499036433291,0.0104926211304,0.786088773705,0.00510426934718,0.0391283885206,0.0948848502682
C000583,4,0.00462313567678,0.439262742305,0.00450253579158,0.00432435474331,0.00527066930082,0.0782252788226,0.443653917899,0.0201373654611
C000586,2,0.0358246828017,0.0358406626092,0.0358029368027,0.0353505697858,0.178928675057,0.0358246828017,0.460471851258,0.181955938885
C000587,1,0.00262726068917,0.404192912348,0.0315462498263,0.00441254229098,0.0262548606577,0.502750676014,0.00577111526681,0.0224443829074
C000588,2,0.21054583864,0.0251093642092,0.025946812575,0.0256184944228,0.0258000132066,0.0746923352248,0.0447528692549,0.567534272467
C000592,4,0.00353852459332,0.00354283855356,0.00448041187659,0.145792077039,0.792237861749,0.023887227228,0.00368383314219,0.0228372258182
C000594,3,0.26247169339,0.0458142998689,0.0352522577222,0.00876885102135,0.00453553414133,0.0112988584509,0.0086847183523,0.623173787053
C000595,4,0.0358459494053,0.0229598828604,0.224361395801,0.0962962626137,0.0154895550003,0.187955191709,0.0466637611415,0.370428001468
C000596,4,0.933228644018,0.00242799285288,0.0025493682805,0.00239693981581,0.00247048317828,0.00247048317828,0.002794575462,0.0516615132147
C000597,2,0.889780607204,0.00697196784145,0.0328075054301,0.00691982917759,0.00696885934133,0.00696885934133,0.00346214406213,0.0461202276017
C000599,2,0.0174016783229,0.0174094404425,0.511454335517,0.135854144956,0.0174016783229,0.0174016783229,0.0203161845167,0.262760859599
C000600,2,0.019472599444,0.0150150535824,0.0114393509717,0.0153195064301,0.00826569986959,0.01542805216,0.768217983155,0.146841754388
C000602,1,0.0161776633197,0.00386682593507,0.0214367020225,0.00386118612128,0.00860184298651,0.00451998039263,0.00503937490255,0.93649642432
C000604,4,0.00394186946292,0.00328479865363,0.00118798224813,0.00448355206155,0.000859051690973,0.00167363477317,0.00202102576591,0.982548085344
C000605,3,0.0974012995862,0.00995008932029,0.00991600996928,0.731450326899,0.0253575535186,0.0722136587485,0.0107399357979,0.0429711261597
C000606,0,0.00722544413213,0.00760971691193,0.00850388808876,0.00820222639459,0.00710117379113,0.00814541385886,0.85083422384,0.102377912983
C000607,2,0.639840384278,0.0104488385017,0.0105036061021,0.0103706986578,0.00775549070572,0.0104441798147,0.0126887781406,0.297948023799
C000609,4,0.961713092779,0.00192877706569,0.0206250765604,0.00180546929396,0.00192642847784,0.00192642847784,0.00444934846832,0.00562537887706
C000612,4,0.00126520098016,0.940650264453,0.0332419559013,0.0011857598383,0.00126520098016,0.00126520098016,0.00142278432197,0.0197036325445
C000615,3,0.00561517018871,0.0770251683406,0.00559593806429,0.00556908110557,0.00557567460886,0.435398996094,0.438536173855,0.0266837977437
C000617,2,0.000463083937188,0.000580810082336,0.00040039940457,0.000592586882371,0.000596785632243,0.000616886488624,0.000682255347517,0.996067192225
C000618,4,0.00589888330774,0.00588939669402,0.00534729002811,0.00552849628381,0.00589888330774,0.905717498294,0.00558084312392,0.0601387089603
C000619,0,0.01085285698,0.0249605483137,0.0406147774264,0.0283850824293,0.023192787262,0.126600029891,0.0313826433314,0.714011274366
C000620,1,0.00721427848979,0.00824243301678,0.675448293846,0.00823041132554,0.0268649825182,0.00714465428155,0.191613888659,0.0752410578629
C000621,4,0.00653035791762,0.0065383193444,0.0149707017435,0.00612032101604,0.00653035791762,0.00653035791762,0.90513755557,0.0476420285728
C000622,1,0.0406278595104,0.0196690573646,0.0270739468495,0.0265779598576,0.640727901807,0.0196690573646,0.0648085298651,0.160845687381
C000624,3,0.0242507001673,0.454589756956,0.0241676408,0.0240516514299,0.0276197770693,0.0242507001673,0.0330794921552,0.387990281255
C000626,3,0.502103088499,0.00410689666317,0.00409283042031,0.00407318742634,0.00407800986907,0.0476904355218,0.414645971218,0.0192095803818
C000627,3,0.00214910259293,0.0010640003666,0.00106913495104,0.00141769918157,0.000627201176313,0.000280033061768,0.00114164230638,0.992251186363
C000628,3,0.0275665487313,0.0549838876187,0.0140123878199,0.0139451372326,0.570556371018,0.0727334174238,0.0111923140909,0.235009936065
C000629,1,0.920400945379,0.0498309179487,0.00150816001817,0.00931938040962,0.0015094171846,0.0015094171846,0.00192202373101,0.0139997381439
C000630,0,0.0153361024846,0.0172023563518,0.0174047318354,0.0172123531778,0.0172123531778,0.0439577261564,0.587997265068,0.283677111748
C000631,1,0.0485626335093,0.0606737498721,0.415601515754,0.0280557006326,0.083449634969,0.0329144691067,0.0442785493149,0.286463746841
C000633,3,0.00839825851454,0.903415056337,0.0076025074845,0.00832932595828,0.00975586032206,0.00839825851454,0.0110508109574,0.0430499219115
C000635,2,0.00418481067384,0.00702592011534,0.00464652505526,0.0147428178362,0.00216341917318,0.00488785814741,0.214415337836,0.747933311163
C000636,0,0.00527021986361,0.000301290794975,0.991748692895,0.000301465884458,0.000301465884458,0.000299377787824,0.000372747644967,0.00140473924483
C000637,1,0.00961670706881,0.132666624975,0.253550460384,0.0539659368413,0.0177775176541,0.0076942930246,0.0205590964115,0.504169363641
C000638,1,0.07137110652,0.390207783595,0.00451808978062,0.00454943969788,0.00291441773755,0.498771784389,0.00594535631876,0.0217220219613
C000639,2,0.00738115767906,0.0096711664757,0.00452526555612,0.0307819438497,0.0132755261202,0.00814308922194,0.00929618237826,0.916925668719
C000640,3,0.00141976328045,0.00141976328045,0.975475903086,0.00140182135796,0.00140227923365,0.00141976328045,0.00162922085061,0.0158314856307
C000641,3,0.00581953502005,0.069701875877,0.0190602335346,0.210008923084,0.444779232281,0.0073077299306,0.197850364573,0.0454721056994
C000644,2,0.0421221437579,0.00996011102688,0.010280181624,0.00833465158428,0.0102340702015,0.178226304091,0.709260941319,0.0315815963963
C000645,4,0.132404650491,0.371201344337,0.447633141987,0.00590684019774,0.00589981081113,0.0049425922865,0.00691495690077,0.0250966629888
C000647,2,0.016661582762,0.0180033161757,0.0713403882661,0.681554597862,0.0179952892726,0.0179952892726,0.0167789801589,0.15967055623
C000648,3,0.00538773319477,0.13761409345,0.00541373297061,0.00534351090501,0.784473303929,0.00538773319477,0.0058019779996,0.0505779143558
C000649,4,0.00314966303783,0.832471788472,0.0031135434683,0.100280836289,0.0438011893532,0.00314966303783,0.0032968208615,0.0107364954794
C000650,3,0.00555945983647,0.0064846411304,0.0171558348504,0.0699669427027,0.0154740914101,0.00886418563767,0.0199213554204,0.856573489012
C000651,1,0.00268931820211,0.00272161886532,0.00352855365457,0.00352748113013,0.00247031904787,0.621406913781,0.347669711844,0.0159860834745
C000652,1,0.122011878849,0.0168391145404,0.190244668593,0.0511002970921,0.0168391145404,0.355657803592,0.155186077416,0.0921210453775
C000654,3,0.00908134206805,0.0132551974482,0.0132097980038,0.0131463993394,0.599546717012,0.100569420603,0.0161649453264,0.235026180199
C000657,1,0.0295630250069,0.0295630250069,0.0295495015343,0.0295199069667,0.0295630250069,0.0295630250069,0.480619432984,0.342059058488
C000660,0,0.000208049224812,0.000699652118382,0.000251286162703,0.00027936978459,0.000561607689544,0.000557717726576,0.000605226900346,0.996837090393
C000664,2,0.00933915982069,0.358624936915,0.0199606180777,0.353861804955,0.0127458786485,0.0499361740881,0.0236172770415,0.171914150453
C000665,0,0.0780448881245,0.0356021796937,0.0213694711318,0.261454733523,0.0356228692313,0.0353761282327,0.0458331345891,0.486696595474
C000666,1,0.015599274869,0.704387485123,0.015592139051,0.0155765231323,0.015599274869,0.015599274869,0.0198069762703,0.197839051816
C000667,2,0.664759877785,0.00254839794829,0.0984320341353,0.209941524713,0.00155871188921,0.00254726172742,0.0028673211509,0.01734487065
C000668,3,0.0147319683358,0.0147319683358,0.0146815109073,0.0155054956798,0.470835170077,0.0147319683358,0.38237795741,0.0724039609185
C000669,4,0.00747195494843,0.0074810643147,0.00728482692792,0.00473480481106,0.203530264168,0.00747195494843,0.00808295080971,0.753942179072
C000670,0,0.0055925230541,0.0062409175896,0.0583723033063,0.00624454438156,0.00624454438156,0.00620129168604,0.853473870003,0.0576300055979
C000672,4,0.889452523678,0.00183188901559,0.00183604735326,0.00177703146216,0.00186394741323,0.00186394741323,0.090712258944,0.0106623547205
C000674,1,0.013168538693,0.934768759953,0.0212238789439,0.0100338531804,0.00291740789875,0.00264210823173,0.00402914147484,0.0112163116246
C000675,4,0.0154874428273,0.0155063242031,0.0153098366005,0.014486530687,0.00850528453829,0.0154874428273,0.71390576484,0.201311373476
C000677,3,0.0271916813429,0.0271916813429,0.0277973204481,0.0269684931545,0.0271257419395,0.0271916813429,0.0291651163527,0.807368284077
C000678,1,0.0286611352255,0.00996205482294,0.0097732574716,0.754945846922,0.1244816018,0.00996205482294,0.012973935008,0.0492401139264
C000679,1,0.296349899829,0.010319693302,0.00687671544887,0.346434564183,0.00690030456391,0.0227215494657,0.261515438528,0.0488818346797
C000680,1,0.136767137797,0.577754182044,0.0139367149788,0.0899711788333,0.0138552993481,0.0706924721977,0.0178751788285,0.0791478359724
C000681,1,0.148497392616,0.0252943824088,0.221195099063,0.057345293563,0.0155530376902,0.0252943824088,0.242146607914,0.264673804337
C000682,2,0.618662506544,0.0672773186372,0.229342067937,0.00513338212608,0.0322871754153,0.0065763371103,0.00433119239793,0.0363900198324
C000683,2,0.034778346607,0.158349555052,0.00143983629136,0.00141990360882,0.00765766935071,0.00142996427717,0.789070869254,0.00585385555974
C000684,2,0.1339986762,0.0105722674105,0.00330967837192,0.811927831565,0.00329483291655,0.00329483291655,0.00399898047754,0.0296029001421
C000687,1,0.0443463056045,0.0146846430121,0.0115252598674,0.0168198192556,0.605431674826,0.0168443870039,0.141388333443,0.148959576987
C000688,3,0.00429426366802,0.00912416900613,0.00466779456588,0.00250567910985,0.00277265957495,0.00320407936437,0.00431126061035,0.9691200941
C000694,1,0.00315601549989,0.0104800847044,0.00501013658749,0.00508793302747,0.00391152060448,0.00214467783548,0.00642362543254,0.963786006308
C000696,1,0.00252234002053,0.00252234002053,0.457028283647,0.00251866115618,0.509091775896,0.00252234002053,0.00334296887436,0.0204512903646
C000699,2,0.00325651506138,0.00337320317503,0.00325846627509,0.0281790802192,0.00325651506138,0.00325651506138,0.940674297005,0.0147454081418
C000700,3,0.013482775296,0.0172118662048,0.0709387859301,0.0170705919236,0.334514997156,0.224669814242,0.0220049782049,0.300106191042
C000701,0,0.0121187256669,0.455813378081,0.0146022803725,0.0106630653982,0.331897808397,0.0145595507103,0.0159919944423,0.144353196931
C000702,4,0.00121670192903,0.0018275976637,0.0524048273074,0.0017710331037,0.00182537227761,0.00100708395544,0.00213341333168,0.937813970431
C000704,1,0.0436646429628,0.024817824307,0.0417797860944,0.0377922823218,0.106864397963,0.149509768663,0.0377406206203,0.557830677068
C000705,0,0.0234702696791,0.0133039508514,0.0263472810199,0.0266440533455,0.437513299282,0.0507317643546,0.0293575304688,0.392631850999
C000706,3,0.015735443967,0.360061210814,0.00440310150832,0.0253985384326,0.00438715743421,0.547160616716,0.00990102425342,0.032952906875
C000707,3,0.00370718267187,0.00370718267187,0.00369448546128,0.0036603340281,0.00366152959982,0.933762078687,0.00385264272257,0.0439545641575
C000708,1,0.00354731773231,0.00471930117749,0.00439592114797,0.822411338033,0.0091503279941,0.00448252413026,0.123360081963,0.0279331878217
C000709,3,0.00374208370482,0.00436924673863,0.242555840213,0.00607543116842,0.00611085599413,0.617782491291,0.00412988264603,0.115234168244
C000710,3,0.30939938725,0.0356528121913,0.0355712645418,0.0353601753931,0.0355291501322,0.192927121889,0.0645316850301,0.291028403573
C000711,4,0.00774261825965,0.00529192247174,0.0640052861977,0.0799338563891,0.00832361535742,0.00491335592432,0.812411908645,0.0173774367555
C000712,2,0.0927300799226,0.0219174554864,0.0139904211161,0.0137433452196,0.773793696084,0.00991244453165,0.0161769417014,0.057735615938
C000713,3,0.00259539247078,0.0201933342674,0.0025865031746,0.604550257753,0.0369858586962,0.321862424272,0.00278319673429,0.00844303263233
C000715,0,0.0147195205864,0.180248834929,0.0285884157842,0.0371003676992,0.0198961988256,0.0346966747777,0.0392342889172,0.645515698481
C000716,3,0.00451262590007,0.909197791741,0.00644152604126,0.00641061079577,0.00641820062658,0.00806279434292,0.00611928447879,0.0528371660738
C000717,4,0.0271787354619,0.0281275974633,0.552693701078,0.026329384788,0.0280933477126,0.0280933477126,0.0295510465801,0.279932839203
C000719,0,0.151304099748,0.00490814883369,0.0320803541892,0.0164780667499,0.162966892837,0.0135840023012,0.541980055169,0.0766983801724
C000720,0,0.417430521562,0.0271185942341,0.0380333758303,0.0271343536954,0.0186165055669,0.0265381829508,0.051357623033,0.393770843127
C000721,2,0.0030468592657,0.00304821833494,0.00194457603957,0.00302542275774,0.00114445119939,0.00116849264178,0.00183260735346,0.984789372407
C000724,0,0.00691587670625,0.0471097692141,0.0113184259132,0.747954418644,0.0195148210093,0.0112853055715,0.0120049886909,0.143896394251
C000725,3,0.119493285896,0.0187949371455,0.0187305639284,0.0186406690839,0.0909174584302,0.445739397217,0.0197727207136,0.267910967585
C000728,4,0.00888972904734,0.0580566353295,0.827802940636,0.00793852631345,0.00888972904734,0.00888972904734,0.0101253919731,0.0694073186061
C000729,4,0.0246838555515,0.0345258666329,0.10471506279,0.0216931922205,0.0232324562753,0.0489074020553,0.0385929240841,0.70364924039
C000732,3,0.00971708007897,0.0124206008192,0.0105319141694,0.0123186530447,0.0123904810558,0.0114222860501,0.0139777440167,0.917221240765
C000734,0,0.00357223166816,0.00400679888567,0.00399209011436,0.00400912736154,0.00400912736154,0.00398135823149,0.927114540865,0.0493147255123
C000735,4,0.00560539382368,0.0073114880242,0.650186875547,0.0068232426476,0.00730258514359,0.00730258514359,0.249882213297,0.0655856163737
C000737,0,0.0307319737526,0.00222627210222,0.246847793535,0.00222756585841,0.00222756585841,0.705843611324,0.00270363915049,0.00719157841891
C000738,1,0.0132843523172,0.0159567604986,0.016366142958,0.0159334873646,0.0159567604986,0.0162950973969,0.0213941046133,0.884813294353
C000739,4,0.0202247384054,0.777746120144,0.015907965604,0.0151828838903,0.0322644833328,0.0274106952503,0.0246452203433,0.0866178930298
C000741,0,0.00267358163178,0.0260058976314,0.00295614642597,0.00172545596935,0.00123508035162,0.924334632539,0.0242812106199,0.0167879948306
C000743,2,0.000632436663344,0.00457172154569,0.00109963686733,0.000721025970955,0.0010947044817,0.000642784610072,0.00139639371524,0.989841296146
C000746,4,0.0148908869452,0.0108599947898,0.00723326076844,0.0170540729948,0.0171515677036,0.0189276198672,0.0569624184076,0.856920178523
C000747,2,0.0149204805731,0.0145210693454,0.825380800554,0.014815505918,0.0149204805731,0.0109429839531,0.0153215636104,0.0891771154733
C000748,1,0.0144975182194,0.0510646947135,0.0222608361778,0.0938614231074,0.66856972029,0.0144995487785,0.00944791768658,0.125798341027
C000749,1,0.560956877511,0.00971321108749,0.257198456968,0.0205782661564,0.0206083236532,0.0215348706597,0.026865345368,0.0825446485971
C000750,0,0.00202387958597,0.00142443478112,0.00711212088105,0.00142526256462,0.00154637823186,0.000858138791351,0.00175523946181,0.983854545702
C000752,0,0.00985400336277,0.0338166421729,0.0204479866732,0.0201929528057,0.0237780216048,0.00938986734292,0.0226573346706,0.859863191367
C000754,3,0.00938362139139,0.116700238378,0.00594166221821,0.00551294623796,0.00557474024274,0.00555857075531,0.810216580982,0.041111639794
C000756,3,0.020513981363,0.020513981363,0.020612976413,0.020345603458,0.656818280055,0.020513981363,0.0314081171777,0.209273078807
C000757,0,0.104982001883,0.0244456276897,0.0248327316625,0.0585820306227,0.0268072920444,0.0764306458279,0.0322567698884,0.651662900381
C000758,2,0.00294809568092,0.00294941069609,0.00296137885004,0.00292735403485,0.00207236123889,0.00222985358307,0.00440207722608,0.97950946869
C000759,3,0.837840123654,0.00503235745258,0.0457105140915,0.00499105207211,0.0031640903781,0.00362050403355,0.00547530140037,0.0941660569178
C000761,1,0.94881976535,0.00287997516654,0.00285795212102,0.0240705084103,0.00287997516654,0.00287997516654,0.00367100719629,0.0119408414232
C000763,4,0.48705340853,0.00514361460654,0.00498029118953,0.00480533812294,0.00513735145099,0.0035287164175,0.461329818929,0.0280214607534
C000764,3,0.0142847198437,0.0217423288244,0.68246774285,0.0239807022331,0.0120291742883,0.0222389912742,0.0257953274901,0.197461013196
C000765,4,0.116768952606,0.0258208678155,0.0250087269729,0.0246180627768,0.0110552966871,0.0258624599533,0.0319993654807,0.738866267708
C000766,2,0.0208894016439,0.0351836971804,0.0364010250815,0.0358970996828,0.0361514470995,0.0361514470995,0.0937655064737,0.705560375739
C000769,1,0.0300245122082,0.00933482771858,0.0327404670362,0.0429589441361,0.00933482771858,0.0131994442855,0.0120918317535,0.850315145143
C000770,1,0.0399961329752,0.102298882312,0.0797040835983,0.027445360304,0.0226552579312,0.00842240945361,0.0171369256922,0.702340947734
C000771,1,0.00364914681439,0.00364914681439,0.00364630196818,0.0036438244883,0.00364914681439,0.00364914681439,0.937452982431,0.0406603038552
C000772,1,0.0072397915736,0.0072397915736,0.427880135427,0.175832674776,0.0072397915736,0.00918285278442,0.334541347766,0.0308436145253
C000773,0,0.036154380067,0.131494897741,0.761310575908,0.00610937796479,0.0227406462017,0.00606706149641,0.0073823404144,0.028740720206
C000775,0,0.0138292524856,0.0297422635336,0.0328509294234,0.0297595476911,0.0297595476911,0.0295534188567,0.0314181296682,0.80308691065
C000776,1,0.0051819696605,0.00788632078699,0.00527751624008,0.166995664442,0.0051819696605,0.0051819696605,0.013438331655,0.790856257894
C000778,1,0.788407458215,0.00485358264495,0.00658972031489,0.00663081467874,0.00664049993062,0.153693234535,0.00973930603862,0.0234453836419
C000780,2,0.00567558808231,0.0114759525203,0.0360700355825,0.576945372595,0.0130899031248,0.0291979984851,0.0141561930454,0.313388956565
C000781,4,0.006866714171,0.0058299705228,0.246461287167,0.632294684075,0.006866714171,0.00350214107529,0.00789250971562,0.0902859791027
C000783,1,0.0761521695905,0.0215008509958,0.121247959916,0.0291190272177,0.0346049474205,0.0296757620622,0.0370984328217,0.650600849976
C000785,2,0.00233725819962,0.00193361395903,0.00186757483413,0.00404937580955,0.00193972538373,0.00193538881289,0.00198253584148,0.98395452716
C000786,0,0.00748708619562,0.0146422906389,0.728810362347,0.0146507997309,0.020078448104,0.00821581997482,0.0166787375568,0.189436455452
C000787,3,0.0122776138429,0.013446338614,0.012336862361,0.0121768396997,0.729687288617,0.0122776138429,0.0247384975665,0.183058945456
C000788,2,0.00191343244537,0.00358103980767,0.00266199187604,0.00355425961661,0.00636438082158,0.00357944317628,0.955307778019,0.023037674237
C000791,2,0.0100504467181,0.669903919291,0.0190717043575,0.00997973571299,0.00600401365763,0.00438814823765,0.0119204993232,0.268681532702
C000792,2,0.0324554001271,0.0579220611862,0.0324748465047,0.0987548116615,0.0324554001271,0.199536294266,0.0396140742892,0.506787111838
C000793,0,0.00806773457651,0.012542975359,0.00918877571547,0.00512575987449,0.00922578944672,0.00907928092076,0.813511618592,0.133258065515
C000794,0,0.010246131213,0.142321215106,0.0112478959225,0.0156453540339,0.704644259155,0.011214981968,0.0288616308242,0.0758185317772
C000795,1,0.0215498624424,0.217138053525,0.0190838010768,0.0150535412135,0.295736825307,0.320964168061,0.0232204543467,0.0872532940271
C000797,0,0.0110443763485,0.0117605264109,0.193967738358,0.0117673608198,0.64117362923,0.044411323237,0.0126695690332,0.0732054765628
C000799,3,0.0176996398145,0.0176996398145,0.0179558044821,0.0173801913144,0.0118262603527,0.0176996398145,0.0211868336324,0.878551990775
C000800,4,0.0179215324674,0.00959538863692,0.00950063001505,0.00917075480643,0.716617042113,0.173670780609,0.0109110008841,0.0526128704682
C000802,4,0.00520901631891,0.599432979103,0.00262186748648,0.276509763753,0.00763484507092,0.0626821569606,0.00805446280158,0.0378549085054
C000803,4,0.0275107527149,0.312802755126,0.27581057037,0.0197552432413,0.0211671126122,0.0250066321763,0.0506699593626,0.267276974397
C000804,0,0.762788972472,0.0102372339044,0.00620233278682,0.00622731668958,0.106881416644,0.00528781651463,0.00755566856933,0.0948192424186
C000805,1,0.0245272923525,0.605463881954,0.0124769197747,0.0128149039343,0.206877193225,0.0125818448394,0.0178571750782,0.107400788842
C000806,1,0.00900942191087,0.00441046455622,0.0229632673766,0.0139880170334,0.290539435502,0.503378616346,0.0163070996765,0.139403677599
C000807,0,0.0863603926665,0.0088120846997,0.00878183117791,0.00661666850803,0.032937861496,0.0130578770944,0.0107398456528,0.832693438705
C000808,2,0.00808029192346,0.0407775721881,0.00304704060633,0.00802344215556,0.00558741611702,0.111016303992,0.00601483301495,0.817453100002
C000810,4,0.00839953129077,0.00643480113767,0.00564707516131,0.0031105401056,0.00642696576051,0.00332940533339,0.909822345078,0.0568293361328
C000811,3,0.0181500359942,0.32597181269,0.0273479400182,0.0296925035583,0.0170580449435,0.0274419294404,0.0330515527341,0.521286180622
C000815,2,0.0118571829294,0.0048917126428,0.0119106075747,0.0857658878883,0.00740764283993,0.0252718612961,0.0148818056867,0.838013299142
C000818,0,0.0197537192068,0.00723621812158,0.00731458238423,0.00724042331374,0.696226900085,0.0071902726853,0.00877249819467,0.246265386008
C000819,2,0.560425237141,0.00604005788045,0.382247107584,0.00616252915982,0.00620619350557,0.00483036562849,0.00748599071268,0.0266025183878
C000821,4,0.00305782110507,0.00306154902001,0.328673768937,0.636492297146,0.00651496385282,0.00305782110507,0.00324445065162,0.0158973281828
C000822,4,0.00283969544719,0.00141531929387,0.0013781937529,0.00371202528839,0.00103841863616,0.00410053928862,0.00154484321148,0.983970965081
C000823,0,0.0935074908181,0.10139446513,0.0023556596402,0.00236571300934,0.00236571300934,0.00194218540895,0.786808692034,0.00926008094948
C000825,0,0.00217937409894,0.00603415432266,0.601701001647,0.00685211321989,0.00240423433658,0.00680465221255,0.00716864389088,0.366855826271
C000826,1,0.360865771868,0.0921618187468,0.106564239402,0.00854627185278,0.00855875490343,0.376842362301,0.0110791277783,0.035381653148
C000827,0,0.000607050568639,0.000461472800632,0.000997007252055,0.000372083658254,0.00067986628478,0.000206101545467,0.000717701714324,0.995958716176
C000828,4,0.00313979377828,0.00555608508131,0.16900940056,0.57419646976,0.00370412471443,0.00395680204252,0.219797814459,0.0206395096046
C000829,2,0.0278532031057,0.027107591596,0.0280116849093,0.0276572388823,0.0278532031057,0.0218538088861,0.0310504182808,0.808612851234
C000831,2,0.00144160384261,0.0383285114458,0.644085764168,0.0359935865656,0.00276567159835,0.261163456779,0.00193632028588,0.0142850853149
C000832,3,0.0068337190471,0.00352104400216,0.00257834548934,0.0341490955253,0.00263517431088,0.00328828428362,0.00847674160356,0.938517595738
C000835,2,0.338221574452,0.0125187839464,0.0125995894908,0.0179167036611,0.0330919629643,0.251527132506,0.17726205803,0.15686219495
C000836,1,0.130785185802,0.00944252422862,0.00664460010687,0.00657477315751,0.00670047808867,0.00670047808867,0.765565483679,0.0675864768486
C000837,4,0.00489853043947,0.00444423669694,0.0432547899449,0.0045995641388,0.262350203869,0.641168414769,0.0200478536612,0.0192364064805
C000838,0,0.132957527971,0.00940705352021,0.003599669131,0.275907091361,0.0150693888586,0.533952214875,0.00644399512247,0.0226630591601
C000840,0,0.000742210112903,0.00133698553312,0.00133239541372,0.00133776249714,0.973500353986,0.00132849651544,0.00162433272532,0.0187974632164
C000841,2,0.501985461618,0.0488832191403,0.0302379019837,0.0394535304658,0.0550963804871,0.113199671214,0.0361301646869,0.175013670404
C000842,2,0.00585771612435,0.0058603289926,0.00584726704688,0.611021099958,0.0401229612299,0.200137661366,0.00752131153758,0.123631653745
C000843,2,0.0329745662566,0.0345530502776,0.0342976343293,0.0342946512265,0.0339213768153,0.0345376445609,0.0395363485712,0.755884727963
C000844,3,0.0940344224462,0.328339937244,0.0171037439105,0.223362168815,0.0902475386302,0.0201844409712,0.0216271388294,0.205100609153
C000845,0,0.0147209965917,0.113705047307,0.0166196934145,0.016686639968,0.00967549594224,0.0121071287391,0.680727555545,0.135757442492
C000849,0,0.00561145842114,0.00601454067042,0.172765753711,0.00625891236716,0.745959072513,0.00621556015211,0.00684126836524,0.0503334338008
C000850,3,0.00565890742918,0.00565890742918,0.00563952550341,0.875752248095,0.00561910421347,0.00565890742918,0.00650608844913,0.0895063114518
C000851,1,0.0178805791027,0.329804576894,0.00585500243987,0.00707046910554,0.00470338974073,0.595738919341,0.00764352927814,0.0313035340981
C000853,0,0.0257281438429,0.0311363579583,0.409256325088,0.109449401542,0.0412174972066,0.0268030412681,0.0231599471546,0.333249285939
C000854,0,0.00416233565345,0.144023086961,0.150585222326,0.00490324600111,0.00496138086818,0.661965928079,0.00510369333758,0.0242951067738
C000856,3,0.133546871313,0.0483943558535,0.0327005953369,0.0283088701417,0.0320811764343,0.213240300366,0.0385378012502,0.473190029304
C000857,2,0.397548795703,0.0206181848234,0.00993487022043,0.00979733471352,0.00986675332386,0.00986675332386,0.502767761473,0.0395995464192
C000858,2,0.275899063185,0.0123121781384,0.0123621386419,0.584983692391,0.0123066886686,0.0123066886686,0.0202873190721,0.069542231234
C000859,3,0.0110741808741,0.0110741808741,0.260593275385,0.631507955985,0.0111063948795,0.0121748081848,0.0130930297601,0.049376174057
C000860,4,0.21812593248,0.0251297611934,0.075488594692,0.0197025134604,0.110559333471,0.0237144913794,0.0590437305364,0.468235642788
C000862,4,0.00339741802231,0.00339195427761,0.00334298747649,0.119903365513,0.00339741802231,0.847294943985,0.00373646139946,0.015535451303
C000864,3,0.407553741361,0.0199493288889,0.0157406748017,0.0181609988162,0.00740149910214,0.0125893203531,0.390330746429,0.128273690248
C000865,2,0.00106096672057,0.00163390390854,0.000914299494901,0.00165662720203,0.00176078833131,0.00274174181008,0.00216995993117,0.988061712601
C000866,3,0.0178716028613,0.610471445263,0.0112272061866,0.0170937432893,0.0395421769587,0.0150543230801,0.171374970073,0.117364532288
C000868,0,0.0242254545277,0.0270951952269,0.0237782994272,0.0235703175061,0.0271109410904,0.0128890305454,0.03042449001,0.830906271666
C000869,4,0.0943980593944,0.0399662153027,0.0310842290896,0.0334899991172,0.0406656314855,0.0406656314855,0.0450004080182,0.674729826107
C000873,4,0.0315740092834,0.0154375224013,0.014689259616,0.0143602222637,0.0154187248024,0.0154187248024,0.733061973556,0.160039563275
C000874,4,0.00798458776757,0.765304676471,0.0372904771538,0.0326859241107,0.00692705658808,0.0100709783506,0.015558789073,0.124177510485
C000875,0,0.000888364721752,0.916010475896,0.00291368151739,0.00289086343932,0.00481575419814,0.00178776375652,0.00318695101195,0.067506145459
C000877,4,0.00347394597789,0.014445097579,0.00388259990374,0.0037286604704,0.00272536941138,0.792233277919,0.162330115101,0.0171809336375
C000878,4,0.0448543884094,0.00394651053892,0.00383888107232,0.00261138860925,0.00394170504487,0.678201209415,0.241807571482,0.0207983454285
C000880,3,0.00745041854376,0.00340155026957,0.00338989985901,0.00337363048656,0.00335966098778,0.00431494503362,0.947682048294,0.0270278465256
C000881,3,0.0104180019047,0.00473466332634,0.00302998198778,0.00503052573238,0.371143267035,0.00720258534799,0.573806589609,0.0246343850573
C000883,2,0.0151149707769,0.0191033715789,0.0993507774163,0.0149149353874,0.0151149707769,0.0584642048927,0.655766831025,0.122169938146
C000885,2,0.345288813437,0.00287987650675,0.00289156250404,0.0241741257259,0.331561088712,0.266901279294,0.00356738134135,0.0227358724797
C000886,0,0.00313166443984,0.258983316186,0.00386024485414,0.00387579448448,0.00387579448448,0.00206478952405,0.7053211375,0.0188872585265
C000887,0,0.195315504572,0.00217441708106,0.779599256711,0.00217568070268,0.00217568070268,0.00216061089947,0.00259777326618,0.0138010760651
C000889,3,0.0187848579318,0.00260802767798,0.00828453430125,0.00258662109537,0.948829512591,0.00260802767798,0.0028612994636,0.0134371192611
C000891,1,0.0580504353665,0.0904286396498,0.139036506806,0.0108986862305,0.0090540295076,0.647942342343,0.0114278094802,0.0331615506161
C000892,0,0.0102557935427,0.0111966158931,0.844468578414,0.0255329839032,0.011203122596,0.0111255244206,0.0121756735265,0.0740417077037
C000894,0,0.00759961218192,0.69229675991,0.00840279800075,0.00409919388386,0.0111734272042,0.00837820946318,0.0624284950745,0.205621504281
C000895,3,0.586327933798,0.0150524646439,0.175544003501,0.0148622426839,0.0150962511942,0.0150524646439,0.0115112864059,0.166553353129
C000896,2,0.0095393756311,0.00715824435437,0.0222805663493,0.0220245733843,0.498322529941,0.022180627589,0.0276730174487,0.390821065303
C000897,4,0.0652238077706,0.0149125306943,0.0157915904487,0.0176727647641,0.317099109792,0.46763712446,0.0231409460351,0.0785221260351
C000898,2,0.0121372614772,0.831281726707,0.00185863932817,0.00183290885596,0.00366839903455,0.12552264806,0.00222299977615,0.0214754167609
C000899,1,0.216010774421,0.290250832408,0.00586651783891,0.380494673881,0.0311381079008,0.00389108992977,0.00934607287106,0.0630019307493
C000901,0,0.0161058328569,0.020722239472,0.0179768421784,0.0180535628673,0.0450232446451,0.0707380376955,0.120194166847,0.691186073438
C000902,1,0.599526649318,0.0174496727372,0.0260821832019,0.0203594354052,0.0117002652758,0.0259298160624,0.0160929463291,0.28285903167
C000903,1,0.00566634789016,0.00566634789016,0.453638524796,0.00565808345117,0.00566634789016,0.473493198977,0.00737791974746,0.0428332293576
C000904,1,0.030939526366,0.0198828077,0.0198673072193,0.0195097944702,0.0205002495671,0.322502376441,0.0247311692152,0.542066769022
C000905,4,0.0240868730541,0.0240481364241,0.640227661145,0.0224525838745,0.0240868730541,0.0240868730541,0.0278240628185,0.213186936575
C000907,1,0.00880028921296,0.00756268655127,0.0114202545563,0.557384189064,0.00756268655127,0.33409762538,0.00969182963715,0.0634804390466
C000908,0,0.00483956179021,0.00845181383863,0.00567507786358,0.0252299508177,0.0225018688708,0.0628345977409,0.0274771767807,0.842989952298
C000911,1,0.057413137302,0.508698904961,0.0321467937743,0.031308720483,0.0700190569027,0.0313544513408,0.0409681649113,0.228090770324
C000912,4,0.0201956545052,0.0191098214437,0.0114912706037,0.00325810601556,0.00350513742098,0.00989024782451,0.00379655829772,0.928753203889
C000913,1,0.0359984010859,0.0359984010859,0.0351664767582,0.0359458969694,0.0359984010859,0.0359984010859,0.0398423078704,0.745051714058
C000914,1,0.0074811403025,0.0074811403025,0.831250857263,0.00747022896618,0.0074811403025,0.0074811403025,0.0125263312359,0.118828021324
C000916,4,0.302853851011,0.013668316951,0.0375213885582,0.531521048405,0.0136516736366,0.0136516736366,0.0155844037201,0.0715476440809
C000917,3,0.858522810853,0.00638576830195,0.00636389685613,0.052939881434,0.00640434404827,0.00883804299732,0.00742031479334,0.0531249407162
C000920,3,0.00380880791116,0.00380880791116,0.00379576263111,0.00377754537439,0.00378201779225,0.938782675893,0.0166607011977,0.0255836812894
C000921,4,0.0439607170452,0.0189473560264,0.0184306226229,0.0321128782105,0.0297451882183,0.038324772291,0.101944380073,0.716534085513
C000922,0,0.0257797699692,0.0659649489706,0.0312109129518,0.0313366350697,0.0419937957062,0.0286015742983,0.603770706004,0.17134165703
C000923,4,0.00654971540257,0.00653918211742,0.00644478142565,0.164677902603,0.00654971540257,0.0126884673917,0.715989838278,0.0805603973794
C000926,3,0.00969005660781,0.385492431905,0.322862958043,0.0170063096453,0.0172740768504,0.0172239735351,0.0205120123521,0.209938181061
C000927,3,0.550931379961,0.00391527696553,0.398735424464,0.00553229636481,0.00392666622807,0.00391527696553,0.00461693666164,0.0284267423894
C000929,2,0.00615003530177,0.00545167463246,0.00396274295166,0.00239727816485,0.0132249759241,0.9182008891,0.00837287589092,0.0422395280342
C000930,3,0.0680229410814,0.0297901214715,0.029688089422,0.0294136558607,0.0298767788185,0.521464035345,0.101319677211,0.19042470079
C000931,1,0.0220113349312,0.0268380397421,0.0216350309317,0.021979231125,0.0220113349312,0.0220113349312,0.0282385760301,0.835275117378
C000932,4,0.0213096650604,0.0246522308903,0.0207759847226,0.0199324782192,0.761830263836,0.0213096650604,0.0453308082695,0.0848589039419
C000933,0,0.00290959132346,0.932495257222,0.00319686626998,0.00320974371445,0.00320974371445,0.00202148169658,0.0036123863145,0.0493449297447
C000936,2,0.0376798120362,0.038346228996,0.222524214041,0.0118194274273,0.539704432947,0.0851750351939,0.0139714783543,0.0507793710051
C000937,0,0.00214596640696,0.000481212848276,0.000917031852771,0.00151659058965,0.00170960117178,0.00141388597762,0.00684890293461,0.984966808218
C000938,3,0.0218706575852,0.312444600538,0.0309512187107,0.0612027615202,0.0644080897599,0.0308025736348,0.0341516221511,0.4441684761
C000941,3,0.00481583800632,0.920549628744,0.00606972722497,0.00604059637834,0.0191942466626,0.00588204851579,0.00665660317846,0.03079131129
C000942,4,0.0167333324236,0.0679284499473,0.0162968239345,0.138193886638,0.0167333324236,0.512743661033,0.172587991286,0.0587825223132
C000943,2,0.0129691472273,0.0126219718806,0.010038447987,0.0128779013891,0.0129691472273,0.745841528486,0.00852579150534,0.184156064297
C000944,3,0.00687311507016,0.244491719899,0.00710063893814,0.00475719322995,0.00380695192142,0.539363782105,0.157554230919,0.0360523679172
C000948,0,0.311516825081,0.0310641954236,0.0912219481254,0.285151219084,0.0310822477969,0.0308669573101,0.0323123272778,0.186784279901
C000949,4,0.0162142195746,0.013666012649,0.013307536569,0.0178518244052,0.0136493721405,0.0136493721405,0.804947719329,0.106713943192
C000950,1,0.00181655541799,0.00181655541799,0.000825863245731,0.00173740759285,0.000413284100973,0.00848641343285,0.00219251367085,0.982711407121
C000951,4,0.077464696177,0.00443741639266,0.00434591630757,0.00438927156366,0.848104693725,0.00301597530148,0.0052145487229,0.0530274818098
C000952,2,0.051834276532,0.0071619807499,0.0219076731929,0.723732712116,0.0770000237933,0.0216472856311,0.0163556711621,0.0803603768228
C000954,1,0.0103686394804,0.368981630632,0.0103908405094,0.0524574102876,0.00456582664759,0.483289352304,0.0128476854858,0.0570986146537
C000956,4,0.00362075756298,0.0922846560057,0.00351006295021,0.00339341256425,0.00362075756298,0.0935049332684,0.785918619112,0.0141468009738
C000957,0,0.00884837462208,0.83443915843,0.000864058378748,0.0053711741888,0.144728552849,0.000948490085388,0.00113973475735,0.00366045668927
C000958,1,0.00620679343126,0.0072560283708,0.0072527091333,0.00724544536302,0.0072560283708,0.834024694095,0.00924518710692,0.121513114129
C000959,2,0.0317887303108,0.0412248740321,0.0318077772384,0.03156507726,0.0525559101672,0.0317887303108,0.0438572679561,0.735411632725
C000960,2,0.136140008157,0.0394113502007,0.011449024916,0.575568122126,0.00854845545137,0.0113976706847,0.0142716451539,0.203213723311
C000964,2,0.00454013239529,0.142657276186,0.00457147601144,0.00448004712184,0.00454013239529,0.0511576908082,0.77239498161,0.015658263472
C000965,1,0.43114856086,0.0150930341719,0.114197872065,0.0150710207935,0.121090657807,0.0150930341719,0.0195815792615,0.268724240869
C000966,0,0.00850042798551,0.478965151415,0.00926987704958,0.0203362830333,0.00930943857803,0.00924495696213,0.421984439715,0.0423894252616
C000967,2,0.00552938380103,0.919437884087,0.00556755689122,0.00549048122316,0.00552938380103,0.00552938380103,0.00714204949474,0.0457738769003
C000968,0,0.00169856033616,0.00189715468974,0.0170162340825,0.00189825718553,0.00189825718553,0.00188510895004,0.958212287922,0.0154941396489
C000969,0,0.0216648605725,0.0215529305826,0.690417425201,0.015899051817,0.0610986488685,0.012016384977,0.0227285194388,0.154622178543
C000971,1,0.00808464620841,0.334129819538,0.00801722509192,0.00793297346481,0.599088565794,0.00674134656761,0.0101282848542,0.0258771384815
C000972,1,0.0278071810235,0.0278071810235,0.180067034847,0.0277666239036,0.521377966156,0.0278071810235,0.057945381102,0.129421450921
C000973,2,0.0122854334237,0.585251266141,0.0618133880146,0.0123615498385,0.0124491370892,0.0124491370892,0.0153444741823,0.288045614222
C000974,3,0.503683900817,0.145166069393,0.0437955005692,0.0161764076651,0.016343720023,0.016383449633,0.0170090889091,0.24144186299
C000975,2,0.046420476493,0.000889035274038,0.000892642811991,0.000876878417109,0.944917793825,0.000888638891507,0.00115070025604,0.00396383403157
C000977,2,0.0052619362095,0.00526428332666,0.00529187607449,0.00408296578974,0.0052619362095,0.00424864775261,0.941685529771,0.0289028248662
C000979,3,0.0125411678698,0.0159101695402,0.00536657610286,0.00673503611522,0.0128764744656,0.0017258647951,0.0082572163321,0.936587494779
C000980,2,0.00617772621444,0.00601235263955,0.880825039895,0.00613426215339,0.00617772621444,0.00572550373096,0.00716179559983,0.0817855935522
C000981,3,0.00603604189143,0.00603604189143,0.0025105160228,0.00598649831088,0.00202487204481,0.00133911051011,0.006600467606,0.969466451723
C000983,3,0.0822084930933,0.0118493503884,0.025584567891,0.0117520914137,0.756975903459,0.0118493503884,0.0143732375438,0.0854070058225
C000985,3,0.00319021718035,0.00123974932221,0.0031792905919,0.00109292376863,0.00173795081234,0.00189529982151,0.0875654719113,0.900099096592
C000986,0,0.582943319758,0.00405270171784,0.00804768491696,0.163668627311,0.0397757114092,0.00661649258276,0.0107510093482,0.184144452956
C000987,3,0.00903554586467,0.00490396463219,0.0237388385311,0.00486371309465,0.0192867011114,0.00409470598203,0.0112780612825,0.922798469501
C000988,2,0.0204794660884,0.020488601073,0.0140428014029,0.0203353805894,0.590092369566,0.0204794660884,0.0240998772821,0.28998203791
C000990,3,0.0299220101089,0.0157013260576,0.148784699912,0.563717468679,0.0157470000996,0.0260555024367,0.0186712832553,0.181400709451
C000993,4,0.00325766909134,0.689701523102,0.00177060416104,0.00170840445907,0.178712269079,0.00187507016304,0.116263090108,0.00671136983583
C000994,2,0.0410839483719,0.0252427502217,0.0260539321567,0.609558990386,0.0327137590137,0.0259370680861,0.0350932194455,0.204316332319
C000995,0,0.00156559442725,0.00963133283386,0.0349796865994,0.023487322173,0.00649352544484,0.00247407348163,0.0051557950689,0.916212669971
C000996,1,0.00612957328142,0.00794480000318,0.000592649742262,0.00059246960292,0.000593334989394,0.981912585777,0.000790249004514,0.00144433759951
C000997,2,0.000508064847938,0.991869879913,0.000510955683621,0.000504490302742,0.000296004079428,0.000408168199393,0.000555951446045,0.00534648552811
C000998,4,0.0185550960585,0.715821832483,0.0180710647405,0.0173559296683,0.0185550960585,0.0185550960585,0.0198162614607,0.173269623472
C000999,2,0.000432709232395,0.000175549324353,0.000343814665799,0.000429664859783,0.000188158957648,0.000610170545785,0.000533245469444,0.997286686945
C001000,4,0.0708723621862,0.0119608979106,0.101293426929,0.0112059183806,0.00722526101886,0.0119801644712,0.22575586464,0.559706104464
C001002,4,0.00499606948137,0.00095913910434,0.000932981406502,0.00748796994559,0.976922485127,0.000957971202415,0.00106171041646,0.00668167331593
C001004,4,0.0160618007444,0.0160813823435,0.0155707557675,0.6285062214,0.021954580628,0.160100756781,0.0181022872792,0.123622215056
C001005,1,0.00594553776404,0.00841889725338,0.892690893561,0.00840661818686,0.0081299500955,0.0126039835729,0.00962547197807,0.0541786475882
C001006,4,0.920138463014,0.00480353201911,0.00578180120708,0.00522541803735,0.00587594053537,0.00587594053537,0.00716404596044,0.0451348586915
C001008,2,0.0135266230723,0.8355804925,0.0136200065344,0.0133476082826,0.0135266230723,0.0135266230723,0.0201414070326,0.0767306164337
C001012,3,0.0102357915718,0.00987920237202,0.00493844036659,0.00979811429024,0.0068274950395,0.831160116939,0.0187809645,0.108379874921
C001013,4,0.0074398997834,0.00693703729608,0.00722016301677,0.00708838963295,0.0198911897371,0.0620034198379,0.00801136840868,0.881408532287
C001017,2,0.0355786895446,0.041142944085,0.0846836208889,0.0301869698958,0.0664707438232,0.0274659937195,0.0490829759877,0.665388062055
C001018,1,0.0224815021478,0.022045853722,0.0226114563591,0.0210972203869,0.022045853722,0.025297316139,0.0272362799619,0.837184517561
C001019,3,0.00486352182128,0.521706576212,0.0720011622346,0.00698820260883,0.00588681828068,0.269379650481,0.0104605875344,0.108713480827
C001020,2,0.0034737974494,0.0034753469569,0.00347587885271,0.00344935717167,0.0034737974494,0.697274125787,0.256701750159,0.0286759461739
C001021,0,0.000378121881466,0.012516185483,0.00215141202909,0.00217564525265,0.00217564525265,0.00214109530103,0.00231070595339,0.976151188847
C001022,0,0.0127717561946,0.0935952965428,0.0179896622588,0.0142607902759,0.0142607902759,0.0660277115917,0.246637858133,0.534456134728
C001023,3,0.405351688284,0.0145576012749,0.333422306694,0.00637261651679,0.0217067325405,0.0262807140648,0.0152085172747,0.17709982335
C001024,0,0.00417693496243,0.0044064718714,0.0206525732795,0.00940234985815,0.00440903260971,0.000806589741232,0.00448981277279,0.951656234905
C001025,2,0.0126292755712,0.728030618663,0.00398046625715,0.00418309992525,0.156850984277,0.00611045951378,0.0073608864574,0.0808542093346
C001026,0,0.0109210411271,0.0120361761194,0.0102057576933,0.0100401684494,0.0347492362561,0.0119597539672,0.0127829486074,0.89730491778
C001027,4,0.00956679966297,0.034049701218,0.00931723853783,0.696975875531,0.195054921571,0.00956679966297,0.0105940151316,0.0348746486843
C001028,2,0.00526853294675,0.0605717024639,0.00529227125843,0.00419324648882,0.00372744349699,0.844377404761,0.0600705080701,0.016498890514
C001029,4,0.006520086211,0.395285574325,0.00644531544841,0.00611069426315,0.00398389618781,0.547813711808,0.00731987319413,0.0265208485629
C001030,3,0.00167230438126,0.00466888292826,0.00465289186577,0.00463056093156,0.014125472386,0.00239307385687,0.0296536773792,0.938203136271
C001031,1,0.0783741661723,0.228973877428,0.0300982013646,0.0508058863208,0.0384078299611,0.033285311963,0.0511776500406,0.48887707675
C001032,0,0.0598316327288,0.0288554707223,0.206405360404,0.0288722395368,0.0790336150582,0.0207681394666,0.464638005878,0.111595536205
C001033,4,0.0661838793781,0.00652411418496,0.00645968572953,0.00612431848296,0.00653462319876,0.00653462319876,0.825239652824,0.0763991030032
C001034,3,0.306602807436,0.0553703680231,0.0203632278231,0.0260617186122,0.374041780243,0.0920179150227,0.0291655864127,0.0963765964274
C001035,2,0.0149637251748,0.0171609353363,0.302005306917,0.0169262730662,0.0171532840145,0.548356353332,0.0215249320018,0.0619091901569
C001037,0,0.00503030144102,0.0205934422073,0.00561108383687,0.0135174917149,0.00149650837401,0.0168218882494,0.00627073929159,0.930658544885
C001038,4,0.000831205988591,0.00241735907687,0.00184944900459,0.00187771745011,0.0115585665386,0.00241441556397,0.00268226850972,0.976369017868
C001040,4,0.00721967846249,0.00734293756045,0.0244798291855,0.0128523348928,0.00721967846249,0.831257972416,0.0078865409241,0.101741028096
C001041,0,0.368279870655,0.0123895670214,0.0364431619512,0.0117655741058,0.00865551279181,0.385923565751,0.0200240884248,0.1565186593
C001043,4,0.877170140887,0.00277474834245,0.00158809676646,0.0363023390862,0.0030035671022,0.0533759125722,0.00295838348696,0.0228268117567
C001045,1,0.0127600169378,0.0170410972305,0.0145005739955,0.0167213961695,0.450006802485,0.0317429962997,0.0210508761062,0.436176240776
C001046,3,0.0228451081267,0.594528318443,0.0356108448912,0.0223555927364,0.0141003720666,0.0225406050845,0.125491936971,0.162527221681
C001049,0,0.00342904778,0.00881837783714,0.00889314788124,0.829703147943,0.0125847202779,0.00876238668124,0.0128339885516,0.114975183047
C001050,1,0.0407720706218,0.248854674843,0.0835040699084,0.0407126040488,0.180292714236,0.12252381908,0.0531007180113,0.230239329251
C001051,4,0.01800889138,0.0362663155697,0.0258506631264,0.183077252815,0.23644285477,0.0402367055296,0.159975821929,0.30014149488
C001054,0,0.00587145630372,0.0137419771152,0.0128885172815,0.158832206686,0.0158182515993,0.0177323800703,0.00551291713977,0.769602293804
C001055,3,0.0168433008931,0.0256104011009,0.0259810572246,0.0254001919949,0.0256848999383,0.0256104011009,0.0388885510287,0.815981196719
C001056,2,0.00253975548376,0.00136890431064,0.0859079321221,0.039510528363,0.811849703167,0.0155769545498,0.0344355400206,0.00881068198326
C001060,4,0.0158357571967,0.0158102900526,0.230891261893,0.0150743042285,0.0158357571967,0.0158357571967,0.0184973890738,0.672219483162
C001061,0,0.139989482032,0.00717527267074,0.00715063862834,0.00717944244559,0.00708303239997,0.00682801268193,0.0121545928557,0.812439526285
C001062,0,0.0114386218074,0.0127485765632,0.0126108942862,0.0127559851589,0.378479351934,0.0265399942064,0.253876527943,0.291550048101
C001063,1,0.745672284864,0.00907215845463,0.00899940253054,0.00905892659851,0.0964040062925,0.00907215845463,0.014467844612,0.107253218193
C001064,0,0.0024958887692,0.00270974669654,0.174798586497,0.00271132141491,0.00158953695661,0.796346743633,0.0031883244876,0.016159851546
C001065,1,0.0888121015068,0.0387280163269,0.574276204493,0.0854009569571,0.0744011174851,0.0184785496333,0.0218416715936,0.0980613820042
C001066,2,0.0164187694749,0.0164260931622,0.0165121905507,0.0163032534462,0.733818534181,0.0164187694749,0.0198427987935,0.164259590917
C001067,0,0.0171405609608,0.00451339980369,0.00964830248228,0.120770526783,0.00968716725449,0.00953333189943,0.0107994761602,0.817907234656
C001068,1,0.011753276912,0.00316290480452,0.94031036042,0.00698609021126,0.00316290480452,0.00316290480452,0.00413162964644,0.027329928397
C001070,1,0.267828428032,0.0117560760081,0.0114763790787,0.0180135887933,0.530943290272,0.041114644274,0.0148630554256,0.104004538116
C001072,1,0.53890960827,0.133477439032,0.0310914528907,0.0307548029214,0.10138151479,0.0313428126203,0.0521119077194,0.0809304617554
C001073,0,0.0723701335198,0.0391664353616,0.0192482429503,0.0471101136411,0.171394660169,0.0494150000859,0.0227122808074,0.578583133465
C001074,3,0.0092472251673,0.0092472251673,0.00921555314686,0.0091713243281,0.00927412468836,0.251647777813,0.651942116838,0.0502546528512
C001075,4,0.00206054137327,0.00202279365697,0.00153572916986,0.00192737407773,0.00537985000282,0.00208153601859,0.00224395318108,0.98274822252
C001077,3,0.0170316923934,0.730412576178,0.0106175504042,0.0127145471,0.124558583611,0.0128197712487,0.0457122758387,0.0461330032266
C001078,3,0.0224120127873,0.295663258476,0.40800998638,0.0199500240232,0.0199736438173,0.0201151281577,0.0162630006869,0.197612945672
C001080,1,0.851383532893,0.0057779172561,0.00592615398479,0.0057694900918,0.0385831028638,0.0057779172561,0.0073051541026,0.079476731552
C001082,1,0.0545220848995,0.0222181447396,0.0782298406088,0.026428389094,0.262810278519,0.0208497265843,0.0185852947677,0.516356240787
C001083,1,0.173822739833,0.328162912463,0.0146762062633,0.0145691902824,0.00764430893823,0.310640368152,0.0175609609373,0.132923313132
C001084,0,0.00128050248417,0.00176513937611,0.00983759568892,0.00145329356464,0.00176616515368,0.937497475773,0.0336012531839,0.0127985747754
C001085,2,0.137745976782,0.764644950903,0.0052210842154,0.00411782579354,0.00283063463234,0.0345440656557,0.00635556786283,0.0445398941556
C001086,4,0.00149338880273,0.00968976838406,0.00136124300431,0.00226081274542,0.00243222882188,0.00109606895804,0.00259173517509,0.979074754108
C001088,1,0.527898597214,0.0943131501746,0.00606116275718,0.00602127575938,0.00591176943097,0.00591176943097,0.339877013413,0.0140052618198
C001090,1,0.183630702276,0.0248206831293,0.0243424423375,0.0219690383607,0.0248206831293,0.0248206831293,0.0125243576511,0.683071409987
C001092,0,0.00294149583331,0.00484471642757,0.851329279827,0.105819340643,0.00484753184347,0.00481395552372,0.00587261418454,0.0195310657176
C001093,2,0.00255973572532,0.00256087751028,0.924786202075,0.00254172642773,0.00255973572532,0.00255973572532,0.00315263492184,0.0592793518897
C001095,4,0.00158819373873,0.976601461235,0.00153963912334,0.00148555301154,0.00158819373873,0.00158819373873,0.00185137956484,0.0137573858489
C001096,4,0.0134094100991,0.0134257580601,0.0129994546043,0.0140045036422,0.0134094100991,0.605885118412,0.0148493201708,0.312017024913
C001098,3,0.51102616481,0.00425148727134,0.451001305517,0.00419776010699,0.00419913121772,0.00425148727134,0.00490796841777,0.0161646953873
C001099,2,0.00231954392385,0.0138591965279,0.00340265037647,0.00447734367179,0.00460274478967,0.00626241742492,0.0673134430621,0.897762660223
C001100,0,0.0119344859756,0.0133867963411,0.0131046096946,0.0133945758262,0.0133945758262,0.0133017985995,0.78409516746,0.137387990277
C001102,3,0.719649636128,0.0167252689297,0.0166679843876,0.0124272208254,0.0167739215488,0.0167252689297,0.00994448441913,0.191086214831
C001104,0,0.0722334086078,0.122653681143,0.0189652657613,0.0190462047961,0.303455931926,0.15246781647,0.0216940646164,0.289483626679
C001106,2,0.0418277428931,0.00684460322462,0.354746194922,0.461529542989,0.101141478102,0.00703286838001,0.00875528883101,0.0181222806578
C001107,2,0.715079232082,0.120415676369,0.00733664914436,0.0039947314075,0.0947313751135,0.00728634654756,0.0122306646961,0.0389253246403
C001108,2,0.00703927040265,0.885731715104,0.00707098708669,0.00698974485427,0.0529087198092,0.00703927040265,0.00463036165521,0.0285899306855
C001109,4,0.0140026796944,0.0215085226211,0.0136519958706,0.0131092511448,0.815823172151,0.0140026796944,0.0148888644263,0.0930128343972
C001110,0,0.0721197312547,0.0964817680297,0.0292872129545,0.0294051861277,0.0294051861277,0.0292015117707,0.0319062358498,0.682193167885
C001112,2,0.00460650639054,0.0120028804221,0.00463830823144,0.912234673652,0.00906441937397,0.0207231534624,0.00523500898396,0.0314950494839
C001113,3,0.0184229322332,0.0184229322332,0.0183598331439,0.0214059254943,0.172577997276,0.104496599425,0.0214476110506,0.624866169144
C001115,1,0.00159046944261,0.00159046944261,0.00642653278721,0.00156063129537,0.0021260164797,0.00159046944261,0.973088885241,0.0120265258693
C001118,1,0.0172682374314,0.49400300503,0.0175886091838,0.019219294707,0.21157896566,0.0917379060177,0.0309447158399,0.117659266131
C001119,1,0.0313490682129,0.0286630990391,0.0314279965428,0.10337823088,0.199725160805,0.0313490682129,0.0411216205077,0.532985755799
C001120,0,0.00056843760813,0.0116510903286,0.00062778830972,0.000630467554001,0.000630467554001,0.981898277149,0.000761557683092,0.0032319138136
C001121,0,0.00117185700404,0.0138522826154,0.497429619877,0.0667668768557,0.00127300584443,0.390068676095,0.00148925472414,0.0279484269847
C001122,4,0.00282929984419,0.0028327491595,0.00275844271471,0.0026464497382,0.114908093175,0.00305374053743,0.00306388381505,0.867907341016
C001123,4,0.0507265923222,0.184463236243,0.0126681610927,0.556194662714,0.022966765143,0.022966765143,0.0651377282655,0.0848760890764
C001125,4,0.78048140231,0.00910258411838,0.0042579921906,0.00885501971376,0.0124995189662,0.0201686811853,0.0173056088038,0.147329192712
C001128,2,0.00861742266724,0.0141698242931,0.285905693967,0.047346738851,0.0123607524585,0.484881352473,0.012463638333,0.134254576957
C001129,3,0.0094283407825,0.0094283407825,0.0698340154708,0.0095668929516,0.220762923073,0.095881819566,0.536449640183,0.0486480271909
C001130,4,0.00508559951606,0.0050917995787,0.0153745603276,0.00476627804937,0.00508559951606,0.00508559951606,0.924705516594,0.0348050469025
C001132,3,0.0256861442063,0.0256861442063,0.0256273930292,0.0253615416371,0.38832320933,0.252558581612,0.0260555417935,0.230701444186
C001134,2,0.437200927011,0.0151535201168,0.401602205027,0.0150401971197,0.0107975937409,0.015146763815,0.0162999207584,0.0887588724114
C001135,3,0.0119063573906,0.0119063573906,0.0120786766081,0.0078705121374,0.010573383038,0.0119063573906,0.0147184008223,0.919039955222
C001136,2,0.00273878377206,0.00274000542245,0.854360073399,0.00271951476257,0.00305814262596,0.113745529296,0.00340883734311,0.0172291133784
C001137,1,0.0105705583442,0.0757596296219,0.012151090912,0.74636898951,0.0478221536457,0.0123898158212,0.0163340817272,0.0786036804177
C001138,1,0.00608103609754,0.00608103609754,0.00597932107976,0.827739565518,0.116691704457,0.00608103609754,0.00716104766045,0.024185252993
C001139,4,0.0268280301224,0.0263666095632,0.0284629274607,0.0254500392262,0.0268280301224,0.0268280301224,0.0280270565516,0.811209276831
C001140,2,0.697732836646,0.202994820344,0.00517011051645,0.00740855283155,0.0055269459421,0.00750791449242,0.0507344126696,0.0229244065579
C001141,1,0.00830336831694,0.00830336831694,0.00829689507619,0.00829125775081,0.00733562153348,0.326060301335,0.0100207259333,0.623388461738
C001143,3,0.00566892173267,0.292720880733,0.00589347541929,0.0453095028069,0.132703005368,0.489921794466,0.00659875861658,0.0211836608578
C001145,0,0.0344685090346,0.0230945275119,0.0144845055573,0.0142219118995,0.804510323409,0.0141234041482,0.0180445464819,0.0770522719572
C001146,3,0.00304682536281,0.00623636340911,0.528018575454,0.00703491576381,0.00280105923778,0.422178449454,0.00568336796687,0.0250004433513
C001147,1,0.00756823470154,0.00756823470154,0.847522843677,0.00755719633695,0.00756823470154,0.00756823470154,0.0093227593329,0.105324261847
C001148,3,0.0387432135641,0.00964206529447,0.00960904093488,0.00956292362394,0.0280525270483,0.00964206529447,0.100162981614,0.794585182626
C001149,1,0.0124494017434,0.373383306844,0.0122405128242,0.499503675436,0.0124494017434,0.0124494017434,0.0154979887319,0.0620263109336
C001151,3,0.00646835009568,0.00324325454602,0.00323214630302,0.00191877659949,0.00769275671218,0.00515439941261,0.003566346926,0.968723969405
C001152,0,0.00596513105315,0.00665409635313,0.00671051569543,0.00665796325616,0.00524129061264,0.548504869464,0.377183880688,0.0430822528774
C001153,1,0.0296318704866,0.0296318704866,0.189848380069,0.0247722129171,0.00782993290219,0.146013326341,0.0381576665333,0.534114740264
C001154,2,0.00540555275292,0.00526084974215,0.613395156731,0.00536752140179,0.331050065693,0.00540555275292,0.00687615410812,0.0272391468189
C001156,0,0.0204013069793,0.0373873745789,0.0320065980099,0.0374091015489,0.0374091015489,0.0371499882526,0.0654558299873,0.732780699094
C001157,0,0.00111490099772,0.0044941748498,0.00521019331991,0.00860260700622,0.00449678655505,0.00953358539755,0.0026622091824,0.963885542691
C001158,0,0.00286942866692,0.00381045007577,0.00493966150353,0.00495955918185,0.00599663629007,0.00492520690727,0.927479955099,0.0450191022759
C001159,2,0.0283327498708,0.00527607252795,0.0439283842042,0.799302715776,0.00316188688191,0.0017771202888,0.0658888953118,0.0523321751385
C001160,1,0.0166890332678,0.00431033899028,0.00427577139559,0.00430405230716,0.881372647963,0.00431033899028,0.0484055455766,0.0363322715088
C001161,4,0.0145040331805,0.908401137627,0.00712404439973,0.00326786926633,0.00769426209851,0.00769426209851,0.00793205388853,0.0433823374407
C001163,0,0.0124945840828,0.209186441923,0.0179486330849,0.0208234352853,0.00978979766433,0.0295580490415,0.0213659633747,0.678833095544
C001164,2,0.00067290351829,0.00159511818785,0.857038210048,0.0684132909892,0.0536999268922,0.00159440699337,0.001971127526,0.0150150158447
C001165,2,0.951930293425,0.00219557953778,0.00226880658091,0.00224009822291,0.00225597034632,0.00225597034632,0.0026458758905,0.0342074056507
C001167,1,0.0102978517674,0.00180545052824,0.0112789186024,0.731367044895,0.0102490413003,0.0102490413003,0.0125846589266,0.212167992679
C001168,3,0.00860978767261,0.00585881539728,0.00858029889449,0.00853911889383,0.0085037601871,0.039666060398,0.824562962775,0.0956791957822
C001170,4,0.0312880850686,0.00175811158842,0.00171016426619,0.00163542260979,0.00175597081249,0.947354471621,0.00195613867025,0.0125416353636
C001171,1,0.00853155182564,0.00573761277925,0.908164341577,0.00572924439953,0.00521197614377,0.00785361175797,0.00714443319412,0.0516272283222
C001172,3,0.826398923437,0.00401549140479,0.00625971753584,0.00622967485604,0.118975257085,0.00628123093808,0.00681652508567,0.025023179657
C001173,1,0.832624209509,0.130459030495,0.00427980148692,0.00430949798013,0.00431579261743,0.00447498444496,0.00554997466727,0.0139867087992
C001174,2,0.268532375919,0.644499333196,0.00265558145019,0.0117118117798,0.00264366992542,0.00264366992542,0.00347313114174,0.0638404266628
C001175,3,0.00100148787157,0.0111001014855,0.00217604060959,0.00322867218024,0.0032324947607,0.000479250279115,0.00290392423435,0.975878028579
C001176,4,0.696012440244,0.0111436654171,0.19224334241,0.0107594339164,0.0287952751875,0.0115525196992,0.0124062322191,0.0370870909068
C001177,0,0.00928824884982,0.147381441208,0.00448042868793,0.0758125967008,0.0154943983205,0.0177745272138,0.68987617213,0.0398921868886
C001180,3,0.0437712601579,0.0282076455524,0.0281110335298,0.36383769679,0.136263755985,0.0282076455524,0.0201825716827,0.35141839075
C001181,2,0.0110803539868,0.0148246719858,0.185473763967,0.639658309147,0.0225708688453,0.0148180623031,0.0180542699906,0.093519699774
C001182,0,0.00137824127138,0.00265484864716,0.00264573405917,0.067916081673,0.00265639146256,0.840255777094,0.00290877942501,0.0795841463678
C001183,2,0.00299011618545,0.00142738502374,0.048401750671,0.00141671057003,0.00415760628166,0.00052856905188,0.00164673096511,0.939431131251
C001184,1,0.00836101363852,0.8520976447,0.00828674883088,0.00841587270799,0.00842816529206,0.00842816529206,0.0116800045143,0.0943023850238
C001185,2,0.00275895987063,0.00276019052068,0.00277139085474,0.00272244708998,0.114798703924,0.855626533253,0.00354414012538,0.0150176343619
C001186,0,0.00224253140992,0.743214098987,0.00699494423466,0.00412927800058,0.184625139407,0.00689209344277,0.00791150758508,0.043990406933
C001187,4,0.0073916352821,0.0144489013935,0.00728431028526,0.00969865152486,0.0377964056011,0.856627456337,0.0111619065073,0.0555907330693
C001188,0,0.00794506383013,0.00890408358153,0.00887139710714,0.00890925802236,0.00890925802236,0.77922525973,0.010674199372,0.166561480334
C001190,4,0.0493563288943,0.0276807438343,0.0269546443642,0.55015280405,0.0430449543295,0.0253211702623,0.0328036860747,0.244685668191
C001191,1,0.00749882956117,0.00840014269539,0.00749258392085,0.00735814708429,0.531875721778,0.388800111958,0.00927508076833,0.0392993822339
C001192,1,0.0275694560658,0.0385004365199,0.0381937117712,0.0384442831536,0.206458343197,0.246128434761,0.0869811366571,0.317724197875
C001193,4,0.0148668579352,0.133117233683,0.012917412454,0.0165360603602,0.0190095497499,0.476086207775,0.0376063773765,0.289860300666
C001194,4,0.0177004968787,0.0138552400705,0.0088354081099,0.00585284385729,0.00524713494068,0.126774225244,0.0148771199946,0.806857530904
C001195,4,0.71107271833,0.0134802732686,0.0144840905614,0.0139109045705,0.0143356084224,0.00977150000608,0.0157389764054,0.207205928436
C001197,0,0.0210671234692,0.00484563429558,0.0016745987278,0.00990350336092,0.0075013205351,0.00789530218294,0.00951976843932,0.937592748989
C001201,1,0.0250097267397,0.135997115447,0.0250726943517,0.0145004351508,0.0319627135536,0.0395703779637,0.0355124482475,0.692374488546
C001202,0,0.0193773510993,0.0220435379867,0.0219678584308,0.123196360443,0.0110825583268,0.0303828140299,0.0247556199985,0.747193899685
C001203,0,0.0558874845886,0.00556188660907,0.00554146918346,0.0637613575088,0.0719967961438,0.751030196929,0.00666100322511,0.0395598058121
C001204,3,0.0747521140451,0.0159634299242,0.485439108294,0.015832402756,0.0552891920119,0.0894918579836,0.165688582869,0.097543312116
C001205,2,0.139651105494,0.328536705239,0.0060380836098,0.00669428896404,0.016026468078,0.307998235685,0.105731192065,0.0893239208644
C001206,0,0.00163729695245,0.00294480163158,0.00334458140709,0.958129282853,0.00294651294771,0.00292610399237,0.0031168519238,0.0249545682922
C001207,0,0.0363357386584,0.0402863110616,0.040038510357,0.0403097226942,0.0403097226942,0.040030518311,0.0433590483718,0.719330427852
C001209,2,0.0245046184223,0.0245155488494,0.0309277047852,0.0243322135286,0.342057722983,0.0712241651494,0.284327234815,0.198110791467
C001210,0,0.00418528850356,0.0057998795663,0.00558461976167,0.12957017933,0.0058032500573,0.00576305397695,0.797932474308,0.0453612544966
C001211,1,0.719304020387,0.0152550920703,0.0156515171001,0.0160656693736,0.00694574868338,0.0152550920703,0.019024195997,0.192498664319
C001214,1,0.00401220498388,0.19992360484,0.0379464302424,0.00400635313293,0.672766936192,0.00401220498388,0.00497994265619,0.0723523229688
C001216,0,0.00301206892131,0.0810386314055,0.0033507774609,0.00336507774527,0.00336507774527,0.275822588716,0.618174153241,0.0118716247648
C001217,3,0.560547747637,0.00516368916493,0.0308308470785,0.0927561080669,0.199836280577,0.0261689580302,0.00968634215399,0.075010027292
C001218,3,0.00294669063633,0.0204471836689,0.00416932466595,0.00414931454805,0.0964706171021,0.00397525822262,0.842077198321,0.0257644128354
C001219,4,0.01119486143,0.00515383887992,0.0109144967498,0.273049110428,0.0229854823089,0.01119486143,0.0111748758852,0.654332472888
C001220,0,0.429682566799,0.500832148994,0.00663549303802,0.00666381167107,0.00666381167107,0.00661765493015,0.00801080034705,0.0348937125501
C001221,3,0.00330086443948,0.00330086443948,0.00328955888088,0.00981502352034,0.00329285989466,0.0418646493087,0.00419652560175,0.930939653915
C001222,0,0.0288559029744,0.00293374261693,0.701638357542,0.00293544750631,0.025373918434,0.190988745467,0.033627956961,0.0136459284983
C001223,0,0.017095457708,0.455463787354,0.0189144416266,0.135349545261,0.0189906317613,0.0185733872894,0.0219727579234,0.313639991075
C001224,2,0.00325291928532,0.000936688561699,0.000243186914429,0.0167788822341,0.00158317436466,0.00481264525943,0.0018966664684,0.970495836912
C001225,3,0.0163032800818,0.236266084189,0.0176326708913,0.0160972512376,0.016188607244,0.0134497172837,0.0182722386548,0.665790150418
C001229,1,0.0125203267719,0.046842957412,0.850717599329,0.00469161877719,0.0642752757104,0.00469847155648,0.00594868032238,0.0103050701207
C001230,4,0.0179881679756,0.00547760833715,0.00507124881517,0.0029708097484,0.0031760707324,0.0031760707324,0.0035579850201,0.958582038639
C001232,3,0.00165910943774,0.0103234828535,0.00317567985988,0.00316043860776,0.00228435007918,0.00167504953115,0.00342317358375,0.974298716047
C001234,1,0.0305026559823,0.0305026559823,0.0297977385192,0.0304581674786,0.0305026559823,0.0305026559823,0.0337597274838,0.783973742589
C001237,3,0.00509498575187,0.847000909365,0.00508333213783,0.00503059907507,0.00503224221526,0.00509498575187,0.00597657449903,0.121686371204
C001238,0,0.0527102336748,0.0271814933802,0.0270881742701,0.0443267353407,0.365305150125,0.027008907984,0.0295442507626,0.426835054463
C001239,4,0.490856119028,0.00445948147276,0.00433786223281,0.00417438438545,0.00445405135634,0.00445405135634,0.463183251876,0.0240807982923
C001241,1,0.00424268212918,0.00424268212918,0.00416227631303,0.00423649412444,0.00424268212918,0.932510221188,0.00582447443455,0.0405384875527
C001243,3,0.0140539341653,0.0140539341653,0.014005799024,0.0138763308979,0.0138808633118,0.791656385138,0.0146267819116,0.123845971386
C001244,2,0.00222613440079,0.234139144816,0.00731292459351,0.00911424364358,0.00917882224036,0.123150410996,0.580518232839,0.0343600864715
C001246,4,0.0201592850287,0.145854382748,0.0196807080363,0.467181043358,0.0373244200523,0.0360737216665,0.0473051559754,0.226421283134
C001247,4,0.0604008437853,0.0595130590623,0.0151474851698,0.0145336650964,0.0197181372783,0.0244670210228,0.530431075454,0.275788713131
C001248,3,0.000516700755686,0.00117178423183,0.00116777083609,0.000757950208778,0.0023175220354,0.000666261785917,0.00140848775892,0.991993522387
C001249,0,0.0130616055774,0.00413879383728,0.165018035718,0.00414119901953,0.20528325061,0.571115520808,0.0043776617317,0.0328639326983
C001251,4,0.0195717564264,0.0118243768372,0.00677581928526,0.00846093345356,0.0337093928993,0.156479588508,0.187321922769,0.575856209821
C001252,4,0.815625976398,0.00816924084585,0.00794644883096,0.102438348072,0.00815929351697,0.00815929351697,0.00904207575309,0.0404593230664
C001254,0,0.00869075020693,0.0098515841851,0.00964391795692,0.751862395877,0.00985730924809,0.00978903281838,0.0120066967097,0.188298312998
C001255,3,0.233615868695,0.0588293829492,0.0231276960583,0.02291390608,0.440485835554,0.0232071813427,0.0259597642826,0.171860365039
C001256,2,0.6860501353,0.0163168308471,0.0666335449251,0.0161948082305,0.0163095558751,0.0163095558751,0.107716622838,0.0744689461088
C001257,0,0.00503713633254,0.0081845862636,0.00894666033087,0.0115602864011,0.00715111099581,0.766352415158,0.00934342761395,0.183424376904
C001258,1,0.00409501444802,0.862964504339,0.00402781694828,0.00408904181844,0.00409501444802,0.00409501444802,0.00477068952092,0.11186290403
C001259,3,0.823763281609,0.0140908791342,0.0137476879597,0.0109070889785,0.00823767652272,0.0117402587042,0.0160887555902,0.101424371502
C001260,4,0.0191984478957,0.00455804915405,0.0044384859987,0.0022399913588,0.0105483128487,0.0423570630692,0.00491609940774,0.911743550267
C001262,2,0.0200587177554,0.122714328092,0.0283814773101,0.166854735341,0.0155703814027,0.0147761363715,0.0344890944545,0.597155129272
C001263,0,0.0178442644813,0.0654454102287,0.629723138873,0.134881900422,0.0550946267742,0.00430281121684,0.0151087624898,0.0775990855141
C001265,2,0.00899489775188,0.54624283044,0.00905699563756,0.324420479585,0.00408048320477,0.0296452884167,0.0386109800925,0.0389480448709
C001266,2,0.898362764541,0.00635142013764,0.00770207464971,0.00411022287325,0.00380291860183,0.00634858831301,0.00763590029401,0.0656861105899
C001267,4,0.0081036833237,0.0293340628196,0.00785593569853,0.00753256041463,0.00641201372756,0.00599865635635,0.85630672748,0.0784563601801
C001268,1,0.00602248262589,0.0062020242286,0.00521460822474,0.102936181789,0.0062020242286,0.116761895461,0.00748314978327,0.749177633658
C001269,1,0.0103574110425,0.0103574110425,0.0103487845411,0.7822948338,0.0642711467742,0.0103574110425,0.0144702103478,0.0975427914097
C001270,4,0.0309719226772,0.00255772280657,0.00177387377487,0.77044488847,0.0169814642507,0.166697980772,0.00268944386459,0.00788270338368
C001271,0,0.00649513418415,0.00728552856897,0.00726051599762,0.00728976241697,0.871292498307,0.00660045280857,0.00878034356845,0.0849957641485
C001272,3,0.0468128933673,0.0133541139972,0.0134185574204,0.0132445039854,0.168841304375,0.00723657675671,0.174045602454,0.563046447644
C001274,0,0.00391347352295,0.00287955361949,0.00347018893357,0.0139231744061,0.00348416736166,0.000786308023759,0.00734209978005,0.964201034352
C001275,4,0.0434859470538,0.0434160127357,0.0430332583675,0.0415396599086,0.0387439800935,0.341402810667,0.0561705965739,0.3922077346
C001276,3,0.00575610499522,0.00575610499522,0.00573639016491,0.00518447245493,0.00577284909573,0.912435304966,0.00771074295864,0.0516480303698
C001279,3,0.470166445635,0.425443744687,0.0090618221726,0.024866230258,0.00911941664198,0.00909296585031,0.0110173596674,0.0412320150875
C001280,1,0.00964360001496,0.0686117124228,0.00878544190188,0.00892521294313,0.00893824949136,0.0233123770861,0.833621667661,0.0381617384785
C001281,2,0.018411968736,0.0262282168576,0.040386866753,0.0199912802514,0.0142226968863,0.0174237043561,0.0317978896274,0.831537376532
C001282,0,0.785707746527,0.0117095884002,0.0117243786942,0.0117163932074,0.0129020362264,0.0128649652822,0.0117848730247,0.141590018638
C001283,3,0.037902185227,0.311224432803,0.192327925402,0.0374232053301,0.037635591565,0.037902185227,0.0570484878425,0.288535986604
C001284,3,0.0151340649871,0.0151340649871,0.0146340886816,0.0150098452117,0.015178088907,0.0151340649871,0.599199698497,0.310576083742
C001286,4,0.0147031604266,0.014366828113,0.0221748461073,0.00772140779561,0.406623003901,0.0124484803408,0.35623242475,0.165729848566
C001287,3,0.0102726797025,0.371786381567,0.162183675805,0.0285941171125,0.237805766714,0.00438999221347,0.0189135313913,0.166053855494
C001288,1,0.210098062033,0.308960802809,0.183277978055,0.0110239477306,0.00743459296477,0.228549767471,0.0139425187729,0.0367123301635
C001289,0,0.0414476054105,0.0387799536079,0.0331987576007,0.0388024898491,0.0388024898491,0.0385337252801,0.0393963641939,0.731038614209
C001290,0,0.0159448006711,0.0178626759846,0.615545607337,0.0178730565431,0.0178730565431,0.013225874279,0.019826845217,0.281848083425
C001291,2,0.264036991174,0.00751989225389,0.00705674016997,0.640527516017,0.00936582109564,0.00936582109564,0.0105802249858,0.051546993208
C001292,4,0.00418580773459,0.00419091082422,0.00405783828116,0.0039152901401,0.00834763428154,0.00418580773459,0.917247042461,0.0538696685432
C001293,3,0.816760006427,0.0170073997248,0.00135336993075,0.00134687461219,0.00132205676097,0.00135802119361,0.156377475114,0.00447479623642
C001294,3,0.0132814745567,0.880454362403,0.00696935574988,0.0068482343973,0.00688709987412,0.00693588500277,0.0110268519726,0.0675967360439
C001296,0,0.0165586593807,0.0848672452896,0.00538974773952,0.766876773855,0.0223895797826,0.00555702813891,0.0059171225847,0.092443843229
C001297,1,0.0116080322045,0.671499635708,0.133339622945,0.0470034283435,0.0202510041709,0.0158843972614,0.0196667848839,0.0807470944834
C001299,1,0.00544792527611,0.00544792527611,0.749224469252,0.0376348040762,0.00544792527611,0.00544792527611,0.160745078462,0.0306039471049
C001301,4,0.00205166873897,0.00515424949294,0.00271517493674,0.00911592473484,0.00278790057421,0.00151584523159,0.0393896058141,0.937269630477
C001304,2,0.00645942104612,0.0847700049502,0.00826758003488,0.0101238572226,0.107741443864,0.0129136664745,0.0162852807926,0.753438745615
C001306,1,0.000583915050325,0.000583915050325,0.992102910823,0.00058306340295,0.000583915050325,0.000583915050325,0.000740095910469,0.00423826966184
C001307,4,0.0024315435486,0.00243450794292,0.00681077349528,0.724696173982,0.0780752299016,0.0180057712835,0.158760285102,0.00878571474464
C001308,4,0.00265796874251,0.00265369418385,0.0026702400588,0.00253402754141,0.00265796874251,0.00345917827948,0.00301948064764,0.980347441804
C001309,0,0.0125786717492,0.0609901662017,0.0137997585966,0.0138553460406,0.701567088156,0.00885960569681,0.00744242662736,0.180906936932
C001310,4,0.10224270587,0.00502024013552,0.100921846375,0.00688637051185,0.76167416389,0.00503700499394,0.00561931983616,0.012598348387
C001311,4,0.0145880287162,0.019335148357,0.189669457935,0.0134245104285,0.0257461336643,0.0400115489935,0.0189172413311,0.678307930574
C001312,3,0.849058666457,0.00584234056406,0.00582233037437,0.0899849705979,0.0179369534454,0.00584234056406,0.00610459623896,0.0194078017579
C001316,2,0.0564640619708,0.0262296441413,0.0217416406168,0.0260545765446,0.0262391851702,0.0262391851702,0.417560324674,0.399471381712
C001317,1,0.00423006044623,0.00374981324034,0.00384601746469,0.00188046943804,0.0185460815438,0.00172565386349,0.00457776717389,0.96144413683
C001318,1,0.0179349625525,0.0197384937038,0.019788189801,0.0197097048648,0.0197384937038,0.0591875079213,0.297960952468,0.545941694985
C001319,1,0.0222352616807,0.0165055009943,0.603775586184,0.017153621727,0.0171989274601,0.0768447936308,0.0479321090715,0.198354199251
C001320,2,0.724123639321,0.016117006089,0.0224587182013,0.0470842927958,0.0223316534361,0.0223316534361,0.027894632085,0.117658404635
C001321,0,0.863154142162,0.00643798343711,0.00649257038205,0.0820458745563,0.00439670404819,0.0063971062893,0.00725737586628,0.0238182432592
C001322,4,0.00704154207337,0.0149451851598,0.00425275265216,0.829948792349,0.097766455357,0.00381070125333,0.00424883937961,0.0379857317753
C001323,3,0.0101755217625,0.0100158633996,0.00742865952352,0.0106104039037,0.370567571151,0.0588482923499,0.132771239569,0.399582448341
C001324,4,0.0282430065671,0.00542317228035,0.00221988842179,0.00506651032387,0.0329612188141,0.00959457314066,0.00586063866673,0.910630991785
C001326,3,0.0179999181512,0.0179999181512,0.0179382678977,0.0177724484449,0.0177782534443,0.674814677501,0.0223123711734,0.213384145236
C001327,0,0.890305470157,0.00822078028245,0.00761187761728,0.004086225949,0.00764253937258,0.00421662038086,0.00445672712753,0.0734597591136
C001328,4,0.0331691420902,0.0350281816385,0.0388173524599,0.0298737214056,0.107284290694,0.0399987107615,0.047716994421,0.66811160653
C001331,3,0.0449106167783,0.0420415953452,0.00981987921916,0.0105729497622,0.192189702454,0.0296908118421,0.2895209006,0.381253543999
C001332,3,0.267005993726,0.0274022165906,0.0275344524425,0.0271773003376,0.0384665332701,0.0274022165906,0.0314710218203,0.553540265222
C001333,4,0.00936193543239,0.64639819002,0.00912747464432,0.00870213474853,0.0103019634373,0.243663584546,0.011383664174,0.061061052997
C001335,0,0.961820857177,0.00071628867786,0.000713659215624,0.000716704935562,0.000716704935562,0.000711740695026,0.0312533479539,0.00335069640916
C001336,1,0.00105778242203,0.00105778242203,0.000613782740083,0.000676532066559,0.00236962846348,0.000127691754453,0.000191053370193,0.993905746761
C001337,1,0.00263020933315,0.114592328553,0.0013025478151,0.0012551211546,0.202708238884,0.672615693195,0.00153798330339,0.00335787776178
C001338,1,0.0428244670475,0.0151850661773,0.348511286474,0.0218377309376,0.424978871692,0.0118719672088,0.0255221288907,0.109268481571
C001339,4,0.00238258952211,0.00565988604355,0.00467719887374,0.00577160124341,0.00617706443573,0.062516305739,0.878660360938,0.0341549932042
C001340,2,0.00280298746551,0.00610790717542,0.0061326919141,0.00401471478097,0.00610518392273,0.0304839485803,0.343459111524,0.600893454637
C001344,2,0.0151390860621,0.0832720983307,0.10058816707,0.135923935124,0.00930514901449,0.00516258589572,0.0124524211057,0.638156557397
C001345,3,0.00384463331601,0.00317577407843,0.000821558858877,0.00314970745701,0.00527655561308,0.00247742226096,0.00372983534892,0.977524513067
C001347,3,0.106077985708,0.0175394618698,0.0174993443643,0.017395498697,0.0443690974052,0.0175394618698,0.0333863883516,0.746192761734
C001348,0,0.00196187079599,0.000695341327915,0.00248431865679,0.000876424838863,0.00249432585535,0.00142670829077,0.002644200662,0.987416809572
C001350,0,0.0167021802035,0.0127809109775,0.227717780246,0.593054411827,0.0144995694953,0.0169579342263,0.0119967591108,0.106290453913
C001351,4,0.0337995402671,0.0338407466709,0.293384234434,0.0849861663821,0.0337995402671,0.15907496745,0.0384954862266,0.322619318302
C001354,3,0.639215612663,0.115318645941,0.015586863185,0.0155120561131,0.015535743735,0.0156404321289,0.0188915739326,0.164299072302
C001355,0,0.0224232107465,0.0248032621593,0.223201784913,0.0252946893503,0.0252946893503,0.0247389379971,0.447484502761,0.206758922722
C001356,3,0.311712334757,0.00411740807625,0.00410330583148,0.618834949218,0.00408844734772,0.00411740807625,0.0184851745729,0.0345409721201
C001357,4,0.0058907211378,0.00301939110843,0.00607759357267,0.00369088797566,0.00221694565585,0.00953092812359,0.00429896555479,0.965274566871
C001358,0,0.0149262350112,0.0976406134016,0.0249209239929,0.0426452338214,0.222101917017,0.0164236883461,0.224460450105,0.356880938304
C001359,2,0.00683368421175,0.0271826823267,0.00686447459067,0.00678560508725,0.00310112876549,0.00683368421175,0.894879927932,0.0475188128739
C001360,3,0.0166595278139,0.0656506910365,0.0240085329006,0.543902786885,0.0171529299116,0.0240910454457,0.0291863922932,0.279348093713
C001361,3,0.0381470845094,0.0381470845094,0.0389967328206,0.0378339748279,0.0380545784241,0.0381470845094,0.0409156073949,0.729757853004
C001363,1,0.00509702127424,0.0103840819729,0.0156793411861,0.0932808000468,0.0268622205917,0.128986964428,0.0129099169294,0.706799653571
C001364,2,0.0059309011398,0.00577213490612,0.00592730101385,0.761253390302,0.177287230391,0.0059309011398,0.00769958346596,0.0301985576413
C001365,2,0.000786093318703,0.000786443960186,0.000469444317529,0.000780562674125,0.000198590085116,0.000251692296578,0.000458701138521,0.996268472209
C001366,0,0.0118201645436,0.0179383146218,0.0140679620184,0.0179487391363,0.0179487391363,0.104948571967,0.0195095021442,0.795818006433
C001367,4,0.839858657473,0.00779069638359,0.00755139265909,0.00729263290679,0.062499588592,0.00778120999182,0.00839202621331,0.05883379578
C001368,1,0.133491260223,0.54962648658,0.0145486405299,0.0389862842799,0.027280889308,0.0184018041739,0.0279995633159,0.189665071589
C001369,1,0.0317528473176,0.00825507723595,0.0120331588812,0.188192945092,0.00654796782849,0.0359512525068,0.0242772034704,0.692989547668
C001370,1,0.0130204673468,0.031800246542,0.0728386129217,0.0324832613012,0.0077981246903,0.781691104351,0.00538332569241,0.0549848571549
C001371,3,0.0103581609021,0.0506442415713,0.00890053706975,0.0161511885413,0.026587685647,0.354998231292,0.0178961538893,0.514463801087
C001373,2,0.000459893471161,0.00141903593304,0.00142479411399,0.0205511453202,0.0359363967256,0.00141840324604,0.931570253598,0.00722007759239
C001374,2,0.0628547092155,0.0267240212101,0.0268965179232,0.0265241702081,0.0267121061202,0.0267121061202,0.0329076900012,0.770668679201
C001377,2,0.00173236272848,0.00173313545892,0.00173340071229,0.00172017450311,0.00136525380168,0.00717668303356,0.00277126286925,0.981767726893
C001378,3,0.796505531254,0.0168517824474,0.132802561327,0.00457423543852,0.00457965109612,0.00461209129184,0.00518937637652,0.0348847707684
C001379,4,0.457521939663,0.0553596431253,0.00824997336484,0.00792349313895,0.424963654764,0.00999157053492,0.00898985654979,0.0269998688594
C001380,1,0.0136029948556,0.0145340845323,0.020453021186,0.014512886389,0.0145340845323,0.0188960793568,0.0885347332736,0.814932115875
C001382,4,0.00215751431968,0.00216014463375,0.00374905776568,0.00201807992115,0.00215751431968,0.00182604731214,0.012552369635,0.973379272093
C001385,1,0.020278653515,0.0242589507736,0.0211787987932,0.0255458287895,0.0242589507736,0.0454988266695,0.0296306862978,0.809349304388
C001386,2,0.0121243457092,0.385427521286,0.462774802414,0.0291683648874,0.00775597472375,0.0121243457092,0.0144725228909,0.0761521223793
C001389,3,0.00530443349111,0.279890867344,0.010362291599,0.00479157352381,0.0104281514972,0.0252432988441,0.300808340611,0.363171043089
C001391,0,0.00734410641498,0.121900182171,0.00802159570342,0.00822178330966,0.747761024478,0.00809121872649,0.0100502654123,0.0886098237833
C001397,2,0.377166129182,0.00585893155468,0.551211568195,0.0058151165415,0.0160878109181,0.0058563193095,0.00656152009474,0.0314426042047
C001399,0,0.00677418092819,0.00739561512506,0.00737022460614,0.852660096618,0.0073999129478,0.00585231644511,0.0253321923161,0.0872154610132
C001400,4,0.00418367120788,0.00358010147647,0.00405576707283,0.00380719326881,0.295537874224,0.00418367120788,0.66737661484,0.0172751067028
C001402,0,0.0213150401229,0.023807178038,0.0237197830008,0.023821013132,0.0596540485649,0.023656017423,0.639879568876,0.184147350842
C001403,1,0.0146276869813,0.0615282332789,0.0094685601536,0.487210936984,0.0666253291878,0.0197381947013,0.0185016810279,0.322299377685
C001404,3,0.385430746162,0.0254155260124,0.00873882262687,0.00869688181269,0.139001669173,0.10624339394,0.010637585173,0.3158353751
C001406,1,0.882330644469,0.00879121099604,0.00872117329707,0.00877838890528,0.00879121099604,0.0154593373529,0.0115745224229,0.0555535115604
C001407,2,0.00889502891467,0.00891979461213,0.0104004976688,0.0076333763507,0.0188694082296,0.876475415069,0.0137473209178,0.0550591582372
C001408,1,0.00329798142242,0.00126553486643,0.00195367547449,0.00353040159137,0.000918108683595,0.000914783246556,0.00247627065802,0.985643244057
C001409,0,0.00588957665811,0.0209447405995,0.0208728334189,0.0209569122418,0.0119760194422,0.0422195300722,0.0251876038438,0.851952783723
C001410,3,0.0124822794804,0.00798235104971,0.0437874042007,0.0123798254501,0.0123944825215,0.0433787186691,0.828497927351,0.0390970112778
C001413,3,0.0104068431786,0.00173306168516,0.0499787044549,0.00562019057507,0.0152949712852,0.00270651164195,0.00588814173579,0.908371575443
C001414,2,0.00148164712494,0.0467215842015,0.104130364268,0.00147122283632,0.836876600188,0.000912186999239,0.00243786440793,0.00596852997436
C001415,2,0.00312359794415,0.00132185344829,0.00117224246985,0.00080531731459,0.000905727487033,0.00101244243158,0.00136710258299,0.990291716322
C001416,3,0.947174718563,0.00288497302381,0.00287509190564,0.0028485148599,0.00284944526783,0.00288497302381,0.00354936257313,0.0349329207825
C001417,3,0.00329562459203,0.670043348415,0.00328433698007,0.00326857424258,0.00330521132984,0.00329562459203,0.294721924349,0.0187853554997
C001419,2,0.310566379063,0.00841688875826,0.597514812253,0.00830179443589,0.00841313603014,0.00841313603014,0.0104755939083,0.0478982595216
C001420,3,0.0140868727008,0.0140868727008,0.0141548522238,0.0139712482362,0.693930962165,0.0448999835021,0.0259259765946,0.178943231877
C001421,0,0.164707968239,0.0136490657122,0.0094132954657,0.00945121359531,0.732629613329,0.00938574997796,0.0104258685329,0.0503372251482
C001422,0,0.00190842892089,0.00207167670121,0.0437399470735,0.00207288061719,0.939744575931,0.00205852285645,0.00256379824,0.00584016965968
C001423,2,0.0284600455989,0.465831562813,0.0221111699625,0.0218050692383,0.0271928624142,0.123588888192,0.0301683260129,0.280842075768
C001424,3,0.0296841044524,0.0143181948679,0.046272722499,0.040299514422,0.00986792658137,0.719033938601,0.0157552501866,0.12476834839
C001425,3,0.0312063454696,0.840350496733,0.0067951958933,0.0802547017083,0.00169490715387,0.00498733599743,0.019987384353,0.0147236326913
C001427,0,0.741405309129,0.0197607607033,0.0196929183453,0.019772244298,0.019772244298,0.028836544269,0.0215345368469,0.129225442111
C001428,3,0.00270507832994,0.0618558434502,0.887916164659,0.00261810535602,0.00264745140945,0.00263977249879,0.0221076964255,0.0175098878711
C001432,4,0.000262800265381,0.00711924762795,0.00060131569653,0.00289394039731,0.000635958140323,0.00101335120784,0.945262858202,0.0422105284629
C001433,1,0.000827400073736,0.958933298095,0.0142810666153,0.000826193300421,0.000827400073736,0.000827400073736,0.021818232922,0.00165900884656
C001436,3,0.0142314113158,0.0142314113158,0.460403109836,0.0114843904017,0.0142728094803,0.0142314113158,0.412654904992,0.0584905513433
C001437,0,0.262008516573,0.0382489728175,0.0377027775955,0.0385278337744,0.0322930457609,0.0382609716045,0.0417733420704,0.511184539804
C001438,4,0.00248576673532,0.00724044685722,0.0129708938939,0.00264680553091,0.00135868490557,0.00391069119332,0.00429748012651,0.965089230757
C001439,2,0.522211740507,0.00832137252476,0.00858878186038,0.380485352008,0.00855025715693,0.00855025715693,0.00957832264407,0.0537139161416
C001440,1,0.452667118205,0.0297000588882,0.0291278030963,0.0296567409823,0.0297000588882,0.0297000588882,0.0407730837314,0.35867507732
C001441,3,0.00529227992386,0.181868895497,0.541795709414,0.00522539998865,0.0052271067565,0.239692887669,0.00557265659689,0.0153250641539
C001442,3,0.00160659006072,0.00160659006072,0.975323075931,0.00159340323639,0.00104439219438,0.00160659006072,0.00227317821019,0.0149461802462
C001444,4,0.0151769291637,0.0151954319795,0.0146239618022,0.0144976600173,0.0151769291637,0.0299253562638,0.0137326518319,0.881671079778
C001445,2,0.0185477003555,0.0180511908943,0.0186532348246,0.392354612194,0.0185477003555,0.0185477003555,0.0202905937422,0.495007267278
C001446,0,0.0248183750554,0.0122498907984,0.0126325378101,0.0103729800043,0.189310469541,0.0120623643081,0.0130459582256,0.725507424258
C001448,4,0.00505247150502,0.00504434609501,0.00499453099087,0.88867406008,0.00505247150502,0.00755445810897,0.00542395751662,0.0782037041987
C001449,3,0.00615639643,0.55928485085,0.0883607064808,0.0061058649844,0.0245361501636,0.00615639643,0.268784847569,0.0406147870924
C001450,1,0.853989681463,0.00769331920654,0.00656354335547,0.00655696980202,0.0065665471929,0.0065665471929,0.00865653845194,0.103406853335
C001451,1,0.00742716417044,0.82978761878,0.0109135771376,0.0109061619075,0.0109220919147,0.0062947438657,0.0179567007818,0.105791941442
C001452,2,0.0060739450883,0.00607665440673,0.00441859554795,0.0558952663577,0.0060739450883,0.446592284782,0.449307647935,0.0255616607937
C001453,3,0.0207849218251,0.0163838922541,0.0208852243621,0.36416058445,0.0207345187136,0.0207849218251,0.0270345971843,0.509231339385
C001456,2,0.00645685521294,0.0127205853492,0.135601820306,0.00342817704366,0.00703537494782,0.472056650788,0.342100882582,0.0205996537705
C001457,4,0.532131285834,0.00858732385384,0.310725538625,0.00980403436161,0.0567721291726,0.00857686744349,0.00916298906443,0.0642398316448
C001458,1,0.283299576966,0.0385296228235,0.0660076958847,0.0384734268886,0.0385296228235,0.0385296228235,0.373311419892,0.123319011898
C001459,4,0.0583793291795,0.00348304203645,0.00338805231,0.810575721923,0.108063329148,0.00347880088782,0.00388659331688,0.00874513119876
C001460,0,0.0344332421002,0.0185054016253,0.0174396935327,0.0175099431666,0.017923850702,0.141947613521,0.0193622399251,0.732878015427
C001461,3,0.00798850224823,0.00798850224823,0.812039416677,0.00792293295435,0.00680407290214,0.00798850224823,0.0102313524914,0.13903671823
C001462,1,0.00376783674883,0.00376783674883,0.00376489937288,0.003762341312,0.553797979486,0.0369193926013,0.376019049067,0.0182006646629
C001463,0,0.0226915771307,0.114970432804,0.0247460621358,0.0252875843463,0.0252875843463,0.034020931273,0.0306331612179,0.722362666746
C001465,1,0.00520792721821,0.00914740836111,0.0861242905058,0.0358227931788,0.0242534575904,0.00666385532773,0.466403910211,0.366376357607
C001466,4,0.00204879511884,0.0102020481086,0.0110383581995,0.0102692552541,0.0425017840755,0.010091259212,0.853482242641,0.0603662573902
C001467,4,0.954670538945,0.00268751699764,0.00248599957507,0.00261171296494,0.00269184603794,0.00269184603794,0.00309153356593,0.029069005876
C001468,3,0.00432666125918,0.86979726725,0.0068839404458,0.00695267614976,0.00374423323618,0.00701021570845,0.00993840919736,0.0913465967529
C001469,1,0.0230158172801,0.646721093417,0.0135351760754,0.0159584653067,0.0230158172801,0.00845500681522,0.0282126925369,0.241085931289
C001470,4,0.156891528361,0.0226137260694,0.453317869584,0.0211265050544,0.0167364153125,0.0225861903198,0.171721869094,0.135005896205
C001471,2,0.0439429764883,0.0406160250591,0.104870192658,0.00750873665607,0.0115940349201,0.00986170498163,0.0108009739643,0.770805355272
C001472,1,0.000992549750694,0.00105344520926,0.00105262395164,0.00760007376163,0.000695940523608,0.00387742015669,0.00139032855613,0.98333761809
C001474,2,0.677031243785,0.0121440203887,0.0143143310607,0.0141498662983,0.0142501245914,0.197110935267,0.0170875400596,0.053911938549
C001475,1,0.0205950201701,0.0205950201701,0.0202570643753,0.0573601548778,0.0205950201701,0.0205950201701,0.0267519249194,0.813250775147
C001477,2,0.0112639930364,0.169373731211,0.0151487504726,0.679546877168,0.0103953605496,0.0151758213188,0.0194035115004,0.0796919547425
C001482,0,0.0101590149751,0.0185105272693,0.712566313875,0.0146600063156,0.0247967569198,0.0305414900348,0.0210288414833,0.167737049127
C001484,2,0.00983633916892,0.28885833752,0.421912874029,0.00970616254029,0.00983633916892,0.00983633916892,0.219958259719,0.0300553486853
C001485,4,0.00973665768122,0.00197149248926,0.000616123059822,0.00184183472955,0.0019690918887,0.0172233978006,0.00496501299057,0.96167638936
C001486,3,0.0285587227738,0.00230893649767,0.00230102832169,0.941565951607,0.00202698688733,0.00230893649767,0.00356021037139,0.0173692270432
C001487,0,0.00472546048356,0.360157330395,0.0631732805592,0.00528554896704,0.00528554896704,0.00538032617134,0.466011085606,0.0899814188501
C001489,1,0.00551189798625,0.0062927386686,0.00592811285924,0.00815426761349,0.00209906541735,0.0143585838991,0.00765924693938,0.949996086617
C001492,0,0.0128222003488,0.0192186630593,0.0143026102856,0.171049419096,0.0143602232897,0.238228370983,0.017920509081,0.512098003857
C001493,0,0.0955734285103,0.00990927335391,0.0297853342546,0.00712680070154,0.0334458897782,0.00796559323974,0.0110986717321,0.80509500843
C001496,0,0.00446299583035,0.0158929153927,0.124203938094,0.0482504960502,0.0172431628749,0.0394704643424,0.0176195371238,0.732856490292
C001497,3,0.909156673886,0.00523473167755,0.0170382057002,0.00519176521787,0.00383061998585,0.00510441532343,0.00617749560657,0.0482660926027
C001498,1,0.491909409997,0.00548905333208,0.00544327790857,0.00548104747942,0.0552152136462,0.414709486247,0.00704291049391,0.0147096008958
C001499,3,0.00803135855204,0.861280078459,0.00800385091081,0.0079654374954,0.00805472120349,0.0117634912633,0.0604914532299,0.034409608886
C001500,3,0.0157160279391,0.0157160279391,0.533417464522,0.0155174203549,0.0157617447478,0.259904400266,0.0199637680471,0.124003146184
C001501,4,0.616429760093,0.0168737392717,0.0284056175781,0.0157778898422,0.0168531928541,0.0168531928541,0.0173531355045,0.271453472002
C001503,3,0.000925899970404,0.00127098981705,0.00126663663923,0.0013695654762,0.00118313914583,0.000398436709658,0.000946877653261,0.992638454588
C001504,4,0.944181757698,0.00180185135046,0.00177082473365,0.0397821350684,0.00179965731453,0.00179965731453,0.00203779881002,0.00682631771051
C001506,4,0.00343722526458,0.00343093665704,0.00446899792117,0.447592526135,0.00250074642424,0.00458869949851,0.475853213576,0.0581276545238
C001509,0,0.00300690103554,0.00327980502733,0.0508559678687,0.816086940899,0.00347095576355,0.0034469142669,0.105302870642,0.0145496444972
C001510,2,0.0342656490267,0.256900323557,0.0110658399892,0.0698402730236,0.00604813689778,0.0110162045216,0.0911726132726,0.519690959712
C001513,4,0.0176603079773,0.703106586642,0.0173959637966,0.017134581495,0.0176603079773,0.0176603079773,0.0208802102576,0.188501733877
C001514,3,0.0123378680106,0.0149793656083,0.366278626423,0.508043418332,0.0150229395187,0.0149793656083,0.0156442221798,0.0527141943199
C001515,4,0.00406697485611,0.00681846002699,0.00663960355399,0.0058426266628,0.0153787007158,0.00369883616147,0.00666404760196,0.950890750421
C001516,2,0.000627154027419,0.00062743377311,0.000555724773131,0.000372902145504,0.000627154027419,0.000161150923327,0.000350755833229,0.996677724497
C001517,3,0.0094435230579,0.0185215237907,0.130037617605,0.00936601101379,0.0109915527668,0.762051710017,0.00811891119162,0.0514691505571
C001518,1,0.00543714937977,0.475989213544,0.180782403476,0.0103481701401,0.0302850838555,0.0210959655064,0.0245735854808,0.251488428617
C001520,0,0.00542739638768,0.400906888444,0.0058861609224,0.00590987123869,0.00419808183319,0.540508320924,0.00696534835821,0.0301979318923
C001524,1,0.0142179215314,0.527921519788,0.0142015011448,0.185100842698,0.156907130241,0.0142179215314,0.0182701987043,0.0691629643607
C001525,2,0.0374383061271,0.0482219215329,0.0376069910701,0.0787612927373,0.217918266128,0.0641536017018,0.0459592960648,0.469940324638
C001526,1,0.00136817434912,0.978916212515,0.00134528945318,0.00136617884978,0.00136817434912,0.00136817434912,0.00268450662088,0.0115832895143
C001527,4,0.130195936686,0.272336185556,0.00825763973379,0.00496020804272,0.00394951172421,0.518338742315,0.0089072827075,0.0530544932344
C001530,1,0.0112369764191,0.0112369764191,0.0110490200844,0.686993277977,0.0112369764191,0.0112369764191,0.0160948909814,0.24091490528
C001533,0,0.00416380481133,0.163439245155,0.00592297680754,0.199518799422,0.00594683542359,0.536776335065,0.0145581541327,0.0696738491823
C001534,3,0.00412935967412,0.237007039531,0.00739537562133,0.645754084923,0.00761945063806,0.0150605366869,0.0425318416152,0.040502311311
C001536,2,0.00202900213684,0.00197468711459,0.00204054694613,0.00201472687282,0.00202900213684,0.962997317891,0.00223738393508,0.0246773329665
C001538,2,0.00517025519281,0.0060231145043,0.00604755517027,0.00597807167712,0.00393952625856,0.00456042186158,0.909023758522,0.0592572968139
C001539,2,0.0111583745844,0.238510072963,0.0129924974145,0.0127326492585,0.518981201552,0.0656174873842,0.0153602676575,0.124647449185
C001540,4,0.0257595346846,0.177508898669,0.0250875671839,0.532386014164,0.0227319274534,0.0257595346846,0.0298045949347,0.160961928225
C001541,0,0.137510130182,0.00877544056345,0.0242749864375,0.0179337517975,0.183542023643,0.284220274343,0.205290936438,0.138452456595
C001543,3,0.0247717384486,0.0193384878625,0.0860431990804,0.0231014866482,0.0097693272372,0.415487998295,0.0282439312378,0.393243831191
C001545,3,0.21911739804,0.0353528955417,0.173489660629,0.322618262231,0.0175211354629,0.028301118159,0.0389863980933,0.164613131842
C001548,4,0.00343416919259,0.00132397207023,0.950258551744,0.00174400101787,0.0311619211466,0.00187255261485,0.00238096915732,0.00782386305639
C001549,4,0.00246276211853,0.0016112102779,0.00238747000235,0.965093355054,0.00246276211853,0.00246276211853,0.00263034027353,0.0208893380363
C001550,4,0.0318662003988,0.0767378613923,0.749526390738,0.0113426694223,0.0208246709516,0.00928852127566,0.0126793397076,0.0877343461138
C001552,2,0.0357235303883,0.00995280816902,0.0262197114296,0.0227278324006,0.00801694368515,0.00707516760809,0.775049767292,0.115234239027
C001553,1,0.00362370930548,0.0237538113641,0.146319600978,0.0228319768645,0.341728004752,0.0228653262277,0.0337990568929,0.405078513615
C001554,3,0.236559341332,0.180309056601,0.273027052864,0.0209552740578,0.0209800840158,0.035736600361,0.0255944274944,0.206838163273
C001555,2,0.00718624481002,0.00718945027619,0.0213131849914,0.00709114020801,0.00718624481002,0.0296409668033,0.00904352318302,0.911349244918
C001558,3,0.0116536982399,0.00928796135529,0.0502923232914,0.0135546414467,0.0258026052757,0.0150319670219,0.00336754475433,0.871009258615
C001560,0,0.0108335954973,0.00703737799466,0.853981534918,0.00704146763461,0.00704146763461,0.0069926950682,0.0662477582502,0.0408241030027
C001561,2,0.0360785841219,0.0351127846957,0.0362838674804,0.0358247493405,0.0360785841219,0.0360785841219,0.0404766475722,0.744066198546
C001564,3,0.0026089747684,0.00345063152908,0.953346394053,0.0038522247284,0.00389540388941,0.00388410530303,0.00628907994738,0.0226731857809
C001567,3,0.00397968474371,0.795708260824,0.0321769206622,0.00394701965701,0.132809797823,0.00397968474371,0.00467492123199,0.0227237103143
C001568,4,0.00542707003459,0.00561821278949,0.00430947239657,0.00536486307604,0.0109341124899,0.0930644719034,0.698685790144,0.176596007166
C001569,4,0.00124302773752,0.1274138721,0.0012287729978,0.00116096537103,0.84496151257,0.00124302773752,0.00143013896405,0.0213186825228
C001570,2,0.0748485894286,0.226160768212,0.00509335316431,0.00506655612214,0.00510245499621,0.642073828701,0.0294784027777,0.0121760465986
C001571,3,0.00132738337732,0.10475627924,0.00132283704989,0.0175085100269,0.00133124464126,0.844765729788,0.0230622712634,0.00592574461334
C001572,3,0.644010551553,0.0225009940711,0.0224239274991,0.0884480573614,0.0222238996858,0.0225009940711,0.0237210288083,0.15417054695
C001573,4,0.0181882679457,0.00710483934944,0.0028819940482,0.00421021162382,0.232365916419,0.119179082679,0.00758683006536,0.60848285787
C001574,1,0.0334789945229,0.0334789945229,0.0328321757473,0.0334301649923,0.0731008256076,0.254791488733,0.041996047684,0.49689130819
C001575,4,0.0056273832094,0.00580937226237,0.00565093872172,0.811826888892,0.00277045788092,0.00580229844271,0.00697670689102,0.1555359537
C001576,1,0.0240651749036,0.0240651749036,0.0236537586223,0.0158966636634,0.0395438398949,0.0299008388784,0.029056985412,0.813817563722
C001577,1,0.010107587823,0.326934578243,0.00889731241685,0.00717246031518,0.049072435912,0.30259624772,0.212983960405,0.0822354171646
C001578,3,0.00694209569067,0.0129990378708,0.00692621723532,0.00685436659911,0.00696228975385,0.871365190391,0.007411677822,0.0805391246376
C001579,4,0.0152665470935,0.91291662916,0.00282630967109,0.00446274911793,0.00448859376838,0.00588158635806,0.00555735606988,0.0486002287607
C001580,3,0.00907446748331,0.00503989859995,0.278987573671,0.00499853132206,0.543709969631,0.0348435644385,0.0932250044621,0.0301209903926
C001581,3,0.00149188002307,0.00096845666301,0.00352077009933,0.00831886070982,0.0035431471535,0.00353287028482,0.00377756112052,0.974846453946
C001582,4,0.0669305313635,0.640113237978,0.00590516857079,0.00656199250478,0.0725726825651,0.126057236699,0.00716777370445,0.0746913766149
C001583,3,0.00514554752147,0.00514554752147,0.00517037857328,0.00510331308163,0.919949422574,0.00579738608226,0.00560450948994,0.0480838951562
C001584,3,0.0160047859737,0.0160047859737,0.0162364212342,0.0158025292783,0.0158922126623,0.0160047859737,0.048481944349,0.855572534555
C001585,3,0.00769844293856,0.224401458238,0.00767207554318,0.00763525443941,0.0231685813772,0.449676067591,0.234600836995,0.0451472828776
C001586,1,0.0516577968245,0.0127071191015,0.0126972127313,0.542189999703,0.00862467823582,0.194304983866,0.0153841909857,0.162434018552
C001587,0,0.00484965387206,0.00542821535213,0.00479575132151,0.0138862987764,0.0160635354921,0.00235604187452,0.0107895841336,0.941830919178
C001589,0,0.0217895989479,0.0243350445076,0.147097801864,0.450637259335,0.0268382548992,0.0241805322724,0.017441692413,0.287679815761
C001590,1,0.00514723430485,0.00514723430485,0.0223616291815,0.897306297075,0.00384870824554,0.00514723430485,0.0068866525115,0.0541550100714
C001591,2,0.00350203614473,0.0022999669767,0.890328284664,0.00269010240582,0.0179381698976,0.00134688915923,0.00429845194226,0.0775960988096
C001592,2,0.0394934368844,0.0388574569562,0.0396713815844,0.0392155765371,0.0493796877581,0.0394934368844,0.0643218692782,0.689567154117
C001593,2,0.0175433861232,0.0175512114523,0.75169863376,0.0173112124637,0.0175433861232,0.0175433861232,0.0445815791303,0.116227204824
C001594,3,0.0177736864136,0.0139138663327,0.6846595669,0.0137380331394,0.0139543407814,0.0139138663327,0.0177322739878,0.224314366112
C001599,3,0.00311853741125,0.00311853741125,0.00311140447052,0.00289250225672,0.950046930267,0.00311853741125,0.00375012482107,0.0308434259511
C001600,0,0.034401714993,0.0190624439992,0.0189924666589,0.523777194064,0.0190735217803,0.0189414094628,0.173670212749,0.192081036292
C001601,3,0.259048984218,0.343876885574,0.0095545895803,0.00946626796392,0.00961531594487,0.00958742680142,0.31249642887,0.0463541010472
C001602,0,0.0325145356689,0.0360496510143,0.0358279099642,0.0360706005915,0.0360706005915,0.0358207583918,0.0387869807453,0.748858963032
C001603,4,0.462457492799,0.0517500865847,0.0197965211724,0.0190131037699,0.0165358130419,0.107504638067,0.0523804037076,0.270561940858
C001604,3,0.012725161825,0.0648469271338,0.0215872750054,0.0214836697569,0.0215091053081,0.0279308786512,0.455094160754,0.374822821565
C001605,0,0.00735663292422,0.00795099716345,0.738316092636,0.0755995479632,0.00545347365781,0.00762720316701,0.09195082339,0.0657452290988
C001606,0,0.010124700467,0.0082272614293,0.00542480896694,0.0064042433234,0.00732704196875,0.00381277486721,0.917279192055,0.0413999769222
C001607,0,0.00470668191519,0.921318642335,0.00526675660056,0.00528923380711,0.00528923380711,0.00525259804869,0.00646614975323,0.0464107037331
C001608,0,0.00140471970013,0.965864003919,0.00160498646755,0.00161183615039,0.00161183615039,0.00160067180373,0.00196526789258,0.0243366779167
C001611,2,0.00190226968219,0.00354080773604,0.00399593679881,0.632106326737,0.00175081539545,0.00363738366819,0.00431199698099,0.348754463001
C001612,1,0.014632916542,0.0250428172178,0.0548451022617,0.464554950761,0.0276005075873,0.0143399525266,0.232880704395,0.166103048708
C001613,4,0.00417162612416,0.00782593697292,0.130500365597,0.00732562054599,0.00781640767022,0.123939585241,0.699374891419,0.0190455664303
C001614,1,0.000873068690779,0.000873068690779,0.980057107308,0.000871795309217,0.000873068690779,0.000873068690779,0.00113028123377,0.0144485413863
C001615,4,0.000805022761158,0.00159198695775,0.844233397924,0.0023348745221,0.0965441961593,0.00432291250291,0.00268491836408,0.0474826908087
C001616,4,0.0184251832658,0.288004438023,0.0182138877463,0.272834937408,0.0184251832658,0.200685453943,0.020765762998,0.162645153351
C001617,4,0.0035977469646,0.00525626561043,0.0051129164268,0.707050327676,0.00524986528466,0.0703138584423,0.166282399986,0.0371366196097
C001618,4,0.00641074289707,0.127294942945,0.00624351119298,0.0549083923328,0.00476404885993,0.00935710016787,0.00707232437614,0.783948937228
C001619,3,0.00770677933125,0.0136324095013,0.0646623264709,0.0710657953262,0.0144288028168,0.663404342164,0.0160936340034,0.149005910386
C001621,4,0.00527511434822,0.00964861359704,0.00749151517766,0.00723192456049,0.379331861972,0.00773997754184,0.543236643627,0.0400443491754
C001622,4,0.0535037574638,0.00955931115301,0.0113846237371,0.0107050328573,0.0178697418684,0.0064063629881,0.0173804142748,0.873190755658
C001623,0,0.214972952332,0.178400163919,0.288787548431,0.00892233133551,0.0765616252596,0.0127147886652,0.0346328189596,0.185007771098
C001624,2,0.829592230158,0.0134454996371,0.0134155312878,0.0132616430229,0.013439504868,0.013439504868,0.0113036670973,0.0921024190614
C001625,4,0.0170754478285,0.0167817638477,0.0173920840928,0.0160032916299,0.0170754478285,0.638181193175,0.0197515144683,0.257739257129
C001626,1,0.0303816943874,0.0303816943874,0.0298735121409,0.338705082007,0.0303816943874,0.0303816943874,0.0477062623615,0.462188365941
C001627,1,0.0077615882192,0.0136458523097,0.0136300926102,0.173564368828,0.0266503370208,0.0736939360531,0.0176043315864,0.673449493373
C001628,4,0.00351609564957,0.232612606319,0.0105148212266,0.0426762879453,0.00948753747213,0.00654896267806,0.596602289436,0.0980413992739
C001631,3,0.0191003608243,0.0191003608243,0.119111665413,0.0188589845341,0.0188651444278,0.0191003608243,0.0217817981053,0.764081325047
C001634,4,0.0501996661329,0.00111586800222,0.0010854359847,0.928242377663,0.0121461080529,0.00111450925834,0.00116073977065,0.00493529513537
C001635,0,0.524788877537,0.0241588814076,0.0221402454647,0.0222294296086,0.0171061699629,0.0129664097208,0.165835581383,0.210774404915
C001636,4,0.223879610132,0.00596305974532,0.511491659337,0.00553605223566,0.0204879464481,0.211986406349,0.00634421026529,0.0143110554879
C001637,3,0.0245426789681,0.0305907680323,0.199309874755,0.0572608064624,0.0197646725067,0.0333008527658,0.0261360761183,0.609094270392
C001639,3,0.0131078289568,0.0098021624699,0.0098494651142,0.00972170672842,0.52417400778,0.0098021624699,0.0115643615384,0.411978304942
C001640,4,0.0175014606112,0.0244173679506,0.0240648748736,0.0294243631549,0.530492828405,0.0368198507957,0.0264243389233,0.310854915285
C001641,1,0.0196598067635,0.0129816287632,0.0128782069015,0.0129626948959,0.00936284334822,0.0129816287632,0.0155213696416,0.903651820923
C001642,4,0.0116425529391,0.0178811440906,0.0176839808186,0.0172934647554,0.0133968043855,0.0181940674297,0.0189126075824,0.884995377999
C001644,2,0.00382180931943,0.00235025060251,0.00383902916066,0.00144734612064,0.0113537100706,0.00197906406928,0.00464051404744,0.970568276609
C001645,0,0.0110702150773,0.546708899638,0.0120733086283,0.0122122144699,0.0122122144699,0.281239580536,0.0144376680748,0.110045899105
C001646,4,0.544081894022,0.019713974425,0.0191968529752,0.0184536492679,0.0196899695767,0.0205113964589,0.10706883901,0.251283424265
C001648,4,0.00819574005829,0.00820573182064,0.00781468768155,0.00768113490156,0.00819574005829,0.765703884025,0.00759223115109,0.186610850303
C001650,1,0.00466821014251,0.00808144359105,0.928801386397,0.00458063175976,0.00466821014251,0.00466821014251,0.00611485656872,0.0384170512559
C001651,0,0.152464535096,0.0406556029553,0.0405160247271,0.0406792291949,0.049297206865,0.0403974654333,0.0320892942435,0.603900641485
C001652,1,0.0722003232493,0.666699708524,0.00813007494253,0.100114135221,0.0893015915771,0.020304586452,0.0100607758965,0.0331888041371
C001654,2,0.00997415957788,0.0134972616694,0.0124237807781,0.389050849684,0.469948688929,0.01241634125,0.0158499660046,0.0768389521073
C001655,4,0.00588371711982,0.00589089020032,0.0057302334977,0.100208872392,0.321225866183,0.00588371711982,0.437767173746,0.117409529742
C001656,0,0.00159304872771,0.191199073442,0.76207754318,0.00175030394517,0.00175030394517,0.0320163699911,0.00191622451081,0.00769713225759
C001659,2,0.00239968486484,0.0647741840956,0.0134925573348,0.012805317994,0.83780662097,0.00543202751502,0.00558107266051,0.057708534565
C001660,3,0.0183732325259,0.0183732325259,0.0184618968881,0.603723436845,0.0182440002056,0.0183732325259,0.0226667959144,0.28178417257
C001662,0,0.00925425678357,0.0032715785309,0.00325956871912,0.00327347974727,0.931810488646,0.0252218155776,0.00379862949114,0.0201101825043
C001664,4,0.00889374115924,0.00887943820011,0.00876061727926,0.008479025612,0.829871631115,0.0546638503617,0.00968785110758,0.0707638451651
C001665,3,0.00656626249766,0.00656626249766,0.0065979495443,0.00648328290913,0.00652007719318,0.820863424259,0.0069205332214,0.139482207878
C001666,1,0.00202228018886,0.00202228018886,0.00202661023632,0.00461256693126,0.000888202617817,0.000461228419015,0.00253349066389,0.985433340754
C001668,2,0.00435089595241,0.00435283669478,0.00437049968751,0.852050818312,0.105582836599,0.0036761782927,0.00545758938478,0.020158345077
C001670,1,0.00914645456208,0.735018268589,0.0120082716823,0.101364891827,0.0221658261156,0.031889548182,0.0160413682478,0.072365370794
C001671,3,0.00781538939786,0.23763329984,0.268293707445,0.270655383642,0.0156264418797,0.0157527712448,0.0206985252892,0.163524481261
C001672,3,0.00766675549288,0.00766675549288,0.00770375322773,0.600702966521,0.0249527453689,0.00766675549288,0.00956811275519,0.334072155648
C001673,2,0.00729346773846,0.00729672103204,0.476611518236,0.00719694412079,0.00729346773846,0.00729346773846,0.454126464566,0.0328879488294
C001674,3,0.00221274315708,0.00221274315708,0.00388006409832,0.85475670954,0.120682552492,0.00221274315708,0.0026626864242,0.0113797579741
C001675,0,0.0270646044771,0.0142353830125,0.00703926651427,0.0142436556378,0.00442099362706,0.0551698637545,0.0151415268958,0.862684706081
C001676,0,0.0109867367999,0.0121976197798,0.0121557430879,0.010449495598,0.0122047081973,0.338841481918,0.55851594912,0.0446482654991
C001678,1,0.0125748220804,0.774577030097,0.0125650188478,0.0125564815457,0.0125748220804,0.0131114413057,0.0162032589765,0.145837125066
C001679,3,0.00859241683784,0.017327924103,0.00937146895943,0.765355037508,0.0173783298032,0.0183877532608,0.0200957261895,0.143491343338
C001680,2,0.0931643044663,0.179491524065,0.0287428433245,0.0284126019128,0.196993713712,0.0442270786423,0.0358743667158,0.393093567162
C001681,4,0.0133703659772,0.133040935151,0.0130355178503,0.0125308494442,0.0133703659772,0.0133703659772,0.379937568474,0.421344031149
C001682,3,0.0217664053734,0.0217664053734,0.0217166197018,0.0266829190481,0.0218297223002,0.0217664053734,0.0274298688228,0.837041654007
C001684,3,0.00898427927169,0.0177389865001,0.0176782299452,0.744865126389,0.0128019566227,0.0177389865001,0.0201345251373,0.160057909634
C001685,0,0.00875718518333,0.016935246386,0.016877104543,0.267579416607,0.0142652113904,0.0614485737447,0.0199247695699,0.594212492575
C001686,0,0.00124799994044,0.0014036952236,0.0157893898052,0.0014045109547,0.926692469024,0.00138220686561,0.0345728666981,0.0175068614884
C001688,4,0.750337965662,0.0132485167836,0.0130946355243,0.0122998064906,0.00743809208672,0.105294619806,0.0137509839284,0.0845353797183
C001690,3,0.00260844559037,0.346770537137,0.0590129787012,0.00394080754596,0.00174348999835,0.53071222853,0.00464575128112,0.0505657612162
C001692,3,0.0112468877552,0.0112468877552,0.0112083668311,0.0111047578726,0.00613261484796,0.871843694045,0.0114306275753,0.0657861633178
C001694,1,0.00610497196293,0.0115936097829,0.0113659552872,0.0113761068076,0.0115457912531,0.868309946446,0.0169165237052,0.0627870947548
C001695,0,0.0403728432963,0.00472176903104,0.00411207953677,0.0057181860337,0.00687180291761,0.00178529927353,0.00651814195666,0.929899877954
C001696,0,0.00504352996161,0.00565483595456,0.412593353113,0.00747854975621,0.381821040003,0.0185756466272,0.0887440071241,0.0800890374594
C001697,0,0.000961093553704,0.00107669597725,0.000265298104611,0.00048213152957,0.000494325045032,0.00391748450771,0.00115861144968,0.991644359832
C001699,4,0.00252033968176,0.0012983539424,0.00465521671289,0.0040743486915,0.00295166785225,0.00158645976987,0.0880742501903,0.894839363159
C001700,0,0.0219667066626,0.0247789271777,0.0211863111018,0.0247933269856,0.0247933269856,0.0246215965666,0.0258450038356,0.832014800685
C001702,3,0.00861535167677,0.00861535167677,0.00716596008799,0.00854463722888,0.00730285876325,0.00548882930114,0.819105019961,0.135161991304
C001703,3,0.00229209145607,0.0254602170893,0.936560966716,0.00227327806482,0.00229875898728,0.00229209145607,0.00343555238882,0.025387043842
C001704,3,0.00775401047801,0.0468159502043,0.00772745276217,0.831971511662,0.0408998963342,0.00775401047801,0.00826539765829,0.0488117704235
C001705,0,0.259202230685,0.00575859650251,0.00573882617226,0.0245947055733,0.00576194300264,0.00379111258665,0.648257227743,0.0468953577351
C001706,0,0.898021376601,0.0039558607883,0.0639103466639,0.00401650944612,0.0039607059205,0.00398868918422,0.00473462881972,0.0174118825764
C001707,1,0.00240206843845,0.472864097269,0.00296078071722,0.00335582425147,0.491938925561,0.00296324875383,0.00386273899072,0.0196523160185
C001708,0,0.00543805162118,0.0062150260618,0.00744713946081,0.528092636755,0.00621863780738,0.0785399444329,0.00743656029481,0.360612003566
C001710,0,0.00885425455388,0.00600925134259,0.716323015286,0.0099124057029,0.0519530780972,0.00984374764884,0.0112010214006,0.185903225968
C001711,3,0.694345067688,0.0130568099775,0.00873708765474,0.180892412521,0.00543381067648,0.00902636983411,0.0141520747609,0.0743563668873
C001712,2,0.00171699653924,0.00372385773129,0.454369955284,0.51460875218,0.00261298709833,0.00261298709833,0.00331946305742,0.0170350010112
C001713,1,0.000692421258794,0.00121762476698,0.00123784883637,0.00121584884608,0.00098817919846,0.000402093256814,0.00281807319008,0.991427910646
C001715,0,0.0386401057049,0.891031193943,0.00170495996365,0.0017122363085,0.0231654026028,0.0368373945505,0.0020615410654,0.00484716586125
C001717,3,0.875911259714,0.00572139599574,0.00570180004478,0.0056744350156,0.0145931295573,0.00572139599574,0.00593056990667,0.0807460137706
C001718,3,0.00584959607079,0.0482534312066,0.0115234235282,0.711072141858,0.0467104019259,0.0107004754382,0.0112353273965,0.154655202576
C001719,4,0.000868941861967,0.987890847715,0.000886710757128,0.000843816480324,0.000868941861967,0.000868941861967,0.000935472006501,0.00683632745519
C001720,3,0.00260493686384,0.00401136267639,0.00202199957253,0.00258355565051,0.00255706828608,0.00260493686384,0.00433923352364,0.979276906563
C001721,3,0.00179016369038,0.00179016369038,0.00178403232665,0.00177547010134,0.00179537114938,0.00179016369038,0.969864042823,0.0194105925289
C001722,3,0.0159852041676,0.0160958769822,0.0238923251898,0.0185216848541,0.012711696426,0.0120974595538,0.0221918657028,0.878503887124
C001723,0,0.0183294384907,0.0205599521105,0.0209517401043,0.0156388438714,0.0205719001402,0.0204294093389,0.625877073658,0.257641642286
C001724,4,0.00247594422677,0.960869202503,0.00241135633439,0.00240223829535,0.00247594422677,0.00247594422677,0.00293599321797,0.0239533769689
C001730,4,0.152705276118,0.0173579502418,0.0325886924559,0.104455353284,0.0146554792172,0.341277695556,0.0874473297192,0.249512223408
C001732,4,0.0188890509726,0.0176978586857,0.0353847270188,0.0175578082142,0.0566473571339,0.0105452691753,0.0216370188691,0.82164090993
C001734,1,0.300941347802,0.0176196238532,0.018077494568,0.0175939254123,0.0176196238532,0.0176196238532,0.0218761771293,0.588652183529
C001735,0,0.0810005212262,0.202388129163,0.00526793557432,0.00529041781243,0.237956161128,0.00525377385303,0.44453022152,0.0183128397228
C001736,2,0.0263504135202,0.0190550615893,0.0265323283136,0.0261650223355,0.545999473553,0.0107603355582,0.0310861253985,0.314051239731
C001737,1,0.40257648936,0.451976575746,0.021800065464,0.0635600092984,0.00500255100547,0.0078411345058,0.0107980137399,0.0364451608802
C001738,2,0.119059533184,0.00433641577259,0.00348157189981,0.699693011406,0.00561938792593,0.00138200965911,0.138423559636,0.0280045105166
C001739,4,0.00396711205824,0.00261051983617,0.000758730577474,0.00137215527987,0.00227488371338,0.00516562353106,0.00174481708225,0.982106157922
C001740,1,0.824852500974,0.00543062900159,0.00538534080207,0.00542270836154,0.0116061367842,0.00543062900159,0.00680046020412,0.135071594871
C001741,0,0.0043698119691,0.85835603171,0.00480412180911,0.00314462121456,0.0044076039222,0.00294744265287,0.0182395688032,0.103730797919
C001742,3,0.0931262873757,0.0157500306436,0.0866721013245,0.0156207550478,0.0157958463638,0.675633433874,0.0171744825767,0.0802270627942
C001743,0,0.0046233277931,0.132675727263,0.0468304369312,0.0130239556194,0.00671746165723,0.0535516442876,0.656710708172,0.0858667382765
C001744,4,0.00688808061393,0.00347036126116,0.240278994633,0.00412097097115,0.00316744971697,0.551330627613,0.121065637834,0.0696778773564
C001746,1,0.00557467726501,0.593765505372,0.00627044941466,0.00624792600882,0.302466925586,0.00485728737505,0.00761082731653,0.0732064016623
C001749,4,0.567342462612,0.00602758993794,0.00483041341461,0.170066387979,0.00602025040412,0.00602025040412,0.166921506388,0.0727711388601
C001751,3,0.0145137189568,0.0151403149215,0.190866809174,0.0143945909558,0.0277312129671,0.0267718900412,0.120696097456,0.589885365527
C001753,3,0.0156488558883,0.0156488558883,0.0883035446703,0.015451097175,0.0155387860922,0.724649086323,0.016059833593,0.10869994037
C001754,0,0.00587109203033,0.0186142504433,0.0116240627305,0.826353973882,0.0159382788122,0.0335733300803,0.0126041670534,0.0754208449679
C001755,2,0.00320171660177,0.00320314474603,0.00321614250503,0.00317919057828,0.00286276155431,0.00240859085636,0.961417463177,0.020510989981
C001757,1,0.984282489348,0.000692346657382,0.000686830879545,0.000691336861157,0.00703981913854,0.000692346657382,0.000793045270981,0.00512178518694
C001758,1,0.661008190761,0.0147864121628,0.0344682397501,0.0150603074365,0.0147864121628,0.0164981331471,0.0171874475929,0.226204856987
C001760,4,0.0268114349742,0.0263502998383,0.0284453210059,0.0254342964687,0.0268114349742,0.0268114349742,0.0286282946944,0.81070748307
C001761,4,0.101765356628,0.0285178123487,0.0653972264831,0.201579396569,0.0128168155963,0.0625980021892,0.0318237907273,0.495501599459
C001762,4,0.000912850884864,0.00156744936656,0.0068764409697,0.00146724147207,0.00156554075171,0.000752390557691,0.00172953929612,0.985128546701
C001764,1,0.00933062429726,0.479391678044,0.0134990193964,0.0128022783226,0.13183523831,0.00855173376163,0.0165739438,0.328015484068
C001765,0,0.0106090371521,0.0142251172674,0.0143825989625,0.110338566836,0.0111454667691,0.0536126941968,0.0152617867497,0.770424732066
C001766,3,0.00558006338258,0.00815879132506,0.00315786515898,0.00553426245464,0.00559629539053,0.0238107864074,0.00760402894426,0.940557906937
C001768,1,0.0260037354176,0.0385110755906,0.0255026997712,0.0259658086456,0.292665772323,0.0260037354176,0.0467038853842,0.51864328745
C001771,4,0.0036715920613,0.00670485118293,0.710584418814,0.00516839354213,0.00669668697759,0.00333147954033,0.00666494261655,0.257177635265
C001772,0,0.00359364412442,0.00412173450684,0.00884360298301,0.00350441693493,0.931719052812,0.00409556408371,0.00426570971576,0.0398562748388
C001773,1,0.537143093843,0.0230258011956,0.022842359559,0.0229922177777,0.0230258011956,0.0238675886882,0.0288785542922,0.318224583449
C001774,3,0.00375595246286,0.351455122188,0.00495617425564,0.00136143709331,0.0599224610243,0.0159843868887,0.0275666316314,0.534997834456
C001777,0,0.011817666325,0.0241796034177,0.257184716741,0.0146032998477,0.0138817052714,0.01828753949,0.295050759549,0.364994709358
C001778,2,0.0281072931879,0.0697820763067,0.284592224227,0.036160068408,0.0364162790787,0.352694031645,0.0423673811426,0.149880646004
C001779,1,0.00638943707233,0.544209003202,0.00797239537228,0.100699018176,0.00811106142151,0.103499027323,0.0118012433945,0.217318814039
C001780,4,0.00796358107431,0.00782661387934,0.00801363789536,0.0234791438274,0.00796358107431,0.626364473881,0.00891303105437,0.309475937314
C001782,0,0.00915090199597,0.00600178810281,0.00636813593572,0.00600527592917,0.613141270641,0.316971567012,0.00635332787489,0.036007732508
C001784,1,0.419388257897,0.263588303944,0.0127112354079,0.020116436942,0.00956459367324,0.0319243447136,0.0234098158207,0.219297011602
C001785,2,0.0110973404492,0.0108002721107,0.0110775448552,0.010950475407,0.851060274336,0.0110973404492,0.00980583620409,0.084110916189
C001786,2,0.0174493805158,0.733562759449,0.0175698454356,0.00851083107467,0.0104924098571,0.0174493805158,0.0221932140033,0.172772179149
C001787,3,0.0857699274519,0.00661577533489,0.00489270790484,0.0356627315547,0.0026321859937,0.832430538933,0.00581640689317,0.0261797259342
C001788,4,0.905777610176,0.0083047944998,0.00449663639651,0.00430011372371,0.00461707826713,0.00461707826713,0.00534657774109,0.0625401109288
C001789,0,0.801386696343,0.0120359180941,0.0121746081127,0.0120429125417,0.0120429125417,0.0119594975802,0.013748192707,0.12460926208
C001791,3,0.00781737790095,0.00781737790095,0.00785510249972,0.814163179506,0.00776239259102,0.00781737790095,0.0136591509055,0.133108040795
C001792,4,0.0173463786286,0.0173675263091,0.0170867334258,0.0162253284234,0.0173463786286,0.706355172007,0.0187202559096,0.189552226668
C001793,0,0.0217922786391,0.0146386859775,0.0058332310821,0.00585672818925,0.168687745999,0.751468789572,0.00811756797258,0.0236049725685
C001794,0,0.191561673179,0.00620032949046,0.0169656432468,0.0563038978462,0.00620393269541,0.388857388372,0.2945610521,0.0393460830693
C001795,4,0.00577577475588,0.00578281623942,0.00440993655547,0.00528095426362,0.00577577475588,0.00577577475588,0.929812563561,0.0373864051127
C001796,1,0.00196620509561,0.106259115158,0.00233620954143,0.00335552143016,0.00164527014905,0.00325950741361,0.866396010201,0.014782161011
C001797,3,0.00172940656667,0.00250074469028,0.00249217956555,0.000814960954081,0.00196436635119,0.00428822295757,0.00301279679026,0.983197322124
C001799,0,0.00475612779979,0.00529891685193,0.0052807246872,0.00206542234745,0.006186814762,0.0384628831015,0.855827873277,0.0821212371733
C001801,3,0.0026593394472,0.0047680251953,0.0047516945676,0.00300008265866,0.0199433183491,0.00256273439868,0.00543932849708,0.956875476886
C001802,0,0.00165659390374,0.00189328366164,0.000373039975612,0.00189438390786,0.000606389324741,0.00637963809021,0.00208663537085,0.985110035765
C001806,0,0.00649599182715,0.00507071887307,0.00394674582919,0.00507366562604,0.944172467273,0.00503852299576,0.0052490965578,0.0249527910176
C001808,0,0.0762178161837,0.286496202628,0.258410905905,0.0396692701409,0.029725204146,0.0408926703955,0.0607200066962,0.207867923905
C001809,3,0.166994904574,0.0647584668738,0.105326322485,0.36243751631,0.0172363711555,0.0639744066316,0.0186479846347,0.200624027335
C001810,4,0.00422053544917,0.0764353395302,0.00417659967733,0.00392308497051,0.199699108757,0.00386219503152,0.00473592344228,0.702947213142
C001811,0,0.0915757701852,0.578286876986,0.0132848043569,0.0711036547831,0.0161316883668,0.101289769116,0.0192206133593,0.109106822847
C001812,3,0.0582157671081,0.0205283920866,0.0204580817349,0.020359895899,0.714111131345,0.0144337859299,0.02314549493,0.128747450967
C001813,1,0.00763999878886,0.00763999878886,0.274108309909,0.00762885575545,0.00763999878886,0.656654211271,0.0103000942574,0.0283885324406
C001814,1,0.00377526860752,0.344032757329,0.0282497953162,0.0081674436842,0.0081793734022,0.00303568744279,0.00973263628872,0.594827037929
C001815,0,0.000893757117379,0.98800163922,0.000998200474077,0.00100222137144,0.00100222137144,0.00085518831242,0.00115132704991,0.00609544508292
C001816,4,0.00630401826097,0.00486084824849,0.00332448417696,0.00589660636733,0.00450557013263,0.538531539315,0.364503917106,0.0720730163924
C001817,1,0.0162599903128,0.0154850818968,0.0154730098486,0.015462496712,0.276943317941,0.0248763132802,0.536680270886,0.0988195191222
C001818,2,0.0113498273775,0.0767743630752,0.548290913804,0.0112699744392,0.0179051483476,0.0113498273775,0.256296742845,0.066763202734
C001819,3,0.00923455085233,0.0355303959102,0.0095589210366,0.0273035891651,0.0338331732722,0.0329916600555,0.0181733848512,0.833374324857
C001820,4,0.00867544627085,0.00868602286268,0.841677808104,0.00813072067485,0.00867544627085,0.00799669486356,0.00936828585807,0.106789575095
C001821,4,0.0166067481028,0.505621184937,0.019473775764,0.0370197720791,0.0166276549924,0.0300584437505,0.0340172833178,0.340575137056
C001823,3,0.0039154323227,0.000686368979469,0.0059083111702,0.0213717029039,0.00597934960142,0.0212134733905,0.0685764774692,0.872348884162
C001824,1,0.411239281076,0.00676916756683,0.502161384619,0.00664217398044,0.00676916756683,0.00676916756683,0.00905365556626,0.0505960020576
C001826,3,0.0117173334362,0.0227228345158,0.0136094152165,0.0135440986425,0.0113976503064,0.0136561880656,0.813491559861,0.0998609199561
C001827,1,0.00775119087274,0.896224486969,0.00754585563103,0.00741285207701,0.0120976428369,0.00755458047398,0.0101736058727,0.0512397852667
C001829,4,0.0117870522074,0.0233870923169,0.0230108404476,0.0230879809567,0.132653843514,0.0237963707714,0.529448823435,0.232827996352
C001830,2,0.543693272357,0.0371527652879,0.0346868806431,0.0359233724068,0.0341811217206,0.0218260097369,0.0425418003895,0.249994777458
C001832,4,0.164280822471,0.0129091560265,0.0583712796516,0.0119847469476,0.0152066762806,0.0128934371093,0.541938316917,0.182415564597
C001834,0,0.0184479174685,0.0119855243073,0.0119443757785,0.725539581908,0.0119924894694,0.0119094237622,0.0366410154479,0.171539671859
C001836,1,0.0118961942411,0.168966846855,0.104451987058,0.0161924083616,0.0117702043069,0.0751215777755,0.019457227179,0.592143554224
C001837,3,0.00959891916021,0.508765351479,0.020043021444,0.013409568826,0.0135598752002,0.0085331288068,0.00733712735671,0.418753007727
C001838,2,0.010828025189,0.70083900244,0.0108768127812,0.0106847243339,0.181096246467,0.010828025189,0.012367866521,0.0624792970796
C001840,3,0.00990746992906,0.00364969348056,0.00255062009785,0.00253837873672,0.00254958634876,0.00194132731791,0.00277298825101,0.974089935838
C001841,2,0.00578533906329,0.0117762477532,0.00578880547836,0.00574463568449,0.897921632258,0.00578533906329,0.00703027806591,0.0601677226334
C001843,2,0.00805209976203,0.00805569144783,0.00771619735626,0.0139576164493,0.00503232453537,0.0866924701667,0.797376882792,0.0731167174907
C001844,2,0.0995407041836,0.0496755122656,0.00552816210249,0.766616031186,0.0055248517642,0.0055248517642,0.0465060265793,0.0210838601546
C001846,0,0.0164514975734,0.0183693577774,0.442565351579,0.0137043444262,0.0183800327844,0.227393311794,0.0499528261486,0.213183277917
C001848,3,0.202958927285,0.0305929917442,0.0212256155778,0.00968770945746,0.579875877911,0.0152807405839,0.100372876066,0.0400052613744
C001849,4,0.0262520077595,0.0258004943221,0.0278518023555,0.0249036035892,0.0262520077595,0.0262520077595,0.0280309582527,0.814657118202
C001850,3,0.813406276484,0.00783269934651,0.00780587211896,0.00773371546199,0.00781370517268,0.0728500669427,0.00924594907138,0.0733117154016
C001851,3,0.69670508917,0.00246303847149,0.00245460249168,0.00243191240564,0.00244571412879,0.00246303847149,0.278836716316,0.0121998885452
C001854,0,0.00487505235915,0.809972896804,0.00553360434995,0.00555589451685,0.0318562798351,0.00551741173905,0.00915448612472,0.127534374271
C001855,0,0.0413654658623,0.0208937884994,0.0235152224322,0.0209059305319,0.285656779146,0.00936771283045,0.0209604633938,0.577334637304
C001856,3,0.780112736618,0.00529197000378,0.00531750765177,0.00432265168677,0.00351620341731,0.00382798052623,0.00692534247385,0.190685607623
C001857,4,0.00138734805274,0.00801769184419,0.00137143828276,0.0064115311065,0.105196772913,0.00138734805274,0.862802259714,0.0134256100348
C001859,0,0.0255233525289,0.00298092369436,0.044758522839,0.00298265600214,0.908033451389,0.00296199670276,0.00371640547205,0.00904269137205
C001860,1,0.0209760796586,0.0209760796586,0.0206252213047,0.0209454857851,0.684951975951,0.0209760796586,0.0241989284888,0.186350149495
C001861,1,0.00720075396676,0.00753117065369,0.851981417885,0.00647621947687,0.00383589017979,0.00753117065369,0.00892550569395,0.10651787149
C001863,4,0.0135403679304,0.100606645054,0.0131871516434,0.699176968212,0.0135403679304,0.091142314091,0.0151142411619,0.0536919439771
C001864,1,0.00362570710574,0.00596064330976,0.0273055930863,0.00446229228965,0.00131303351225,0.0128344341031,0.00525981507782,0.939238481515
C001865,0,0.00756457344377,0.00636305780864,0.00311383564379,0.867788449112,0.028871478781,0.00864137747546,0.0112736931896,0.0663835345456
C001866,4,0.0284287504405,0.0449751623814,0.0142091464279,0.0159572015799,0.0138385515437,0.0170447251392,0.0196417532474,0.84590470924
C001867,3,0.0426751100054,0.012888427703,0.0128442844559,0.0181053681197,0.0129259192236,0.0333733236308,0.0879698798836,0.779217686978
C001869,3,0.0182689224908,0.864886454461,0.0150394737186,0.00551172837918,0.00236560613102,0.00351991311886,0.00366713192212,0.0867407697782
C001870,1,0.0901081067758,0.0248628372103,0.0506702658979,0.024396395682,0.0266790935174,0.359040600197,0.0308609735225,0.393381727197
C001871,0,0.00958740901031,0.0162661472321,0.0140254837185,0.0162755999979,0.0105097703505,0.0161628674224,0.0317214351229,0.885451287145
C001873,0,0.242181375177,0.023008883559,0.0249619264953,0.0230222547392,0.0230222547392,0.0228627916121,0.0284776833089,0.61246283037
C001875,4,0.0119809603545,0.00708306427471,0.511224890326,0.0114099201347,0.320373678269,0.012209666103,0.0130407841398,0.112677036398
C001879,1,0.538427051113,0.0123377087005,0.311005984756,0.0146235156915,0.0146448754247,0.0103793160736,0.0251288431684,0.0734527050721
C001880,1,0.000458768697257,0.000458768697257,6.97368649574e-05,0.000103751104511,0.000184686346392,0.000960476211037,0.000585833684591,0.997177978394
C001881,0,0.00223523364816,0.00214558682656,0.188723794606,0.00214683369401,0.00214683369401,0.0020996654638,0.783887877311,0.0166141747568
C001882,1,0.0165928788232,0.0108457098191,0.0157431563522,0.0239894417627,0.0130496168014,0.0927646391286,0.100133243739,0.726881313573
C001883,4,0.0614210579047,0.00644246557764,0.480321827305,0.22130580862,0.00986820934416,0.154950448559,0.0101554211335,0.0555347615557
C001884,0,0.00586352668163,0.00646165264501,0.533118907336,0.363437967955,0.0106879623945,0.00642062521262,0.00716764011287,0.0668417176629
C001886,3,0.00165947105697,0.961172281473,0.00165378731939,0.00163849988417,0.00993501673726,0.00165947105697,0.00176001548433,0.0205214569874
C001887,1,0.00857686279031,0.296058747403,0.0366694839912,0.012671495436,0.418246504913,0.014213104,0.00766236066272,0.205901440804
C001888,4,0.0238131107703,0.0617195001171,0.0591892407624,0.0617994036569,0.0417178082431,0.06279960282,0.0671744220448,0.621786911585
C001891,4,0.00641858482151,0.62122116028,0.0970290574179,0.18822719238,0.00641858482151,0.00641858482151,0.00736728148214,0.0668995539758
C001893,2,0.00500682973576,0.0050090630612,0.00504139528048,0.886054879679,0.00500682973576,0.00500682973576,0.00606853765826,0.0828056351135
C001894,2,0.920860806011,0.00634407765892,0.00632993749749,0.00629982973853,0.00634124910798,0.00634124910798,0.0080930732022,0.0393897776761
C001895,2,0.0184617172015,0.0317411860316,0.224651063482,0.0323847864306,0.0326142474969,0.0126093196327,0.040958690313,0.606578989412
C001896,0,0.229754358362,0.503343705633,0.00920815066351,0.011811882323,0.011811882323,0.026882335455,0.126069381784,0.0811183034559
C001897,4,0.0450965569335,0.045870828415,0.1015075456,0.0422649736252,0.0450965569335,0.0450965569335,0.189569127869,0.485497853691
C001898,4,0.00471704555543,0.712200829607,0.00526561752294,0.00506168954469,0.0393501556416,0.00540665646148,0.200166141878,0.0278318637889
C001899,1,0.00419633919835,0.0181354777142,0.0137570327568,0.0110847324341,0.00813458224685,0.111224860868,0.786383477278,0.0470834975045
C001900,1,0.00184286522916,0.792811195597,0.0975471019318,0.00184017738726,0.0899184681113,0.00184286522916,0.00243277306636,0.0117645534477
C001902,1,0.479144991854,0.0323976651093,0.0572671564986,0.0177527496414,0.0385339770057,0.0323976651093,0.0422042810794,0.300301513702
C001903,4,0.0124983190739,0.795455935281,0.00357524668918,0.151899145986,0.00249780389858,0.00368799695988,0.00396457423829,0.0264209778732
C001904,2,0.61467138293,0.00917754363303,0.114622387613,0.00910891094949,0.00419500018962,0.0251955178022,0.0216812268275,0.201348030055
C001907,1,0.0222541573753,0.0374037115088,0.0366830230203,0.0373491577296,0.0969965229094,0.171499928925,0.036765015019,0.561048483513
C001909,1,0.00206078118657,0.00269527405815,0.971876421244,0.00205777551153,0.00206078118657,0.00206078118657,0.00245980310311,0.0147283825231
C001910,3,0.0454145785069,0.0381993255601,0.0380684917372,0.276068898596,0.0341895850786,0.0269204412541,0.0236702921267,0.51746838714
C001911,1,0.844636066425,0.0777935370729,0.00156497698654,0.00160737025677,0.00157813771167,0.00157813771167,0.0673897777169,0.00385199611882
C001914,0,0.0170969101746,0.01982250178,0.321399848845,0.2230430823,0.0198340212544,0.0196966413545,0.24825606574,0.130850928552
C001917,2,0.0491876062582,0.0330620102423,0.427745966261,0.0233056389686,0.144947546637,0.0505397511685,0.0785497746934,0.192661705771
C001920,4,0.00535252525157,0.00535905073431,0.490188029554,0.073760523164,0.392807595994,0.0045253183122,0.00570265746854,0.0223042995214
C001921,3,0.000398582353666,0.00125806215685,0.00125375325665,0.00166722193716,0.000609993395013,0.000241792325711,0.00144783472389,0.993122759851
C001922,1,0.00216666372493,0.00216666372493,0.0443169325198,0.916780989054,0.0203176657083,0.00216666372493,0.00278588803726,0.00929853350562
C001923,2,0.00436664487458,0.00436859264185,0.00435885559125,0.00433592287221,0.939788630443,0.00436664487458,0.00436282821037,0.0340518804924
C001926,2,0.0320228901545,0.032538304867,0.234903886774,0.0475344905462,0.117256267846,0.0330265346362,0.119505960039,0.383211665137
C001928,3,0.0146161954474,0.0345418352027,0.0149417413164,0.0100045724746,0.0145133891041,0.0146161954474,0.0202442125365,0.876521858471
C001929,3,0.0243329268629,0.0318511782126,0.0318214532337,0.0314086940178,0.304573291262,0.0316686288046,0.0415702212074,0.502773606399
C001930,2,0.17783415171,0.00606032777007,0.687937408227,0.0121989520832,0.0122853872541,0.0122853872541,0.0142169902919,0.0771813954096
C001931,2,0.0207734716384,0.0207827377659,0.0135408202434,0.0206273176315,0.0207734716384,0.0207734716384,0.0482800681037,0.83444864134
C001932,2,0.0643537979581,0.0199114144988,0.0198670344281,0.011723866205,0.0199025368568,0.163063078902,0.0212311481402,0.679947123011
C001933,1,0.00737052861272,0.0400606815544,0.00371950004377,0.10836265147,0.00737052861272,0.44883247047,0.216541344349,0.167742294888
C001934,3,0.021004334213,0.00263859917567,0.00162074170879,0.00375094642393,0.00387019073397,0.00378198883081,0.00439760918766,0.958935589726
C001935,1,0.00469530248916,0.00469530248916,0.00461503197803,0.00468845433199,0.486720499101,0.00469530248916,0.458059954284,0.0318301528372
C001936,1,0.692610163679,0.0799822541642,0.0169881309658,0.0195699220079,0.0141387024924,0.016951834192,0.0180833644664,0.141675628032
C001937,0,0.0130275044785,0.0201046906711,0.771160834788,0.0128607177483,0.0999568740169,0.0127716382775,0.0132080388275,0.0569097011923
C001939,1,0.0459103031533,0.0227995611927,0.0217034244272,0.0227663077487,0.0227995611927,0.0227995611927,0.0260632242389,0.815158056854
C001940,2,0.00487304332625,0.00487521697549,0.00486435072215,0.641150978882,0.00487304332625,0.00487304332625,0.259415804676,0.0750745187652
C001942,4,0.0162758936023,0.0725995922378,0.201573603188,0.0152240259905,0.321105260057,0.223399172845,0.0168081886384,0.13301426344
C001943,4,0.00300638330363,0.693338324117,0.235659753072,0.00286744657421,0.00300638330363,0.00235202336665,0.0055556769127,0.0542140093499
C001947,1,0.0312549984302,0.0267914426436,0.209950838375,0.0272877124238,0.556613492738,0.0267914426436,0.0341185723658,0.0871915003799
C001948,3,0.0011541636466,0.00542181130861,0.0104167799547,0.00225241299365,0.00276713569966,0.00214887047065,0.00246795612541,0.973370869801
C001949,1,0.468628371292,0.22662533686,0.124929132101,0.0201391291785,0.0201945658928,0.0201945658928,0.0261820279337,0.0931068708491
C001950,0,0.00206006874116,0.656226547459,0.0167703275224,0.00226342508064,0.00226342508064,0.308243690312,0.00263087829048,0.00954163751438
C001951,2,0.0538528246627,0.0140494856639,0.0141064958346,0.0139444189987,0.779186426811,0.00999864760191,0.0177039163589,0.0971577840679
C001952,3,0.0076840060406,0.0076840060406,0.00765768809203,0.276167042629,0.00762995883206,0.010577445182,0.00855106204378,0.67404879114
C001953,1,0.0186293959096,0.128837963232,0.0217491371526,0.0213369428217,0.0213681084741,0.0236262634172,0.0273983257617,0.737053863231
C001954,3,0.00195225323613,0.00373515201784,0.00372235901141,0.00370449404558,0.00368915450995,0.00373515201784,0.85439422422,0.125067210942
C001955,4,0.0138745552799,0.00885299087043,0.00861155158482,0.00823518912515,0.426269733889,0.352595099739,0.00949443296758,0.172066446544
C001956,4,0.0020901704912,0.0339895579044,0.00546599729295,0.00150233247587,0.00117332704027,0.0020901704912,0.00226810992449,0.95142033438
C001958,4,0.372548751056,0.0794511413013,0.00736629857753,0.00711305032305,0.382949938979,0.10009187945,0.00823467554811,0.0422442647659
C001960,3,0.0195487522338,0.0224704301322,0.0566445435397,0.713375536083,0.0225357950171,0.0224704301322,0.024181630828,0.118772882034
C001962,0,0.000728760325194,0.00149163004734,0.0100599030848,0.0012842412105,0.00186896222906,0.000835791159031,0.0019150104274,0.981815701517
C001964,1,0.0157049314515,0.0167654419536,0.0167523717467,0.0167409893477,0.0167654419536,0.0167654419536,0.62793498976,0.272570391834
C001965,0,0.406136938008,0.00653631659661,0.00758729635246,0.478211952824,0.00761785909082,0.00756509416201,0.00917459964499,0.0771699433208
C001966,4,0.00670653006553,0.010356585536,0.00659908373728,0.00651261130666,0.795342227909,0.00670653006553,0.00788353189755,0.159892899482
C001968,2,0.00372863185445,0.00766487878213,0.00510829564763,0.00646931209451,0.036205241824,0.00497598346128,0.00779019561505,0.928057460721
C001970,0,0.037429315747,0.0103474476087,0.0103119229012,0.271524123575,0.0551840520905,0.32470702064,0.215917320144,0.0745787972943
C001973,2,0.0185976402515,0.0186059358367,0.0186087834429,0.751483940033,0.0185976402515,0.0185976402515,0.0180229249532,0.13748549498
C001974,1,0.0145976554997,0.0145976554997,0.0143480951634,0.0898557517578,0.0145976554997,0.764213886784,0.0188168508348,0.0689724489616
C001975,4,0.00694589735346,0.0339107770341,0.00566191927453,0.00843734568108,0.00456554337658,0.00558315120805,0.00588655372573,0.929008812347
C001978,4,0.00289849666138,0.00290203033736,0.928247894328,0.00655135086682,0.00289849666138,0.0393259052818,0.003166642693,0.0140091831705
C001980,2,0.0225483450707,0.0221200731323,0.193699057634,0.225474908143,0.0694527168,0.234810536479,0.0388137614607,0.193080601281
C001982,1,0.00370466814681,0.00370466814681,0.0490111324184,0.0531928819374,0.0123344087678,0.849681207522,0.00458796461273,0.0237830684476
C001983,4,0.00309255586268,0.00300453003538,0.00299800955082,0.00288025048246,0.680857230604,0.28630573203,0.00343030720284,0.0174313842319
C001984,4,0.00677791806206,0.893189390818,0.0066081715367,0.00633987928769,0.00677791806206,0.00677791806206,0.00752667158815,0.0660021325837
C001987,1,0.00335610564599,0.00449616363349,0.00450748373666,0.0266465252776,0.0027801817666,0.00324347543055,0.00557629467052,0.949393769839
C001988,3,0.0693136975093,0.0140410086213,0.523124176433,0.0209335284319,0.0298193379793,0.0236472687132,0.0909713858381,0.228149596473
C001989,4,0.860805846124,0.0310324208167,0.00500174827406,0.00620420599688,0.00341415196666,0.00668184711986,0.00762215382465,0.0792376258769
C001990,1,0.0165028534378,0.0565481501322,0.0167228648206,0.00917148253885,0.0235707956784,0.113278969836,0.240459855877,0.523745027679
C001993,1,0.000191451535389,0.0004968546365,0.000499962012086,0.00183036396166,0.00048459820782,0.000275478616695,0.000620406776104,0.995600884254
C001994,0,0.00251350027923,0.00282295883474,0.00281259588488,0.927359034671,0.00282459934421,0.00280503482069,0.00319441921491,0.0556678569501
C001995,2,0.0138357146958,0.0137354067619,0.0201209411616,0.00505381152163,0.047829087605,0.00757399310217,0.0108265751517,0.88102447
C001996,3,0.0255347307419,0.0017504907406,0.456086087942,0.00203303839054,0.000889844382107,0.00155198964871,0.474701736415,0.0374520817396
C001997,0,0.212572401642,0.015173447514,0.0153021014865,0.0151822652778,0.546323549652,0.0121704342028,0.020617241969,0.162658558257
C002000,1,0.985411972122,0.00113234816286,0.0011061795566,0.00113069661896,0.00113234816286,0.00113234816286,0.00137396263659,0.00758014457703
C002002,4,0.00507969054203,0.000910579384468,0.00252732039628,0.0236838959376,0.00848598194096,0.00133859271227,0.00277763245705,0.955196306629
C002003,3,0.026863416122,0.0318450432424,0.0274617437907,0.0266429223209,0.16008727048,0.026863416122,0.0287706344477,0.671465553474
C002004,2,0.00168341418233,0.00168416507899,0.0489167903128,0.00572081504655,0.929078699358,0.00168341418233,0.00211165233781,0.00912104950101
C002005,4,0.00145276510178,0.00174171558109,0.0757204376683,0.00162716939766,0.00198829134836,0.88613709319,0.0100516456568,0.0212808820559
C002008,2,0.00574685856418,0.064320490627,0.22673539638,0.00570642591909,0.637836823485,0.00574685856418,0.0259787845532,0.0279283619064
C002009,1,0.0397917087209,0.00892695839065,0.033669679592,0.00891393831063,0.632646550668,0.00573172460892,0.0105800596276,0.259739380082
C002010,1,0.00312463673463,0.00312463673463,0.441159746306,0.00318251576737,0.185724215654,0.338242450663,0.00477163530804,0.0206701628326
C002012,2,0.0291352649436,0.0283553335009,0.0224199512234,0.0289302806354,0.0291352649436,0.0291352649436,0.0336271382953,0.799261501514
C002013,3,0.815986905291,0.00717836141541,0.0676857896012,0.00711944172376,0.02599750734,0.0440464313987,0.00767289409754,0.0243126691327
C002014,3,0.0164326179252,0.430516375183,0.345162308125,0.0190794561706,0.0164804192433,0.0652786246947,0.0193609442714,0.0876892543866
C002015,3,0.48119584993,0.0078536449783,0.236065173858,0.00600035153315,0.0220332486952,0.0078536449783,0.211230976496,0.0277671095307
C002017,3,0.0367949312815,0.020989736453,0.0426702056293,0.067437947504,0.0160120442775,0.0617332776634,0.196711078987,0.557650778204
C002019,4,0.559636392885,0.00431826918829,0.00908001754898,0.00883053417066,0.00522030692112,0.324469653309,0.00969716238945,0.078747663587
C002020,4,0.0207064561701,0.464804020278,0.0244656539062,0.0240521356914,0.218019147235,0.0251209635338,0.0270893720351,0.19574225115
C002021,3,0.417967551072,0.00599247739482,0.00439828658311,0.273796370464,0.00600990908584,0.00599247739482,0.0578231595579,0.228019768447
C002022,2,0.594330359748,0.0182780339865,0.0183738383252,0.0180280962725,0.0323032440288,0.0182698845986,0.257237737789,0.0431788052504
C002024,4,0.00447857859468,0.035432135635,0.00436174964953,0.555857423685,0.247810068764,0.118296318347,0.00470556650898,0.0290581588159
C002025,0,0.00307451928732,0.485241980991,0.00352415999921,0.0236444829184,0.00498990974384,0.448603685972,0.0038336011032,0.0270876599848
C002026,3,0.00466213638245,0.00466213638245,0.00332416744456,0.0022809406052,0.00467569820598,0.00242035673254,0.00711303033474,0.970861533912
C002028,0,0.0101685158264,0.0113771196515,0.0449973991321,0.154086895074,0.0446425126342,0.0366059734024,0.0133607945404,0.684760789738
C002029,2,0.0138999376669,0.738513404126,0.012700052304,0.00930634424176,0.0131615309755,0.0283579821411,0.0112579019819,0.172802846563
C002031,0,0.000261791393347,0.00188635883832,0.00187988261843,0.000923153849265,0.00188745506031,0.00132080833086,0.0246348015228,0.967205748387
C002033,2,0.00502782638987,0.36033799366,0.592378695541,0.00499245257342,0.00502782638987,0.00502782638987,0.00646260686576,0.0207447721899
C002034,1,0.036190201593,0.0383886557907,0.0685011989297,0.0355112520106,0.17682058543,0.0443774091997,0.0532029164616,0.547007780585
C002035,0,0.00245955928876,0.0092630770549,0.0050530363748,0.00202956887119,0.000915461034834,0.00462204964394,0.0681264042403,0.907530843491
C002037,0,0.00830619304078,0.0732589876888,0.00909749120961,0.00553194784897,0.788196270386,0.00907086983844,0.00999590763677,0.0965423323511
C002039,2,0.0114824216877,0.00423685285924,0.00426420065943,0.00420516828293,0.929342259811,0.00423496382906,0.00519542020792,0.037038712663
C002040,1,0.00418020546652,0.25620690236,0.00422256970583,0.00425186908174,0.665274633212,0.0042580795438,0.0060693416911,0.055536398939
C002041,2,0.190939072943,0.00257795347722,0.00159939751757,0.724452304578,0.0422234755569,0.00257680407882,0.00198461634995,0.0336463754984
C002042,4,0.0861487759168,0.00612148066515,0.0997425169363,0.00573013106133,0.00611402680469,0.766708872357,0.00698087694011,0.0224533193182
C002044,2,0.00191954966042,0.00146660802124,0.00193280161488,0.960472101775,0.00191954966042,0.00191954966042,0.00233867385396,0.028031165754
C002045,0,0.100456111571,0.0285814349496,0.0282795078377,0.556803539146,0.0241876528995,0.0283999608044,0.0360957017258,0.197196091066
C002046,1,0.0125307375094,0.0115504780591,0.0198336376435,0.0156615829186,0.0199294318425,0.0199294318425,0.0290020831007,0.871562617084
C002049,4,0.00435604729348,0.720660954734,0.00424241472021,0.00408253393358,0.00298500359897,0.00435604729348,0.235992841148,0.0233241572785
C002050,2,0.142947482755,0.0426332731236,0.0429084599836,0.0423144475141,0.0234096912744,0.0426142647837,0.0512770043924,0.611895376173
C002051,2,0.00309247117842,0.00169925164023,0.00595779685909,0.00305154462381,0.00952236308981,0.00371314782225,0.00393461233235,0.969028812454
C002053,1,0.0104846103315,0.0132608529837,0.0103092385184,0.0104693183968,0.243500261414,0.0281099452129,0.0138401442254,0.670025628917
C002055,4,0.00902082573629,0.251069098175,0.00865109271535,0.202245827392,0.448689698866,0.0165625329488,0.00622675032476,0.0575341738422
C002056,3,0.015297020441,0.015297020441,0.0152446276923,0.015171463134,0.747730432942,0.015297020441,0.0182949609246,0.157667453984
C002057,2,0.00293466256214,0.00293597158539,0.00206207523795,0.013472152088,0.945245254903,0.00293466256214,0.00368833693805,0.026726884123
C002059,4,0.0109451566863,0.017167548376,0.013002150628,0.0127141002542,0.0106604996452,0.817841115077,0.0149479336043,0.102721495729
C002061,4,0.00214690164941,0.00214951902514,0.172989810151,0.00201209909932,0.0942061261397,0.716910694894,0.00237925046014,0.00720559858101
C002062,4,0.0072787212951,0.359570664302,0.0151789257663,0.0187486963889,0.237691451087,0.170298912388,0.0216503729296,0.169582255843
C002064,1,0.922321054224,0.00344868576959,0.00351129148291,0.00353565547362,0.00354081980342,0.00420386644498,0.0491134967512,0.0103251300503
C002065,3,0.0213162416688,0.0100229543383,0.868437219129,0.0059326226014,0.00297076841868,0.0059817203127,0.00436210920362,0.0809763643274
C002066,3,0.00211714453321,0.00398734003447,0.0221441748002,0.00395461211346,0.00215816028195,0.00267652407268,0.00461204258801,0.958350001576
C002067,0,0.854956961003,0.0035083642019,0.0382793643992,0.029647331449,0.00351040302182,0.00348608829463,0.00422973834605,0.0623817492846
C002068,3,0.00779116721624,0.00226345194811,0.00776448223747,0.00772721764009,0.00773636626514,0.00974981545753,0.0111218417825,0.945845657453
C002069,3,0.944570308574,0.00178898998002,0.0150560502403,0.00177430602474,0.00184332435064,0.0243728153928,0.00198242723168,0.00861177820613
C002072,3,0.207545684625,0.736032448008,0.00467215266161,0.00459095470441,0.00461700954327,0.00464971436948,0.00649264040934,0.0313993956797
C002073,0,0.0277665854685,0.0271540539332,0.495510755309,0.0299411798123,0.108065919455,0.0218243903236,0.0800768073535,0.209660308345
C002074,4,0.00660735971228,0.0066154150151,0.565290056324,0.221159777977,0.153334736244,0.00660735971228,0.00746494554401,0.0329203494722
C002075,2,0.0184930761733,0.0185013251172,0.0184600879606,0.0182483340728,0.0184930761733,0.0196143470916,0.736183629506,0.152006123905
C002076,3,0.0010398566429,0.0279229602951,0.00107850069381,0.000763477757111,0.000764381675191,0.000769796212375,0.953291245837,0.0143697808864
C002078,4,0.193531189206,0.00607417643083,0.702047771036,0.00245352248014,0.0400954706514,0.00606678017067,0.00631616283347,0.0434149271916
C002079,4,0.00951876663626,0.394340024221,0.100471642307,0.00890359412567,0.0139990728514,0.00951876663626,0.362383238121,0.100864895101
C002080,2,0.291381084509,0.0134172787021,0.0123955416317,0.0440108080126,0.00728059145102,0.543846258176,0.0145897565391,0.0730786809786
C002081,2,0.00207158392104,0.00201658143396,0.94394658331,0.00205700906827,0.0344672854641,0.00207158392104,0.00379388906118,0.00957548381999
C002082,0,0.0303173674415,0.034068905791,0.0418305839786,0.0340887042953,0.0179065122847,0.0338525896555,0.0341833273891,0.773752009164
C002083,3,0.00294594668691,0.00397312687015,0.890855003637,0.00263784335971,0.0022616159592,0.0024111337608,0.0626481098417,0.032267219884
C002084,0,0.020588692156,0.0109942286067,0.00771822685639,0.590253100883,0.183564343086,0.0873772266259,0.0116568182222,0.0878473635639
C002085,4,0.00968110232261,0.0192344868714,0.00958032205243,0.0090554384894,0.00968110232261,0.0125091614774,0.0683154348705,0.861942951594
C002086,4,0.151804384604,0.725721274866,0.0645599860943,0.00721956480107,0.00770324661679,0.00770324661679,0.00909077138779,0.0261975250139
C002088,3,0.113536909022,0.0215152471266,0.249268347673,0.0962097550918,0.0464194194697,0.0261234954824,0.216796606736,0.230130219399
C002089,3,0.00167190200071,0.00167190200071,0.0016799701577,0.00165817909869,0.975551764149,0.00136215188768,0.002176624738,0.0142275059674
C002091,2,0.00136047954811,0.8112871279,0.0915678553827,0.0192632379374,0.0699773264524,0.00136047954811,0.00166563485602,0.00351785837498
C002094,4,0.0158631828829,0.0158376716326,0.0156812677605,0.425666027427,0.163114955094,0.0158631828829,0.274054316687,0.0739193956343
C002095,2,0.0433345037083,0.043353833315,0.0392283685434,0.0430296191198,0.0753504222447,0.0406239230726,0.050715951128,0.664363378868
C002096,2,0.696139187956,0.0269120941859,0.133999988409,0.0144344595678,0.0191490348459,0.0260398698628,0.0143485060104,0.0689768591627
C002097,1,0.0183112785739,0.0214117555377,0.0180040330316,0.018284571346,0.752888878625,0.0183112785739,0.0229769424797,0.129811261832
C002098,2,0.00271353172202,0.00264089230327,0.00270869128548,0.00267762014911,0.00235899694895,0.967892885874,0.00322761410969,0.0157797676079
C002100,3,0.00300101341205,0.00300101341205,0.00301549550929,0.944939202045,0.00296405664632,0.0117214891157,0.00355737104388,0.0278003588156
C002101,3,0.0123863839762,0.0123863839762,0.0246552009805,0.169915583585,0.404775079221,0.0123863839762,0.009751107566,0.353743876719
C002103,2,0.0316393886857,0.00220703858186,0.0730844180246,0.00232124042846,0.0293153547664,0.00235237232554,0.853101317411,0.00597886977614
C002104,1,0.0395443063165,0.0395443063165,0.038880791107,0.0394866304531,0.188681566356,0.0395443063165,0.0472776060071,0.567040487128
C002108,3,0.00714612420457,0.175028803201,0.69511389602,0.00705581675094,0.00709586031057,0.00714612420457,0.00973554833933,0.0916778269692
C002111,2,0.0055544420328,0.00555691962388,0.00557946855869,0.00382621938831,0.168438438346,0.00697967460346,0.00717467936992,0.796890158077
C002113,3,0.0308656370479,0.0476282599262,0.561949272562,0.0133574534316,0.0390497473542,0.0134679982002,0.19934767033,0.0943339611477
C002115,0,0.0363362367777,0.0402868633386,0.0400390592369,0.0403102752921,0.0403102752921,0.0400310670814,0.0433459339726,0.719340289009
C002116,3,0.0670772573097,0.00568891761954,0.71999086728,0.00466315901885,0.00516261208832,0.0306814541955,0.00617332301161,0.160562409477
C002117,2,0.6355820338,0.00632461053886,0.00498991961512,0.00496366675536,0.00499883661108,0.308624130368,0.00622216522494,0.0282946370868
C002118,0,0.00667998621072,0.00757862576813,0.00755080498738,0.00758302994406,0.844160720937,0.00753050625854,0.00905631740591,0.109860008488
C002119,1,0.0479810506621,0.00996509893094,0.742271909958,0.137719798228,0.00996509893094,0.00996509893094,0.0125723238962,0.0295596204624
C002121,1,0.604804482601,0.00524349124303,0.00691223044414,0.274278597154,0.00689746179976,0.0455259358846,0.0088087163474,0.047529084526
C002122,3,0.558435079947,0.0284946103231,0.0421096503948,0.172868045069,0.0282941869842,0.0284946103231,0.0466544295392,0.0946493874198
C002123,4,0.0145748412776,0.00880764005443,0.014194639547,0.361252835385,0.0193711057057,0.404999426101,0.0163460958277,0.160453416102
C002124,4,0.0200211239427,0.0200455325148,0.0195197138944,0.0187272120788,0.0136557532277,0.0155975254967,0.0219727239925,0.870460414852
C002125,2,0.0664316657749,0.103896816873,0.0369260988131,0.0492386159426,0.338431680993,0.0495874941215,0.0621866917138,0.293300935768
C002126,2,0.458860380966,0.014651392749,0.0146187366136,0.301360643501,0.0548235398572,0.0146448603241,0.0207266281827,0.120313817806
C002127,1,0.010459862142,0.0040866474099,0.00405408996347,0.934801709611,0.0040866474099,0.0040866474099,0.00537248190074,0.0330519141529
C002128,4,0.0262520077595,0.0258004943221,0.0278518023555,0.0249036035892,0.0262520077595,0.0262520077595,0.0280309582527,0.814657118202
C002129,4,0.00614297965393,0.006150468812,0.00598273286628,0.00641960424186,0.815776680221,0.00579202235472,0.00713211862609,0.146603393224
C002130,2,0.0175796109239,0.0210662171052,0.0388501869094,0.058928993217,0.0236308844349,0.0210568245865,0.198915461095,0.619971821729
C002133,0,0.0949333852339,0.630515411069,0.0131056452367,0.0116130600309,0.124806957969,0.00884869726636,0.0154219224391,0.100754920755
C002134,2,0.00365198733005,0.0102923137176,0.0106206764412,0.0891863210033,0.0105730377403,0.669501086519,0.0127704663408,0.193404110908
C002136,1,0.00726475522662,0.00726475522662,0.00714324062036,0.00712846412267,0.00726475522662,0.15196858618,0.748993060218,0.0629723831795
C002137,3,0.00674979087558,0.00567464593987,0.0056616664858,0.89405257346,0.00569115308177,0.00567464593987,0.00560003570926,0.0708954885079
C002138,3,0.118026166389,0.00567800736561,0.005658560022,0.00563140251754,0.396233740137,0.435905021684,0.00626441493281,0.0266026869521
C002139,4,0.00858397756961,0.0085944426482,0.0083689999979,0.00802921798424,0.00825192864632,0.166024412324,0.0249359195218,0.767211101308
C002140,4,0.27442068338,0.00896598638852,0.588206899589,0.0203339366985,0.0209525670949,0.0308705091138,0.0100833446335,0.046166073102
C002142,2,0.0107962299985,0.309858874754,0.0107769715296,0.568697241105,0.00633490358901,0.0107962299985,0.013860619879,0.0688789291456
C002143,4,0.00762838597521,0.00700596454726,0.281467962187,0.0117816368798,0.61503812145,0.0331755960872,0.00981347863042,0.0340888542432
C002144,2,0.000715546603136,0.000696391901932,0.000719617988239,0.985848942793,0.000715546603136,0.000715546603136,0.000814524708572,0.00977388279915
C002145,2,0.894837052227,0.00411704549623,0.00329498528306,0.00319352194566,0.00972696267857,0.0195690157975,0.0430348405089,0.0222265760635
C002146,0,0.0179926317311,0.0280044693176,0.0150616819049,0.0280207435887,0.155408661589,0.0128930005263,0.0294443516578,0.713174459684
C002147,0,0.0145020554893,0.0162597913406,0.563877507155,0.108532492302,0.213059121957,0.0161565518867,0.0200870225287,0.0475254573405
C002148,1,0.0121949887693,0.0121949887693,0.0119638736409,0.0121772022262,0.47738513709,0.196209266263,0.0160170414612,0.26185750178
C002149,3,0.016501829778,0.0496850227433,0.0165814632453,0.591601850364,0.0165498324285,0.016501829778,0.0217221734128,0.270855998251
C002150,2,0.0496801709304,0.0346008804708,0.0463877022438,0.0457455241377,0.046069652159,0.046069652159,0.0543653009613,0.677081116938
C002151,3,0.0071885857371,0.0071885857371,0.00716396461776,0.0070977416859,0.904997822304,0.018020021113,0.00770844762441,0.0406348311809
C002153,3,0.0042773662168,0.0042773662168,0.00437263580369,0.0042233120134,0.00426699367039,0.899142352243,0.00484749685606,0.0745924769799
C002154,3,0.0206260650194,0.666781472651,0.020555420135,0.0183670267168,0.0241984051799,0.0334894359741,0.0995528634461,0.116429310878
C002156,2,0.00729565209058,0.0130044825219,0.0130572522664,0.0066567731684,0.0129986843833,0.642126756721,0.0158961088912,0.288964289957
C002157,3,0.0214842066927,0.0211821533059,0.261394965017,0.0210082910734,0.0212437706851,0.0211821533059,0.494663799443,0.137840660478
C002158,3,0.027677110766,0.0215489720461,0.0218608476164,0.0213720989807,0.0214967161248,0.0215489720461,0.0239930198176,0.840502262602
C002160,3,0.0180536752788,0.0248536372043,0.464448850439,0.0179054914637,0.0181061921376,0.0180536752788,0.347420205073,0.0911582731244
C002162,4,0.0947387488955,0.119998396137,0.631581171091,0.0198097096329,0.0211368805342,0.0211368805342,0.0227408409645,0.0688573722113
C002163,2,0.00970440119237,0.094882972848,0.00975961821705,0.00963612482803,0.00970440119237,0.00970440119237,0.0112098787857,0.845398201744
C002165,1,0.109825134784,0.0041446179595,0.00342424215943,0.00347629238522,0.00348137000675,0.856239159019,0.0046629589027,0.0147462247834
C002166,4,0.00790114530693,0.711035682277,0.00765958971946,0.00753600248356,0.00790114530693,0.00790114530693,0.114507769317,0.135557520283
C002167,1,0.0181242622781,0.00835455657292,0.00315503903738,0.00958525633831,0.00835455657292,0.138010571056,0.010374546629,0.804041211515
C002168,1,0.00508337597298,0.023229662616,0.00678309135003,0.0775634935108,0.00110426421186,0.00774428503752,0.0270519255148,0.851439901786
C002169,0,0.00392471370725,0.0496384583246,0.0049978623895,0.00430819745428,0.0440927602738,0.00399175914886,0.831065726617,0.0579805220847
C002171,1,0.0144434562059,0.108584762538,0.0274145884223,0.0259643789802,0.426426484687,0.0264607992208,0.0367811889341,0.333924341012
C002172,1,0.00618374856705,0.00457642954452,0.00449819127563,0.332817819346,0.611932730738,0.00457642954452,0.00594863365311,0.029466017331
C002173,1,0.674795698366,0.00695101175264,0.00683694851394,0.00694087361541,0.242124942442,0.00695101175264,0.0093414274138,0.0460580861438
C002174,4,0.00205521744693,0.00205772304669,0.00199238487792,0.00195938256564,0.965077066855,0.00205521744693,0.00243724881248,0.0223657589485
C002175,0,0.0225354427177,0.0315021432427,0.0311829767704,0.0313085863573,0.0935940471182,0.00627126823438,0.348564424457,0.435041111102
C002176,4,0.00112662478148,0.00112799829589,0.00109723546029,0.00799521832096,0.0984424596858,0.00112662478148,0.883112589865,0.00597124880896
C002177,4,0.00172311613633,0.00351012336385,0.00366283185446,0.00347203942623,0.867723449802,0.00357155117396,0.00371168383161,0.112625204411
C002178,0,0.00157570635196,0.00291080216706,0.0794942911898,0.891838229694,0.0020134971823,0.00289232040307,0.00311325530027,0.0161618977119
C002183,4,0.00190376895533,0.00190608991803,0.00184556650359,0.890982337775,0.0478678685788,0.00190376895533,0.00221315751181,0.0513774418016
C002184,0,0.34961712603,0.287174099879,0.00295270033106,0.341572687412,0.0029653017213,0.00294476262595,0.00370172617005,0.00907159583082
C002186,3,0.00702788119973,0.501478305019,0.00497764419518,0.00665679508059,0.00714901224805,0.0554290157252,0.384935489164,0.0323458573681
C002187,0,0.00258743701124,0.00310371169513,0.00309305607701,0.65769526505,0.309231979388,0.00308400507691,0.00390987212938,0.0172946735719
C002188,3,0.00062277386429,0.00213189495399,0.00137004289977,0.00138506431368,0.00254922528514,0.00403522469046,0.00278134896494,0.985124425028
C002189,1,0.0144867552805,0.418150296668,0.40241832206,0.0144656261675,0.0144867552805,0.0144867552805,0.0174703782951,0.104035110967
C002190,3,0.0610470336389,0.0531022309343,0.0225000391035,0.0222081888718,0.277573371432,0.0223919813223,0.046649396727,0.494527757971
C002191,4,0.0347229276193,0.0780625221762,0.37660374,0.0325074620413,0.0513070103231,0.021689056228,0.0379978066742,0.367109474938
C002194,3,0.00366058723917,0.00325721687348,0.0144656537462,0.00493391818324,0.0122732672814,0.00630672647805,0.00112235426047,0.953980275938
C002195,3,0.0242417043663,0.454666754214,0.0228698496842,0.0240427294661,0.0243122217621,0.0242417043663,0.0615716101259,0.364053426016
C002196,1,0.0102438234904,0.182786192972,0.0102319928201,0.0104335743784,0.0229602241809,0.0102438234904,0.712661059428,0.0404393092392
C002197,3,0.00140085877668,0.00130473325322,0.00130026450314,0.000322037419142,0.00071711324513,0.00351739474909,0.00162458630408,0.98981301175
C002198,3,0.000418029728376,0.00123648830702,0.00104550769403,0.000380917850257,0.000411676563377,0.00028319376015,0.00112047004628,0.995103716051
C002199,4,0.0214177348874,0.00596176909536,0.00580538466412,0.0211071708721,0.00228355803643,0.0131134333761,0.0111726695405,0.919138279528
C002200,2,0.00735853427449,0.612297291759,0.300096952287,0.00730676251061,0.00735853427449,0.0158209203975,0.0120829205274,0.0376780839697
C002202,4,0.00484855498558,0.0277710887604,0.00877445977995,0.00845705422996,0.00434963286568,0.00477899711025,0.09941553332,0.841604678948
C002205,1,0.0478124952649,0.00956695660843,0.00955898846227,0.00915012164639,0.761392852247,0.00956695660843,0.0325850418597,0.120366587302
C002206,4,0.211576178777,0.00514518589502,0.017501442431,0.0048068060736,0.00513892082619,0.00513892082619,0.725009557824,0.0256829873475
C002207,2,0.0244774321693,0.0134954968686,0.0135826068448,0.00791506623488,0.0101682103985,0.0271640850705,0.814983014203,0.0882140882104
C002210,1,0.0417725085321,0.00609010244406,0.0109543488533,0.486843043659,0.0231291969266,0.00896439828026,0.356641787783,0.0656046135214
C002211,3,0.127583536312,0.0330590001412,0.0329457720853,0.0327876532443,0.0254810415925,0.0330590001412,0.054575832212,0.660508164271
C002212,2,0.011684543068,0.12684760534,0.0117371898538,0.00933415069754,0.754266672026,0.011684543068,0.014463198331,0.059982097616
C002215,2,0.0323388132288,0.00576709524677,0.0057542411075,0.00572396701563,0.0178389627342,0.00393303634931,0.890252250618,0.0383916336996
C002216,2,0.012576772556,0.332080207931,0.0125843082101,0.156729191962,0.012576772556,0.012576772556,0.401370759098,0.0595052151302
C002217,0,0.0112441006775,0.117244708011,0.0109093466538,0.00898959851677,0.0674082032007,0.00596863179475,0.0171787929451,0.7610566182
C002218,2,0.00154421300691,0.335505222394,0.00115504232841,0.00153334852926,0.0260421260315,0.617958886535,0.00191982522105,0.0143413359542
C002221,2,0.00603854931301,0.0282846007277,0.0292212673973,0.021227174375,0.00821428545949,0.00422926422102,0.00867389261473,0.894110965892
C002222,4,0.000428787355263,0.000524898327522,0.000395464974986,0.000190537626732,0.00703992121907,0.00017549089642,0.000585716986801,0.990659182613
C002224,1,0.0435896363086,0.0437651398989,0.0221856674522,0.0294722457776,0.0265260758543,0.259103624501,0.450230243898,0.12512736631
C002225,4,0.849400094059,0.0102248134298,0.0101238389653,0.00620749555462,0.00866919161274,0.0102412835133,0.0108417967479,0.0942914861168
C002227,4,0.0127318413688,0.0194821800058,0.018863569077,0.0385391750221,0.061468839646,0.0739894811935,0.542971412738,0.231953500948
C002232,0,0.185912207214,0.593702706998,0.00923950343668,0.0078027178944,0.132656758247,0.0091804252597,0.0105695303885,0.0509361505626
C002234,4,0.000679010187648,0.00067791820006,0.000662716751292,0.000648619937711,0.000549962865264,0.000679010187648,0.000743391493594,0.995359370377
C002235,2,0.0147586511132,0.651944469838,0.0148605401013,0.0146548150268,0.0147586511132,0.0107046811094,0.203321624628,0.0749965670694
C002236,1,0.00924353721987,0.0117265215021,0.832851609665,0.00923005540568,0.0473853351216,0.00924353721987,0.0155995241075,0.0647198797581
C002238,0,0.00742649010494,0.00771699168123,0.00769049781696,0.00429461875335,0.00772147626591,0.0136144424253,0.0311262164328,0.92040926652
C002241,1,0.262910464783,0.00585856793564,0.00732792002642,0.007376388534,0.0025647311297,0.00738716280298,0.391162380224,0.315412384565
C002242,2,0.00262718821058,0.00262836008312,0.00263902547406,0.00698373799917,0.827049423246,0.14495049905,0.00323681721345,0.00988494872355
C002243,2,0.00336545917726,0.00115369217158,0.0011611389591,0.00764224868646,0.00104056839689,0.0326376235689,0.934744380405,0.0182548886351
C002245,0,0.00246284232219,0.00217491070189,0.0021989884383,0.001249972866,0.00100701838429,0.00346689984529,0.0051962643013,0.982243103141
C002247,2,0.0169271496077,0.0713384989845,0.14920966707,0.0168080568155,0.0169271496077,0.0169271496077,0.292397626337,0.41946470197
C002248,0,0.012756647162,0.00667428961722,0.487090776904,0.00240211387307,0.00224707257072,0.235382156925,0.24084258929,0.012604353657
C002250,0,0.00778722628241,0.0661623522951,0.576260083329,0.0775561827278,0.032619406189,0.0404348445631,0.138271897529,0.0609080070846
C002251,4,0.0152138454308,0.00103315127094,0.00100034597568,0.000967101345655,0.00103189324762,0.976010388837,0.00109775598174,0.00364551791029
C002252,0,0.000924249212559,0.0022663132218,0.00730366884563,0.000940035397015,0.00513780088621,0.00113178232839,0.0022764641739,0.980019685935
C002254,1,0.00251309805803,0.850854590431,0.00328655597007,0.00580348008385,0.0034306298233,0.0408638033511,0.00694795054321,0.0862998917398
C002256,0,0.139346001079,0.0250191375086,0.0249272934249,0.0250336769101,0.0250336769101,0.577006719759,0.0308421932576,0.15279130115
C002258,0,0.00278344018575,0.00311434452384,0.00317293390063,0.00311615436663,0.00311615436663,0.92214257489,0.00355914436081,0.0589952534059
C002261,0,0.004199798148,0.857166119681,0.00478643249577,0.00480685979856,0.0241733125067,0.0501887033804,0.00615212051383,0.0485266534754
C002262,2,0.0136874345701,0.0110698124089,0.0400722714216,0.109238342098,0.309342229617,0.0984379489299,0.0214489731186,0.396702987836
C002264,1,0.0745516322096,0.0199481651314,0.0204599500206,0.0259996810094,0.0144478344903,0.644757405613,0.0246912488554,0.17514408267
C002265,4,0.033224299519,0.0995199854283,0.0325596161077,0.0314289420876,0.033224299519,0.033224299519,0.0397160238244,0.697102533995
C002266,2,0.00159907938732,0.00113340172001,0.00160628432374,0.000722037312821,0.963219355251,0.00159907938732,0.00202357316436,0.0280971894533
C002267,2,0.0217655048094,0.0148854891878,0.156749315329,0.0209672105445,0.0973931947967,0.14016996267,0.0267483273287,0.521320995333
C002269,2,0.0841740483252,0.692965980512,0.0165631669622,0.0163728641595,0.0087233265266,0.00670518610893,0.0196625554212,0.154832871984
C002270,2,0.0123237989903,0.729408925587,0.00768443628925,0.195011424273,0.00390620603208,0.00764096002832,0.0139588887662,0.0300653600345
C002273,4,0.00423219611618,0.00521381126994,0.00423221498395,0.211142251492,0.739701012917,0.00522220965369,0.00550213358177,0.0247541699854
C002274,2,0.00207514506923,0.00201959483171,0.00208947120442,0.0245338685065,0.00207514506923,0.00189370429717,0.00248115700978,0.962831914012
C002275,1,0.0041584578476,0.929028040204,0.00553096924483,0.00556725539104,0.00557538716267,0.00557538716267,0.00731160544651,0.0372528975403
C002276,2,0.000550193317289,0.000480086392651,0.000496696999482,0.000809284060403,0.000493291473552,0.000450158007596,0.000590700752319,0.996129588997
C002277,0,0.00558763742494,0.00632353522638,0.00625524221153,0.00632721003003,0.0476460027968,0.851031227318,0.00807988790891,0.0687492570831
C002278,4,0.00228599705118,0.00202936801715,0.000795264773158,0.000763793371821,0.000816565845441,0.00141434877055,0.000885077634967,0.991009584536
C002280,2,0.0360785841219,0.0351127846957,0.0362838674804,0.0358247493405,0.0360785841219,0.0360785841219,0.0404766475722,0.744066198546
C002281,2,0.000707964289157,0.000268283919823,0.00434906219139,0.00102423047751,0.000476244087194,0.00170602969355,0.00135612075726,0.990112064584
C002282,0,0.500339829056,0.100811262368,0.0165238645742,0.274322349234,0.0165904251151,0.0134641180042,0.0199735191408,0.0579746325082
C002285,1,0.0234337034834,0.0275949310991,0.259867547877,0.0399670909901,0.0323129951092,0.0400254686347,0.0688724560568,0.50792580675
C002286,1,0.0171796329942,0.0224635711075,0.00984689720373,0.0235121131861,0.0272142937396,0.109397334366,0.028849624345,0.761536533058
C002287,1,0.0409923747899,0.0438560767109,0.0597833004166,0.0437921120767,0.0685988445909,0.115905484385,0.0518173933705,0.575254413659
C002288,3,0.0994343891575,0.24185858122,0.00604336615496,0.614868343952,0.00589805651959,0.00593983570841,0.00696134055129,0.0189960867364
C002290,0,0.00200850704607,0.00632318768282,0.00255708771363,0.891647501918,0.00443923717051,0.0035987659093,0.00707318651983,0.0823525260399
C002291,2,0.370116197633,0.20729435476,0.177239257831,0.0298762007938,0.0302768929396,0.0302768929396,0.050848784363,0.10407141874
C002292,3,0.0105888003444,0.2646437698,0.0263593377147,0.542201278428,0.0105143216028,0.0105888003444,0.0110795768556,0.12402411491
C002293,2,0.0241412733145,0.0262776288571,0.0492048474677,0.0260811161237,0.0262659127944,0.398292731073,0.0319882865188,0.417748203851
C002294,1,0.00804448331045,0.299776952909,0.00804080339779,0.00803275033132,0.304427488525,0.344926888258,0.00952210966757,0.0172285236019
C002295,0,0.00172174129582,0.354530143954,0.00514475493799,0.17087203828,0.40183802033,0.00843814322127,0.0055886484599,0.0518665095208
C002296,2,0.00363651097876,0.00403256513602,0.00153193767797,0.00109302079571,0.00152143418491,0.00843597556026,0.0019090431958,0.977839512471
C002297,3,0.00425446626367,0.0227800356399,0.00423989459054,0.0042195457817,0.00422454150513,0.0379255804938,0.905627762769,0.0167281729562
C002298,1,0.00528864936048,0.00929866942837,0.0729001860756,0.0102710115426,0.0144899511195,0.833058149366,0.0127655378799,0.0419278452273
C002299,2,0.0307403191289,0.0383382106873,0.028697846869,0.0283005620702,0.0285010845335,0.0271732581296,0.675654445591,0.14259427299
C002300,0,0.406101169901,0.00673029720118,0.00670719084213,0.222385725161,0.00306307358619,0.308126505168,0.00797369512506,0.0389123430152
C002301,1,0.00501479864338,0.0646770303834,0.00501088914573,0.897125026826,0.00248152524623,0.00501479864338,0.00654270534019,0.0141332257717
C002303,0,0.0101834490066,0.0114083364078,0.00916218380713,0.0114149661481,0.034460446225,0.848166370101,0.0143549407759,0.0608493075288
C002304,1,0.115197904116,0.0169575183737,0.0155086278762,0.0162186745786,0.0169575183737,0.0492750601092,0.0236114200082,0.746273276565
C002307,2,0.0295930127343,0.0296062128693,0.0295610955981,0.0293848078921,0.0229577666996,0.0295930127343,0.0338647964259,0.795439295046
C002308,3,0.0187897840278,0.0894669095257,0.0173907757364,0.0245281171873,0.0242885145587,0.0231139859231,0.202131792286,0.600290120755
C002309,2,0.00221585833516,0.0935589637105,0.00651162881085,0.812432718726,0.0093881456227,0.0483247112523,0.00765785974697,0.0199101137958
C002310,2,0.0199174506802,0.0199263349745,0.0200549543638,0.0197773193013,0.0199174506802,0.0199174506802,0.229978519246,0.650510520074
C002311,3,0.00556506420556,0.00913745287159,0.829125629657,0.00551938639024,0.00558125258197,0.00556506420556,0.00768699821681,0.131819151872
C002312,0,0.0167654672475,0.251219123551,0.0237765841637,0.356036625165,0.0235903812619,0.0234269830193,0.027427041666,0.277757793926
C002313,3,0.00497477362072,0.0111261618771,0.00495773487354,0.00251077347493,0.00493978241614,0.00368455022242,0.00585143035763,0.961954793158
C002314,1,0.00481788087384,0.00648025211656,0.00530402132871,0.113210173721,0.00648025211656,0.00648025211656,0.00856252770293,0.848664640024
C002315,2,0.678391652342,0.0181312724724,0.0130983221187,0.0465614389849,0.00958347661403,0.0120832439268,0.0206834595169,0.201467134024
C002316,4,0.001650959166,0.966083054357,0.00160789197095,0.00154729652,0.00180342590288,0.001650959166,0.0018157295047,0.0238406834127
C002318,1,0.299174440896,0.0433334028782,0.0425925785317,0.075896734989,0.0433334028782,0.0433334028782,0.0544365046237,0.397899532325
C002319,2,0.0354468160253,0.0096610316993,0.688241726363,0.00697862706643,0.0254304744673,0.129498070867,0.0134675448457,0.0912757086661
C002320,1,0.00754860733269,0.290035903742,0.382059767376,0.0310739891255,0.19233634286,0.00754860733269,0.0555206794208,0.0338761028103
C002321,4,0.0161128018105,0.00509184025999,0.00397363729924,0.00262852929542,0.00401973463822,0.00401973463822,0.00466857712824,0.95948514493
C002323,2,0.722292980761,0.00896931378835,0.00902720841189,0.176340265369,0.0125559451867,0.00896531475771,0.0112595137423,0.050589457983
C002330,4,0.0194353655025,0.0306807637817,0.0293007689919,0.028111155622,0.0154480377849,0.0300534285891,0.0421583072293,0.804812172499
C002331,2,0.0074159451879,0.00519722781907,0.00358787750499,0.0051583612436,0.00519491059908,0.935327291071,0.00652540009393,0.0315929864804
C002333,1,0.00261966914604,0.00405322382396,0.00402071821393,0.00404731214652,0.14121584901,0.00405322382396,0.81580332349,0.0241866803455
C002334,0,0.0156726336495,0.0196099974998,0.0100409855507,0.790111347985,0.0304384784031,0.0223428973062,0.0107382869895,0.101045372616
C002335,0,0.0552987811732,0.0229828232947,0.0260036696675,0.0259859585404,0.602702889113,0.0527983167011,0.0288180162828,0.185409545227
C002338,2,0.00709332168561,0.00593971710535,0.92198184729,0.00704341585358,0.00709332168561,0.00709332168561,0.00565982877783,0.0380952259163
C002339,4,0.47881077035,0.0895023684655,0.0124011055558,0.052670000794,0.0148665812735,0.0203191603829,0.0294978197551,0.301932193423
C002341,4,0.771134645771,0.00744735932038,0.00737381341906,0.0397164102179,0.00633708509074,0.00652213450724,0.118316202936,0.0431523487381
C002342,4,0.219473535056,0.0229401603939,0.514960226998,0.0242903843172,0.0102588359803,0.0161109055198,0.0221075452694,0.169858406466
C002345,2,0.0785168922526,0.0333881866889,0.0419683023449,0.0627983806262,0.0337233721116,0.135459873746,0.0726981483558,0.541446843874
C002346,0,0.0210417034656,0.0257091447546,0.109647571083,0.252684611345,0.0257240851409,0.0255459078466,0.0273174607255,0.512329515639
C002348,2,0.403920215659,0.00565669318087,0.00440973933637,0.003636896903,0.375965961955,0.0862000845144,0.00718945204893,0.113020956403
C002349,1,0.0319118039966,0.0319118039966,0.0311743210728,0.0318652602329,0.0319118039966,0.0319118039966,0.301735050862,0.507578151846
C002351,0,0.000352543398126,0.000899105664814,0.000896018868245,0.00052049630228,0.0065598637098,0.000264399993696,0.000957641603812,0.989549930459
C002352,0,0.332160252795,0.00998745529631,0.390468968538,0.00464974152244,0.164621237516,0.0402863655766,0.0157607000454,0.0420652787102
C002353,0,0.00140098607732,0.00152923295673,0.958775175424,0.00153012164172,0.0191019684089,0.00151952328876,0.00196459771971,0.0141783944832
C002354,1,0.0023392158894,0.0023392158894,0.00233726759854,0.00233580411389,0.000938737388977,0.957287529316,0.00291954910496,0.0295026806991
C002355,4,0.00812091803161,0.00813081857536,0.00802778931913,0.281466565539,0.21546401067,0.00812091803161,0.116519350652,0.354149629181
C002358,2,0.00370416944316,0.00370582170942,0.0404095869421,0.687953744584,0.24075993696,0.00370416944316,0.00473363273419,0.0150289381838
C002359,3,0.010601384634,0.0123614087133,0.0123190705219,0.0122599467852,0.0890481356202,0.00632331574032,0.79881754082,0.0582691971654
C002360,3,0.224862552675,0.00586351855907,0.00584343583411,0.00581539104284,0.605486057753,0.00586351855907,0.0753331921509,0.0709323334262
C002361,0,0.00422360500512,0.00121547113121,0.00120263119896,0.00125422430287,0.00121617747941,0.000420035189459,0.000405326159461,0.990062529534
C002362,1,0.00501854195473,0.662702446079,0.00565047036228,0.295955366704,0.00357728258163,0.00525412555358,0.00678625054327,0.0150555162215
C002363,3,0.0169378544517,0.0169378544517,0.0299397227645,0.234317385531,0.109434601027,0.00661296013879,0.0192338115041,0.566585810132
C002365,4,0.00456822108296,0.00456087444691,0.00451583383485,0.00436376261827,0.931428097286,0.00730329195618,0.00513623969764,0.0381236790767
C002366,3,0.077395634281,0.0110753018872,0.0217074575946,0.0109843962704,0.0399374212103,0.0110753018872,0.0117935598161,0.816030927053
C002367,3,0.00250125137925,0.00250125137925,0.0024926845191,0.669962696612,0.00247044906398,0.00234779664752,0.261651542052,0.0560723283473
C002368,2,0.53328694518,0.00176357646212,0.00103379037198,0.00175038785849,0.448243980972,0.00176279015934,0.00113693064758,0.0110215983484
C002370,0,0.00393133878206,0.00438964102261,0.0042673814604,0.00439219197998,0.915390809251,0.00436176956151,0.00482753970769,0.0584393282349
C002371,4,0.000411715473071,0.000571156355323,0.000700551998988,0.000675942249103,0.000906214171051,0.000722644859816,0.000818317034875,0.995193457858
C002372,3,0.00404051235442,0.00349156321431,0.00259109857679,0.00346290460881,0.0771701295211,0.857678498531,0.00378774910649,0.0477775440875
C002373,2,0.0151835073446,0.0238995008704,0.330527981713,0.0196140095994,0.454171285586,0.00653063381591,0.0408400150216,0.109233066049
C002375,0,0.0208708746967,0.00507697987522,0.00505834251955,0.0727671072247,0.0110727453132,0.0178754509403,0.00624655628115,0.861031943149
C002376,4,0.00956541098159,0.0387923214537,0.0408131284694,0.00884768227895,0.00951851845729,0.011199653912,0.846612217851,0.0346510665965
C002377,1,0.000577941455239,0.000992002977492,0.000978244014601,0.000435795033416,0.000428237187951,0.00169490393362,0.00116060411538,0.993732271282
C002378,4,0.00770817859495,0.0839675186876,0.0075151345774,0.00717900859445,0.00482823253762,0.00770817859495,0.0973993607242,0.783694387689
C002379,2,0.0288734981408,0.0401720006188,0.0123372885519,0.0121194075743,0.0120126132907,0.775757376954,0.0146183312754,0.104109483594
C002380,1,0.00693366476688,0.00693366476688,0.00692565702424,0.891525538869,0.0138495819293,0.00693366476688,0.00919598389007,0.0577022439872
C002381,3,0.0519049563319,0.0179055324373,0.13864564634,0.561165113158,0.0231147039336,0.0597501608115,0.0218664817828,0.125647405205
C002382,2,0.00781513625568,0.00781862224252,0.00785960356107,0.00866919859513,0.00781513625568,0.270320228805,0.0119242211911,0.677777853094
C002383,3,0.559134071426,0.0090062525746,0.0144480062704,0.0350439162033,0.0232896413188,0.0176942838137,0.0191408590677,0.322242969325
C002386,4,0.00396484065079,0.0205839078886,0.0284712147486,0.00370860356982,0.0353860055744,0.00396484065079,0.00450482538261,0.899415761534
C002387,1,0.00561870409844,0.876758757689,0.0057606915193,0.00537389559711,0.0110039450641,0.00377655193827,0.00745166929239,0.0842557848015
C002388,0,0.00238036458962,0.00291346184847,0.00272003989078,0.00244870855561,0.00263918109992,0.971176535865,0.0028657428674,0.0128559652834
C002389,4,0.000384945658813,0.00091801389428,0.00225454036466,0.00129266428641,0.00086747347919,0.00086747347919,0.000873170689245,0.992541718148
C002390,2,0.00309035873848,0.00521304280903,0.0052341963564,0.0176298501106,0.0020550745617,0.0136633041947,0.00707683116935,0.94603734206
C002392,3,0.692356713912,0.0106261693315,0.181833935906,0.010538950176,0.0440921365272,0.00531737570632,0.0109347827775,0.0442999356641
C002394,2,0.0126028388902,0.0126084604596,0.012659623221,0.329204079177,0.0622108654985,0.0126028388902,0.257133839695,0.300977454169
C002395,0,0.160018110693,0.274992057225,0.0140285675993,0.00852184422772,0.168390336193,0.271944705571,0.0439308063271,0.0581735721643
C002396,4,0.0509950226205,0.0170891090055,0.0190695083047,0.31041275476,0.024398293081,0.0876142099268,0.169341448596,0.321079653706
C002397,4,0.0108385423302,0.0108517560411,0.834059223826,0.0101380762351,0.0108385423302,0.0108385423302,0.012249667016,0.100185649891
C002398,4,0.278346991753,0.00779779159183,0.00758512976276,0.00729927451449,0.00778829656054,0.652148295706,0.00838199499749,0.0306522251141
C002399,4,0.00387815682001,0.00473915429601,0.00361293941915,0.933647047041,0.00440080857903,0.00474678810444,0.00528608634281,0.0396890193976
C002401,4,0.0114978277356,0.00200898871499,0.00194519799061,0.00187686496737,0.0020065424569,0.0020065424569,0.969062676506,0.00959535917156
C002402,2,0.0274660218144,0.392774536475,0.0122423857197,0.0272727816468,0.0143031750997,0.0274660218144,0.033830816044,0.464644261386
C002403,3,0.0106642493404,0.0345263150143,0.461248181557,0.0283038838296,0.064637810623,0.0170184186735,0.0368124282883,0.346788712674
C002404,2,0.00471639064762,0.0332983948998,0.0047079774828,0.00465397272737,0.00246354192804,0.138593613973,0.00588573700138,0.80568037134
C002405,1,0.382826736942,0.00173308773454,0.485666732995,0.096980128876,0.00173308773454,0.00173308773454,0.0226648633398,0.00666227464316
C002406,0,0.00274734160835,0.00306235500145,0.0029412202576,0.00354907462115,0.00295306792257,0.927290469299,0.00343391918971,0.0540225520999
C002407,1,0.00452909069191,0.00592654742992,0.00594338436363,0.00591790348666,0.00996392049394,0.00557133408639,0.90527352823,0.0568742912179
C002408,3,0.0304722939215,0.0402928059727,0.0401548019173,0.331099467993,0.0378203842826,0.127338929618,0.0494152789401,0.343406037354
C002409,4,0.00785589194079,0.606946948936,0.00654878878017,0.00734818658853,0.00850390550071,0.0325269127761,0.0086031448817,0.321666220596
C002412,0,0.00382635351543,0.00387316964069,0.000606259264287,0.00194702227534,0.000938657316215,0.00176918759508,0.00253052873664,0.984508821656
C002413,4,0.00539054537836,0.00586082379991,0.0438965585065,0.0054753791238,0.00173950338519,0.00585368732996,0.00679839472069,0.924985107756
C002414,3,0.0369308423178,0.0369308423178,0.0377534013209,0.0366277155015,0.0368412856008,0.0369308423178,0.0396110964828,0.738373974141
C002416,3,0.00370590329446,0.780581332354,0.0153094493553,0.00619648803889,0.0316578474127,0.070749877535,0.00912268994113,0.0826764120684
C002418,2,0.200164289097,0.0024544786581,0.00666590559703,0.128858456989,0.014265169327,0.567701923356,0.00824319539211,0.0716465815836
C002419,4,0.00640035295501,0.00640815588741,0.00620467992813,0.688830673369,0.00640035295501,0.00640035295501,0.0238801363354,0.255475295615
C002420,0,0.0295913185945,0.0160435466379,0.50212315695,0.0146563245844,0.0415841497966,0.196387950875,0.0192050152381,0.180408537323
C002421,4,0.00799047876189,0.00117300450317,0.00113575849656,0.00109586034115,0.00117157618666,0.0227699218939,0.960420659572,0.00424274024445
C002424,1,0.0146079397454,0.0146079397454,0.0149875476116,0.0145866338833,0.780047236363,0.0146079397454,0.0223742347783,0.124180528128
C002426,3,0.019159924277,0.0131206949734,0.0191161003345,0.0190026604161,0.128236817149,0.019159924277,0.0224201082494,0.759783770324
C002428,4,0.00745618379405,0.00910129501069,0.00456748929603,0.00847344377052,0.00909021276004,0.00909021276004,0.857316848594,0.0949043140143
C002429,4,0.0146235763839,0.0146414045848,0.588303109334,0.00967249986119,0.18665866961,0.0146235763839,0.02433683372,0.147140330122
C002430,0,0.00379677197578,0.928544617567,0.00407569382296,0.00268370653209,0.00276700499274,0.0040637673967,0.004294053239,0.0497743844736
C002431,4,0.900353113612,0.00332920005601,0.00323840591707,0.00311636247729,0.00387447830352,0.00332514623406,0.0027438371879,0.0800194562125
C002434,4,0.00484434164127,0.00668470229539,0.00650239670281,0.0120610674955,0.0058798626794,0.124777051962,0.0281048904467,0.811145686777
C002438,3,0.0240800291916,0.0240800291916,0.0279697314569,0.625287118986,0.0228342881699,0.0240800291916,0.0202541071144,0.231414666698
C002439,0,0.00417511215713,0.00889110610823,0.00389892785581,0.00889627300744,0.00805478952269,0.0130986683926,0.018152001974,0.934833120982
C002441,0,0.00239226819295,0.0185935145616,0.765053274396,0.00267352309501,0.00267352309501,0.192729754777,0.0029359752554,0.0129481666263
C002442,4,0.00708289123719,0.378151809314,0.00689812575985,0.0873564668058,0.00708289123719,0.462967316255,0.00760421994335,0.0428562794475
C002443,1,0.00493366799507,0.0333629680857,0.0122031748594,0.482098597469,0.00562566023837,0.00480719353928,0.00919283725709,0.447775900556
C002446,3,0.0137878327984,0.100085190014,0.0191732024362,0.00717692772319,0.0199010257036,0.0200997575374,0.0239193796648,0.795856684122
C002448,2,0.00214298403763,0.0180878494163,0.00181308613124,0.00781911297654,0.00376796131726,0.0030274509822,0.00446064779916,0.95888090734
C002449,0,0.00200561797547,0.00221254979101,0.00225471187579,0.00221383557274,0.00188141184071,0.966702293958,0.00709120543687,0.0156383735498
C002450,2,0.0660459618954,0.0658209983462,0.032241609343,0.0551333061119,0.0555239508745,0.0555239508745,0.066579085914,0.60313113664
C002451,2,0.0159761341553,0.00834290384918,0.420373542991,0.0168736171285,0.0159761341553,0.359455829543,0.0202502496914,0.142751588486
C002452,4,0.00205813818404,0.00398941717035,0.828326179829,0.0523228655766,0.00108471646367,0.096808456034,0.00229047530773,0.0131197514345
C002453,3,0.0138137355622,0.206201627514,0.0195419588937,0.568153991555,0.0406383761677,0.0196091207136,0.0163417130849,0.115699476509
C002454,3,0.556905204156,0.00970094251514,0.0523904993459,0.192968738815,0.00743730431147,0.0159047000195,0.017523035917,0.14716957492
C002456,2,0.0101002274863,0.00764729819941,0.00570152576612,0.117629490774,0.0101002274863,0.778774087228,0.0119595763311,0.0580875667289
C002457,2,0.334086622191,0.581336720572,0.00856854291016,0.00844992244845,0.00850979402485,0.00850979402485,0.0104442319034,0.0400943719247
C002458,4,0.00536759736773,0.00535896517072,0.904779895788,0.00503056944041,0.00601401496952,0.00536759736773,0.00578442122311,0.0622969386723
C002459,4,0.0996766643445,0.591829048024,0.0115460339965,0.200651997022,0.00730594134195,0.0359237427626,0.0113194658625,0.0417471066466
C002460,4,0.0556005472048,0.0551311894786,0.108116183741,0.0591923429749,0.0632264505339,0.0632264505339,0.0659147324975,0.529592103036
C002461,2,0.0108024264207,0.0108072449056,0.0480198001555,0.010726424781,0.0328246039606,0.36551703036,0.0132322536893,0.508070215727
C002462,0,0.00763313550456,0.00839760141626,0.00836677421421,0.679985028283,0.0084024815245,0.185228115546,0.0101880751204,0.0917987883903
C002463,2,0.209537657311,0.0551616830379,0.00783009525962,0.0114706354614,0.0345296251109,0.0911441409065,0.023908656034,0.566417506878
C002465,2,0.0143969225485,0.0112329530223,0.132678066891,0.0359615490621,0.00724004396496,0.016560360538,0.537743770315,0.244186333658
C002467,3,0.0125771554029,0.751927265847,0.0176205677767,0.0175360002107,0.0156850560257,0.0203707752154,0.0157472590937,0.148535920428
C002469,2,0.0112137125407,0.00810775780749,0.0218449547421,0.0251402144493,0.130275694715,0.0347280864043,0.497227998609,0.271461580733
C002470,2,0.0421027795857,0.00774442824646,0.0178249862457,0.0111890668731,0.010022237323,0.0259313746344,0.0416902389583,0.843494888133
C002474,4,0.00180483670057,0.00180703705091,0.0017577554306,0.2304380823,0.00180483670057,0.00946573269561,0.726674322265,0.0262473968567
C002476,3,0.00498455720438,0.910374997332,0.00500861135949,0.00492156604222,0.00497246973085,0.00498455720438,0.00571763684121,0.0590356042853
C002477,0,0.203721850129,0.49526442694,0.00415990644827,0.23872317921,0.00235730409485,0.00303763919404,0.00669142312091,0.0460442708635
C002479,0,0.0323728962534,0.0352333601489,0.0359047628553,0.0269048157004,0.0887112161542,0.0328318698374,0.0456733521888,0.702367726862
C002484,1,0.000690849119032,0.000824331577618,0.986629983115,0.000823129279742,0.000437285042989,0.000940573352375,0.000890637066325,0.00876321144645
C002485,1,0.0145129237395,0.735255325024,0.0146849126791,0.0149249709196,0.0146535369524,0.0146535369524,0.0701121451022,0.121202648631
C002486,3,0.00309640361093,0.00927927029256,0.00454011796368,0.144371302852,0.00242373471776,0.0049441857888,0.124869971655,0.706475013119
C002487,1,0.00748723889858,0.0135822860018,0.689160619763,0.0172615534649,0.0134747953691,0.0634206930458,0.1108081352,0.0848046782563
C002488,4,0.0037553379914,0.00375991627773,0.00369517315584,0.0148726594819,0.00781798288568,0.00193899429978,0.00418399424761,0.95997594166
C002489,1,0.00595510035735,0.0588656643754,0.0154162504145,0.00867661408097,0.817323871625,0.00536866811391,0.00758199392736,0.0808118371051
C002490,3,0.00377928961753,0.0636989907145,0.434274172898,0.00373152973929,0.00375270712228,0.0276466486909,0.452711308123,0.0104053530939
C002491,0,0.335874863743,0.0114542063906,0.0114148819748,0.00532782912427,0.0114608627873,0.0112090553856,0.0998669508957,0.513391349698
C002492,3,0.00623524270331,0.00623524270331,0.00621388681214,0.734856522764,0.00625338058137,0.00623524270331,0.148152548972,0.0858179327605
C002493,3,0.0133396915815,0.0286777242543,0.118797596168,0.0284423386875,0.206836371841,0.0252293405835,0.0310264759608,0.547650460922
C002495,2,0.309367083404,0.00137798102371,0.00138357261156,0.637557911545,0.0102061965601,0.00137736664133,0.0298698337465,0.00886005446808
C002496,3,0.0288895479719,0.00627692227734,0.0413562155887,0.0027357262927,0.00993901056151,0.00491287024153,0.885854857109,0.0200348499569
C002497,1,0.0377628766013,0.0279244238637,0.0270284718392,0.018522031654,0.49774801,0.0255226152018,0.0330259289644,0.332465641876
C002498,0,0.00911238002044,0.00890405283008,0.0102819003622,0.546098117009,0.00973822182713,0.0101307195152,0.0124620484276,0.393272560008
C002499,2,0.171376085758,0.0130030535541,0.0258504871912,0.545180122989,0.0127739622852,0.123314228362,0.0162136289522,0.0922884309079
C002500,4,0.0136657749136,0.598403257535,0.0123768382767,0.0128077098467,0.0136657749136,0.0237513949132,0.018763214424,0.306566035177
C002501,0,0.187807577615,0.0265430914648,0.0264519641069,0.0265585164835,0.582593954777,0.0263745595194,0.0285501216444,0.0951202143889
C002502,4,0.00734816141907,0.177001157521,0.0123007328953,0.0064095229048,0.112261273242,0.011265013434,0.481855259182,0.191558879402
C002503,0,0.0176731269677,0.0081802045222,0.010482760562,0.023595599006,0.00531395393725,0.0316355258974,0.0130613512381,0.890057477869
C002510,1,0.00456263709654,0.00216787473619,0.00675837752412,0.00326632041985,0.00206238624141,0.00303123223364,0.0043440048714,0.973807166877
C002511,0,0.00575226082706,0.0113467749777,0.188745770991,0.0165311748253,0.00732824909954,0.00806696833457,0.640643055767,0.121585745178
C002512,1,0.247579821979,0.296166279673,0.010524960637,0.0104143556523,0.074851322688,0.0106134706376,0.308341158957,0.0415086297768
C002514,3,0.0201864476679,0.205398228376,0.49476180451,0.0626861963335,0.0202451686101,0.0201864476679,0.0228454837203,0.153690223114
C002515,4,0.238553178221,0.026982568194,0.0238009646568,0.0511455753586,0.10087621081,0.17825933017,0.060892982927,0.319489189663
C002516,0,0.00246446867437,0.00276546272505,0.00281816105272,0.00283405822477,0.00276706982174,0.941014800819,0.00300796182945,0.0423280168531
C002519,3,0.00781622663154,0.00781622663154,0.00785394567458,0.00771745091705,0.00779727240378,0.00781622663154,0.840222172168,0.112960478942
C002520,3,0.00392883238688,0.00785295693421,0.00586149930823,0.00778850019062,0.00779772137103,0.00785295693421,0.688956802466,0.269960730408
C002521,3,0.0608194590044,0.742682071414,0.0114172279424,0.0295396203089,0.0193131994336,0.0215662668984,0.0229636411473,0.0916985138508
C002522,0,0.00160085603521,0.00176227044094,0.00179542358956,0.00176329455128,0.0625310548004,0.920214586142,0.00211393074582,0.00821858369476
C002523,4,0.00308694004237,0.0429632442326,0.58250050081,0.00288314603406,0.231974027091,0.121998912766,0.00335989418079,0.0112333348433
C002526,0,0.00869794322106,0.00657933876823,0.0100487619164,0.346789149141,0.162279279268,0.392959468002,0.035277661893,0.0373683977898
C002527,3,0.0174742341848,0.00197870211126,0.00169197863641,0.00301807994759,0.00135450420287,0.00130855495782,0.00201185435286,0.971162091606
C002528,0,0.1119006388,0.0582400007547,0.0227343001352,0.0135275818182,0.031885741326,0.254249045448,0.0239941493331,0.483468542385
C002529,2,0.00463384020923,0.00525146311989,0.0134903262938,0.00773188421144,0.0132155485622,0.884219254751,0.0101317510577,0.0613259317949
C002530,1,0.4183858565,0.00825575854316,0.294182267226,0.008408683622,0.00825575854316,0.0660898255837,0.0101277919519,0.18629405803
C002531,4,0.00533610447543,0.00524432776653,0.00480628123018,0.839310557637,0.0892565540417,0.00533610447543,0.00788301491617,0.0428270554574
C002533,2,0.0361247866843,0.0351577504466,0.0363303329306,0.0358706268399,0.0361247866843,0.0361247866843,0.0405284823347,0.743738447395
C002534,3,0.0710632929111,0.101140097578,0.0124734480354,0.00190661498703,0.00212158797646,0.00211543432828,0.792735153834,0.0164443703504
C002538,2,0.0147916791684,0.0161601238899,0.033008315446,0.0586743263599,0.491538336337,0.0269772657336,0.0828933905346,0.275956562531
C002539,2,0.0477368701588,0.0464589862581,0.0432135913751,0.0474010122449,0.0322676399351,0.0477368701588,0.0541046718074,0.681080358062
C002540,3,0.00887049563484,0.0362182136674,0.00126092864934,0.00373185017155,0.860603983271,0.0150781414576,0.00994385991944,0.0642925272287
C002541,1,0.0098104912794,0.0104173250751,0.192101224647,0.00979618255566,0.0098104912794,0.655269091502,0.0131144091116,0.0996807845496
C002542,2,0.00435508537299,0.00435702798408,0.00438515148392,0.00432444469875,0.00435508537299,0.00435508537299,0.925666599975,0.0482015197389
C002544,4,0.00715673771346,0.0071654627855,0.00600612431598,0.0409597384478,0.00715673771346,0.784225132974,0.00790938071185,0.139420685338
C002545,1,0.00500916786131,0.0107481689905,0.0104399504403,0.0103985429719,0.827752219291,0.0137773967171,0.0141671398511,0.107707413877
C002546,4,0.00514566006318,0.0109236655966,0.0108804945358,0.0102052565654,0.00779979019668,0.0109103643246,0.858261453379,0.0858733153382
C002548,2,0.00448781727571,0.0625533350917,0.313610563861,0.0044562427518,0.00239245656026,0.592571924418,0.00555851552589,0.0143691445156
C002550,4,0.00275865060412,0.00344472398121,0.0181066330377,0.00258543673736,0.00275865060412,0.955731517105,0.0029324583168,0.0116819296141
C002551,4,0.00816451189969,0.0108974951087,0.0607305339706,0.0356180420723,0.00390314613522,0.106076697148,0.015692068614,0.758917505051
C002553,1,0.00431762741453,0.00380902322709,0.929284213075,0.00431133010116,0.0122356573895,0.00431762741453,0.00559538033866,0.0361291410398
C002554,3,0.00954418679958,0.0544046717411,0.590237287142,0.0170752944937,0.0140899924901,0.0160168354629,0.0286554328882,0.269976298983
C002555,4,0.00398885380425,0.0758494548429,0.88504919685,0.00372551713617,0.00322759585782,0.00398885380425,0.00443550557522,0.0197350221297
C002557,1,0.00517104679903,0.718461225278,0.0806561613637,0.0121656831429,0.0334869437025,0.0480656461053,0.0144040254359,0.0875892681725
C002558,1,0.00522566813182,0.00750399635503,0.00752288935356,0.0395261935685,0.00283029494744,0.00375960858555,0.00854669454367,0.925084654514
C002559,0,0.0652281240729,0.0182029802297,0.722192407134,0.0182135585496,0.0182135585496,0.018087402748,0.0228957343651,0.116966234351
C002561,1,0.0715680570602,0.523124262099,0.0159038419095,0.177779765779,0.013408782288,0.0162171596632,0.0939452576083,0.0880528735929
C002563,0,0.00969344927137,0.00888792366293,0.747131004696,0.0108657091736,0.0548009434652,0.0107904480846,0.0119563098362,0.14587421181
C002564,0,0.238298423862,0.0078961806336,0.014135657935,0.00619307017419,0.00790076935057,0.00784604485024,0.00756351028541,0.710166342909
C002565,2,0.608518057753,0.0702327407248,0.00883400521933,0.00873250675857,0.00515043854044,0.0171360292896,0.234157766132,0.0472384555823
C002566,2,0.017279994064,0.00304520421115,0.00176125882258,0.953444770158,0.00114926755672,0.00304384648577,0.00359714316996,0.0166785155316
C002567,3,0.306465599721,0.0413651064141,0.0412234296978,0.0410255833427,0.252001492235,0.0413651064141,0.0510375604877,0.225516121688
C002568,2,0.00358959273221,0.00775760091705,0.599104626558,0.0114002505561,0.0114810265604,0.0121999956937,0.31166288184,0.042804025143
C002569,1,0.00441769148445,0.514463911206,0.124246438008,0.172760510808,0.00441769148445,0.00965181709265,0.121783467117,0.0482584727992
C002571,1,0.737735460906,0.00472331353747,0.00484449362994,0.00471642452584,0.192772611927,0.00472331353747,0.00600364222334,0.0444807397128
C002573,2,0.0107422781061,0.420514514148,0.191389502206,0.00695431438366,0.0107422781061,0.0107422781061,0.0124678055529,0.336447029391
C002578,0,0.0130219068053,0.00119557218768,0.874425033875,0.00466289025392,0.00119626697199,0.0916012702668,0.00126078666047,0.0126362729785
C002581,0,0.0654843851054,0.00259049296373,0.127040988513,0.00259199838003,0.00259199838003,0.0211577678347,0.760319262151,0.0182231066714
C002585,2,0.00118960374618,0.00160462617372,0.0153444841194,0.00118123416034,0.000879249430183,0.00118960374618,0.00073148970635,0.977879708918
C002587,1,0.00278068019948,0.00278068019948,0.00273505038318,0.106685804829,0.0618958555745,0.796487973297,0.00350970446518,0.0231242510522
C002588,1,0.000380111115316,0.00111152510859,0.000831904255906,0.000825527983602,0.000266654121069,0.000558847515692,0.00107122895405,0.994954200946
C002590,0,0.00137666890729,0.00308442852618,0.00899980821086,0.00619835152578,0.000962515829536,0.000981443458173,0.0033770532016,0.975019730341
C002591,1,0.287776368353,0.562772046803,0.0922157712165,0.00479498189005,0.00288355618352,0.00449558084625,0.00512793825866,0.0399337564481
C002592,4,0.00326101730139,0.00459757666962,0.00382607083057,0.00370695502769,0.00460498242545,0.000815504005091,0.032767813124,0.946420080616
C002593,1,0.00299992018499,0.591686197907,0.00477817881061,0.00391754640003,0.00580739740966,0.179479585735,0.0555743610913,0.155756812462
C002594,3,0.00648400510495,0.00648400510495,0.00651529519916,0.0664279298759,0.793893865305,0.00648400510495,0.00685110661117,0.106859787694
C002595,3,0.0217785284119,0.0195671345894,0.0188512672226,0.609138541235,0.0138686048572,0.0195671345894,0.122440863099,0.174787925995
C002598,3,0.0961888299221,0.0290571540599,0.028990692469,0.028818654149,0.202536106979,0.0290571540599,0.108743567507,0.476607840854
C002599,2,0.000512064473958,0.000923832983265,0.000927581723778,0.000482217026162,0.000923421085935,0.00124695209052,0.00114888006088,0.993835050555
C002604,2,0.00259606527722,0.787198266484,0.0116693541399,0.011535278887,0.00657414369647,0.0249017464995,0.0461872673521,0.109337877664
C002605,3,0.0190740478797,0.0101576621249,0.0862940835192,0.0247817595306,0.00502910754747,0.617067745124,0.0152344280825,0.222361166192
C002606,2,0.02604640297,0.0263850548938,0.160772389577,0.0261877387931,0.505315800927,0.0263732909344,0.0337656579418,0.195153663963
C002608,0,0.0651945183881,0.74431131467,0.0188910319747,0.014668300216,0.014668300216,0.0145667005661,0.0171323703897,0.11056746358
C002610,3,0.00658086613667,0.606420546803,0.140905629433,0.153999135558,0.00842057193135,0.00839614813292,0.00935173165177,0.0659253703533
C002611,3,0.00605625031228,0.128642668462,0.00603550747535,0.0344107881216,0.00524986518056,0.00462848057695,0.00696983878455,0.808006601087
C002612,3,0.00217763605473,0.00632666523513,0.00630499621908,0.0939304183266,0.00114228073678,0.00632666523513,0.00497699704853,0.878814341144
C002615,4,0.00255679523957,0.0246323551948,0.00251583243796,0.00244236154213,0.928615254631,0.00255679523957,0.00273769441712,0.0339429112977
C002617,4,0.0306133860193,0.060859572644,0.0125454760485,0.0120490077967,0.0399626084805,0.0128815051311,0.0143885074878,0.816699936392
C002619,2,0.0147117114709,0.0274131151346,0.269793991053,0.017306421237,0.0131726830214,0.0462447726561,0.0311755147326,0.580181790695
C002620,2,0.0038481398003,0.00384985628537,0.00387470612178,0.157945357871,0.0531441639295,0.75118825501,0.00482317714661,0.0213263438353
C002621,2,0.229744422009,0.0170637217932,0.281331314964,0.0773811755732,0.0089009014046,0.0134814317407,0.333564348275,0.038532684241
C002622,3,0.385453539683,0.041624420469,0.132769699877,0.0120944602642,0.0121087794781,0.0121945526447,0.336170026994,0.0675845205904
C002623,0,0.0154078347165,0.00218651923917,0.176939433557,0.710718199834,0.00218778989373,0.00217263621648,0.0787857074369,0.0116018791068
C002625,2,0.0010672624396,0.940659541948,0.0501712710904,0.00105313801548,0.0010672624396,0.0010672624396,0.000888908114282,0.00402535351304
C002626,3,0.0156826427741,0.0171264974187,0.831513433039,0.0155539202951,0.0155723353303,0.0189940622435,0.0166197347348,0.0689373741643
C002627,2,0.00705152157577,0.00160857606602,0.00255547592677,0.0013784476759,0.0025440134221,0.000757666752215,0.094753400171,0.88935089841
C002628,2,0.0108426578622,0.0149249069289,0.015441296822,0.0117913626582,0.803446559515,0.0153354259656,0.0190845241922,0.109133266056
C002629,0,0.1610015769,0.00818216110644,0.00815407022923,0.00818691601559,0.00818691601559,0.00813020952685,0.00256238655871,0.795595763648
C002630,0,0.0374935219412,0.00423719979042,0.00388722853499,0.0862252955987,0.00689184358586,0.828248757285,0.00458089559741,0.0284352576668
C002631,3,0.00274247044119,0.00274247044119,0.921758122731,0.00270781311995,0.00270869757059,0.00274247044119,0.00286591385837,0.0617320413968
C002632,3,0.0133300038315,0.0077535848008,0.0289995764963,0.00498242394019,0.0255236047404,0.0179358245749,0.262053711585,0.639421270031
C002634,4,0.00735029461303,0.0105956379773,0.0103066731177,0.0100936665082,0.0486856926798,0.0461949941957,0.0111123382135,0.855660702695
C002635,4,0.00114726851324,0.954274728253,0.00205118739248,0.00194434355173,0.00200007017267,0.00200007017267,0.00209685349611,0.034485478448
C002636,1,0.000996614765953,0.00210451969772,0.000304358149235,0.0090233198987,0.00157433319231,0.00233247659038,0.0051743140947,0.978490063611
C002637,1,0.0248477384157,0.934207524372,0.0025272476802,0.0198545948399,0.00187239188373,0.00254754341407,0.00332181432243,0.0108211450716
C002638,3,0.553608611183,0.0128926590161,0.0147265475743,0.0127868366076,0.0129301628452,0.0128926590161,0.333734115716,0.0464284080414
C002640,1,0.034231395667,0.0340905759891,0.0334337244444,0.0334510166246,0.0325542539864,0.313560015413,0.0406469892845,0.478032028591
C002641,2,0.0607765555463,0.0347055395535,0.0829825873226,0.0154600203289,0.0050810002269,0.705225048942,0.0247998750608,0.0709693730187
C002642,0,0.00850266738077,0.0356157735854,0.00550688427346,0.812751969637,0.00634144391695,0.0748649152991,0.00701187616732,0.0494044697397
C002643,3,0.00268075983802,0.00302544876329,0.00267157815608,0.00265875627288,0.00381401744261,0.00329886035122,0.00339206474953,0.978458514426
C002644,1,0.0345358375146,0.0340540529549,0.00980489788091,0.00979823594303,0.00981254766604,0.0375372531548,0.0121519191992,0.852305255686
C002647,3,0.00434814092351,0.0038519486767,0.00433324841189,0.913435023096,0.0334789985038,0.00270227106291,0.0059758331058,0.0318745362189
C002648,4,0.00132865050995,0.00191414323853,0.00244590810233,0.00123829359973,0.00311188086413,0.00329668859046,0.00420037957196,0.982464055523
C002649,3,0.00384014949529,0.00384014949529,0.00382699686939,0.00379162051475,0.00383083719262,0.940290623598,0.00492853535155,0.035651087483
C002650,3,0.014928015445,0.014928015445,0.0148768865493,0.0147393661822,0.0148918152402,0.014928015445,0.634218009369,0.276489876324
C002651,3,0.482087001254,0.0112868233682,0.0112481656634,0.00574638349525,0.316862127197,0.0201725300173,0.038988494499,0.113608474506
C002652,4,0.00141944524473,0.045521859878,0.00380781714351,0.0388818410782,0.00182562474951,0.0028615309613,0.878084953714,0.0275969272307
C002653,4,0.0161226304913,0.0223457260503,0.0217595705648,0.0137047153812,0.394143963687,0.213856403186,0.0247891568568,0.293277833782
C002654,1,0.0278995968747,0.542193813587,0.0278868343298,0.0278589049651,0.0278995968747,0.0278995968747,0.0334693323285,0.284892324165
C002655,2,0.00498953377339,0.00499175938386,0.00498650506837,0.00495442936879,0.758958711526,0.195826846901,0.00380270222031,0.0214895117583
C002656,1,0.0339790630186,0.00661543620141,0.00663209204991,0.0734039899097,0.00536100494911,0.795103639759,0.00859718181918,0.070307592293
C002657,1,0.00212889663678,0.00373463747507,0.00373032431359,0.0784344020606,0.852575751132,0.00373463747507,0.00482788093882,0.0508334699678
C002658,3,0.00611768306341,0.27585423288,0.00701750637222,0.25769419229,0.010317277664,0.00920292861339,0.0104292653023,0.423366913816
C002660,0,0.00108819520404,0.970705452966,0.00181814271437,0.00281829056896,0.00182546645889,0.00181282240672,0.00207118922828,0.0178604404527
C002662,4,0.00806691241512,0.0163594634589,0.0108762787288,0.566466337195,0.308359789247,0.0151296749061,0.0121599709424,0.0625815731069
C002663,3,0.00452488482091,0.00452488482091,0.0045093869562,0.00448774475467,0.00449305801178,0.00410167777098,0.888865032829,0.0844933300359
C002665,3,0.00703210696438,0.00859283053608,0.00509008702538,0.00608589050916,0.882265573028,0.00613625664827,0.00721256476667,0.0775846905218
C002666,4,0.00429487032237,0.0151290182879,0.00370982067752,0.00051342718316,0.00232853426173,0.030659059376,0.00255232989495,0.940812939996
C002667,4,0.00828177388763,0.648600215543,0.0107505441576,0.0104365915677,0.0109255845939,0.0109255845939,0.0121703303198,0.287909375336
C002668,2,0.0263600804186,0.0313632007961,0.0314904667668,0.0195650051815,0.0436236165317,0.531135566692,0.0236195751856,0.292842488428
C002669,3,0.000732162671944,0.00164672610036,0.00476766118102,0.00237064555206,0.00106922302652,0.00518339093519,0.0040349340434,0.980195256489
C002671,3,0.00485912776213,0.00786233841257,0.00736226356406,0.0073185739745,0.00433245812186,0.00708075618707,0.00846729913593,0.952717182842
C002674,4,0.286414492336,0.581719564759,0.0111264757633,0.00692369873257,0.00601854933386,0.0224828877671,0.00946307101099,0.0758512602978
C002677,2,0.52658395315,0.135271844483,0.0153782266174,0.0247282319442,0.00979164316933,0.0250598808171,0.0314626620723,0.231723557747
C002678,1,0.00651954352975,0.00651954352975,0.0065144609448,0.906970108713,0.00638262444866,0.00651954352975,0.00864368705566,0.0519304882491
C002679,0,0.0387534112358,0.0108795483303,0.0115123247738,0.0101086588012,0.10379731895,0.627614169461,0.0147792789194,0.182555289528
C002680,4,0.645210771634,0.231713333549,0.0470854635915,0.0046501647288,0.00497885973703,0.00497885973703,0.00557741102353,0.0558051359989
C002681,2,0.00169524633428,0.00277977421867,0.00639741270553,0.000980294124722,0.0194646588987,0.00435707356182,0.00516208184144,0.959163458315
C002682,0,0.0309779582775,0.0142916815442,0.024797547034,0.709994160199,0.0129187472387,0.0110903949871,0.0153931678968,0.180536342823
C002683,2,0.00229561820084,0.00229664217466,0.000835070274663,0.00164054166845,0.00229561820084,0.00117009276243,0.00102536328496,0.988441053433
C002684,3,0.0149248008486,0.00856398561647,0.0011713839931,0.235025029231,0.00170278492933,0.709356105294,0.00286225764846,0.0263936524384
C002685,1,0.689506068257,0.0086461704907,0.0163215196442,0.0158900437133,0.0159132533916,0.0969134142353,0.0192057795719,0.137603750696
C002686,4,0.00449731119459,0.625934753735,0.00437999358772,0.0809072006468,0.00449731119459,0.204525621621,0.00490768433761,0.0703501236822
C002687,0,0.435801412955,0.00570511328416,0.00568552657172,0.00437295920593,0.00431068276038,0.49627400397,0.00709990581005,0.0407503954431
C002688,1,0.00330803075553,0.00330803075553,0.00330651751176,0.649348118114,0.00330803075553,0.00330803075553,0.284464587901,0.0496486534516
C002689,4,0.00731738366402,0.185983674176,0.0106510006801,0.0102385064141,0.723767705973,0.0109362864654,0.0116452987718,0.0394601438558
C002690,3,0.0334569077037,0.13750800621,0.285978081179,0.119720141936,0.0297798700545,0.0625447878434,0.0843685932316,0.246643611842
C002691,3,0.00812724790637,0.757545896966,0.0139121896135,0.0408524303919,0.0415818560708,0.0302083734581,0.0167831242818,0.0909888813114
C002692,4,0.0923161468452,0.0304538051944,0.0159417023686,0.0284760109125,0.0304167229219,0.220103029768,0.0344417999671,0.547850782022
C002693,0,0.0441371236688,0.142217574146,0.0228253882067,0.010288429109,0.0124277180611,0.0227585958221,0.0279996308706,0.717345540115
C002694,4,0.00253995129994,0.0133315900617,0.0025108237563,0.00238046941942,0.00190151637917,0.951101165229,0.00267037180053,0.0235641120541
C002695,1,0.0064131715077,0.0152903477777,0.0152726888378,0.0139447188053,0.175050165578,0.627386927033,0.0197682529671,0.126873727494
C002696,4,0.0125765689767,0.426561182058,0.0122484945093,0.0270561324235,0.0125765689767,0.12965729682,0.0103236262289,0.369000130008
C002697,2,0.00429988686012,0.00430180484959,0.386019669005,0.570239639702,0.00429988686012,0.003499060743,0.00551788674472,0.0218221652357
C002698,4,0.0236637622042,0.0277307343287,0.163468108066,0.0221539168598,0.0236637622042,0.0236637622042,0.0258215678501,0.689834386283
C002699,4,0.632628591676,0.00284480602671,0.00281179946516,0.309446974632,0.0358665541074,0.00284134203028,0.00287182155155,0.0106881105111
C002700,4,0.151462301153,0.0438350361561,0.0426395644822,0.0331908308208,0.0437816601412,0.0971784264527,0.142362339235,0.445549841559
C002701,3,0.0142087440899,0.0203118635336,0.083252311334,0.0201451446033,0.0202626075811,0.00950202586942,0.0270509331946,0.805266369794
C002702,4,0.00457408769354,0.00410288783281,0.00231858408535,0.0716028825041,0.00316771946747,0.00556645911797,0.00787910067146,0.900788278627
C002703,3,0.0196807570663,0.0196807570663,0.0184635784395,0.0195192182316,0.0490248968296,0.0196807570663,0.0289149614025,0.825035073898
C002704,0,0.00549076270846,0.018116292888,0.00714788181859,0.00780179297365,0.0578600690497,0.011063576783,0.0485564824488,0.84396314133
C002705,4,0.831195001316,0.00808971643539,0.00779918053736,0.00772491584532,0.00810274731425,0.00810274731425,0.00975170387804,0.119233987359
C002706,2,0.00122476682246,0.00208421321483,0.00239402277178,0.000930333135455,0.00103502177049,0.00607545398191,0.00249600623482,0.983760182068
C002707,2,0.644701266386,0.0171716049944,0.0171333316189,0.0169771554972,0.0171639489154,0.0171639489154,0.020886432644,0.248802311029
C002708,1,0.0161913841283,0.00890863351492,0.00719637708458,0.221087222653,0.277333473125,0.00366274022597,0.379838141226,0.0857820280419
C002709,0,0.0716276575902,0.0153995846086,0.0021950622874,0.0116536135675,0.00315293171753,0.00259442077805,0.00469783338878,0.888678896062
C002711,1,0.00367568106724,0.000903552264684,0.000985331833946,0.00103101837817,0.000251729441673,0.000928920508315,0.00156374373336,0.990660022773
C002713,3,0.158987842396,0.0708483812494,0.00376831347401,0.605745044248,0.00382443143469,0.0486769919159,0.00656261386326,0.101586381419
C002714,4,0.410744813689,0.407671585572,0.00551979668268,0.00900777889274,0.0311026317906,0.0188915596078,0.0740216346675,0.0430401990973
C002715,1,0.192054201998,0.679635997154,0.0174837550912,0.00835250719801,0.00836470722771,0.00786917276434,0.0401854521164,0.0460542064505
C002716,0,0.0218042476608,0.024007990734,0.235479118201,0.0240219425266,0.194397153864,0.0275185978311,0.0267426180814,0.446028331101
C002718,3,0.0307614721544,0.00970195288131,0.216344806764,0.0150237174859,0.0319363588516,0.58288862719,0.010808653621,0.102534411052
C002719,2,0.285159376743,0.00267182806057,0.00436168867974,0.0115750431069,0.647795889252,0.00343454686781,0.0063600308208,0.0386415964691
C002720,2,0.00283900650857,0.919451822076,0.0406666733917,0.00281903237117,0.00283900650857,0.00883021392241,0.00294603123801,0.0196082139836
C002721,0,0.014040639839,0.0156623164715,0.015608544833,0.0156714183323,0.236891148348,0.218045002005,0.176748595528,0.307332334644
C002722,4,0.00485761914708,0.0121466859576,0.0118154208266,0.0115661846399,0.814811986443,0.074501404581,0.0101895252515,0.0601111731538
C002725,4,0.0112794725095,0.150200543719,0.0110987623817,0.0540816832218,0.190330801316,0.0112794725095,0.0116393909421,0.560089873401
C002729,3,0.331962123975,0.0305929586391,0.0404185411582,0.0302063473636,0.0303777760889,0.0305929586391,0.0171589884061,0.48869030573
C002731,3,0.0136937855557,0.0158071014492,0.0136624641548,0.0164038970727,0.00638211956511,0.0136937855557,0.0160937231935,0.904263123453
C002732,3,0.00918794997777,0.0242457924966,0.0146232692791,0.344027886365,0.160098396885,0.0102087948933,0.343262011027,0.0943458990751
C002733,2,0.00405059824333,0.00405240503617,0.00407364572238,0.113032579574,0.00980052193251,0.827860332497,0.00520102306366,0.0319288939306
C002734,3,0.12465642486,0.00252148080814,0.00398939395136,0.00397024738694,0.0318080430519,0.804194535527,0.00466776761244,0.0241921068024
C002736,1,0.000879641656629,0.000879641656629,0.984260576862,0.000878358688314,0.000879641656629,0.00313119130945,0.00118347770634,0.00790747046408
C002737,1,0.04733047151,0.0109089659638,0.142397727533,0.00390352110037,0.474537540325,0.0109089659638,0.0134725906029,0.296540217002
C002738,0,0.0195197522283,0.968472252188,0.000622107929707,0.00062476293154,0.00631979043614,0.000620435525216,0.000752719415235,0.00306817934586
C002739,2,0.012258102362,0.0122635701596,0.0123427283644,0.00885808601213,0.630221804425,0.012258102362,0.0152099311212,0.296587675194
C002740,3,0.0281491491413,0.736219502643,0.0200295791056,0.019844427793,0.0201568816456,0.0181368366627,0.0216410198768,0.135822603132
C002741,3,0.0336690872729,0.0380610416825,0.201403231171,0.162934472181,0.036707241623,0.0629132759462,0.0492693604818,0.415042289642
C002742,3,0.0671260533185,0.0125742854344,0.0125312181339,0.267067386714,0.0124858413307,0.161372440016,0.39820989762,0.0686328774326
C002744,1,0.136868413701,0.0479789305668,0.0307684964438,0.0347551522182,0.0338732123726,0.0619129484446,0.339664197549,0.314178648704
C002746,4,0.0125600935425,0.0125754060669,0.0124293429752,0.0333722536463,0.0125600935425,0.0125600935425,0.827445210461,0.0764975062232
C002747,4,0.801411168652,0.0262308632856,0.00763493253526,0.00738119981318,0.00787571052486,0.00787571052486,0.0118607524313,0.129729662233
C002749,2,0.0210792182116,0.0210886207191,0.0211991567518,0.490020077577,0.0210792182116,0.0210792182116,0.026428825443,0.378025664874
C002751,1,0.00172949987473,0.00172949987473,0.00173385427964,0.00462809400397,0.00172949987473,0.00107302867998,0.00222081250353,0.985155710909
C002753,2,0.0165757800009,0.0165831737237,0.0166700944501,0.344916602861,0.0165757800009,0.441145786955,0.0195039352052,0.128028846804
C002755,2,0.00965626691,0.270114880269,0.00969977493699,0.588944854021,0.0344165992755,0.00965626691,0.0302619428267,0.0472494148508
C002756,1,0.0569143382304,0.0268167531405,0.0190842911419,0.0580838302445,0.0706348724128,0.0836199949002,0.0411367206892,0.643709199241
C002757,4,0.00438021025614,0.095589650548,0.00427051204726,0.823626142441,0.0454715968202,0.00438021025614,0.00506625212891,0.0172154255023
C002758,0,0.0325145356689,0.0360496510143,0.0358279099642,0.0360706005915,0.0360706005915,0.0358207583918,0.0387869807453,0.748858963032
C002760,4,0.0023545116348,0.00365717411624,0.00354104913042,0.00341665531874,0.146830803341,0.805399148958,0.00471459569574,0.0300860618053
C002762,4,0.516991980367,0.0109793043116,0.0939251200637,0.0102773913876,0.0109659352908,0.0109659352908,0.308353447981,0.037540885308
C002764,3,0.00635443591022,0.00635443591022,0.0455571977387,0.00898653036097,0.332201991001,0.575774690724,0.00663723494648,0.0181334834083
C002766,0,0.541086887217,0.120700231431,0.0139281614968,0.019713801192,0.0492450423464,0.00913047571275,0.203532864862,0.0426625357417
C002767,0,0.00159647388604,0.00175590492787,0.668383414988,0.00160962746265,0.00175692533902,0.00174475603537,0.315443458865,0.00770943849553
C002768,3,0.0177049392309,0.0195466038141,0.0195018954307,0.0193861661038,0.0130265658119,0.0195466038141,0.0581017062026,0.833185519592
C002769,4,0.0092167625304,0.00942333455894,0.432337431731,0.00492033548961,0.0168095074898,0.00935513800835,0.0168585359902,0.501078954201
C002770,2,0.0149127029041,0.00667116609837,0.00429350444592,0.00453794178729,0.0163826253901,0.0501266095991,0.00852762742285,0.894547822352
C002771,1,0.354930014059,0.0055602903047,0.516231503119,0.00555218055202,0.0055602903047,0.0702396100432,0.00694339723599,0.0349827143819
C002772,1,0.0101013054275,0.746979660826,0.0100966846309,0.0100865725477,0.0484061429621,0.0101013054275,0.0129866938296,0.151241634348
C002773,2,0.00113726558166,0.00265882675031,0.485300461692,0.390140014767,0.085420839816,0.00273195946741,0.00347590494488,0.0291347269812
C002775,0,0.00715678956464,0.19482951196,0.0453871548751,0.00433705202248,0.00790812804176,0.0403423940891,0.00939838055057,0.690640588896
C002778,2,0.0235694098153,0.0686035277139,0.0235273663663,0.517941918009,0.035365765395,0.0112700495542,0.0285549992606,0.291166963886
C002779,2,0.279774163045,0.00536863975681,0.0123062218236,0.113580005527,0.0122218461226,0.184058868301,0.319110074296,0.0735801811284
C002780,4,0.00296756638652,0.949572842016,0.00292002255849,0.00282918863346,0.00296756638652,0.00296756638652,0.00345858739378,0.0323166602391
C002783,3,0.941729001708,0.00595056197686,0.00556377451733,0.00553707192326,0.00453500185526,0.00318627859917,0.0058422275591,0.0276560818606
C002785,4,0.00418460065267,0.00441773500621,0.00429725427834,0.00197597744924,0.00282807019931,0.00595947329543,0.00948750743224,0.966849381687
C002786,0,0.00557527782353,0.881254451441,0.00625720823662,0.00632919867464,0.00632919867464,0.00628535962307,0.00748344650587,0.080485859021
C002788,0,0.0508621936428,0.0122122407709,0.0121703138825,0.0122193376851,0.560447355788,0.294622657887,0.014711793394,0.0427541069497
C002789,3,0.00560792911414,0.0204188306769,0.0077799533874,0.0135601953987,0.0629454359475,0.00595038986517,0.0193966187531,0.864340646857
C002790,2,0.00452487298749,0.838516125611,0.00454526060705,0.00446498966094,0.0663904824122,0.0099146604151,0.00586279692881,0.0657808113772
C002793,3,0.0190467323323,0.0271563110979,0.027063299927,0.026933413227,0.078811321448,0.652715133298,0.030494148228,0.137779640442
C002794,2,0.00934639164607,0.0114677894587,0.013041527064,0.0168418400725,0.0149918471903,0.802336150356,0.0212712552553,0.110703198958
C002795,3,0.499618385891,0.0162205918592,0.0162988681467,0.0160156079679,0.0161065006279,0.123387464878,0.0232774016929,0.289075178936
C002796,2,0.00161748983142,0.00161821132214,0.00162865646181,0.00160610980674,0.973068393795,0.00161748983142,0.00195082965478,0.0168928192963
C002797,1,0.00108201853836,0.00311669059276,0.00172994348534,0.00511860722536,0.0101273202019,0.00183131729289,0.00475981805907,0.972234284604
C002798,0,0.020993175608,0.0178633236542,0.372169214653,0.346494702785,0.102205522886,0.0236250318621,0.0295559726001,0.0870930559515
C002800,0,0.0552394902359,0.0047000372572,0.242051466222,0.00509210428673,0.00470276859552,0.00467019497514,0.00559174578725,0.67795219264
C002801,3,0.02207320332,0.166230879732,0.00882352595449,0.0887247623912,0.045278187679,0.414788109146,0.0123622744803,0.241719057297
C002802,4,0.0111879456107,0.00572632895451,0.0277073717049,0.507559264093,0.0111879456107,0.0111879456107,0.362110605649,0.0633325927671
C002804,1,0.0327525356305,0.0234855105373,0.534470222155,0.0230449084718,0.0234855105373,0.0175553469213,0.0298433429442,0.315362622802
C002805,3,0.0486043922241,0.00446005514636,0.00448157819322,0.00646257262467,0.00749782580606,0.012468426202,0.00609671896765,0.909928430836
C002808,4,0.00263426160027,0.0024834733389,0.0027916294733,0.00267828911196,0.0286967935355,0.00220837534345,0.00308847235286,0.955418705244
C002809,3,0.01723423358,0.01723423358,0.0166816735321,0.727297950558,0.0107010588816,0.01723423358,0.0209993055374,0.172617310751
C002810,0,0.236723801211,0.0159063303705,0.0158517209871,0.0934644344007,0.0129124902882,0.0158053351717,0.560448963644,0.0488869239273
C002812,4,0.347120350687,0.00384586583606,0.0636660323946,0.0035999975317,0.00384118289269,0.553250359572,0.00423288646878,0.0204433246174
C002813,1,0.00384882459231,0.00296648836285,0.00296401762803,0.935494968981,0.00296648836285,0.00296648836285,0.00370634004291,0.0450863836676
C002814,2,0.00489533467708,0.0197659710916,0.00488660230934,0.00486089302041,0.924203117183,0.00489533467708,0.00553704365442,0.0309557033873
C002816,3,0.0413592953798,0.0413592953798,0.406386368581,0.0410198200052,0.241490605994,0.0617680057303,0.0438399778173,0.122776631112
C002817,4,0.00812807279975,0.126204444032,0.00803486203813,0.00761771642592,0.779599589423,0.00812807279975,0.0087772186169,0.0535100238649
C002820,1,0.268724211381,0.00739681508071,0.00734025195575,0.00953561343392,0.00739681508071,0.661606938018,0.0094140546495,0.0285853004003
C002821,3,0.68387014384,0.00660392704742,0.00716314333741,0.172901523728,0.00720867032212,0.0570798073261,0.00768237755592,0.0574904068426
C002822,0,0.80223765164,0.015325983711,0.0121115935181,0.0121603807866,0.0121603807866,0.0120761521839,0.0132450613529,0.120682796021
C002825,1,0.0164063274215,0.0216901612621,0.0887402301331,0.299193053215,0.103934524177,0.287215318015,0.0188154843059,0.164004901471
C002826,1,0.00699116937958,0.00699116937958,0.0069853465603,0.688557173524,0.00699116937958,0.0993985490522,0.147146252977,0.0369391697481
C002829,4,0.0187651117688,0.00930332813786,0.00904960722792,0.215043990204,0.00929199988027,0.699356004072,0.0105414418094,0.0286485168997
C002833,3,0.00665726750554,0.915236540208,0.00378907840851,0.00660262493101,0.00968904767107,0.00480383862721,0.005744728423,0.0474768742254
C002834,1,0.00548535605051,0.00561202233357,0.00548107970999,0.00558696373465,0.117106764425,0.00548535605051,0.823098076264,0.0321443814324
C002835,0,0.0337390664436,0.0136030827154,0.0223646911034,0.0119049319332,0.226589816609,0.00564994765867,0.0102977115214,0.675850752015
C002836,3,0.0355940648174,0.0117901063978,0.572719775508,0.0116933336953,0.0118244029797,0.0117901063978,0.276043817819,0.0685443923849
C002838,3,0.00380090141406,0.00328318523016,0.00393991652416,0.00392100742006,0.0137641356647,0.940059667711,0.00566993393185,0.0255612521039
C002839,3,0.0296525759141,0.0409467527826,0.345914659502,0.0406106635405,0.0406587444605,0.0727578805183,0.252648330838,0.176810392444
C002840,0,0.00175303880869,0.000736738872631,0.00197607996907,0.00195423788525,0.00171016557404,0.00062075796337,0.00218531355382,0.989063667373
C002842,2,0.0293535141271,0.0293666074323,0.0295205325429,0.0291469943032,0.0293535141271,0.107571057329,0.0349056945353,0.710782085603
C002843,0,0.158228318614,0.0317207608633,0.00613240155813,0.0849664687265,0.00615857312194,0.552220446431,0.140967002951,0.0196060277333
C002844,0,0.0814837963878,0.0127580266363,0.0127111925172,0.0127654407237,0.72644316426,0.0126770211871,0.0173555035405,0.123805854748
C002845,0,0.0176474514795,0.0179300179883,0.413454193793,0.0129859798274,0.0124119909397,0.0100094107346,0.0172149361095,0.498346019128
C002846,2,0.021358979522,0.0256837254173,0.0265403298976,0.0262045016703,0.0157790359837,0.0263901725842,0.0303922529206,0.827651002004
C002847,2,0.0107220480689,0.0135043669943,0.0135751501512,0.0134033769055,0.0307649920981,0.477780119118,0.0184945343892,0.421755412275
C002849,4,0.0205593777276,0.020584442507,0.598293066943,0.0192684678497,0.0160827195032,0.176329004083,0.0230091301768,0.12587379121
C002851,2,0.041301251107,0.040195644399,0.0415863816821,0.0410106716871,0.0877198848966,0.041301251107,0.0437327165654,0.663152198556
C002852,0,0.00733746684608,0.00770931236985,0.0404926744432,0.640296555319,0.00570748305916,0.187034565371,0.00870320066317,0.102718741929
C002853,1,0.0101451149802,0.0101451149802,0.754369018602,0.0295389253121,0.00621566636673,0.0101451149802,0.0136175827057,0.165823462073
C002855,1,0.0213045973112,0.715496024117,0.0148546423989,0.121391782222,0.0148662319966,0.0148662319966,0.0184223929799,0.0787980969775
C002856,1,0.0229609902707,0.0229609902707,0.0199702178684,0.0229275013804,0.122976591741,0.133060304246,0.268275650777,0.386867753446
C002857,0,0.00773702326559,0.14734143359,0.00849144594787,0.0211295307649,0.735699817865,0.0354123716319,0.00998024743454,0.0342081295001
C002859,1,0.0857463755842,0.774397714696,0.00277940143363,0.00283093649061,0.00283507147768,0.070024059994,0.035482563948,0.0259038763758
C002860,3,0.246550067541,0.049212483192,0.018962553451,0.0762760912749,0.013203333346,0.419472685788,0.0175129968709,0.158809788536
C002861,3,0.000517258965382,0.00194186775393,0.00100754248303,0.000606281453576,0.00101394614816,0.000471561363574,0.00137608073166,0.993065461101
C002862,4,0.0203082835569,0.482099561631,0.0252732071114,0.0190125315494,0.30194344217,0.0263296002698,0.0210975686161,0.103935805096
C002863,3,0.0282185889652,0.026238394369,0.0286269930648,0.0279869719618,0.0346755896349,0.0282185889652,0.0285259830103,0.797508890029
C002865,2,0.0034871054724,0.00768943685471,0.0318322878762,0.0120012139753,0.111221361421,0.330344477641,0.00888866282859,0.494535453931
C002866,0,0.00693240091749,0.58789870044,0.048631513847,0.0144413708622,0.238400057142,0.0143413430333,0.0158109845065,0.0735436292517
C002869,1,0.00487351303329,0.00117235352054,0.0048678845757,0.00726066299367,0.00248043899302,0.0141627954482,0.0263079969606,0.938874354475
C002870,2,0.0297059675818,0.00243469124915,0.00250315790188,0.0024840582847,0.00250165897705,0.00250165897705,0.939506486939,0.0183623200897
C002871,4,0.00212582402628,0.00235201949197,0.859095111834,0.0657438190023,0.00234915554024,0.0510154254291,0.0025560583047,0.0147625863711
C002876,4,0.0183626592418,0.0183331283212,0.0768280711806,0.0175064076218,0.0183626592418,0.0183626592418,0.0208090073034,0.811435407848
C002877,0,0.000709518306257,0.0794134013749,0.000776244435257,0.869632304932,0.04450759585,0.000774157667644,0.000926825895804,0.0032599515379
C002878,3,0.0217504470893,0.0117150970682,0.00640495705612,0.00607970496422,0.00459277062927,0.00285812773154,0.0033207748755,0.943278120586
C002879,1,0.0236099005679,0.00689372906984,0.0793962517989,0.00688367448011,0.0265879041684,0.165598350941,0.665456607022,0.0255735819519
C002880,0,0.0237048697868,0.0294143506499,0.280033410782,0.029431444247,0.029431444247,0.0287848039684,0.0308437823215,0.548355893997
C002881,0,0.00226603427992,0.00316136422288,0.159084781305,0.00272475332842,0.00284953675643,0.010843702625,0.802384762093,0.0166850653893
C002883,0,0.00956730521979,0.0749454982277,0.127621003436,0.652439581149,0.0296938135547,0.0104389169797,0.0116697508518,0.0836241305806
C002884,2,0.00240020881505,0.0088639234857,0.0252557254583,0.00238332188629,0.0517787647653,0.899815910506,0.002951067173,0.00655107790993
C002885,2,0.0107613203602,0.0104732470535,0.879007610815,0.0106856079267,0.0107613203602,0.0107613203602,0.0131358222875,0.054413750837
C002886,1,0.0075232949067,0.0182977319406,0.00959262988743,0.00235867871206,0.0560251361185,0.0303932921112,0.0222670704738,0.85354216585
C002887,1,0.708598319046,0.00482721247616,0.00353174730481,0.224238322722,0.00353450277542,0.00353450277542,0.00436656980288,0.0473688230967
C002888,0,0.0403602518393,0.0215157174821,0.00402089132679,0.0110905192588,0.00451173661706,0.0018213914896,0.0108821369083,0.905797355078
C002889,2,0.00426164905568,0.00746440281764,0.00749469196055,0.00620776663205,0.818782260323,0.0878207149655,0.0141645971368,0.0538039171088
C002890,0,0.0138967379006,0.000607532328351,0.000532324186793,0.00990893704368,0.000607885384346,0.971320757182,0.000592628726435,0.00253319724798
C002891,1,0.372522390418,0.102215475356,0.432938184008,0.00680295872783,0.0066792362706,0.0066792362706,0.00901922656546,0.0631432923836
C002892,4,0.00178392231563,0.0951199892806,0.00132977546091,0.000957695807192,0.00141214373044,0.00153419192093,0.00176001527828,0.896102266206
C002893,4,0.0605650945123,0.0136532997912,0.0255303394859,0.0143479220756,0.0650288959759,0.632992612681,0.0174368759061,0.170444959572
C002894,1,0.0347492949844,0.0347492949844,0.0339462375431,0.0346986127048,0.0347492949844,0.0347492949844,0.0384598223056,0.753898147509
C002895,1,0.945537151735,0.00150880633603,0.00149678599844,0.00150660572319,0.00150880633603,0.00150880633603,0.00187330415994,0.0450597333758
C002896,4,0.0131438290085,0.740909036219,0.0128009569017,0.0122414991108,0.125883010528,0.0131438290085,0.014529031537,0.0673488076865
C002898,3,0.00545083044983,0.151345020481,0.00543216119389,0.702089888271,0.00761141235532,0.0971327841253,0.00649311306734,0.0244447900559
C002899,1,0.00717670545734,0.00717670545734,0.00568518336893,0.00704206621913,0.00717670545734,0.00717670545734,0.32954453244,0.629021396143
C002900,2,0.00470280785859,0.0047049055733,0.00235283933606,0.00464056969644,0.305662071089,0.65222459078,0.00588380437221,0.0198284112945
C002901,1,0.00604032728721,0.00463863123051,0.00463501499002,0.00455160776564,0.00463863123051,0.913400982716,0.00604740842779,0.0560473963528
C002902,2,0.0107375817295,0.01045014389,0.3321500037,0.0106620363117,0.550440831355,0.0107375817295,0.0130468857427,0.0617749355415
C002903,4,0.017925412949,0.00648270996205,0.0204897951812,0.00605636613618,0.0064748162484,0.00735367062671,0.00699131151818,0.928225917378
C002904,2,0.014422328276,0.0120738997649,0.0122950271544,0.039355416493,0.155026041902,0.013261072732,0.0149133128876,0.73865290079
C002906,1,0.00554726210234,0.00108616372638,0.000805232252861,0.00067382067667,0.00136282235387,0.00144191353431,0.00189305876158,0.987189726592
C002907,0,0.0146353745091,0.016211486408,0.0161558293673,0.0266958147231,0.0104165496398,0.0561648810841,0.0330887008071,0.826631363461
C002908,3,0.00123663705936,0.0543995285757,0.0172381568646,0.00122648679386,0.920290478432,0.000708019114636,0.00122411642594,0.00367657673406
C002909,3,0.0234266025787,0.0234266025787,0.0884729821097,0.0231305544321,0.0234947489013,0.0234266025787,0.0289158219497,0.765706084871
C002910,0,0.00347418911326,0.00389696399197,0.00354568146727,0.00389922863935,0.00389922863935,0.00383730762504,0.852794218103,0.124653182421
C002912,2,0.00317489596304,0.0050692241488,0.835206010917,0.0061897441454,0.00623360132181,0.111927075843,0.00779495639543,0.0244044912656
C002913,2,0.00447908057894,0.00468748109619,0.00211702778925,0.00209384869686,0.00210753192952,0.00115086764781,0.00260404843571,0.980760113826
C002914,1,0.226709628363,0.100477196864,0.00653083644288,0.00657403286075,0.0177113848817,0.00288621626252,0.580801251512,0.0583094528135
C002916,1,0.00962449472819,0.010919657441,0.029241402801,0.0132212312653,0.00991569575505,0.0254546259781,0.846124103838,0.0554987881937
C002918,0,0.00276084875136,0.0029087079252,0.00317500218259,0.00287339740971,0.00308061870008,0.00305928086428,0.952053590821,0.0300885533453
C002919,3,0.0140154359869,0.00556495358535,0.0119390873083,0.0118817872504,0.0120149688898,0.0462450934869,0.0309093673452,0.867429306147
C002920,3,0.00176359815155,0.0309265805555,0.00210486363669,0.00209476162427,0.947449101677,0.00211209763372,0.00257724209427,0.0109717546272
C002924,1,0.0119082654437,0.0119082654437,0.584648059031,0.0116848593422,0.0129968558808,0.288046277189,0.0159103963378,0.0628970213313
C002925,1,0.0308501929347,0.0557122239284,0.0146649061214,0.0144064218979,0.0146818623168,0.354251398437,0.0157881104789,0.499644883885
C002926,3,0.00166419763958,0.000631922014311,0.00118226626794,0.0011765921386,0.000982111478087,0.000929814556735,0.00138838734923,0.992044708556
C002927,2,0.000325437025971,0.873648238208,0.00163114092503,0.00161239990224,0.0989150299626,0.000931251476233,0.00206646344268,0.0208700390575
C002928,3,0.00526324875374,0.00526324875374,0.00392412477413,0.00522004822709,0.00519843309833,0.901554138516,0.00584660344512,0.0677301544321
C002930,1,0.653480818052,0.010479189872,0.0211682909693,0.0290675785942,0.0381058712087,0.0122128162616,0.0140799799711,0.221405455071
C002931,0,0.147816778163,0.0511494515624,0.443556097714,0.00925762016339,0.233694736304,0.00919349746658,0.0107991496786,0.0945326689477
C002932,0,0.00353767352217,0.00396676326501,0.00395314463072,0.946397644001,0.0056438985553,0.00394157681185,0.00493848196436,0.0276208172491
C002933,4,0.434659517776,0.0410521416456,0.0123303779656,0.0182793269881,0.212532429869,0.0200592187446,0.0261370177058,0.234949969305
C002934,2,0.000861270196156,0.000795765154865,0.00112347036895,0.00111056223608,0.000245277584839,0.000717352879668,0.00138183188353,0.993764469696
C002935,2,0.00114937264221,0.00114988532655,0.76538999759,0.00114128610666,0.20793320208,0.0187332706938,0.00147668044483,0.00302630511516
C002937,0,0.00861289918561,0.257263859239,0.00825339279384,0.00818875753431,0.593906759823,0.00813203829034,0.00970089006503,0.105941403069
C002939,2,0.00949009845974,0.00993906588773,0.00374821095294,0.00372849094458,0.906947149472,0.00375490901312,0.00460278346934,0.0577892918001
C002940,4,0.00444021326749,0.00444562651332,0.00356524385252,0.498899548875,0.444538863384,0.00444021326749,0.00356119357138,0.0361090972688
C002941,4,0.00220888844014,0.11921998093,0.00215126700937,0.00207019378,0.00220888844014,0.841728070192,0.0248205536458,0.00559215756246
C002942,2,0.0274396756064,0.00600635355209,0.00603072620527,0.158507742778,0.00600367557778,0.495035106615,0.195950374482,0.105026345183
C002943,1,0.0263148432195,0.0263148432195,0.028980344907,0.0262764626928,0.0175027780545,0.0264240140509,0.0327974469184,0.815389266937
C002948,4,0.0142952141124,0.00748561191834,0.00892423582509,0.443678402106,0.00540626380219,0.00902776402684,0.465241170051,0.0459413381582
C002949,3,0.0584383176139,0.333995870682,0.0161477699664,0.141468981128,0.104617147123,0.00795416782813,0.0174137512399,0.319963994419
C002951,2,0.0309488739309,0.0524701196371,0.0325362217752,0.0320252648052,0.208550754532,0.046102764714,0.0379099756615,0.559456024944
C002953,4,0.00514067300261,0.916871141974,0.00500657255275,0.00249413885197,0.00382262183159,0.00514067300261,0.00594802024628,0.0555761585377
C002955,3,0.0317981660366,0.0317981660366,0.0419549776556,0.0315371680135,0.0463853661614,0.0317981660366,0.0378088303624,0.746919159697
C002956,0,0.0149001226414,0.00129381616531,0.00208968481177,0.128869512509,0.843548123519,0.00121146670315,0.00136352121501,0.0067237524353
C002957,2,0.00968089839094,0.00942174725354,0.269082635873,0.00961278738309,0.00968089839094,0.00968089839094,0.617681513504,0.0651586208143
C002958,4,0.62721299414,0.0125751697012,0.0122322189365,0.0119977197906,0.0119313576459,0.261851999765,0.0138470770353,0.048351462985
C002961,3,0.0704983782467,0.02557457545,0.0254869817706,0.0253646603994,0.0163994207397,0.0303453850588,0.644438161601,0.161892436733
C002962,1,0.0166477858936,0.0245120832776,0.024047538916,0.0244763320988,0.031826607684,0.0172081251337,0.0446563766777,0.816625150319
C002964,2,0.00373004384944,0.944429180355,0.00372777966946,0.00370380072245,0.00223788951915,0.00373004384944,0.00466875559942,0.0337725064359
C002965,3,0.115975688081,0.276772443673,0.0194281454383,0.0193349026443,0.00836800033057,0.0390936293636,0.0239580364108,0.497069154059
C002966,4,0.0116470113345,0.011661210683,0.205024813007,0.0171348491053,0.0116470113345,0.104215811061,0.162518553999,0.476150739475
C002967,3,0.0127580741272,0.00627482058263,0.00666688926354,0.00674985509923,0.131843716363,0.0066898020339,0.7954488157,0.0335680268315
C002970,0,0.00629620739567,0.00702341160601,0.0113166828892,0.339865369588,0.00702749312966,0.00697881735734,0.548162168863,0.0733298491714
C002971,4,0.00388444506895,0.00388918075501,0.00383463512085,0.00248727061991,0.00388444506895,0.091590614656,0.00451494056656,0.885914468144
C002972,2,0.0265253641171,0.0162483320055,0.498706931208,0.0764221388467,0.017292914029,0.0265253641171,0.0513001084896,0.286978847187
C002973,1,0.00172701149651,0.0442134197045,0.00410775437519,0.0153374926102,0.00276380600836,0.00408375765762,0.00499114763454,0.922775610513
C002974,0,0.0467864303508,0.010733838248,0.0121465033168,0.638334490754,0.0132253203505,0.140367062877,0.0112829804916,0.127123373611
C002975,3,0.00706156752217,0.515754308572,0.00703738144399,0.00700360646993,0.007044443331,0.00852361610238,0.264377885925,0.183197190633
C002977,2,0.0123757236449,0.0123812439082,0.0124314846676,0.00854065936208,0.738103619242,0.0419371369154,0.0142826102841,0.159947521976
C002979,4,0.0191082867159,0.339737577475,0.018909369461,0.0177615928903,0.146466567179,0.0191082867159,0.0203050218965,0.418603297666
C002985,0,0.00462020356207,0.552642983649,0.00730245227877,0.00997863897779,0.0108497515241,0.00790797865515,0.0102817687121,0.396416222641
C002986,3,0.692930219666,0.250298224732,0.00726275059325,0.00691144675414,0.00487416273597,0.00696864510303,0.0059580586634,0.0247964917516
C002987,2,0.591369748706,0.0120916012144,0.052385025233,0.255390911077,0.0120862100903,0.0120862100903,0.0142853914367,0.050304902152
C002988,4,0.0105676856896,0.0103859299879,0.0109051229056,0.0102732453131,0.192261464448,0.614087864183,0.0112746664735,0.140244021
C002989,0,0.00154749297284,0.00881564847849,0.00285029874798,0.0491647206073,0.00286178016783,0.00281633417142,0.00233686308117,0.929606861773
C002990,4,0.0104171374954,0.00717111171215,0.0556625703603,0.0598770927476,0.0107298441337,0.00507628408698,0.00738254291171,0.843683416552
C002994,1,0.0155992547185,0.0155992547185,0.0144356245265,0.0155765030112,0.0155992547185,0.72072142384,0.0199526002562,0.18251608421
C002996,3,0.00236785591714,0.00236785591714,0.00237928256371,0.0023379326983,0.00236211390344,0.00236785591714,0.951436699208,0.0343804038756
C002998,3,0.729780237468,0.00984080744327,0.00980710238593,0.00976003450546,0.101357187711,0.00984080744327,0.0115563817773,0.118057441266
C002999,4,0.0255852034212,0.0255440571687,0.0252022373006,0.0243921642436,0.147874305264,0.0255852034212,0.0302750447582,0.695541784423
C003000,3,0.0363833393129,0.00674268789673,0.0134665927972,0.0227118432668,0.012231602678,0.750024523314,0.0129565678831,0.145482842851
C003001,2,0.00717113189614,0.0279909296646,0.760745402709,0.138524873599,0.00560868537454,0.00717113189614,0.00878663540181,0.0440012094588
C003002,1,0.804239425665,0.00948477595231,0.0108403723434,0.00961100475386,0.0384983692861,0.00962504299898,0.0122676504901,0.105433358511
C003003,4,0.0363178280377,0.300009972642,0.00364717838357,0.00583390386756,0.00496222542278,0.00502671206455,0.0120990021431,0.632103177439
C003004,2,0.00481368590315,0.0154272797983,0.0563959727714,0.0047499803526,0.0497406089909,0.00481368590315,0.00653581545805,0.857522970823
C003005,4,0.0323207156413,0.243080467658,0.0319500695367,0.0302319139567,0.179372715114,0.0548389020888,0.0378620017677,0.390343214236
C003006,1,0.0123688621842,0.0193806107464,0.0121619732566,0.771735745164,0.0123688621842,0.0123688621842,0.0151290731304,0.14448601115
C003007,2,0.00893116080056,0.0559843046291,0.295615212812,0.00881296353399,0.00893116080056,0.00893116080056,0.0110892050686,0.601704831555
C003008,1,0.35561534332,0.00620908831574,0.00615730823089,0.00620003228308,0.540257634139,0.00620908831574,0.0634858051229,0.0158657002731
C003009,2,0.68700750354,0.0096868327023,0.00972614004773,0.00783130703109,0.0100353158111,0.00968251376089,0.0115179325241,0.254512454582
C003010,0,0.0180097484082,0.0198487031763,0.017415399123,0.0198602378771,0.0198602378771,0.0197226763883,0.0126504945409,0.872632502609
C003011,3,0.00534706629692,0.00534706629692,0.726930255476,0.043803671768,0.181870146984,0.00534706629692,0.00569136886132,0.0256633580196
C003013,1,0.00857395226638,0.016083252824,0.0157674387783,0.0204347371249,0.591247231451,0.282091513333,0.0195946190295,0.0462072551928
C003014,2,0.046140187756,0.0351379908333,0.0505464134488,0.0255828558495,0.0652237083564,0.537057188748,0.0400698020351,0.200241852973
C003015,4,0.00349607987715,0.00349045746396,0.00364302121368,0.00326527522213,0.00349607987715,0.00306714859107,0.925331723656,0.0542102140984
C003017,3,0.0148761125885,0.0177865505839,0.0178723837741,0.257593391419,0.0178382903959,0.0177865505839,0.0240870054409,0.632159715213
C003019,4,0.00547659170538,0.0738268112902,0.00541378748395,0.85943121344,0.0151073950258,0.00625355655981,0.00527681129009,0.0292138332051
C003020,0,0.0772902236699,0.0084144059421,0.0791852848966,0.509816854908,0.00841929581597,0.287904661014,0.00978669159487,0.019182582158
C003023,4,0.0206974596267,0.00271586473274,0.00548401283405,0.291398293921,0.00597818386592,0.00934837069232,0.0100683197755,0.654309494552
C003024,1,0.0195184225988,0.0195184225988,0.0194958806227,0.327189253313,0.0808410151659,0.435605700972,0.0246882785568,0.0731430261723
C003025,4,0.00989688771425,0.00990895341537,0.685125466765,0.00927546860907,0.00989688771425,0.132422619012,0.0114050254294,0.132068691341
C003026,0,0.00338909329939,0.0206434662703,0.885049622596,0.00883874930171,0.00315129940114,0.0432188163997,0.00535826001133,0.03035069272
C003027,0,0.00575328918542,0.132487649464,0.027552601763,0.00732125561493,0.00466324124307,0.00727054510339,0.68289924923,0.132052168396
C003028,0,0.000663735028275,0.982862741634,0.000968490144489,0.000397475393481,0.00124740150662,0.00511406250024,0.000985736534753,0.00776035725836
C003031,4,0.0602824936036,0.00467547281743,0.00454796304887,0.00436798428556,0.0222253137475,0.00506566992816,0.00501409068328,0.893821011886
C003034,4,0.00322374820392,0.00481684437004,0.157667016876,0.00449518590795,0.792003861414,0.00481097910838,0.00787371735428,0.0251086467654
C003035,3,0.0212675800215,0.0150146374086,0.0284524828694,0.0210930166101,0.0213294459009,0.66298743593,0.0217359583856,0.208119442874
C003036,4,0.00868022018737,0.505127768454,0.0218165753438,0.0315117028909,0.0145587436894,0.192883118014,0.0225951718792,0.202826699542
C003037,2,0.0165283979928,0.00515311802022,0.00514163235996,0.318426679605,0.00515082046688,0.604910485206,0.00600701157375,0.0386818547758
C003038,4,0.0318794352063,0.00606604171961,0.00286369326011,0.00566710062094,0.343803445458,0.00605865536474,0.00375089843012,0.59991072994
C003039,3,0.00120282097872,0.00242441703588,0.00348335471499,0.0032815959001,0.00370711067002,0.00353933084575,0.0064227750333,0.975938594821
C003040,2,0.0271894845515,0.0517223079315,0.0421634943965,0.0363840844436,0.204757873882,0.0516992471825,0.0631862378754,0.522897269737
C003041,3,0.00237457767442,0.00470432791104,0.0066865836467,0.00466571498339,0.00387454091792,0.0146276567213,0.00506894387703,0.957997654268
C003042,0,0.120712126684,0.131719206922,0.00240091570601,0.653734478705,0.00225933037046,0.00345652090717,0.00482854674665,0.0808888739586
C003043,1,0.814903942227,0.060549668061,0.00873824417833,0.00867452663745,0.0163435507095,0.0095809951677,0.010180656292,0.0710284167275
C003044,0,0.000893596795693,0.00105654858176,0.00070684887642,0.000679007045691,0.0027068889166,0.000166282300981,0.000809164298897,0.992981663184
C003046,0,0.0720893953909,0.0241519014009,0.0240090715396,0.0241659368245,0.0241659368245,0.0239985520093,0.0259798103429,0.781439395668
C003049,2,0.0213309385703,0.0270321156787,0.0349375215103,0.40120202549,0.0213309385703,0.0213309385703,0.173838082543,0.298997439067
C003051,3,0.0141405913637,0.0141405913637,0.0142088301187,0.113109095653,0.528126674906,0.0141405913637,0.0218496148453,0.280284010387
C003054,0,0.0363362367777,0.0402868633386,0.0400390592369,0.0403102752921,0.0403102752921,0.0400310670814,0.0433459339726,0.719340289009
C003056,1,0.0903397696625,0.522515650815,0.0203682624096,0.0208342367715,0.0221176086329,0.114273826005,0.0239728494463,0.185577796257
C003057,0,0.0108496332238,0.00378715054865,0.00700410171252,0.049861044426,0.0215746973261,0.00404152522226,0.0100422033332,0.892839644207
C003058,0,0.00437754715573,0.681151246207,0.00486638371345,0.00488598621812,0.0297478815938,0.00485214354502,0.252000947405,0.0181178641614
C003059,4,0.0666479548262,0.0266243348131,0.0258982343945,0.211817181979,0.0827255447431,0.025454525529,0.428162334996,0.132669888718
C003060,0,0.0567020314541,0.108149531748,0.0396267180631,0.0557438607185,0.0397863402737,0.446417750002,0.0422650014364,0.211308766304
C003062,2,0.00176147717364,0.00176226289075,0.00191258307342,0.900291050331,0.00176147717364,0.00176147717364,0.0614415355279,0.0293081366562
C003064,3,0.0257735299028,0.00780945563681,0.021414950688,0.0181891140533,0.393285026817,0.143883133358,0.0247292817777,0.364915507767
C003065,4,0.003657945107,0.00413723014851,0.00402439936554,0.00394724915928,0.930645448515,0.00748731832553,0.00426532679544,0.0418350825842
C003066,1,0.0100476465487,0.0100476465487,0.010043050298,0.305013913845,0.506977555345,0.0915842686088,0.0124262166669,0.0538597021386
C003067,3,0.0111700576544,0.0111700576544,0.0111317998757,0.0567860915888,0.0112025505586,0.675622074253,0.00721238454869,0.215704983866
C003069,3,0.00628048503305,0.0389855314918,0.890359859552,0.00622893507336,0.00592523717703,0.00628048503305,0.00777816788595,0.038161298754
C003071,4,0.401302295957,0.487683169224,0.00457400321637,0.00442199476292,0.0419467804314,0.00471825063359,0.0406040518107,0.0147494539649
C003072,3,0.00475144016048,0.0014833875406,0.001984702183,0.00147121195742,0.00147979034893,0.00392764312888,0.00123235519687,0.983669469484
C003073,1,0.0261895577803,0.0276328805877,0.0262944917045,0.0275925776871,0.0276328805877,0.0276328805877,0.0315884133486,0.805436317717
C003075,2,0.0134833075353,0.0134893218428,0.45101890287,0.0133048659944,0.381495157027,0.0560341040324,0.0170536918222,0.0541206488762
C003076,3,0.00259998705773,0.00619269756396,0.00431318933287,0.910046271713,0.0487178983089,0.00259998705773,0.00319738518079,0.0223325837851
C003079,1,0.0101190493867,0.242062078318,0.497625911107,0.0101042906271,0.14521427297,0.0447953174432,0.0127508130731,0.0373282670749
C003080,0,0.808786256283,0.00602127279459,0.00608793236783,0.0126469984716,0.106064246521,0.00598304149741,0.00727353404926,0.0471367180159
C003082,2,0.0233160410272,0.0260968593538,0.0323538006434,0.0319820710731,0.0117187249255,0.0322086787163,0.0245026085313,0.817821215729
C003083,0,0.00834407985149,0.0242785705419,0.0123213328037,0.12965737701,0.0242926795768,0.377210993787,0.0261529513273,0.397742015102
C003084,3,0.0210657727099,0.00232383770071,0.00231587848767,0.0266371929699,0.00230749245837,0.912442099029,0.0112885325766,0.0216191940677
C003085,1,0.0942263772021,0.00743305647432,0.00730872676153,0.336532006693,0.275578141333,0.00958746642336,0.239751444483,0.0295827806299
C003086,1,0.00732119435082,0.00582575898345,0.294466098625,0.00731051629765,0.646499683645,0.00732119435082,0.00873617597476,0.0225193777726
C003091,4,0.0051052636956,0.660634495184,0.0040505576937,0.0109823128798,0.0125079149302,0.17675167058,0.00909557565697,0.12087220938
C003093,4,0.15163600895,0.0101878896605,0.0087802917822,0.0280381748123,0.0120448345782,0.536657739215,0.00915879638227,0.243496264619
C003094,1,0.0180088038052,0.259237477802,0.130003139444,0.00872073104278,0.0100580304105,0.531218792371,0.00939779551338,0.0333552296113
C003095,2,0.0954161556946,0.0463010330374,0.0464889139223,0.0456679028898,0.0462803894014,0.0462803894014,0.0426318759718,0.630933339681
C003096,2,0.00250294168314,0.00250405813479,0.00251421913179,0.509311322895,0.00250294168314,0.00201017584203,0.454162776175,0.0244915644554
C003098,2,0.0389418301434,0.0293915337239,0.0391634050714,0.0386678506849,0.0389418301434,0.0389418301434,0.0440289211919,0.731922798898
C003099,3,0.028185398996,0.0131589499365,0.0280888631685,0.156249463258,0.109250275691,0.0458481851572,0.013801486009,0.605417377783
C003100,1,0.0136505189089,0.00900017586235,0.0355241813672,0.00898704899374,0.00900017586235,0.144178935898,0.0715200430341,0.708138920074
C003101,2,0.00106028359918,0.00184454032266,0.0933264755645,0.0562451653845,0.0313656954241,0.00425602841067,0.00700984880786,0.804891962487
C003105,4,0.0140156234511,0.0159668010511,0.0155313535175,0.102992087787,0.0364918952525,0.00776093371457,0.0165667652771,0.790674539949
C003106,3,0.00350800029739,0.0467501516256,0.889949154549,0.00346366877374,0.00351820482103,0.00350800029739,0.018363785906,0.0309390337302
C003108,2,0.0161953034148,0.14022651706,0.0162682742331,0.304355993199,0.27003563393,0.114507851203,0.0201302189293,0.118280208031
C003110,2,0.00110039434788,0.00107093753144,0.98130665415,0.00109265240441,0.00110039434788,0.00110039434788,0.00125260658298,0.0119759662871
C003112,2,0.0464468441017,0.491482193079,0.0212401716671,0.030418908892,0.0211350835238,0.105921429556,0.0363735444721,0.246981824708
C003113,3,0.0021091268127,0.00298227128496,0.0119824731074,0.00295779292641,0.00644505399821,0.010053321101,0.00364735046447,0.959822610305
C003114,0,0.00172144531864,0.00291313634162,0.00180476429271,0.00196854419331,0.00110226532923,0.00193728307363,0.00225254189225,0.986300019559
C003115,3,0.00767196531801,0.00603225521614,0.00401650889198,0.00466699573844,0.0180007375754,0.00434092159728,0.0425459354319,0.912724680231
C003116,0,0.00276277327755,0.00309897579827,0.00308759960305,0.00310077670981,0.0529158717769,0.00305153537088,0.00352481975339,0.92845764771
C003117,0,0.192459649327,0.02796507733,0.0108680339034,0.010911811932,0.0301134641843,0.547960975522,0.0128046770859,0.166916310715
C003118,4,0.0024241484752,0.00242710385389,0.00239634893019,0.00226748222205,0.0024241484752,0.948908189754,0.0025314424695,0.0366211358199
C003119,1,0.0120405627113,0.0120405627113,0.0118385337156,0.0120230014006,0.0120405627113,0.842493764428,0.013389132758,0.0841338795643
C003122,4,0.00718127611914,0.00719003110695,0.00696172853403,0.88035035013,0.00718127611914,0.00718127611914,0.00761038067571,0.0763436811957
C003124,2,0.00307110174986,0.0029895611313,0.0129291252778,0.00110409150754,0.00307110174986,0.00686962250964,0.00364430618683,0.966321089887
C003126,0,0.0144397953594,0.0118110071147,0.0168528707393,0.658431406979,0.0169207565652,0.0102482539348,0.021354561374,0.249941347933
C003127,3,0.0228939991215,0.0432086798986,0.0431098499306,0.201332241189,0.0429047617963,0.127596186163,0.0464516511641,0.472502630737
C003129,4,0.00751429725421,0.00752345824173,0.535621467382,0.00704247944536,0.357758115436,0.00751429725421,0.00880566894042,0.0682202160459
C003131,3,0.553579469677,0.151149538995,0.0156927264022,0.0507289317125,0.0432239278776,0.0257150867397,0.022915290994,0.136995027602
C003132,4,0.0117245578302,0.0117388517188,0.0111184141367,0.0113755316098,0.0117245578302,0.0117245578302,0.77298141585,0.157612113194
C003136,4,0.0341060099922,0.0521547489309,0.0258035795894,0.261042746361,0.0525112388281,0.052091242364,0.0437163677239,0.47857406621
C003138,0,0.510669038364,0.0110516262783,0.0110136839948,0.0110580487232,0.0077459916509,0.362773126561,0.013619247598,0.0720692368297
C003139,0,0.00157850471178,0.323314333395,0.00184623354644,0.00185367044493,0.0268305774834,0.0255200844809,0.611343216732,0.00771337920524
C003140,1,0.333831036477,0.0779276147907,0.0104989521201,0.0104957609025,0.221683966337,0.222650362212,0.0136695233983,0.109242783763
C003142,1,0.470778713718,0.0533667502751,0.0247417684868,0.00994674273757,0.329613416925,0.00847657736042,0.00982759414006,0.0932484363575
C003143,4,0.0194380550043,0.0191037360786,0.0192151441181,0.454095658824,0.166736019961,0.0194380550043,0.0210636085532,0.280909722457
C003144,0,0.0119880957619,0.16559422325,0.304292915297,0.00939111697006,0.010004901541,0.321267148029,0.0137037787262,0.163757820424
C003145,3,0.00475889160993,0.00264344344053,0.00263438956835,0.00240984638135,0.00133767216427,0.00106306195105,0.00326299201195,0.981889702873
C003146,3,0.0224090078465,0.0224090078465,0.02233225633,0.0419955840033,0.0262201303846,0.0224090078465,0.192109712371,0.650115293372
C003147,1,0.0330299588303,0.0330299588303,0.265656042034,0.283609378348,0.0330299588303,0.0330299588303,0.0423822341692,0.276232510128
C003148,1,0.000311398261786,0.000922350643731,0.000649075122358,0.00177454430121,0.000922350643731,0.000665915870833,0.00116416220067,0.993590202956
C003149,3,0.315545440293,0.00606758504927,0.00604680339053,0.00601778256378,0.00423034454108,0.595420429487,0.0077284366982,0.0589431779771
C003150,4,0.669726554994,0.0217395217758,0.00782809124059,0.00742168053964,0.00791890329725,0.00791890329725,0.20592075783,0.0715255870256
C003152,2,0.00778397921323,0.0131066804552,0.0078190513152,0.00772921418546,0.00375052710466,0.00778397921323,0.138912446434,0.813114122079
C003153,1,0.0289483526101,0.0829570286532,0.200100416541,0.0233824480614,0.490395854901,0.0388376775661,0.0281961941817,0.107182027486
C003154,0,0.0183026024858,0.315586863166,0.0198204651634,0.0199003048933,0.27736066544,0.0138828320874,0.26882885595,0.0663174108147
C003155,2,0.0455566558528,0.0235500116803,0.0243354524678,0.0240275236706,0.0241977696968,0.0241977696968,0.026191500536,0.807943316399
C003157,0,0.00349218211466,0.04876396019,0.00388368474926,0.00389932879892,0.00209192071849,0.000695203026788,0.00397964316,0.933194077242
C003159,1,0.0142061464644,0.0174918275223,0.0170820835376,0.0608738886675,0.170809920316,0.013431865662,0.0212543478544,0.684849919976
C003160,3,0.00364683934548,0.298029304454,0.00323667515889,0.00361690623995,0.0260620982101,0.00364683934548,0.645140430604,0.0166209066422
C003162,2,0.00141107396105,0.00137330046037,0.97623306389,0.00460604426078,0.00154979000455,0.00141107396105,0.00175072742668,0.0116649260355
C003163,2,0.119230740683,0.0124439450127,0.0543769040714,0.00897970628803,0.0312961075966,0.0124383967936,0.0146957912911,0.746538408263
C003164,3,0.00790746346349,0.0109818978939,0.0104686711937,0.0108917589331,0.287452674907,0.0109818978939,0.624687964858,0.0366276708561
C003166,0,0.0134198418439,0.26209315329,0.0212341380405,0.0210678459401,0.489060542478,0.0209219199813,0.0261769634741,0.146025594952
C003167,0,0.00236816654702,0.00358230152057,0.00357000281479,0.741724772108,0.00358438330777,0.00355955615781,0.216791411359,0.0248194061851
C003169,0,0.00315451025749,0.00294578554851,0.00353363714775,0.00354787115452,0.0624788171403,0.883498445175,0.00820180210642,0.0326391314703
C003174,3,0.00788094281388,0.0167129817642,0.00983792878959,0.182428554518,0.0652330574593,0.0443556171828,0.024093781872,0.6494571356
C003176,0,0.00868620560434,0.0131119908219,0.0128386600665,0.804228674668,0.0131196106089,0.0211343774414,0.0178782261113,0.109002254677
C003177,0,0.0148272392924,0.0836047716927,0.0276871930981,0.0277987211576,0.0142542380119,0.377565457822,0.324540054445,0.12972232448
C003178,1,0.0023848973346,0.0023848973346,0.0230276221297,0.00238141893213,0.93036855946,0.0249836040821,0.00432108930489,0.0101479114215
C003180,1,0.0102034147258,0.00850561832164,0.847215271535,0.00849321277136,0.00583662730826,0.00850561832164,0.0106689578342,0.100571279182
C003184,2,0.283453373779,0.0124733939604,0.0129020682233,0.00638118588288,0.0506422586177,0.0128136071939,0.32541496942,0.295919142922
C003185,3,0.0744604559434,0.0121473612137,0.00964543204797,0.0120476561785,0.0120619199788,0.0121473612137,0.167212674643,0.700277138781
C003186,3,0.0235813200786,0.0235813200786,0.023922609567,0.0220574838398,0.0289772170785,0.0235813200786,0.0241957912206,0.830102938058
C003188,2,0.00232059627976,0.00229940213099,0.00231645676706,0.002289884915,0.962747952801,0.00267425651438,0.00285973071834,0.0224917198736
C003189,2,0.0253748143832,0.0312408565804,0.169305185361,0.0318743120455,0.077437654095,0.0306084710571,0.0373003573665,0.596858349111
C003190,2,0.0081319057375,0.049238530095,0.0255001600236,0.0250498179755,0.0990495661516,0.610894974772,0.0275636953762,0.154571349868
C003191,0,0.00319619828333,0.5516599602,0.00345169885629,0.00346642984806,0.00346642984806,0.00344241970007,0.410702668756,0.0206141945089
C003194,3,0.00756823726721,0.892726265215,0.0188089116789,0.0075061174908,0.0137541162258,0.00756823726721,0.00786022261368,0.0442078922416
C003195,0,0.00387167560229,0.0049209871512,0.473799328483,0.00723198193915,0.157158346541,0.00423956977448,0.302994436446,0.0457836740635
C003196,4,0.146630179239,0.122485177422,0.0167194595956,0.0121886792491,0.0169916859554,0.0169916859554,0.374466671837,0.293526460746
C003197,2,0.00886298278764,0.00862572670071,0.564008542952,0.00880062631349,0.00886298278764,0.00886298278764,0.34319560945,0.0487805462206
C003198,3,0.00605881170351,0.0277720046635,0.658583339831,0.198326053873,0.019097719301,0.0100054119936,0.0116447253037,0.0685119333308
C003199,0,0.162174713153,0.0191036110782,0.0568110787923,0.0294537479188,0.0152376281274,0.138279098845,0.0331556409072,0.545784481179
C003201,2,0.0379929746421,0.0369759282695,0.0382091506819,0.0377256709592,0.0379929746421,0.0379929746421,0.0426244067565,0.730485919407
C003202,0,0.00764691482639,0.008614917685,0.00858329272509,0.0086199240825,0.862706289168,0.00856021837317,0.0106984685406,0.0845699745994
C003203,1,0.00394854972345,0.00457610081272,0.0044978681638,0.00456942651268,0.902645664442,0.00457610081272,0.00571692122001,0.0694693683131
C003204,3,0.0100788626021,0.016624529413,0.0165675899067,0.0641621504045,0.00841090954006,0.638696038427,0.0216895047257,0.223770414981
C003205,3,0.0122762475664,0.429060793948,0.437801343822,0.00821933688206,0.0502643774164,0.00832453623893,0.0105169261058,0.0435364380196
C003206,0,0.337344161253,0.0248928746431,0.0248074127858,0.0249073406694,0.36076793384,0.0404993465265,0.0262698731831,0.1605110571
C003208,1,0.0240363781133,0.0323537680387,0.0268420922599,0.253853889291,0.0974073110573,0.0166443957793,0.00363487330806,0.545227292152
C003210,1,0.00312094934008,0.535289087447,0.399862075605,0.00311639739659,0.00289441030613,0.00312094934008,0.0464124178447,0.00618371272085
C003211,2,0.00844324142515,0.0165967807278,0.0166837727753,0.0164726645541,0.685463713247,0.0165893809382,0.0190249279072,0.220725518425
C003212,4,0.0274320802576,0.475391174087,0.0847021403231,0.0362989850471,0.00818241512656,0.294272262805,0.0175308849848,0.0561900573694
C003214,2,0.0110313182823,0.0215477850902,0.0110810218477,0.0109537062493,0.332725187059,0.55611923153,0.0137849699688,0.0427567799728
C003216,2,0.00570750169932,0.583471784552,0.0076844396953,0.00759614918817,0.00621997013153,0.0766349778108,0.251391460935,0.0612937159874
C003217,1,0.784463221972,0.113727996268,0.00428320057354,0.0042802903529,0.00428654232828,0.00428654232828,0.00550075274929,0.0791714534281
C003218,1,0.00729769839155,0.00729769839155,0.8221397425,0.00716078925434,0.0153056727588,0.00729769839155,0.00962640814754,0.123874292164
C003220,4,0.00563932540776,0.00564620054032,0.00558062003318,0.00450673532067,0.027878268744,0.0132415007148,0.00612748107257,0.931379868167
C003223,2,0.0371417308405,0.0406111207573,0.0416537201282,0.041434572455,0.106218272367,0.0417281554062,0.04999698429,0.641215443755
C003225,0,0.0212744020152,0.0243755919555,0.0597862522319,0.0243897573727,0.0402295309679,0.0242208222695,0.192068023145,0.613655620042
C003226,2,0.165648659401,0.00967182536104,0.00975890182797,0.696523879246,0.0193326521268,0.00966751311075,0.0119957287768,0.0774008401501
C003228,2,0.00721092274467,0.24350558905,0.691032346436,0.00716018951767,0.00405625610856,0.00721092274467,0.00865432675129,0.0311694466474
C003229,0,0.0161366985542,0.018308155485,0.0179222291687,0.0183187949255,0.658904079854,0.0181919102065,0.0223061556968,0.229911976109
C003231,2,0.00576926782964,0.00495849027717,0.0059299506183,0.139756792757,0.00576926782964,0.0039008714137,0.00651612531542,0.827399233959
C003232,1,0.29040963276,0.0120542965233,0.535349414046,0.0120367151816,0.0120542965233,0.0120542965233,0.0155142581143,0.110527090328
C003233,1,0.0250254258542,0.00782300664955,0.30739116167,0.0078115966969,0.575292274114,0.0129072456819,0.0100377078909,0.053711581443
C003234,3,0.00789375227015,0.00789375227015,0.00787569711814,0.00288086674207,0.623422978351,0.00789375227015,0.0366604463753,0.305478754603
C003238,1,0.0124354563838,0.0155034217593,0.0180916317365,0.590779626906,0.0124354563838,0.0682297634,0.184433428027,0.0980912154037
C003239,1,0.00533841249749,0.0150223966453,0.527826427083,0.0150004862927,0.0106055221167,0.0150223966453,0.00949303260135,0.401691326118
C003240,2,0.0122050462198,0.0122104903514,0.0122893059397,0.0121191762969,0.603646703727,0.0122050462198,0.0155245948644,0.319799636381
C003242,2,0.000939853665989,0.00311335773401,0.00189901789654,0.00185467539013,0.000824231449613,0.00064897438162,0.00536387065909,0.985356018823
C003243,2,0.00580725899182,0.0438731271464,0.00616876679456,0.748846459656,0.00580725899182,0.132932836443,0.00713701986019,0.0494272721163
C003244,1,0.00547599472991,0.00547599472991,0.011564617991,0.00546800792337,0.863314614435,0.00547599472991,0.00724008247297,0.0959846929882
C003246,3,0.00472055567867,0.00472055567867,0.00470438763547,0.00486936467825,0.00357980802225,0.938641836599,0.00501935477716,0.03374413693
C003247,1,0.00199728165043,0.00199728165043,0.00449670282708,0.0081317736459,0.00199728165043,0.0124062655015,0.00179379138722,0.967179621687
C003248,3,0.00326367512971,0.00426993149283,0.186375180117,0.00322243120755,0.00324071932652,0.777043371674,0.00355505664255,0.0190296344091
C003249,3,0.897373183709,0.00217575970532,0.0021683076638,0.00215790116024,0.00214896574252,0.00217575970532,0.0703403114044,0.0214598109091
C003250,4,0.00148687960909,0.00148869232491,0.924431179331,0.0377966303431,0.00148687960909,0.00148687960909,0.0215213591493,0.010301500024
C003252,0,0.653084966781,0.00770915492185,0.263487421186,0.00771363495234,0.00771363495234,0.00754415815017,0.00999794029294,0.0427490887634
C003253,1,0.0326912870784,0.00421370919475,0.00714581685456,0.0942185976872,0.00600134096725,0.0604091621556,0.745101939577,0.0502181464847
C003254,0,0.0118319098795,0.0134240870294,0.0136766309875,0.680147389249,0.0134318881853,0.0133388525153,0.0159975212856,0.238151720868
C003256,0,0.00458755041971,0.257893236289,0.0147174246695,0.00590225406276,0.665078074598,0.0058613722334,0.00648195446048,0.039478133267
C003257,0,0.027993498444,0.0218048327392,0.0281573363634,0.0332266960426,0.0332266960426,0.0329965520834,0.0398898245172,0.782704563768
C003259,1,0.0096931732701,0.666232588515,0.00968197854992,0.00967903565613,0.0096931732701,0.0222468778876,0.094109087634,0.178664085217
C003260,3,0.0197600068296,0.0197600068296,0.0197148103356,0.0212185872415,0.0198174872857,0.0197600068296,0.01795363899,0.862015455658
C003261,4,0.00366471132893,0.00167551773283,0.00144594771344,0.00172820295504,0.00167347752785,0.00316417986091,0.00103485270868,0.985613110172
C003265,3,0.0135921725261,0.00387673477855,0.00803382079227,0.017618741885,0.00830779103993,0.0165192182867,0.0100771005765,0.921974420115
C003266,4,0.0204951034807,0.00352432909516,0.209911311197,0.00514234855978,0.00552139485206,0.00552139485206,0.727449394419,0.0224347235438
C003268,2,0.00367713153211,0.00195070829605,0.00205779196292,0.00365126067545,0.00275431509114,0.0105787494688,0.0044596010094,0.970870441964
C003270,4,0.0123788485748,0.0123939401361,0.0120688320603,0.0342935504976,0.0123788485748,0.715390343094,0.0152352595082,0.185860377554
C003275,0,0.00457377155899,0.00685174556397,0.800089511481,0.00685572732713,0.00685572732713,0.130691432033,0.0122428965588,0.0318391881498
C003278,4,0.007879062776,0.0677319587035,0.105264545384,0.0140728059166,0.0147771174358,0.0120943913313,0.0184873503185,0.759692768134
C003279,3,0.00350359258881,0.0175010826902,0.00385797849449,0.0080773115835,0.0122780867626,0.00814415849739,0.00952305507081,0.937114734312
C003280,0,0.024011433996,0.034212846121,0.0475907428055,0.0342327282735,0.0342327282735,0.0302383836362,0.0312109496388,0.764270187255
C003281,1,0.0085398076939,0.0712253446817,0.00853315012687,0.0122299090815,0.0290637232741,0.0334500849517,0.0102746026974,0.826683377493
C003282,1,0.0114212091828,0.0114212091828,0.0112301712615,0.0264742822838,0.00824241855303,0.279075869049,0.0147936050218,0.637341235465
C003283,4,0.0124557638782,0.66905799943,0.0121308407527,0.011650781066,0.111677312117,0.014647505193,0.0210922774242,0.14728752014
C003285,0,0.0494285301406,0.541837653133,0.0146814670097,0.0147406061041,0.0147406061041,0.28209655501,0.0171236159162,0.0653509665823
C003288,4,0.0192206414092,0.84073653537,0.00513450923702,0.00600872021244,0.00527762035501,0.0345606498851,0.0097905280515,0.07927079548
C003290,2,0.0100961459235,0.0265756262674,0.00423411828625,0.0100251133967,0.0225229792821,0.0090669672782,0.0129056292335,0.904573420332
C003292,3,0.0808079194039,0.0117924396447,0.0117520501892,0.0209870332222,0.75853354396,0.0147633553535,0.0140653526936,0.0872983055325
C003294,4,0.00395751045364,0.00365491424261,0.00385427417857,0.254910198847,0.702653730018,0.00395751045364,0.00459963895013,0.0224122228564
C003295,4,0.0922909248051,0.00255893590495,0.88067838985,0.00239740758555,0.00256964966167,0.00174890236603,0.00275623659008,0.0149995532367
C003296,3,0.00389875771027,0.907545170471,0.0509147181105,0.0038667568693,0.0133044739234,0.00348162001991,0.00416333517331,0.012825167722
C003298,3,0.0166520549634,0.0023126013141,0.00501198619829,0.918675082422,0.0122565586118,0.00706797663221,0.00535105322644,0.0326726866315
C003299,1,0.0121596447788,0.0121596447788,0.0078511655851,0.0121419097854,0.151830937683,0.0273664176761,0.0148793964565,0.761610883256
C003301,3,0.00462144107168,0.00462144107168,0.00460561249895,0.00548428771867,0.00458893511215,0.937884360129,0.00553629297529,0.032657629423
C003302,4,0.01797265704,0.0323735509735,0.527088649696,0.0168111321308,0.123826858745,0.01797265704,0.158590774948,0.105363719426
C003303,2,0.0524310954972,0.0524544826914,0.107563549239,0.0520622108532,0.0524310954972,0.0524310954972,0.0622995633541,0.568326907371
C003305,3,0.00618519220997,0.00240598599417,0.000980189975122,0.0190112737572,0.000749707262093,0.00240598599417,0.00261191367829,0.965649751129
C003306,4,0.0194560948345,0.115482232964,0.210377725082,0.0168160623831,0.0179621194737,0.5189584064,0.0191494031995,0.081797955664
C003308,2,0.0168115776291,0.0168190765308,0.542596387853,0.0132809458121,0.0168115776291,0.0168115776291,0.318644949581,0.058223907335
C003310,0,0.00521218398116,0.0021103343749,0.00130834111474,0.00131361130393,0.00137698709408,0.000444922282794,0.00146053777418,0.986773082074
C003311,2,0.00834037483951,0.00622099589577,0.00839795410917,0.00828169523012,0.898367150245,0.00834037483951,0.00979288396102,0.0522585708798
C003312,2,0.00268274704627,0.00268394370115,0.00201225357217,0.00266387228923,0.00861642750673,0.00129196369288,0.00578670987001,0.974262082322
C003313,0,0.0218001990176,0.0245598289398,0.0211951948939,0.0245741014228,0.0165180119244,0.0244038894647,0.026613406519,0.840335367818
C003315,3,0.0206413789182,0.107121805515,0.0318324523916,0.0316796767801,0.0320347707741,0.0776865588128,0.0376788257769,0.661324531032
C003316,4,0.0273887041331,0.0329127110388,0.878241644829,0.00420329922887,0.0284190545916,0.00452199570805,0.002906424027,0.0214061664432
C003319,2,0.206234008491,0.0633317011552,0.00385970979327,0.00381536358866,0.00218750051213,0.00384239718974,0.651504673936,0.0652246453342
C003322,2,0.892915193104,0.0153676518654,0.00535027521082,0.0053221264558,0.00535983616292,0.00535983616292,0.00332983559403,0.0669952454446
C003324,2,0.0373693391366,0.080560906577,0.00866239122725,0.0140401977389,0.011563000831,0.0164549726611,0.7570362086,0.0743129832281
C003325,4,0.0396028120262,0.0395391225853,0.0390100266167,0.0617503344621,0.0396028120262,0.0396028120262,0.0481110268095,0.692781053448
C003326,3,0.00260010116946,0.0100582950967,0.00405231607488,0.00403286752411,0.00532503877585,0.00374448672982,0.897931605747,0.0722552888821
C003327,0,0.0538026261607,0.0088980680692,0.00886751935056,0.819191354755,0.00890323901423,0.0201652938316,0.0103065728575,0.0698653259611
C003328,2,0.00443357675962,0.00402159721192,0.00234661438954,0.0029976124942,0.00490572292434,0.00198047491076,0.010462613344,0.968851787966
C003329,1,0.148733605529,0.00932152946822,0.00662874380689,0.00579528596007,0.736003437371,0.0173259837433,0.0114759407017,0.0647154734199
C003330,1,0.016544694723,0.0157405493924,0.115136296443,0.015717591605,0.0157405493924,0.0157405493924,0.0208390365047,0.784540732547
C003331,4,0.00445331783892,0.146107122874,0.00664459758978,0.786671699686,0.00613725908416,0.00613725908416,0.00683013565555,0.0370186081878
C003332,0,0.00461040621001,0.00672783823144,0.0149267838461,0.595499437864,0.0975196336915,0.00662484564875,0.0079854998275,0.266105554681
C003333,4,0.00202822947558,0.1792945827,0.00200497023335,0.00190087827365,0.00202822947558,0.00202822947558,0.790137245128,0.0205776352383
C003334,3,0.00203342444773,0.0243355283958,0.00484409418658,0.0644229369226,0.00545244207226,0.00335230996687,0.0326908730881,0.86286839092
C003335,1,0.00200129718708,0.0109622581792,0.00577496911587,0.00156463521679,0.0024835999741,0.0010131609222,0.00400983720587,0.972190242199
C003336,2,0.00862082962056,0.0134340322293,0.0896796073046,0.491279474406,0.201728518992,0.0114759268832,0.0151066424321,0.168674968132
C003338,3,0.0239219436687,0.0239219436687,0.332484893771,0.023725593351,0.139723500523,0.0239219436687,0.07042803996,0.361872141389
C003339,3,0.223289489527,0.661246829909,0.0260025782879,0.00549143571577,0.00557789929457,0.0428511791413,0.00584881028758,0.0296917778369
C003340,4,0.0056533156862,0.0060340697881,0.00505762484053,0.0058753953673,0.642852324184,0.00604378944058,0.00696749169921,0.321515988994
C003341,4,0.00772906415808,0.0137520003746,0.060456249412,0.338135450262,0.489116616709,0.0137352551625,0.0151741667724,0.0619011971493
C003342,2,0.00708294643286,0.785701957495,0.00760209160982,0.112629149522,0.0075679926736,0.0075679926736,0.00952667045893,0.062321199135
C003343,0,0.832679843025,0.0185956410328,0.0132535860064,0.0133069733874,0.0133069733874,0.013214802937,0.0151684170763,0.0804737631476
C003345,3,0.00124876831402,0.000813044012665,0.00124449124551,0.00123851847569,0.000726698466135,0.000528556781663,0.00157339419238,0.992626528512
C003346,1,0.00672219048122,0.876736541488,0.0066093986272,0.0087681534309,0.00672219048122,0.00672219048122,0.00858465224576,0.079134682764
C003347,3,0.00750462395331,0.00750462395331,0.00747892039371,0.00215722932856,0.0336207039766,0.0639043772345,0.00859745775604,0.869232063404
C003348,0,0.0127482431846,0.00291446287584,0.0946171976579,0.00358191233849,0.00358191233849,0.130580375659,0.714915696807,0.0370601991382
C003349,4,0.00392439925337,0.928668827583,0.00382202672257,0.00325895058192,0.0235047349381,0.00392439925337,0.00439917620673,0.0284974854609
C003352,1,0.00983499113622,0.00912962937372,0.0495897982383,0.0428238168074,0.00912962937372,0.00912962937372,0.0218090947815,0.848553410916
C003353,3,0.0180631136887,0.0389466195808,0.0137182076985,0.0136523689895,0.0124920421858,0.754175593001,0.0147468287755,0.134205226081
C003354,4,0.0678625546693,0.010101571775,0.626647519654,0.00947228332716,0.0101178433414,0.011126086261,0.0111864048392,0.253485736133
C003355,0,0.0305697732408,0.412861643111,0.0277003070869,0.0278118879714,0.302734057086,0.027619249558,0.0352537455811,0.135449336365
C003356,0,0.0149596611119,0.013430274526,0.0163176857896,0.34421701451,0.0113643316389,0.504714610884,0.0175145682126,0.0774818533272
C003357,2,0.00045087363797,0.000188446652301,0.00577702426399,0.000752822659166,0.000486700498608,0.000820651889174,0.000911185440711,0.990612294958
C003358,1,0.389004405204,0.0191291124548,0.0189695870921,0.0178740482593,0.101632160991,0.26532001327,0.0239285664769,0.164142106252
C003359,2,0.019714137383,0.00950686474809,0.0334757417464,0.00411389365114,0.00631616046199,0.0121462439237,0.00516394272708,0.909563015359
C003361,1,0.00809942385409,0.856495531764,0.00809267798958,0.00610222468626,0.00809942385409,0.00809942385409,0.0105310124421,0.0944802815554
C003362,3,0.0413865775751,0.0600602988799,0.0112403742933,0.00835378624623,0.00960689746316,0.0172806031531,0.0098449750596,0.84222648733
C003363,2,0.089823176395,0.0149424531015,0.0401050842225,0.0166236206092,0.10429386846,0.0871353790783,0.0175659424595,0.629510475674
C003364,1,0.00772972905295,0.669962391254,0.00757794651051,0.106219458958,0.00760246437217,0.00772972905295,0.173564165567,0.0196141152329
C003365,4,0.296440114427,0.423000786593,0.00763533264112,0.00730163521796,0.130918026964,0.0866791831432,0.00852566901933,0.0394992519953
C003366,3,0.00755420315489,0.00985497198586,0.00871669057086,0.562991424502,0.0195348864994,0.120954013982,0.235856446524,0.0345373627813
C003367,4,0.0477180873361,0.0192651623875,0.0181537674713,0.0182019308348,0.0105674083152,0.0192417040381,0.598769892907,0.26808204671
C003370,1,0.0175699230748,0.0175699230748,0.660507414855,0.0175442971232,0.0175699230748,0.0175699230748,0.0245997994588,0.227068796264
C003371,2,0.00925122536615,0.140965630228,0.0134682184215,0.602613677751,0.0133758756711,0.166383950066,0.0138441362883,0.0400972862078
C003372,2,0.00478480151642,0.00478693580488,0.0681925267702,0.00344701657056,0.0128553156681,0.00240007519294,0.00571092428466,0.897822404192
C003373,2,0.0407330099849,0.025566730786,0.22781411088,0.0253755343817,0.0255553316821,0.248746297007,0.0317658474037,0.374443137874
C003374,1,0.0172837776181,0.505692011293,0.016949852659,0.213171291331,0.0172837776181,0.0172837776181,0.0273135172032,0.185021994659
C003375,4,0.00321704025333,0.038846599624,0.039287431028,0.189968955044,0.00500751874031,0.702154993718,0.00551072715008,0.016006734443
C003376,3,0.408227268023,0.0796130767313,0.0198088810827,0.064612614575,0.0199347809263,0.094878682617,0.182264355077,0.130660340968
C003377,3,0.0577364019228,0.0130473104512,0.564977032476,0.15151136585,0.0129555392182,0.00893039831403,0.0140460435779,0.176795908189
C003378,1,0.179860897847,0.0193221722411,0.779091741827,0.00248173665396,0.0024853615848,0.00576055834395,0.00313552444216,0.00786200705985
C003381,1,0.00412303532259,0.00412303532259,0.06159634817,0.874519519023,0.00270559106544,0.00412303532259,0.00514666126911,0.0436627745051
C003382,4,0.0517672496826,0.0357826748436,0.0662270417524,0.0490661027562,0.0362057125448,0.0517672496826,0.0587714917147,0.650412477023
C003383,1,0.0263699272691,0.0198620124207,0.010222168843,0.0102892317929,0.78155356596,0.0103042606855,0.0132589725884,0.128139860441
C003384,0,0.00458063996671,0.0122992471029,0.00369185161616,0.936554879379,0.00643460566609,0.00307383678999,0.019684547159,0.0136803923203
C003385,1,0.0042441176868,0.911194099845,0.00417312805624,0.00423792758828,0.0042441176868,0.0042441176868,0.00482162934448,0.0628408621055
C003386,3,0.00674448031854,0.00721640519478,0.00719168879297,0.902287392312,0.00723739720482,0.00721640519478,0.0116343744795,0.0504718565024
C003387,2,0.0210857613261,0.0210951667522,0.0211807669718,0.0209374101713,0.0158680841837,0.0153592597084,0.0246573548127,0.859816196074
C003388,2,0.197156063592,0.0179481492745,0.00576644407982,0.0035623927056,0.75107094963,0.00572690735048,0.00700041220957,0.0117686811583
C003392,4,0.00673144777856,0.0618221590303,0.00652565244643,0.00641756006818,0.591706704565,0.171359006042,0.0178473550193,0.13759011505
C003393,1,0.00738084888353,0.00738084888353,0.00737747254745,0.00737008382349,0.00738084888353,0.858539581778,0.0200769737706,0.0844933414302
C003394,4,0.0185505129518,0.14706667413,0.145151612359,0.0206455653898,0.0211815023426,0.388926858025,0.0222097489975,0.236267525804
C003396,2,0.00262877354653,0.00188990574163,0.00262717785042,0.00261027852588,0.00262877354653,0.0142527044232,0.949613074382,0.0237493119838
C003398,0,0.0134640891707,0.0649438521936,0.0150991304745,0.0151635698059,0.0151635698059,0.729897921027,0.0186489452044,0.127618922317
C003399,3,0.00642555092431,0.00202713115271,0.010931981111,0.00200151376245,0.282922205155,0.681426424454,0.00217489137532,0.012090302066
C003400,2,0.575805018842,0.0151590706027,0.0152205832604,0.0149517822555,0.272560257262,0.0151523118261,0.0203036871494,0.0708472888015
C003401,3,0.0512241434098,0.0843568312264,0.0514713375818,0.0505768104188,0.0508638467174,0.0512241434098,0.0490904660593,0.611192421177
C003403,4,0.00645738497467,0.00644700017577,0.00635393023744,0.829953032934,0.00645738497467,0.00645738497467,0.00734597139901,0.130527910329
C003404,0,0.00392546656799,0.00432328670014,0.923996696912,0.00432579909695,0.0193575150636,0.00429583654728,0.0222694596204,0.0175059394916
C003405,3,0.0224934895028,0.0224934895028,0.19534275576,0.0223088638774,0.485957591756,0.0224934895028,0.0274654204886,0.20144489961
C003406,4,0.102046980295,0.00968582495384,0.00937827430143,0.652601815957,0.0152813485102,0.00920988850423,0.139761120186,0.0620347472918
C003408,0,0.0180195796335,0.0201870138744,0.0847766016031,0.0332103871852,0.0201987451781,0.0200588390262,0.0226542686881,0.780894564812
C003409,2,0.00638216892293,0.00249516610569,0.00429608583168,0.055211799387,0.00208354613745,0.00327119838048,0.909379127388,0.0168809078466
C003410,0,0.864057083294,0.00552502230903,0.00550605388232,0.00309913650369,0.00579210789641,0.00379733333383,0.00591122780721,0.106312034973
C003411,3,0.033562266024,0.033002430494,0.00890332581701,0.0162929262329,0.011698142372,0.0434235683859,0.0116563520646,0.84146098861
C003412,3,0.00223484654076,0.00223484654076,0.0409356743656,0.00221650301339,0.00224134755058,0.00223484654076,0.933102008578,0.0147999268705
C003414,0,0.00301281452971,0.23179871661,0.00326833708861,0.00328228553798,0.00328228553798,0.336216192482,0.40921202571,0.00992734250303
C003416,4,0.0519175395862,0.0142615247134,0.0104095397315,0.0210586093651,0.00666199915907,0.0169086309441,0.416888041949,0.461894114551
C003418,3,0.199012637513,0.00805667941336,0.00818794692723,0.0137555850018,0.0291653470564,0.00939052904079,0.021668010279,0.710763264768
C003419,1,0.0114563736285,0.708495832388,0.0114431425747,0.0114396643648,0.0114563736285,0.0114563736285,0.127870516389,0.106381723398
C003420,2,0.00545111106927,0.277890727868,0.612833772581,0.00541275918767,0.0545278528277,0.00266307033512,0.0235658570342,0.0176548490967
C003421,0,0.0289020533781,0.0320444046468,0.0302529543006,0.0320630266503,0.0320630266503,0.0318409428209,0.03446964864,0.778363942913
C003422,0,0.0104131929328,0.00673007365698,0.00678713720238,0.00673398471279,0.240561664708,0.0101279753293,0.00885552067418,0.709790450783
C003423,0,0.0289830980256,0.0320353182127,0.0409661268108,0.0320539349357,0.0632320403566,0.0318319140799,0.0388757020044,0.732021865574
C003424,3,0.0114467124087,0.0136759682622,0.0114075070792,0.0113527582698,0.7483782945,0.156762968864,0.0104086125808,0.0365671780357
C003426,2,0.00299274226328,0.365069368212,0.00959876449637,0.011269879382,0.00389388777495,0.0217421627397,0.54310588212,0.0423273130115
C003427,0,0.0194654412437,0.472814219302,0.0131069212042,0.237705632388,0.0114485299893,0.131453322102,0.0138629150253,0.100143018744
C003428,4,0.0158723486626,0.00953983737599,0.00927966637224,0.00892995035978,0.0084512366101,0.884919333033,0.0104443721549,0.0525632554313
C003430,2,0.00126835467852,0.0890970977823,0.132391434246,0.00125943103198,0.00436166479002,0.764601168742,0.00155066840219,0.00547018032655
C003431,2,0.0448561830944,0.162008672305,0.0123452517232,0.590552712193,0.00829600750953,0.00829600750953,0.13530585015,0.0383393155145
C003432,4,0.0120800494074,0.0259196721959,0.0249984942128,0.0933609952814,0.0148194350596,0.245192819528,0.030670053981,0.552958480334
C003434,4,0.0264755481239,0.131743230419,0.0942002356154,0.0692761383301,0.601721754658,0.0146187615783,0.0164880135984,0.045476317677
C003435,2,0.549780238285,0.0123088405232,0.258336492666,0.0784150700364,0.0123033525414,0.0123033525414,0.0142125696543,0.0623400837521
C003436,1,0.0383808575981,0.489132992215,0.391109762654,0.0225654877808,0.0197896330416,0.0240270790967,0.00399677624393,0.0109974113699
C003437,4,0.00372404240551,0.00372858253812,0.00366437896125,0.790016593278,0.172528388156,0.00372404240551,0.00412462776419,0.0184893444915
C003438,1,0.456648972786,0.0104706611244,0.375632891851,0.0321517345572,0.0266754819187,0.0116007312312,0.0148431692834,0.0719763572489
C003441,1,0.00348675473761,0.00348675473761,0.896945557289,0.00600238152058,0.00283964580402,0.00348675473761,0.00434475027948,0.0794074008936
C003446,1,0.137709484948,0.49723066669,0.0358096592298,0.0360465123523,0.0555602176689,0.0360991634319,0.0477410236411,0.153803272038
C003447,0,0.00519650928624,0.00402429200642,0.00588302514039,0.00590672282529,0.91164950036,0.00586581004314,0.00736819484724,0.0541059454911
C003448,0,0.00256420214175,0.00117335213386,0.0405633728149,0.00410669815976,0.00286315745551,0.000640796393436,0.00351595680599,0.944572464095
C003449,0,0.0258956114574,0.526116112361,0.0738057103745,0.0313762594359,0.0313762594359,0.0261528357424,0.105557842986,0.179719368206
C003452,1,0.0102746896139,0.744211738887,0.0100750961434,0.0100650056817,0.0376538120731,0.00926164190744,0.13598925274,0.0424687629531
C003453,2,0.00456123001106,0.00443912895209,0.00458718293129,0.78016277807,0.00456123001106,0.0148255204332,0.00535876142439,0.181504168167
C003454,2,0.0131763324874,0.0101341983884,0.0126602924331,0.00446168224031,0.0256556540635,0.00805122380216,0.00960499223743,0.916255624348
C003455,2,0.013105478823,0.0127546539712,0.0131959548404,0.764396518473,0.013105478823,0.013105478823,0.0159905799778,0.154345856269
C003456,4,0.00633743163492,0.587973048401,0.00614368225276,0.00593950844842,0.00633743163492,0.00633743163492,0.358669151948,0.0222623140444
C003457,0,0.00505431510543,0.0772634991211,0.00354534762666,0.0035910521406,0.00454343830883,0.00457162710469,0.00640595411989,0.895024766473
C003459,0,0.297386294494,0.0928631359967,0.0127397347999,0.0110039069273,0.00602085054915,0.00645931837199,0.0117751434061,0.561751615455
C003460,1,0.00292282276956,0.00292282276956,0.00286743046274,0.00291855979614,0.957170726923,0.00292282276956,0.0036456258059,0.0246291887033
C003462,0,0.000473661487337,0.0193903400311,0.0016521667543,0.000800160513824,0.00122595522736,0.000531939709928,0.00129060566153,0.974635170615
C003463,3,0.0144732757939,0.0205003867777,0.0368170887618,0.0421649268434,0.0480511809779,0.133074527232,0.0555017968947,0.649416816719
C003466,1,0.0709158613544,0.00574623754929,0.00570045850293,0.0210977001065,0.00574623754929,0.00629859546261,0.00727440317236,0.877220506303
C003468,4,0.583776670716,0.196283786077,0.00220682575593,0.00495145490659,0.00380889989086,0.00529356382384,0.188015135537,0.0156636632926
C003469,3,0.00104669389528,0.00104669389528,0.00104310893764,0.00806747964967,0.00121642952015,0.000537124816792,0.00115133375237,0.985891135533
C003470,4,0.454240702472,0.310308251407,0.0207575915705,0.0180772803693,0.0214122104744,0.0214122104744,0.0239920176252,0.129799735607
C003472,4,0.0067458123814,0.136859446127,0.00656983999908,0.0551664768695,0.383865927059,0.0058561590683,0.388791138372,0.0161452001234
C003473,0,0.0174964625034,0.0199109301277,0.289084418204,0.0199225009905,0.019326935,0.0149597735577,0.447807230794,0.171491748822
C003474,1,0.0220234190452,0.0100578315773,0.00989892100489,0.00982674003913,0.00984109339645,0.00984109339645,0.850395516138,0.0781153854026
C003475,4,0.00878213672273,0.0119059506035,0.014084318118,0.893865679019,0.00878213672273,0.00878213672273,0.00914618660669,0.0446514554845
C003477,1,0.515445834,0.0178867951832,0.0177376300038,0.0248590203758,0.0111422603884,0.015537051461,0.0720652054423,0.325326203145
C003478,4,0.0153813081728,0.00370226335572,0.0818973907422,0.00343714874625,0.35680635456,0.00369775527084,0.523388239358,0.0116895397947
C003479,4,0.00269086676134,0.0516280266988,0.867334471532,0.00252190899772,0.00269086676134,0.0641512720095,0.00288258211347,0.00610000512599
C003481,4,0.149562649904,0.00363762975738,0.733792187064,0.00340507409931,0.00363320037401,0.0910329659034,0.00422082368908,0.0107154692094
C003482,2,0.0117356054424,0.00411712682525,0.00402741946492,0.00534437487167,0.160552468282,0.783233158503,0.00642738662039,0.0245624599904
C003484,4,0.290617416384,0.00934969579351,0.398371558028,0.00875196463256,0.00933831107604,0.236201361711,0.0106425353958,0.0367271569794
C003487,1,0.00657121357972,0.13866990273,0.0064588726445,0.443577304817,0.373556417809,0.00657121357972,0.00847794984103,0.0161171249994
C003488,1,0.00453634040586,0.00244227267913,0.0298493684952,0.0011562871011,0.00244227267913,0.00193237394952,0.00286649341503,0.954774591275
C003489,1,0.00543424139771,0.00543424139771,0.00542971531575,0.00542631548893,0.819097791149,0.00543424139771,0.00640071251728,0.147342741336
C003490,1,0.0312539023936,0.0312539023936,0.585968835188,0.0312083181876,0.041000367737,0.0342928683332,0.0470555634087,0.197966242358
C003491,1,0.00918308361099,0.00196093771343,0.0031905943881,0.0011049999782,0.00196093771343,0.00145082426958,0.00252518058982,0.978623441736
C003492,4,0.0064736739225,0.00646326292764,0.00640628298031,0.00606719617189,0.00274138806698,0.423530810052,0.00692693537741,0.541390450501
C003493,1,0.0188922932646,0.0398197423754,0.0185822785167,0.0188647386195,0.0187622946746,0.0188922932646,0.0248292734821,0.841357085802
C003494,1,0.00117807747886,0.00117807747886,0.924684899463,0.00117635923818,0.00117807747886,0.00117807747886,0.0453657630252,0.0240606683584
C003496,4,0.0221812916644,0.0140716091363,0.0115101256985,0.0131720034752,0.0140544747505,0.0140544747505,0.822014004826,0.0889420156987
C003497,4,0.0519127271139,0.0518292408059,0.0513723156515,0.0494920343315,0.0519127271139,0.149560123998,0.0572061167307,0.536714714255
C003498,0,0.01930725351,0.0292306769801,0.0295542803974,0.0292476638387,0.499864983307,0.0376560215761,0.098083142203,0.257055978187
C003499,4,0.00900476126512,0.0848759848566,0.165564276028,0.0326613496323,0.00782824620513,0.500834614441,0.0242502330985,0.174980534473
C003504,0,0.0172260522351,0.49036984035,0.0192758775599,0.0193581422085,0.0193581422085,0.0192240584741,0.022378456601,0.392809430363
C003505,3,0.588184985349,0.0294316469663,0.0293643288086,0.0291900732333,0.0207783080373,0.0367917942077,0.0324973622433,0.233761501154
C003506,2,0.022043026111,0.0220528585306,0.0221952040849,0.127367289916,0.425392311719,0.136415769232,0.0329748888354,0.211558651572
C003507,2,0.0189079661225,0.0189164001304,0.0189931593248,0.0323074630743,0.0164527911093,0.724519986023,0.0230808237274,0.146821410488
C003508,1,0.0229617389059,0.00332057477075,0.00331780912373,0.00338208325068,0.0037693330007,0.932302466555,0.00376038529486,0.0271856090985
C003510,3,0.906473855111,0.00520297905207,0.00518515869451,0.00516027321662,0.0210210506229,0.00520297905207,0.0327156008219,0.019038103429
C003514,4,0.00842936355768,0.00841580741294,0.120792145222,0.00790008933426,0.632790248352,0.00842936355768,0.128453221298,0.0847897612654
C003515,1,0.409080300206,0.0340486231372,0.0121442409546,0.0122285068651,0.0046765621621,0.0122463683459,0.428624674485,0.0869507238438
C003516,4,0.219571486857,0.0086898043695,0.00841388001448,0.200561265407,0.00478968329625,0.00867922317309,0.361026664741,0.188267992142
C003517,2,0.00555242710981,0.00540500498645,0.00557744455711,0.431957059178,0.315703110134,0.042725698506,0.00740193696162,0.185677318567
C003518,1,0.0059676138731,0.627931695478,0.0059626435548,0.25539621496,0.061004211415,0.0059676138731,0.00747250313618,0.0302975037097
C003520,0,0.00346114376504,0.00386581800241,0.0115549096997,0.00386806454989,0.00301168188077,0.00384127248821,0.00215592194605,0.968241187668
C003521,2,0.0127227862621,0.0165681610484,0.016675104285,0.0189334214326,0.0155699922059,0.640936647456,0.199165436696,0.0794284506141
C003522,0,0.686667561448,0.0110541425912,0.190420259593,0.0110605664984,0.0110605664984,0.0109839557345,0.0121760790221,0.0665768686146
C003523,1,0.00563186372261,0.00704446172152,0.822937914878,0.0072745477276,0.0042465173159,0.00485628707836,0.0218302529012,0.126178154655
C003526,1,0.00362899317026,0.0112374223329,0.0110530208628,0.00888721973488,0.610217786479,0.0093425841773,0.0146648537137,0.33096811953
C003527,4,0.0057326397484,0.0107475615447,0.0104544534167,0.254080347053,0.611491708363,0.010734474707,0.011634917673,0.0851238974944
C003528,2,0.00390133971126,0.93181571075,0.00391891789081,0.00384970838359,0.0108832417347,0.00390133971126,0.00493412731387,0.0367956145043
C003529,2,0.0272630111532,0.00981514713269,0.00778007097974,0.079325093166,0.00777541216793,0.032175687223,0.0102212552163,0.825644322961
C003531,2,0.737505144015,0.0167479422222,0.0176319384632,0.0342968004138,0.0175528509731,0.0175528509731,0.0206360035194,0.13807646942
C003532,4,0.0755555328382,0.819583840269,0.0162008251665,0.00971013444669,0.0104258755943,0.0104258755943,0.0109443669391,0.0471535491519
C003534,2,0.139851647924,0.00573185543559,0.626978232618,0.146429917604,0.0193652558929,0.00588951375687,0.00711981339913,0.0486337633694
C003537,3,0.00933160636368,0.916411247738,0.00490356640999,0.00485823836029,0.00488581010206,0.00492041899095,0.00597501686103,0.048714095174
C003540,4,0.0507521948982,0.0110229177892,0.0107223001295,0.00562378307257,0.00501356436751,0.15090239009,0.0125272176885,0.753435631964
C003541,3,0.00326439255161,0.00326439255161,0.00181062410831,0.0108002499497,0.00144414845904,0.000829635305592,0.00206777910553,0.976518777969
C003542,1,0.00950466119179,0.00950466119179,0.00949368418565,0.275540803116,0.155699840523,0.391990097183,0.0136460769894,0.13462017562
C003543,4,0.00693759428676,0.00694605219207,0.0067566190498,0.701874644715,0.00693759428676,0.220295504646,0.00741535216443,0.0428366386593
C003544,1,0.144254977401,0.00188296044266,0.00138889108437,0.824295875358,0.00135465820412,0.00111549119578,0.00166426490645,0.0240428814079
C003545,0,0.00414160972286,0.873492515609,0.00486542178234,0.00286676479284,0.00388597722217,0.0755208176737,0.00946460870707,0.0257622844898
C003546,1,0.595152208631,0.0088502136734,0.188043720004,0.00913320181989,0.00914654216558,0.00914654216558,0.144599096228,0.0359284753127
C003547,3,0.0127280565029,0.0125209377049,0.0176442180137,0.267135248594,0.0326172429389,0.0175594806032,0.0198744817945,0.619920333848
C003548,0,0.0033238459032,0.0049035770769,0.0797108382994,0.00858429318427,0.0120235678575,0.00324670239739,0.165135099109,0.723072076172
C003549,4,0.0140561042561,0.0157368515074,0.0165859358476,0.015189798567,0.0160122493285,0.0160122493285,0.0169945783152,0.88941223285
C003550,0,0.0324814322186,0.0357251737066,0.0356025225567,0.041173621943,0.219360607455,0.0752304249247,0.0407315247623,0.519694692433
C003551,3,0.0178732169849,0.023005016372,0.0199395026933,0.86638864187,0.00347435291021,0.00291513978515,0.00775994332285,0.0586441860618
C003553,3,0.00812632642465,0.00812632642465,0.336780633353,0.00805962587566,0.580244223012,0.00812632642465,0.00898386936243,0.0415526691238
C003555,3,0.0289019061109,0.0124665520803,0.0360225997495,0.036403068393,0.00795922452568,0.754199670123,0.0147195922665,0.109327386751
C003558,3,0.0041353453615,0.929274251729,0.00412118168099,0.00408308591305,0.00412531721345,0.0041353453615,0.00441203914498,0.0457134335955
C003559,4,0.204364292484,0.00965876677832,0.662129920915,0.0109889275898,0.0115338637164,0.0115338637164,0.0171127315377,0.0726776332621
C003562,1,0.0142379880812,0.779614333696,0.0140043485635,0.0139708750054,0.0142379880812,0.0182663869259,0.0194358631713,0.126232216476
C003563,4,0.00987901541569,0.386490653978,0.00962130977856,0.308818890309,0.0455635397592,0.20604058669,0.0108257994374,0.0227602046319
C003564,3,0.0339872498189,0.017435634854,0.0788415138716,0.017292523889,0.0122897645832,0.0144704225524,0.734449407735,0.0912334826955
C003566,1,0.0133573061108,0.0100576373377,0.0253184992637,0.0115680545518,0.0028552467258,0.00400227089443,0.0238353922478,0.909005592868
C003567,2,0.00947767656568,0.399765912734,0.00953160355101,0.507531389569,0.00947767656568,0.00947767656568,0.0124946674862,0.0422433969622
C003568,2,0.451883503669,0.0317140638779,0.0222764814714,0.031476895699,0.031699923943,0.031699923943,0.0925933355891,0.306655871808
C003569,2,0.00902252901992,0.0148220799846,0.0147890434086,0.0147112356056,0.0148154714577,0.0148154714577,0.651565772077,0.265458396989
C003570,3,0.00133077184106,0.00259621213024,0.00259027388907,0.00235843506426,0.00260376432688,0.00259621213024,0.967616425592,0.0183079050264
C003571,0,0.013672435626,0.0106880490507,0.0177132257031,0.369900757961,0.0276403809902,0.0098582911176,0.375948652985,0.174578206566
C003573,0,0.00131342793035,0.00141096003031,0.876572849513,0.00141177998321,0.00141177998321,0.10076994088,0.00178840552623,0.0153208561529
C003574,4,0.204884156916,0.140896500908,0.0246231826327,0.0236487573985,0.0132379849967,0.171399194285,0.0277956512257,0.393514571638
C003576,2,0.00280128792219,0.00272629932899,0.933745253782,0.0324849909899,0.00280128792219,0.00280128792219,0.00339443992669,0.0192451522059
C003577,0,0.00196257871485,0.00227358027641,0.00226523406955,0.00227490152486,0.00227490152486,0.00225914447086,0.963850988812,0.0228386706065
C003579,1,0.157309753133,0.00286849375885,0.000721629095643,0.00235753944005,0.00236098296312,0.822461183248,0.00304450008784,0.00887591827317
C003580,0,0.00285048369664,0.00172073200576,0.021958322847,0.00818500100674,0.00690605486443,0.00406612592661,0.00384228138303,0.95047099827
C003581,4,0.0020988967007,0.00695941233526,0.00802288758173,0.40746429361,0.427616825463,0.0173403509382,0.00573869838205,0.124758634989
C003584,3,0.00347634867903,0.00541661009969,0.00198203189879,0.0081711746414,0.00370335281002,0.00549295119603,0.00331758090321,0.968439949772
C003585,1,0.00209169270649,0.00189896167083,0.0176127184872,0.00205245131442,0.00318674262033,0.000577641295727,0.00265999897175,0.969919792933
C003586,1,0.00298980174525,0.00298980174525,0.00470280972745,0.00304518316964,0.0199838546123,0.00109321065978,0.00362632989182,0.961569008448
C003587,2,0.202961005253,0.00924774843438,0.0109999945948,0.0108479180802,0.0109934076491,0.649588123643,0.0123166141071,0.0930451882378
C003588,3,0.0174530209663,0.00870166426514,0.0173932438518,0.0173097672968,0.0106406337959,0.0174530209663,0.398308964922,0.512739683936
C003589,2,0.00323068892389,0.00435336351001,0.00499847335126,0.00215372125737,0.0789957976375,0.00703601047857,0.0061658872724,0.893066057569
C003590,2,0.0158409380074,0.0155455194283,0.0156458617751,0.719870947172,0.0155385883508,0.0129649015006,0.084093334192,0.120499909574
C003591,0,0.000437040460307,0.00144962663675,0.000685309919198,0.000124816519635,0.00145046906002,0.00142743514133,0.000637786367464,0.993787515895
C003593,4,0.01802079373,0.0177108505593,0.0176455630514,0.0170766665618,0.01802079373,0.01802079373,0.0187166714525,0.874787867185
C003594,1,0.0072847009942,0.0072847009942,0.00728136864054,0.00727407616705,0.00385018895173,0.0072847009942,0.868739424219,0.0910008390391
C003595,1,0.0147755009504,0.0147755009504,0.0140122227712,0.0634046753825,0.0147755009504,0.0147755009504,0.0190586755054,0.844422422539
C003596,2,0.0123731608157,0.290468899147,0.0123656501633,0.0122861081044,0.0123731608157,0.488273378922,0.0151686764377,0.156690965594
C003597,1,0.00561706640755,0.00561706640755,0.00561449690582,0.795355469753,0.105126923862,0.00561706640755,0.00702071708633,0.0700311931701
C003598,4,0.00265226363486,0.00265549711807,0.0026097713197,0.00252858846318,0.965175465317,0.00265226363486,0.00313572441105,0.0185904261017
C003599,1,0.0149415982767,0.808217846802,0.0149347633098,0.0149198057695,0.0149415982767,0.0299221736941,0.0183833173765,0.0837388964947
C003600,1,0.00802407099537,0.00802407099537,0.00788985562304,0.823589154105,0.00802407099537,0.0064507469907,0.00991728307469,0.128080747221
C003601,0,0.0213281221923,0.102679320482,0.035715477637,0.0861134567536,0.0210577420389,0.0356109658584,0.046523050908,0.65097186413
C003604,0,0.743975543916,0.014616401183,0.0878981902563,0.0146248952298,0.0399357110187,0.0145235962236,0.0175068758287,0.066918786344
C003605,3,0.0111189680525,0.00847483945192,0.0111726252524,0.439525360905,0.15294559521,0.0166942420024,0.0133677207594,0.346700648366
C003607,0,0.0269869468029,0.0404927383183,0.0403537192346,0.0405162699121,0.245517205068,0.104505190959,0.0523543862002,0.449273543505
C003609,3,0.0201606514585,0.0248941008461,0.0206096887489,0.0199951736706,0.0396096357779,0.0201606514585,0.0248441155527,0.829725982487
C003611,2,0.0287824309546,0.0203707998936,0.0375794961895,0.0512293059474,0.0668852167626,0.052336829483,0.0838927150558,0.658923205713
C003612,0,0.00408747902536,0.0044371236313,0.0032611093567,0.550408558052,0.00443970218231,0.00440895068549,0.397053632697,0.0319034443699
C003613,2,0.0257817200381,0.0250915607365,0.0257539135191,0.0219965550267,0.0257817200381,0.0257817200381,0.027890433435,0.821922377168
C003614,4,0.0176509158127,0.0227586937816,0.0152146320843,0.0493318625312,0.0119826153062,0.0169076911262,0.0255251114457,0.840628477912
C003617,3,0.477363595138,0.0417554922762,0.0157998019393,0.0157239728963,0.355816404457,0.0158541027113,0.0176266227333,0.060060007849
C003619,2,0.00213056688185,0.00213151723357,0.00214016652966,0.931731078102,0.0420613092651,0.00213056688185,0.00259576817114,0.0150790269347
C003620,1,0.00692760165127,0.00979289806809,0.00963220064595,0.00936621877377,0.0104496571375,0.69884510108,0.0136257868675,0.241360535776
C003621,0,0.00533785082975,0.00601334751068,0.00599127279321,0.852683084043,0.00601684205457,0.00597516653407,0.00709257324061,0.110889862994
C003622,4,0.0348364397923,0.0262173391607,0.0193383663737,0.0126056909991,0.022738034977,0.035083034246,0.369133764141,0.48004733031
C003623,0,0.000649411586416,0.000740619428715,0.000110224997085,0.000741049825776,0.000741049825776,0.00375103538156,0.000718374100958,0.992548234854
C003624,4,0.0320920960765,0.056671501289,0.031144258924,0.0262296310577,0.0252617378684,0.0252251800714,0.0422845707256,0.761091023987
C003626,4,0.0111548774989,0.011136938169,0.329828823787,0.0979137816332,0.0111548774989,0.373037834881,0.0117974208506,0.153975445682
C003628,2,0.0136352710116,0.0236728036078,0.180888542547,0.00930642102711,0.0246999164854,0.0389023297249,0.0260501533472,0.682844562249
C003629,0,0.0267710394846,0.0297284596453,0.0191363553156,0.0326878167808,0.0297457357809,0.0295397026143,0.0324151231178,0.799975767261
C003631,2,0.00837080465052,0.826701432345,0.00842859399782,0.0640006202672,0.00837080465052,0.00837080465052,0.0318954985784,0.0438614408599
C003632,1,0.21082084146,0.59998938579,0.00966963030779,0.0823467429675,0.0411462791988,0.00963218931921,0.0112506538885,0.0351442770684
C003634,4,0.00235525483334,0.00235812622096,0.0103745565762,0.113357701371,0.0039989984659,0.856709080118,0.00257167085571,0.00827461155926
C003635,2,0.364299779255,0.0961008583951,0.0868557968217,0.023717658653,0.0238857091435,0.0238857091435,0.0291234442547,0.352131044333
C003636,4,0.499184029147,0.00567146416294,0.00552269478203,0.00922697338108,0.00566455826797,0.00307525986224,0.0061436007461,0.46551141965
C003637,1,0.050685863954,0.168424967869,0.00909666053381,0.0092653288353,0.180368134576,0.517632276783,0.00938380447353,0.055142962975
C003638,0,0.194657061172,0.00276454767735,0.00278798796938,0.00276615424227,0.00192040171161,0.774725147764,0.00333044717749,0.0170482522858
C003639,3,0.0069700189232,0.00507283007704,0.00343153445283,0.0073128208767,0.0188239565328,0.00270659926915,0.00457011733727,0.951112122531
C003640,4,0.00334043014933,0.0232928651876,0.00330212290897,0.00312454705439,0.706392317704,0.137466129851,0.112838329974,0.0102432571706
C003642,2,0.00415872204162,0.00766081879131,0.00765275502947,0.00760352867395,0.0454034797917,0.00765740316223,0.0087335837997,0.91112970871
C003643,4,0.0148890567918,0.0945422274095,0.0437448656562,0.100263618719,0.0427501870875,0.0431593753494,0.0970525590432,0.563598109943
C003645,2,0.00534624806661,0.194266063788,0.0175957966303,0.017243883125,0.126778907392,0.0174751537801,0.480251051412,0.141042895806
C003647,0,0.000865905332184,0.0859628011171,0.133744996053,0.00556923293117,0.00747091390858,0.027365127603,0.00651745321321,0.732503569842
C003648,4,0.0282983757835,0.00487146693742,0.00480973839057,0.00455108859813,0.004663872797,0.00486553516424,0.894232081864,0.0537078404646
C003649,0,0.00141981156959,0.00156160032023,0.0209194845795,0.00156250781491,0.964891143046,0.00152817784863,0.00197090714399,0.00614636767689
C003651,4,0.0189150522307,0.0523806874481,0.29885878508,0.0268429131449,0.0286975599356,0.415012100736,0.0316189584569,0.127673942967
C003652,3,0.00200712455897,0.00200712455897,0.00200025009783,0.00198175999731,0.0020022573132,0.964255105441,0.00249285447144,0.0232535235616
C003653,2,0.0148326662446,0.0697810731396,0.0148236626438,0.428506230597,0.0148326662446,0.0148326662446,0.0185957073061,0.423795327579
C003654,4,0.0168248347587,0.0168453466037,0.149148214218,0.251544674335,0.0154434022414,0.131934419543,0.232598525017,0.185660583284
C003655,0,0.0178524211762,0.0152114975617,0.0283164427772,0.0484960681727,0.0141202706851,0.0284370530635,0.0730589572745,0.774507289289
C003658,3,0.000541232479771,0.000541232479771,0.000543844324612,8.21597872069e-05,6.38575532284e-05,0.000165273133738,0.000655875002534,0.997406525239
C003659,0,0.0717607904743,0.00258351457768,0.411367212329,0.00258501593862,0.00258501593862,0.44313120512,0.05732200471,0.00866524091185
C003660,4,0.052519388567,0.0272528480923,0.0265096068227,0.542951340772,0.0552181009374,0.0272196634859,0.0301638817172,0.238165169605
C003661,2,0.00422249938675,0.00422438285709,0.00422502939154,0.241876683821,0.00253837872616,0.00422249938675,0.711144974332,0.0275455520985
C003662,4,0.329732574844,0.0102103063039,0.0101202925258,0.00956582523637,0.0102267530194,0.0102267530194,0.0122205754759,0.607696919576
C003663,2,0.123070154998,0.293117337756,0.0217373583808,0.0214364325975,0.278895143607,0.021588319555,0.0336011034399,0.206554149667
C003664,0,0.00399335270203,0.00448466648522,0.00446926979309,0.00448727266487,0.270990544659,0.683729514955,0.00463429506399,0.0232110836772
C003665,1,0.0042339243444,0.00808368956165,0.00483428310589,0.00807189939972,0.122853444064,0.00509861032317,0.787433903952,0.059390245249
C003666,3,0.0672138602145,0.231076262601,0.00186336867682,0.00184614389369,0.00184674689806,0.00186977270378,0.685538778656,0.00874506635585
C003667,4,0.567904238969,0.379831227038,0.0046735370257,0.0044309011902,0.00472775375569,0.00472775375569,0.00545748181461,0.0282471064512
C003669,0,0.416166084508,0.00502123322158,0.00532613073775,0.0050241512169,0.0050241512169,0.486388352478,0.0615286992764,0.0155211973443
C003672,3,0.0306472653168,0.0410026080243,0.071435179784,0.0406660603247,0.0276319711078,0.0410026080243,0.0523869632666,0.695227344151
C003673,4,0.00283475231768,0.00569645616008,0.00353092675267,0.00253999963689,0.00460367125833,0.00372264648265,0.0109687843084,0.966102763083
C003676,3,0.00347867112333,0.0144545859749,0.00823613798843,0.103978996623,0.0134925726235,0.00268958249031,0.00891988756031,0.844749565616
C003677,1,0.00388718566778,0.299963288029,0.00877517691432,0.169158815499,0.00265882621987,0.0041102130345,0.494571403295,0.01687509134
C003679,3,0.0068700639966,0.00174973707565,0.0378836234822,0.00459632521745,0.00188234843354,0.00463436388327,0.880545554393,0.061837983518
C003681,2,0.0328221830107,0.131228336209,0.0164529110567,0.0104185676378,0.00907919544059,0.00953395976286,0.0186403833639,0.771824463519
C003684,4,0.00980679941256,0.00981875528334,0.29856970325,0.0676707156712,0.00980679941256,0.00980679941256,0.553471404987,0.0410490225709
C003686,0,0.0181565442267,0.0332847223916,0.0105014172531,0.00357320289041,0.0134310637706,0.00822987593084,0.0107903721395,0.902032801397
C003687,0,0.0123144056567,0.0136903651497,0.0134349483327,0.597095909742,0.0151191480524,0.240067832355,0.0147159233823,0.0935614673293
C003688,4,0.0021206918152,0.0042577090863,0.00574818297124,0.00362404081232,0.00371106543825,0.0307066263516,0.00682941494726,0.943002268578
C003689,4,0.00133555511921,0.00133718334916,0.000925892806865,0.00127327812439,0.00944969000463,0.0017332376843,0.00128324958998,0.982661913321
C003690,0,0.0408862878187,0.436802388217,0.00286767701326,0.00287991554514,0.00287991554514,0.101508136999,0.403343750629,0.00883192823293
C003692,3,0.0288293438292,0.0243420288662,0.0272610115288,0.038370840445,0.031280034188,0.0266670573504,0.0323393892471,0.790910294545
C003693,0,0.0099814129138,0.011092472529,0.0112904794254,0.011173344178,0.113003567762,0.00628540391236,0.0125715085234,0.824601810756
C003696,1,0.00282650794368,0.560755599211,0.00282415379603,0.406708897233,0.00282650794368,0.00282650794368,0.00354967359598,0.0176821523331
C003697,3,0.0120246614452,0.0120246614452,0.0119834766232,0.0119259635247,0.0200070611227,0.0845593771765,0.742201969885,0.105272828778
C003698,0,0.0114022809385,0.0124482771073,0.0124025800642,0.0124555111895,0.0124555111895,0.354064819204,0.53556142083,0.0492095994766
C003699,2,0.0161010804135,0.00950760244182,0.963434941631,0.00151440539016,0.00152513564699,0.00152513564699,0.00194432726052,0.00444737156907
C003700,1,0.00116314476742,0.00118670215058,0.00142656948327,0.0011644389165,0.00118670215058,0.980695369317,0.00157373585958,0.011603337355
C003701,4,0.0163339393233,0.287353721872,0.0337564330693,0.0323854698166,0.0215363727337,0.0882986774088,0.25483778992,0.265497595856
C003702,0,0.0162850650775,0.0251427366033,0.0286472242286,0.0127099073324,0.0125642462018,0.0322838978982,0.0333115550462,0.839055367612
C003704,1,0.0381510130754,0.0203411323195,0.0200372139484,0.0199595206488,0.0174878621887,0.0719230815526,0.679328695673,0.132771480594
C003707,1,0.00510075941067,0.0408854876583,0.0214330446378,0.10760200815,0.0944733247545,0.0546631221795,0.0236379658767,0.652204287332
C003708,0,0.000297165894674,0.001174486745,0.00139267281219,0.00181112625679,0.000691864649226,0.00138605115308,0.000836075754871,0.992410556734
C003710,2,0.942514337094,0.00236145443959,0.00244315888246,0.00101871468231,0.0026750907571,0.00242640774256,0.00284963564427,0.0437112007576
C003711,4,0.0126492563439,0.0296221920911,0.434918384466,0.0176850906091,0.343490097672,0.0263568447818,0.0306906879751,0.104587446061
C003712,3,0.0198043602298,0.0316558885579,0.0821199648071,0.0254701802745,0.0403079746345,0.023463875511,0.0685533194274,0.708624436558
C003714,4,0.00596426656831,0.0137817406279,0.0422637926631,0.0128753665867,0.239634063251,0.0137649592024,0.0146914942003,0.6570243169
C003715,0,0.035523663807,0.00725613346341,0.550944037402,0.01327336334,0.01327336334,0.0677632848138,0.0145018292306,0.297464324604
C003716,4,0.000904859593358,0.00128602102675,0.00133121981116,0.00195191035528,0.000663837332214,0.00128445509494,0.000432008629084,0.992145688157
C003717,2,0.077355615933,0.023154852252,0.0627233971173,0.510858389104,0.0129678686082,0.0115519083778,0.0310838322688,0.270304136339
C003718,3,0.0158594203019,0.020857122026,0.0209577729821,0.0206859276367,0.585226144888,0.020857122026,0.028927809024,0.286628681115
C003719,3,0.466729709821,0.0172890735235,0.279062748706,0.0171471655278,0.0151778805925,0.0172890735235,0.0192294450916,0.168074903214
C003722,4,0.121092752689,0.0271969980845,0.0267286848477,0.0263552448581,0.0153033354762,0.0164317532338,0.0304886519828,0.736402578828
C003723,4,0.850626918451,0.00858203531106,0.0110746451757,0.010558420645,0.0086879350758,0.0531304000487,0.0125461368551,0.044793508438
C003726,4,0.00866833498945,0.0569588651814,0.00703591013617,0.00451403163227,0.00685576202151,0.010976583956,0.00752098503768,0.897469527046
C003727,3,0.044950883543,0.00403151022694,0.0129663298156,0.548370216996,0.00404323760378,0.366884890041,0.00464203281477,0.0141108989592
C003728,0,0.120176344965,0.0125809133933,0.0125347294486,0.0125882245546,0.576556723467,0.195802199019,0.0149488410382,0.0548120241149
C003730,3,0.00599982292333,0.00442754396502,0.00597927335188,0.00469387936953,0.731979407147,0.179284967545,0.00808313563713,0.0595519700614
C003731,0,0.00195767521323,0.785897324525,0.00212716982188,0.00213624805334,0.182594272839,0.00208931240096,0.00247092689789,0.0207270702484
C003733,2,0.000178850818064,0.000910558478975,0.000169682567111,0.00202547867302,0.00241058985647,0.000611804324991,0.00109952247319,0.992593512808
C003734,0,0.160733939914,0.0028867680842,0.0824333440472,0.00288844567522,0.665105044595,0.00286843892153,0.0724029556407,0.0106810631231
C003736,1,0.34442868491,0.00214565574498,0.00212844824499,0.615090859809,0.0265193397901,0.00214565574498,0.00324834384489,0.00429301191092
C003737,2,0.0234804805579,0.0234909541624,0.0352103075224,0.194411283801,0.0234804805579,0.0915589808138,0.31449553811,0.293871974475
C003738,4,0.0146906787308,0.0143769540802,0.014322764624,0.21804140057,0.249655210497,0.0146906787308,0.411778744773,0.0624435679952
C003739,3,0.00262291170713,0.00399574705747,0.0115111547944,0.00208691173999,0.00400737040179,0.0134558243577,0.00474037820816,0.957579701733
C003740,1,0.126887586422,0.0315708422986,0.0150790592584,0.0150744758905,0.0150964943155,0.0167559700765,0.639216690008,0.14031888173
C003741,1,0.303585199181,0.00494837884879,0.432215378228,0.0115753711708,0.0115922786536,0.0604094362225,0.0151715160722,0.160502441623
C003742,1,0.00222593828462,0.0458211128436,0.0315722830358,0.00308369648843,0.0199206663742,0.00572035964845,0.0139036961814,0.877752247144
C003743,3,0.00367330399438,0.496021602445,0.00425813474704,0.455171871066,0.00426240770946,0.00427276910795,0.00620295478243,0.0261369561483
C003744,4,0.0431952452658,0.0299530934323,0.190685663252,0.0279831894068,0.018157608465,0.0228745568287,0.0699797489166,0.597170894433
C003745,1,0.00018785313828,0.00029924317785,0.00122062081442,0.00279353638598,0.000511692144961,0.000268595283267,0.0015970875973,0.993121371458
C003746,0,0.0454376728013,0.006819060416,0.70922954268,0.0068230231848,0.0068230231848,0.0322671895838,0.15966555621,0.0329349319397
C003748,4,0.0125125046976,0.0160397647264,0.345974705854,0.281875370079,0.0099404506857,0.0160202338033,0.144974264313,0.172662705842
C003750,4,0.560535116047,0.00659325551402,0.00638390215026,0.00628089809261,0.00658522719386,0.00658522719386,0.00741811460453,0.399618259203
C003751,1,0.211867546401,0.0196242087644,0.540721346002,0.00368033350869,0.00368570916142,0.20685451365,0.00448773445944,0.00907860805318
C003753,4,0.00571983038839,0.516818575057,0.29649889603,0.0136027540957,0.01462125429,0.01462125429,0.0163757137701,0.121741722079
C003754,1,0.00407399887786,0.00407399887786,0.00399550174549,0.00406805689974,0.0750894891965,0.872328515002,0.0053021452991,0.0310682941011
C003756,3,0.374456352803,0.015552269776,0.0154990027908,0.0154246173932,0.0112695021811,0.015552269776,0.0735184673944,0.478727517885
C003757,0,0.202461105277,0.0379436433073,0.0554287426387,0.126185862912,0.0736088955407,0.0501334536531,0.0390096193753,0.415228677296
C003758,1,0.0277892797336,0.00896472549799,0.00919126852818,0.00895165033417,0.227104963385,0.215888623595,0.34130381863,0.160805670296
C003760,0,0.00375357276414,0.00611994565303,0.593289733838,0.258933540346,0.00664677584377,0.0774841226026,0.00505533547448,0.0487169734776
C003764,4,0.134015441416,0.0670405914482,0.0212395379448,0.0208721108866,0.0222704584006,0.0222704584006,0.0246763918989,0.687615009605
C003765,4,0.00461978252488,0.00229698339375,0.0454237808396,0.348846583011,0.0956486390608,0.00351639731748,0.462571299851,0.0370765340021
C003766,0,0.01774140683,0.0213116857493,0.0212385187779,0.323961578636,0.021324070635,0.0211763699417,0.0230176751726,0.550228694257
C003770,3,0.672383982488,0.00544249464182,0.276576344705,0.00537371640365,0.00537547161596,0.00544249464182,0.00557252778957,0.0238329677149
C003772,0,0.00130433773083,0.00223815034122,0.00218151768125,0.00253530320435,0.00253530320435,0.00378966322147,0.00273988407093,0.982675840546
C003773,1,0.0185082626064,0.0185082626064,0.221044973464,0.0188510993674,0.0185082626064,0.53176867738,0.109146680516,0.063663781454
C003774,1,0.0302402334795,0.0309862493177,0.0316373528839,0.130820899781,0.0321876299998,0.0321876299998,0.392848884045,0.319091120494
C003775,3,0.0152909237259,0.00246463712057,0.0017531957591,0.00244440748169,0.00345173008311,0.00492915572618,0.00321891163577,0.966447038468
C003776,2,0.00235199018216,0.00235303930102,0.365459167319,0.00233544250081,0.00129634722601,0.607989410633,0.00305513105612,0.015159471782
C003778,0,0.0633016643092,0.00601183341561,0.0307853412049,0.00843303757112,0.0345124504223,0.00837462632699,0.00904234872908,0.839538698021
C003779,0,0.018922934081,0.0520988408791,0.0120317660172,0.0120802317288,0.338467626865,0.0119965582768,0.274270385368,0.280131656784
C003781,2,0.471169687614,0.0184428536971,0.0185395219385,0.0183049319838,0.0184346308231,0.0184346308231,0.0206167534515,0.416056989668
C003783,2,0.0167020496997,0.0246240045942,0.0119062944361,0.0118436532911,0.0114901885851,0.0119275710072,0.0149192813371,0.89658695705
C003784,2,0.0116276896959,0.715579456679,0.0117079635317,0.02248462879,0.0116276896959,0.16402523504,0.0148401852975,0.0481071512699
C003785,3,0.0101081974029,0.00294605586419,0.420379870845,0.00417020286095,0.0042169462037,0.532043743188,0.00661576424402,0.0195192193907
C003786,3,0.00450485076341,0.00450485076341,0.321385627313,0.00408132459836,0.605981141558,0.00912451742914,0.00502406037687,0.0453936271983
C003788,2,0.00400626894276,0.00400805596225,0.0698358221362,0.00397808240424,0.226321052243,0.500953160939,0.176931683215,0.0139658741574
C003789,0,0.00511519863759,0.0107178587388,0.0108439479676,0.010724087221,0.010724087221,0.0102279454562,0.106203678426,0.835443196332
C003790,0,0.00648418058698,0.00724230593864,0.00721744175861,0.82610857926,0.00724651466863,0.0909922821073,0.0155122492265,0.0391964464531
C003791,0,0.0231972885881,0.159220936373,0.0258591814685,0.02596954202,0.0323084822055,0.0257896645741,0.0306890486178,0.676965856153
C003792,3,0.00922479394716,0.00818517256143,0.453435863543,0.00914907722248,0.114618407016,0.00922479394716,0.357626832317,0.0385350594452
C003793,4,0.00457822569498,0.00437627037124,0.498122720035,0.0042823471739,0.00493597271573,0.00414544268458,0.452288289326,0.0272707319989
C003795,4,0.00911845584282,0.00912957252576,0.00577605888228,0.00462790143216,0.0039850832369,0.628984747896,0.00998848099662,0.328389699188
C003797,3,0.0310290575378,0.0177339303491,0.208116772645,0.00816778329057,0.177331316073,0.0118150244203,0.0121602609199,0.533645854764
C003798,2,0.00252021746835,0.00139670157896,0.0256929178788,0.00250248620573,0.00179758796312,0.0010988713518,0.0029644726997,0.962026744854
C003799,2,0.0110413737751,0.924944603476,0.00270325818866,0.00152945002326,0.00268472371822,0.00268472371822,0.0357370672257,0.0186747998745
C003801,3,0.0105691674804,0.0105691674804,0.0105329677683,0.773775632071,0.00789109275056,0.0105691674804,0.0200593313109,0.156033473658
C003802,1,0.0066214201571,0.0066214201571,0.498521929455,0.00649719839948,0.0066214201571,0.0066214201571,0.413190638284,0.0553045532325
C003803,4,0.0586946082707,0.00736911760577,0.00287621078873,0.00155510627406,0.0635914228459,0.0575744057708,0.0228555411735,0.785483587271
C003804,3,0.00927311930049,0.00975615540489,0.83820160533,0.00626336378095,0.0376227034021,0.00975615540489,0.0124335970627,0.0766933003143
C003805,0,0.0747174568618,0.0134901501833,0.0134406284729,0.0134979897305,0.340065188101,0.479080326334,0.0160201226087,0.0496881377078
C003806,3,0.00280215750864,0.00776583246345,0.00362683970612,0.000664964525955,0.00364989090978,0.00478337486669,0.00631475249507,0.970392187524
C003807,0,0.00468553717299,0.00522877618505,0.0331943846806,0.330337272599,0.175700035738,0.00519557674316,0.416081836923,0.0295765799583
C003808,0,0.0314512243186,0.0348707320383,0.0346562425072,0.0348909965088,0.0348909965088,0.0346493248101,0.037518543844,0.757071939464
C003809,2,0.0364374154434,0.0364536685639,0.0366015906956,0.0361810560655,0.0364374154434,0.0883995209511,0.399381067848,0.330108264989
C003811,0,0.00156756604654,0.787013743486,0.00174813498982,0.00175559559494,0.00175559559494,0.150902805678,0.0474116793742,0.00784487923582
C003812,3,0.00452322921704,0.00690509291832,0.00688929909835,0.00684841620312,0.0352691727842,0.00690509291832,0.849835796554,0.0828239003071
C003813,4,0.00229526817582,0.00342210384655,0.00245374544524,0.00116466434532,0.00206494718235,0.908126668732,0.00365517173946,0.0768174305336
C003814,2,0.0139299216268,0.060879750724,0.00928670382578,0.0138319161563,0.793360647695,0.0139299216268,0.0164969723484,0.0782841659971
C003816,3,0.00478284859459,0.00478284859459,0.0672305672892,0.00472240647725,0.00474920733845,0.878030483005,0.0057510969137,0.0299505417877
C003817,4,0.937403977489,0.00339635543968,0.00328851213916,0.00317922458058,0.00339221984554,0.0194208542354,0.00378923116343,0.0261296251077
C003818,2,0.0199776664784,0.0819504298144,0.011070776358,0.00796496622385,0.0110211187485,0.00857558830132,0.789405813306,0.0700336407693
C003821,3,0.00635947346976,0.00635947346976,0.657974113611,0.11738305274,0.0069916405744,0.154647673106,0.00726384923817,0.0430207237908
C003822,2,0.0063721844585,0.00620160536724,0.0063760024951,0.577586009179,0.0063721844585,0.349513332547,0.00787686975266,0.0397018117414
C003823,2,0.0203749836001,0.0198295589957,0.397911982844,0.0202316331989,0.0203749836001,0.0203749836001,0.0238357124427,0.477066161719
C003824,0,0.00829595414961,0.0124045970346,0.0126409775553,0.012411805733,0.825042409692,0.0123258356411,0.0134311785086,0.103447241686
C003826,3,0.0231543125764,0.0320976708676,0.0328125808587,0.0351175636661,0.0317023956922,0.0320976708676,0.0535319319655,0.759485873506
C003828,1,0.00658709394302,0.856173275488,0.00678141006801,0.00677680243892,0.00984289564062,0.0117650253735,0.00788982614844,0.0941836708994
C003831,4,0.00280339871836,0.00280681645655,0.00217157784196,0.0035357168064,0.00280339871836,0.0381271832119,0.000858950683295,0.946892957563
C003834,2,0.00487085148424,0.00798332868023,0.205475124791,0.0319559480467,0.683611065701,0.0107363735953,0.00756038941707,0.0478069182844
C003838,2,0.00186811685519,0.0292152171437,0.00131823457278,0.0070583002527,0.933165475002,0.00186811685519,0.00236239469191,0.0231441446261
C003839,2,0.00404069389838,0.857334009042,0.00991439990667,0.00464625530295,0.00986992918631,0.00986992918631,0.0217748201811,0.0825499632958
C003842,4,0.00250744744833,0.0093261213553,0.0192976887006,0.0105509519715,0.0316771370292,0.0101216564031,0.0118768709978,0.904642126094
C003843,3,0.511010993074,0.0113980245329,0.0113589859609,0.0113044700221,0.27535620667,0.0113980245329,0.040731234726,0.127442060482
C003845,3,0.0184722902757,0.026643054806,0.0265821149148,0.0197231615455,0.0144843224083,0.026643054806,0.19753821606,0.669913785184
C003846,0,0.00444490897659,0.00730540553565,0.00728032472299,0.12242689434,0.0934911916087,0.00725902080279,0.701978047481,0.0558142065332
C003847,1,0.185260419775,0.00601580210538,0.00603289260578,0.00600702798307,0.679838656463,0.00601580210538,0.00424499668655,0.106584402275
C003848,3,0.0253339820853,0.500400832436,0.132339072117,0.051254605291,0.0273924745335,0.0363431219235,0.044351847191,0.182584064423
C003850,2,0.00108874277545,0.187942288027,0.801734808854,0.00107433407507,0.00108874277545,0.00108874277545,0.00120946359062,0.00477287712659
C003852,2,0.0123723951386,0.00938553375455,0.0124427927689,0.0122853478142,0.0123723951386,0.841977445221,0.0138206919225,0.0853433982416
C003854,4,0.0119594605645,0.0119402273,0.01182231238,0.0114017903845,0.0119594605645,0.0119594605645,0.79624766984,0.132709618402
C003856,1,0.00269949483051,0.895929651718,0.00269825995875,0.00269555758367,0.00269949483051,0.00269949483051,0.00317517350083,0.0874028727468
C003858,3,0.00860653022123,0.00860653022123,0.00857705259998,0.136227752601,0.302330463634,0.467275853421,0.0103823708491,0.0579934464525
C003859,1,0.116199318755,0.0832949923264,0.0270283955951,0.0211901752509,0.525177645443,0.0676116757466,0.025281308355,0.134216488528
C003860,4,0.0107220353925,0.00574912448967,0.0061978827057,0.00537102586352,0.00711352986419,0.0393400597737,0.00872896937402,0.916777372537
C003862,1,0.00801239514298,0.0135450805269,0.0105319034713,0.00800070896484,0.00514561341498,0.128438494216,0.755614316727,0.0707114875354
C003867,1,0.0116128822258,0.0209961969528,0.513144946067,0.0138246897257,0.0231052833813,0.0797260047017,0.241354238315,0.0962357586306
C003869,4,0.0080240037026,0.00795175482599,0.0123277785222,0.0118271056192,0.0126579766024,0.824401287696,0.0278130424259,0.0949970506058
C003870,3,0.000709189957559,0.0185897504238,0.00193412630895,0.000718334917727,0.000824491671145,0.000902102900891,0.00217973592923,0.974142267891
C003871,4,0.00904723516015,0.00889922404066,0.791295835529,0.0170783257432,0.00798348218368,0.0154977960721,0.0161162633602,0.134081837912
C003872,2,0.00317186906661,0.00312079108453,0.00245254849588,0.00312989174003,0.0129294903687,0.0511263718077,0.0039578515337,0.920111185903
C003873,2,0.0020761874453,0.00207711354075,0.00209052077673,0.961020030721,0.0020761874453,0.0020761874453,0.00254060289408,0.0260431697316
C003877,1,0.0152817861317,0.0152817861317,0.0150253725422,0.0152594974562,0.0152817861317,0.783856734013,0.0190949779274,0.120918059667
C003880,0,0.00751900599867,0.00568668961404,0.00242419464504,0.0048786629892,0.00968624364456,0.00436276289554,0.00602559739012,0.959416842823
C003881,1,0.00666426412611,0.32225399909,0.00428700379883,0.00428570073905,0.00429196061708,0.00429196061708,0.638871088611,0.0150540224004
C003884,1,0.00254237505747,0.00309426009177,0.00212992242616,0.00303620994271,0.936323058224,0.00282801063367,0.00359282724844,0.0464533363757
C003886,3,0.0121117059079,0.114305537337,0.012070222956,0.719292330196,0.042015490867,0.0121117059079,0.0220664367606,0.0660265700682
C003887,3,0.00594135882729,0.912438933562,0.00597003025404,0.00589259240138,0.00483574748666,0.00594135882729,0.01933242039,0.0396475582511
C003888,4,0.711619836184,0.0142287909112,0.0137917307958,0.0135487838786,0.0142390026788,0.0151438386693,0.131980561716,0.085447455166
C003889,4,0.822933859965,0.00591230118177,0.109980468335,0.00562974685881,0.00999056296651,0.00590510203005,0.00664979559097,0.0329981630715
C003891,3,0.0122983154756,0.0122983154756,0.0124763074533,0.0121428984239,0.0154723846118,0.0122983154756,0.0129003279252,0.910113135159
C003892,4,0.132868767982,0.547734983873,0.0394685698208,0.0233450032904,0.0263911445974,0.0263911445974,0.0281969545231,0.175603431317
C003894,4,0.032764588517,0.56061721036,0.0194570553334,0.0291109505099,0.0199568558483,0.158077153175,0.0206638726178,0.159352313639
C003896,0,0.00633114743877,0.00977344977714,0.00986045658272,0.0653052938053,0.0233944998026,0.79721078891,0.0137146983148,0.0744096653691
C003898,3,0.0706906803966,0.00645617948155,0.138509605685,0.0564948949515,0.57509565244,0.0437194072329,0.0338656962259,0.0751678835866
C003901,0,0.311075066274,0.481744565418,0.0168738307985,0.0169458441093,0.0422841510427,0.0168284691031,0.020063543681,0.0941845295732
C003902,1,0.578561517508,0.00527787034423,0.00953922784267,0.00517885437559,0.00384995277829,0.353406590401,0.00874560285323,0.0354403838977
C003907,1,0.0770674623186,0.0289759431635,0.0295291758805,0.577021441983,0.0297775024503,0.0277889604049,0.0403172431775,0.189522270622
C003908,0,0.227330328031,0.0561148480603,0.0571841659084,0.0561474581496,0.0561474581496,0.0765788661516,0.0600928936047,0.410403981945
C003909,4,0.0112533476568,0.110835421303,0.790560901036,0.0100643484257,0.0107713832102,0.0113820565339,0.012269247499,0.0428632943364
C003910,1,0.00624350389862,0.00624350389862,0.006238636512,0.727203292032,0.00748307062831,0.139741259881,0.0077566602552,0.0990900728943
C003912,0,0.38375585711,0.0599056752621,0.00414390005368,0.0102521157655,0.222952023892,0.0482395855194,0.0181703332544,0.252580509144
C003915,3,0.00337058012813,0.00337058012813,0.00344565290893,0.00334291454676,0.0023915402616,0.946267329686,0.00466799621828,0.0331434061217
C003918,1,0.00331938215369,0.00213265583204,0.00214587921307,0.000629710557008,0.0193091925898,0.00127417637175,0.00272506814691,0.968463935136
C003919,1,0.00379462722192,0.003828847865,0.00379146674514,0.00372343777135,0.00379462722192,0.931271143402,0.00472723053656,0.0450686192364
C003920,2,0.139139706994,0.0253216649452,0.0261661939723,0.0258350998763,0.0215681483568,0.0260181534091,0.0277981942718,0.708152838175
C003921,3,0.0509869524308,0.236209595566,0.0109685034218,0.0191941634599,0.0655394395154,0.0350848224722,0.0231188402667,0.558897682868
C003922,4,0.00147877317384,0.00662398219845,0.0512900246751,0.0107194927376,0.00438693290052,0.00840955035281,0.00984297658856,0.907248267373
C003923,2,0.0467196516448,0.00850140044681,0.00956115268892,0.17953565903,0.00538077643208,0.0264033078019,0.0112100945908,0.712687957364
C003924,1,0.00287947515046,0.00420785094325,0.00539863349347,0.0021881106012,0.00150595140694,0.00137915568341,0.0953372456121,0.887103577109
C003925,4,0.00304985400233,0.00305357220425,0.202068213588,0.00284048012444,0.111083897599,0.665354074591,0.00316129527046,0.00938861262068
C003926,0,0.0205065285449,0.0321537364209,0.229824355899,0.0321724219605,0.0321724219605,0.031949580407,0.487711346353,0.133509608455
C003928,0,0.00956023947584,0.00060393580148,0.81182507028,0.00060428676742,0.0236443076717,0.15136638975,0.000708392362183,0.00168737789182
C003929,2,0.000724149308238,0.000724472319237,0.000727412091666,0.00669272164163,0.000724149308238,0.000724149308238,0.983227592208,0.0064553538144
C003930,4,0.0196225128451,0.0196464354541,0.0193974866412,0.517300088665,0.0120636394727,0.0480821988963,0.0525878537184,0.311299784308
C003931,0,0.0106900260614,0.0120663632916,0.0120249372276,0.0120733754319,0.753965123819,0.00957251450574,0.0436295745714,0.145978085091
C003933,3,0.0165739260612,0.0165739260612,0.0149077728639,0.0164378879661,0.00923640345597,0.788842786422,0.0221471648657,0.115280132304
C003934,0,0.00233741594297,0.0113835012664,0.00356361919723,0.00354789140426,0.00199235868513,0.00302012716198,0.00441728508752,0.969737801255
C003935,4,0.209889316582,0.0102632708972,0.0130752989537,0.0125235035429,0.464388042805,0.0730373449001,0.0144814054073,0.202341816911
C003936,1,0.0148939859245,0.106292293933,0.329251304428,0.423285203354,0.00640153408952,0.00787683905578,0.0196862690196,0.0923125701948
C003937,0,0.000416114548722,0.000639048587836,0.00061537028505,0.000544256272961,0.000630694678187,0.0201743689191,0.971266616218,0.0057135304903
C003938,4,0.00815079562534,0.0102577326206,0.120133812374,0.0075763523848,0.0116903875129,0.569768511778,0.229640959796,0.0427814479076
C003939,4,0.00664278866062,0.00652853803378,0.0074765030807,0.00645071297918,0.00664278866062,0.00664278866062,0.847825026671,0.111790853253
C003940,2,0.0548809791944,0.0370362309737,0.0531866315742,0.0216366149906,0.012913253613,0.021139333002,0.0435901829784,0.755616773674
C003941,1,0.00131785355642,0.981850413549,0.00129581035592,0.00131593145059,0.00125424369009,0.00131785355642,0.00169790897185,0.0099499848696
C003942,1,0.00667139827539,0.00802275801389,0.00788856460326,0.00787224632941,0.8373514847,0.00802275801389,0.0682256071812,0.0559451828831
C003944,4,0.00355413744118,0.0027711578402,0.0441676592821,0.00333097547631,0.00355413744118,0.89815260877,0.0343783052783,0.010091018471
C003945,2,0.00504649786931,0.819680275766,0.00626869333917,0.00726173353228,0.0563185307218,0.0529489229353,0.0114640625344,0.041011283302
C003946,2,0.662030152153,0.00157791602103,0.27511113783,0.00156611584712,0.00157721249625,0.00157721249625,0.0514509260391,0.00510932711726
C003947,0,0.00412434358705,0.108777434946,0.00457386576336,0.591883276939,0.0201554554886,0.252639559571,0.00539208920866,0.012453974497
C003948,2,0.00863821622193,0.0224470978484,0.0325848062709,0.0233371676439,0.444639693064,0.013630252805,0.0382419818921,0.416480784254
C003949,0,0.0354065677488,0.0392195697799,0.0324741930772,0.0955523176931,0.0392423614958,0.30212970803,0.0466437616155,0.40933152056
C003955,1,0.00575104729881,0.00466980692981,0.452953627454,0.00425141223201,0.00424467454699,0.147059021058,0.00686425634695,0.374206154134
C003957,1,0.0183086685185,0.00474083148477,0.00674936344556,0.00592849808089,0.00570977896862,0.0034710047115,0.0130604957125,0.942031359078
C003959,1,0.00319188367082,0.475648922414,0.493376722547,0.0041390260569,0.00258443130484,0.00421816125642,0.00526592647251,0.0115749262774
C003961,1,0.546534674698,0.0401588363373,0.0967451495084,0.0218985097847,0.158288621176,0.0223171935323,0.0284220884054,0.0856349265581
C003963,2,0.0021666599875,0.00340592917149,0.00253045193251,0.00347498952014,0.00660896769192,0.932845668538,0.0039849042426,0.0449824289156
C003964,4,0.0225939713855,0.0225576356474,0.015958277391,0.0210016171251,0.178440449922,0.420633100934,0.0889392648484,0.229875682746
C003965,0,0.00610396464044,0.308691675108,0.550432978207,0.00736185089775,0.083011962378,0.0073108592039,0.0095042618595,0.0275824477052
C003966,1,0.632328075289,0.00681292659945,0.00675828902086,0.00680298986114,0.00681292659945,0.0118377407346,0.00896936411387,0.319677687781
C003967,1,0.020018459863,0.135965677783,0.491349058767,0.00885603398872,0.00692164170512,0.171668570197,0.011007001516,0.15421355618
C003970,0,0.0059960561573,0.00654610853736,0.006419384774,0.00654991268531,0.423796996233,0.49467154275,0.0146729553064,0.0413470435566
C003974,1,0.0105854910954,0.0104989782379,0.0160701995726,0.0157042154085,0.0636174665493,0.649401709309,0.101806464079,0.132315475748
C003975,2,0.00945691863825,0.00818242042046,0.0720182277623,0.0107151148832,0.00530353694852,0.778945498121,0.012887024065,0.102491259162
C003976,0,0.00289993279139,0.000586654461136,0.00106095613148,0.0010652298178,0.000536715417745,0.00336790124974,0.0011821544317,0.989300455699
C003978,4,0.00368383456431,0.00367791020309,0.00362068528804,0.00487601921034,0.933855813875,0.00329663864346,0.00442467913417,0.0425644190815
C003980,4,0.0147960382156,0.0612229657033,0.0144254854805,0.0138398097121,0.13618751767,0.0147960382156,0.651741086247,0.0929910587563
C003981,0,0.651821572534,0.0101024425486,0.0100677589889,0.0101083133932,0.0102515703321,0.225383080729,0.0124582824985,0.0698069789751
C003982,3,0.0116834668935,0.0126657656017,0.0171098487509,0.494671764555,0.225714788285,0.183924718077,0.0144566259368,0.0397730219001
C003984,4,0.0622020253777,0.0245503079452,0.00561784510324,0.010066490713,0.00976833473949,0.00681752242466,0.0112653245015,0.869712149195
C003985,0,0.00566297998864,0.0515345854122,0.0077814814799,0.226835485916,0.00781282642434,0.0077587110587,0.628079741684,0.0645341880364
C003986,3,0.0063397020004,0.914390110016,0.00631798833303,0.00625958551655,0.00626163007952,0.0063397020004,0.00715484857585,0.0469364334783
C003987,1,0.00280243185111,0.00194051977858,0.000883628767597,0.00150160253849,0.00183671850298,0.000992331869828,0.00237517162344,0.987667595068
C003988,1,0.0180140213376,0.0180140213376,0.346112661695,0.33399775257,0.0180140213376,0.0948133824244,0.0286306801736,0.142403459124
C003990,1,0.0318883097275,0.0208889544609,0.0318634498516,0.0318418002305,0.632207412626,0.0318883097275,0.0416535032184,0.177768260157
C003991,1,0.0156710762894,0.0467203860592,0.0224395320267,0.0227879687761,0.0228212538591,0.0228212538591,0.0306070380011,0.816131491129
C003992,3,0.0143456977787,0.0143456977787,0.0132746265106,0.0142279488886,0.0142447940424,0.0143456977787,0.749171197036,0.166044340186
C003993,2,0.00289853504468,0.0138162161476,0.139479796716,0.0100190493072,0.0100900388672,0.766547906075,0.0113370000079,0.045811457834
C003994,1,0.00801157539366,0.00642132371028,0.00800532963239,0.0463343977432,0.00801157539366,0.0558522784372,0.0108398475446,0.856523672145
C003995,2,0.0121380899868,0.644600695899,0.0293072055707,0.0289710254435,0.0293595776035,0.0401216723038,0.0135526034416,0.201949129751
C003997,2,0.0397814944767,0.223389695119,0.013636994158,0.0134482075043,0.495861576845,0.0990333125969,0.0179384289849,0.0969102903157
C003998,0,0.0109250339002,0.0135654760961,0.0196617120391,0.660916701346,0.0239799101163,0.0133424973588,0.0146483626158,0.242960306528
C003999,2,0.693297745839,0.0171231699457,0.0177156179884,0.0174703680308,0.0175941536017,0.0175941536017,0.0211250697135,0.198079721279
