client_id,fold,cloud,gym,insurance,mobile,music,software,streaming,none
C000000,3,0.00324228916506,0.104866317036,0.00741957158004,0.0832847120906,0.00415423479532,0.00984563159963,0.00500930314102,0.782177940592
C000001,2,0.0691319946109,0.00596454067862,0.0116885601089,0.569735339321,0.00736584635317,0.00737133738202,0.294246155294,0.0344962262515
C000002,0,0.0017440325479,0.00539203099033,0.0053379955446,0.038773431987,0.00536870309395,0.875244230824,0.00596717812422,0.0621723968876
C000003,4,0.000435818552071,0.00123487950152,0.0012765124545,0.00099465837004,0.00123222809478,0.000994580466238,0.00158634757267,0.992244974988
C000005,4,0.0104587828608,0.0581606224884,0.0113351480216,0.769279311476,0.0113206168186,0.0113397746615,0.0141714135415,0.113934330132
C000006,1,0.640328179758,0.0161949221599,0.0437231706292,0.0158871525214,0.0100913978271,0.0162153412866,0.0269080614775,0.23065177434
C000007,4,0.80595727596,0.00860289004746,0.00854356662092,0.00840514553766,0.0085844188034,0.0108348396092,0.010666446616,0.138405416806
C000009,2,0.0572399488538,0.00359158873882,0.00351483337269,0.0031292436099,0.00300781794549,0.359238597794,0.560492357961,0.0097856117236
C000012,4,0.00134772073401,0.00150158615711,0.00148137646442,0.0015239002732,0.00143124849371,0.973901129989,0.00211574248591,0.0166972954025
C000014,1,0.5280561609,0.0097253116432,0.00968921591705,0.00954049101735,0.0454729087247,0.350667909079,0.0139543212666,0.0328936814518
C000015,1,0.00991654073877,0.0100106517121,0.268844546883,0.00982040846002,0.0100232734934,0.0100232734934,0.0119624354447,0.669398869774
C000016,1,0.0124613170487,0.0556297580362,0.798814476355,0.0124884442332,0.0125954394943,0.0125954394943,0.0159946031754,0.0794205221631
C000017,3,0.0641013769684,0.011775611186,0.0120517685349,0.593550537766,0.0139948761707,0.0139243900729,0.144610214255,0.145991225047
C000021,2,0.031627183137,0.0324919322841,0.025758224573,0.325426572756,0.0330950017774,0.0226457396559,0.0888440486839,0.440111297133
C000022,1,0.0070344930063,0.00706532739933,0.00702693277205,0.00693105733379,0.00431106066983,0.82792733172,0.101208455982,0.0384953411168
C000024,1,0.00140153350711,0.964031868125,0.00140245224254,0.00138092526132,0.0101335991878,0.0122826258287,0.00212854916844,0.00723844667892
C000025,2,0.926339394097,0.00321082795897,0.00302978630636,0.0017272538942,0.00320843616112,0.00189959384592,0.00110592565489,0.0594787820815
C000026,4,0.00301006546215,0.529860246227,0.0210422041683,0.335354602231,0.0021225921163,0.0852550740456,0.00426546299428,0.0190897527553
C000027,1,0.0020744948955,0.0153601256975,0.00209165737391,0.132399588008,0.796909777323,0.0397522388975,0.00260887515922,0.00880324264531
C000028,3,0.528520488575,0.10977451564,0.00648427305269,0.00593303972977,0.0203671708824,0.272921734395,0.00596410521324,0.0500346725119
C000029,4,0.0643670402582,0.00669769258709,0.00902282918894,0.00743321465056,0.409799685027,0.0512061290138,0.0267975428166,0.424675866458
C000030,0,0.00777218564032,0.00135895064326,0.00762373251156,0.00134486847509,0.000578852863594,0.00134486847509,0.00131926401568,0.978657277375
C000033,0,0.0415329024799,0.00615221450155,0.00605363760986,0.00437879529134,0.00608846198806,0.00430464887912,0.0777488331998,0.85374050605
C000035,2,0.010013729107,0.0361453308809,0.015807181721,0.720197624307,0.0137778044898,0.00754139698452,0.0167634561278,0.179753476382
C000036,1,0.0117363074371,0.0117877513601,0.00649829331897,0.00681481724364,0.0114290576162,0.00727970298207,0.0140002387722,0.93045383127
C000038,3,0.0142566350089,0.0141443815823,0.0139989006831,0.0129676947974,0.345534288128,0.428207882438,0.0176087028707,0.153281514491
C000039,4,0.027372869683,0.0314432375263,0.0301541968581,0.0308749279009,0.0670269468201,0.0311668795356,0.0445081449882,0.737452796688
C000040,4,0.734514099025,0.22955504901,0.00620592620555,0.00389481911658,0.00395799391484,0.00224903884292,0.00538218200805,0.0142408918779
C000041,2,0.00135336489637,0.00140470121395,0.939713043424,0.00122387406165,0.04902408919,0.00140470121395,0.0015812826192,0.00429494338048
C000042,0,0.110150579255,0.0142487603477,0.0141888724656,0.0193472570144,0.00642480741794,0.0065556580596,0.740426017647,0.0886580477922
C000043,1,0.00415024030951,0.00418962734632,0.00335381491466,0.00411000732214,0.0238744554848,0.0216939729939,0.00685131539786,0.931776566231
C000044,4,0.023135450557,0.0266763681324,0.0260312833506,0.0260631898504,0.0995369410523,0.026439713786,0.0357998597606,0.736317193511
C000047,2,0.00872148066937,0.692201331426,0.00844007932744,0.00779774469041,0.224011398621,0.00894440727505,0.00943002331872,0.0404535346725
C000048,1,0.00709139544306,0.0226907295429,0.309548333024,0.0130178983787,0.233324758912,0.01312942976,0.274958955985,0.126238498954
C000053,3,0.0157321802387,0.758819664982,0.0137929240233,0.0126228626022,0.0139497924345,0.0138795334039,0.0154907137965,0.155712328519
C000055,3,0.0280979333183,0.0279759750944,0.0272194082326,0.0251250873832,0.0280979333183,0.210910228315,0.0328738323938,0.619699601944
C000057,4,0.00337771632299,0.00710441800451,0.006793961713,0.00982279809797,0.015978620289,0.00545616287952,0.0105908262417,0.940875496451
C000058,3,0.0230191275524,0.0229192137302,0.0221696854491,0.0208295059357,0.0214471262082,0.147701142226,0.0267041480973,0.715210050801
C000059,3,0.611529874239,0.288293923951,0.0112043616778,0.00999747089862,0.0069005351342,0.0111800729403,0.00733747656844,0.0535562845909
C000060,4,0.0188983623347,0.0237389492355,0.664716401463,0.0231932899449,0.0194525372208,0.0235599578221,0.0351193877177,0.191321114261
C000061,1,0.909459682607,0.00712578197402,0.00707932895663,0.00297554256221,0.00735211082505,0.00532608240985,0.00879322556894,0.0518882450968
C000062,1,0.0471116160561,0.00593345604781,0.00590145245488,0.0698103400008,0.0059309059122,0.0136652741196,0.00717405271498,0.844472902694
C000063,4,0.0379397234423,0.0249529528658,0.624115980053,0.0243793887025,0.0248993764421,0.0247648078786,0.0367582226208,0.202189547994
C000064,0,0.00311869941776,0.00684037897855,0.0207671111499,0.00320979866364,0.00685081352692,0.905704840101,0.00769707867251,0.0458112794895
C000065,1,0.00604205276488,0.861800129694,0.0061471019635,0.00275049295392,0.0821450104629,0.0128358131696,0.00363398797408,0.0246454110171
C000066,4,0.0143826382263,0.0238151885487,0.0234934711364,0.0232677768348,0.0646876533247,0.578981669546,0.0384490510265,0.232922551357
C000068,3,0.0847667179285,0.0213264088042,0.0411822002271,0.0828248491813,0.247353609408,0.0208232339038,0.0233573373385,0.478365643208
C000069,2,0.00822057081472,0.00287953865828,0.0379662650078,0.0025815648458,0.00156548621332,0.00287953865828,0.0033190065055,0.940588029296
C000070,3,0.0323070674096,0.00912360427437,0.0065009251801,0.179188830565,0.0324701763695,0.00994267708107,0.698261821491,0.0322048976289
C000071,3,0.811040399126,0.0121506292913,0.0140296050959,0.0108693095871,0.00714846897586,0.0271678383754,0.0159231628307,0.101670586718
C000072,1,0.00197644100172,0.0019951980251,0.00199279227166,0.119199045608,0.00199771364085,0.829225861429,0.0191460095871,0.0244669384362
C000073,0,0.00950327097052,0.00608583631531,0.0227223841988,0.0095532625839,0.0786248755569,0.00339123967147,0.00926251454815,0.860856616155
C000075,4,0.00642942598235,0.00190220616687,0.00257954469121,0.00242300786243,0.00675359313417,0.00115960371119,0.00413337405273,0.974619244399
C000077,2,0.0308129201637,0.0374172501603,0.00332230354741,0.00216951138371,0.0024863142519,0.00337758597273,0.0040975422098,0.91631657231
C000078,0,0.000777731723206,0.000780632149801,0.865888612542,0.000781822952819,0.120881516294,0.000781822952819,0.00708423390038,0.00302362748427
C000079,4,0.00297078642493,0.596349263965,0.00335892324233,0.162669867888,0.00335236977639,0.148838378205,0.0037641856085,0.0786962248908
C000080,1,0.0515573850901,0.00620726591498,0.00613127587807,0.00608930252077,0.00621509225389,0.0432910311035,0.0187070820801,0.861801565159
C000081,0,0.648678037742,0.00382012662407,0.277055586201,0.011604093283,0.00382595397606,0.0268839076045,0.00409805845958,0.0240342361103
C000084,3,0.00362822295842,0.00361247476715,0.0232739803957,0.0265150369443,0.00362822295842,0.00360994917913,0.004243719219,0.931488393578
C000085,1,0.00577845917183,0.00580378797393,0.901563283136,0.00569349230784,0.00581110559367,0.00581110559367,0.0072276045482,0.0623111616745
C000086,3,0.0214425919321,0.0213495210148,0.00988432196594,0.126078999742,0.0124374737431,0.248483990504,0.0455751009088,0.514748000189
C000087,3,0.00153111580455,0.709038856159,0.00315434547661,0.190352470183,0.0368091358973,0.0202551620003,0.0291422728752,0.00971664160428
C000088,0,0.00761618723023,0.00402601248546,0.960129620317,0.0018837335162,0.0018837335162,0.0018837335162,0.00213611304844,0.0204408663707
C000089,1,0.208389205529,0.666103719791,0.056352805557,0.00688277825933,0.0209571880128,0.00702495921312,0.00820106826552,0.0260882753715
C000090,0,0.00309080613505,0.176438333288,0.0101225626155,0.0142984626746,0.362258775114,0.0259875467163,0.00961937920698,0.39818413425
C000092,2,0.0256405458504,0.0265610364239,0.0259934040406,0.0200193573011,0.0116497524158,0.018061390246,0.0171658342543,0.854908679468
C000093,0,0.000632404979835,0.000979076587058,0.00434711252905,0.00096928722846,0.000370319943289,0.00110067573594,0.000950697141223,0.990650425855
C000094,3,0.827093690259,0.0121872194435,0.0144606114896,0.01103375858,0.00968296585625,0.0121786989977,0.0141268541869,0.0992362011874
C000095,4,0.0174975237568,0.00249249343747,0.00259366661472,0.869531537767,0.0103466907055,0.0862834980395,0.00332354705365,0.00793104262512
C000096,4,0.0330132171025,0.225064071796,0.0504304490461,0.127832979519,0.0848512236787,0.0631384909013,0.0789049555923,0.336764612364
C000100,3,0.0704786847791,0.59075557433,0.143515472737,0.0191018325236,0.0210997813714,0.0209935109596,0.0238411910143,0.110213952284
C000101,2,0.0106022566556,0.151798971254,0.0105500337546,0.00984667150627,0.0109030737968,0.010911201728,0.0125116012263,0.782876190079
C000102,2,0.00391926600928,0.028947872389,0.00397320187785,0.00344096948636,0.00405694255607,0.914565048634,0.00427425295231,0.0368224460954
C000103,4,0.00335592148728,0.00364726113997,0.278909545369,0.614777722973,0.055237799134,0.0278899277175,0.00424027538922,0.0119415467907
C000104,3,0.0199348967874,0.0198483699749,0.560655427028,0.0180391827936,0.220485004295,0.019834493392,0.0227422484048,0.118460377324
C000105,1,0.00370366964428,0.164088935903,0.0262291353697,0.00364921062924,0.00372459417762,0.00372459417762,0.783994722508,0.01088513759
C000106,0,0.0281937352768,0.00879348767136,0.00875652843134,0.00880690155862,0.00880690155862,0.00880690155862,0.828043214035,0.0997923299095
C000107,0,0.324224438605,0.0238936129322,0.0237931875028,0.0239300610677,0.0402621127638,0.0264380252516,0.0215872871879,0.515871274689
C000108,3,0.0127805006166,0.049350645746,0.220743452604,0.0197252590809,0.0168634150861,0.23312768491,0.395664558094,0.0517444838625
C000109,4,0.633455031616,0.00587349338557,0.00587233971852,0.00576733501613,0.00586088242237,0.310199962349,0.00924422756616,0.0237267279257
C000110,4,0.00315697803845,0.0430920393195,0.771895779563,0.156360170848,0.0066974945763,0.00345844829142,0.00456535862493,0.010773730738
C000111,2,0.00395941639407,0.00405611286486,0.159894294968,0.00364673305964,0.00405309140056,0.00405611286486,0.801273159202,0.0190610792458
C000112,2,0.0263549573075,0.00869234017078,0.257969580038,0.00379195841842,0.00487434325893,0.00746586055073,0.654075030268,0.0367759299873
C000113,3,0.0158464256376,0.0157776447096,0.0154979655403,0.696022231159,0.0402014135582,0.0156128899274,0.0204864380812,0.180554991387
C000115,1,0.145877625854,0.0289186367873,0.0287626568201,0.0283211635881,0.0546057256357,0.422619467763,0.0420413364656,0.248853387086
C000116,2,0.0758041861996,0.000902706711673,0.913620222952,0.000786501299155,0.000902034270794,0.000735313817202,0.00394792350846,0.003301111241
C000117,1,0.00258117004736,0.95399007102,0.00257113019839,0.00254321634416,0.00259575282171,0.00259575282171,0.00314890973222,0.0299739970142
C000119,4,0.673476047334,0.00222953628655,0.00219941766527,0.00218923932506,0.00222474925468,0.00220975737775,0.300590575689,0.0148806770686
C000120,0,0.00761418299577,0.877744891942,0.00769081602298,0.00765423713015,0.0111100258169,0.00765423713015,0.0273852675179,0.0531463414438
C000122,2,0.515415479218,0.0216445764175,0.0204241529209,0.0790003793562,0.0216284530213,0.0216445764175,0.0252927889421,0.294949593707
C000123,0,0.00928563975248,0.00920174458245,0.00951326057319,0.134464054697,0.0171071777636,0.0977375589737,0.231719108649,0.490971455008
C000125,3,0.00148440905599,0.00970984660212,0.0016982289145,0.0006259191155,0.00234026877358,0.0113434755319,0.00254161651467,0.970256235492
C000126,4,0.00677146047071,0.0270287231364,0.225490303428,0.0219218800153,0.0461594459252,0.191098961558,0.032470839641,0.449058385826
C000127,4,0.00891533067935,0.00373278284005,0.0101921323166,0.00995981406394,0.0100874663105,0.00874629448893,0.0198327803604,0.92853339894
C000128,0,0.00102086903188,0.00219896732349,0.924613224561,0.00220232170356,0.0503126187917,0.00220232170356,0.00255858802846,0.0148910888563
C000129,1,0.045264415775,0.00254130264326,0.00253834172017,0.00248879808602,0.00254021041871,0.929517665026,0.00305344733643,0.0120558189947
C000130,4,0.00533892412308,0.808575342672,0.00578675221429,0.00610107460094,0.00596905123371,0.0059362991737,0.00823799379376,0.154054562188
C000131,2,0.444239174242,0.116734763084,0.00796212274752,0.0160053965153,0.281912675327,0.0240905913016,0.0188724576912,0.0901828190911
C000132,2,0.00781119964005,0.0109278092226,0.00792749758237,0.344243543593,0.336379094296,0.217735895213,0.0119861248621,0.0629888355909
C000134,1,0.0217673931183,0.00616459017192,0.700186011405,0.0048480759371,0.00617236270375,0.00617236270375,0.220442436317,0.0342467676434
C000135,2,0.00341321594947,0.00166038620594,0.00156676578574,0.00141908607753,0.000596683903738,0.000662879216984,0.00181840734383,0.988862575517
C000136,4,0.00154306506879,0.00125947253279,0.0179489801567,0.00164713084394,0.00292981718542,0.00261970050333,0.00179439211226,0.970257441597
C000137,2,0.220172213232,0.0330245888769,0.033067523761,0.0296713561223,0.0613390444591,0.0168595656285,0.386695753507,0.219169954414
C000140,3,0.0193000727557,0.015807939722,0.0183010832594,0.0175810998416,0.0193000727557,0.635203717932,0.0601493101199,0.214356703614
C000142,1,0.0752503980508,0.00533985357432,0.00332377055102,0.83437044608,0.00332621747341,0.00332621747341,0.0634979119138,0.0115651848829
C000143,0,0.0182644429236,0.0367223340119,0.0322929349147,0.353738979571,0.0626672735739,0.055106679968,0.0421062660464,0.39910108899
C000144,1,0.00935473081798,0.00944351004512,0.00932790154909,0.00926404480012,0.00945541675431,0.853699596703,0.0120236763494,0.087431122981
C000147,0,0.00935521440943,0.03862740531,0.0135915193681,0.0259764396329,0.756953301346,0.0260617569705,0.0288105125073,0.100623850456
C000148,4,0.0862753720075,0.0859231616625,0.0104446454199,0.0190901014801,0.0105542160634,0.0104963052994,0.734368536459,0.0428476616078
C000149,2,0.0133404309849,0.0137996802745,0.0130215890923,0.0127817598122,0.0137894006687,0.0137996802745,0.695292745444,0.224174713449
C000150,1,0.0151615762208,0.015228034173,0.0150416108919,0.0149386393537,0.0415384982193,0.642269618557,0.0201632812212,0.235658741363
C000152,1,0.866429608984,0.00818019663645,0.00808005376311,0.00850116175611,0.00941138938085,0.00597529847318,0.00608590016817,0.0873363908378
C000153,2,0.00997291752446,0.0102342203658,0.0100635018076,0.75651550036,0.0102265967289,0.0102342203658,0.00825594294602,0.184497099902
C000154,4,0.00423049581275,0.0133581556647,0.00343594955666,0.00508531426083,0.00299713206357,0.00183894781596,0.00410858043606,0.964945424389
C000155,2,0.00131069179475,0.00134419391256,0.000818871082355,0.00117115586366,0.0115109272735,0.000299731969846,0.00154392467318,0.98200050343
C000156,3,0.0914183510853,0.0456184609825,0.128148052586,0.0222435180415,0.0687848126258,0.0191625020971,0.0445809882921,0.58004331429
C000157,1,0.0180390212273,0.015679152026,0.0155397561263,0.0196700277227,0.0159598532296,0.0159598532296,0.0194858708943,0.879666465544
C000159,0,0.0384139687814,0.00911449276219,0.799297838574,0.0606530784612,0.0102922874095,0.00902004354838,0.00913669529891,0.0640715951646
C000160,1,0.0494004152335,0.0178157344051,0.0176573431655,0.0179806366352,0.0181346864812,0.0181346864812,0.0219724800968,0.838904017501
C000162,3,0.0843530573683,0.00792282709961,0.0278951309417,0.00303030666795,0.00795736580356,0.158069924782,0.0592535134477,0.651517873889
C000164,3,0.566116150694,0.00861315306961,0.0602800374193,0.00799302158385,0.314214807202,0.00860713135939,0.00982650684381,0.0243491918281
C000168,1,0.00181238418703,0.0125271594295,0.00292610489199,0.00275171201039,0.00294070873846,0.0205302637304,0.00331220270179,0.953199464311
C000169,0,0.00900492397335,0.00284943647219,0.0090005173435,0.0944755641451,0.0436025814635,0.0111177661574,0.0325112999597,0.797437910485
C000170,0,0.00581675807993,0.0129468158093,0.0759997333867,0.0669529950586,0.0223913631461,0.0683169869946,0.0154668423904,0.732108505134
C000171,1,0.00222844044057,0.00227680474762,0.00227799838631,0.00257410422569,0.0341584304988,0.00227967542303,0.936098857412,0.0181056888655
C000172,1,0.0215891382947,0.0216534288884,0.0214609185284,0.0218538527739,0.022041086559,0.0266226756603,0.0262539409157,0.83852495838
C000173,1,0.00636469337023,0.00605230953575,0.0285530468659,0.887926689069,0.00604970831818,0.00604970831818,0.00773981176561,0.0512640327572
C000174,0,0.0396284010251,0.0397761888353,0.0396090085577,0.0398368647961,0.0222954409737,0.0185833659461,0.0365613658079,0.763709364058
C000175,1,0.00477950324158,0.00293815866017,0.865831785926,0.00288232165028,0.106291473999,0.00294186319381,0.00366867691457,0.0106662164145
C000176,1,0.00667530866491,0.0100349907225,0.205074839839,0.275454909614,0.0237195773674,0.359389580892,0.0196389646791,0.100011828221
C000177,2,0.0424487074963,0.00800474743243,0.316051128607,0.433070566746,0.00448608129702,0.00800474743243,0.066601539216,0.121332481772
C000179,0,0.0107885524009,0.498503814475,0.00827122240779,0.00209217980555,0.313654395062,0.00831880374581,0.00656170201937,0.151809330083
C000180,3,0.00498281407002,0.385758913803,0.0184212588507,0.0044475651804,0.0460892510784,0.359981333814,0.00841839295731,0.171900470246
C000181,0,0.0201616205042,0.0249936471865,0.0203645373521,0.02026767998,0.732730267376,0.0198983218453,0.0210184018895,0.140565523867
C000183,0,0.0139999539555,0.0914545294899,0.0139931029687,0.505254441295,0.181005437489,0.0140736002072,0.0159146619719,0.164304272622
C000184,4,0.00696912126835,0.00479409396562,0.00649973186236,0.00226888353923,0.00283417255094,0.00120927156464,0.00538243889791,0.970042286351
C000185,0,0.122680767706,0.832233384432,0.00315261452069,0.00313762012369,0.00313762012369,0.00313762012369,0.00337579085905,0.0291445821114
C000186,1,0.011657856371,0.0236689947604,0.0532930243321,0.0232191872287,0.00518860519538,0.0147248206914,0.761514258858,0.106733252563
C000187,1,0.00533121656331,0.00535458496054,0.308202435076,0.00525282598562,0.638811932114,0.00536133620935,0.008077639835,0.0236080292562
C000189,4,0.00971165280392,0.00651927205949,0.00697640289775,0.00681772927991,0.0158022758326,0.861489534502,0.00916350074743,0.0835196318768
C000190,3,0.497017285321,0.0177583100962,0.0177802982703,0.0162650475599,0.0178357255197,0.015100315747,0.021173220388,0.397069797098
C000191,1,0.0047750660445,0.00646398844281,0.00878034962131,0.573482184928,0.0273823168803,0.00888498975266,0.307107538804,0.0631235655266
C000192,4,0.00193926506897,0.711576883994,0.0255183744384,0.00212128018867,0.00398875021765,0.242441068867,0.00295099466836,0.00946338255645
C000193,4,0.0332527543923,0.0123379992411,0.0337828362438,0.0120544001717,0.00788014216868,0.0122439553629,0.0195450359786,0.868902876441
C000196,1,0.831592062214,0.00925800727204,0.00916050939374,0.00908206733706,0.00747038926507,0.00926968009281,0.0111251926405,0.113042091785
C000197,4,0.00584998922402,0.00656652727024,0.00647814905931,0.00641559023525,0.879553624156,0.00537913416086,0.00844842253959,0.0813085633551
C000198,0,0.0040926377654,0.00753072969579,0.00476939950177,0.00922222477134,0.00754221732879,0.00335989531987,0.350711884847,0.612771010771
C000200,4,0.433399324443,0.018689820436,0.0159516295895,0.374573408002,0.00545334264773,0.0160258074128,0.0192134728255,0.116693194644
C000201,1,0.00835830305914,0.79327251191,0.00829216834061,0.0395715980258,0.00840552476296,0.00840552476296,0.0158723716698,0.117821997469
C000202,2,0.225939752163,0.509956227193,0.00882507240387,0.00372795742325,0.00422456402136,0.2067242336,0.0264730235176,0.0141291696778
C000203,0,0.00918697727853,0.178806554847,0.0265511366909,0.00923530504038,0.00923530504038,0.723169170612,0.0101518642501,0.0336636862404
C000204,4,0.0193725200866,0.0527193085321,0.00732238162059,0.00741760754451,0.00439661818765,0.00772554955232,0.860289576017,0.0407564384592
C000205,2,0.000697736321432,0.00200286852058,0.00188993732913,0.000847154924092,0.00200137655131,0.00623677557079,0.00224070210622,0.984083448676
C000206,1,0.00443643698811,0.00447854011804,0.00447314002083,0.0213386434956,0.667406902186,0.236010843736,0.00575757617739,0.0560979172779
C000207,4,0.95320809616,0.0123508821084,0.00115555944003,0.0204675307449,0.00116880922358,0.00116093299034,0.00162722447582,0.00886096485662
C000209,2,0.0061922629047,0.801654557255,0.0126912961324,0.0082232292605,0.00935702876822,0.0173298266551,0.0177873454636,0.126764453561
C000210,2,0.506357214491,0.0524626765947,0.0662233191923,0.313911495194,0.00977931501699,0.00978660521804,0.0113824734961,0.0300969007976
C000212,1,0.698113253085,0.0301210721627,0.161561810059,0.0618922601406,0.00606934540875,0.00606934540875,0.00636337628474,0.0298095374497
C000214,2,0.000464139282309,0.00132711387107,0.00125228491994,0.000911472778021,0.000716526746666,0.00213236576302,0.00155855876267,0.991637537876
C000215,3,0.0290033862956,0.400413048343,0.377915664289,0.0262302392804,0.054538240358,0.0163415068068,0.0136678094398,0.0818901051869
C000216,0,0.0230607471619,0.0221620039015,0.0219399106381,0.0220661229744,0.0150498703616,0.342988549582,0.00862156716395,0.544111228217
C000218,2,0.00475031071921,0.00487017626625,0.507241618501,0.00284148809592,0.0484405242548,0.00695312476718,0.388511181448,0.036391575948
C000219,0,0.0743196801656,0.664935264191,0.00280988552125,0.124232230517,0.118451111069,0.0027965212045,0.00315472046019,0.00930058687186
C000220,2,0.146811450717,0.0376448769109,0.0370169170975,0.0185987134731,0.0531993435018,0.0195373109433,0.0416303526573,0.645561034699
C000222,3,0.000877692726121,0.000873883127571,0.000860892593785,0.000394533851298,0.00100921832742,0.000899503252446,0.00110126832753,0.993983007794
C000223,4,0.913020055952,0.00417234547405,0.00330583653772,0.00978108934557,0.00332181225446,0.00329942761925,0.0106081528228,0.0524912799938
C000224,4,0.00742149239485,0.00789735835985,0.00937833195814,0.0272973790589,0.0251795098294,0.00905459862209,0.859209571901,0.0545617578755
C000226,3,0.0020829730915,0.00206657224608,0.969005479514,0.00186258826754,0.0020829730915,0.00207248206298,0.00232312879509,0.0185038029318
C000227,1,0.00268006976621,0.00563676537496,0.0126875649775,0.797209819816,0.00273587083863,0.106288413191,0.0158550332406,0.0569064627955
C000228,0,0.00484192189637,0.0608827643401,0.21041350674,0.00413321525603,0.663842652812,0.00486739265146,0.00549194330448,0.0455266029995
C000229,4,0.224494424174,0.0261803823987,0.0258732249783,0.0193225711606,0.483775256893,0.0238270677663,0.0320979396836,0.164429132946
C000230,3,0.0287154327856,0.101216801997,0.444011154743,0.0258410347306,0.0287154327856,0.0285708056536,0.0362601377477,0.306669199556
C000232,2,0.0568645862694,0.109207835545,0.0291715200731,0.026159540378,0.0545672315276,0.411383161141,0.0388894461055,0.27375667896
C000233,0,0.00425586873864,0.0043750564064,0.0642746097588,0.00427825658228,0.879112886988,0.00427825658228,0.00506595568528,0.0343591092585
C000234,4,0.0445552361855,0.00260806349364,0.00887552215525,0.00819641845139,0.915145868763,0.00258818406257,0.00495236776146,0.0130783391268
C000235,4,0.00698675117239,0.00778440857879,0.00767963902937,0.79414882592,0.00776769469428,0.00771535067275,0.0111130373338,0.156804292599
C000236,1,0.0152029499735,0.0152954155195,0.0152775945216,0.588900711261,0.010167664192,0.0152888417144,0.160129436239,0.179737386579
C000237,3,0.865249254465,0.00419092531374,0.00413310051679,0.00380191251267,0.0654666460973,0.0328415106367,0.00507343229401,0.0192432181638
C000238,3,0.00417189595324,0.581580798262,0.00409204066674,0.29538710232,0.0813102438291,0.0041508839298,0.00444805531765,0.0248589797212
C000239,4,0.00428238218153,0.00521103267283,0.00468736874106,0.0049516581226,0.00245555731424,0.912548769866,0.0415803908654,0.024282840236
C000240,0,0.0223529867627,0.532789411848,0.02257795864,0.0224705738414,0.0199047828782,0.0224705738414,0.0256425226135,0.331791189575
C000241,1,0.0279072277242,0.516226380429,0.0280442486582,0.0138301911598,0.0146819518678,0.0157079762594,0.0363519330665,0.347250090835
C000242,0,0.00882522070058,0.0130254388082,0.00882090200993,0.608908324367,0.00887164545502,0.21228390048,0.068841672705,0.0704228954745
C000245,0,0.00272265232386,0.000858638063679,0.000844880111743,0.000849740400126,0.000322759742871,0.00063897855821,0.000284608513602,0.993477742286
C000246,4,0.818216028684,0.00453910296643,0.00417844400926,0.0043517517792,0.131107795757,0.00425034213649,0.00678287898988,0.0265736556777
C000248,0,0.022626811667,0.00954407617326,0.808128354602,0.0239766593875,0.00955863503393,0.00955863503393,0.0106128734731,0.10599395463
C000249,3,0.0325354963063,0.0296741231915,0.0291577035956,0.0355031107722,0.038127006893,0.0379349777601,0.042555120669,0.754512460812
C000250,3,0.375007137774,0.00759752238048,0.0076087048253,0.00696167913144,0.00763064295385,0.544841057578,0.00890344276081,0.0414498125966
C000252,3,0.0170391297912,0.0523160465053,0.00275314401311,0.0023984481485,0.0115321978125,0.0946980307844,0.00320843739792,0.816054565547
C000253,3,0.460329281936,0.150050622548,0.0214987634549,0.0133359664272,0.0215891551884,0.0256742630462,0.0269242152771,0.280597732122
C000254,4,0.0049625871682,0.00560727348792,0.0051472865512,0.00547838569079,0.00904192636701,0.00555799055918,0.678269624268,0.285934925908
C000257,2,0.713571104135,0.0135153593335,0.0128144149771,0.0119249806627,0.0998695288034,0.0135153593335,0.0122420784929,0.122547174262
C000258,3,0.0132387745093,0.902426655597,0.00274828621055,0.00234713828369,0.0129067587073,0.0027011463527,0.00312526295775,0.0605059773813
C000259,3,0.0105286222454,0.013789476585,0.326338995207,0.0126857254906,0.308786068192,0.0137798359539,0.0161899164663,0.29790135986
C000260,3,0.117938905208,0.335328191393,0.0157803864955,0.0314423733855,0.0587533332898,0.0398715744109,0.0369911585169,0.363894077301
C000261,4,0.0112811780572,0.012978802787,0.0128041224235,0.0127442220272,0.00963428010842,0.256718356895,0.0162343519476,0.667604685754
C000262,0,0.00317116533531,0.00318299169137,0.00320308156317,0.0135733172228,0.00318784713592,0.00318784713592,0.934692604351,0.0358011455646
C000263,2,0.973099990865,0.0146190433137,0.00141453115534,0.000873920136519,0.00246105269475,0.00136886909757,0.00114725303233,0.00501533970481
C000264,1,0.00705515170922,0.042610405556,0.00709567336364,0.018441043614,0.571101814183,0.00713108703751,0.00841352040179,0.338151304135
C000265,3,0.179987836829,0.00396716394849,0.00513411263288,0.00473596350719,0.00298008797581,0.770103027328,0.00684034441879,0.0262514633606
C000266,2,0.0150876292982,0.0323902289881,0.0553514406147,0.00939812730431,0.0165664406224,0.031568486696,0.0332303172831,0.806407329193
C000270,4,0.025995451505,0.0299096426982,0.0287499924604,0.0292221449386,0.476394081476,0.029644304969,0.0405343266691,0.339550055284
C000271,1,0.00716254327688,0.829678150786,0.0948654380366,0.00705722474432,0.00720300932542,0.00764527510475,0.00868454477805,0.0377038139476
C000272,2,0.00570547084357,0.880368329745,0.00475148889814,0.0261995409851,0.00347789519181,0.0058614695939,0.00614310565207,0.0674926990905
C000274,4,0.0133183047205,0.0148842607759,0.0157775062608,0.11496540849,0.0148523028162,0.574532568393,0.0225815476084,0.229088100934
C000275,1,0.0264789655964,0.0254004511867,0.0371465461702,0.0799347229229,0.0266285631716,0.0266285631716,0.0353973088017,0.742384878979
C000276,3,0.23888054728,0.00579897998988,0.00579987439198,0.62129542053,0.0058242600131,0.0752354853116,0.00658233197739,0.0405831005056
C000280,1,0.0051166601788,0.00775781382823,0.0246156513932,0.127068708658,0.0917746843349,0.553893654008,0.0711973542636,0.118575473336
C000281,4,0.00165992058738,0.266582745081,0.716971821604,0.00187441884049,0.00190482231458,0.00183449069323,0.00237516108106,0.00679661979811
C000283,2,0.00717841584892,0.00735372640214,0.00685591704385,0.00438465922141,0.007348248492,0.00735372640214,0.889613036137,0.0699122704525
C000284,3,0.00503178092095,0.010554774904,0.0105053134907,0.532073931587,0.0106385402947,0.333072655389,0.0138299616999,0.0842930417134
C000285,3,0.00540072796139,0.00145479950558,0.00243103039804,0.0169496646385,0.00188910637193,0.00210748205738,0.00559826980723,0.96416891926
C000286,4,0.00301002486929,0.00334531826309,0.0062182126517,0.412005882777,0.556814899162,0.00282702469941,0.0042154389203,0.011563198657
C000289,1,0.0124442688463,0.0200845057302,0.28427311355,0.0124082665968,0.0125145749328,0.520819081537,0.0594286010201,0.0780275877869
C000290,2,0.00736424400847,0.00761776084262,0.00722268244784,0.758423268435,0.00761208624894,0.00761776084262,0.00741843039767,0.196723766777
C000292,4,0.19977305048,0.00965126252678,0.0104890833504,0.010319664651,0.0104519290053,0.0153667629364,0.0126757093213,0.731272537729
C000294,0,0.0220438836762,0.0187575683616,0.0157669922799,0.0882713577624,0.0425911771271,0.0178449716892,0.024088320794,0.77063572831
C000295,2,0.0301282994028,0.106714198402,0.0230725378572,0.0280292246249,0.0307298700643,0.0191913487146,0.0337526037539,0.72838191718
C000296,2,0.0140697484948,0.0136386733713,0.0135882075389,0.0128463634615,0.617498715103,0.0145748497097,0.0234069431875,0.290376499133
C000297,0,0.0259001231191,0.0337473550431,0.0333306949487,0.0336013516535,0.349941152135,0.0336013516535,0.0376102527519,0.452267718695
C000298,1,0.0305916288022,0.0436898694686,0.0284459359115,0.0280656744283,0.0218914802637,0.113324194106,0.0875023865884,0.646488830432
C000299,0,0.0143496092966,0.0104679371061,0.152605453136,0.0103594627833,0.0105317637749,0.0120855841502,0.734254415672,0.0553457740804
C000302,3,0.0178543743145,0.0177137931259,0.0168785473479,0.0164057936293,0.0178543743145,0.0191513898003,0.0200014538341,0.874140273634
C000303,4,0.00446988822413,0.0199687848989,0.0109255257926,0.0873561870495,0.0425047726059,0.130016931526,0.0138431586055,0.690914751298
C000305,2,0.0163581966058,0.00562622345822,0.394902733114,0.00510186228571,0.0125414436049,0.510332440256,0.0115480355239,0.0435890651521
C000306,2,0.0739974297175,0.00301831180321,0.00281398765791,0.89272199896,0.00301606341376,0.00301831180321,0.00331359734482,0.0181002993
C000310,0,0.000120004178229,0.00201808549165,0.00109043740533,0.00472041543739,0.00191370093981,0.00126136736638,0.00218726778986,0.986688721391
C000311,2,0.53227719808,0.0170525393414,0.0158981703586,0.0146603671125,0.0170398366281,0.0170525393414,0.018805767727,0.367213581411
C000312,0,0.251905818849,0.0269401347858,0.0268269047519,0.0269812301901,0.0116739570074,0.0269812301901,0.0170234011408,0.611667323085
C000313,1,0.271953654902,0.00624898394831,0.00617248319462,0.00388750332023,0.00543286278515,0.00625686288678,0.654168745053,0.0458789039102
C000316,1,0.0147228878477,0.0350149341117,0.0103705169102,0.781518822554,0.00880134410462,0.011911535824,0.0173392129539,0.120320745694
C000318,2,0.019962193045,0.0816432987123,0.287687344772,0.0227851069608,0.494283639363,0.0164634491954,0.0185509115048,0.0586240564473
C000319,2,0.653550119346,0.0802551728098,0.0104559867343,0.0141137657629,0.0106763609935,0.0106843199168,0.0128437452269,0.20742052921
C000320,3,0.00490200538609,0.0037928586185,0.0175177916059,0.721037336003,0.00301223854713,0.226806172324,0.00388182477535,0.0190497727403
C000322,1,0.00380485914034,0.00499283157279,0.00326290672938,0.00320476239236,0.95677658223,0.00327096475374,0.00384644501996,0.020840648161
C000323,4,0.0388526205226,0.00149210302974,0.946063997297,0.00146513454364,0.00148889933899,0.00148072977928,0.00191284433504,0.00724367115396
C000324,2,0.00273982384553,0.0110191767933,0.00525754047545,0.00658893775708,0.00382167867169,0.00237673557678,0.00435948932713,0.963836617553
C000325,2,0.00862019027281,0.00908016863601,0.00885613956853,0.00796530268305,0.645856732576,0.25442089907,0.0105855738083,0.0546149933861
C000326,3,0.0216300961882,0.0179559563751,0.0181075205565,0.0164079537747,0.670910829657,0.0179434028346,0.0262468881319,0.210797352482
C000328,0,0.00710411602401,0.0155282356123,0.596903289517,0.267565941356,0.0138290170493,0.0103836009046,0.0293939568728,0.0592918426643
C000330,2,0.0144834616592,0.694242587692,0.212537161501,0.00339495192511,0.00389365279808,0.00389655540544,0.0509416282738,0.0166100007455
C000331,4,0.0245800182746,0.666749040774,0.0387226100368,0.121965344247,0.0340589877763,0.0121768590307,0.016227200492,0.0855199393679
C000332,4,0.00758157857941,0.00859738462038,0.00865244160327,0.107849404684,0.00429796366523,0.0242773129585,0.00670833635047,0.832035577538
C000333,1,0.135813686302,0.0496822179683,0.0369737595388,0.0183396513839,0.137481728261,0.0621043140153,0.134714095271,0.42489054726
C000335,4,0.00726828829241,0.0106604399515,0.0104679658668,0.00803494317522,0.0132326214284,0.00312258303784,0.137040341937,0.81017281631
C000336,1,0.00471966926998,0.00474837467235,0.0267704600606,0.0225349877341,0.00474633387197,0.00474633387197,0.897309553055,0.0344242874643
C000337,4,0.0407352791548,0.0105841481882,0.798937795913,0.0085621063185,0.0382436426214,0.0189160588246,0.0109518611628,0.0730691078167
C000338,1,0.343797598495,0.0109821005474,0.0121449460073,0.0454773691682,0.0175496128718,0.0404222815751,0.0233614848154,0.506264606519
C000339,1,0.0200586164662,0.0201465396844,0.019899903514,0.01976367318,0.0201719411493,0.195881637584,0.0246353079756,0.679442380446
C000340,0,0.0239698121915,0.0104265264923,0.00720715799685,0.0217029492216,0.118426124689,0.00689069991561,0.0220078241469,0.789368905346
C000341,0,0.00128114478267,0.928329070471,0.0034680557909,0.00168517627476,0.00582722776882,0.00160775866355,0.00385574881462,0.0539458174335
C000342,4,0.0158590585319,0.0176623110458,0.0189254719106,0.0429824460341,0.00816936585054,0.552406472238,0.022266987685,0.321727886704
C000343,3,0.776278507923,0.154501148032,0.00577515153911,0.00412253231451,0.00354198832049,0.00572135843783,0.00660571574811,0.043453597685
C000346,0,0.00536529422256,0.00853849812572,0.0182205956989,0.0129921790751,0.284751840494,0.536264158023,0.0533444874877,0.0805229468733
C000348,1,0.208654459386,0.0106768847423,0.697479720598,0.0104739803427,0.00912701869839,0.0106903465337,0.0132830794824,0.0396145102162
C000350,2,0.0822300335214,0.00479664039185,0.00474096457083,0.00423221036952,0.836074575006,0.0498570828855,0.00552690428363,0.0125415889708
C000351,4,0.0286618801401,0.0322179009004,0.0196730994033,0.0314773459258,0.0321487259247,0.613860815925,0.0489391400956,0.193021091685
C000352,3,0.013082127912,0.0884858528124,0.0116652646417,0.0118569972878,0.109935773498,0.0128893308673,0.693412072237,0.0586725807443
C000353,1,0.00923215121148,0.00927261863091,0.00922222907127,0.858164523049,0.01344506407,0.00931026224485,0.0129293781728,0.0784237735499
C000356,4,0.00305404324584,0.00536733780039,0.459016000679,0.494538703609,0.00522851290376,0.00520025543021,0.00951041996568,0.0180847263669
C000358,4,0.115148027428,0.053796774229,0.0530727290123,0.0525602110868,0.0382711500028,0.0337481116841,0.0667427593828,0.586660237174
C000359,2,0.0458967533756,0.0300689772985,0.348220981862,0.0278509674125,0.0300465784294,0.0300689772985,0.0352296011209,0.452617163203
C000361,4,0.0460375486502,0.00276285598512,0.00448649043139,0.00269934946587,0.000907818032371,0.924026271704,0.00287869376182,0.0162009719694
C000363,3,0.0174053119689,0.00642198897647,0.0129843716219,0.538489053487,0.0130389645226,0.255470141954,0.0152886965644,0.140901470905
C000364,0,0.0108523632741,0.0108928354345,0.805173419632,0.0421465853373,0.0109094517387,0.0109094517387,0.0124014584573,0.0967144343875
C000365,2,0.0247947089149,0.0257583773025,0.0246920513418,0.0239330681332,0.0257391894693,0.0257583773025,0.0259587293738,0.823365498162
C000366,4,0.0188284569324,0.0109490990275,0.00920994155782,0.044992700979,0.103269040625,0.690582497981,0.0136166778182,0.10855158508
C000367,1,0.0130115447915,0.162513957973,0.00314163318126,0.00254550375331,0.00164622911789,0.00405642657658,0.780289815337,0.0327948892693
C000368,1,0.0138733729588,0.0124985430091,0.0132566516406,0.568822356044,0.0125143016112,0.0125143016112,0.0181460261247,0.348374447
C000369,2,0.0105407378347,0.0108782611883,0.112535829867,0.0242298887455,0.0283260173261,0.0278098500501,0.0407113784058,0.744968036583
C000371,4,0.00155804968647,0.00202828445569,0.956272876385,0.00135882995889,0.00202392953113,0.00201282427187,0.00322215652775,0.0315230491836
C000372,0,0.0259785815884,0.0238881411775,0.0262400433041,0.0261152409777,0.0261152409777,0.0261152409777,0.451841811669,0.393705699328
C000374,2,0.00570875317005,0.0123948484111,0.0346191326401,0.0110560328046,0.818873260638,0.0125381627999,0.0133410916757,0.0914687178603
C000375,1,0.00409652285183,0.00413540009371,0.00478366307771,0.00390608323888,0.00347465909042,0.943380165096,0.00499985139393,0.0312236551574
C000376,3,0.0349400284463,0.0148930626193,0.0257511223517,0.0917315249496,0.0349400284463,0.0591894240027,0.0391152454553,0.699439563729
C000380,3,0.00293289887153,0.0051787041943,0.0442557833298,0.0344942909918,0.00469693232298,0.0138663626173,0.149110170601,0.745464857071
C000381,3,0.0149709398246,0.0248225465107,0.0244535519404,0.37510382093,0.0249307577053,0.0452371954948,0.0326550195753,0.457826168019
C000382,0,0.00997941588792,0.0130914118453,0.0100798538272,0.549664573207,0.0651730773028,0.288353459162,0.00783852702199,0.0558196817458
C000383,1,0.00654511289943,0.693105601693,0.00769888890422,0.00648556632507,0.00341316802964,0.23296715593,0.0121025143155,0.0376819919029
C000384,2,0.00122952194583,0.00261674163992,0.941657407761,0.023952950141,0.00253647702518,0.00133707576426,0.00288991446678,0.0237799112563
C000386,0,0.0147032868956,0.00877900112043,0.0149065991772,0.231234746224,0.00994599306269,0.0221626690419,0.495804055751,0.202463648727
C000387,2,0.00439397856098,0.00719498133252,0.0508149421442,0.00626877156473,0.00399211784436,0.00719498133252,0.0310821758136,0.889058051407
C000388,0,0.011251649403,0.0585950065352,0.00815123735461,0.0113108382979,0.0083596861984,0.0113108382979,0.0112402826356,0.879780461278
C000389,3,0.0339283127807,0.0232187107697,0.0338228753512,0.0304090803699,0.0339283127807,0.0337574306419,0.13961555793,0.671319719376
C000390,4,0.00532079980748,0.00588693918913,0.00588548445309,0.00575162304563,0.0396547254618,0.00586024458118,0.898086599954,0.0335535835075
C000392,2,0.0132108991214,0.00595948507428,0.00565040950135,0.00519232070905,0.00595504575713,0.00595948507428,0.899324055232,0.0587482995309
C000393,2,0.89991845962,0.011525492342,0.00660590699915,0.00410420277296,0.00641869810468,0.0124483663508,0.0130472983459,0.0459315754643
C000394,0,0.00349864525463,0.00351169289489,0.00349693316526,0.00351704975151,0.100947242537,0.00720518554,0.00419526264227,0.873627988214
C000395,1,0.00333748556395,0.263944998299,0.00871533493687,0.087583063415,0.0035521766804,0.406007536651,0.0306889188491,0.196170485604
C000396,3,0.00129543740861,0.0799868737373,0.0244939036193,0.0323368396857,0.014493431284,0.0783201655183,0.00588867060976,0.763184678137
C000397,2,0.739079180742,0.0179240621005,0.0173307638236,0.0139894133193,0.0183182206282,0.013057126592,0.0196771792,0.160624053594
C000398,2,0.0085296443444,0.0136915238115,0.00997205382071,0.0461118116933,0.0136813247732,0.792916384605,0.0167490431772,0.0983482137747
C000400,2,0.0067516860463,0.00432837639611,0.0044084060716,0.00352636797991,0.00450131927502,0.00674904763649,0.00535012853578,0.964384668059
C000401,1,0.0212004161777,0.00266700573412,0.00267459131283,0.0172141710781,0.00267036838863,0.00218176919443,0.00500332861702,0.946388349497
C000402,3,0.0157764219174,0.00594833342194,0.00923275812008,0.00703201176909,0.00335543712151,0.843898800914,0.00777992489303,0.106976311843
C000403,1,0.0258135356418,0.0260585139088,0.407131926122,0.0255632957579,0.0260913693985,0.129716928217,0.03246316854,0.327161262413
C000405,1,0.0487663039029,0.227833819492,0.027124225489,0.026707881406,0.0272595993184,0.0272595993184,0.347293273227,0.267755297846
C000406,2,0.0211445712786,0.0217227052812,0.0212584722305,0.0484662171318,0.0146501475183,0.0217227052812,0.713261848426,0.137773332852
C000407,1,0.00257216612217,0.541097493346,0.00210630121381,0.00253434481331,0.00206927469294,0.00296352183752,0.432121940055,0.0145349579194
C000408,0,0.0343788938739,0.0345071044832,0.126261300424,0.0345597428023,0.0345597428023,0.0345597428023,0.0507334117715,0.65044006104
C000410,2,0.00753180659123,0.124316172772,0.0492578552987,0.726560384466,0.0357270638047,0.00519068079227,0.00875934230403,0.0426566939716
C000411,0,0.320017307049,0.0066353157611,0.00660742736949,0.00664543749902,0.261651299211,0.350382120371,0.00513635630406,0.042924736436
C000412,3,0.0700016636174,0.361544030248,0.00830905488929,0.00435911158188,0.0144042629271,0.0121081894307,0.0118227039948,0.517450983311
C000414,2,0.0399134377525,0.0413922825261,0.0405076935513,0.214859243312,0.0270075677135,0.0413922825261,0.0356496970776,0.559277795541
C000416,3,0.00255339290013,0.0901603510935,0.0212232457727,0.0131086375555,0.00318951364666,0.00508300024176,0.00768446604691,0.856997392743
C000417,2,0.013901360609,0.0142814510419,0.0118726036957,0.201706034292,0.0142708125573,0.0142814510419,0.656377509408,0.0733087773545
C000418,2,0.0330009630533,0.0791612340233,0.0321092630188,0.0313675629659,0.033840402268,0.155464641257,0.0363030836085,0.598752849806
C000419,0,0.221281144067,0.0329655975279,0.0122273120506,0.00795435974014,0.205721471685,0.0541832819139,0.0469124310965,0.418754401919
C000420,4,0.012750505261,0.294914450525,0.014520303891,0.0354352544159,0.0107852377931,0.0657924586709,0.332719058173,0.233082731271
C000422,4,0.0152322223232,0.017100783949,0.0453417147814,0.0167077083522,0.0197589274119,0.010558339178,0.0724179788526,0.802882325152
C000423,3,0.0427515289311,0.0169792026608,0.0211628496471,0.375247850743,0.0205361548547,0.0190047894648,0.0234777436107,0.480839880088
C000424,2,0.00267181038774,0.703634480953,0.00264646254685,0.00253361979505,0.00273502219234,0.268182524662,0.003005815724,0.0145902637398
C000425,2,0.0168455767968,0.0150023043187,0.0163305735407,0.015087730598,0.00887331568272,0.017306389563,0.810354373392,0.100199736108
C000426,0,0.00508021965886,0.931505268499,0.00452845954222,0.00450692138089,0.00450692138089,0.00450692138089,0.00480179476383,0.0405634933939
C000427,1,0.00641845693597,0.00647937003515,0.00641113452696,0.00635623555176,0.0064875394525,0.146957630043,0.243882062089,0.577007571366
C000428,2,0.0187759141475,0.0192344576431,0.0181499280317,0.0175309992619,0.0192201295835,0.0465785336377,0.0233823250411,0.837127712654
C000431,3,0.00189403571592,0.961098318094,0.00188570955522,0.00172219918855,0.00189403571592,0.00186612248261,0.00198381131275,0.0276557679353
C000432,3,0.0239894293857,0.0534399060167,0.0100109173055,0.017223712762,0.0295669721853,0.603048400955,0.166871663012,0.0958489983782
C000433,4,0.0217293686245,0.0244879749363,0.59142290535,0.0240453757335,0.0117621097461,0.0386792073599,0.0292705060606,0.25860255219
C000434,3,0.0307613663171,0.0306278475433,0.0291116272021,0.0274318723488,0.0307613663171,0.060095663064,0.0329909053177,0.75821935189
C000436,1,0.657769322606,0.0018726811654,0.0530298126258,0.0165380324594,0.00298545954022,0.24897234102,0.00370092774483,0.0151314228389
C000437,0,0.0310871975222,0.0312031322743,0.0310719847594,0.0312507306009,0.0312507306009,0.0312507306009,0.0283604135614,0.78452508008
C000438,0,0.320071823421,0.214897610473,0.0150437730342,0.0149722221662,0.0149722221662,0.0149722221662,0.311216050525,0.0938540760475
C000439,3,0.0564792688337,0.0133559151933,0.0131804413377,0.00544753568368,0.00528938532069,0.353212628755,0.0143597260007,0.538675098875
C000440,2,0.00683563515435,0.12090298058,0.00946497047139,0.742162054623,0.0183223932508,0.00967166228206,0.0120067314969,0.0806335721409
C000443,1,0.0910883243248,0.00183331329113,0.885327304249,0.0017984728539,0.0012767196742,0.00183562479693,0.00222139738226,0.014618843428
C000445,4,0.0385168033262,0.0435042687465,0.0430840749035,0.0425042873158,0.0434108608381,0.181903634176,0.0530076053854,0.554068465308
C000446,0,0.0112415949912,0.0112835187293,0.591633515909,0.0113007309952,0.266621909928,0.00924774941632,0.022003450168,0.0766675298628
C000447,4,0.00123091446476,0.0840898150402,0.876369459481,0.00135565909612,0.00137764817632,0.00137008904942,0.030176127889,0.00403028680283
C000448,1,0.187044338163,0.0318100101823,0.00785747051302,0.00775026322167,0.659959841012,0.00791036424128,0.0158015012707,0.0818662113966
C000450,3,0.0260805712589,0.175020442134,0.0197292096432,0.0107989690063,0.0719741121949,0.552648296008,0.0225076893799,0.121240710374
C000452,0,0.00080116488777,0.889836353425,0.000809228220458,0.000805379386698,0.0316611392119,0.072691338184,0.000876672495682,0.00251872418829
C000453,1,0.00366335500532,0.0020277907838,0.0163979404485,0.00675116225871,0.0190187971549,0.00245070012444,0.929522372162,0.0201678820623
C000454,0,0.00184559383469,0.00185247668296,0.0894158218312,0.00185530251433,0.00185530251433,0.891060185673,0.00184283503981,0.0102724819101
C000455,2,0.20708962286,0.382461860578,0.00735114222451,0.229218837466,0.0101499992273,0.0101575657629,0.0108492736124,0.142721698269
C000456,2,0.00946624223964,0.0097142695584,0.00905666360046,0.00846375188002,0.0155690237547,0.0117396999087,0.875216322779,0.0607740262791
C000457,1,0.227841023333,0.0105651769317,0.680533090834,0.00565023881036,0.0231471840945,0.00569864746444,0.00673689095492,0.0398277475771
C000458,4,0.0228130907922,0.0304071240105,0.543365780905,0.0251183298366,0.141089625679,0.0254812037772,0.0334914961721,0.178233348827
C000461,4,0.0042012888744,0.00482890853316,0.892953069808,0.00492511678485,0.00481854039553,0.00479210116456,0.00678247566397,0.0766984987751
C000462,2,0.00971464349691,0.0100745836718,0.0138012029981,0.00877768276653,0.0100670789509,0.692965121833,0.216962882635,0.0376368036477
C000463,0,0.00646099348276,0.00583299720448,0.0270678296971,0.0797936041341,0.00495580292473,0.0207591614873,0.296457426192,0.558672184878
C000464,2,0.0332690454447,0.0344143446861,0.0338402738632,0.0133895372552,0.0417569573211,0.0344143446861,0.03294050696,0.775974989784
C000465,2,0.0808088571265,0.00444059143643,0.73087724964,0.152734377475,0.0044372835678,0.00444059143643,0.00512360372298,0.0171374455957
C000468,1,0.00323111755379,0.00325076946671,0.751458665273,0.00318360697743,0.0334713843076,0.190029475322,0.00422051467328,0.0111544664261
C000469,2,0.00599893778612,0.00556743460559,0.690677500573,0.207227133175,0.00433113142926,0.00556743460559,0.00640639676025,0.0742240310651
C000470,3,0.0100157045863,0.00993684325905,0.312993797792,0.00909417836078,0.34893091266,0.00996525984323,0.0117292785262,0.287334024972
C000471,2,0.26267488274,0.00841856737788,0.00794388876844,0.0074234127107,0.00841229625041,0.597618927128,0.00986264675108,0.0976453782739
C000472,1,0.0317729827459,0.032152894858,0.0320560905878,0.0321625660848,0.0324381201964,0.0324381201964,0.0328108339618,0.774168391369
C000473,1,0.0111057460154,0.220766619551,0.0112170204657,0.0921640192933,0.578515980966,0.00867929501995,0.0132860688098,0.0642652498792
C000474,3,0.00451297708592,0.00970676816461,0.445228051365,0.151288945435,0.0127358099053,0.188199216075,0.0156990188244,0.172629213145
C000475,0,0.00375653222272,0.00559418154108,0.136264852465,0.81943083756,0.0056027150972,0.0056027150972,0.00640866650492,0.0173394995119
C000476,1,0.0470349747012,0.0255587160405,0.0361734418007,0.0470961106363,0.0593689515343,0.150339734807,0.0548390539916,0.579589016488
C000477,3,0.0316804570488,0.0468768302584,0.00166817853681,0.00116083647873,0.00167736014782,0.0120760922161,0.899400620936,0.00545962437737
C000481,4,0.140175337554,0.347352286823,0.0159159639441,0.0174054881425,0.0147494593875,0.00773867385221,0.0225588111671,0.434103979129
C000482,1,0.00515323948225,0.00983938867978,0.00518283739851,0.0051032832861,0.00621100954917,0.00520870433234,0.850286151426,0.113015385846
C000484,0,0.000807081063267,0.000814852031668,0.000806686111848,0.000661227793795,0.000811326684022,0.000482465363178,0.00344175047025,0.992174610482
C000485,1,0.0504140508906,0.0513284447235,0.0597718220648,0.0590206695357,0.119782082759,0.0755377229101,0.241544280135,0.34260092698
C000491,1,0.00362812321042,0.0074609338253,0.00174104032896,0.00731914562256,0.00891743426818,0.822663298519,0.00791807415094,0.140351950075
C000492,1,0.0404375512883,0.0346712019874,0.411262280479,0.00901618494377,0.00621179827698,0.0620936686049,0.00502963749715,0.431277676922
C000493,2,0.0193705630492,0.0443071311615,0.019474907826,0.0119467934314,0.566770130501,0.0199001921914,0.0966115419265,0.221618739913
C000497,0,0.00770806407751,0.00631139575401,0.00422557172079,0.0772107015633,0.00632102337325,0.0266202846653,0.0145107034938,0.857092255352
C000498,1,0.21601602848,0.0153264015638,0.015164996243,0.567358859119,0.0153457256293,0.0153457256293,0.0235831039863,0.131859159349
C000499,0,0.291801608467,0.0166928024656,0.00772948179652,0.607443888125,0.00340638302212,0.0129141191286,0.00629225447063,0.0537194625249
C000502,0,0.0107565631435,0.00872950435773,0.310787739499,0.00874282064266,0.0617774428181,0.0147562237755,0.549215569381,0.035234136382
C000503,4,0.114994064042,0.00501380445539,0.0180789242843,0.00489855803252,0.00340372129432,0.00256151317125,0.00616241402068,0.8448870007
C000504,3,0.0627152147213,0.0804529166283,0.0624526320994,0.0581033040509,0.211829288296,0.0959264306229,0.0718664695243,0.356653744057
C000505,2,0.00251905126589,0.00402227177825,0.0329235107165,0.916083119174,0.0219286156609,0.00340282423606,0.00445590756841,0.0146646996002
C000506,4,0.0058937916763,0.00656826416751,0.00626280690239,0.00644954841041,0.49898067043,0.432656730833,0.00775486375879,0.0354333238219
C000508,1,0.00216335252139,0.00133846569952,0.00123951358581,0.00212087471333,0.000225098016369,0.00935743634559,0.00139844584831,0.98215681327
C000509,0,0.0165109311177,0.313035895869,0.0165028513647,0.016597786274,0.00893529930646,0.176279123671,0.390618275245,0.0615198371523
C000510,1,0.00757091747038,0.0123776779228,0.0250307774811,0.0111338138985,0.00695676946259,0.77957140869,0.0135382446129,0.143820390462
C000511,3,0.0123828235571,0.0811718254493,0.0123309778561,0.520798464861,0.0178742481523,0.276919324535,0.0162186910115,0.0623036445773
C000512,2,0.00213541772902,0.973783755312,0.00216831657873,0.00198996386406,0.0014812244368,0.0022051001842,0.00233709640928,0.0138991254855
C000513,2,0.0184192204335,0.0206522238042,0.0889171854774,0.0182220363832,0.0206368396275,0.0659993432292,0.0267198114855,0.740433339559
C000514,4,0.0405489119115,0.257078593709,0.0263942652446,0.037748016497,0.198471108846,0.12823228761,0.0486421866596,0.262884629523
C000516,1,0.00777589715271,0.0103204871229,0.0204171326919,0.0101243557331,0.245104477134,0.0103334995556,0.601171172218,0.0947529783915
C000517,0,0.00230229490956,0.00333226882216,0.00335330087626,0.956679091159,0.0016091349881,0.00333735197915,0.0037684350188,0.0256181222469
C000518,3,0.853222790983,0.00403676463481,0.0039810668884,0.0264373469168,0.0310586656621,0.0528184317038,0.00449763724418,0.0239472959672
C000520,1,0.278818957453,0.0304744374729,0.030310065902,0.216716701563,0.0235064884588,0.0304613398874,0.0395408136821,0.35017119558
C000521,2,0.0117539190784,0.504907208351,0.0118105273515,0.0105975387081,0.377007379044,0.012010882679,0.0153561733494,0.0565563714387
C000523,0,0.438921133796,0.366067896828,0.00888823944706,0.034523898318,0.00884596539484,0.00884596539484,0.00987707463629,0.124029826185
C000526,0,0.0557804514226,0.0235455333162,0.0234465708738,0.0235814504792,0.0235814504792,0.0128821989082,0.0170938744861,0.820088470035
C000529,4,0.784694164534,0.0112946339201,0.0111426206111,0.0110350174615,0.0112703832394,0.0111944357149,0.0145468511194,0.144821893399
C000530,4,0.0126177243094,0.0170508258576,0.16982210011,0.0167426467635,0.269136433118,0.0129361156751,0.0196895755827,0.482004578584
C000531,2,0.00386814511295,0.693719438949,0.193703863084,0.00322396414332,0.00397094754994,0.0741089635849,0.00416491013266,0.0232397674437
C000532,0,0.25753571164,0.00480774843174,0.00478066568833,0.675281175862,0.00475792798958,0.00475792798958,0.00509694329479,0.0429818991039
C000533,1,0.338357963884,0.031052462978,0.0310687425563,0.0278287110741,0.0144269988693,0.26094137466,0.0399505887487,0.256373157229
C000534,2,0.186956078625,0.00188338018063,0.0539402194333,0.00164093269687,0.730890260332,0.00188338018063,0.0115088754751,0.0112968730764
C000535,3,0.579561527646,0.0117525776098,0.270366095501,0.0102298832547,0.0170177083112,0.011744361035,0.0181840966303,0.081143750012
C000536,3,0.00510276143794,0.00528428035721,0.606074140383,0.00554834607563,0.00510276143794,0.0067660396689,0.328380998694,0.0377406719447
C000539,3,0.00164545296318,0.0260638845568,0.00724974556574,0.00111277826091,0.00220057933202,0.00117910069616,0.0024361459137,0.958112312711
C000540,2,0.0362753133707,0.0382109851762,0.0925047128331,0.0500051898047,0.0381825211933,0.0197771359075,0.0735353294883,0.651508812226
C000541,4,0.522481800141,0.0165164564885,0.0221349179984,0.0102369760057,0.0225085095328,0.163066260932,0.0330924713895,0.209962607512
C000542,1,0.0101455446411,0.0104460279746,0.820875676018,0.00774634801303,0.0102028636807,0.0102028636807,0.014454409946,0.115926266046
C000543,1,0.00632952081422,0.224509267706,0.00632229986677,0.697285016065,0.00639764610206,0.00639764610206,0.00988595627621,0.0428726470673
C000544,1,0.0106266641766,0.0107275144363,0.0147087323373,0.0105236478658,0.0107410400633,0.145835964336,0.0185148766477,0.778321560137
C000545,3,0.00880496619757,0.0164972898245,0.13990558971,0.0148604690275,0.504764311569,0.0842261764082,0.0182740204232,0.21266717684
C000547,4,0.631689045685,0.0133594021895,0.111855585082,0.0130523253325,0.0130558770422,0.0179509098821,0.0159328040367,0.18310405075
C000548,2,0.00724624458153,0.0114665586862,0.0108718708648,0.0475588050274,0.0957625919127,0.0459728450534,0.0132201008257,0.767900983048
C000549,2,0.271571765416,0.0101399832565,0.00992328302045,0.00883466346436,0.184132711183,0.358424767185,0.0120053343649,0.14496749211
C000550,1,0.0131075779374,0.0131466111751,0.013277994203,0.0131111296407,0.0133819727287,0.0133819727287,0.0202104449135,0.900382296673
C000551,1,0.00945138198442,0.214143997634,0.343562181379,0.382197429217,0.00950477922996,0.00950477922996,0.0120603175337,0.0195751337913
C000552,0,0.00548008397177,0.00550052107215,0.00547740224989,0.0274969514506,0.00550891175539,0.00734419946011,0.00614604550273,0.937045884537
C000553,3,0.0237229285744,0.0097057911726,0.0484511138914,0.131657054209,0.0178762770023,0.0356504145506,0.00464280706448,0.728293613535
C000554,0,0.0105710355903,0.123676521242,0.00654273060343,0.00557607764664,0.0025735397802,0.280963225626,0.55124773203,0.0188491374818
C000555,0,0.516964185693,0.0294665858304,0.0294793114763,0.0201530632137,0.0369074801971,0.0293391026127,0.0345269233204,0.303163347657
C000556,0,0.00455766916685,0.00747750634071,0.0508438893142,0.00740002044945,0.00740002044945,0.876998142429,0.00822049670114,0.0371022551488
C000557,3,0.0537275512019,0.0363528162458,0.0287230960403,0.475583819431,0.0365112923986,0.0430686386843,0.0443080400559,0.281724745942
C000558,2,0.0192382897939,0.0253279734902,0.0209080984222,0.0224078136751,0.0253091062717,0.0253279734902,0.0277424985166,0.83373824634
C000559,0,0.0102494547006,0.0144949789277,0.0144340561829,0.468824520436,0.0118719317453,0.377151933852,0.0284956407604,0.0744774833951
C000561,2,0.029312220183,0.0304514656591,0.0291908587507,0.0282935913941,0.0304287818681,0.0304514656591,0.0306883211933,0.791183295293
C000563,4,0.00557300316306,0.0061315070684,0.00597480857636,0.756368554096,0.00611834212466,0.13804638357,0.00813451031939,0.0736528910822
C000564,0,0.002272912907,0.00228138937369,0.00229578866356,0.0216986714508,0.920294112556,0.00228486948318,0.0412327944749,0.00763946109045
C000566,4,0.0359300423219,0.0611578975806,0.148606777481,0.0588030887645,0.0699804812303,0.0722305950184,0.073403905837,0.479887211767
C000567,1,0.832623923628,0.0130035869026,0.0128443955513,0.0127564656629,0.0130199822817,0.0130199822817,0.0144242388202,0.0883074248719
C000568,3,0.0335981826953,0.576385571279,0.126343482209,0.00942039631431,0.0301843923926,0.0103356159299,0.00717873953582,0.206553619644
C000569,1,0.00381144581139,0.0348673599329,0.00522401368026,0.503826546384,0.3475132924,0.00795947078966,0.00211731867472,0.094680552327
C000571,1,0.571174810687,0.0187036817239,0.0185817523054,0.0133742253507,0.0179394534849,0.0117178106266,0.0202009556108,0.32830731021
C000577,1,0.00463590173502,0.00935061574042,0.00901956037335,0.00852246629774,0.00259714847266,0.013106834293,0.0105990058584,0.942168467229
C000579,4,0.00335404364955,0.79622579897,0.00690515788772,0.0118417820413,0.00227053679862,0.00543647223531,0.00915647850242,0.164809729915
C000580,3,0.807298438995,0.00326212570775,0.00315544423503,0.0722960982036,0.0804707082834,0.00325984505912,0.00383930567028,0.0264180338455
C000582,1,0.00310007041974,0.00792346753151,0.0455975922528,0.00604413613054,0.847398097936,0.00385132358994,0.0113559662277,0.0747293459116
C000583,2,0.00552264649854,0.588784524337,0.00548584503293,0.00494327810388,0.00436536740542,0.0557084784701,0.31899815986,0.0161917002924
C000586,0,0.0268623422526,0.02728640687,0.0271326985871,0.0270036506329,0.122970625164,0.0270036506329,0.551092251159,0.190648374702
C000587,3,0.00319306954616,0.129614159663,0.0112688375258,0.00461490182471,0.0235719833851,0.79897143087,0.00593379681275,0.0228318203725
C000588,2,0.338673593475,0.0253945848121,0.0249709739506,0.023595054975,0.0253756679737,0.023626926171,0.0277080576561,0.510655140987
C000592,0,0.00256687717847,0.00257644993809,0.00442150284451,0.125570789496,0.789642612552,0.0473246586983,0.00301444973301,0.0248826595591
C000594,3,0.209526025378,0.060317386115,0.0172478599059,0.00774077322801,0.00603908571434,0.00856107698857,0.0780541048077,0.612513687863
C000595,4,0.0282376978363,0.0300577793255,0.163061739836,0.187308233012,0.0196930388542,0.0977607650463,0.0521742338504,0.421706512238
C000596,4,0.813224693417,0.01179658067,0.0113386312459,0.0120316086053,0.011673144831,0.0116919295393,0.0138416044278,0.114401807263
C000597,4,0.894145351037,0.00569586429152,0.0207711632659,0.00556494016184,0.00568363471532,0.00565244872981,0.00223171575211,0.0602548820468
C000599,4,0.0166919801391,0.019066900449,0.439222875303,0.225740554878,0.0188673901909,0.0189215668963,0.0299252217963,0.231563510348
C000600,3,0.032392642278,0.0133244748871,0.00974433089764,0.0120911065048,0.0175015871491,0.0133151593524,0.729642329848,0.171988369083
C000602,0,0.0221765932882,0.00398791035688,0.0157641297297,0.00399399365192,0.00595576628533,0.00436476565148,0.0042614878728,0.939495353164
C000604,1,0.00133631463873,0.00268491069269,0.00112444418993,0.00432130018939,0.000605092343319,0.00201313188735,0.00168293751266,0.986231868546
C000605,3,0.0201812045811,0.00670984648869,0.0066101026159,0.869570002392,0.0203216464511,0.0348237804235,0.00776380885654,0.0340196081913
C000606,0,0.00954957285534,0.00570244702408,0.00709822015831,0.00959980803811,0.00484331285169,0.00959980803811,0.86398111992,0.0896257111148
C000607,4,0.655821993058,0.0110192225061,0.0106816950843,0.0107659366056,0.00985908411939,0.0109214675611,0.0134709559532,0.277459645112
C000609,2,0.925489786119,0.00403439950556,0.0413421819517,0.00355966385373,0.0040313942159,0.00403439950556,0.00643296462737,0.0110752102213
C000612,3,0.00383019791492,0.778440908472,0.157522924698,0.00346651724566,0.00383019791492,0.00381090687572,0.00441808417066,0.0446802627086
C000615,4,0.00733762447495,0.102480946679,0.0083276708705,0.00808448011772,0.00825691391391,0.46157387125,0.368479649664,0.0354588430295
C000617,3,0.000295497234581,0.000864236636041,0.000196577063494,0.000768546586807,0.000856467996324,0.000955111348024,0.00125341961228,0.994810143522
C000618,3,0.0101756306269,0.010131463612,0.00748757576765,0.00942767022991,0.0101756306269,0.816288161293,0.01594444878,0.120369419063
C000619,0,0.0228692432194,0.0432435244387,0.0717064661273,0.0501916777293,0.0288595424909,0.139071113834,0.0447664177613,0.599292014399
C000620,1,0.00889080875988,0.00710198582083,0.724752263256,0.00703862971328,0.0247695655525,0.00847012952666,0.148119364099,0.0708572532719
C000621,4,0.0111257663514,0.0122407457934,0.0376950306114,0.0119593821745,0.0122144637182,0.012132154336,0.80036590955,0.102266547465
C000622,4,0.0881169378059,0.0180555732842,0.0233196350118,0.0567726253827,0.441589861826,0.0178953966862,0.12492395091,0.229326019093
C000624,1,0.0194457845069,0.267161727936,0.0191377181695,0.0192572744583,0.0205654150401,0.0196550814989,0.0239872528106,0.61078974558
C000626,1,0.46097844441,0.00530822586777,0.00527046552889,0.00519855532158,0.00530594444937,0.0356349717679,0.464496801881,0.0178065907736
C000627,2,0.00149048564405,0.00105374338171,0.000994328350544,0.00168012901692,0.000375715452453,0.000481296752057,0.00117319971323,0.992751101689
C000628,3,0.0368608243955,0.071896297254,0.0125690274742,0.0114508922551,0.515285957647,0.043103261809,0.0148316178036,0.294002121361
C000629,1,0.72608373433,0.199432693652,0.00330931213884,0.024976740462,0.0033117484171,0.0033117484171,0.00416409063884,0.0354099319443
C000630,1,0.0184689694579,0.0185499247538,0.0183545718822,0.0181974004514,0.0185733131505,0.0268514555929,0.452093905865,0.428910458846
C000631,0,0.0270322377236,0.0320195625535,0.328902501115,0.0185954386226,0.12149317498,0.026850427688,0.0277943337817,0.417312323535
C000633,1,0.00555583415362,0.896640314034,0.00514637578487,0.00547414078332,0.00506052178852,0.00558722281625,0.00865314003532,0.0678824506039
C000635,0,0.00663201691543,0.00760299067026,0.00452649592591,0.02176396728,0.00207377289349,0.00919953847199,0.125555373195,0.822645844648
C000636,2,0.00837651449903,0.000462607428665,0.986651110951,0.000375305579707,0.000462262824884,0.000462607428665,0.000498413334507,0.00271117795363
C000637,4,0.00401875498161,0.132094066642,0.383329428244,0.0696785717273,0.0118990773829,0.0106157412491,0.0157403705533,0.37262398922
C000638,0,0.191099246862,0.518316555593,0.00508106954368,0.00511029909108,0.0027930105016,0.248884562369,0.00540766680404,0.0233075892364
C000639,0,0.00599196699704,0.0069995645374,0.00282673484094,0.0356564381314,0.0111854422576,0.0110374885233,0.00662371188623,0.919678652826
C000640,3,0.00182056839494,0.00181266627326,0.966539750416,0.00163684226506,0.00182056839494,0.00181139898462,0.00204040135095,0.0225178039206
C000641,4,0.00505884582757,0.0272753633861,0.0126542114655,0.202616904441,0.528008646528,0.00566320966089,0.173810090214,0.0449127284768
C000644,4,0.00731765072716,0.00861654478986,0.00850921340621,0.00817099844777,0.00859804422774,0.0400376752574,0.891696405774,0.0270534673698
C000645,2,0.141385613568,0.308296571085,0.470950721438,0.00955925190088,0.0092454943108,0.00952831067166,0.0108751540201,0.0401588830053
C000647,1,0.0233382795248,0.0177815002314,0.0611876769104,0.765932613987,0.0177738579337,0.0177738579337,0.0231837493351,0.0730284641437
C000648,0,0.00638307035615,0.136488903472,0.00644731283686,0.00641664826699,0.745007395924,0.00641664826699,0.00691971697143,0.0859203039062
C000649,1,0.00371146701644,0.654640585719,0.00372632957991,0.218837389669,0.10196146036,0.0037514139202,0.00439879282574,0.00897256090966
C000650,0,0.0081509153986,0.00440196482657,0.0327463082527,0.0473164321157,0.053043179451,0.00356386114927,0.0120410607245,0.838736278082
C000651,3,0.00468696815066,0.00529209763878,0.00692292961984,0.00613861807335,0.00227200280996,0.756169420105,0.186743503314,0.031774460288
C000652,0,0.0441199861316,0.00690786412798,0.171425027574,0.0532702669437,0.00691840162051,0.335379995583,0.347510215263,0.0344682427569
C000654,3,0.00837712756946,0.0118143125154,0.0118289408871,0.0107354293597,0.630311229097,0.0585528807152,0.0134856589084,0.254894420948
C000657,1,0.0169963703081,0.0170708707393,0.0168618872488,0.0167464545016,0.0170923942928,0.0170923942928,0.599586524669,0.298553103947
C000660,1,0.00035506941397,0.000644119540948,0.000281520726718,0.000260379677629,0.000636391331912,0.000636391331912,0.000797447560083,0.996388680417
C000664,3,0.0128348854763,0.343765311809,0.0202710300168,0.245813701764,0.0155362922358,0.0789346312334,0.0247716221063,0.258072525357
C000665,1,0.0365823870237,0.0195621279511,0.0153138444159,0.641403266487,0.0199123454152,0.0199123454152,0.0320432470654,0.215270436226
C000666,3,0.0179232101193,0.672149753134,0.0178253482923,0.0163415928499,0.0179232101193,0.0178329387138,0.0194399932341,0.220563953537
C000667,3,0.685676948725,0.00267053255685,0.0719390604492,0.218627595365,0.00160891485759,0.00264264607456,0.00237732192344,0.0144569800479
C000668,2,0.0123535972193,0.0126552955338,0.0122363969052,0.00950326759108,0.481346135959,0.0126552955338,0.407138230019,0.0521117812381
C000669,4,0.00697799313561,0.00796667349888,0.00785905236553,0.00290853420943,0.339684453221,0.00789599866413,0.0122247823825,0.614482512523
C000670,2,0.00548977291984,0.00483467953061,0.298273333071,0.00422808185193,0.00483107809937,0.00483467953061,0.63654104977,0.0409673252263
C000672,4,0.795646615091,0.00177407476406,0.00172873601826,0.00180043815989,0.00177026565249,0.00175848223047,0.185950507971,0.00957088011305
C000674,4,0.00527155456716,0.92859919792,0.0351366190343,0.0100189258197,0.00236267571689,0.00236632838842,0.00440823417133,0.0118364643821
C000675,4,0.00703813633167,0.00784166023479,0.00773612014125,0.00766141321889,0.00677142712834,0.00777209443153,0.873744439241,0.0814347092727
C000677,2,0.029312220183,0.0304514656591,0.0291908587507,0.0282935913941,0.0304287818681,0.0304514656591,0.0306883211933,0.791183295293
C000678,4,0.0566979348599,0.0170264444035,0.0170222369569,0.604158669023,0.169225502882,0.0168966638101,0.0239202257651,0.0950523222997
C000679,0,0.107541284954,0.00724975964656,0.00392582139222,0.277442809423,0.00348722599183,0.0171376325667,0.546719632111,0.0364958339145
C000680,3,0.0879112322462,0.679876828886,0.00896325479398,0.0723970249792,0.00900094087485,0.0516982512976,0.0105609773796,0.079591489543
C000681,0,0.137868417067,0.0238650728868,0.129611022313,0.11605730118,0.0132848606242,0.0236177703291,0.153396640802,0.402298914798
C000682,1,0.641864017998,0.096864393585,0.195992157782,0.00642483383796,0.0111236442378,0.00430937456946,0.00409325794378,0.0393283200466
C000683,3,0.0464673088866,0.140951638985,0.00262555940953,0.00241241472444,0.00821097731725,0.00259492953243,0.7848798509,0.0118573202442
C000684,0,0.148744493966,0.0167956980377,0.00448313000166,0.758620247011,0.0044618074357,0.0044618074357,0.00513011725644,0.0573026988557
C000687,1,0.0309780680891,0.0164382384635,0.00970611193805,0.0158852717127,0.79040065133,0.0162134216252,0.0629506640617,0.0574275727798
C000688,4,0.0031319311751,0.0226909114593,0.00811243496743,0.00667711448529,0.0115850645987,0.00626310050507,0.0107354178921,0.930804024917
C000694,1,0.00858701032092,0.0245218044607,0.0126857207718,0.0124381194722,0.028021719682,0.00932129799914,0.0156008939954,0.888823433298
C000696,4,0.00316777945819,0.0035442070291,0.527080798204,0.00346274051287,0.424636782141,0.00351748374749,0.00542340494566,0.0291668039614
C000699,4,0.00427167437011,0.01462792871,0.00477275486794,0.0385440715202,0.0047636844635,0.00473197594318,0.91056310271,0.0177248074148
C000700,0,0.00804938528312,0.0129953268364,0.109318260772,0.0130151503531,0.358762886182,0.179968333522,0.0153570051407,0.30253365191
C000701,1,0.0163573226174,0.507967571812,0.0151780764267,0.0146227873843,0.256325976602,0.0151892503554,0.0172191667571,0.157139848045
C000702,4,0.00137952800068,0.00197950136461,0.0254538567762,0.00193400089618,0.0019752511821,0.00101116940031,0.0029326817377,0.963334010642
C000704,3,0.0620530141893,0.0210953750264,0.0466867537896,0.0265864624166,0.0619188531594,0.0588414192364,0.0279573835714,0.694860738611
C000705,1,0.0209963260099,0.0089344808566,0.0215069512348,0.0210020152931,0.322880633065,0.0868158015194,0.029565737425,0.488298054596
C000706,2,0.00715471621156,0.51905254808,0.00459756777098,0.02388564808,0.00469446781663,0.392962395476,0.0220888423007,0.025563814264
C000707,2,0.00365916340628,0.00374852712867,0.00349477117116,0.00319085141858,0.00374573478998,0.949433525902,0.00417456887991,0.0285528573034
C000708,2,0.00530798159457,0.0052029604792,0.00664052442922,0.62546761447,0.0129008900592,0.00686785495785,0.290941850434,0.0466703235762
C000709,3,0.00277652334417,0.00294729914251,0.114122192305,0.00443852022446,0.00488682532771,0.705826455808,0.00206434130954,0.162937842539
C000710,3,0.274064754144,0.0324149767872,0.0319593530776,0.0274990972784,0.0351394232153,0.100051960464,0.0374375895852,0.461432845448
C000711,4,0.0112741295114,0.0063826650623,0.129304372139,0.323897423739,0.00436854647295,0.00916617710554,0.49645514453,0.0191515414392
C000712,1,0.113854365531,0.0180895564485,0.0118674538172,0.0116358235424,0.760415942843,0.009887678404,0.0156323557146,0.0586168236991
C000713,0,0.00259070514881,0.0230696295558,0.00261677932883,0.515729731375,0.0572225581145,0.388099982312,0.00277546628373,0.00789514788093
C000715,2,0.0169086445495,0.114059708252,0.0260917441451,0.0301805350974,0.0153098506954,0.027796923643,0.0363983579574,0.73325423566
C000716,0,0.00269257679014,0.936972560492,0.00455041854412,0.00457659544908,0.00457659544908,0.00709645571625,0.00380113137459,0.035733666185
C000717,3,0.0273787458844,0.0348691927075,0.505050320631,0.0313953226695,0.0350212011647,0.0348448146229,0.0362861585469,0.295154243773
C000719,1,0.543640006366,0.00389939626677,0.0211595278715,0.0071641792218,0.120726401839,0.00763670986761,0.238920227404,0.0568535511643
C000720,3,0.48403182721,0.0254593085482,0.112067259745,0.0233305278113,0.0142179555886,0.0254415091922,0.0321776882558,0.283273923649
C000721,2,0.00217159433718,0.00223487363626,0.00169563349638,0.00197069033406,0.00115314773979,0.00140804649964,0.000951353629093,0.988414660328
C000724,4,0.0229335013775,0.0627737822598,0.0234050876963,0.659752425959,0.0306842578298,0.0231312408511,0.0279784487659,0.149341255261
C000725,1,0.0388976037114,0.0155040125198,0.0154859484814,0.0151836920279,0.0899267065662,0.654168677556,0.0181759020538,0.152657457084
C000728,4,0.00393201495555,0.0349398718199,0.907929547134,0.00747070650711,0.00436461705203,0.00434066848901,0.00604553729526,0.030977036747
C000729,0,0.0175830978687,0.0306989073521,0.0395203132352,0.018693479313,0.0236422125194,0.0291479855187,0.032801708447,0.807912295746
C000732,1,0.00956964209024,0.0128274100017,0.0269665291191,0.012792789963,0.0130570569508,0.011309040049,0.0149303144133,0.898547217413
C000734,1,0.00764651225874,0.00768002932444,0.00758600955474,0.00753407741274,0.00768971257519,0.00768971257519,0.819841597702,0.134332348597
C000735,2,0.00327864237469,0.00579310642899,0.834949635917,0.0051114203062,0.00578879104999,0.00579310642899,0.110279347223,0.0290059502713
C000737,3,0.0778360790125,0.00600555761938,0.551914435474,0.00548038662735,0.00603173819533,0.32594328292,0.00695524145527,0.0198332786954
C000738,3,0.0179549166539,0.0245064780679,0.0256974643614,0.0229680160662,0.0247009677399,0.0256317230426,0.0324506515334,0.826089782535
C000739,2,0.0142672808511,0.840883462099,0.0111936196851,0.0100859734633,0.0301129414482,0.0083318504638,0.0096874301521,0.0754374418377
C000741,4,0.00472326157338,0.0193765929944,0.00552391299344,0.00422769024275,0.0029806613117,0.889748256682,0.0473708452039,0.0260487789989
C000743,4,0.00216597910872,0.00844458230894,0.00161348939261,0.000834981973562,0.00161042302911,0.00133503644274,0.00202973190413,0.98196577584
C000746,4,0.00535688545694,0.0103114895992,0.00700646948939,0.00613887914388,0.0125032565124,0.0091772395167,0.0715036716372,0.878002108644
C000747,4,0.0128295535123,0.0143224685973,0.782184989616,0.0139932548661,0.0142917168602,0.0152704788034,0.0177351695714,0.129372368173
C000748,2,0.0231666910424,0.0234652423649,0.0226227202621,0.0881593510068,0.692325645484,0.0221071274552,0.00905673357018,0.119096488814
C000749,3,0.294368225701,0.0102431861008,0.490585150897,0.0207037234451,0.0228880439648,0.0152393036673,0.0387563063328,0.107216059892
C000750,3,0.00201671804535,0.00141358588855,0.0086910478811,0.0012528929826,0.00104828050976,0.00105630736687,0.00165819436848,0.982862972957
C000752,0,0.0166540910296,0.0345436453356,0.0256479933384,0.0257955369275,0.0331660873716,0.00929312605744,0.0289515891194,0.82594793082
C000754,3,0.00946410069282,0.207628442516,0.00589578199401,0.00521956867443,0.00598438615486,0.00595424540745,0.709335004606,0.0505184699546
C000756,2,0.0334555754686,0.0342467985243,0.0319284668562,0.0307903001041,0.454168866874,0.0342467985243,0.0395101221925,0.341653071456
C000757,3,0.100538795011,0.0212380448792,0.0211562514908,0.0919862402678,0.108843919827,0.0510413383117,0.0296240183946,0.575571391818
C000758,2,0.00192978371539,0.00201372649924,0.00190928900779,0.00172751978173,0.00161337844143,0.00194792905551,0.00216289046382,0.986695483035
C000759,0,0.632331580212,0.00936719293126,0.138880865307,0.00927012510412,0.0154986173616,0.00857340373882,0.00936673146373,0.176711483882
C000761,0,0.872792718369,0.00435087823034,0.00433259138457,0.0803767530268,0.00435751520901,0.00435751520901,0.0048186879219,0.0246133406489
C000763,0,0.451946819275,0.0057800702932,0.00575577651884,0.00578888741038,0.00578888741038,0.00392933533585,0.49614169328,0.024868530477
C000764,3,0.0127379000745,0.0177145633373,0.725985141011,0.0201369299056,0.0133442747227,0.0180020570158,0.0259607295482,0.166118404385
C000765,2,0.106124533167,0.0404666598864,0.0396018522701,0.0346076819242,0.0135708840585,0.0404666598864,0.0401559622374,0.68500576657
C000766,3,0.0290236323533,0.0402232659034,0.0405627859069,0.0372736540917,0.040398614861,0.0401951446278,0.30796614357,0.464356758686
C000769,0,0.0346917740418,0.0072822958116,0.073804837732,0.0325093426766,0.00729340447505,0.0131759237911,0.00776439814947,0.823478023322
C000770,3,0.018198469065,0.0693832404973,0.193186310945,0.0162119173236,0.0337886445308,0.0126989409717,0.019754470579,0.636778006087
C000771,0,0.00502515369161,0.00504389420197,0.00507572940536,0.00505158833094,0.00505158833094,0.00505158833094,0.904484574221,0.0652158834875
C000772,3,0.00817374100821,0.00813826313427,0.608933802156,0.149523328432,0.00817374100821,0.00617242672894,0.183157061004,0.0277276365284
C000773,3,0.0961982047153,0.173679628953,0.615093742491,0.0106856591371,0.0278334426653,0.0121477966794,0.0139824428079,0.0503790825503
C000775,1,0.0150062793198,0.0207321747689,0.0211552287839,0.020676220473,0.021103339383,0.021103339383,0.0291673790555,0.851056038833
C000776,1,0.00536428741468,0.00542053023493,0.00458794066394,0.241411962304,0.0054220237955,0.0054220237955,0.0279197116527,0.704451520139
C000778,3,0.753868426975,0.00980825264647,0.00578797977022,0.00532618142183,0.00585380708783,0.189897085748,0.00687189263246,0.0225863737179
C000780,0,0.0168969598825,0.0140139417601,0.0439055489274,0.547461217524,0.019547165851,0.0525518939863,0.0151745425487,0.29044872952
C000781,4,0.00637957399741,0.0060915017197,0.336497159788,0.488720068502,0.00717404288889,0.0013182465216,0.00908417767269,0.144735228909
C000783,2,0.0461229656367,0.015241350138,0.0803537124314,0.0229276215045,0.0253009147595,0.0258251215581,0.0284869586692,0.755741355303
C000785,3,0.00661492466069,0.00222182042823,0.00234561726135,0.00589772609991,0.00418375405632,0.00225995067723,0.0025805390679,0.973895667748
C000786,2,0.00291116606218,0.0090007793597,0.887488949908,0.0078762679563,0.0100507154367,0.00367614742329,0.008886504944,0.0701094689098
C000787,0,0.00973008148008,0.00586533071912,0.0098280099905,0.00978126622194,0.801989141714,0.00978126622194,0.0115976128726,0.14142729078
C000788,3,0.00214221196086,0.0033529437752,0.00324779956009,0.00307842988986,0.00619201509811,0.00336253225381,0.950607730157,0.0280163373046
C000791,3,0.0157399758238,0.49421723977,0.0199843260176,0.0140780103873,0.0108642069138,0.00866268199304,0.0190119765797,0.417441582515
C000792,1,0.0343541013193,0.0613220973309,0.0344916722607,0.118998888112,0.0347238580686,0.2492427736,0.0411511735991,0.42571543571
C000793,1,0.00933069181951,0.0288350972503,0.00940788545215,0.00459099546956,0.0094311190216,0.0094311190216,0.752083992491,0.176889099474
C000794,2,0.0116883914637,0.165932574679,0.0117513541455,0.0227988512738,0.706246722168,0.0120079749848,0.00960361739074,0.0599705138949
C000795,3,0.00643331997066,0.210774661936,0.01254330305,0.0129501100668,0.264042221662,0.43120082637,0.0177277122914,0.044327844652
C000797,3,0.0132513101543,0.0177676662328,0.414867448115,0.015870719316,0.366017928383,0.038124314014,0.0207129737059,0.113387640079
C000799,1,0.0176482009797,0.0177007558016,0.0180099932792,0.0203747963097,0.0152802826388,0.0180176494353,0.0224274047486,0.870540916807
C000800,0,0.0107756036718,0.00732060699964,0.00728983831249,0.00733177410429,0.766434404395,0.136669390648,0.00832837180344,0.0558500100657
C000802,1,0.00469121366994,0.556677943596,0.0028187631544,0.28062724825,0.00785135130209,0.0986524439145,0.00751852293315,0.0411625131799
C000803,2,0.0172114059806,0.50179280193,0.214575232431,0.0130336059877,0.0125304629203,0.0181720382257,0.0167762754622,0.205908177063
C000804,3,0.832944159632,0.00631435614471,0.00431500947433,0.00386806168511,0.0552535921156,0.00380629999447,0.00489919482464,0.0885993261295
C000805,1,0.004882063916,0.792542352257,0.00326532322838,0.00322077117334,0.163009365056,0.00328730423603,0.00395333738763,0.0258394827456
C000806,1,0.00877337569272,0.00325158033551,0.0154459462025,0.00953751546655,0.294588992203,0.557858835608,0.015791199485,0.0947525550064
C000807,4,0.0809097925133,0.00551366337535,0.00543917975286,0.00508623032734,0.0376160803966,0.004991904161,0.00680378991479,0.853639359559
C000808,4,0.00540561723037,0.0282316984304,0.00450180216843,0.00599259462719,0.00254663756414,0.0475483102656,0.00390773202993,0.901865607684
C000810,1,0.00600494530932,0.00991176610774,0.00899940360071,0.00506227627973,0.00992426321061,0.00608443478893,0.848571769312,0.105441141391
C000811,3,0.0284820462077,0.174729804298,0.0366274581767,0.13883584671,0.0455775459016,0.0365962064434,0.0670287177623,0.4721223745
C000815,0,0.00855243391152,0.00328710738347,0.00863850997523,0.0376180035301,0.00468972123757,0.0183195723131,0.00944496768184,0.909449683967
C000818,1,0.0213335577199,0.0117525979989,0.0116288290997,0.0115292506557,0.590853848521,0.0117674160873,0.0159752396826,0.325159260235
C000819,2,0.7040593549,0.00512891981369,0.25447475163,0.00446867409377,0.00512509919808,0.00395318493782,0.00552269369237,0.0172673217342
C000821,0,0.00234038941329,0.00236292381907,0.308204791173,0.660164947128,0.00522472216672,0.00235270094719,0.00265176227478,0.0166977630778
C000822,3,0.00245617625555,0.000821861509683,0.000821988268987,0.00229702678289,0.00108980653739,0.00486779199226,0.000954288865366,0.986691059788
C000823,2,0.248732256428,0.198415456497,0.00634912843024,0.00565260638616,0.00648294501879,0.00876142428202,0.498053235301,0.0275529476566
C000825,2,0.00349113238497,0.00790314190055,0.469086302174,0.00934202231148,0.00414039601839,0.0107157717576,0.0106162777251,0.484704955728
C000826,0,0.537734792093,0.0832876767793,0.0974340396147,0.00874139146432,0.00874139146432,0.215700958626,0.00870108561366,0.0396586643449
C000827,0,0.000745307534381,0.000530798150873,0.00470919301487,0.000407703398899,0.000749228197721,0.000395426560271,0.000791227419178,0.991671115724
C000828,0,0.00202412614375,0.0041207960837,0.0573332928182,0.811067832811,0.00323479293861,0.00277043300274,0.100463439562,0.0189852866398
C000829,4,0.0203694732505,0.0240264772687,0.0229517022278,0.0245051662636,0.0250373369992,0.0280557402321,0.0251024907459,0.829951613012
C000831,4,0.00123972692463,0.034256957873,0.812816165142,0.0418920029631,0.00199707577501,0.0934884647403,0.00216150673683,0.012148099845
C000832,3,0.00255734570037,0.00246958511884,0.00237834740107,0.0105686629214,0.00170965594257,0.00203093742572,0.0106918997084,0.967593565782
C000835,0,0.540958337804,0.00815974276224,0.00812544716731,0.0135567668174,0.0152303573163,0.126672843372,0.185106194163,0.102190310598
C000836,3,0.311486809398,0.0170904213218,0.00754473186567,0.00674735666769,0.00751419583386,0.00747635010118,0.538131060937,0.104009073875
C000837,2,0.00641269963074,0.00643868311743,0.125561901364,0.00567598393303,0.134689799816,0.675332708517,0.0217930951581,0.0240951284635
C000838,2,0.0769991000524,0.0116177570401,0.00473465544155,0.326491434662,0.0148896069686,0.524647674052,0.00833668331354,0.0322830884693
C000840,3,0.00183114928204,0.00331337200533,0.00335323944425,0.00306878987913,0.928002114901,0.00332284731978,0.00362706249372,0.0534814246745
C000841,2,0.409422180831,0.163289871692,0.0255583247886,0.0213174561178,0.019731076577,0.121072395663,0.0305184079113,0.209090286419
C000842,4,0.00260154216655,0.00292377453621,0.0029424981611,0.795783805318,0.0116267807637,0.113167341967,0.00376961694561,0.0671846401414
C000843,1,0.0256816630276,0.0280564237665,0.0277609561017,0.0275232371716,0.0734983960679,0.0280917982911,0.0323390644555,0.757048461118
C000844,2,0.148933573684,0.162771084674,0.00807179481221,0.319839281412,0.0834607388239,0.0217841818564,0.0231759233247,0.231963421412
C000845,1,0.00928938947074,0.306005773427,0.00936624140543,0.00919933688068,0.00609036823556,0.0164856932622,0.549686500368,0.0938766969508
C000849,4,0.0046102655678,0.00392644710902,0.257726474785,0.00507550964278,0.687470218079,0.00512953455754,0.00587844058583,0.0301831096735
C000850,3,0.00795792090871,0.00792337979534,0.00785977564748,0.756601568885,0.00795792090871,0.00784064154533,0.008466648843,0.195392143466
C000851,3,0.0113073693516,0.287018867881,0.00737907351924,0.00565552908227,0.0053154960258,0.635397900619,0.00839029056728,0.0395354729545
C000853,4,0.0276361307554,0.0353362762893,0.337849658092,0.0737917898281,0.0454795891658,0.0321974994998,0.0332918435279,0.414417212842
C000854,4,0.00391303975866,0.565271985015,0.102485692676,0.00404208316096,0.00403933101023,0.290781314788,0.0114050534815,0.0180615001094
C000856,0,0.184760308651,0.0126195271579,0.0204009390222,0.0185183750795,0.0214782732985,0.0965013016152,0.0248639505395,0.620857324636
C000857,2,0.460632532384,0.0217033527601,0.00568335054942,0.00524761850271,0.00601846651059,0.0060229531061,0.470011649722,0.0246800764658
C000858,4,0.166648641223,0.00521812901858,0.00516136866895,0.770673280036,0.0052069251866,0.0051718373755,0.00695246173064,0.0349673567608
C000859,4,0.0162676181641,0.0178943475853,0.426089846964,0.415950724589,0.0178559266756,0.0167289697732,0.0250723839481,0.0641401823008
C000860,4,0.547943736004,0.0207976520228,0.026437122955,0.0107959951567,0.0987878567099,0.0261281936813,0.0367078262336,0.232401617237
C000862,3,0.00534667740937,0.00532347031889,0.00514937658233,0.0691738480591,0.00534667740937,0.879435405491,0.00609498728044,0.0241295574497
C000864,4,0.416426446667,0.0116188304899,0.00911282991805,0.0180972879737,0.005791553354,0.00538260651594,0.481475097294,0.052095347787
C000865,2,0.000936307356183,0.0020482770497,0.000666986378388,0.00178460239609,0.00147650104651,0.00494715443444,0.00219645698093,0.985943714358
C000866,1,0.00398293433599,0.848473713748,0.00517862891329,0.00595684260889,0.0180899563942,0.00610240759835,0.0778854268643,0.0343300895374
C000868,4,0.0171131673105,0.0200812764306,0.0194211318901,0.0173186677936,0.0200381599714,0.0114239474076,0.0243281381248,0.870275511071
C000869,1,0.154026787822,0.039353469316,0.0348585794163,0.037432043428,0.040058007813,0.040058007813,0.0517858906879,0.602427213704
C000873,4,0.045879850269,0.0277058530413,0.0273329628326,0.0272050934439,0.0276463658724,0.0274600658146,0.564755139168,0.252014669558
C000874,3,0.00835929356111,0.473258328624,0.0659867941988,0.110944170134,0.00993933870837,0.0168473599347,0.0338372788571,0.280827435982
C000875,2,0.00106683641232,0.911378805617,0.00197815535341,0.00179468197574,0.000888288416102,0.00155149165479,0.00477578961785,0.0765659509525
C000877,2,0.00496123571056,0.00754802177677,0.00301030305724,0.00284719719726,0.00174672857699,0.762130248722,0.203884175373,0.0138720895868
C000878,0,0.039502196553,0.00338467600509,0.0033704501305,0.00207859818127,0.0033898391058,0.609482213556,0.32294323379,0.0158487926782
C000880,2,0.00169454760969,0.00234224673794,0.00218368871146,0.00204072937368,0.00234050196033,0.00415422403303,0.967683092751,0.0175609688227
C000881,3,0.0299658845733,0.00347417881786,0.0031977225032,0.00456925873984,0.23716769206,0.00441848439842,0.699716437171,0.0174903417363
C000883,0,0.014033161633,0.0222802781981,0.219212812692,0.0141069825724,0.0141069825724,0.0441787100155,0.587458342803,0.0846227295137
C000885,4,0.163175980385,0.00282673386469,0.00280724139904,0.0213424342153,0.431818439176,0.357921823984,0.00325353916663,0.0168538078099
C000886,2,0.00186440452476,0.12655512744,0.00185877018658,0.00166105209128,0.00189794631729,0.000907784170034,0.856402079931,0.00885283533932
C000887,0,0.0730694383737,0.00118627944294,0.912336702486,0.00118808903423,0.00118808903423,0.00118808903423,0.00136064369551,0.00848266889867
C000889,0,0.0179825479968,0.00355395201305,0.0266552261346,0.00353857631798,0.924459620166,0.00353857631798,0.00352265733047,0.0167488437231
C000891,2,0.0521018647787,0.0520862547819,0.21921313104,0.0147117350873,0.0107063317805,0.600499868036,0.0129709489424,0.0377098655524
C000892,3,0.00818433975218,0.00814881587471,0.889322894858,0.0204817690844,0.00818433975218,0.00814311879637,0.0101853565491,0.0473493653332
C000894,4,0.00753487794317,0.501862850644,0.00862795602156,0.00533759617063,0.00895929147402,0.00838414960947,0.0978009476965,0.361492330441
C000895,1,0.494115864037,0.0104183825861,0.292815743426,0.0105148150139,0.0106049011253,0.0106049011253,0.00910129224247,0.161824100443
C000896,2,0.00800935162152,0.00491283670301,0.0166802295418,0.0145522518399,0.68180900908,0.0169631951329,0.0199669366275,0.237106189453
C000897,0,0.0725361373312,0.0124253295059,0.0138726477294,0.0106094751471,0.447531075177,0.368606054296,0.0107620646049,0.0636572162085
C000898,4,0.0168007926705,0.86642012231,0.00311280574315,0.00306252799411,0.00482424963613,0.074698286717,0.00362600662772,0.0274552083018
C000899,3,0.124767037262,0.368334326564,0.0193579963954,0.320987300165,0.0352515995477,0.00733784836989,0.0107353066567,0.113228585039
C000901,2,0.0255424714802,0.0262408526901,0.0247612694183,0.0229484648022,0.0904459609626,0.0896778730501,0.0975514059348,0.622831701662
C000902,3,0.725507574144,0.0169914944534,0.023578515158,0.0178066872998,0.00927223224773,0.023328703316,0.018649331891,0.16486546149
C000903,3,0.00764988715131,0.00761668304908,0.606637557749,0.00692993513905,0.00764988715131,0.307822254564,0.00957871156895,0.0461150836272
C000904,0,0.0448797527276,0.0209166801271,0.0209257133509,0.0208261869257,0.0117369216725,0.4588959702,0.0234245910245,0.398394183971
C000905,2,0.0266807446204,0.0273323390944,0.660363221238,0.0231792725539,0.0273119787915,0.0273323390944,0.0284947473057,0.179305357302
C000907,3,0.0101415533856,0.0111249946625,0.0121330716389,0.488787391788,0.011173492868,0.38736478481,0.0129775570437,0.0662971538026
C000908,2,0.00362697623543,0.0073451658662,0.0041289333107,0.0136649237193,0.00830622495088,0.0681063685484,0.0357458029761,0.859075604393
C000911,3,0.0526568650343,0.483065761555,0.0261978733154,0.0240022470946,0.0459265126375,0.0259142619264,0.0301058926749,0.312130585762
C000912,3,0.0121883590012,0.0126315419406,0.0139639833039,0.00229507604774,0.00254373223586,0.00673109439749,0.00282503503997,0.946821178033
C000913,4,0.0319177274198,0.0396112957,0.0370651037192,0.0388953554091,0.0412778514437,0.0392598915941,0.046605516797,0.725367257917
C000914,0,0.00495907235589,0.00497756642643,0.931210388072,0.00498515937673,0.00498515937673,0.00498515937673,0.00517880359666,0.0387186914191
C000916,1,0.272892636686,0.0176449287521,0.0388209292119,0.432596975736,0.017667176098,0.017667176098,0.0219621526849,0.180748024734
C000917,1,0.867925673105,0.00773448827483,0.00769277035995,0.0364336484515,0.00773116407493,0.00869907667757,0.00958530270311,0.0541978763531
C000920,3,0.00529167706526,0.0052687087021,0.00527075109004,0.00490626204462,0.00529167706526,0.899463278906,0.0301398094313,0.0443678356959
C000921,3,0.0217250261893,0.0178559152011,0.0178355895055,0.0221966286506,0.0162301570356,0.025281497147,0.0950744136026,0.783800772668
C000922,3,0.0334750838582,0.0405427869948,0.0410543725579,0.0370803428482,0.0242629315136,0.0274113635299,0.659484005366,0.136689113332
C000923,2,0.0141492677462,0.014739139531,0.0144932737434,0.204963617299,0.0147281601068,0.0188081057016,0.586094528168,0.132023907703
C000926,4,0.00579578433642,0.612345929086,0.218263639857,0.0137751023033,0.0139985374059,0.0139217277222,0.0164290321835,0.105470247106
C000927,3,0.50032371478,0.00713995498963,0.414950775593,0.00815578619504,0.00717108084767,0.00713496323579,0.00845866836539,0.0466650559936
C000929,0,0.0014906038104,0.00439465386084,0.00243840385047,0.00167958590415,0.0139491552433,0.876113245269,0.00483119137776,0.0951031606845
C000930,3,0.0993368498888,0.02202883815,0.0217248926015,0.0200151965087,0.0221248704766,0.666214132131,0.0294919970992,0.119063223144
C000931,1,0.0216212299973,0.0481261899029,0.0215744358841,0.0213033099335,0.0217433829405,0.0217433829405,0.0252170405172,0.818671027884
C000932,1,0.021914917609,0.0150410747282,0.0220407871515,0.0217024714523,0.735355616883,0.0221507901362,0.073167870451,0.0886264715884
C000933,2,0.00314211925662,0.938125464739,0.00315553746652,0.00281988173993,0.00322204474597,0.00334968581226,0.00337446555032,0.0428108006894
C000936,4,0.0584792860786,0.0404095102847,0.296348032413,0.0109610612382,0.45584928682,0.0785340328221,0.0141476511734,0.0452711391698
C000937,1,0.00124692693923,0.000420063204046,0.000984592978357,0.00135062820757,0.00155634612837,0.00111759775172,0.00476936093373,0.988554483857
C000938,2,0.018498456485,0.191295225737,0.042269745435,0.0529772508806,0.0444915023906,0.0431928133143,0.0491297513563,0.558145254401
C000941,2,0.00936329732646,0.764612068196,0.0144976153617,0.0129071752254,0.0406228463222,0.0148827173627,0.0168146122148,0.126299667991
C000942,2,0.0173032865219,0.0536853446741,0.0167740752778,0.151767454152,0.0177631503508,0.460195334229,0.197329354084,0.085182000711
C000943,1,0.00983571988767,0.00987883293825,0.00843835111436,0.00980726437574,0.00989128851783,0.760221712631,0.0115246443802,0.180402186155
C000944,4,0.00854002831125,0.215049127821,0.00526965096124,0.0044854760248,0.00242965877318,0.387986945305,0.348397175872,0.0278419369325
C000948,1,0.260122329582,0.0279420250888,0.085932238103,0.353279785615,0.0279772553756,0.0279772553756,0.0301123683269,0.186656742534
C000949,4,0.0228085268638,0.0120398563322,0.0120721030857,0.011706435697,0.0120140055863,0.0119340367422,0.848374479944,0.0690505557489
C000950,2,0.00188580487997,0.00193736647983,0.000929166664582,0.00168796934112,0.000938116018835,0.0194421486181,0.00198895993196,0.971190468066
C000951,2,0.0629664532637,0.00747286484715,0.00734820887269,0.00651088314143,0.806782165273,0.0045537660099,0.00766614814175,0.0966995104507
C000952,2,0.0525870036985,0.0130960407742,0.0242664995882,0.594560455318,0.190955203801,0.0217163264196,0.0214675127986,0.0813509576024
C000954,0,0.00576819499667,0.424522240889,0.00576537228541,0.0449379081552,0.0045051744309,0.462762977674,0.00634666131015,0.0453914702593
C000956,2,0.00527249930721,0.0683049943988,0.00504122360621,0.0047111903077,0.00540323978911,0.104258744014,0.788726822709,0.0182812858685
C000957,4,0.0136087293154,0.865962421268,0.0010767403059,0.00214379860782,0.11308905578,0.000696802340128,0.000858652551388,0.00256379983189
C000958,2,0.00441236852375,0.00784512284196,0.00758544410183,0.00705332168455,0.00783927888264,0.896604727281,0.0092029529867,0.0594567836971
C000959,3,0.0245772973188,0.0742201042787,0.0243009203333,0.0225932860331,0.0408913038688,0.0236355274323,0.0289098693783,0.760871691357
C000960,3,0.0712836522244,0.124644504005,0.0126426959235,0.559612309791,0.0163044955276,0.012631908766,0.0147566652679,0.188123768494
C000964,0,0.0021091084783,0.097545005117,0.0021080763696,0.0021202033672,0.0021202033672,0.0433868538371,0.844757600043,0.00585294942066
C000965,1,0.545415866359,0.0126858766325,0.110149245178,0.012444793185,0.101088369872,0.0127018714314,0.0190034393657,0.186510537977
C000966,1,0.0155473416938,0.421351801089,0.0156759662167,0.0484241027136,0.0157146793421,0.0157146793421,0.418787184034,0.0487842455692
C000967,1,0.00375502482407,0.936235386515,0.00372531334938,0.00369981067891,0.00377623949754,0.00377623949754,0.00464375893212,0.0403882267051
C000968,4,0.000905244616764,0.00101779234513,0.00573501551077,0.000994397550215,0.00101560704569,0.00101003443095,0.982774485627,0.00654742287354
C000969,0,0.0164092560224,0.0231600327717,0.663998316988,0.0122946406983,0.0449758057533,0.0106204252011,0.0124781771496,0.216063345416
C000971,1,0.0103086203487,0.191907292295,0.0103939044699,0.0102086871975,0.719029966934,0.00724289410622,0.0166688713746,0.0342397632739
C000972,0,0.0127190622935,0.0127664960106,0.203474623027,0.0127859704609,0.595956494393,0.0127859704609,0.0783125088622,0.0711988744921
C000973,1,0.00957558532207,0.477812714565,0.0392297616152,0.0150272741587,0.0153376999915,0.0153376999915,0.019064100077,0.408615164279
C000974,3,0.388155770768,0.135062932015,0.0303538755123,0.0189087882968,0.0209933871239,0.0208876525737,0.0262528409206,0.35938475279
C000975,1,0.0514813029408,0.000905535709344,0.000894450040885,0.000888326833921,0.938794236554,0.000906677440576,0.00161019535761,0.00451927512242
C000977,2,0.00823499230343,0.00843610646105,0.00815686577336,0.00801705035169,0.00842982226844,0.0105787106017,0.885045694944,0.0631007572965
C000979,0,0.0307198041714,0.019645719156,0.00573024753459,0.0101629865502,0.0396367805013,0.00353156685354,0.0109566158095,0.879616279423
C000980,0,0.00416622441032,0.00418176168072,0.917853781619,0.00418814068321,0.00418814068321,0.00487271011603,0.00481992673979,0.0557293140676
C000981,4,0.0040498905515,0.00453422724527,0.00422297301506,0.00445227496587,0.00152296095831,0.00346566112752,0.00648096428889,0.971271047848
C000983,3,0.0538731597501,0.0100179011632,0.0216496345839,0.00916348446959,0.832719155102,0.010010897352,0.0122801935679,0.0502855740117
C000985,2,0.00258138022121,0.00107790585686,0.00261981339689,0.000258485995537,0.00169098149884,0.000739819994165,0.0236281315236,0.967403481513
C000986,0,0.399567385417,0.0130172146286,0.0113301440036,0.318791407632,0.0350228679636,0.00828176067371,0.00809177029434,0.205897449386
C000987,3,0.0152829122174,0.00511866199492,0.0237480611762,0.00457801909704,0.0235872999481,0.0102320881846,0.0155525810854,0.901900376296
C000988,0,0.0111850655779,0.0112267784986,0.00659164759845,0.011243904211,0.712439220976,0.011243904211,0.0128546498563,0.223214829071
C000990,4,0.0350610264051,0.0157074087335,0.14307473305,0.610985457093,0.0156736833949,0.057753068492,0.019573463274,0.102171159557
C000993,2,0.0032150876646,0.789554753549,0.00223824182689,0.00201676028895,0.115738837757,0.00210549417821,0.0789662321277,0.00616459260828
C000994,2,0.0342315096542,0.0255384504934,0.0249926716582,0.700387366625,0.0206259571922,0.0255384504934,0.0273802436516,0.141305350232
C000995,4,0.00256071364081,0.0140553667957,0.0351824189741,0.0209550689986,0.00751658945602,0.00267068302236,0.00513613376529,0.911923025347
C000996,4,0.00250258654478,0.00696536085695,0.000490655607802,0.000498044754045,0.000489698308518,0.986746036361,0.000663768316322,0.00164384925073
C000997,3,0.00196431185485,0.961937032735,0.0019397127103,0.00180986581026,0.000885211426565,0.00111686267484,0.00216109961028,0.0281859031778
C000998,2,0.0222488995145,0.731530875702,0.0212493414423,0.0194014108404,0.0227752815867,0.022792259911,0.0247255184094,0.135276412594
C000999,3,0.00039662892135,0.000498053628052,0.000385732670837,0.000358785497207,0.000190033804938,0.00077587104281,0.000431776943482,0.996963117491
C001000,3,0.147299750951,0.0241700308733,0.146098280866,0.0218472525362,0.0168373705211,0.0239176403394,0.168144747443,0.45168492647
C001002,3,0.00591823189763,0.000972472383047,0.000972622371726,0.00439759328069,0.979848943744,0.000971792498824,0.00112219215017,0.00579615167403
C001004,2,0.00817337240666,0.00839684842053,0.00811890719987,0.743752756477,0.00302047307263,0.156681187561,0.0102508449182,0.0616056099442
C001005,1,0.013039215041,0.0108530412908,0.853661850564,0.0106288121424,0.013450469447,0.0164385288322,0.0128565202611,0.0690715624217
C001006,2,0.908470926688,0.00469122563539,0.00530990389769,0.00406089265502,0.00546141952552,0.00546549085836,0.00613481737333,0.0604053233664
C001008,0,0.00835675273913,0.909663898498,0.00844085936756,0.0084007131348,0.0084007131348,0.0084007131348,0.0052884405325,0.0430479094588
C001012,1,0.00952863818609,0.00724488080959,0.00444953323685,0.00719239427516,0.00503691393723,0.795444745143,0.0198843950458,0.151218499367
C001013,2,0.0105097535187,0.0109233330581,0.010078091941,0.00941422062688,0.0917620784354,0.0664720165894,0.0118012226778,0.789039283153
C001017,0,0.0630161722072,0.0173697959227,0.107761566228,0.0594683536176,0.0759630747735,0.0143368438964,0.0293129992021,0.632771194152
C001018,1,0.0210932164339,0.0234300357747,0.0235373752746,0.0239291138722,0.0234595771869,0.0258481112626,0.0291236176219,0.829578952573
C001019,4,0.00282740238168,0.213187743998,0.0572895991075,0.00562500781233,0.0047208852017,0.640841766966,0.00711098180303,0.0683966127294
C001020,2,0.00444340122831,0.00455982386624,0.00432333864036,0.00401905720282,0.00455642717944,0.4216238273,0.520790472091,0.0356836524914
C001021,4,0.000244715476576,0.0174950386911,0.00180642909072,0.00176534306926,0.00180299605406,0.00179325177032,0.00225265027496,0.972839575573
C001022,4,0.00818021624588,0.0649596283815,0.0189684493892,0.00906300804671,0.00925631285539,0.0443635649434,0.108089531067,0.737119289071
C001023,3,0.242821572647,0.0181771151196,0.431985497778,0.00900193863155,0.0362856369658,0.0598328715434,0.0208726341628,0.181022733152
C001024,1,0.00505795133703,0.00546652759578,0.0654695417536,0.02056578839,0.0054734199858,0.000635429653953,0.0069894558805,0.890341885403
C001025,3,0.0150929732299,0.830609271636,0.00322877204312,0.00328828268997,0.0766023233444,0.00463545371456,0.00513581887105,0.0614071044711
C001026,1,0.0159741700216,0.0160217397236,0.0166580398717,0.0131281113713,0.016823286093,0.0163085742168,0.0177608979043,0.887325180798
C001027,3,0.00874740189598,0.0476827856147,0.00871077735862,0.755646356344,0.122546382063,0.00870334504132,0.0098678928362,0.0380950588464
C001028,4,0.00889455492596,0.321359700317,0.0104573002084,0.00709891139605,0.00704204560442,0.513027008207,0.0994865887621,0.0326338905787
C001029,3,0.0108349731592,0.253330023582,0.0106253468668,0.0099797606896,0.00831022793484,0.64995874863,0.0131815461552,0.0437793729821
C001030,2,0.00118146358413,0.00487918875059,0.00477491625554,0.00425109090421,0.014383029165,0.00309228991173,0.202157213887,0.765280807542
C001031,4,0.0508873932772,0.189256458681,0.0284523025685,0.0450163644703,0.0306680401052,0.0282709275629,0.0370103460035,0.590438167331
C001032,4,0.0421793757021,0.0218375070755,0.198089681048,0.0213355539983,0.0406721329922,0.0173259198198,0.568507697609,0.0900521317558
C001033,2,0.0587641903394,0.0123349479681,0.0116952230485,0.0107470704233,0.0123257594652,0.0123349479681,0.740208150847,0.141589709941
C001034,0,0.164861275832,0.0641440767536,0.0229231772486,0.0237992116455,0.430834314099,0.0958274414648,0.0232497393736,0.174360763583
C001035,4,0.017582889657,0.0173177093946,0.19877173064,0.0169196475879,0.0172805265834,0.656095727247,0.0186092528837,0.0574225160067
C001037,1,0.00421481935738,0.0211134760035,0.00424968892798,0.00973240255914,0.0016442195369,0.0145009613896,0.00463286878443,0.939911563441
C001038,4,0.000596090829004,0.00256306289241,0.00262330050451,0.00198285619371,0.00743778604931,0.00254352646923,0.00139583324769,0.980857543814
C001040,1,0.00276989271048,0.00673579527678,0.0214820161417,0.00320768760529,0.0027997053525,0.909728565199,0.00363268037161,0.0496436573425
C001041,2,0.342304834137,0.00811046050482,0.0493919192832,0.00743432802474,0.0127692969965,0.443530428051,0.0167416641567,0.119717068845
C001043,0,0.90517547783,0.00275155677088,0.00234965466556,0.0253985943808,0.004253168126,0.0395982110446,0.00296997445742,0.0175033627246
C001045,1,0.016681458497,0.0355010394478,0.0253476818887,0.0298330154536,0.272082086671,0.0594111045921,0.0447851243037,0.516358489146
C001046,4,0.012649721474,0.765076865219,0.0139350469331,0.0146770868163,0.00519456840291,0.0148891205131,0.0476794864561,0.125898104186
C001049,2,0.00388500911599,0.0116795137134,0.0114299123763,0.804540771033,0.0131860222332,0.0116795137134,0.0131228649192,0.130476392895
C001050,1,0.0338397506349,0.225304624375,0.0787631741299,0.033511703544,0.211782505955,0.153009134575,0.0444786021416,0.219310504645
C001051,2,0.0134642432852,0.0313974517652,0.0232132953227,0.102637538491,0.413007478027,0.0355494385557,0.102505864946,0.278224689607
C001054,0,0.00541098583506,0.0106636932297,0.00700217306975,0.390419316673,0.0110496836976,0.0166511707283,0.00818366045208,0.550619316315
C001055,2,0.0178560817955,0.0250806921884,0.0246623174167,0.0233034056424,0.0250620091738,0.0250806921884,0.0231373844242,0.835817417171
C001056,0,0.00332078897132,0.00218699833519,0.0938617393877,0.0503197742429,0.775190045212,0.021869692556,0.0370402863667,0.0162106749285
C001060,2,0.0269007129523,0.027557679471,0.198614092008,0.0229969766954,0.0275371513083,0.027557679471,0.0302401317306,0.638595576364
C001061,3,0.131678460589,0.00574976971549,0.00566310837353,0.00506926366428,0.00842376039121,0.00487151767261,0.0125966225033,0.82594749709
C001062,4,0.00806813102366,0.00921176050333,0.00908778037208,0.00900002060486,0.220359880496,0.019600549602,0.452883745392,0.271788132006
C001063,3,0.832331877929,0.00787585750858,0.00761829291628,0.00715796981984,0.0523170492391,0.00787035126351,0.0255672770331,0.0592613242903
C001064,4,0.00544367255356,0.00602288574047,0.612257815769,0.00588444475357,0.00503573008527,0.301887033738,0.0080381746989,0.0554302426616
C001065,4,0.116636758883,0.0589321478125,0.43873702523,0.0868550728447,0.0942069781266,0.0217064691162,0.0277571729771,0.155168375009
C001066,2,0.0209880472651,0.021672924347,0.0202057791241,0.0194854956823,0.6955915823,0.021672924347,0.0291778591067,0.171205387827
C001067,4,0.020270210218,0.00631744554461,0.0103289063848,0.10876719089,0.0101658503534,0.0101100705439,0.0138511172691,0.820189208796
C001068,0,0.0262125548971,0.00461430748785,0.902460523412,0.00891256802981,0.00459434430753,0.00459434430753,0.00553718473481,0.0430741728231
C001070,1,0.171304676068,0.0162032102463,0.0162117049486,0.0334210305064,0.506373142571,0.0246732854508,0.0191863403535,0.212626609855
C001072,1,0.582999446554,0.111614131606,0.0255720058547,0.0198016164373,0.153863742465,0.0202106682192,0.0235913602607,0.0623470286033
C001073,4,0.193016428172,0.0271381493645,0.0202836705371,0.0390101105086,0.162218260803,0.0468881455636,0.0385276727747,0.472917562277
C001074,3,0.0115704831331,0.0115202618034,0.0111291127155,0.010496174306,0.0115704831331,0.388279112626,0.513724560669,0.0417098116139
C001075,0,0.00177741663533,0.00275302555258,0.00289052023833,0.00178676667128,0.0057184128997,0.00169380443263,0.00197518787961,0.981404865691
C001077,2,0.0149181476862,0.678055192775,0.0184475567758,0.016715916855,0.152073887795,0.0189567895267,0.0442080586461,0.05662444994
C001078,3,0.0187594261952,0.43756331588,0.352007759509,0.0278416006866,0.0310203786871,0.0308641425462,0.0229251527383,0.0790182237574
C001080,1,0.821479035774,0.006815221039,0.00674344861845,0.00668570401539,0.047932593974,0.00682381390908,0.00907032474517,0.0944498579252
C001082,2,0.0456965773786,0.0210595295759,0.119721444449,0.0279472104303,0.294926975732,0.0242298363428,0.0121454521722,0.45427297392
C001083,3,0.120404345699,0.534411628907,0.0144841830674,0.0131487526753,0.0071461180215,0.106760880092,0.0162045144799,0.187439577058
C001084,1,0.00314899100752,0.00310954258304,0.0102286845533,0.00221129455215,0.00310820613507,0.933999913057,0.02237374072,0.0218196273916
C001085,4,0.411262618117,0.47614465506,0.00281175765305,0.00692180781415,0.00366446493658,0.0356081723213,0.00903743226632,0.0545490918313
C001086,4,0.00205645197394,0.0138947507877,0.000821931959739,0.0039770919922,0.00406191934783,0.000766548923749,0.00495785233045,0.969463452684
C001088,3,0.242627375412,0.04047209353,0.00151304817134,0.00139923906453,0.00151940979523,0.00149701758807,0.706295318411,0.00467649802805
C001090,4,0.218402385424,0.0480119088336,0.0480024783714,0.0350393170457,0.0479088225822,0.0476498995746,0.050741893719,0.504243294449
C001092,0,0.00298014771734,0.00435158506123,0.706709285105,0.25177727427,0.00435822311812,0.00435822311812,0.00469045971697,0.0207748018934
C001093,2,0.00233793003438,0.0023991867087,0.92106807979,0.00205492942445,0.00239739951558,0.0023991867087,0.00257582841565,0.0647674594022
C001095,1,0.00126400406909,0.981650875145,0.00125400269049,0.00124541806569,0.00127114528248,0.00127114528248,0.00176143725218,0.0102819722124
C001096,0,0.0107776496221,0.0109477918911,0.0108861213934,0.0140021403919,0.0108343450583,0.556406035661,0.0122427343639,0.373903181618
C001098,3,0.369116944362,0.00259313627574,0.605743938583,0.00235358083416,0.00260444077159,0.00259132333742,0.00308810957822,0.0119085262577
C001099,4,0.00509179735796,0.0349433469252,0.00650795836349,0.012010173413,0.0150688555595,0.0123313983494,0.112210079129,0.801836390902
C001100,2,0.0153680374145,0.015686575645,0.0146246753609,0.0141033437439,0.0156748904602,0.015686575645,0.728682756217,0.180173145514
C001102,0,0.777274346535,0.0149200446365,0.0148573353303,0.0103359186125,0.0149428041836,0.0149428041836,0.0111441655294,0.141582580989
C001104,1,0.0229439797391,0.0578933477165,0.0195554663855,0.0192552991892,0.353899013369,0.14871927337,0.0243402414749,0.353393378756
C001106,1,0.0407293239196,0.00655913357613,0.521146371017,0.327360206842,0.0688373431632,0.00656740356215,0.0174555996069,0.0113446183134
C001107,0,0.625448754059,0.153920720707,0.00865478810497,0.00504723172861,0.133436027825,0.00870457595711,0.00889777594851,0.0558901256696
C001108,2,0.00554919245135,0.90331128734,0.00556941102974,0.00495842676673,0.0474568713398,0.00569103334791,0.00442615287557,0.0230376248492
C001109,2,0.0195564340785,0.0647038961557,0.0196276882833,0.0174744608421,0.725919502443,0.0200563090004,0.0205374734946,0.112124235703
C001110,4,0.0989673872315,0.0780248630181,0.0216952983444,0.0216383393351,0.02209986326,0.0219509393175,0.0303632454456,0.705260064048
C001112,0,0.0058293359527,0.0072535402818,0.00582648332164,0.881461608052,0.00865040755079,0.0392488850045,0.00594420147816,0.0457855383589
C001113,3,0.023886503425,0.0237828247842,0.0230050537844,0.024278190032,0.0878285437102,0.0564726885682,0.0262688696201,0.734477326076
C001115,1,0.00306073436611,0.00307415052649,0.00506160033468,0.00301572911594,0.0030089734373,0.00307802652346,0.961249197522,0.0184515881738
C001118,0,0.00996592768399,0.621792667309,0.026272467931,0.0148842730914,0.111830950407,0.0706894707093,0.0241112243579,0.120453018511
C001119,3,0.0324350608785,0.0224997741115,0.0320703216545,0.108820122174,0.257144161013,0.0319570511904,0.0392919608852,0.475781548093
C001120,0,0.00149689293596,0.0328417261697,0.00151195843112,0.00150476728713,0.00150476728713,0.950851012651,0.00162935363691,0.00865952160127
C001121,2,0.0020301780442,0.0209454486487,0.277257873495,0.0813109094531,0.00211690973931,0.564065459111,0.00253545223631,0.0497377692722
C001122,3,0.00246712467681,0.00248950286588,0.0024199008366,0.00217883382786,0.0485747167119,0.00132484192159,0.00284037308337,0.937704706076
C001123,4,0.0324713628859,0.198034588306,0.00870708680231,0.597229965296,0.015191506227,0.0150891355031,0.0469407749707,0.086335580009
C001125,1,0.761413268449,0.0135824740981,0.0141026905465,0.0161249888715,0.0143006319507,0.0207480234154,0.0300760046228,0.129651918046
C001128,4,0.00817252610139,0.0083599100871,0.140255910095,0.0278456662552,0.00796899203075,0.708285637502,0.0121611886786,0.0869501692496
C001129,1,0.0114072050173,0.011534939539,0.0802804083139,0.00915562376379,0.154107124355,0.146347125153,0.522815085315,0.0643524885426
C001130,3,0.0052707387795,0.00524786129834,0.0158341678821,0.00476306081083,0.0052707387795,0.00524419236319,0.930726541708,0.0276426983785
C001132,3,0.0225589597386,0.0224610432608,0.022127153142,0.0204694093291,0.422584907756,0.239216285917,0.0267530516227,0.223829189234
C001134,0,0.673738298611,0.0133008336,0.199621682548,0.0133211231471,0.00897376701842,0.0133211231471,0.0125554605052,0.0651677114232
C001135,3,0.0284616652868,0.0283381282953,0.0272723987114,0.0225635337906,0.0121761363775,0.0283183162712,0.0646169621163,0.788252859151
C001136,0,0.00160136496338,0.00160733699897,0.887784122776,0.00160978888588,0.00525818315641,0.0897881569601,0.00185006111603,0.0105009851429
C001137,2,0.00654641055452,0.163495157278,0.0129545527549,0.664964886611,0.0376447104768,0.0133980366028,0.0115342371376,0.0894620085846
C001138,0,0.00173636486043,0.00176377612983,0.00175384052337,0.933471696117,0.0494604488292,0.00174549894501,0.00193411570476,0.00813425889012
C001139,1,0.031789495033,0.0321696045839,0.0320727500049,0.0321792808367,0.0324549781527,0.0324549781527,0.0323081897711,0.774570723465
C001140,3,0.74355886089,0.135876733916,0.00479218582019,0.00604852560848,0.00523380253238,0.00664994160203,0.0803928467182,0.0174471029127
C001141,2,0.00827680024149,0.00849366270072,0.00805315758446,0.00763640500156,0.00596854742626,0.434027742621,0.00887007439462,0.51867361003
C001143,0,0.00649813100573,0.29575098505,0.00382002819068,0.0456671890461,0.110223136349,0.521708255327,0.00415508156486,0.0121771934668
C001145,3,0.0137025146506,0.0117567017006,0.0101004837027,0.00897532830924,0.854829261711,0.010091865643,0.00901980519863,0.0815240390845
C001146,1,0.00440620819001,0.0111389146338,0.579679842478,0.0100272772916,0.0043720289544,0.354643826528,0.0128095070852,0.022922394839
C001147,0,0.00533192934343,0.00535181392473,0.928582761006,0.00535997776498,0.00535997776498,0.00535997776498,0.00615781140407,0.0384957510264
C001148,1,0.0265888793456,0.00814981853302,0.00814032301466,0.00807711481429,0.0154946464293,0.00814631582864,0.0500872736205,0.875315628414
C001149,2,0.00979742552908,0.450119434716,0.0094977768036,0.449154949691,0.0100578085269,0.010065306337,0.0114942755413,0.0498130228542
C001151,3,0.00960068074164,0.00255798802874,0.0024832578805,0.00138270256876,0.00664718188404,0.0114499891772,0.00277872186188,0.963099477857
C001152,3,0.00790682364278,0.00787250431554,0.00776388248874,0.00722265817083,0.00619242994031,0.454562080337,0.451748321884,0.0567312992214
C001153,0,0.020244112138,0.02031960933,0.174341981225,0.0158980919032,0.00642846893095,0.395477740802,0.0227131725386,0.344576823132
C001154,3,0.00536508196914,0.00534179499423,0.263386097303,0.00496372816326,0.685506051025,0.00533806038726,0.00608142526636,0.0240177608915
C001156,1,0.0186319177038,0.0163998193837,0.0162540163726,0.0165516159209,0.016693422573,0.016693422573,0.0507907645143,0.847985020959
C001157,4,0.00122064988989,0.00327705907951,0.00372645403757,0.0144515191307,0.00324276892813,0.0168980553987,0.00294051669784,0.954242976838
C001158,4,0.00529774530918,0.00453397626066,0.00715557770897,0.00702762712304,0.00651581380584,0.007102430834,0.889672657418,0.0726941715401
C001159,0,0.0263883482975,0.0057874565593,0.0301445412112,0.82124822775,0.00269264850169,0.0020830495835,0.0487001839257,0.0629555441715
C001160,3,0.0197731874356,0.00446660374047,0.00440497523721,0.00396965326776,0.884960971053,0.00446348100561,0.0273027639571,0.0506583643034
C001161,2,0.0117477674336,0.929022214917,0.00414547861942,0.00196241573829,0.00528623582083,0.00518990805571,0.006851934771,0.0357940446442
C001163,4,0.0104662714897,0.286548194843,0.0118155932706,0.0115296511633,0.00630226363333,0.0441690643893,0.0148838738375,0.614285087374
C001164,4,0.000605548301743,0.00119380663815,0.896835741007,0.0186058842514,0.0730885977256,0.00118470709098,0.00149862057241,0.0069870944126
C001165,3,0.956649971317,0.00204407854597,0.0019746756563,0.00184078549088,0.0020529894843,0.00202273367974,0.00213712608423,0.0312776397419
C001167,0,0.00818180845341,0.00533478788317,0.0248461334754,0.548695938869,0.0188116036843,0.0188116036843,0.0184709430718,0.356847180878
C001168,0,0.00757853910001,0.00514204386389,0.00757483048273,0.00761840573096,0.00761840573096,0.0296903914097,0.859108420987,0.0756689626945
C001170,4,0.077260634107,0.00288979618853,0.00281209588881,0.0028233718442,0.00288359151424,0.882167040798,0.00378638155435,0.0253770881045
C001171,2,0.0150343611165,0.0092650030134,0.857746102497,0.00807231940616,0.0177786331575,0.00808043751998,0.00991088206621,0.0741122612236
C001172,4,0.817931657498,0.0101231426988,0.00868225677993,0.00848435445082,0.104543509356,0.0086177707476,0.0124698019808,0.029147506488
C001173,2,0.898802089716,0.0706376728867,0.00350440705234,0.00319594057665,0.00362167644145,0.00332438260038,0.00432201054894,0.0125918201777
C001174,2,0.192755880269,0.589765571437,0.00536544783645,0.0603692120761,0.00554499398526,0.00554912762048,0.00600229022943,0.134647476546
C001175,0,0.000816381855828,0.0138718366563,0.00189475606936,0.00236908559009,0.00236908559009,0.000310814049469,0.00502402286828,0.973344017321
C001176,3,0.487298751434,0.0156129023385,0.314911274965,0.0175069014918,0.0374825800338,0.019222156984,0.0237718797524,0.0841935530003
C001177,4,0.00211238364488,0.141018679565,0.00390437244353,0.0751336918788,0.00547103010125,0.0050194758671,0.747432795631,0.0199075708685
C001180,3,0.0478129426299,0.027107315267,0.0273878894386,0.32610989823,0.229285255487,0.026467745765,0.0289604074037,0.286868545778
C001181,1,0.0254660426167,0.0203327742036,0.262345851876,0.51098164975,0.0218914213763,0.0203240353958,0.0255496208265,0.113108603955
C001182,2,0.00103868146515,0.00276683368659,0.00267524966677,0.0900810884251,0.00276477262728,0.846703048662,0.00323288997337,0.0507374354937
C001183,0,0.00370920211205,0.00155912402154,0.0148012907088,0.00156150236273,0.00215145747575,0.000324458453395,0.00165838467475,0.974234580191
C001184,3,0.00500295180665,0.922633169214,0.00608969988252,0.0056516617202,0.00615895869548,0.00612793870219,0.0072398954805,0.0410957244982
C001185,0,0.00242528417324,0.0024343288843,0.00244969347206,0.00243804229295,0.148633436201,0.825575402284,0.00271645210832,0.0133273605836
C001186,3,0.00207226196102,0.73233342675,0.00746286666929,0.00505771017146,0.129711764009,0.00744842658593,0.00990459165823,0.106008952195
C001187,1,0.0113765054862,0.021704545984,0.012081422424,0.0210580500859,0.0556088129103,0.7386651183,0.0235848608852,0.115920683925
C001188,1,0.0161700986998,0.0162409773229,0.0160421534795,0.0159323324483,0.0162614545176,0.581553946875,0.0220070635706,0.315791973087
C001190,2,0.122640439625,0.0302584986703,0.029256922408,0.385130107904,0.0370254758903,0.0306696677417,0.0331510992765,0.331867788484
C001191,2,0.00632873238641,0.00661311786825,0.00616457222088,0.00566825269606,0.724265514204,0.223554031146,0.00596244737846,0.0214433321
C001192,1,0.0302274305244,0.0448568825597,0.0453546362706,0.045272077342,0.201295849414,0.233961850511,0.0949628739927,0.304068399385
C001193,2,0.00597008137173,0.148177983143,0.0123360218419,0.0139355529562,0.0144396164106,0.478197990173,0.0120589684331,0.314883785671
C001194,0,0.012578017555,0.0118453509558,0.00859332478183,0.00284268974957,0.00699775598524,0.0556964638161,0.012610119273,0.888836277883
C001195,0,0.389992127032,0.0217195880886,0.0401794866523,0.040410624644,0.0363325302966,0.0158222796441,0.0241635552843,0.431379808358
C001197,0,0.0276633969614,0.00417100432722,0.00174139447128,0.00407579585049,0.00837537322216,0.00423959909257,0.00843977989503,0.94129365618
C001201,3,0.028688952689,0.115079390439,0.0286064718369,0.0282506095153,0.0292661019967,0.143528331722,0.0354229137952,0.591157228005
C001202,1,0.0157043348198,0.0158801873352,0.0157945335363,0.05404005739,0.0174453980215,0.0167029396191,0.0187800133796,0.845652535898
C001203,4,0.0528458548532,0.00679957070868,0.00663514429331,0.036320565228,0.0985304234568,0.711982514988,0.00864379700861,0.0782421294631
C001204,1,0.0488712261351,0.0128703873572,0.552186248405,0.0126257974527,0.0290662518936,0.0890457720345,0.121679899034,0.133654417688
C001205,4,0.161808413468,0.235326003246,0.00729039782249,0.0087169936463,0.0166709303262,0.218872406452,0.251375737412,0.0999391176272
C001206,1,0.0072245576453,0.0147040625012,0.0134819941836,0.721825655502,0.0149673068421,0.0149673068421,0.0179326391318,0.194896477352
C001207,0,0.0279088219994,0.0286904220929,0.0278951645994,0.0280556353485,0.0280556353485,0.0280556353485,0.0278505972471,0.803488088016
C001209,1,0.0250689324884,0.025306844246,0.0429128024986,0.0251235053359,0.299160590062,0.0746597154904,0.296416076494,0.211351533385
C001210,1,0.0031416705631,0.0032919625731,0.00438226219729,0.193185488455,0.00335089802158,0.00335089802158,0.75806827997,0.0312285401988
C001211,2,0.79411116472,0.0129702088564,0.012092192597,0.0205973307637,0.00911705039034,0.0129702088564,0.0151339306681,0.123007913148
C001214,2,0.00175954414346,0.101316917727,0.0254254413928,0.00161903944174,0.83862862049,0.00183608175362,0.00196581462296,0.0274485404289
C001216,0,0.00484185670462,0.0713929653017,0.00483948730424,0.00486732711677,0.00486732711677,0.342706398045,0.550040513372,0.016444125038
C001217,3,0.314436438603,0.00409399176664,0.0562386607323,0.45568350257,0.105752434578,0.00924513473048,0.00722271242773,0.0473271245919
C001218,2,0.00607784950627,0.0537943274091,0.00734913166318,0.0066219104292,0.123608549555,0.00980158807499,0.754579528424,0.0381671149387
C001219,4,0.0120783410795,0.0605188147563,0.0136865572589,0.288791784916,0.024613582553,0.0135678045367,0.0125587640221,0.574184350878
C001220,0,0.669078172169,0.291204452795,0.0036429404135,0.00366389692641,0.00366389692641,0.00366389692641,0.00399137189987,0.0210913719433
C001221,3,0.00253301894194,0.00252202445036,0.0025257365025,0.00553029996891,0.00253301894194,0.0346103736618,0.00296483045047,0.946780697082
C001222,1,0.0166978486461,0.00204722745006,0.799856962368,0.00200832177049,0.0233111039803,0.113270004545,0.0357501867697,0.00705834447034
C001223,2,0.0151140454698,0.418041436125,0.0153390726704,0.103773073385,0.0156623646621,0.0156740405093,0.0147978712308,0.401598095948
C001224,4,0.00720319423071,0.000999431377149,0.000195881280401,0.00941324952502,0.0013859793785,0.00336854302995,0.00172990679085,0.975703814387
C001225,3,0.0131881664874,0.299155190569,0.021580332126,0.0121319379449,0.0131881664874,0.0141454903577,0.0187736660725,0.607837049955
C001229,1,0.0128773126578,0.0877330624247,0.80527074481,0.00317009484336,0.07470348654,0.00319725476169,0.00491778202397,0.00813026193835
C001230,3,0.0148639232965,0.00334390078237,0.00287849003265,0.00155540419567,0.00172783313898,0.00171913079578,0.00192450356765,0.97198681419
C001232,2,0.00134270015243,0.00368573849453,0.00233871226167,0.00218548205243,0.00100578241555,0.00131726942429,0.00285765615746,0.985266659042
C001234,0,0.0279102074953,0.0286918463903,0.0278965494174,0.0280570281329,0.0280570281329,0.0280570281329,0.0278023361962,0.803527976102
C001237,0,0.00633204972652,0.861743371955,0.00639577870956,0.00636535924519,0.00636535924519,0.00636535924519,0.00694902985916,0.099483692014
C001238,4,0.0700437882035,0.0360668675125,0.0355796431825,0.0570939610511,0.30042839899,0.0357498719414,0.0419094108112,0.423128058308
C001239,0,0.49676584113,0.00618985897637,0.00622892708755,0.00619930119925,0.00619930119925,0.00619930119925,0.433497672937,0.0387197962716
C001241,3,0.00512419989804,0.00508385314044,0.00492873094287,0.0046199995302,0.00512419989804,0.893152061098,0.00575715817711,0.0762097973155
C001243,3,0.0178868212504,0.0178091840474,0.0172045062879,0.0162197863249,0.0178868212504,0.733747993676,0.0195576027387,0.159687284424
C001244,0,0.00274068166795,0.341104859799,0.00938130045517,0.00855425871833,0.00855425871833,0.0964072693033,0.489973694928,0.0432836764096
C001246,4,0.0155051198345,0.107565256274,0.0134681585373,0.688919550253,0.0101719926436,0.0227021913494,0.0255522332001,0.116115497908
C001247,1,0.0472393224686,0.0457587415373,0.0229474483398,0.0251079549185,0.0125920581377,0.0297596282741,0.466834306539,0.349760539785
C001248,2,0.000673278005791,0.00144288104232,0.0013452054359,0.000714120562073,0.00401541158302,0.000849325839436,0.00168324838891,0.989276529143
C001249,2,0.015946955757,0.00616131777628,0.110042483586,0.0052659075607,0.339716491633,0.468582201568,0.00649582059304,0.0477888215259
C001251,3,0.0385672922698,0.012846653791,0.0101936637168,0.0104223430087,0.0293090325692,0.110641666744,0.176668487817,0.611350860084
C001252,0,0.819768323798,0.00776001530224,0.00772739977143,0.0995970295269,0.00777185269536,0.00777185269536,0.00802080189167,0.0415827243187
C001254,4,0.00921768821676,0.0105268583437,0.0102578310377,0.666481072659,0.0105042561521,0.0104334713141,0.0139160164973,0.268662805779
C001255,0,0.254487487662,0.0359267184018,0.0240617521803,0.023947310195,0.456569598368,0.023947310195,0.0262100011556,0.154849821842
C001256,4,0.757808209015,0.0138188795473,0.0401195424179,0.013501241225,0.0137892090651,0.0137135479616,0.0832412879609,0.0640080828067
C001257,3,0.0116540009643,0.0107302720808,0.015573655444,0.0177318852077,0.0188385529816,0.710336554541,0.0128697212521,0.202265357529
C001258,4,0.00473254714545,0.867737297306,0.0053327401756,0.0052846747338,0.00537039328714,0.00533420391656,0.00631659793732,0.0998915454977
C001259,0,0.735340214656,0.0148522407612,0.0186429595984,0.0212631763,0.0122360622666,0.0256703683467,0.0190323281628,0.152962649909
C001260,2,0.0334555053516,0.007057652938,0.00665970911548,0.00150898375545,0.0106283485221,0.0341686821923,0.00772357963938,0.898797538486
C001262,0,0.0219176017629,0.0906127203127,0.0165531500238,0.157011127055,0.0178020890243,0.00859467646803,0.0205144125575,0.666994222796
C001263,4,0.00669855113177,0.0485058706157,0.57364417914,0.200942572323,0.0621839428034,0.00731971087526,0.0182173922128,0.0824877808982
C001265,4,0.0107403278362,0.422698482073,0.012209503826,0.293132257183,0.0179600807309,0.0760184567762,0.0844090442504,0.0828318473246
C001266,0,0.891223047077,0.006541400888,0.00777985318149,0.00435312404499,0.00370853610303,0.00655137936495,0.0076470318828,0.072195627458
C001267,1,0.00621332578255,0.0345024977126,0.00624383242083,0.00612196460979,0.00384884935687,0.00600921392727,0.847523940682,0.0895363755083
C001268,3,0.00243878155284,0.00409596874933,0.00545149881982,0.0744393905103,0.00411382468007,0.0927322110875,0.00430002835985,0.81242829624
C001269,3,0.0117695718151,0.0117184863471,0.0117202937406,0.664358210412,0.102518546249,0.0117102936065,0.0153377001967,0.170866897633
C001270,0,0.0586743105087,0.00454501768586,0.00207704066861,0.70118538254,0.0226609930653,0.184797184778,0.00444440275155,0.0216156680021
C001271,2,0.0107849250892,0.0110675035386,0.0107011618721,0.00998772403397,0.859397098016,0.0120724934865,0.011356679258,0.0746324147058
C001272,2,0.014243739737,0.0147264281281,0.0138960825227,0.0129856243755,0.366064614048,0.0140308710031,0.16394607669,0.400106563496
C001274,2,0.00238118067666,0.00194450370291,0.00348067957375,0.0123593993804,0.003554039669,0.00112500254822,0.00786852167686,0.967286672772
C001275,0,0.0420702685293,0.0422271628954,0.0420496811149,0.0422915776559,0.0360465555715,0.198003063914,0.0478310830203,0.549480607298
C001276,0,0.00427399606656,0.00431514817617,0.00431701174625,0.00925924218009,0.00429647926835,0.935280997843,0.00476269480173,0.0334944299176
C001279,4,0.34958888458,0.498806093166,0.0136756237388,0.0379941371074,0.0138324300857,0.0137392177432,0.016777702036,0.0555859115427
C001280,2,0.00190826876008,0.0621150870129,0.00537322970479,0.00490026489067,0.0055530362614,0.00900874005823,0.888244578251,0.0228967950609
C001281,2,0.0160071647084,0.0267115756079,0.351433090392,0.025403948852,0.0454786993946,0.0193050276849,0.0288201739996,0.48684031936
C001282,0,0.70102426014,0.0159570148404,0.0157971039625,0.0158879789633,0.0128300622968,0.0135044868409,0.0176435541552,0.207355538801
C001283,1,0.0237845768962,0.234159819135,0.245824182791,0.0235540060111,0.0240405727599,0.0240405727599,0.0350276569063,0.389568612741
C001284,2,0.0163197969306,0.0169540803355,0.0166712667897,0.0157526677647,0.016941450966,0.0169540803355,0.550626236342,0.349780420536
C001286,0,0.0180343513853,0.0192945953889,0.0451966383833,0.0114669438686,0.483841353187,0.015526535799,0.188039117702,0.218600464287
C001287,3,0.00618499215663,0.485455971291,0.140002376086,0.0297316873535,0.211288792807,0.00637487474139,0.0187501291468,0.102211176418
C001288,3,0.216839780795,0.178448788365,0.200879953552,0.00977123903472,0.0072701377267,0.331987663311,0.0120981203703,0.0427043168443
C001289,1,0.0207233704207,0.016427230071,0.0162811833645,0.0165792803211,0.0167213239892,0.0167213239892,0.0197753808246,0.87677090702
C001290,2,0.0216142051073,0.0221805241602,0.571207074364,0.0179946839639,0.0221640015278,0.0383168996021,0.0237966300886,0.282725981186
C001291,1,0.163568355151,0.0113948324393,0.00725596827125,0.737070637726,0.00857957262062,0.00857957262062,0.0105762694004,0.0529747917708
C001292,1,0.00584255514452,0.0058681648994,0.00580636611157,0.0057566458089,0.0168974083868,0.00587556368784,0.891215311656,0.0627379843047
C001293,0,0.779275739552,0.0251327182022,0.000921411070971,0.000917028675564,0.00119763203531,0.000917028675564,0.188688646982,0.0029497948065
C001294,1,0.0105788896546,0.849427109707,0.00668451752393,0.00670672039748,0.00676418050114,0.00676418050114,0.0117634506873,0.101310951027
C001296,1,0.0107340061002,0.0663237445175,0.00478705486783,0.779338423549,0.0137288237049,0.00635664295672,0.00519505111658,0.113536253187
C001297,3,0.0117477824947,0.540444274293,0.226969518302,0.0601429048774,0.030257098402,0.0198167098427,0.0326053999613,0.0780163118269
C001299,4,0.00393126039011,0.00436682199571,0.864308899063,0.016180961737,0.00435744600295,0.00433353678733,0.0837634185486,0.0187576554748
C001301,3,0.00213619762324,0.0101404378834,0.00260100558988,0.00724655069725,0.00261194153997,0.00151191774964,0.0353742865323,0.938377662384
C001304,2,0.00873378126367,0.0269465951976,0.00764258419867,0.012995241967,0.0604409224593,0.0199329610829,0.0150125678044,0.848295346027
C001306,0,0.00125499399057,0.00129014070584,0.98168812771,0.00126159584108,0.00126159584108,0.00126159584108,0.00138240350873,0.0105995465614
C001307,1,0.00285410973759,0.00286662019731,0.0047772712827,0.61396127093,0.0908379301055,0.0278916457158,0.246051094614,0.0107600574174
C001308,1,0.00206558026915,0.00205109197122,0.00206800788907,0.0020455562564,0.00208781232345,0.00283389386172,0.00256823719619,0.984279820233
C001309,3,0.0144029224412,0.0913512755344,0.0143426187788,0.0131030990195,0.717411795138,0.011750034898,0.0115609588597,0.126077295331
C001310,0,0.289118608499,0.00310435618693,0.0736482411882,0.00554044702421,0.603137231846,0.00473859984193,0.00517695659848,0.0155355588158
C001311,3,0.00827899959191,0.0123544465909,0.326706847745,0.0145022477395,0.0354194023789,0.0874221069315,0.0193923825814,0.495923566441
C001312,0,0.762598691302,0.00852769005386,0.00849184796762,0.130117290837,0.0331778078862,0.00854069848434,0.00930775109967,0.0392382223697
C001316,2,0.0240988997131,0.0308833703864,0.0206020270934,0.0189990125662,0.021789869215,0.0218061129424,0.369194160583,0.492626547501
C001317,3,0.00271045034601,0.00246933548606,0.00242948426388,0.00107664356735,0.0117101634636,0.00105891910318,0.00289346189127,0.975651541879
C001318,0,0.00941555180062,0.0125431399061,0.0124904207876,0.0125622736413,0.0125622736413,0.0781671593971,0.28996000495,0.572299175875
C001319,0,0.0225301375585,0.0113731773003,0.527027171081,0.0127820848477,0.0171337083423,0.115296654122,0.0404844486958,0.253372618052
C001320,3,0.749715949465,0.0165495486496,0.0220547462877,0.0524405729035,0.0221234984483,0.0220120720193,0.0264958260689,0.0886077861575
C001321,2,0.818221369593,0.00604356376541,0.00563444566184,0.119127149483,0.00310280939631,0.00604356376541,0.00650103211033,0.0353260662245
C001322,3,0.00291001635638,0.00408098600083,0.00188618891508,0.931045279475,0.0383312101972,0.00199613396541,0.0021568280924,0.0175933569972
C001323,0,0.00887746688379,0.00629121913793,0.00430440297481,0.00392213443317,0.470790771519,0.0568217923103,0.117290501009,0.331701711732
C001324,4,0.0112670988482,0.00430597334064,0.00234638349442,0.00420699699865,0.00903429202829,0.0103686358559,0.00544790116808,0.953022718266
C001326,1,0.0173985891306,0.0174748526133,0.0173309147024,0.0171427590707,0.0174968855213,0.512080872544,0.0209794039841,0.380095722434
C001327,4,0.922578149743,0.00640406649288,0.00616195415406,0.00329027338662,0.00615024363931,0.00399417231851,0.0083532293915,0.0430679108736
C001328,2,0.0319141907744,0.0307341824439,0.031712326518,0.0454495931879,0.0465168555529,0.0327979606465,0.0381891759919,0.742685714884
C001331,3,0.0156966886768,0.0334576162137,0.011664613539,0.00727814913542,0.120742042703,0.0213392273306,0.326222527814,0.463599134587
C001332,4,0.42344220222,0.0350678640319,0.0339919842821,0.0344340423825,0.053075826711,0.0348034527268,0.0369602954868,0.348224332159
C001333,3,0.0134939443374,0.552283226391,0.0135729699694,0.0121750459038,0.010894695506,0.306928985147,0.0168371365571,0.0738139961883
C001335,2,0.944716063254,0.0016574826506,0.00156402594658,0.00144411495026,0.00165624796488,0.0016574826506,0.041438087381,0.00586649520225
C001336,3,0.0013030858542,0.00131490556558,0.00134631487005,0.000492509050787,0.00313338340084,0.000144560393596,0.000273748060765,0.991991492804
C001337,4,0.00141687988039,0.252998762371,0.0017687126731,0.00167263215633,0.29941734109,0.434486632629,0.00222901184161,0.0060100273581
C001338,4,0.00908462925375,0.00625531259426,0.592589528253,0.00907466231386,0.327492092486,0.00471976334593,0.0113356591125,0.0394483526408
C001339,0,0.00317595909576,0.00511214409401,0.00517729241045,0.00737815684607,0.00737815684607,0.0521894698718,0.874687800599,0.0449010202367
C001340,4,0.00696973488288,0.00740541154888,0.00745283522887,0.00634668302663,0.00738951140796,0.0332639691353,0.60542024862,0.32575160615
C001344,3,0.0212405373017,0.0562254469007,0.283829775005,0.154564714614,0.00845274482268,0.00688089749214,0.0119061889772,0.456899694887
C001345,1,0.00223101805104,0.00199727260046,0.000581429143073,0.00195931626697,0.00187642360284,0.00160672805926,0.00224660565992,0.987501206616
C001347,2,0.0733707329671,0.0212089810781,0.0197732424222,0.0190567604641,0.0675999071886,0.0212089810781,0.0242119167353,0.753569478066
C001348,2,0.00270644349066,0.00148596804171,0.00332792918031,0.00160452669559,0.00339806985154,0.00121720520828,0.00349277605624,0.982767081476
C001350,2,0.0179497464036,0.0244886437803,0.09619579591,0.675069874384,0.0220078512888,0.0204823270202,0.0113456220785,0.132460139135
C001351,2,0.0357377638396,0.0365190610746,0.242594920626,0.0404426090808,0.0364918574334,0.138066184029,0.0379666613868,0.43218094253
C001354,3,0.665041127804,0.0939917902435,0.0144293428159,0.0134738109885,0.014679343017,0.0146368357722,0.0165678961416,0.167179853217
C001355,4,0.017906085241,0.0201239698298,0.137223858819,0.0204230193362,0.0200807617037,0.019972235321,0.458788786295,0.305481283453
C001356,4,0.414492336045,0.00324146466192,0.00321743788055,0.523686208059,0.00323450492112,0.00321270862223,0.00637953459366,0.0425358052165
C001357,0,0.00922167020594,0.00458398861688,0.0084314981365,0.00445573564991,0.00368725281404,0.0067322638239,0.00378911529489,0.959098475458
C001358,3,0.0196509101098,0.130344929505,0.0200488534312,0.0536119673471,0.195670879268,0.0244523478516,0.16397831704,0.392241795446
C001359,3,0.0013941359365,0.0061285720258,0.00134269012217,0.00126694223448,0.000757662950387,0.00138711428081,0.978001001653,0.00972188079698
C001360,4,0.0277619042133,0.0636904159353,0.021463686876,0.485935510695,0.020749059386,0.0214515361232,0.027674411553,0.331273475218
C001361,1,0.0317729827459,0.032152894858,0.0320560905878,0.0321625660848,0.0324381201964,0.0324381201964,0.0328108339618,0.774168391369
C001363,2,0.0054554487393,0.00865454220304,0.01232715924,0.0171578830798,0.0170788438224,0.129840903559,0.00972656053517,0.799758658821
C001364,1,0.00282661118129,0.00288214970694,0.00284686611098,0.89740444049,0.0725222939194,0.00288578362254,0.00420523196078,0.0144266230078
C001365,4,0.00111282756572,0.00124591343979,0.000675402828011,0.00122339461998,0.000490397256886,0.000995442184654,0.00088323227558,0.993373389829
C001366,2,0.020215781753,0.0335899074977,0.031424229371,0.0301997084951,0.0335648858305,0.0987253000024,0.0369159823336,0.715364204717
C001367,0,0.929033464298,0.00436720844874,0.00439477266076,0.00437387033808,0.0189432913933,0.00437387033808,0.00464944191917,0.0298640806036
C001368,1,0.159847436839,0.491598810314,0.0181071008778,0.0386904928444,0.0240552600672,0.0116325360796,0.0309872308935,0.225081132085
C001369,2,0.020910715098,0.00843913434647,0.00948352129939,0.170883369067,0.0121437954511,0.0270064777046,0.012911049442,0.738221937592
C001370,4,0.0123081237198,0.0121829382558,0.0507130202454,0.0402393672058,0.00384047918904,0.850800760102,0.00383639963312,0.0260789116492
C001371,2,0.013129840963,0.0798233173919,0.0117779393207,0.0159130281676,0.0355835691969,0.458065035147,0.02076586101,0.364941408802
C001373,3,0.00141725929573,0.00336284347424,0.00325286822297,0.0320048171838,0.102222895681,0.00336049241084,0.825836931592,0.0285418921392
C001374,3,0.122764113384,0.0233705467809,0.0231002785727,0.0213606223611,0.023556021412,0.0232088660147,0.0265510149612,0.736088536513
C001377,0,0.00163298952695,0.00163907950131,0.00164942476773,0.00164157980932,0.000852359791933,0.00803860098331,0.00191509389137,0.982630871728
C001378,1,0.5703397534,0.00918328039534,0.366181831561,0.0056542581234,0.00577106092928,0.00577106092928,0.00877656306114,0.0283221916005
C001379,4,0.60704834641,0.0690824348744,0.00862644759265,0.00868044133711,0.254076843769,0.0105365142812,0.0101094058662,0.0318395658696
C001380,4,0.00921790027247,0.00925354255367,0.0124931557965,0.00908629268641,0.00923367429522,0.0118116743015,0.0301783443816,0.908725415713
C001382,1,0.00176967175151,0.00178646647211,0.00604405521839,0.0017525163157,0.00178871891179,0.00302007119394,0.00557818013964,0.978260319997
C001385,0,0.0445379563476,0.0168537330232,0.0161059308454,0.0343057847606,0.0166790856923,0.0456804674217,0.0194449010377,0.806392140872
C001386,2,0.00643021373057,0.210002249518,0.697235697134,0.025586341313,0.00461393809033,0.00669828425674,0.00788419565654,0.0415490803009
C001389,4,0.00643750970617,0.222285712733,0.0103053258057,0.00533767452712,0.010423487911,0.0163897831346,0.326031957108,0.402788549075
C001391,2,0.00833844456641,0.214734514825,0.00777100838465,0.00751808724124,0.669993221106,0.00852073923133,0.0105150341279,0.0726089505169
C001397,4,0.330189432375,0.00389910817223,0.590724203414,0.00380948396107,0.0297278898208,0.0038693880169,0.00500260578835,0.0327778884524
C001399,4,0.00844429473769,0.0097347039418,0.00979754099582,0.872127945951,0.00971380258291,0.00694274351729,0.0214982431124,0.0617407251612
C001400,0,0.0030972273547,0.0020386492806,0.00309571170232,0.0035474629913,0.400865545064,0.00311352020723,0.567638192268,0.0166036911313
C001402,2,0.0192257489165,0.0197171713148,0.0183824204875,0.0173864142897,0.038498676919,0.0197171713148,0.706001791236,0.161070605522
C001403,4,0.0173398060884,0.0500627715394,0.0372151670259,0.396805811364,0.114393486962,0.0250397400631,0.0224242120166,0.336719004941
C001404,1,0.538703484142,0.0227802176296,0.0118835577499,0.0117214185429,0.108845318393,0.0895627785188,0.0162976568275,0.200205568196
C001406,2,0.959036147348,0.00271573804919,0.00262584532866,0.00236614115773,0.00271371505184,0.0129173198403,0.00273903129504,0.0148860619293
C001407,0,0.0276484024125,0.0370541161981,0.019665676078,0.0231369473931,0.0386464919084,0.746433263686,0.0218958786343,0.0855192236898
C001408,0,0.00171554077812,0.00101988980614,0.00120528791766,0.001420596029,0.000524154102505,0.000497229622958,0.00132284321501,0.992294458529
C001409,3,0.0101081913981,0.015485554379,0.0155047284481,0.0142655757769,0.0166059999938,0.0724273105545,0.0210847465854,0.834517892864
C001410,1,0.0104667884882,0.00872062746925,0.0259901855896,0.0103653220338,0.0105794436164,0.071669500717,0.831797044237,0.0304110878489
C001413,3,0.00275524930807,0.000774947316556,0.0581653322699,0.00392115717432,0.0115402079608,0.00161982705903,0.00487369300995,0.916349585901
C001414,1,0.00311102833689,0.0528567327735,0.0843095635486,0.00308086961006,0.832330930283,0.00243236272587,0.00918477682651,0.0126937358958
C001415,1,0.00633340958958,0.00187416526918,0.00232311279135,0.00153556032631,0.00147181285576,0.00273359205374,0.00259418764384,0.98113415947
C001416,3,0.953147198272,0.00298746248314,0.00290667119319,0.00273571086083,0.00300048600126,0.0029853738597,0.00323447009461,0.0290026272353
C001417,0,0.00432351087209,0.704945249191,0.00436702489408,0.00434625454473,0.00434625454473,0.00434625454473,0.240914955163,0.0324104962459
C001419,0,0.197842281492,0.0099696225858,0.699629856754,0.00986631206269,0.00986631206269,0.00986631206269,0.0112702930397,0.0516890099403
C001420,1,0.00891791837888,0.00900255212375,0.00890774449339,0.00883146687951,0.758494557933,0.0304272811244,0.0140221842554,0.161396294811
C001421,1,0.278496105212,0.0219296356456,0.01347474954,0.0132679184826,0.561590853995,0.0135420004352,0.017499605865,0.080199130824
C001422,3,0.00368498779563,0.00366899321832,0.0815060818668,0.00332151788476,0.887719505806,0.00366642811658,0.00411014664186,0.0123223386701
C001423,0,0.0108945485317,0.559302336891,0.0144051794283,0.0144880471929,0.0373667096395,0.125781597355,0.0142929900903,0.223468590872
C001424,0,0.0618334225588,0.0237772861325,0.0909142917885,0.070069193673,0.0107629188672,0.523417502504,0.0265847608107,0.192640623666
C001425,2,0.0211312577951,0.878908939637,0.0105209406699,0.0644193219203,0.00160962369321,0.000694531563242,0.0105005298496,0.0122148548715
C001427,4,0.65427601745,0.0254238282006,0.0252472315168,0.02483944058,0.0253692407616,0.0480584346925,0.0319809807964,0.164804826002
C001428,4,0.00183485245039,0.0593105305977,0.893272252511,0.00231016101753,0.00234763232284,0.0023347509131,0.0189805014835,0.0196093187039
C001432,1,0.000186681575224,0.00363457623862,0.00061369400259,0.00172097145357,0.000757883602294,0.000844976486982,0.971111551201,0.02112966544
C001433,2,0.000437697100706,0.976859509825,0.0090566939979,0.000395822454529,0.000448550535963,0.000448884917623,0.0113915730695,0.000961268099069
C001436,0,0.0131075949895,0.0133145191364,0.592726740568,0.00969280491329,0.0131765470191,0.0131765470191,0.277792985747,0.0670122606076
C001437,4,0.188539750343,0.0416619160531,0.0416516208745,0.0407042826158,0.0305472164348,0.0412957449997,0.0448517499042,0.570747718775
C001438,2,0.00201017240235,0.00472101348941,0.00662588445419,0.00226529101846,0.00118724160338,0.00501172398703,0.00292186056716,0.975256812478
C001439,0,0.356218424639,0.0057277904314,0.00576394213602,0.577102460077,0.0057365277991,0.0057365277991,0.00686988993741,0.0368444371814
C001440,2,0.510271417878,0.0226281987961,0.021454637084,0.0209462817437,0.0226113426836,0.0226281987961,0.0246711519881,0.35478877103
C001441,3,0.00424341536151,0.112885967147,0.599156937396,0.00397369633519,0.00424341536151,0.251885513181,0.0050098502582,0.0186012049602
C001442,1,0.000912404280438,0.00091640363507,0.986027323468,0.000898988224688,0.000726525337765,0.000917559068963,0.00125259997947,0.00834819600528
C001444,0,0.0130565853852,0.0131052778409,0.0130501960432,0.0131252690806,0.0131252690806,0.0784753358423,0.0112427430349,0.844819323692
C001445,0,0.0169708445383,0.0170341346002,0.017141647787,0.552417202948,0.0170601190525,0.0170601190525,0.017982900344,0.344333031678
C001446,2,0.00685446760609,0.0106734754657,0.0104453740385,0.0097680496694,0.0764640047388,0.0106734754657,0.011137695421,0.863983457595
C001448,4,0.00554453029262,0.00615086882315,0.00606808491624,0.838898388862,0.00613766230784,0.00957967248253,0.00726956829594,0.12035122402
C001449,0,0.00357156580983,0.725493480804,0.0887085457124,0.00359035390265,0.0279413270175,0.00359035390265,0.118523961863,0.0285804109873
C001450,1,0.73342137001,0.00951580415557,0.00866387832657,0.00860456733357,0.00878231613564,0.00878231613564,0.0143835530536,0.20784619485
C001451,4,0.00628822917511,0.753586050123,0.00944059760838,0.00927225817155,0.00942265618026,0.0056644805543,0.0207781424623,0.185547585726
C001452,2,0.00806588494765,0.00830092126968,0.00751346757706,0.0964440246889,0.00829473777871,0.585997849406,0.259093539034,0.0262895752976
C001453,3,0.0161656853459,0.0118472544808,0.0156602403389,0.319104087253,0.0161656853459,0.015546237428,0.019717559607,0.585793250201
C001456,2,0.00512856344607,0.0301233394219,0.144999522908,0.00579264713991,0.0127341216486,0.662898066486,0.108586193441,0.0297375455081
C001457,2,0.622960889648,0.0124313540535,0.161833141511,0.00679642409828,0.0799893947042,0.0124313540535,0.0152255307552,0.0883319111762
C001458,4,0.440049584368,0.0398335111307,0.0689789392646,0.0389179050857,0.0397479846969,0.0395331668995,0.153866098287,0.179072810267
C001459,1,0.0397139798123,0.00282158703419,0.00280151552909,0.76130087714,0.177455584432,0.00282037434642,0.00330022754725,0.00978585415856
C001460,0,0.0157350109458,0.0285978996525,0.0195037787269,0.0194110152763,0.0319432163942,0.20117961305,0.0212343322539,0.6623951337
C001461,0,0.00684173403356,0.00686724919099,0.887616861058,0.0068777247281,0.00703353978673,0.0068777247281,0.0076412965677,0.070243869907
C001462,1,0.00328599555491,0.00332279116519,0.00331318088464,0.00325414067235,0.550206320103,0.0351332732685,0.387129412927,0.0143548854249
C001463,1,0.0226420297143,0.133435346539,0.0224628756143,0.0223090997408,0.0227699498452,0.0340289289827,0.034547525988,0.707804243576
C001465,0,0.00687806591596,0.0102490070275,0.102824862772,0.0592094691802,0.0190834818825,0.00502170799864,0.391230636578,0.405502768645
C001466,1,0.00322528743275,0.00677515970445,0.00560031395571,0.00468260462632,0.0163639712532,0.00925684508709,0.918004654775,0.036091163165
C001467,2,0.833355134568,0.00543053002753,0.00514888754355,0.00460537735849,0.00542648473758,0.00543053002753,0.00575253355584,0.134850522181
C001468,3,0.00819630966414,0.872008925798,0.00740966471804,0.00882386533571,0.00868644471543,0.00998739683078,0.0111988591454,0.0736885337925
C001469,4,0.0181717588465,0.523259169739,0.0108720457144,0.0167826278265,0.0205746395021,0.00775779532147,0.0262989681662,0.376282994884
C001470,3,0.119402735706,0.0174339383274,0.281801095156,0.0157987677518,0.0153111117844,0.0174217497452,0.470968940363,0.0618616611665
C001471,3,0.0278741825731,0.0520651224345,0.17394924433,0.00567875571172,0.0108916545386,0.00934799161503,0.00982659967789,0.71036644912
C001472,4,0.00114283863707,0.00117512804228,0.00115925333476,0.0134428695383,0.000851212410323,0.00548399719678,0.00151619897147,0.975228501869
C001474,1,0.758948756603,0.0122500633255,0.0119377471412,0.011725018905,0.0119672284182,0.139273703181,0.0175616527068,0.0363358297192
C001475,3,0.0231103525119,0.0230100427306,0.0222287794763,0.0818868557323,0.0231103525119,0.0222247940317,0.0259650204105,0.778463802595
C001477,2,0.0186498851258,0.0506329060973,0.0141787746076,0.803583955864,0.0168029002312,0.0144884043741,0.0216187052873,0.0600444684123
C001482,1,0.00758698496215,0.0138215926159,0.766548887542,0.0146106426079,0.0143699928517,0.0127234703838,0.0181288236479,0.152209605388
C001484,4,0.00945843869667,0.35171154086,0.387643750098,0.0100732435546,0.0102880956663,0.0102324937014,0.192429961122,0.0281624763005
C001485,4,0.0129561227887,0.00192121685155,0.00130791833002,0.00188649250015,0.00191709181158,0.00837913833808,0.0040521286903,0.96757989069
C001486,0,0.0412761431528,0.00252778563744,0.00250245380536,0.922907566063,0.00195034556344,0.00251684951309,0.00297956356245,0.0233392927028
C001487,4,0.00546093860757,0.445556508162,0.120278933082,0.00587916619483,0.00597452752669,0.00568322596062,0.260395129863,0.150771570603
C001489,3,0.00835003258999,0.0110924610291,0.0100775877569,0.0172221613506,0.0336593041263,0.0377165954188,0.0121848558261,0.869697001902
C001492,4,0.0154570483117,0.0236512614559,0.0172848932454,0.0764547834493,0.0177936901303,0.183578728038,0.0236145022592,0.642165093111
C001493,4,0.0497301750573,0.0100249403245,0.0556287543095,0.00746210859841,0.0410077881836,0.00448248007025,0.0128442294953,0.818819523961
C001496,1,0.0039730914165,0.010942223216,0.0467200411007,0.0646902655629,0.0155018270733,0.0246749834435,0.0134306762498,0.820066891937
C001497,0,0.959278806581,0.00198600602197,0.0094420033186,0.001965425973,0.00117099989808,0.00178865447783,0.00227559187675,0.0220925118531
C001498,4,0.257685010637,0.00410383079975,0.00407532514339,0.00418559304141,0.0408680314199,0.668514772319,0.00556183809448,0.0150055985458
C001499,2,0.0103947852493,0.712829910465,0.0104507795714,0.00942238041427,0.0106710440825,0.0307256425744,0.174591189536,0.0409142681072
C001500,3,0.0236273375158,0.0235247837768,0.402338879267,0.0215519025478,0.0236273375158,0.333780930594,0.0284201088919,0.143128719892
C001501,3,0.644367292011,0.0183003898873,0.0227095694775,0.016881503548,0.0183801684487,0.0182875955431,0.0337652303506,0.227308250734
C001503,4,0.000997197545042,0.000919905273913,0.000919677953855,0.00125478849213,0.00137060477571,0.000496100829672,0.00134245981558,0.992699265314
C001504,3,0.97732480836,0.000730748894522,0.000708451756651,0.0154492336931,0.000736548304478,0.000732838631367,0.000843920456393,0.00347344990351
C001506,4,0.00328548629903,0.00380685787053,0.00376873085641,0.458623685756,0.0019244675204,0.00373622054122,0.49366723403,0.0311873171257
C001509,2,0.00457240273409,0.00386451406246,0.0650332193758,0.75485995553,0.00469392199726,0.00469742118253,0.14841786153,0.0138607035874
C001510,3,0.0199425202503,0.0861005092601,0.00794480770685,0.199461655925,0.0035952311918,0.00786063332038,0.0829851308961,0.59210951145
C001513,0,0.0136063099522,0.791211683856,0.013743250806,0.0136778854538,0.0136778854538,0.0136778854538,0.0156149009455,0.124790198079
C001514,4,0.0081694731771,0.00999435973593,0.395116914619,0.511781826318,0.00997290087073,0.00991817977101,0.0151858469809,0.0398604985276
C001515,0,0.00510389649992,0.00572357954382,0.00642373084183,0.00377793409355,0.0186213991051,0.00571251916657,0.00595403558716,0.948682905162
C001516,4,0.000509067764578,0.000606480264758,0.000408823554497,0.000292574067752,0.000605178092473,0.000257717473627,0.000196203116285,0.997123955666
C001517,4,0.00512888453124,0.0112412462727,0.0184315659009,0.00569071002008,0.00567987028177,0.912950421718,0.0135117400621,0.0273655612133
C001518,0,0.00267679473149,0.626247847626,0.0871032512672,0.0435451744524,0.0261283727291,0.0117795190513,0.0138363844694,0.188682655673
C001520,0,0.00634992963397,0.300580472781,0.00641383856953,0.00638333320924,0.00466043782243,0.642262726014,0.00717713175433,0.0261721302151
C001524,4,0.00691351638461,0.674225820419,0.00758583967153,0.143497905453,0.076775762407,0.00752987888558,0.00941972504135,0.0740515517381
C001525,1,0.0240658254918,0.0396582458265,0.0241421684789,0.0420929738967,0.432426059667,0.0659362909348,0.0266047469125,0.345073688792
C001526,1,0.00109885546344,0.981761288658,0.00109016081618,0.00108269781658,0.00110506364073,0.00110506364073,0.0014594976802,0.0112973722844
C001527,1,0.373604191022,0.0968250130257,0.00460366218107,0.00298920559582,0.00211271715991,0.48439324827,0.00417650732979,0.0312954554155
C001530,1,0.0171309609946,0.0172166000265,0.0172884871095,0.663757750425,0.0175248259013,0.0175248259013,0.024423034915,0.225133514726
C001533,3,0.00564546943417,0.217985284226,0.00711909259652,0.231434730473,0.00725802014521,0.407268626991,0.014381045773,0.108907730361
C001534,4,0.00328734726567,0.346148996388,0.00468774104465,0.568043498331,0.00501456998692,0.0166518385534,0.0228155146789,0.0333504937517
C001536,1,0.00298161949292,0.00292917889912,0.00290313695965,0.00295629134488,0.00298161949292,0.94856916019,0.00378431377349,0.0328946798473
C001538,4,0.00614183731938,0.0067331961471,0.00689438098692,0.00644155957525,0.0063697297196,0.0040760646042,0.886292297886,0.0770509337614
C001539,0,0.00979757008836,0.310479008027,0.0102910408154,0.0103502414351,0.36020209118,0.0355789045344,0.0128915724925,0.250409571427
C001540,2,0.0229380761108,0.0903056922112,0.0231435566576,0.704732489701,0.0167820713792,0.0239358490474,0.0243008615188,0.0938614033739
C001541,4,0.0596346251698,0.00804894184093,0.0152341300328,0.0158660887341,0.118532964492,0.130820387757,0.571852028378,0.0800108335961
C001543,3,0.0232082739878,0.0239375570133,0.0911907454172,0.0210621053817,0.0139914638108,0.325275823385,0.0273716416437,0.47396238936
C001545,4,0.086521538579,0.0191811488821,0.143625282601,0.518739741577,0.0128427311215,0.0235120099569,0.0290118415409,0.166565705741
C001548,0,0.00343061661032,0.00143507361137,0.939916792261,0.00180365235358,0.0402642427199,0.00180365235358,0.0015188154095,0.00982715468057
C001549,0,0.00192228651914,0.00200698777867,0.00192134583323,0.963919702393,0.00193239863788,0.00193239863788,0.00214584176757,0.0242190384325
C001550,3,0.0454632687333,0.156091422948,0.561179743437,0.0164581344188,0.0240675871409,0.0114736815533,0.0203166418006,0.164949519969
C001552,3,0.0605128532938,0.00671948851582,0.0451581186217,0.0339780855076,0.0135393133462,0.011965483386,0.563879573658,0.264247083671
C001553,4,0.0185116227771,0.0298967514488,0.0407582874874,0.028425915315,0.324801543855,0.0294888416413,0.0442821459655,0.48383489151
C001554,3,0.232193845669,0.297035042856,0.283845680988,0.0118032059695,0.0130999403675,0.0305430819105,0.0154025287688,0.11607667347
C001555,3,0.00399456349208,0.00397722521089,0.00694479200679,0.00358099110216,0.00399456349208,0.0307067518879,0.00426617955399,0.942534933254
C001558,4,0.0177275902271,0.0120434257088,0.0780299144779,0.0117636620594,0.0333519367857,0.0241687877796,0.00477016044152,0.81814452252
C001560,1,0.00814919724131,0.00693509656635,0.714020153205,0.00680330141832,0.00694384057971,0.00694384057971,0.203501590634,0.0467029797754
C001561,0,0.0279102074953,0.0286918463903,0.0278965494174,0.0280570281329,0.0280570281329,0.0280570281329,0.0278023361962,0.803527976102
C001564,3,0.00704200401378,0.0145022864907,0.804569252245,0.0153980020364,0.0167649682623,0.0166805304168,0.0207449487012,0.104298007834
C001567,4,0.00391038617359,0.767934511318,0.0728210152346,0.00427630301216,0.117334104129,0.00432182098414,0.00628614278844,0.0231157163597
C001568,3,0.00849011459158,0.0074994807132,0.00510798464254,0.00635532365881,0.017029184985,0.0441141155887,0.789990308113,0.121413487707
C001569,2,0.00325888295764,0.550356727728,0.00327094217774,0.00293193691929,0.392411457399,0.00332643086779,0.00350805782207,0.0409355641292
C001570,1,0.0558894081462,0.42274405043,0.00511891229348,0.00501900079776,0.00512268077897,0.47137789185,0.0214227330911,0.0133053226117
C001571,0,0.00111598771687,0.045670267201,0.00112721958733,0.00571784832522,0.00112185832991,0.927859020334,0.0127151769368,0.00467262156934
C001572,4,0.549107975672,0.0170236207503,0.0170194140015,0.0833278140608,0.0169870693761,0.0168938616796,0.0211244868422,0.278515757618
C001573,2,0.0104253495776,0.00893644382478,0.00338177040025,0.00308869885995,0.131994100256,0.0722375565004,0.00958491955633,0.760351161024
C001574,3,0.0369218813695,0.0367616230678,0.0373770297817,0.0336786482449,0.0811754792589,0.213062651471,0.0475952638512,0.513427422955
C001575,0,0.00501574946883,0.00435302443619,0.00430940124186,0.899679674659,0.00238453072889,0.00433419166183,0.00496069948626,0.0749627283169
C001576,0,0.0178409498667,0.0179074848478,0.0178322192586,0.0131114448113,0.145168191673,0.0198734225513,0.0186126495978,0.749653637393
C001577,1,0.0146404427721,0.374335560372,0.0157278704098,0.0116759121899,0.133877673447,0.156412938697,0.174372327003,0.118957275109
C001578,4,0.00490076765802,0.00856981676178,0.00543985433176,0.00531585893868,0.00542924084122,0.892074096859,0.00754930868315,0.0707210559265
C001579,2,0.0113768325719,0.93408449762,0.00142601182887,0.00331728642766,0.00571678113935,0.0061957984627,0.00414429713651,0.033738494813
C001580,2,0.00641307295467,0.00345619633093,0.243825808309,0.00304764107978,0.626862655358,0.032485951258,0.0690212384065,0.014887436303
C001581,0,0.000959092280695,0.000657654887972,0.00262871740522,0.00609030415104,0.00261621475635,0.00261621475635,0.00283698250684,0.981594819256
C001582,4,0.0789919774813,0.72135338134,0.00402791579078,0.00542712453085,0.0881272277892,0.0587256293564,0.00695680050327,0.0363899432082
C001583,4,0.00457500226438,0.00516526646887,0.00509574768204,0.00524202420608,0.887577119355,0.00805097358418,0.00688470882709,0.0774091576119
C001584,0,0.0143395273559,0.0143930043394,0.0143325101963,0.0144149599212,0.0144149599212,0.0144149599212,0.0283692315651,0.88532084678
C001585,3,0.00760093875145,0.120799971186,0.00750732820235,0.00685167783565,0.0120152022836,0.621867978816,0.178323924029,0.0450329788963
C001586,4,0.0515272975273,0.0118025984969,0.0117735746318,0.638656319856,0.00930285660662,0.163901455331,0.0137514351767,0.0992844623733
C001587,2,0.00564277894581,0.00579706357683,0.00298441420685,0.0287382335456,0.0193130213867,0.00220975925806,0.00810604026651,0.927208688814
C001589,3,0.0232639995075,0.0231630228261,0.120998851602,0.577324187235,0.0150976964062,0.0231468288714,0.0213683154094,0.195637098142
C001590,4,0.00777882244662,0.00858192188336,0.0271448925602,0.814593551655,0.00752411692408,0.00850578898912,0.010808258137,0.115062647404
C001591,4,0.00511847055463,0.00282423095191,0.758778829822,0.00403625717222,0.0371994644717,0.0032529563049,0.00763817543647,0.181151615286
C001592,4,0.0443246318176,0.0493467685503,0.0490064852986,0.048212492452,0.132953889424,0.0489089980413,0.086737816419,0.540508917997
C001593,3,0.012781794786,0.012726315795,0.781620297219,0.0116295078584,0.012781794786,0.012717418451,0.0489892124097,0.106753658695
C001594,4,0.0170211382639,0.0152145058622,0.661906139041,0.0149395166814,0.0150553058916,0.0150985364001,0.0182558420433,0.242509015817
C001599,2,0.00376264340558,0.00386122934197,0.00364351498601,0.00288127051509,0.931369759656,0.00386122934197,0.00422541798494,0.0463949347682
C001600,4,0.0507262511246,0.0188516403405,0.01897236478,0.325191003073,0.0188111640299,0.018707947564,0.379104431098,0.16963519799
C001601,3,0.380185562551,0.305145654931,0.0080926047016,0.00747921639815,0.00811783210848,0.00807694612271,0.237237050811,0.0456651323766
C001602,1,0.0317729827459,0.032152894858,0.0320560905878,0.0321625660848,0.0324381201964,0.0324381201964,0.0328108339618,0.774168391369
C001603,1,0.443173960094,0.0747670490307,0.0249288382736,0.0244846114248,0.0208943912379,0.0991383222789,0.0508987690587,0.261714058601
C001604,2,0.00678214718552,0.0385894524797,0.0143135823105,0.0125005701677,0.0146152606866,0.0173835660538,0.723922935788,0.171892485329
C001605,1,0.00681620866463,0.0099507869614,0.714547078696,0.0938447391825,0.00500244813234,0.00512637193069,0.115258803206,0.0494535632263
C001606,1,0.0119052867388,0.0225199416835,0.0111433221225,0.00606951879956,0.00851753834916,0.00470257577591,0.870232671417,0.0649091451132
C001607,3,0.00538457007039,0.91193236818,0.00517916897234,0.00484117591787,0.00538457007039,0.00535745033543,0.00605091682106,0.0558697796323
C001608,3,0.00101685855287,0.978002423209,0.00100412439843,0.000914240333709,0.00101685855287,0.00101173707909,0.00113713052444,0.0158966273495
C001611,3,0.00879660603692,0.00459602779787,0.00752489521586,0.480242367762,0.00245723006431,0.00459281457882,0.00541838745454,0.48637167109
C001612,4,0.00528238062616,0.0130912761217,0.0263559874968,0.327999295726,0.0227694906662,0.00716281080795,0.493768019978,0.103570738577
C001613,2,0.0161799983849,0.0104446161028,0.319189068692,0.0092099632224,0.0104368357387,0.164443541155,0.440665258344,0.0294307183604
C001614,3,0.000761641774564,0.000758335891635,0.982141355087,0.000700814176306,0.000761641774564,0.000750417126384,0.000878842956944,0.0132469512124
C001615,0,0.000326461007032,0.000428631139381,0.943499342102,0.000972611546405,0.0347716392741,0.00109519795783,0.00107368464766,0.0178324323257
C001616,4,0.0177181147464,0.393463716732,0.0207124725442,0.22974735973,0.019993922105,0.160145502034,0.0264605009109,0.131758411198
C001617,1,0.00334959667195,0.00466884403463,0.00466340427004,0.721881969992,0.00466683741566,0.0478728313857,0.189989936928,0.0229065793024
C001618,3,0.00375884730458,0.0774061474024,0.00370847013593,0.0170634257114,0.00226491283941,0.00495106483695,0.00425012055389,0.886597011215
C001619,0,0.00600116641817,0.0116345112582,0.0845215609258,0.0507968113308,0.0135595373825,0.63320536022,0.0135913509889,0.186689701476
C001621,1,0.00886635158286,0.0109213924481,0.00975249258625,0.00956214235844,0.396762216943,0.00975967226129,0.521861872283,0.0325138595365
C001622,0,0.0421339329125,0.0115247567023,0.0148873363098,0.0149729777478,0.0306466126656,0.0051922977608,0.014299686897,0.866342399004
C001623,4,0.15349313431,0.0482825854363,0.604225765141,0.00788491499201,0.065643778816,0.00683025715738,0.0271732276772,0.0864663364696
C001624,1,0.75366528301,0.0146399471477,0.014460723293,0.0143617283827,0.0146584057073,0.0146584057073,0.0400061522877,0.133549354465
C001625,1,0.0147295521181,0.014794116373,0.0135766536326,0.0145129677633,0.0148127693146,0.567814966174,0.0231842706465,0.336574703977
C001626,1,0.0297149641411,0.0293572658995,0.0295993833206,0.202073413067,0.0298828440596,0.0298828440596,0.0452038587241,0.604285426729
C001627,3,0.00508723356768,0.00982245407583,0.00982396903598,0.100019064208,0.013310846986,0.0726627923451,0.0113525818669,0.777921057914
C001628,4,0.00511035820077,0.26980775018,0.0135291901808,0.107883171699,0.0370130080819,0.00781871851745,0.400612499997,0.158225303143
C001631,4,0.0279459563255,0.0321015426157,0.0984856309523,0.0315213346888,0.0338603717269,0.0318167598616,0.0444208222112,0.699847581618
C001634,4,0.203140416457,0.00187977955005,0.00189181751219,0.759132318123,0.02072178886,0.00186545131453,0.00269625289593,0.00867217528712
C001635,3,0.522070126252,0.0570672092904,0.0276354699464,0.0251532730876,0.0197478397078,0.0186635254337,0.196121689232,0.133540867051
C001636,0,0.259311176482,0.00610777096287,0.519198124035,0.00611708796588,0.0224136627922,0.15554846405,0.00632913662594,0.0249745770858
C001637,1,0.0187133736055,0.0222379973775,0.471679465171,0.0356546947023,0.0170392967291,0.0248971158392,0.0156525138228,0.394125542752
C001639,4,0.012214189517,0.0129708623826,0.0127962888882,0.0126727164329,0.725130287004,0.0128568600804,0.0173285172235,0.194030278471
C001640,1,0.0170461004457,0.0280069616593,0.0276640973323,0.0789418275305,0.162804969344,0.025666208032,0.0374605349528,0.622409300704
C001641,2,0.0134489388704,0.0187436970449,0.0182101173664,0.0165208115106,0.0102528292125,0.0187436970449,0.0205391179938,0.883540790956
C001642,4,0.0223286792366,0.0230671194563,0.0220852411595,0.0226502010011,0.0155197388516,0.0228624838759,0.0233980462627,0.848088490156
C001644,0,0.00487386456913,0.00331689635045,0.00492291763187,0.00174020372376,0.00825714883249,0.00295268312242,0.00546560029651,0.968470685473
C001645,3,0.0172597148839,0.428390277058,0.0171914612166,0.0155359973637,0.0172597148839,0.297872267614,0.0194547189875,0.187035847992
C001646,4,0.250613296429,0.0218097600337,0.0215162247306,0.0213084447451,0.0217629323516,0.0241871416539,0.143735905896,0.49506629416
C001648,2,0.00589688238178,0.00605811469855,0.0105972079386,0.00527825374424,0.00605360191059,0.841589863597,0.00642318291038,0.118102892818
C001650,0,0.00335098821279,0.00358100259579,0.957478179759,0.00336861596514,0.00336861596514,0.00336861596514,0.00379900988781,0.0216849716491
C001651,0,0.132961197032,0.0411391612644,0.0409074184092,0.0407128554305,0.0409834077122,0.0407128554305,0.0478259135986,0.614757191123
C001652,3,0.138423024389,0.675155552851,0.00382894521007,0.0913598421235,0.0578154570547,0.00667429540616,0.00403850303763,0.0227043799276
C001654,0,0.0104411680484,0.00970303415995,0.0185626041516,0.42202594651,0.200665008318,0.0186693880705,0.0335980199509,0.286334830791
C001655,0,0.00408507061954,0.0041003052398,0.00412618485702,0.0599289904416,0.364968452965,0.00410655998585,0.457296970984,0.101387464908
C001656,0,0.00239205232121,0.28373994873,0.626705008619,0.00240463562596,0.00240463562596,0.0689602952236,0.00282081048586,0.0105726133687
C001659,0,0.00340496205323,0.0996725974755,0.0221273459777,0.0235215831677,0.674498262236,0.00693999627043,0.00702020751074,0.162815045309
C001660,0,0.0250168909241,0.0251101874344,0.0250046487132,0.491660684843,0.0251484913743,0.0251484913743,0.0284618339292,0.354448771408
C001662,4,0.00423880240958,0.00347130369643,0.00342458377924,0.00352288853112,0.921800496809,0.0370296229555,0.00465572702991,0.0218565747895
C001664,0,0.00464529227625,0.00466261615396,0.00469204487066,0.00466972866833,0.909009634793,0.0242107004447,0.00548431600032,0.0426256667928
C001665,0,0.0108803926041,0.0109209692955,0.0109898984333,0.0109376285161,0.0109376285161,0.732594092923,0.0110530373441,0.201686352368
C001666,0,0.00122148106607,0.00123324207894,0.00122088332478,0.00446790138377,0.000411428453136,0.000550138698989,0.0012024220329,0.989692502961
C001668,3,0.00253857390944,0.00252755530669,0.00248998244189,0.91747084853,0.0602118004155,0.00211835274118,0.00301690663033,0.00962598002487
C001670,4,0.00995823401341,0.683689137349,0.012866647232,0.110597606276,0.0620652471319,0.0361331878164,0.0173091534873,0.067380786694
C001671,4,0.00542988198925,0.390102080448,0.286519515924,0.176302020618,0.0123080044131,0.0112599762577,0.0231305848567,0.0949479354927
C001672,3,0.0137565973276,0.0136482810814,0.0136961234733,0.244700417244,0.0313743394321,0.0136873113366,0.0166772396177,0.652459690487
C001673,2,0.00590486461648,0.00606631518318,0.286682944669,0.00528539858069,0.00606179628655,0.00606631518318,0.649509793839,0.0344225716415
C001674,1,0.00162021605964,0.00163835876182,0.00382893183336,0.929015234526,0.0533659398212,0.00163765461284,0.00185109846673,0.00704256591879
C001675,3,0.0549148198292,0.0225637180943,0.0140206229663,0.020899657969,0.010856597311,0.072339091447,0.025792301986,0.778613190397
C001676,0,0.00966008461846,0.00981258435392,0.0097573086447,0.0104487167606,0.00971090114436,0.480933324952,0.428951786348,0.0407252931779
C001678,0,0.0113458312428,0.823644987456,0.0113402790717,0.0114055155778,0.0114055155778,0.00984694992465,0.0132022433782,0.107808677771
C001679,2,0.00968276125814,0.0214263526405,0.00940612179156,0.685215362226,0.0214103918027,0.0190371696228,0.0239656226721,0.209856217986
C001680,1,0.123704006612,0.221625048101,0.0189388699375,0.0190017760983,0.302073589014,0.0324631973212,0.0208145649924,0.261378947924
C001681,1,0.0110223969639,0.0879866996667,0.0114478567479,0.0110253836549,0.0112531404567,0.0112531404567,0.676922965326,0.179088416727
C001682,1,0.0163609821126,0.0164326974376,0.0162973436128,0.0162581439578,0.0164534163598,0.0164534163598,0.020677099012,0.881066901148
C001684,1,0.010306973139,0.0184014466571,0.0183331492489,0.771904932523,0.0102426849913,0.0184246478474,0.0218727598658,0.130513405728
C001685,3,0.00718586964358,0.0106698759214,0.0105274811686,0.281399595312,0.0102650162046,0.0855197748549,0.014338457546,0.580093929349
C001686,4,0.00287092043434,0.00317647553147,0.0563160907784,0.00310346162644,0.805216163551,0.00315226349578,0.0453805505352,0.0807840740476
C001688,3,0.823780024862,0.010314904768,0.0101977594236,0.00948429523073,0.00516557821732,0.0818054067965,0.0132068379331,0.0460451927687
C001690,2,0.00231137552317,0.0872793041261,0.0807267187123,0.00249400950121,0.00109158224223,0.803474627775,0.00332494190816,0.0192974402123
C001692,0,0.0147823940887,0.0150157575919,0.0149311716541,0.0148601563384,0.00978792805631,0.817440767556,0.0174669669156,0.0957148577988
C001694,3,0.00785428818511,0.0176631773613,0.0174311134563,0.0151758454112,0.0340496395798,0.813093549577,0.022818010044,0.0719143763847
C001695,2,0.034268247868,0.00372991023039,0.0050057245395,0.0045933445285,0.00624115705763,0.0036227826057,0.00578289220725,0.936755940963
C001696,2,0.0138053598002,0.0141828253829,0.235005670513,0.0109493997514,0.402406873418,0.0459321218372,0.160779357251,0.116938392047
C001697,3,0.000754065578696,0.000750792580015,0.000568037612511,0.000625481055361,0.000528779006659,0.00382587020844,0.000840312576841,0.992106661381
C001699,3,0.00285228325653,0.00343067276236,0.00686812693914,0.00657904574923,0.00256237509436,0.00259726496425,0.148532567435,0.826577663799
C001700,1,0.0118512002265,0.0120840579298,0.0165024721499,0.0118544114947,0.0120992939345,0.0120992939345,0.0121523219029,0.911356948427
C001702,4,0.00457516720415,0.00510057744143,0.00494980621926,0.00498333647005,0.00510378848866,0.0041799712516,0.886439917886,0.084667435039
C001703,4,0.00126743463129,0.00546425629853,0.968028007841,0.00144811140003,0.00145933503455,0.00146352543733,0.00236211304092,0.0185072163159
C001704,2,0.0129263662869,0.0648729318705,0.0129815674686,0.634679909655,0.116730310126,0.0132650531587,0.014379779963,0.130164081472
C001705,0,0.471879956083,0.00707381107438,0.00704407967643,0.0472040920289,0.00708460170806,0.00425924784561,0.390257445163,0.0651967664208
C001706,4,0.831728045866,0.00542633759032,0.125961073082,0.00477004118375,0.00548597734229,0.00466436831098,0.00638921005696,0.015574946568
C001707,3,0.00171835350566,0.670805790222,0.00281800521887,0.00169655115888,0.305682651515,0.00281619210385,0.00331243970533,0.0111500165699
C001708,0,0.00873735002664,0.008769934582,0.00835835572016,0.304180977409,0.00878331254058,0.102408289892,0.00949825155674,0.549263528273
C001710,2,0.0185500128694,0.0139070365826,0.564183582443,0.0161827966445,0.113512443806,0.0189345049236,0.0204942400937,0.234235382638
C001711,1,0.77437088535,0.00908204828259,0.00563619695105,0.140665951801,0.00354167529163,0.00451778915858,0.0103294112422,0.0518560419233
C001712,3,0.00448600166528,0.00325390171622,0.849781383075,0.119166349423,0.00246932471767,0.00245688780423,0.00279509305039,0.0155910585475
C001713,1,0.00361671214291,0.00100995998413,0.00226893813296,0.00100264319027,0.0023432087095,0.000547892284155,0.00233770073337,0.986872944823
C001715,1,0.139780678165,0.650178132605,0.00314961648775,0.00308814192516,0.0483659000502,0.144838928544,0.00397818778656,0.0066204144359
C001717,2,0.946498993223,0.00341553459086,0.00330247814326,0.00301362197955,0.0125704295844,0.00341553459086,0.00347395777361,0.0243094501147
C001718,1,0.00630802743303,0.124403191283,0.00958762250961,0.703954884798,0.0465695828417,0.0106493429749,0.0116720904154,0.0868552577445
C001719,0,0.00158935058758,0.972407031853,0.00157727170718,0.00159771130889,0.00159771130889,0.00159771130889,0.00179367391197,0.0178395380137
C001720,0,0.00303216853204,0.00733687898848,0.00247121960068,0.00304811914498,0.00229697862363,0.00304811914498,0.00348600136971,0.975280514596
C001721,1,0.00181805499257,0.00182602409882,0.00180679388328,0.00179132218601,0.00182832641415,0.00182832641415,0.970358155106,0.0187429969053
C001722,4,0.0059473204539,0.00524871134203,0.00416250705993,0.00555920596109,0.00386547448933,0.00465840991764,0.00779239402827,0.962765976748
C001723,3,0.0169074165901,0.0168340304633,0.0167172890603,0.0170903757451,0.0169074165901,0.0168222612944,0.728022878708,0.170698331549
C001724,0,0.00336548424385,0.938186740938,0.00339935619647,0.00338318825205,0.00338318825205,0.00338318825205,0.00389724668627,0.0410016071793
C001730,2,0.221219665955,0.0185451211622,0.0349899857842,0.045197247302,0.0137783174281,0.328614390652,0.0662103121847,0.271444959532
C001732,1,0.0100919854274,0.0151303233809,0.0179586575732,0.0099941523643,0.0139318318601,0.00819477260542,0.012456009958,0.912242266831
C001734,3,0.303973334748,0.0226940277636,0.0220803029762,0.0204927649154,0.022792959912,0.0226781616971,0.0259223726214,0.559366075367
C001735,3,0.104789006879,0.351150005633,0.00495954036528,0.00451345018249,0.216093852155,0.00494994402926,0.299999205296,0.0135449954597
C001736,3,0.0215849091579,0.0169981262775,0.0202602780777,0.0195530679145,0.563169583998,0.00981891119535,0.0253862646415,0.323228858737
C001737,3,0.297985926027,0.61533781463,0.0167467402369,0.0188250560291,0.00344715018695,0.00708331007178,0.00692356232546,0.0336504404925
C001738,3,0.201709970975,0.0108894591728,0.00550351785737,0.612721526446,0.00890837972417,0.00293676483157,0.119371646954,0.0379587340394
C001739,4,0.00388023561499,0.00649788106646,0.00230842123221,0.00292785154002,0.00719321297451,0.00701116361224,0.00261847258013,0.967562761379
C001740,4,0.921767357097,0.0036962739542,0.00364652618559,0.00375120192869,0.00370964943357,0.00366378700554,0.00445413419956,0.0553110701956
C001741,1,0.00718048088696,0.881524053398,0.00721573613363,0.00359292792326,0.00636962296681,0.00490477615028,0.0136216140097,0.075590788531
C001742,0,0.192738963985,0.0175930432079,0.0711490583391,0.0176198802386,0.0176198802386,0.588009261186,0.0140570094569,0.0812129033482
C001743,0,0.00282463157897,0.12168939972,0.0394947118866,0.00768401922277,0.00393766236971,0.0192687886769,0.674468081247,0.130632705299
C001744,0,0.00563239118855,0.00515713634885,0.479270633414,0.00389191887444,0.00262132281316,0.400400489304,0.0609354980959,0.0420906099609
C001746,0,0.00327540615286,0.647384864906,0.00773519399427,0.00777969175553,0.245036553442,0.00740004310749,0.00870024475479,0.0726880018878
C001749,0,0.68026152197,0.00519083152981,0.00279022677375,0.123896778751,0.00519874980201,0.00519874980201,0.0999028057507,0.0775603356209
C001751,4,0.0153563380246,0.0137425265695,0.151420576189,0.0170238299934,0.0198153530346,0.0236156348549,0.174245065809,0.584780675526
C001753,4,0.025110685733,0.0272680809235,0.126938991558,0.0266413016359,0.0272095336941,0.565805856412,0.0334954883907,0.167530061653
C001754,3,0.00633419346574,0.0135443182015,0.00994529219397,0.802356496544,0.0144565792594,0.0825388816587,0.0115366651001,0.0592875735768
C001755,4,0.00232444552775,0.00262434417502,0.00258902339837,0.00256402146374,0.0021269132937,0.00253539262218,0.965254099793,0.0199817597261
C001757,2,0.969560815499,0.00118638707167,0.00110607478447,0.00106664609688,0.0166976961121,0.00118638707167,0.00127802878906,0.00791796457518
C001758,0,0.767578654422,0.0143151973156,0.0643742064613,0.0143370342078,0.0143370342078,0.0122652988634,0.0159950723056,0.0967975022164
C001760,1,0.0317729827459,0.032152894858,0.0320560905878,0.0321625660848,0.0324381201964,0.0324381201964,0.0328108339618,0.774168391369
C001761,4,0.0586144125344,0.0265634590894,0.086621470816,0.212985399501,0.0103967854084,0.07192893247,0.034718189419,0.498171350761
C001762,3,0.00227168209328,0.00143176723123,0.0154324589117,0.00130795128845,0.00143800886492,0.000660376679045,0.00169426379857,0.975763491133
C001764,1,0.00995931408618,0.411856910952,0.0175018524277,0.0121268358399,0.109817181515,0.00860356257188,0.0225816228861,0.407552719721
C001765,0,0.0134572512149,0.0134230044973,0.0133665872868,0.0522660455071,0.0094038993356,0.0420938496541,0.0131617274807,0.842827635024
C001766,3,0.00595218145149,0.00456187877724,0.00288377974517,0.00547651096448,0.00595218145149,0.0268410792386,0.00760174727631,0.940730641095
C001768,2,0.0219862104585,0.02505239655,0.0220216266685,0.0200832292547,0.461097135708,0.0227755111072,0.0312688991835,0.395714991069
C001771,2,0.00502212320512,0.0071166950205,0.554913593885,0.0057903510027,0.00724878509205,0.00331644014046,0.00808144923304,0.408510562421
C001772,2,0.0106757560715,0.00896580794588,0.00917614608176,0.00825985322254,0.875486318046,0.00896580794588,0.00958627072587,0.0688840399606
C001773,3,0.501103925641,0.0293402826131,0.0273084312732,0.0271887307138,0.0294681883875,0.0276649043882,0.0339082861457,0.324017250838
C001774,3,0.00205742262273,0.439851215678,0.0038768962767,0.000893902333687,0.0106467335821,0.0152515644821,0.0221021763245,0.5053200887
C001777,4,0.00749190462261,0.0101234036295,0.798679496794,0.00591128447786,0.00753914614374,0.0150104793643,0.0296353397873,0.125608945181
C001778,0,0.0274034759802,0.0435154350426,0.221282575055,0.0327168047826,0.0327168047826,0.458598715122,0.0359153534047,0.14785083583
C001779,2,0.0067463123538,0.437807927611,0.00752738723121,0.180399246458,0.0077792792315,0.114714010029,0.00921698934907,0.235808847736
C001780,3,0.0135019418658,0.0133956307175,0.013332856586,0.0190590798651,0.0135019418658,0.295571154641,0.0150765055334,0.616560888925
C001782,0,0.00451977643878,0.00726090291079,0.00493379778464,0.00727197894077,0.745228618988,0.161858184097,0.0072579054075,0.0616688354321
C001784,2,0.651046510054,0.0865121612668,0.016868668242,0.0144277377912,0.0108800111047,0.0228503140768,0.018739104522,0.178675492943
C001785,0,0.00815561295143,0.00823413915335,0.00823769520629,0.00819851525852,0.872015746691,0.00819851525852,0.0153629190172,0.0715968564637
C001786,0,0.0103533111327,0.834491184868,0.0103482446591,0.00589255567969,0.00852754077691,0.0104077743516,0.0119816691163,0.107997719416
C001787,2,0.104426928515,0.00319659405078,0.00722202606314,0.0226191533606,0.00333081707443,0.791067396144,0.00742876469957,0.060708320092
C001788,0,0.893848127081,0.0127419633154,0.00507727318265,0.00505312476575,0.00505312476575,0.00505312476575,0.00552666948896,0.0676465926346
C001789,2,0.797127396904,0.0107606774321,0.0100322350568,0.00912562493098,0.0107526616288,0.0107606774321,0.0100826462056,0.141358080409
C001791,3,0.00414951953312,0.00413150866995,0.00405827233246,0.916780893503,0.00414951953312,0.00412862020996,0.00480194536563,0.0577997208529
C001792,1,0.0211550141086,0.0223148294173,0.0220416488038,0.0218907565557,0.0223429647381,0.651103966789,0.0279152585997,0.211235560988
C001793,2,0.0216695190877,0.00806656982565,0.0048102706002,0.00449535707982,0.133945261637,0.801125638389,0.00630961668281,0.0195777666979
C001794,2,0.23867102553,0.0102215041894,0.0169761012731,0.0650476903374,0.010213890025,0.252762244236,0.361718035649,0.0443895087609
C001795,2,0.00466820340724,0.00482890804272,0.00639235331511,0.00358717743514,0.00482531091076,0.00482890804272,0.937683200537,0.0331859383088
C001796,2,0.00386654948564,0.185143280861,0.0070457947607,0.0077263602072,0.00413504182525,0.0072062671526,0.747081419523,0.0377952861847
C001797,1,0.000575667243199,0.00121107060269,0.00121170551912,0.000263702054882,0.000658762567966,0.0042421629845,0.0015123860095,0.990324543018
C001799,2,0.0069680294278,0.00715854900326,0.00703913617833,0.00209486344857,0.00840789205654,0.0766178622089,0.791779507989,0.0999341596871
C001801,3,0.0014801855751,0.00216068298655,0.00216152056424,0.00127389560535,0.0125153866984,0.00106818663042,0.0025475460877,0.976792595852
C001802,0,0.00104437419026,0.00106086129094,0.000317460611814,0.00104986808293,0.000458254275243,0.0033872474334,0.00114544733642,0.991536486779
C001806,4,0.01262587952,0.00859858017095,0.00858184021286,0.00840093472721,0.898362625819,0.00852300632659,0.011227618071,0.0436795151523
C001808,0,0.171448337673,0.192037536773,0.256195606403,0.0302697843922,0.0310368342925,0.0269539779029,0.0401357989254,0.251922123638
C001809,3,0.0711509181384,0.0350323845695,0.104883429719,0.437746766979,0.0195937504083,0.0472174855394,0.0211838247209,0.263191439926
C001810,3,0.0053326268902,0.0657740271552,0.00523622258474,0.00475595103594,0.104923438999,0.00406189070133,0.00581177439148,0.804104068242
C001811,4,0.111324170682,0.545464986587,0.023410906327,0.037983548448,0.00609139402165,0.150760107217,0.0224066166516,0.102558270065
C001812,3,0.0410407785037,0.0231029520416,0.0228241285747,0.0204368162647,0.699342145304,0.0127147941074,0.0288591644749,0.151679220729
C001813,1,0.00669897204491,0.00683059645552,0.595345123297,0.00670078723622,0.00683920871147,0.338366176787,0.0107629697928,0.0284561656745
C001814,3,0.00531486457079,0.232809324178,0.0271792187281,0.00743562713138,0.0081995112212,0.00264208444872,0.00869644357525,0.707722926147
C001815,0,0.00237391762332,0.96552338979,0.00239780994295,0.00238640553116,0.00238640553116,0.00241673278725,0.00288966126017,0.0196256775336
C001816,2,0.00459912854171,0.00393856497177,0.00274727307792,0.00418138511236,0.00223527018285,0.566105700157,0.351219664619,0.0649730133368
C001817,3,0.0212855109755,0.0172811775784,0.0170242877105,0.0156413842458,0.192024622134,0.0152972321104,0.609097523626,0.11234826162
C001818,4,0.00394988538823,0.0415946410971,0.801669291919,0.00428610426632,0.0088188007756,0.00435350316651,0.113788953906,0.0215388194819
C001819,0,0.00837204410439,0.0330890906669,0.0169517872168,0.0666795920192,0.0154832938931,0.0197638630757,0.017222554984,0.82243777404
C001820,3,0.00668627547788,0.00665725390278,0.90228322495,0.00616907089963,0.00668627547788,0.00594470262639,0.00781905489291,0.0577541417728
C001821,4,0.0163741581134,0.411778075967,0.0218952091196,0.0662611258299,0.0152073909918,0.028429339328,0.0378901829236,0.402164517727
C001823,2,0.00326678787707,0.000842015845461,0.00230589099744,0.0159642114461,0.00546727283564,0.0350458686274,0.0214158528965,0.915692099474
C001824,2,0.449790597355,0.010521852901,0.429657899584,0.00864454139717,0.010514015002,0.010521852901,0.0099117642687,0.0704374765906
C001826,3,0.00723536877723,0.0182316469568,0.0104902173217,0.00971433972855,0.00796015530843,0.0104948297456,0.874719742505,0.0611536996564
C001827,0,0.00280532912806,0.950276071285,0.00359039129881,0.00361104551576,0.00807508856121,0.00361104551576,0.0042512311131,0.0237797975822
C001829,4,0.0105493750971,0.0178073076524,0.0177626168917,0.0174854557969,0.153709215065,0.0176730407506,0.617964194612,0.147048794134
C001830,2,0.749581911689,0.0144611538878,0.0139070568913,0.017408540229,0.0263783222241,0.0193509078742,0.0146623646086,0.144249742596
C001832,4,0.17023286245,0.0115170234422,0.297461006375,0.0112522951773,0.0193122589246,0.0114292372843,0.389629813841,0.0891655025057
C001834,1,0.0211144952626,0.00887445633192,0.00878099770331,0.699016550682,0.0088856455582,0.0088856455582,0.0157598705271,0.228682338376
C001836,2,0.00755176894959,0.11836484655,0.146986654399,0.0128454739395,0.00547033458949,0.0512831608757,0.0164029069628,0.641094853734
C001837,1,0.0264680790653,0.373460053264,0.0477678002947,0.0229790149513,0.0234537038254,0.0143450859286,0.0202275167505,0.47129874592
C001838,2,0.0112580795814,0.757750750911,0.0113729650687,0.0100770198312,0.137577972937,0.0115658975326,0.0118712093038,0.0485261048341
C001840,2,0.00842933582438,0.00430951137758,0.00266346816328,0.0024592649518,0.0029734836528,0.00179169563306,0.00301502372666,0.97435821667
C001841,0,0.00824425051251,0.017897382247,0.00824021612415,0.00828761909428,0.809362108814,0.00828761909428,0.00965422703714,0.130026577076
C001843,4,0.00822183778295,0.00908701562396,0.00876600637529,0.0395734753527,0.0048447564217,0.04418525777,0.781890192001,0.103431458672
C001844,0,0.0578634845516,0.0206410749127,0.00293261459297,0.867129543642,0.00294948485946,0.00294948485946,0.0315984689891,0.0139358435925
C001846,3,0.0356087308938,0.0354541722817,0.410423808217,0.0185088412738,0.0356087308938,0.135481235538,0.0657678902105,0.263146590691
C001848,4,0.0728650977208,0.0162215982476,0.0198063842626,0.00833715878713,0.753438611862,0.0209910829383,0.0796569615285,0.0286831046534
C001849,1,0.0317729827459,0.032152894858,0.0320560905878,0.0321625660848,0.0324381201964,0.0324381201964,0.0328108339618,0.774168391369
C001850,2,0.770014182209,0.00948669060536,0.00884449056904,0.00792893468721,0.00947962381557,0.114598766726,0.0104019024373,0.0692454089508
C001851,1,0.450750958986,0.0042805239957,0.00422812134679,0.00419917656408,0.00428592103071,0.00428592103071,0.507087916671,0.0208814603743
C001854,0,0.00390064329303,0.884005784935,0.00393990135969,0.00392116248606,0.0145840077235,0.00392116248606,0.00516825507053,0.0805590826458
C001855,0,0.0300135902941,0.0176711825798,0.0296343464067,0.0175947305867,0.172945903069,0.00738019879467,0.0201161906734,0.704643857596
C001856,4,0.772795579907,0.00635852043123,0.00616375396683,0.0050315434168,0.0037946773743,0.00592101753779,0.00796441641027,0.191970490956
C001857,4,0.000777045447727,0.00848426385527,0.000879042915747,0.00891461799814,0.0934089528049,0.000865656878791,0.881322275681,0.0053481444187
C001859,2,0.0386942052061,0.00341812121353,0.0249774462884,0.00301406680309,0.912690323935,0.00341812121353,0.00397294056038,0.00981477478045
C001860,1,0.0296746067379,0.0313015053539,0.0309183088581,0.0307066489605,0.380753237355,0.0313409713914,0.034264527311,0.431040194032
C001861,4,0.00236882870634,0.00424587521924,0.948620607589,0.00245057866856,0.00285624270654,0.00421351190295,0.00531663564969,0.0299277195582
C001863,1,0.0122772830058,0.0560739670552,0.012378854046,0.776810997103,0.0124094246739,0.0760254571159,0.0169150426008,0.0371089743991
C001864,2,0.00390628837776,0.0134558125088,0.0262522482555,0.00591034911318,0.0028678480298,0.0291859095749,0.00779734500948,0.910624199131
C001865,1,0.00331970575124,0.00552478213415,0.00226387992427,0.921667020987,0.0202473508615,0.00587217784728,0.00925927282876,0.0318458096662
C001866,0,0.0464575114509,0.0818780830894,0.0402119114769,0.049854993634,0.0402713798714,0.049854993634,0.0548135567588,0.636657570085
C001867,3,0.063979886412,0.00870943367851,0.00871077697265,0.0253003801109,0.00874740150838,0.0585810355591,0.056466216465,0.769504869294
C001869,1,0.0500975177016,0.764483390383,0.0202430330346,0.0112935359082,0.00801696791156,0.00765893850822,0.00980179017735,0.128404826376
C001870,3,0.0926571734869,0.0163241704947,0.0120870770132,0.0143479583228,0.0386967240712,0.429125325058,0.0404252501879,0.356336321365
C001871,4,0.0158918017419,0.0212531998097,0.0206827964299,0.020764677516,0.0330849611649,0.0210664031546,0.147447115534,0.719809044649
C001873,2,0.171896761658,0.0316415534412,0.0338314780303,0.0284306682353,0.0316179831345,0.0316415534412,0.0363636883386,0.634576313721
C001875,1,0.00518375630493,0.00303539064108,0.721086410763,0.00518516092483,0.217091768853,0.00305935750203,0.00684034555982,0.0385178094513
C001879,1,0.641972043186,0.00733501865904,0.234024753033,0.00971887454914,0.00991964214635,0.00820023197967,0.0371436053368,0.0516858311095
C001880,1,0.000337643634243,0.000340847974537,6.00481230619e-05,0.000119425116421,7.98797448926e-05,0.000529882014302,0.000384391655367,0.998147881737
C001881,3,0.000997809126086,0.00164264919175,0.140079519474,0.0015114521132,0.00164981014243,0.00164150076708,0.844732557117,0.00774470206846
C001882,3,0.0467612962495,0.00876163256951,0.0172262339822,0.015138901058,0.018646651448,0.108889565855,0.108873857756,0.675701861082
C001883,1,0.0865546636546,0.00440119689839,0.243124760385,0.450465565293,0.00316615720879,0.161423245731,0.00537854659596,0.0454858642338
C001884,1,0.00772047071063,0.00776742722508,0.513873480348,0.316831960328,0.033768243447,0.00776408886837,0.0109095121105,0.101364816962
C001886,4,0.00234723240321,0.954988410218,0.00260347939146,0.00255705560848,0.00950636456999,0.00258427350796,0.00323256808119,0.0221806162198
C001887,1,0.0064547274439,0.598243359957,0.0451091408425,0.010979625568,0.221429155816,0.012040450727,0.00325688525289,0.102486654392
C001888,2,0.0411513203503,0.0488371022105,0.111032859536,0.122488664393,0.0261337847074,0.0488371022105,0.0499105978391,0.551608568753
C001891,1,0.00710274948343,0.741662179675,0.0458701935118,0.138585741114,0.00717919711149,0.00717919711149,0.00956194363762,0.0428587983556
C001893,1,0.007443956276,0.00785206824425,0.00776937658377,0.789842673748,0.00786196840771,0.00786196840771,0.00946254792895,0.161905440404
C001894,4,0.888019024266,0.00893092013817,0.00869078722698,0.00757233551077,0.00883746970104,0.00885169117203,0.012908264624,0.0561895073613
C001895,4,0.0401944024906,0.029295978546,0.288275580088,0.0286225863621,0.0292330772225,0.0163684590843,0.0498476177893,0.518162298417
C001896,0,0.469087122467,0.250040786516,0.00955618531395,0.0119064078118,0.0119064078118,0.0410821586549,0.129806862662,0.0766140687628
C001897,4,0.0506495733159,0.0597500672874,0.125663488004,0.0581294271391,0.0571552695093,0.0568416597339,0.310303328247,0.281507186763
C001898,0,0.0041945650841,0.681455781,0.00583741932254,0.00580965551501,0.0453663569216,0.00580965551501,0.214700465571,0.0368261010701
C001899,4,0.00402335517217,0.0131853653577,0.027082999027,0.00610648913094,0.00553739115247,0.05727729613,0.844739984759,0.0420471192705
C001900,2,0.00268577137322,0.751791395316,0.140461269502,0.00235821658379,0.0863459816377,0.0027592056242,0.00303769285103,0.0105604671123
C001902,4,0.424228973419,0.0334082548745,0.0687940438579,0.0205463507197,0.0517939597798,0.0331536072781,0.0557185745547,0.312356235517
C001903,2,0.00756467703155,0.663997691233,0.00540279757381,0.26380592648,0.00350066506412,0.00552078146151,0.00611956046392,0.0440879006927
C001904,2,0.738794161751,0.00650331026819,0.0462964154718,0.00566613929928,0.00223909058993,0.0282337494542,0.0124302110597,0.159836922105
C001907,4,0.0325067876803,0.0452838867279,0.0452726965152,0.0442429993129,0.0868998996124,0.146713514206,0.0289492390193,0.570130976926
C001909,2,0.00171413681447,0.00197253007176,0.971203116778,0.00164839741161,0.00177943174873,0.00178075826446,0.00185643577353,0.0180451931373
C001910,2,0.0424161118313,0.0428022333549,0.0413854512017,0.249708207332,0.0251821509426,0.0384496810936,0.02066977987,0.539386384374
C001911,3,0.773388645112,0.144862789096,0.00112771019208,0.0010547616953,0.00114847250997,0.00114268815399,0.0743816381412,0.00289329510032
C001914,4,0.0188020950305,0.0210278624898,0.284536643382,0.165902519603,0.020982713618,0.0208675819046,0.337240322047,0.130640261926
C001917,1,0.115934188484,0.0386175094139,0.358040198904,0.0253791498494,0.146630640012,0.0433764814637,0.0469515992139,0.22507023266
C001920,0,0.00324773995129,0.00325985188019,0.655655567585,0.0272392240599,0.280087340872,0.0031172370914,0.00366881755006,0.0237242210108
C001921,4,0.000899057845186,0.000992053437626,0.000978651869792,0.0017885645632,0.000701246573574,0.000257407178348,0.00124533577881,0.993137682753
C001922,0,0.00352946835945,0.00354263094957,0.107876554496,0.827789517746,0.0324775860676,0.00354803500015,0.00408557873171,0.0171506286493
C001923,2,0.00254010069688,0.00265059138143,0.00250113851437,0.00230938081889,0.95770768228,0.00265059138143,0.00697431900106,0.0226661959255
C001926,2,0.0379814883454,0.0413591637904,0.234046424273,0.0345915275636,0.197027883566,0.0318844810959,0.11208473079,0.311024300576
C001928,0,0.0262615691764,0.0491483494251,0.0262487178725,0.0101511206844,0.0263997172117,0.0263997172117,0.0301363516706,0.805254456748
C001929,3,0.0153043128162,0.0153037275176,0.021399060777,0.0191118378618,0.544189696739,0.0206607849392,0.0259862646436,0.338044314706
C001930,0,0.106324837526,0.00116261256267,0.849252140143,0.00415410988403,0.00415410988403,0.00415410988403,0.00493200166065,0.0258660784556
C001931,0,0.0202311820166,0.0204259776615,0.0126060750998,0.0203376074182,0.0203376074182,0.0203376074182,0.17563594614,0.710087996828
C001932,3,0.105755876041,0.015821840834,0.0158806367338,0.0102500396083,0.0159474070058,0.172376859436,0.0203256492712,0.64364169107
C001933,4,0.00546158226701,0.0544096436748,0.00245018839391,0.138030670596,0.00613223735812,0.38735811459,0.220184502222,0.185973060899
C001934,0,0.00904965132021,0.0015485874117,0.00152558583608,0.00238876834281,0.00257016653178,0.00238876834281,0.00266167016172,0.977866802053
C001935,3,0.00674148972018,0.00671222848935,0.00659324555352,0.0061319926558,0.404171312143,0.00670753577176,0.504242204204,0.058699991463
C001936,3,0.721950746263,0.092342632523,0.0102059700963,0.00909578230701,0.0103440030059,0.0100978389366,0.0123976371235,0.133565389745
C001937,4,0.0104421548459,0.00768279983461,0.762828391445,0.00751021735427,0.167380257292,0.00762831536552,0.0126722417041,0.0238556221589
C001939,2,0.0320588397262,0.0208639141991,0.0205158801307,0.0182854108948,0.0208483723308,0.0208639141991,0.0224111915962,0.844152476923
C001940,3,0.0047378987324,0.00471733402723,0.00463371317721,0.592233227859,0.0047378987324,0.00471403599941,0.330081039137,0.0541448523352
C001942,0,0.0213928201067,0.200386315831,0.0807395801355,0.021427634698,0.345143414462,0.107759703417,0.0226072306223,0.200543300729
C001943,2,0.00283059611865,0.843573114396,0.106810003597,0.00260705806539,0.00289756460174,0.00224715738949,0.00249089958477,0.0365436062471
C001947,4,0.0174329995344,0.0190152737299,0.422198341437,0.0186715889207,0.425107348667,0.0188703336913,0.0203665321398,0.0583375818802
C001948,4,0.00103973059102,0.00635041612006,0.0115891949331,0.00152185226015,0.000666944940737,0.00376939507897,0.0018574866102,0.973204979466
C001949,4,0.425093745795,0.0828714212782,0.3370227643,0.0256020166307,0.0136829011329,0.0136078233388,0.0208726282412,0.0812466992825
C001950,3,0.00197062261449,0.664181370891,0.0412518915821,0.00181525422428,0.00197062261449,0.278963355008,0.00274244416492,0.00710443890049
C001951,3,0.0524067311446,0.00797800748536,0.00792268123482,0.00734948633711,0.830128246552,0.00626433825694,0.0106153653521,0.0773351436366
C001952,4,0.00420588567834,0.0048589401475,0.00479354417493,0.145458646905,0.00484850752906,0.0117396396565,0.00737048365457,0.816724352254
C001953,2,0.0120777546241,0.173315503057,0.0568352974457,0.022033963182,0.0249800248285,0.0257273699614,0.0281098097137,0.656920277188
C001954,2,0.00312658094848,0.00870206010264,0.00855689973857,0.00746525457892,0.00869557779685,0.00870206010264,0.674454768354,0.280296798377
C001955,2,0.0194404432227,0.00834715432034,0.00787650231654,0.00727262535251,0.330788473741,0.417525211313,0.0103246325232,0.19842495721
C001956,2,0.00208343154319,0.0149781582448,0.00252209848782,0.00219079169442,0.000846634802882,0.00219460466127,0.00233577814129,0.972848502424
C001958,3,0.351623507642,0.101153767338,0.00825653292405,0.00708947160262,0.38164531077,0.0755808051789,0.00846576847102,0.0661848360727
C001960,3,0.02561624175,0.0256138686035,0.0608113998339,0.6469094948,0.0257255294808,0.0255959611899,0.0292392447052,0.160488259637
C001962,0,0.00112406361742,0.001310775905,0.0308106500691,0.00119305396204,0.0021215646345,0.00105181640645,0.00222851441296,0.960159560992
C001964,3,0.016109168029,0.015602589207,0.0150923368918,0.0143407317839,0.0156706069995,0.0155916809752,0.78529495025,0.122297935863
C001965,1,0.570984709797,0.00937249707464,0.0103126283648,0.259740482767,0.010364097484,0.010364097484,0.013502046895,0.115359440133
C001966,4,0.0101011090821,0.0106556222379,0.0111016226059,0.0113412432602,0.61049354227,0.0114475359913,0.0163523953909,0.318506929162
C001968,4,0.00529015276353,0.0092811940801,0.0056867805428,0.00716762468936,0.0578344341011,0.0108405260658,0.0111579060667,0.892741381691
C001970,1,0.0288773675825,0.0120934516996,0.012078869757,0.456451209098,0.0583037434871,0.221215887648,0.104119045139,0.106860425588
C001973,2,0.0113930044465,0.0116291508964,0.0112981020866,0.83890603974,0.0116204881531,0.0116291508964,0.0131541122595,0.0903699515219
C001974,2,0.00943408582233,0.00967522706998,0.00935497067291,0.0951750825218,0.00966801983632,0.783919973552,0.0102816139136,0.0724910266111
C001975,0,0.004342434121,0.0298484124574,0.00471027836526,0.00871276339877,0.00464297934171,0.00499284662892,0.0050641353899,0.937686150297
C001978,0,0.00255744702988,0.0025820713718,0.920540224533,0.00640514816632,0.00257090038753,0.05128681414,0.00282347309848,0.011233921273
C001980,3,0.0347952835888,0.0240501284022,0.101348467103,0.401908954852,0.091493421878,0.161633016134,0.0363152727849,0.148455455258
C001982,3,0.00235269109833,0.00234247931426,0.0260465935136,0.0381419984969,0.00810960994055,0.906513375777,0.00254607866199,0.0139471731977
C001983,2,0.00316517296888,0.00331423564859,0.00318222302912,0.00283312180785,0.65647362488,0.312660794714,0.00381032419411,0.014560502758
C001984,0,0.0145854898112,0.760469104452,0.0147322856314,0.0146622162531,0.0146622162531,0.0146622162531,0.0169243566332,0.149302114713
C001987,2,0.00472663535028,0.00683988856426,0.00637686337801,0.0552475518847,0.00214833249911,0.00521743107108,0.00807877675877,0.911364520494
C001988,1,0.1169199397,0.0175720390887,0.622399934111,0.0176129805084,0.0272391828926,0.0272011476219,0.0463360321452,0.124718743933
C001989,4,0.729993509279,0.0582109830917,0.0111249855898,0.0117950106595,0.00677683530691,0.0119055562026,0.0150281975952,0.155164922276
C001990,2,0.0100329087865,0.223116065326,0.00915553651913,0.00704574253933,0.0118415390911,0.0695912016686,0.427372883964,0.241844122106
C001993,1,0.000179728104933,0.000551071022172,0.000551359926916,0.00298250436287,0.000425773243675,0.000436245040284,0.00060737382023,0.994265944479
C001994,3,0.00184949795171,0.00184147026217,0.00178973086377,0.959692967747,0.00184949795171,0.00184018283581,0.00199802362186,0.0291386287665
C001995,0,0.0119365747216,0.00623598692098,0.0158493160817,0.00248603949624,0.0471993925457,0.00570840140093,0.0107631471471,0.899821141686
C001996,4,0.0184307133934,0.0012078089294,0.260422321302,0.00128930545574,0.000928396760057,0.0012671618324,0.687661512948,0.0287927793789
C001997,2,0.193116743613,0.00544422928366,0.00507568303406,0.00474339378352,0.698921772755,0.00367046004957,0.00671194778962,0.0823157696912
C002000,1,0.939298650824,0.00306337891214,0.00298650504676,0.00300516220623,0.00306724132788,0.00306724132788,0.00340829055768,0.0421035297978
C002002,4,0.00648926651967,0.00170315664045,0.00338340856512,0.0311641053154,0.00780641588525,0.00217307904496,0.00389735650049,0.943383211529
C002003,1,0.0232349990086,0.0404525721606,0.0231847122685,0.0228933499735,0.115414929328,0.0233662692238,0.0274348930981,0.724018274939
C002004,3,0.00177434604301,0.00176664454805,0.01660814323,0.00809118787647,0.960633117424,0.00176540943456,0.00189867818869,0.0074624732549
C002005,1,0.00265289205479,0.00342245829634,0.0673258515782,0.00335741761616,0.0124582123305,0.852628295568,0.0154634001373,0.0426914724182
C002008,1,0.00386515933637,0.0528831993414,0.214408467345,0.00382768996227,0.701527380447,0.00390676044648,0.00737183062339,0.0122095124976
C002009,1,0.0224197782881,0.00612662586384,0.0168746529525,0.00600004677291,0.762062685515,0.00390284821067,0.00658626831636,0.176027094081
C002010,0,0.00292837951748,0.0029393004425,0.597871447012,0.00294378415207,0.210274915838,0.156978558975,0.00280177041007,0.0232618436533
C002012,4,0.0306649923916,0.035760437915,0.0205059933434,0.0349384548109,0.0377197362574,0.0354461355866,0.0443938773577,0.760570372337
C002013,4,0.91472850505,0.00441115692336,0.0141584361146,0.00430976285013,0.0135919655885,0.0283496173549,0.00545277182898,0.0149977842896
C002014,3,0.0249173417648,0.320558379597,0.409423117462,0.0174683758514,0.0249173417648,0.0437313965472,0.0279590226259,0.131025024387
C002015,1,0.495162890759,0.00803881506053,0.317745936361,0.00637334691519,0.0144102666249,0.00803536006425,0.11765681713,0.0325765670847
C002017,1,0.0232062782495,0.0183136705452,0.0387333638974,0.0279954155618,0.0168003886962,0.0362926856241,0.482096113458,0.356562083968
C002019,1,0.320526194399,0.0064041428717,0.010390594967,0.0104613859792,0.00659069487496,0.549876190674,0.0115358913788,0.0842149048553
C002020,2,0.0230518748491,0.36967192913,0.0282607079882,0.0412128054081,0.313866856466,0.0288778527455,0.0300455366058,0.165012436808
C002021,1,0.498835278589,0.00640167281226,0.00510989499633,0.225117914682,0.00640974426621,0.00640974426621,0.0585089345621,0.193206815826
C002022,4,0.635327479615,0.0254128480357,0.0250695479736,0.0248287128033,0.0414887702462,0.0251894917857,0.162469304922,0.0602138446184
C002024,4,0.00298512040717,0.0303880701096,0.00337224686145,0.527882140822,0.332132188588,0.060674352248,0.00430688927404,0.0382589916895
C002025,0,0.00356906488286,0.47243487423,0.00356731833309,0.0162904862608,0.011739900186,0.459965569713,0.00405521886043,0.0283775675334
C002026,4,0.00352629499693,0.00401509275078,0.00415508599451,0.00100053759796,0.00400647195501,0.00262767447269,0.0122255056965,0.968443336536
C002028,2,0.0158890872767,0.0163520882566,0.0227054976802,0.0937653311249,0.0682089237959,0.050995829181,0.0174428274396,0.714640415245
C002029,4,0.0232118131865,0.683903261293,0.0111952946143,0.00963095437496,0.0132836419358,0.02547748333,0.0137030863579,0.219594464908
C002031,4,0.00053776970989,0.0014763971809,0.0014761071881,0.00137371382691,0.00147322721215,0.00173974260115,0.0295277521022,0.962395290179
C002033,4,0.0012419721735,0.0855711351383,0.899978503619,0.00136085885887,0.00138988460397,0.00138237297912,0.00219742104556,0.00687785158187
C002034,0,0.0267537403446,0.0237325777688,0.0108797345243,0.0268944774285,0.171281543532,0.0184047339113,0.0321933104213,0.689859882069
C002035,1,0.00188937138313,0.0138982365821,0.0033197615176,0.00168870574788,0.00116547383917,0.00936741503076,0.0759834338749,0.892687602024
C002037,3,0.00680756157501,0.0307215312493,0.00672372198652,0.00494130364544,0.839264517534,0.00677327485142,0.00770297594692,0.0970651132115
C002039,0,0.00843053893324,0.00322386167357,0.00321031170548,0.00322877946258,0.944239085705,0.00322877946258,0.00391073811723,0.0305279049405
C002040,4,0.00355076074837,0.124766221007,0.00461475165816,0.00450251024322,0.801252275675,0.00455043601801,0.00771962023602,0.0490434244138
C002041,1,0.168854713076,0.00174416197998,0.00127147390368,0.761601956762,0.0365896758778,0.00174636108067,0.00184338374014,0.0263482735798
C002042,1,0.0805716657922,0.00726276529836,0.159988353525,0.00712474310667,0.00727192244797,0.704388620633,0.0108706156931,0.0225213135043
C002044,4,0.000896800129971,0.000969137210289,0.00102281994805,0.969422261748,0.00101460577916,0.00100776867384,0.0015199455715,0.0241466609391
C002045,2,0.130345490837,0.0299054958303,0.0289156041949,0.428791469116,0.0213759537889,0.0299054958303,0.0309615605491,0.299798929853
C002046,1,0.0118102079973,0.0133282366566,0.0124384259388,0.0108939486485,0.0124187868525,0.0124187868525,0.014678921503,0.912012685551
C002049,1,0.00292910873507,0.774774416925,0.00294349028591,0.0028860389173,0.00137145306426,0.00294565725026,0.19144323376,0.0207066010618
C002050,2,0.231770565563,0.0399351319215,0.0378639842258,0.0360389382757,0.027131234067,0.0399351319215,0.0502687408346,0.537056273191
C002051,2,0.00427594551321,0.00222746318005,0.00623154056535,0.0039276767869,0.00946228118187,0.00402155397216,0.00514098409796,0.964712554702
C002053,4,0.00772374622628,0.0148620228244,0.00860007276677,0.00866833702113,0.330335871797,0.0368446181036,0.0125365419001,0.580428789361
C002055,2,0.00702052271179,0.294220716647,0.0108007419698,0.114134788046,0.423212343087,0.025518226997,0.0147798165127,0.110312844029
C002056,3,0.00217929002455,0.00216983088256,0.0021524127797,0.0019487145791,0.956369744426,0.00216831388957,0.00231615267585,0.0306955407422
C002057,4,0.00473541197093,0.0053508479012,0.00463542203126,0.0244315857998,0.882964036791,0.00531006215643,0.00695786636643,0.0656147669828
C002059,3,0.00788109390529,0.020404170524,0.011494767448,0.0103650558159,0.0086604912337,0.851379278336,0.0135159727988,0.0762991699385
C002061,0,0.000999493894984,0.00101527248913,0.10609676786,0.00100475169648,0.0674380079008,0.818219640168,0.00109778322287,0.00412828276786
C002062,4,0.00445902415598,0.370048308173,0.0221888442793,0.0176548733611,0.169341363299,0.116645927719,0.0320413658164,0.267620293196
C002064,4,0.931271415277,0.00377683811109,0.00349593758716,0.00341090831356,0.0034662339752,0.00377602440726,0.0378912455597,0.0129113967693
C002065,1,0.0122770667481,0.00648608210373,0.911763933356,0.00490806667182,0.00198580569785,0.00500945503193,0.00248858849643,0.0550810018943
C002066,4,0.00326570678015,0.00513750966268,0.0251926007514,0.00491498744988,0.0015780610935,0.00822850590601,0.00605043289288,0.945632195463
C002067,3,0.642986535529,0.00673254094362,0.168182336417,0.0397375886046,0.0067618907244,0.00666223778131,0.00699665499338,0.121940215006
C002068,1,0.00381922134555,0.00192578977396,0.00385748818103,0.00378219730051,0.00386032802031,0.00488494000717,0.00489389767934,0.972976137692
C002069,2,0.920165179705,0.00156474627119,0.0328401648177,0.00136331652266,0.00125772982752,0.0366854413077,0.00174285873032,0.00438056281818
C002072,3,0.118959628522,0.847846674845,0.00320048740369,0.00292342717158,0.00318753396983,0.0031714797491,0.00407715536362,0.0166336129751
C002073,2,0.0049567033229,0.00997763485627,0.843295469917,0.010255257348,0.0317167212597,0.00899963480393,0.0276770965156,0.0631214819765
C002074,2,0.00658165654839,0.0067616119324,0.39785612944,0.229103358839,0.314313412454,0.0067616119324,0.00726512038552,0.0313570984681
C002075,1,0.0137368682408,0.0137970812503,0.0136517814996,0.0135348803785,0.013814477095,0.0279258855154,0.764532420689,0.139006605331
C002076,1,0.0034707016908,0.0774593525998,0.00291644545798,0.00197696642822,0.00201780560127,0.00201780560127,0.879419261831,0.0307216607896
C002078,1,0.164463413292,0.0110566988556,0.622313847031,0.0103569432704,0.0814655322464,0.0110706395299,0.0140392727914,0.085233652983
C002079,4,0.010035900693,0.396944684376,0.202616848558,0.0111055690185,0.021508954521,0.0112237792992,0.278634708048,0.0679295554872
C002080,4,0.15637019509,0.0161663152783,0.0141593497652,0.0933210292134,0.00962266387457,0.619993253046,0.0171902949712,0.0731768987608
C002081,4,0.00181896101547,0.00204674950762,0.945136092809,0.00199970328526,0.0377700646438,0.00203114857772,0.00268375888263,0.00651352127888
C002082,2,0.0229500847514,0.0234928533611,0.0193191490082,0.0206855493412,0.0136502079252,0.0234928533611,0.0643657146879,0.812043587564
C002083,0,0.00193703749543,0.00201036109266,0.933616045406,0.00174943447276,0.00108260358792,0.0017374007102,0.031418091792,0.0264490254428
C002084,0,0.0313078047395,0.0123906431644,0.0218652492303,0.536089844914,0.195941413547,0.115182021989,0.0122934409733,0.0749295814419
C002085,1,0.00732562172859,0.0117238704602,0.00725323970101,0.00730442812823,0.00736700911753,0.00899111443064,0.103374916186,0.846659800248
C002086,2,0.197768550598,0.703814341883,0.0698155859904,0.00307336751009,0.00374029453248,0.00374308281561,0.0040378150134,0.0140069616565
C002088,4,0.0804896241377,0.0287177687885,0.191510619843,0.10475233022,0.0947599889321,0.0447876169413,0.263468930703,0.191513120434
C002089,0,0.0027721499364,0.00278248822808,0.00277079336318,0.00278673273092,0.957215762021,0.00210935218804,0.00317952655315,0.0263831949793
C002091,1,0.00211347281079,0.586754668694,0.293555592719,0.0239494027348,0.0836780205467,0.00215771637232,0.00275495500135,0.00503617112094
C002094,2,0.00769892959817,0.00792327300352,0.00747652143135,0.399256139528,0.197894969063,0.00792327300352,0.341796019673,0.0300308746996
C002095,2,0.04684517341,0.0485269059592,0.0763850228465,0.0427719176546,0.0778472313162,0.0352833223724,0.0501749446003,0.622165481841
C002096,2,0.691690341867,0.0122160344722,0.148991547611,0.0124961684488,0.027677232292,0.0190452668987,0.0141036564464,0.0737797519644
C002097,1,0.0277508988185,0.0259031941182,0.027579008581,0.0273428476797,0.584570130928,0.0279076824043,0.0434965049548,0.235449732515
C002098,2,0.00240894955448,0.00246778067934,0.00242661526131,0.00215815311828,0.00265508212772,0.968830251229,0.00265398068151,0.0163991873487
C002100,1,0.00308558092531,0.00311486402229,0.00308206078241,0.930039627143,0.00311879135227,0.0172321184359,0.00462361471388,0.0357033426248
C002101,2,0.011911739249,0.0123635795699,0.0268361763124,0.123931869323,0.557551051752,0.0123635795699,0.0123344244404,0.242707579783
C002103,3,0.021815077555,0.00114013453823,0.0114791396733,0.00111748791003,0.00664092396413,0.00123092007833,0.953721569692,0.00285474658869
C002104,3,0.0410828572061,0.0409045383155,0.0397983385108,0.0372539735359,0.272686179619,0.0408759407422,0.0463861192151,0.481012052855
C002108,1,0.00639896267506,0.102680730108,0.760781597445,0.00630487188457,0.00643511474063,0.00643511474063,0.0091866030455,0.101777005361
C002111,0,0.014188545209,0.0144125338671,0.0141816019336,0.0247460449445,0.355171438271,0.0155517850007,0.0153440919,0.546403958874
C002113,4,0.0126027556473,0.0488067277901,0.710129890435,0.00718545364739,0.0110682428773,0.00729844475612,0.156546999479,0.0463614853675
C002115,4,0.0311448255942,0.0386520907304,0.0361675559097,0.037953487249,0.0402782900929,0.0383091960297,0.0454769436834,0.732017610711
C002116,3,0.109663177377,0.00848574357913,0.523051022475,0.0186578475408,0.00728550485698,0.0308140060368,0.00950519403531,0.292537504099
C002117,4,0.705246792105,0.00363851144389,0.00477725989901,0.00466836760467,0.00472820081124,0.252924856773,0.00703490176022,0.0169811096026
C002118,4,0.0134425354129,0.0153799033735,0.01526590257,0.0150263836334,0.739443501169,0.0152447277514,0.0192970119942,0.166900034096
C002119,1,0.0252236417938,0.00260412808567,0.920212509747,0.0358425112652,0.00260300885942,0.00260300885942,0.00313015171673,0.007781039673
C002121,4,0.476019371305,0.00518723281962,0.00539330681174,0.431725766619,0.00545542372381,0.0385190878765,0.00669891781444,0.0310008930307
C002122,0,0.318309192747,0.0420925792753,0.0433935902319,0.17280823914,0.0421567887374,0.0421567887374,0.15463657919,0.184446241941
C002123,4,0.012536666058,0.00914588256682,0.0147751212611,0.61058501568,0.0159782343112,0.148006425502,0.0215414308146,0.167431223806
C002124,1,0.0184427545701,0.018523594958,0.0184028395263,0.0181715710292,0.0144599194434,0.0161376782203,0.0220338093411,0.873827832912
C002125,2,0.0760077377018,0.114349380671,0.0356707283168,0.0504221473962,0.16882923163,0.0572651030628,0.0668729272124,0.43058274401
C002126,3,0.331708506864,0.0134105066278,0.01321115544,0.280916541087,0.0381428396157,0.013270470194,0.0136668979336,0.295673082237
C002127,3,0.0176944161117,0.00418187963123,0.00415287894144,0.937594238726,0.00420011008114,0.00417895595542,0.00521406756335,0.0227834529895
C002128,3,0.0333003210469,0.0330381220679,0.0320300390338,0.0303640482659,0.0333003210469,0.033132601829,0.0365898272552,0.768244719454
C002129,2,0.00739945591,0.00760186891061,0.00735024203604,0.00646670373331,0.772823061184,0.00629273807561,0.00866398027091,0.183401949879
C002130,2,0.0265402980753,0.019592758493,0.0416292451198,0.14642420653,0.0199146651487,0.019592758493,0.140211688642,0.586094379498
C002133,4,0.0850745116305,0.757662260795,0.0109298803719,0.00964789437767,0.0408787915972,0.00871880856848,0.0143181958618,0.0727696567978
C002134,2,0.0045152119947,0.011249882696,0.0110622217228,0.196505740816,0.0112415024758,0.499141484684,0.0124547844711,0.25382917114
C002136,1,0.00580860467721,0.00583406561653,0.00577262593488,0.00572319455162,0.00584142141139,0.147470184283,0.771208866277,0.0523410372483
C002137,3,0.00498517293068,0.00596190168991,0.00606170670453,0.878279745113,0.00598789195258,0.00589964576815,0.00613571408893,0.0866882217522
C002138,4,0.103206370469,0.0069709712216,0.00687714964138,0.00684497687893,0.362670795404,0.469274130404,0.0125335382456,0.0316220677357
C002139,3,0.0166053756867,0.0164746288226,0.0162841083159,0.0152595509349,0.0106601663048,0.100637720484,0.0229241004904,0.80115434896
C002140,1,0.604251888976,0.0214390600877,0.117682608898,0.0365560889131,0.038977854397,0.0632075240612,0.0284583136848,0.0894266609824
C002142,3,0.0110402449094,0.137027274677,0.0110059356571,0.76801534322,0.00613982829548,0.0109846400028,0.0137269198003,0.0420598134382
C002143,1,0.0109900534507,0.0177165279948,0.382683227617,0.031083759925,0.382998394359,0.0669762832134,0.0240546411489,0.0834971122915
C002144,2,0.00055784506101,0.000579526204852,0.000549470354127,0.990893404519,0.000579094506377,0.000579526204852,0.00060415453341,0.00565697861591
C002145,0,0.77422009234,0.0122735665973,0.00533345254871,0.00715728161024,0.0462314478712,0.0582845718159,0.0509455583008,0.0455540289156
C002146,0,0.0255985671976,0.0388543680621,0.0319954586805,0.0384517384685,0.22464631083,0.0201116820503,0.0457040476409,0.57463782707
C002147,1,0.0146413245822,0.014705502108,0.630862576189,0.114660756833,0.149361291935,0.0147240433217,0.0185526703866,0.0424918346449
C002148,4,0.0115689865592,0.0130019450564,0.0128263028561,0.0127669460199,0.420669748828,0.347663190055,0.0185806027181,0.162922277907
C002149,0,0.0150787078612,0.0458122419754,0.0152304676798,0.699885594969,0.0151580288588,0.0151580288588,0.0180618009751,0.175615128822
C002150,2,0.0288606046143,0.0325045242461,0.0250337812834,0.0224392433696,0.0259309816574,0.0254584576166,0.0282062813653,0.811566125847
C002151,0,0.00375814911449,0.00377216453306,0.00379597304694,0.00377791872204,0.931888704969,0.0271518424659,0.00421590924177,0.0216393379067
C002153,3,0.00480002820593,0.0047622339008,0.00464994794404,0.00429423332815,0.00480002820593,0.880049363007,0.00539294371531,0.091251221693
C002154,3,0.0147199715623,0.814992349784,0.0146552627252,0.0099633038821,0.0110432026861,0.0115416852173,0.0568476696005,0.0662365545421
C002156,1,0.00742361107414,0.0164189641966,0.0162460528858,0.0050958815437,0.0164396658034,0.563716926616,0.0405352974521,0.334123600429
C002157,0,0.016018717575,0.0197183741447,0.35310195131,0.0195140418813,0.0195140418813,0.0195140418813,0.434805051556,0.11781377977
C002158,1,0.0220970339035,0.0181931791152,0.0180314321937,0.0183615749691,0.01851888852,0.01851888852,0.0216635749262,0.864615427852
C002160,0,0.00907978851974,0.0109935667382,0.530864494311,0.00912755241899,0.00912755241899,0.00912755241899,0.35076286142,0.070916631754
C002162,2,0.102856906896,0.166590867576,0.541106437431,0.0214550546249,0.024606691145,0.024625034733,0.0270921787864,0.0916668288078
C002163,2,0.0180189118464,0.090214426698,0.0181825781163,0.0166247468263,0.0184772554767,0.0184910297448,0.0172313127992,0.802759738492
C002165,2,0.210535172883,0.00562763497424,0.00510808770279,0.00477367701894,0.00547490547493,0.7396973887,0.00620926308876,0.0225738701574
C002166,1,0.00686498353614,0.729723149464,0.00712996894918,0.00686684371086,0.00700869549681,0.00700869549681,0.16516981186,0.0702278514859
C002167,1,0.0371676890843,0.00955329620509,0.00648858164585,0.0115035193569,0.00956534133652,0.148063026931,0.0103709030299,0.767287642411
C002168,2,0.00364800984168,0.00877095765417,0.00812300045243,0.0362614667831,0.00206418436055,0.00953487143937,0.0397519140097,0.891845595459
C002169,0,0.0142336683825,0.174290852003,0.0148516650671,0.0134914671065,0.102287531243,0.0126941686523,0.468374631945,0.1997760156
C002171,0,0.0149893123041,0.153758200176,0.0108192975651,0.026279290143,0.232366589124,0.026279290143,0.0287989141874,0.506709106357
C002172,4,0.0125228339352,0.00924651900856,0.00918229167896,0.23586594566,0.66906980872,0.00916525036019,0.0146314850026,0.0403158656342
C002173,4,0.659197262065,0.00565599964992,0.00557959321848,0.00552599184185,0.288211213176,0.00560628846171,0.00711796139843,0.0231056901887
C002174,2,0.00230994802674,0.0023663613462,0.00220617088509,0.00212623044831,0.960467231454,0.0023663613462,0.00263430662249,0.0255233898705
C002175,3,0.0133987056774,0.0264850313032,0.027845495154,0.0253116800543,0.117259739531,0.00964062103297,0.415017611292,0.365041115956
C002176,2,0.00107080285389,0.0011154437782,0.00107852185348,0.00787077470069,0.0740431010923,0.0011154437782,0.909588709763,0.00411720218032
C002177,0,0.00261091402592,0.00494579114746,0.00497700716048,0.00495333562667,0.897578251759,0.00495333562667,0.00539945991723,0.074581904737
C002178,0,0.00635397571075,0.00685556194968,0.164674437382,0.771897759172,0.00562182657187,0.00686601965868,0.00752957462146,0.0302008449336
C002183,0,0.00397556208438,0.00401384072669,0.00401557417203,0.794940429142,0.0859721811645,0.003996475385,0.00425667401047,0.0988292633149
C002184,2,0.331970486397,0.241430956046,0.00280673578151,0.405969888756,0.002900658715,0.00290282107353,0.00357289879809,0.00844555443258
C002186,0,0.00795089130207,0.50028773767,0.0069911993895,0.0187086113382,0.00719478126155,0.13211267802,0.270811605678,0.0559424953409
C002187,3,0.00363046908424,0.00595508874744,0.00590614842475,0.584847176317,0.353303792401,0.00595092536866,0.0075849977056,0.0328214019511
C002188,2,0.000396202980295,0.00187043190342,0.00128073419002,0.000664355293031,0.00192711651188,0.00298147568058,0.0020733505167,0.988806332924
C002189,4,0.0168886328562,0.28632849221,0.482687062657,0.0191394734799,0.0188187260541,0.0187170203371,0.0259633569652,0.13145723544
C002190,4,0.139306976014,0.0140933367444,0.0238922967102,0.0243083512662,0.263337466832,0.023769837402,0.0520375590084,0.459254176022
C002191,2,0.0258361656113,0.139363769209,0.418961476797,0.0233443116787,0.02345587758,0.0166478253363,0.0304481934991,0.321942380289
C002194,0,0.00193043343461,0.0021877696915,0.0101596426683,0.00350998439104,0.0123501928292,0.0107301620556,0.000854628903743,0.958277186026
C002195,0,0.0431895100943,0.101687403404,0.0189167865914,0.0434167069507,0.0434167069507,0.0434167069507,0.0506804815594,0.655275697499
C002196,4,0.0144132630594,0.246634455875,0.0157020225442,0.0155346043353,0.0375204617018,0.0157801943489,0.58928078425,0.0651342138852
C002197,1,0.00138971845042,0.000929554373621,0.000930041702217,0.000345587901035,0.000522715485447,0.00259953637684,0.00125749721923,0.992025348491
C002198,3,0.000272004009833,0.000373965633867,0.000567113860382,0.000323948561905,0.000659217265091,0.000314632370267,0.000654322002639,0.996834796296
C002199,4,0.027063685482,0.00341228362882,0.00341144041101,0.00666447480899,0.00205431106674,0.00512474836587,0.00714273205176,0.945126324185
C002200,2,0.0106838322454,0.5267919481,0.277868414034,0.0095630154887,0.0109677729868,0.0928222928236,0.0217142372466,0.0495884870751
C002202,3,0.00580450280168,0.0221927326876,0.0112670963153,0.0105580573325,0.00501713694911,0.0116640073787,0.115202373401,0.818294093134
C002205,2,0.0515832398468,0.0239258470149,0.0234145309146,0.0208458733244,0.62098887368,0.0239258470149,0.0195080276918,0.215807760512
C002206,3,0.0901934260964,0.00660619615506,0.0108767052404,0.00603246352751,0.00665862461583,0.00662508802286,0.840125363418,0.0328821329234
C002207,2,0.0131963541221,0.0112395466667,0.010999347807,0.00342382605448,0.00865864470642,0.0409300467247,0.829292631317,0.0822596026014
C002210,3,0.0197980328253,0.00810821605336,0.00579325084925,0.576607268638,0.0120154959015,0.00500465912996,0.333978616822,0.0386944597812
C002211,2,0.197007152349,0.0379268033178,0.0368471352315,0.0334492998929,0.035099759948,0.0379268033178,0.0433359011895,0.578407144753
C002212,3,0.0157573378933,0.275858645311,0.0159343144442,0.0195981163783,0.54221398301,0.0156779750432,0.0178431083166,0.0971165196032
C002215,0,0.0581580169833,0.0142467975376,0.0141869179052,0.0142685300905,0.0695857328856,0.0121759341041,0.730430157254,0.0869479132397
C002216,0,0.0150793061203,0.444520076748,0.0150719269441,0.190986157185,0.0151586302649,0.0151586302649,0.25073241996,0.0532928525132
C002217,1,0.0173023720321,0.116160175443,0.0163735781888,0.0111532645997,0.109292479625,0.0102983465871,0.0230221245633,0.696397658961
C002218,4,0.00155650483269,0.154004577622,0.00171364738048,0.00169364141751,0.0211218888268,0.793917145392,0.00243837048985,0.023554224038
C002221,3,0.00199237969673,0.0188040191704,0.0220283025595,0.00652065241719,0.00701074483779,0.002088189374,0.00335380899474,0.93820190295
C002222,0,0.00037801388796,0.000711833847633,0.000683239447953,0.000259126740017,0.00778080277781,0.000208688288186,0.000788698774162,0.989189596236
C002224,0,0.0079383062744,0.0230414689625,0.0154390356806,0.0097145987572,0.0200940888693,0.347242859515,0.479836852134,0.0966927898067
C002225,2,0.879775385092,0.0074121645168,0.00725376013291,0.00426158713517,0.0074910234318,0.0074121645168,0.00518122219047,0.0812126929837
C002227,2,0.00753621604281,0.0175919580487,0.0172160026486,0.023010793627,0.0708827123788,0.0625283385309,0.433177914299,0.368056064424
C002232,3,0.131524282299,0.604491582073,0.0176760387889,0.0118355256244,0.113609219168,0.0178063086549,0.019501206375,0.0835558370168
C002234,2,0.00123951209686,0.00127563093147,0.000817466272676,0.00111558004144,0.000637187851916,0.00127563093147,0.00133645525202,0.992302536622
C002235,4,0.00690256024036,0.316698858984,0.00778203011994,0.00757152589016,0.00766856809228,0.00654482676326,0.605015990479,0.0418156394315
C002236,4,0.00774685384407,0.0114652162879,0.868720340842,0.00858287808234,0.0269325341168,0.00871856671012,0.0119251370804,0.0559084730368
C002238,4,0.0091565635717,0.0115411350503,0.0113852268115,0.00383957639814,0.0115163551077,0.0191815107315,0.0830699190488,0.85030971328
C002241,1,0.169113430375,0.0103521034074,0.00589941469238,0.00578426926461,0.00319271441517,0.00590375777493,0.412879385722,0.386874924349
C002242,3,0.00351885204729,0.00350357857714,0.00350493672143,0.0211299010884,0.830097042468,0.118435292554,0.0040749189158,0.0157354776281
C002243,4,0.00804788204357,0.00409710267394,0.0040417552528,0.0384460145774,0.0041030096946,0.063947868943,0.830210660921,0.0471057058941
C002245,4,0.00137561801346,0.00170785387409,0.00168478261736,0.00135846047228,0.000585289029676,0.00211890121117,0.00559505010917,0.985574044673
C002247,2,0.0166124441396,0.113370347741,0.0681171564474,0.0158180885402,0.018141683907,0.0181552080161,0.264910300854,0.484874770354
C002248,1,0.00930907412949,0.00549936167381,0.316345746779,0.002715533023,0.00404383521049,0.291038311629,0.358201143364,0.012846994192
C002250,2,0.00631210574814,0.0422185953036,0.757137774252,0.0773592906131,0.0292791509526,0.0297810629461,0.0270662568252,0.0308457633592
C002251,4,0.0916714239475,0.00348351199277,0.00343645351739,0.00340344060192,0.00347603255274,0.877102211915,0.00475882833117,0.0126680971415
C002252,4,0.00162561512233,0.00353927045925,0.0100000561104,0.00164750340019,0.00590714486739,0.00189536315068,0.00432426991155,0.971060776978
C002254,2,0.00356010514615,0.642310698373,0.00830075253222,0.0135400695719,0.00921871718689,0.108952334108,0.0177703523421,0.196346970739
C002256,3,0.113002526468,0.0274449842922,0.0269584864309,0.0250114213746,0.0275646277195,0.555040125637,0.0318847993739,0.193093028704
C002258,4,0.0085110753656,0.00957663772991,0.00929852388663,0.00935651082802,0.0095560757546,0.740193099531,0.0126215947018,0.200886482202
C002261,1,0.0043555200148,0.896655467617,0.00443574427566,0.00440892507417,0.0140714457467,0.030878188252,0.00618499232986,0.0390097166899
C002262,2,0.0177433212072,0.00897886088557,0.0270024745166,0.116477817518,0.136666653718,0.0966949817838,0.0267872706906,0.56964861968
C002264,2,0.0473421256495,0.0198328125143,0.018490233374,0.0202043807115,0.0107607304494,0.700444813659,0.0225330024687,0.160391901174
C002265,2,0.0225519768862,0.0984477500152,0.0228623310337,0.0194953245415,0.0233441860125,0.0233615884389,0.0231565655045,0.766780277567
C002266,0,0.00643484546843,0.00580616898546,0.00643169652656,0.0060554904516,0.845349048362,0.00646869574039,0.00619985407987,0.117254200386
C002267,2,0.0347322608916,0.0229203707502,0.161960998608,0.0245584770021,0.129830860095,0.0839575695338,0.0320217991797,0.510017663939
C002269,4,0.101741759918,0.479666830748,0.0284569906018,0.0278097553837,0.01866047515,0.0188645200773,0.0358348254477,0.288964842674
C002270,3,0.0260293816138,0.403041196741,0.0109539225076,0.499594214534,0.00885661174318,0.0109293584876,0.0124820863651,0.0281132280077
C002273,3,0.00333267714162,0.00583029513406,0.00538903816442,0.245849948953,0.701438534177,0.00582621900219,0.00694539802214,0.0253878894059
C002274,2,0.0045081994708,0.00392188675116,0.00385646517259,0.0291146720976,0.00391896527407,0.00509725146226,0.00464716748234,0.944935392289
C002275,0,0.00263346174279,0.96443230712,0.00265163391027,0.00263902226642,0.00263902226642,0.00263902226642,0.00289277755551,0.0194727528721
C002276,3,0.000923059922935,0.000962999303654,0.000931506285559,0.000917356598884,0.000967197394491,0.00342251181453,0.00121855972482,0.990656808955
C002277,0,0.00634376519812,0.00640484605003,0.00640761209165,0.0063771363456,0.0229173517074,0.880228119333,0.00685296773355,0.0644682015403
C002278,0,0.00207401911097,0.00247532655973,0.00125174660456,0.00124579307443,0.00124579307443,0.00145396616945,0.00120568103095,0.989047674375
C002280,3,0.0330735750443,0.0328131614106,0.0318119425385,0.0301572957077,0.0330735750443,0.0329069978473,0.03611805063,0.770045401777
C002281,2,0.000824372731917,0.000163755357317,0.0049523876944,0.000801424549004,0.000540525204856,0.00283436943655,0.00146435367905,0.988418811347
C002282,1,0.58146165509,0.0484938394934,0.0106966809022,0.302824017873,0.0107230972611,0.00738370704121,0.0139747843354,0.0244422180033
C002285,2,0.0143156317044,0.0165162882796,0.190345042556,0.0293531379523,0.0215605856683,0.0336900583211,0.107849774406,0.586369481111
C002286,2,0.00661534017329,0.0135821382284,0.00607451717817,0.00399809173017,0.0278546783761,0.0928162925448,0.0136732091614,0.835385732608
C002287,3,0.026388590358,0.0278248705246,0.0637840288401,0.0241443875417,0.0550608046692,0.0765340391268,0.0378691109497,0.68839416799
C002288,0,0.0922279525021,0.125325639954,0.00660724387309,0.71924689289,0.00704585824148,0.00704585824148,0.00751136444357,0.0349891898537
C002290,0,0.00620167361562,0.0174345968298,0.00623352187068,0.710799125733,0.011942081393,0.0120481797319,0.0174528993556,0.21788792147
C002291,0,0.357890404592,0.230289497098,0.179247110645,0.0240229014319,0.0240229014319,0.0240229014319,0.0272596650434,0.133244618326
C002292,0,0.0111081364712,0.337442765848,0.0260062328982,0.45879282815,0.0111665704215,0.0111665704215,0.0159862588937,0.128330636896
C002293,4,0.0241207532759,0.0335176811371,0.0493754249362,0.0329118777177,0.0334457154064,0.40330866192,0.0409028749702,0.382417010637
C002294,0,0.00557472237321,0.172043621953,0.0055719943393,0.00560404799872,0.201779770052,0.58547422271,0.00640703456083,0.017544586013
C002295,2,0.00235848894062,0.31378810598,0.00820675717385,0.219261620407,0.381696530379,0.00946747342463,0.009857847343,0.0553631763518
C002296,4,0.00516120755252,0.00483097826994,0.00222623218915,0.00203322430456,0.00222200133572,0.00670891287831,0.00300161060315,0.973815832867
C002297,3,0.00263584394471,0.0123411231268,0.00262765265586,0.0023982274622,0.00263584394471,0.0240614067262,0.94547865639,0.00782124574965
C002298,2,0.0035479205847,0.0101338005695,0.0865480067297,0.010485687231,0.0123310083133,0.824605237599,0.0116819591924,0.0406663797803
C002299,2,0.127530187912,0.0385293246306,0.0578364867916,0.0521451415805,0.0590554700649,0.0798866331422,0.419318535566,0.165698220312
C002300,0,0.348729205893,0.00579016178617,0.00576582559703,0.286659156185,0.00289695903327,0.316959960072,0.0065983556732,0.0266003757607
C002301,3,0.00341453092996,0.0501646997794,0.00337247874066,0.922632859867,0.00207146093878,0.00339733342438,0.00398470224441,0.0109619340755
C002303,1,0.00646766070309,0.00652904076092,0.00607632002011,0.00640496233096,0.0174837709967,0.858264251414,0.0110966780816,0.0876773156925
C002304,4,0.171708803937,0.0223576498696,0.015199744699,0.0219535544703,0.0223096458145,0.0529391456985,0.0320621487294,0.661469306781
C002307,0,0.0286242492192,0.0287309987978,0.0289123382855,0.0287748260474,0.0152603149123,0.0287748260474,0.0340339981881,0.806888448502
C002308,2,0.0294368961919,0.0669315108573,0.0158199827321,0.0272718284402,0.0218679949793,0.0250921251324,0.0923149489089,0.721264712758
C002309,0,0.00576797567942,0.139546118493,0.013492221001,0.538063218055,0.00792959645163,0.208590054551,0.0149476293203,0.071663186448
C002310,1,0.0179741009108,0.0180528870424,0.0178318815995,0.0177098084857,0.0180756487565,0.0180756487565,0.343485974762,0.548794049687
C002311,2,0.00826066242302,0.0108638459471,0.805353610521,0.00737197399438,0.00844972773575,0.00845602676732,0.00931544228409,0.141928710328
C002312,3,0.0147473053422,0.200665421895,0.0303935409482,0.187222723598,0.0304882879737,0.030334731742,0.0350351030695,0.471112885431
C002313,1,0.00324057413836,0.00455074995863,0.00325918655533,0.00190127805369,0.00327545277332,0.00236173449978,0.00439490945059,0.97701611457
C002314,4,0.00388394407745,0.00550985196824,0.00461820033308,0.0701755006563,0.00549802177863,0.00546142528769,0.0070237889045,0.897829266994
C002315,4,0.448090345709,0.0226929787556,0.0133681760512,0.0621428266061,0.013285669187,0.0143826440709,0.0189444024455,0.407092957175
C002316,0,0.00100224384778,0.982985719214,0.00101233094184,0.00100751611531,0.00163035175393,0.00100751611531,0.000989337907526,0.0103649841046
C002318,3,0.483706666072,0.0369364229029,0.0364267881577,0.0767990425313,0.0370974432256,0.0365507219683,0.0414033475613,0.251079567581
C002319,1,0.0417876885065,0.00817996680906,0.643298739875,0.0100832465662,0.0772745892093,0.133745155241,0.0151080997466,0.0705225140457
C002320,4,0.00578643291001,0.310381685977,0.327263431316,0.0171387495092,0.225685559019,0.00639525767114,0.0543584755117,0.052990408086
C002321,3,0.0118615251351,0.00322705802594,0.00400772752114,0.0019703156124,0.00379357942186,0.00377447281407,0.00447998676598,0.966885334704
C002323,0,0.765664800288,0.00533363887075,0.00536730283582,0.17704216133,0.00599811331027,0.00534177498616,0.006180807007,0.029071401372
C002330,2,0.0193218423794,0.00631296843935,0.0248435655982,0.0219267329522,0.00716495287237,0.0253860883216,0.0281591989041,0.866884650533
C002331,4,0.010891809422,0.00582372388393,0.00578004136532,0.00568986079625,0.0058112197807,0.913447278799,0.00792867125192,0.0446273947009
C002333,3,0.00248249870442,0.00409534340094,0.0040344648977,0.00376753982312,0.161738741733,0.00409248022517,0.784479107011,0.0353098242044
C002334,2,0.0184999439574,0.0164569033865,0.0171273070715,0.556899864682,0.03008029534,0.0716011424408,0.0204006370628,0.268933906059
C002335,4,0.0446151968289,0.0159282312514,0.0197410399942,0.0198201977097,0.671500526205,0.012693329109,0.0299797311254,0.185721747776
C002338,1,0.0105026497017,0.0104316739375,0.853487869855,0.0103482180128,0.0105619862691,0.0105619862691,0.0127240014667,0.0813816144885
C002339,0,0.577845411462,0.0888303489964,0.00729755455474,0.0158234340077,0.0069615789234,0.0129715644352,0.00702579512343,0.283244312497
C002341,2,0.821200928304,0.00304252937304,0.00297750788172,0.0645259318897,0.00231035268634,0.00219268264328,0.0904598624384,0.0132902047831
C002342,3,0.314223497518,0.0295565396831,0.351102989203,0.0167003605106,0.0116831232121,0.0240133472716,0.0261718466652,0.226548295936
C002345,1,0.158830393954,0.0375152608127,0.023915793068,0.0690507220519,0.062763311902,0.163453655753,0.0752742488304,0.409196613628
C002346,0,0.0536518504502,0.0408982768038,0.142211411369,0.269446749281,0.040960664436,0.040960664436,0.0455989339286,0.366271449295
C002348,0,0.343584551151,0.00656355492252,0.00445654584001,0.0016802324315,0.356878026231,0.200432146092,0.00743131895247,0.0789736243797
C002349,4,0.0358832951271,0.0445327386652,0.0416701990772,0.043727847502,0.0464063529991,0.0441376749104,0.301056209152,0.442585682567
C002351,4,0.000656314718434,0.00063342660527,0.000616395149115,0.000601866546107,0.00211307619641,0.000373101346966,0.000833201614932,0.994172617823
C002352,2,0.56886360065,0.0166409225553,0.171078280387,0.00779396567875,0.10308680529,0.0533004411627,0.0172677872875,0.0619681969883
C002353,2,0.00090833550047,0.000930518779128,0.974216979056,0.000835229067067,0.0132993338476,0.000930518779128,0.00104525711248,0.00783382785803
C002354,4,0.00434159798422,0.00476013592667,0.00479061946718,0.00467410054107,0.00133405576226,0.928590327854,0.00603923087688,0.0454699315881
C002355,2,0.00820988591545,0.00852130622183,0.00804083471089,0.511743384652,0.12492654211,0.00852130622183,0.105488232076,0.224548508092
C002358,3,0.00494349585918,0.00492203876594,0.0792501978633,0.561192721705,0.32215588778,0.00491859762297,0.00573092591292,0.0168861344904
C002359,4,0.0159687588325,0.0181257829651,0.0182418590704,0.0177091469222,0.40141906772,0.0129432449522,0.431529389811,0.0840627497266
C002360,1,0.214335198105,0.0061126878524,0.00607971752748,0.00598639672762,0.652149720235,0.00611006068488,0.076691619143,0.0325345997249
C002361,1,0.00676777551474,0.00100556608042,0.00100776149389,0.00118185258315,0.00102356855968,0.000386252891918,0.000368773873431,0.988258449003
C002362,4,0.00278390472014,0.592416306705,0.00794910638126,0.350090877773,0.00568191488997,0.00724150830621,0.00968045652446,0.0241559247
C002363,2,0.0125281011606,0.0128706439898,0.0593193044689,0.206099361755,0.174773914951,0.00502244142138,0.0143581563435,0.51502807591
C002365,4,0.00734532157418,0.00824501594422,0.00803389666942,0.00805549746529,0.874999946442,0.0070812782844,0.0111745910095,0.0750644526114
C002366,1,0.0426889606806,0.0124024528358,0.0212930046077,0.0121462120859,0.0327703366125,0.0123971223949,0.0142892506266,0.852012660156
C002367,2,0.0038040599108,0.00389696228111,0.00376797025946,0.656939773882,0.00389405937066,0.00240017803209,0.234543766394,0.0907532298693
C002368,2,0.737553978839,0.00146256945664,0.0012694822862,0.0012742929269,0.249811758495,0.00146256945664,0.00135502751371,0.00581032102613
C002370,1,0.00313739509798,0.00311538892587,0.00308769148142,0.00314422492946,0.929820930052,0.00317116320625,0.00398961085105,0.0505335954561
C002371,1,0.000221594681202,0.00021983319073,0.000424554924498,0.000423049335717,0.000384934209862,0.000426673828351,0.000551432823922,0.997347927006
C002372,4,0.00264049684723,0.00288332498069,0.00181154187724,0.0028170493824,0.059641987654,0.896289643438,0.00389234324972,0.0300236125706
C002373,2,0.0583637601643,0.033832846301,0.292170866624,0.0368813237573,0.271152355353,0.018867531721,0.0410546111529,0.247676704927
C002375,3,0.0053822018298,0.00252761943856,0.00253133972571,0.0328812866269,0.0059003409598,0.0079183102101,0.00291039932125,0.939948501888
C002376,3,0.0144645146456,0.109169683837,0.0274261402268,0.00849485322866,0.00951659108422,0.0221785127055,0.750708185527,0.0580415187447
C002377,2,0.00101723259762,0.0018306338091,0.00226951565359,0.000394039065825,0.000938117760457,0.00422197502476,0.00191348016687,0.987415005922
C002378,4,0.00756668210041,0.0534052823753,0.00841209980533,0.00833128743922,0.00878365805215,0.00845234701362,0.120953953205,0.784094690009
C002379,1,0.0253308635752,0.0301669013565,0.00490389561558,0.00480818083914,0.00952608838954,0.859639037177,0.00919787398775,0.0564271590595
C002380,2,0.0107797578392,0.0110552953214,0.0103069088343,0.852773809809,0.0202727899898,0.0110552953214,0.011558254389,0.0721978884963
C002381,2,0.0434436807523,0.0179277343868,0.381800704869,0.328093380147,0.0150054348148,0.0571852257416,0.0212272629765,0.135316576312
C002382,4,0.00946734434408,0.0105021648622,0.0103602919858,0.0162573404257,0.0104796156899,0.258426918484,0.0221476876198,0.662358636589
C002383,2,0.814724100098,0.00614332163415,0.00700890345592,0.00731517775818,0.013234894649,0.00831905039736,0.0106955659914,0.132558986016
C002386,2,0.00803611854128,0.0332978125252,0.0585361275986,0.00765185625532,0.0526049788294,0.00878241651458,0.0100072367581,0.821083452978
C002387,3,0.00564006890214,0.848608558798,0.00562385368183,0.00506738627527,0.00949268160618,0.00359821740741,0.00638367027819,0.115585563051
C002388,0,0.00348222228071,0.00537382994336,0.00348051822805,0.00280396598369,0.00350054038513,0.958330991197,0.00387832968626,0.019149602296
C002389,0,0.000787772987406,0.00108090903899,0.00284488391356,0.00432418902206,0.0013690018453,0.0013690018453,0.00151153347564,0.986712707872
C002390,3,0.00382967782847,0.00623659324932,0.00615465509326,0.0219836248123,0.00757721809933,0.00840436753498,0.00645272526816,0.939361138114
C002392,0,0.559891341218,0.0133977792813,0.279850941206,0.0132589443781,0.04505179619,0.00619525755968,0.0152484553742,0.0671054847923
C002394,2,0.0120060392591,0.0123558899361,0.0120918338526,0.277711133462,0.0811616538867,0.0123558899361,0.156160957318,0.436156602349
C002395,4,0.151860396588,0.203653183202,0.0202957599757,0.0107465017311,0.227900975532,0.255690156552,0.0659486992724,0.0639043271475
C002396,3,0.0315356191768,0.023702865274,0.0297195634824,0.46273996369,0.017043598513,0.0540833151378,0.140639936024,0.240535138702
C002397,3,0.00687326333306,0.00684343014287,0.894069613424,0.00621572184186,0.00687326333306,0.00683864569833,0.00760175867891,0.0646843035479
C002398,2,0.336939724339,0.0139138636982,0.0131293343151,0.0112880822003,0.0139034990354,0.53750318686,0.0150512863267,0.0582710232255
C002399,0,0.00306872178176,0.00394167840742,0.00329116615191,0.933831425261,0.00323459508436,0.00394769117866,0.00443865337162,0.0442460687634
C002401,3,0.00813037558522,0.00204828523474,0.00203911477304,0.00187788611523,0.00206454094976,0.00205414275591,0.965669221744,0.0161164328416
C002402,4,0.0214486107317,0.574736809836,0.010518373199,0.0240143174425,0.0217092204929,0.0243939651259,0.0361208864134,0.287057816758
C002403,2,0.0159531285623,0.0326263780986,0.372590326406,0.0177393851137,0.0316162240094,0.0190327129842,0.0320261168166,0.47841572801
C002404,0,0.00359651980751,0.0118357678652,0.00363271702005,0.00361543916993,0.00187171175816,0.213946723904,0.0033981371163,0.758102983359
C002405,0,0.36063927787,0.00185106791215,0.523783400485,0.0891584481617,0.00183188616352,0.00183188616352,0.0129683690647,0.00793566417953
C002406,3,0.00526115771421,0.0114294291388,0.00532024774277,0.00885652118778,0.00526115771421,0.822122614206,0.00545495447644,0.13629391782
C002407,2,0.0105224426034,0.0140356178185,0.0135710296118,0.0122745966104,0.0538886508864,0.00743889703008,0.827975179779,0.0602935856601
C002408,2,0.0199611750139,0.0446367816226,0.0431592747118,0.19879867044,0.0290534329987,0.0680700695987,0.0516983552297,0.544622240384
C002409,1,0.0125334324478,0.431157090518,0.00853732448642,0.0124119316691,0.013587886131,0.0335210225758,0.0162785894817,0.47197272269
C002412,3,0.00446895669027,0.00777159170464,0.000805744468104,0.00165424582841,0.00137124148181,0.00144996694869,0.00214719125577,0.980331061622
C002413,3,0.00537091387728,0.00526666121528,0.0468965747958,0.00464333280318,0.00222574810529,0.00526297913655,0.00582347179392,0.924510318273
C002414,1,0.0300166966994,0.0303756087579,0.0302841554485,0.0303847453971,0.0306450679567,0.0306450679567,0.0309971795649,0.786651478219
C002416,0,0.00246873239425,0.604377071282,0.0106986945255,0.00464231745465,0.0366417202623,0.064979340609,0.00585830377058,0.270333819702
C002418,3,0.143144478026,0.008353325049,0.00959136421094,0.178299146578,0.0156045720449,0.498456413394,0.0111595053727,0.135391195324
C002419,0,0.00650949474551,0.00657217132197,0.00650630927343,0.671958833389,0.00654373770728,0.00654373770728,0.0417527606168,0.253612955238
C002420,3,0.0297396444262,0.0234676961084,0.394139960358,0.0207848430873,0.0570969160582,0.187143267252,0.0247583532441,0.262869319465
C002421,3,0.0115919702817,0.00278109257699,0.00269014235666,0.00253697377418,0.00279321644792,0.0234777221089,0.943546117249,0.0105827652044
C002424,1,0.00781251895503,0.0077184746116,0.00775070273008,0.00769764313506,0.868053038888,0.00785665715552,0.0105413593358,0.0825696051889
C002426,2,0.0359921899459,0.0253569937805,0.0358837892618,0.0332073906946,0.10179471656,0.0369352300819,0.0418092489838,0.689020440691
C002428,3,0.00636147670272,0.00922261681087,0.00600201866145,0.00846267378529,0.00926282180685,0.00921616900651,0.756056225923,0.195415997304
C002429,3,0.00748507573839,0.00745258699509,0.725044319156,0.00672928003042,0.142874874533,0.00737476490124,0.0126843119519,0.0903547866941
C002430,3,0.0263026353151,0.537837713134,0.0268105520969,0.0218804514574,0.0271453826823,0.0264977791645,0.0369460281926,0.296579457957
C002431,4,0.884183286335,0.00465646886297,0.00468628852765,0.00454943609286,0.00278522674319,0.00461515988156,0.0039501719719,0.0905739615851
C002434,3,0.00223642169471,0.00629259245582,0.00628542948953,0.00321310173479,0.00385938780915,0.0760933833641,0.0110729485893,0.890946734863
C002438,1,0.0100912298676,0.0101354628987,0.0092140994421,0.803896199835,0.00780514897692,0.0101482420464,0.0112365511071,0.137473065826
C002439,4,0.00408899411566,0.00826465907142,0.00262035809672,0.00807468907904,0.00234742891911,0.0244303479074,0.0279643119639,0.922209210847
C002441,0,0.00231894130615,0.0127272422785,0.662830159274,0.00233114001306,0.00233114001306,0.303327820527,0.00258509226367,0.0115484643244
C002442,3,0.00713333940195,0.362025559135,0.00711117145698,0.261458723633,0.00713333940195,0.278191218698,0.00774528548858,0.0692013627843
C002443,2,0.00524599527912,0.0245309524383,0.0267710275574,0.49659186795,0.00539333132211,0.00413205207116,0.0105268975402,0.426807875842
C002446,2,0.0135710653567,0.140622309386,0.0215003239228,0.00799709689309,0.0133790928538,0.0210949276405,0.0254581182049,0.756377065742
C002448,1,0.00133278570431,0.0103982919594,0.00144093558005,0.0056022161754,0.00261415000619,0.00296510710494,0.00294075728513,0.972705756185
C002449,4,0.00180583059855,0.00199759195309,0.00201048631477,0.00195167565759,0.00125972293823,0.962781563,0.0102995941463,0.0178935353911
C002450,0,0.0814484305399,0.0379350546999,0.0207008713965,0.0594287493348,0.0594287493348,0.0594287493348,0.0703884323261,0.611240963033
C002451,0,0.0165086822848,0.00963420158988,0.18582672424,0.0303644334098,0.0165955256111,0.595298758787,0.0188005352003,0.126971138878
C002452,2,0.00220452749306,0.00534893148733,0.810502130926,0.0438994627142,0.00148772789757,0.119811639188,0.00246397632825,0.0142816039657
C002453,2,0.00639009342125,0.108302468015,0.0132986421814,0.759512501503,0.0244392843307,0.0135890520078,0.00858033856363,0.0658876199767
C002454,3,0.627307476102,0.00992042632357,0.0468517949399,0.138261659617,0.00826563412602,0.0183363776971,0.021195366342,0.129861264853
C002456,3,0.0120882885368,0.00761661861301,0.00534122030729,0.112321852133,0.0120882885368,0.758314331049,0.0143582664086,0.0778711344156
C002457,4,0.442681479633,0.457485706838,0.00957026512451,0.00947832663271,0.00968048976738,0.00961525602883,0.0141996848879,0.0472887910884
C002458,3,0.00495551585149,0.00493400658585,0.896932622176,0.00450864049195,0.00552223284851,0.00493055707582,0.00565146605519,0.0725649589152
C002459,2,0.0948044494218,0.503392249686,0.0181756518907,0.230814967443,0.0124824396228,0.0460292285039,0.0210726996102,0.0732283138214
C002460,0,0.0761770971261,0.0684699923829,0.19608965042,0.0537600344909,0.0537600344909,0.0537600344909,0.0598249567563,0.438158199842
C002461,3,0.013697496539,0.0136380429724,0.0709987785738,0.0123305561783,0.0734140624118,0.331063525614,0.0162750890588,0.468582448651
C002462,4,0.00433286569886,0.00488293555464,0.00481697238211,0.793702641713,0.00487245141572,0.134074617422,0.00662720232555,0.0466903134882
C002463,4,0.226820044147,0.0768502917028,0.0127206930664,0.0107749249498,0.0332323406843,0.102347249657,0.0204156043978,0.516838851395
C002465,3,0.0387591145944,0.0167890809479,0.406897538147,0.0179895127259,0.00865777348018,0.0228071354516,0.201742383732,0.286357460921
C002467,1,0.0220322750928,0.65501448589,0.0253287729916,0.025155377819,0.025245324779,0.0275796545025,0.0120822900031,0.207561818922
C002469,1,0.0078101009411,0.00543395946588,0.0308943859217,0.0158821288243,0.237965658315,0.0568834676945,0.403592767631,0.241537531206
C002470,3,0.0584520934485,0.0082515536175,0.0367755327362,0.0172487536365,0.0101865573548,0.0373350667923,0.0506994036047,0.781051038809
C002474,2,0.00331294108395,0.00339762196999,0.00328515844196,0.370358272038,0.00339509102625,0.00970009667821,0.557518093068,0.0490327256944
C002476,0,0.00365733802217,0.921196632594,0.0036941473403,0.00367657731662,0.00367657731662,0.00367657731662,0.00381999840546,0.0566021516882
C002477,0,0.0744265660216,0.7241777549,0.00381758785252,0.155254855544,0.00210187412226,0.00190592086632,0.00371847877453,0.0345969619184
C002479,0,0.0349224220665,0.0350526596776,0.0349053325066,0.0528850634148,0.0968821259485,0.0348672919472,0.0411193147818,0.669365789657
C002484,4,0.00163892778738,0.00209226301712,0.960681416496,0.00204417062928,0.00145431787093,0.00228910699325,0.00292273347884,0.0268770637268
C002485,4,0.00870348027982,0.780937586072,0.0168334444246,0.0166548072136,0.0170100374314,0.0168954122046,0.0567285235196,0.0862367088546
C002486,4,0.00338389701245,0.0102074426247,0.0297469379078,0.32843005657,0.00734200872084,0.00723822994864,0.142459252343,0.471192174872
C002487,2,0.0086659964438,0.0131117151149,0.779648512006,0.0115384004381,0.00700413200149,0.0396680190742,0.023119887866,0.117243337056
C002488,3,0.00377076576892,0.00375439887492,0.00368385477474,0.019979726351,0.0109416897537,0.00194635575638,0.0097682542601,0.94615495446
C002489,4,0.00664312534626,0.0792057013747,0.0282759032368,0.00965484301529,0.772796018386,0.00717307725921,0.0140963518668,0.0821549795145
C002490,2,0.00230622911797,0.103615922584,0.209862327823,0.00206196476737,0.00236341594507,0.0115963048586,0.662980482195,0.00521335270947
C002491,3,0.184598454489,0.00734954111742,0.00735239012939,0.00560696960417,0.00738158064341,0.00734440283571,0.269601134421,0.51076552676
C002492,3,0.00804701763391,0.00801208979892,0.00774167964635,0.634675848053,0.00804701763391,0.0079284252131,0.230371866788,0.0951760552326
C002493,0,0.0115076049923,0.0226699765813,0.100992279197,0.0227045581401,0.115232919946,0.0134355922523,0.0259920294847,0.687465039406
C002495,1,0.388316537178,0.00191391361134,0.00191168367189,0.503517548546,0.0130456230746,0.00191309103185,0.0669654674533,0.022416135433
C002496,3,0.164820794988,0.0197586161277,0.0811221124738,0.0132486823151,0.0142448052538,0.017445173742,0.614029925441,0.0753298896584
C002497,4,0.0368810479168,0.0231396376289,0.0204696553861,0.0148795892796,0.687949406678,0.0171801695641,0.0321336229636,0.167366870583
C002498,0,0.00829528903493,0.00781689094752,0.00837877706125,0.726176902104,0.00952761405871,0.00833892610301,0.00938622431265,0.222079376378
C002499,4,0.0608459279773,0.00654501838492,0.0144322072251,0.743649014288,0.00431419487872,0.0955452405384,0.00859353129734,0.0660748654106
C002500,1,0.0171654881676,0.556546199342,0.0158555168624,0.0171701394252,0.0175248314854,0.0122139524162,0.0366985396983,0.326825332603
C002501,0,0.173562711869,0.0208426621855,0.0207252524499,0.0206266794524,0.627706004508,0.0206266794524,0.0223458326987,0.0935641773848
C002502,3,0.00225850861547,0.0838853723653,0.00371160167281,0.00250240851255,0.0566905944133,0.00275478775373,0.766901735695,0.081294990972
C002503,4,0.0331608275435,0.00910110434695,0.010489978911,0.0398985282401,0.0069483080206,0.0592428682824,0.0130694612773,0.828088923378
C002510,0,0.00269523188319,0.00262083650925,0.00290803247566,0.00115393201894,0.00159557999382,0.00364380509117,0.00387364495451,0.981508937073
C002511,4,0.00492266053157,0.0106394868301,0.268222834871,0.00861538622594,0.00990642227268,0.0104279297306,0.558853072972,0.128412206567
C002512,2,0.22048536197,0.327811968325,0.00729221690518,0.00681443776984,0.0561516294583,0.00772795555676,0.350472545386,0.023243884629
C002514,3,0.0169008352554,0.13513534147,0.544870917228,0.0862138905672,0.0169008352554,0.0168157131069,0.0207149764471,0.16244749067
C002515,1,0.125903796019,0.0190616343308,0.012565504772,0.0380564712649,0.0601047816786,0.363429888951,0.0574824905247,0.323395432459
C002516,0,0.00278278274837,0.00279316069343,0.00281079009547,0.00283368017171,0.00279742147641,0.942686946403,0.00336400695213,0.0399312114592
C002519,3,0.00551170804301,0.00546831013644,0.00530145710943,0.00495585623087,0.00551170804301,0.00530050660004,0.88018476561,0.0877656882269
C002520,0,0.00203051553268,0.00322474124882,0.00313295263341,0.00322966037956,0.00322966037956,0.00322966037956,0.863242535065,0.118680274381
C002521,2,0.0106186843446,0.86667320936,0.00599978360307,0.00385436144236,0.0157337806988,0.0236640265162,0.0127732148917,0.0606829391429
C002522,2,0.00140304662526,0.00144140866867,0.00134383273436,0.00126055797383,0.0191472661115,0.96561936232,0.00162480244643,0.00815972311997
C002523,1,0.00166189440565,0.0125317940967,0.866921194079,0.00164578377792,0.0804002693584,0.0294203072017,0.00211778519817,0.00530097188211
C002526,4,0.00391543472082,0.00354916878635,0.00442858840192,0.478420670543,0.308516300011,0.133471143444,0.055830123618,0.0118685704748
C002527,0,0.011354523615,0.00100246788599,0.00205720149014,0.00187161319781,0.00103311816233,0.00117821115999,0.0011372697264,0.980365594762
C002528,0,0.176161976081,0.0452328417874,0.0225581690166,0.0188922144301,0.0319875215776,0.0920648302685,0.0240150509641,0.589087395874
C002529,2,0.00968769609298,0.00754529947429,0.00438716264906,0.00958356821642,0.0205479006994,0.809778799109,0.0160101982703,0.122459375488
C002530,0,0.272311022397,0.0056283565332,0.524775596236,0.00563694222102,0.00563694222102,0.0379424173564,0.00546566630927,0.142603056725
C002531,1,0.00459274246694,0.00461570195056,0.00382884533212,0.869174727781,0.0440535938227,0.00469833608096,0.0297794493807,0.0392566031854
C002533,1,0.0317729827459,0.032152894858,0.0320560905878,0.0321625660848,0.0324381201964,0.0324381201964,0.0328108339618,0.774168391369
C002534,3,0.105867450101,0.287233275718,0.0243850821469,0.00152766417394,0.0020765379047,0.00206607928741,0.56593748032,0.010906430348
C002538,4,0.0212584500671,0.0286228740341,0.0289809337539,0.0401861850055,0.575267963006,0.030990912609,0.0340431722014,0.240649509323
C002539,0,0.0375582419272,0.0376983094088,0.0404364657599,0.0377558157011,0.0191720703159,0.0377558157011,0.0440898023409,0.745533478845
C002540,1,0.00467366573268,0.0268709749237,0.00163036151663,0.0031689766861,0.887678873076,0.0104136574409,0.0374475993516,0.0281158912725
C002541,0,0.00612403869513,0.00549640028027,0.282958000847,0.00615625397929,0.00615625397929,0.62255288324,0.00711052443122,0.0634456445481
C002542,3,0.00105543528077,0.00105085419607,0.00103389504885,0.000948924017577,0.00105543528077,0.0010501195128,0.979237995196,0.014567341467
C002544,1,0.00542635941617,0.00547785720958,0.00400506425352,0.0306065108005,0.00548476388437,0.845519420024,0.00701068810474,0.0964693363067
C002545,2,0.00312826837669,0.0105665096308,0.0135015462247,0.0123372513616,0.832092790092,0.0269358105441,0.0147526134532,0.0866852103165
C002546,2,0.00237827739908,0.00686349080495,0.00670901859068,0.00617076488176,0.00498985502958,0.00686349080495,0.915614467019,0.0504106354702
C002548,4,0.00386159921433,0.0365574710585,0.431764055987,0.00423598324,0.00392739873658,0.500910369692,0.00541574936257,0.0133273727089
C002550,4,0.00384589463592,0.00398082062695,0.0228410241443,0.00419007153322,0.00427944152736,0.936546600248,0.00646506903782,0.017851078246
C002551,0,0.00759900015467,0.0103973591935,0.0683438103362,0.0190046226731,0.00377939917296,0.0403667969819,0.0106080952621,0.839900916226
C002553,2,0.00297707014456,0.00221197717917,0.966642700424,0.00261398876166,0.00571042750626,0.00305846907462,0.00262133405531,0.0141640328544
C002554,1,0.00534091066335,0.055744296559,0.758925156138,0.0103890758176,0.00788847437703,0.00951696319862,0.0185765412216,0.133618582025
C002555,3,0.00487247064603,0.29123258894,0.661664471551,0.00445152801511,0.0034229871807,0.00480066291358,0.00555538010068,0.0239999106533
C002557,3,0.00737680729282,0.527900716622,0.121789288805,0.011102976516,0.0387898940936,0.148129617831,0.0139603968905,0.13095030195
C002558,4,0.00683613167294,0.0120346049204,0.0120848760043,0.0698596279068,0.00573477955666,0.00691690382304,0.0148338421247,0.871699233991
C002559,2,0.0300710900048,0.0122179850583,0.830038203642,0.0109848348699,0.0122088836829,0.0122179850583,0.0136982512729,0.0785627664114
C002561,0,0.00945025834554,0.605057905422,0.00655092696325,0.22640572374,0.00427797988436,0.00658861206646,0.099358291414,0.0423103021647
C002563,3,0.0106993336452,0.00877329217193,0.766569611509,0.00980142322535,0.0493912157824,0.0106454457602,0.0119726193821,0.132147058523
C002564,1,0.242678914916,0.00720068183602,0.0173069401174,0.00642815534769,0.00720976070862,0.00720976070862,0.0078770797058,0.70408870666
C002565,3,0.512608029203,0.0448745066142,0.0174914406822,0.0158812767719,0.0100395214871,0.0267199612583,0.281821763971,0.0905635000123
C002566,0,0.012031529895,0.00189625391804,0.000777259827841,0.965181433618,0.00135578802735,0.00187660392803,0.00216825457631,0.01471287621
C002567,4,0.172857221523,0.0545476682241,0.0538107882858,0.055358266401,0.162412305552,0.0540637589189,0.0787396805584,0.368210310537
C002568,1,0.00320429178676,0.00650377682702,0.621259277817,0.00856639174948,0.00874335193963,0.0159291416037,0.262164944125,0.0736288241514
C002569,2,0.00286399304694,0.600481717326,0.0731956158112,0.231357897948,0.00294525293612,0.00541083805144,0.0661094505485,0.017635234332
C002571,3,0.80939637219,0.00455902556552,0.00442563676755,0.00417975517437,0.145773780202,0.00457206309971,0.0059827507607,0.0211106162395
C002573,4,0.0119233573427,0.268237266508,0.254183406867,0.00716627659209,0.0134486364049,0.0133748440166,0.0180597982767,0.413606413992
C002578,0,0.00931439111786,0.00198645609112,0.85662011629,0.00948769305619,0.00198948629928,0.0956076678295,0.00219570757886,0.0227984817371
C002581,4,0.0180764505532,0.0034418064623,0.203073943783,0.00336269370741,0.00343441656812,0.0133632023119,0.728306240637,0.0269412459775
C002585,3,0.0014883643577,0.00458368081637,0.0203826898471,0.00132856783038,0.00187816253274,0.00148086811447,0.000920879176818,0.967936787324
C002587,4,0.00288249275654,0.00321102609842,0.00317609806897,0.169569335522,0.0787384915368,0.702984940285,0.00538205514325,0.0340555605889
C002588,2,0.00100030480913,0.00218058488979,0.00160065198903,0.00147793294131,0.00027028388222,0.00103479643557,0.0019658118838,0.990469633169
C002590,2,0.00156532312972,0.00312574224951,0.00663298106135,0.0018275498927,0.00083660947062,0.0020907244171,0.00381599779121,0.980105071988
C002591,3,0.33822018253,0.480147907754,0.103837860774,0.00489877842872,0.00249052792847,0.0027945884627,0.00299047026196,0.064619683861
C002592,0,0.00367663111659,0.00504737590895,0.00746298475128,0.0036950105297,0.00505507534903,0.00117788482307,0.0274220254997,0.946463012022
C002593,1,0.00549207282673,0.458842881138,0.00647853629115,0.00664937110432,0.00952176272725,0.226753948899,0.102669578107,0.183591848907
C002594,0,0.00533302294783,0.00535291160755,0.00538669721504,0.0266944657157,0.79666039654,0.00536107712225,0.00583765294271,0.149373775909
C002595,4,0.0141204566454,0.0154630244519,0.0176979099659,0.605429955629,0.0136000013701,0.0153258471598,0.0590937264058,0.259269078372
C002598,1,0.163038148683,0.0281501536646,0.0283166563318,0.0280741789034,0.107028967473,0.0286541210987,0.0406242359217,0.576113537924
C002599,1,0.00082017299311,0.00100916623667,0.00100542069211,0.000391338485614,0.00101043862891,0.001701029663,0.00124903158492,0.992813401716
C002604,1,0.00392132687556,0.808480685594,0.011105236343,0.0110190061034,0.00705108219451,0.0302479088572,0.0610169332873,0.0671578207448
C002605,0,0.0217716632921,0.00890549208244,0.112530180905,0.0288523119729,0.00661931224009,0.600466693727,0.00986624058485,0.210988105195
C002606,3,0.0405430729814,0.0332199398253,0.171301111111,0.0301032699483,0.306436986768,0.0331967147823,0.040455436427,0.344743468157
C002608,2,0.12825952884,0.513880143754,0.023517301607,0.0276769310175,0.0308115708301,0.0308345399794,0.0308122759738,0.214207707999
C002610,0,0.00679349604635,0.56082651537,0.0934090823694,0.20209925043,0.0086478516057,0.0086478516057,0.00955898851803,0.110016964055
C002611,1,0.00350465617145,0.0929212811061,0.00353977120904,0.0159314243019,0.00249215539116,0.00149171946207,0.00388000657419,0.876238985784
C002612,3,0.0029387385695,0.00526712665797,0.00526793903,0.176669130508,0.00123708732644,0.00521212578037,0.0059558722333,0.797451979895
C002615,3,0.00445264906813,0.0483243692413,0.00447074365025,0.00405008574038,0.897006470877,0.00443022301349,0.00574617193478,0.0315192864745
C002617,0,0.0223568624113,0.0389972225258,0.00977330922241,0.00972682562046,0.0259977823753,0.00972682562046,0.0110414536956,0.872379718529
C002619,1,0.0150735438216,0.0222045732203,0.571724959067,0.0212254359253,0.0109584416165,0.0328317500889,0.0374373671957,0.288543929064
C002620,3,0.005254953502,0.00523214453635,0.00523862292896,0.199917577475,0.0863410050635,0.672845523958,0.00595263225172,0.0192175402844
C002621,2,0.146887071617,0.0102321081929,0.298570150889,0.104750353573,0.0109493953727,0.00963692986903,0.378492893087,0.0404810973989
C002622,0,0.522207436349,0.0335126792606,0.0991961197712,0.00872349603534,0.00872349603534,0.00872349603534,0.264585995612,0.054327280901
C002623,4,0.00937185402149,0.00140512083269,0.113620073667,0.794295263883,0.00140210390121,0.00139441058626,0.072572141965,0.005939031143
C002625,1,0.00213604683754,0.925555826209,0.0581362966725,0.0021153397124,0.0021590373308,0.0021590373308,0.00254036334402,0.00519805256285
C002626,1,0.0107424363169,0.0681897656392,0.782411096387,0.0107658216501,0.0108580582712,0.0199336023951,0.0148716056695,0.0822276136705
C002627,0,0.00278860926594,0.000847104526111,0.0021694393608,0.00199722557465,0.00215912112023,0.000646340554975,0.0699883136343,0.919403845963
C002628,3,0.0100382849187,0.0163978897557,0.0164199877496,0.0115991048343,0.765380062672,0.0164447831203,0.0181098064774,0.145610080472
C002629,1,0.445302023667,0.00669030542953,0.00660840196938,0.00656316231248,0.00669874080162,0.00669874080162,0.00312563483409,0.518312990184
C002630,0,0.119355371088,0.00647429912273,0.00824036125401,0.26259332573,0.0185927401233,0.50944729187,0.00901205885341,0.0662845519592
C002631,4,0.00270332086209,0.00305521137499,0.902535325589,0.00310061292653,0.00304865153816,0.00302810764605,0.00360079206102,0.0789279780022
C002632,3,0.0258177576904,0.00757477371229,0.0329138684055,0.00729316188795,0.0417729147508,0.024668365401,0.234772420312,0.62518673784
C002634,0,0.00936870621955,0.0104899937489,0.0117732086817,0.0104446102028,0.0805210427573,0.0481150160967,0.011933164353,0.81735425794
C002635,2,0.000616322097432,0.982107717199,0.000925087440708,0.000874114444371,0.000940079941957,0.000940780744802,0.000932395944789,0.0126635021868
C002636,3,0.00189394197148,0.00270474334139,0.000898441983682,0.00980801092376,0.00186591385953,0.00980828678747,0.0042774328475,0.968743228285
C002637,2,0.0239655238749,0.949366979756,0.00180693993554,0.0122385887153,0.00101934097914,0.00193814216626,0.00207081434356,0.00759367022909
C002638,2,0.628818193497,0.00879152682327,0.0107230238816,0.00775228480534,0.00878497787226,0.00879152682327,0.300938019577,0.0254004467206
C002640,0,0.0215555305382,0.0350221179414,0.0352431646571,0.0350755418796,0.0291426402622,0.281112223464,0.0411848895874,0.52166389167
C002641,2,0.0889295596118,0.0165385612227,0.069397223713,0.0155699354535,0.00539497485112,0.688306512752,0.0230777860099,0.0927854463863
C002642,1,0.0101343707444,0.0530250565452,0.00792527511597,0.771204186225,0.00879298037423,0.0825061021747,0.0100226572066,0.0563893716144
C002643,0,0.00181698751802,0.00188272312159,0.00181609836099,0.00182654571517,0.00273498476451,0.00236446899362,0.00184907588272,0.985709115643
C002644,0,0.0140517690729,0.00915337014256,0.00469871494334,0.00467636701695,0.00467636701695,0.043932401084,0.00525039016685,0.913560620556
C002647,3,0.00852269497648,0.00770810619356,0.00847616053895,0.881995377744,0.0291180545073,0.0068108840925,0.0107758403777,0.0465928815691
C002648,3,0.00158090456501,0.00200398101393,0.0021118836477,0.00102122817368,0.00198330562016,0.00197003437086,0.00497283690493,0.984355825704
C002649,4,0.005808166026,0.00659713461664,0.00650801447077,0.00669517043498,0.00658296992514,0.896130545805,0.00902952293391,0.0626484757877
C002650,3,0.0137733226986,0.0136648747607,0.0132335798259,0.0122825503325,0.0137733226986,0.0137039524692,0.605686569079,0.313881828135
C002651,1,0.416382653583,0.0120803359782,0.0120866692206,0.00627927410815,0.313732065799,0.0176816575506,0.0437871902537,0.177970153506
C002652,1,0.00158403990497,0.0826318868327,0.00607236407336,0.0427665223607,0.00333310242265,0.00461719891003,0.835058774916,0.0239361105796
C002653,3,0.016930960852,0.0263094521294,0.0263079850679,0.0174359408653,0.234440494733,0.234196442294,0.0759413770591,0.368437347
C002654,1,0.0320402649715,0.422077273601,0.0333831149654,0.0331545815508,0.0338394721357,0.0338394721357,0.0407954356571,0.370870384982
C002655,2,0.0040645501563,0.00416381419331,0.00402598919737,0.00374356419036,0.480702892924,0.484468233991,0.00240805746782,0.01642289788
C002656,3,0.057084229668,0.012242678021,0.0121289196166,0.160455798637,0.00717624942513,0.660990542404,0.014455179338,0.0754664028901
C002657,4,0.00184783879623,0.00441975020023,0.00436447458896,0.117823647886,0.81007468463,0.0043805412236,0.00582172521955,0.0512673374554
C002658,2,0.00284415423812,0.530959021128,0.003815221747,0.132049083629,0.00585117199709,0.00706229763833,0.00738010993141,0.310038939691
C002660,0,0.00175737743861,0.964042601996,0.00222223634195,0.00358521575638,0.0022350200604,0.0022350200604,0.00254580132806,0.0213767270184
C002662,0,0.00653956680861,0.0105618204165,0.00995923674174,0.535494468953,0.3429149552,0.0136846120237,0.0110660189779,0.0697793208782
C002663,2,0.00609980523573,0.00625962771854,0.00593498590816,0.00562784915084,0.00625496482026,0.00557768635038,0.845632170032,0.118612910784
C002665,0,0.00432223253265,0.00469406497897,0.00383835188301,0.00549158071306,0.887509961697,0.00549158071306,0.0061355006529,0.0825167268297
C002666,2,0.00765883885342,0.012339754065,0.00307885623477,0.00071202059135,0.00238633927036,0.0177509546644,0.00278072084921,0.953292515472
C002667,2,0.0133322644929,0.653952955636,0.0170273366535,0.0157237511849,0.0173032915036,0.017316190615,0.0182899260629,0.247054283851
C002668,1,0.019159394835,0.025297035084,0.0254585706332,0.0332352621676,0.0532577998672,0.501555385432,0.0466287737601,0.295407778221
C002669,0,0.00183399462451,0.00282281859425,0.0175837111711,0.00319658072436,0.0022947280145,0.0192344887585,0.00593389314849,0.947099784964
C002671,1,0.00334454392011,0.0128459574445,0.00423359865889,0.00420072549749,0.00178145630003,0.00410344355164,0.0044711428255,0.965019131802
C002674,2,0.154849808233,0.74291294593,0.0100038564507,0.0063048824083,0.00273596576895,0.0155519581448,0.00519321417917,0.0624473688845
C002677,0,0.711581321389,0.0919728878662,0.012335097499,0.01772703618,0.00891475600958,0.01772703618,0.0198597034918,0.119882161384
C002678,0,0.00754933319381,0.0075774872296,0.00762531353948,0.913885110344,0.00902872228134,0.00758904618815,0.00837842894459,0.0383665582791
C002679,3,0.0659179600106,0.0199571414138,0.0235175125327,0.0153593221246,0.155393044864,0.252825238364,0.0427244385187,0.424305342172
C002680,3,0.806606185892,0.1460032741,0.0235576991761,0.00245194665938,0.00268391484454,0.00264436081681,0.00291408938455,0.0131385291261
C002681,4,0.00130279097136,0.00337714717797,0.0106998537873,0.000545807488707,0.00822885642067,0.00543496688031,0.00445256171749,0.965958015556
C002682,2,0.0398473921902,0.0256567996954,0.067302561434,0.436237401697,0.0192740261819,0.0127507059715,0.0271592443919,0.371771868438
C002683,3,0.00174113977836,0.00173358241418,0.000643959161471,0.0021864209405,0.00174113977836,0.00105822184307,0.00464392727593,0.986251608808
C002684,4,0.0206582824938,0.0109999981527,0.00159100777128,0.262375888301,0.00141477315647,0.676653159999,0.00297171919594,0.0233351709299
C002685,1,0.833661077037,0.00806275597594,0.0110578931448,0.0108881596944,0.0111130817931,0.0339922224075,0.0169672769914,0.0742575329555
C002686,2,0.00364879829479,0.633851611397,0.00368603323945,0.112142731918,0.0037457712226,0.189980225472,0.00433646089228,0.0486083675644
C002687,2,0.486956764219,0.00246384422495,0.00238228935613,0.00169499565613,0.00167129404487,0.491363307401,0.00288506528561,0.0105824398125
C002688,3,0.00425795268681,0.00423947117284,0.00410082751873,0.549599320046,0.00425795268681,0.00423650723307,0.384596086568,0.0447118820876
C002689,3,0.00242737866927,0.141424958571,0.00729720994241,0.00666018248166,0.798998076182,0.00728309039231,0.0085553689737,0.027353734788
C002690,1,0.0421692996872,0.291279885731,0.205442431745,0.129393396504,0.0313710581573,0.0481252058375,0.0587489391838,0.193469783155
C002691,2,0.00483842302557,0.830085364471,0.00914999365971,0.0169180772243,0.0351379778656,0.014752098052,0.0099321562571,0.0791859094449
C002692,0,0.0689709432747,0.0192340330822,0.0135358590033,0.0190347198181,0.0190347198181,0.350678589321,0.0214679069651,0.488043228718
C002693,0,0.022858221431,0.228574451409,0.0196793640239,0.00785884224344,0.0110623898391,0.0197925722566,0.019840745861,0.670333412936
C002694,2,0.00418323981058,0.0362442667169,0.00421313304608,0.00375322395237,0.00249256480543,0.912924042241,0.00448783093052,0.0317016984967
C002695,2,0.00129292737893,0.00881197920238,0.00852029687905,0.00480481317308,0.0599265784354,0.850206164895,0.0105435858411,0.0558936541953
C002696,2,0.0121773089852,0.537785922168,0.0120316397079,0.0161983860383,0.0124342593287,0.0542729894683,0.00951201202961,0.345587482274
C002697,4,0.00501246130734,0.00554809492632,0.108746108037,0.831485837065,0.00553618262535,0.00576126220679,0.00739399379096,0.030516060041
C002698,4,0.0163373741455,0.0212780832381,0.144613982189,0.0182026303214,0.0185908740428,0.018490399751,0.0242378541861,0.738248802126
C002699,2,0.656566837633,0.00457464259521,0.00461552468504,0.242638515015,0.0569994198637,0.00457464259521,0.00524096919737,0.0247894484155
C002700,2,0.151216510145,0.048603273837,0.0475645797241,0.0220915082559,0.0485670684695,0.112205978998,0.14110118904,0.42864989153
C002701,3,0.0327213690585,0.0413133635282,0.127867952428,0.036997157339,0.041641236938,0.0284726447133,0.0467203726042,0.644265903391
C002702,0,0.0122452120458,0.00672059547183,0.00468280313164,0.184542867528,0.00858405374898,0.00540545445279,0.0101376182871,0.767681395334
C002703,1,0.0283636097199,0.0289791910497,0.0465065093603,0.0284284681091,0.0984808537773,0.0290157290317,0.0426289653534,0.697596673599
C002704,4,0.00615423725001,0.0738662256609,0.00924423419916,0.0148947239281,0.0995949496205,0.0151263456968,0.175940519337,0.605178764307
C002705,3,0.893565895153,0.0040779674129,0.00393950760519,0.00372415811921,0.00409574486878,0.00403538408406,0.00426240806414,0.0822989346925
C002706,0,0.0028979588747,0.0055599880029,0.00555268717532,0.00274521152208,0.00226204791266,0.00861898496431,0.00549888891702,0.966864232631
C002707,3,0.819241423219,0.0113283814916,0.0113450552168,0.00671692647706,0.0113777663399,0.0113204614848,0.013401532117,0.115268453654
C002708,3,0.00677836664194,0.007496102682,0.00771129235556,0.225340378924,0.287019956227,0.00670773026588,0.336780176842,0.122165996062
C002709,2,0.0838835065749,0.00746714798392,0.00118361526284,0.0124583637353,0.00381356622652,0.00199832884537,0.00505275555059,0.88414271582
C002711,4,0.00465962109938,0.00138048716784,0.000921815488832,0.00124568265105,0.00053050273345,0.00117384791309,0.00180046780957,0.988287575137
C002713,2,0.115210503906,0.0249190806822,0.0035634092737,0.722772164615,0.00215916149073,0.0554544897503,0.00446355489806,0.0714576353837
C002714,4,0.373959186955,0.438456987327,0.00668688652385,0.00682464062219,0.0107381869262,0.0146726111465,0.104641002096,0.0440204984032
C002715,3,0.178513214376,0.644079811196,0.0517149682932,0.00860302617215,0.0093923195799,0.00676305260106,0.0355216499341,0.0654119578481
C002716,3,0.0252690161224,0.0251593367275,0.332847485319,0.0226853991796,0.121058875357,0.0410119161466,0.0263321465501,0.405635824599
C002718,1,0.0127096860724,0.0112656748502,0.107847656024,0.0159692218803,0.0236058558745,0.722199768053,0.0160360407239,0.0903660965215
C002719,1,0.258499883001,0.00160625705669,0.00263609660568,0.0138303859874,0.67707896203,0.00334542271862,0.0127741651497,0.0302288274502
C002720,3,0.00293100794623,0.930053788818,0.0240263448942,0.00266938832416,0.00293100794623,0.010305722996,0.00354818579412,0.0235345532808
C002721,4,0.013587562304,0.0152705457495,0.0151644748731,0.0154974716099,0.165104431733,0.214699956448,0.300587913918,0.260087643366
C002722,4,0.0134430626719,0.022671618049,0.0228179622724,0.0222618479434,0.577589158881,0.169052685362,0.0224810005125,0.149682664309
C002725,0,0.013378983955,0.233894742713,0.0133724368447,0.0500564987837,0.1212470825,0.0134493636164,0.0154386409112,0.539162250676
C002729,4,0.464346962891,0.0293795271232,0.0549516204676,0.0287042145065,0.0293164464128,0.0291555876809,0.0165100620609,0.347635578857
C002731,3,0.0193542783251,0.0257490749944,0.0189838133235,0.019539978837,0.0126204726399,0.0192567992522,0.0221775849726,0.862317997655
C002732,2,0.0162640592283,0.0229736683423,0.0122342194821,0.33371743354,0.187301350182,0.00591922455698,0.313699439084,0.107890605585
C002733,3,0.00348449240179,0.00346936806863,0.00347366380785,0.075224118535,0.00963247806765,0.882432996338,0.00393355441473,0.0183493283666
C002734,1,0.0632268574128,0.00243214230197,0.00299470069311,0.00297419963514,0.0367247753273,0.877132046384,0.00377572301829,0.0107395552275
C002736,1,0.00145403809656,0.00148559538824,0.968774081639,0.00145736301076,0.00148746847909,0.00389617239535,0.00238697898619,0.0190583020049
C002737,3,0.0506413732638,0.0165134244572,0.21636174551,0.010625861865,0.430623510075,0.0165018794335,0.0185828953824,0.240149310014
C002738,3,0.0147774784731,0.95873498546,0.000991960684277,0.000911764849133,0.0161357597067,0.000980388432764,0.00112803649874,0.00633962589509
C002739,0,0.00835309227534,0.00838424380262,0.008437162063,0.00861050206104,0.783983771564,0.00839703341527,0.00935355753094,0.164480637288
C002740,2,0.0133120895184,0.799345111344,0.0134188526207,0.0121540227031,0.014210088645,0.0109625218536,0.0155975939236,0.120999719392
C002741,4,0.0385072197632,0.0327686159036,0.316082963259,0.116039757418,0.0409322721139,0.0522064343312,0.0389189309546,0.364543806256
C002742,0,0.0395270294422,0.0108282112669,0.0107827000347,0.411865996387,0.0108447289912,0.0858632229121,0.347674897774,0.0826132131923
C002744,4,0.140620503343,0.0463573935574,0.0523143804977,0.0254887055756,0.0279865340589,0.0980228964757,0.404008082489,0.205201504002
C002746,1,0.00945455555648,0.00949599784403,0.00939599364066,0.0608206697956,0.00950797073168,0.00950797073168,0.823614283426,0.0682025582738
C002747,4,0.763737365872,0.0338137362752,0.00928301069263,0.00907187482324,0.0092653687513,0.00921452986561,0.0139208119774,0.151693301742
C002749,1,0.0161470293977,0.0162178069008,0.0160192667123,0.669624132635,0.0162382548814,0.0162382548814,0.0405426540276,0.208972600564
C002751,0,0.00186689291734,0.00188486826893,0.00188568228132,0.00422153544051,0.00187671364004,0.00161448319804,0.00200549090286,0.984644333351
C002753,1,0.0149627490715,0.0150283355019,0.0148700691728,0.428427714265,0.0150472837552,0.419602882935,0.018945616557,0.0731153487416
C002755,2,0.0151938672477,0.0682021497224,0.0150664500182,0.724864612715,0.0527029899901,0.0155822321803,0.0478593889362,0.0605283091897
C002756,2,0.0485107620539,0.0192586920138,0.0151992175274,0.0240756906802,0.228860558942,0.0557252915837,0.0354852658116,0.572884521387
C002757,0,0.00707422773887,0.169962267405,0.00724777777531,0.55705824631,0.202474732433,0.00721330605141,0.00789211472109,0.0410773275647
C002758,4,0.0334241938994,0.041480886489,0.044749288853,0.0407311549436,0.0432261010398,0.0411128966626,0.0488052238093,0.706470254303
C002760,1,0.00324309840826,0.00634313155489,0.00632478575138,0.00621207935036,0.321673176459,0.627740835979,0.00740094375953,0.0210619487371
C002762,2,0.508367009891,0.00915201452279,0.0525556343657,0.00797387592114,0.00914519703864,0.00915201452279,0.357710669255,0.0459435844831
C002764,4,0.00582402365383,0.00646209982298,0.0339085165479,0.00641189010608,0.231445234561,0.68149210557,0.0100676134371,0.0243885163006
C002766,1,0.593238222997,0.0491420958238,0.0170229933301,0.0314991846113,0.0326596395058,0.0552171472089,0.178955454562,0.0422652619611
C002767,4,0.00169132305475,0.00186593824901,0.608652143102,0.00300154648189,0.00186193189758,0.00185171551598,0.371910456981,0.00916494471743
C002768,4,0.0109554628772,0.00991866972003,0.00965197838272,0.00969068093128,0.00839816445308,0.00983067812059,0.0773766500343,0.864177715481
C002769,2,0.00679259572791,0.00570459578057,0.629716705363,0.0031514626257,0.0110647443824,0.00506667166443,0.0116844364582,0.326818787998
C002770,1,0.0215067419675,0.00810374719313,0.00551831675774,0.00882275748022,0.0145630063204,0.0833263424259,0.0108619078232,0.847297180032
C002771,1,0.580449487251,0.00529873615903,0.331094964841,0.00518926167488,0.00529645881921,0.0306331581922,0.00578661284368,0.0362513202184
C002772,3,0.0153621801429,0.689716084429,0.01529786016,0.0139392399817,0.0682958380412,0.0152848075304,0.0174792080229,0.164624781692
C002773,0,0.00325721021669,0.00562309538269,0.547892302613,0.220876347813,0.157447056207,0.00563167304498,0.00575179281556,0.0535205219072
C002775,1,0.00989020762874,0.27577611717,0.0257585577061,0.00859178984879,0.00999665695742,0.0319869061162,0.0132763864162,0.624723378157
C002778,4,0.0133397451821,0.0553969076587,0.0147558611069,0.648731210127,0.0269061931588,0.0114464973675,0.0197060827538,0.209717502645
C002779,4,0.318901741695,0.0107026425989,0.0168387245331,0.179543557203,0.0168058711454,0.263462481391,0.11502681467,0.0787181667646
C002780,1,0.00269790538004,0.929847901399,0.0026948275115,0.00267175152268,0.00272694321497,0.00272694321497,0.00348289076288,0.0531508369938
C002783,1,0.933722555763,0.00727152141278,0.00631994415865,0.0061965907903,0.00309698483414,0.00394680110006,0.00751405462472,0.0319315473164
C002785,4,0.00474885927507,0.00632447046001,0.00617121994631,0.0013428379792,0.00596231593729,0.0111025833986,0.0107315955988,0.953616117405
C002786,3,0.00596174330882,0.857596660218,0.00588821696178,0.00536010261875,0.00596174330882,0.00593171660356,0.00667043776304,0.106629379217
C002788,4,0.0274626192997,0.00873591914053,0.00861790633143,0.00886573807431,0.418415451079,0.474702007152,0.0151763916257,0.0380239672975
C002789,4,0.00555032449268,0.0169079216002,0.0107937569668,0.01137096745,0.131199230011,0.0103096122989,0.0184829651838,0.795385221996
C002790,0,0.00419171473757,0.841150625267,0.00418966348924,0.00421376510141,0.0483249376516,0.0106404033505,0.00470406099065,0.0825848294119
C002793,2,0.00868537294319,0.0190351141523,0.0184050393197,0.0167849827655,0.0500794190378,0.780826287201,0.0195760721493,0.0866077124312
C002794,4,0.00942388051796,0.0124596491522,0.00873140332342,0.0111319734654,0.0111721789354,0.828442161141,0.0145502735299,0.104088479934
C002795,4,0.390076852246,0.0215886515498,0.0212980921229,0.0210924186218,0.0215422986092,0.183600386162,0.0350701365176,0.30573116417
C002796,1,0.00242083662254,0.00244381109488,0.00241389368875,0.00239736870696,0.95977313846,0.00244689233775,0.00278504246361,0.0253190166259
C002797,3,0.00223261300181,0.00264115039774,0.00153195576523,0.0100322161382,0.00824422084611,0.00311774021947,0.00363921166086,0.968560891971
C002798,0,0.0221505626937,0.0128999185019,0.431501866099,0.287671200524,0.107047735837,0.0176084131952,0.0261186710277,0.0950016321227
C002800,1,0.0225809927041,0.00473099877383,0.129701957103,0.00498652895248,0.00472896544143,0.00472896544143,0.00550662205942,0.823034969524
C002801,4,0.0230342448854,0.347607089542,0.00757394243003,0.0307733394505,0.0314059636099,0.132636414391,0.0203799932935,0.406589012397
C002802,4,0.00552683004555,0.00443562268484,0.027490721535,0.58360831036,0.00619805812538,0.00616404950932,0.308286270563,0.0582901371764
C002804,3,0.0211977188749,0.0217572460301,0.721467725859,0.0191575515198,0.0215616697278,0.0137290803397,0.0254833581471,0.155645649502
C002805,0,0.082906688583,0.00590434663473,0.00587953052393,0.00922791788184,0.00994780709579,0.0453667863758,0.00637842257978,0.834388500325
C002808,1,0.00150634245583,0.00191103666567,0.00247276021173,0.00245355965634,0.0176554418598,0.00411624710729,0.00277701444958,0.967107597594
C002809,1,0.0127717308901,0.0128277133993,0.016441309318,0.763984956602,0.0113485053238,0.012843887031,0.0160124722099,0.153769425226
C002810,4,0.320864897768,0.0127073886741,0.01270424852,0.142527363402,0.0118668118484,0.0126105292004,0.436684782443,0.0500339781444
C002812,1,0.413487561487,0.0041461148558,0.0399320516498,0.00406732174658,0.00415134242305,0.519204347438,0.00456100855526,0.010450251844
C002813,1,0.00234005416422,0.00154026729564,0.00152141117279,0.971903425952,0.00154220931875,0.00154220931875,0.00175408987143,0.0178563329065
C002814,1,0.0065544384254,0.0211423852317,0.0065025767093,0.0064580615087,0.878823113865,0.00659146887858,0.00765611072571,0.066271844656
C002816,2,0.0420318285049,0.0431061888359,0.305306135679,0.0380337995926,0.286312530508,0.120953157785,0.039659827144,0.12459653195
C002817,2,0.0106102663382,0.203740386336,0.0106674214074,0.00950295684906,0.683184648643,0.0109003718062,0.0120486692337,0.0593452793861
C002820,0,0.233357277312,0.00728475402985,0.00721175093848,0.00761178931658,0.00725323752198,0.699472842896,0.00815787373799,0.0296504742475
C002821,2,0.813768710704,0.00291884117091,0.00352116879259,0.0907956687261,0.0036389990866,0.0481966564808,0.00436351860509,0.0327964364334
C002822,3,0.734849578456,0.0224613719099,0.0154277367444,0.0142787257879,0.0154758302578,0.0153978852391,0.0180231352832,0.164085736322
C002825,4,0.0229538753553,0.01968540499,0.138910397195,0.387543675718,0.099262495037,0.192016994726,0.0162826303864,0.123344526592
C002826,1,0.0128459859622,0.012989831529,0.0128974276916,0.490526344032,0.0129842486391,0.0626263186831,0.286398309437,0.108731534026
C002829,4,0.0263195420501,0.0135003788608,0.0135875231685,0.18682922027,0.0134713922305,0.66050335458,0.0164841270164,0.0693044618245
C002833,0,0.00439012982286,0.935957443985,0.00232145427383,0.00441322394208,0.00450880972447,0.00200761760724,0.00493460347593,0.0414667171688
C002834,4,0.00843932758162,0.0122051760992,0.00935209254226,0.0091393854524,0.175814532742,0.0092721872698,0.744009687635,0.0317676106784
C002835,0,0.039476199518,0.0282380672787,0.0116367820879,0.0105081781368,0.147300873493,0.00514198836032,0.00761222076962,0.750085690356
C002836,2,0.027655770688,0.014572954899,0.53240615053,0.0127047190711,0.0145620992684,0.014572954899,0.340101952476,0.0434233981681
C002838,4,0.00217570360212,0.00219099489527,0.00225378547169,0.00220252462855,0.00908289170837,0.96262106615,0.00183142075163,0.0176416127929
C002839,4,0.0193824796672,0.0236950635674,0.39592041677,0.0232667955594,0.0236441879547,0.0874688833503,0.286654193952,0.139967979179
C002840,1,0.00119778127764,0.000771852735703,0.00120466080072,0.00118616982495,0.00127544210049,0.00122898492198,0.00154206120281,0.991593047136
C002842,1,0.0244925290367,0.0245998874868,0.0244395206659,0.0241323891929,0.024630903889,0.151989857644,0.0302367270179,0.695478185067
C002843,2,0.153591746951,0.134892807526,0.00835149423781,0.0271676164007,0.00884393597518,0.501367605585,0.143575566497,0.0222092268279
C002844,1,0.0648275334359,0.0133878256777,0.0132468358771,0.0131334023326,0.632282351627,0.0134047055186,0.0175596610921,0.23215768444
C002845,4,0.0102787433638,0.018354973008,0.548836120226,0.012810176659,0.017724492955,0.0163058941122,0.0237110181804,0.351978581495
C002846,3,0.0254224310523,0.0279357831261,0.027277101465,0.0260522627648,0.0229986388766,0.0270785305044,0.0314132176495,0.811822034561
C002847,2,0.00966794329107,0.0133521964918,0.0129102299818,0.0118614668132,0.0266198580684,0.325524572439,0.0142874649152,0.585776267999
C002849,2,0.0143861786845,0.0147795249934,0.617542825291,0.0130324446868,0.00933796938335,0.21053669412,0.0167847909051,0.103599571936
C002851,4,0.029239071906,0.0336365121417,0.0323307251689,0.0341363629384,0.0540934716733,0.0333408772249,0.047166401687,0.73605657726
C002852,1,0.00877564991772,0.00554256208503,0.076766190649,0.628696353437,0.00518093514819,0.160390892145,0.0103039014138,0.104343515204
C002853,2,0.00971567563578,0.00996401449858,0.661472188117,0.0525885128328,0.00477559949533,0.00996401449858,0.0112474494688,0.240272545453
C002855,4,0.0213567091693,0.574666738767,0.0139556521451,0.254672177631,0.0139291300603,0.0138538501421,0.0185960885834,0.0889696535019
C002856,2,0.0180473909404,0.018540841965,0.0130899683295,0.0161540798405,0.188060523686,0.164407828259,0.424278790405,0.157420576574
C002857,4,0.0119306589957,0.105511389876,0.0133372262033,0.0446618731173,0.675057910976,0.0805864563081,0.0157774947944,0.0531369897289
C002859,0,0.0412519701774,0.875331616416,0.00169708067087,0.00170684335951,0.00170684335951,0.041074828219,0.0226585036131,0.0145723141843
C002860,4,0.30461478833,0.074210385885,0.052629202636,0.0468367999897,0.0166343808818,0.226271813357,0.0281733312434,0.250629297677
C002861,3,0.000485203905615,0.00501292656041,0.00122094461417,0.000758434991191,0.00126772569112,0.000798533520301,0.00150994371456,0.988946287003
C002862,4,0.0114472314498,0.539584604759,0.0128889961889,0.0126554420514,0.242629990211,0.0351508395037,0.0155470932058,0.130095802631
C002863,2,0.0222092955893,0.0198188160349,0.0218758762339,0.0214375004906,0.0230552925268,0.0230724795913,0.0236973044262,0.844833435107
C002865,1,0.00221451427257,0.0087663633764,0.0192216458249,0.00682523152159,0.183089887681,0.225784034497,0.0131460826387,0.540952240188
C002866,1,0.00557372344569,0.628929694573,0.103647656471,0.0127950364523,0.178589217624,0.013059349847,0.0164781644229,0.0409271571644
C002869,4,0.00498954502915,0.00255462589945,0.00552201834934,0.0116058182844,0.00295628744196,0.00855854626957,0.00575980576618,0.95805335296
C002870,2,0.039403632531,0.00187039404476,0.0017733901755,0.00168161686443,0.00186900075788,0.00187039404476,0.93791490781,0.0136166637719
C002871,2,0.00140928868435,0.00199374768341,0.881413632819,0.0522710740079,0.0019922625084,0.05142919128,0.00212837628623,0.00736242673076
C002876,0,0.00980252025904,0.00983907719714,0.24555565245,0.00985408606247,0.00985408606247,0.00985408606247,0.0106345286008,0.694605963305
C002877,0,0.00170837521038,0.143589742755,0.00170753920363,0.735129320916,0.106879224146,0.00171736205641,0.00194272782928,0.00732570788295
C002878,3,0.00970178791716,0.0167810411088,0.00508873755199,0.00306857195912,0.00658869318491,0.00270022921376,0.00470109379098,0.951369845273
C002879,2,0.0151331068537,0.00755135752833,0.116454181221,0.00678920583849,0.0427465948724,0.148991216964,0.635066925878,0.027267410844
C002880,2,0.0225603533894,0.0229436872693,0.245450925287,0.0202227090966,0.0229265961443,0.0229436872693,0.0245908253024,0.618361216242
C002881,4,0.00349415616506,0.00497370596446,0.11372913343,0.00502642261083,0.00474828875813,0.0145815505245,0.832763489184,0.0206832533638
C002883,4,0.0151439673427,0.120367930032,0.225042800141,0.430966718044,0.0433175438333,0.0169364516816,0.0204092896727,0.127815299253
C002884,2,0.00226038875578,0.0106347536487,0.0548601904574,0.00207989015954,0.0621924944403,0.853285403366,0.00282091249686,0.0118659666752
C002885,4,0.0167681846854,0.0188220418521,0.758407042527,0.0183894017255,0.0187816290924,0.018678574684,0.0251184717811,0.125034653652
C002886,0,0.00422452671263,0.0111949073278,0.00686388487798,0.00197199576963,0.029346126654,0.0156048086968,0.0113875808544,0.919406169107
C002887,3,0.587743243187,0.00416964674844,0.0040778826217,0.363963039823,0.00409502811381,0.00403467789222,0.0046681025528,0.0272483790611
C002888,3,0.0776530354898,0.0345115336578,0.0150231114301,0.0222461898471,0.0193511205071,0.00765066240236,0.035101076059,0.788463270607
C002889,4,0.00408375116686,0.00617453514885,0.00642484086041,0.0175317421601,0.81056051786,0.079320583771,0.00856223195031,0.0673417970827
C002890,4,0.0184387702243,0.000548814707971,0.000479666781643,0.0103701323254,0.000547636349262,0.966685622582,0.000626464499952,0.00230289252935
C002891,3,0.440395998761,0.0386223082661,0.414916278728,0.00905954388595,0.00998244370552,0.00993216648301,0.0112216349108,0.0658696252603
C002892,2,0.00118012858552,0.0818241905512,0.00107638430699,0.000790735601063,0.00162952545208,0.00151588659405,0.00169338088039,0.910289768029
C002893,0,0.0370338180051,0.0100777044684,0.00611423038582,0.0140167636609,0.0104268213708,0.774289636438,0.0130304380211,0.13501058765
C002894,0,0.0279102074953,0.0286918463903,0.0278965494174,0.0280570281329,0.0280570281329,0.0280570281329,0.0278023361962,0.803527976102
C002895,2,0.920483665599,0.00262090037769,0.0024551884051,0.00228842417888,0.00261894802646,0.00262090037769,0.00310486432378,0.0638071087114
C002896,0,0.0156709189311,0.756088107334,0.0158286390643,0.0157533552336,0.0842225458561,0.0157533552336,0.0190910921757,0.0775919861715
C002898,3,0.00419568815889,0.129469227053,0.00417812121278,0.801415143015,0.00228253542045,0.03199101975,0.00479376092916,0.0216745044611
C002899,3,0.00758103235096,0.0075481271109,0.00660607866103,0.00681468079044,0.00758103235096,0.00754284999185,0.0982591638727,0.858067034871
C002900,4,0.00625851362213,0.0069676252349,0.00775951596841,0.00680746863299,0.280268005536,0.64754774556,0.011687240377,0.0327038850691
C002901,4,0.00458835259445,0.00522206013045,0.00520895439632,0.00510202677945,0.00516741807852,0.936305591243,0.00631727348724,0.0320883232903
C002902,3,0.00811703776629,0.00808180601105,0.418224982389,0.00738317761143,0.487403569426,0.00807615578128,0.0103333997039,0.0523798713116
C002903,2,0.0597161714823,0.0118791362146,0.0821115131129,0.0104749094245,0.0118702872533,0.0132890545318,0.0143643739401,0.79629455404
C002904,1,0.0105025525577,0.0112834177643,0.00726953624997,0.0363846344626,0.0805506520639,0.011261158099,0.0234884810886,0.819259567714
C002906,4,0.00403280658892,0.00159693729826,0.00122710925802,0.000961748295747,0.00139324676663,0.00145972002516,0.00199003347162,0.987338398296
C002907,0,0.0131807381219,0.0132298935855,0.0131742880248,0.047564575439,0.0086650611912,0.0346075439315,0.0492106363095,0.820367263397
C002908,4,0.00159892059024,0.150010551343,0.0512285543465,0.00172181852862,0.786286280207,0.00112772750725,0.00246710054431,0.00555904693239
C002909,2,0.0256063354048,0.0262316907645,0.0807663865377,0.0224677275051,0.0262121503524,0.0262316907645,0.0309465973219,0.761537421349
C002910,3,0.00289080146912,0.00286803997104,0.00278052826471,0.00259907072852,0.00289080146912,0.00287624176079,0.836948039252,0.146146477084
C002912,0,0.00423338834316,0.00541391127157,0.807649917099,0.00621690792643,0.00621690792643,0.131590099795,0.00723320028557,0.0314456673531
C002913,2,0.00652755488479,0.00987337373107,0.00264504263679,0.00213554949457,0.00270079053764,0.00163938300907,0.00314014040251,0.971338165304
C002914,0,0.0704209153877,0.0634510865934,0.00435578470038,0.00438084194753,0.0127123786914,0.0018260131176,0.806250514188,0.0366024653735
C002916,3,0.00443093033126,0.00697448820848,0.0296867416109,0.00483517015337,0.00492060281056,0.0973837221735,0.796632947732,0.0551353969796
C002918,0,0.0068370030702,0.00591967985966,0.00683365732937,0.00675955135166,0.00687296887768,0.00687296887768,0.913456238156,0.0464479324782
C002919,1,0.00661689167434,0.00700712450203,0.00795414355364,0.00779889370094,0.0079599993044,0.0373183338625,0.0297930322245,0.895551581178
C002920,1,0.00214007102098,0.0204943856084,0.00171695234348,0.00169059793387,0.963873711499,0.00172552145134,0.00220747349242,0.0061512866504
C002924,4,0.0104601022738,0.0114486735559,0.660373194544,0.0111855163695,0.015168623819,0.194935550373,0.0149280714508,0.0815002676147
C002925,4,0.0413725256962,0.0290495475769,0.0147825037188,0.014518910411,0.0146314396986,0.532627101468,0.0255076743353,0.327510297095
C002926,3,0.00166638258574,0.000642031855756,0.000782887619723,0.000715188186925,0.000927418753191,0.00109271143227,0.000906230341954,0.993267149224
C002927,2,0.000825081041692,0.819432403225,0.00225436007569,0.00203139693767,0.155312370213,0.00138033946598,0.00253652525675,0.0162275237848
C002928,4,0.00541766020981,0.00616107336575,0.00688118589319,0.00604971723413,0.00614784494028,0.841617320043,0.0066128815819,0.121112316732
C002930,3,0.498584025653,0.0147662805366,0.027635848076,0.0738843407919,0.0636113325418,0.0187639305807,0.0237938439638,0.278960397856
C002931,2,0.0421289845212,0.0288907125036,0.735314290156,0.00363299729722,0.128970506147,0.00416977193453,0.0045664224065,0.0523263150338
C002932,4,0.00694195699307,0.00784085740697,0.00773532811862,0.895239869272,0.00935502594399,0.00777129872585,0.0118496803914,0.0532659831482
C002933,0,0.625009791881,0.0132845150587,0.0127274469168,0.0136877937747,0.103318816267,0.0161463906549,0.0175763625707,0.198248882877
C002934,0,0.000399979734399,0.00296483745516,0.0016086814064,0.00161793556618,0.00040980109926,0.000876792649786,0.00177189927538,0.990350072813
C002935,2,0.00292893439455,0.00300901719891,0.703294034049,0.00262326470213,0.246303664655,0.0279189161764,0.00359255914467,0.0103296096795
C002937,4,0.0126341414603,0.148416708806,0.0136686381513,0.0135373278939,0.486341214179,0.0137328959731,0.0175930336414,0.294076039895
C002939,2,0.0125059663775,0.00495632483975,0.00370752895616,0.00338118319395,0.94009753671,0.00383445184102,0.00647720036054,0.0250398077211
C002940,3,0.00344090318795,0.00342596805245,0.00251347512265,0.52291981944,0.430236111209,0.00339019309169,0.00486734922413,0.0292061806719
C002941,3,0.00222652383324,0.054161069438,0.00222012256845,0.00206279117171,0.00222652383324,0.907417770359,0.0236309985474,0.00605420024922
C002942,3,0.0155276868264,0.00557492161315,0.00539260465137,0.12797003124,0.00559922487823,0.568782957904,0.215971835511,0.0551807373763
C002943,0,0.0491891929551,0.049372636216,0.0491651218395,0.0494479509263,0.0263833593484,0.0431259985101,0.0611535679212,0.672162172283
C002948,4,0.0109165732765,0.00428088224921,0.00390223336451,0.596964629074,0.00185844557439,0.00386837526375,0.354538331484,0.0236705297134
C002949,1,0.0588927552424,0.287293088756,0.0142719986314,0.084590916867,0.107598951754,0.0141746898706,0.016131211586,0.417046387293
C002951,4,0.013499820008,0.0279070754314,0.0234328093159,0.0224961852141,0.386825232005,0.020022089702,0.0296030440305,0.476213744293
C002953,3,0.00375338622273,0.934179608434,0.00368553174886,0.00218703302895,0.00252584850935,0.00373448205058,0.00423355012992,0.0457005598757
C002955,0,0.0311527899872,0.0312689693559,0.0221261068853,0.0313166681127,0.0982309174101,0.0313166681127,0.0367154036276,0.717872476508
C002956,2,0.0518497077283,0.00248153540159,0.00254084226512,0.174267017315,0.754290425421,0.00202088569316,0.00262442220312,0.00992516397252
C002957,0,0.0079882079987,0.00806512234444,0.323245695615,0.00803022967808,0.00803022967808,0.00803022967808,0.553094116883,0.0835161681244
C002958,4,0.708688177021,0.0161139196941,0.0161107546104,0.0157435279846,0.0176464953469,0.141528638604,0.0204548871374,0.0637135996015
C002961,3,0.0457155257119,0.0159152091003,0.0162081671411,0.0146735584022,0.00969500054834,0.0212152193576,0.826923310968,0.0496540087708
C002962,3,0.0306098997154,0.0339245959556,0.0355732918101,0.0301036359622,0.0463409392626,0.0209343716297,0.0307739655611,0.771739300103
C002964,0,0.00840068501463,0.865199572508,0.00839657407383,0.00844487651445,0.00702566747901,0.00844487651445,0.011099527159,0.0829882207369
C002965,0,0.0689303475442,0.508996273022,0.0151990637477,0.0152864984404,0.014993214654,0.0858436031391,0.0153122091438,0.275438790308
C002966,4,0.0103150330329,0.0112898940012,0.24722050492,0.00861361545347,0.0112656534975,0.151270811624,0.354012460432,0.206012027039
C002967,2,0.00804767958317,0.00926294207925,0.010892496288,0.00836605319514,0.199646040303,0.0115433657981,0.714563834483,0.037677588271
C002970,0,0.00601745815215,0.00611245325961,0.00700844402017,0.258913319828,0.00604911277322,0.00604911277322,0.536915122589,0.172934976604
C002971,2,0.00344433258565,0.00353850738626,0.00222865017215,0.00230694797651,0.00353587149468,0.0739594022763,0.00373946210697,0.907246826001
C002972,4,0.0285355195698,0.0238423506269,0.338258100975,0.162191241154,0.0259921031652,0.0313319295085,0.065863450738,0.323985304263
C002973,1,0.0024531726487,0.0292306652202,0.00444956114845,0.0202786153283,0.0024542693543,0.00446054971634,0.00569144689989,0.930981719684
C002974,1,0.0242206339756,0.0127257279708,0.0120752579848,0.714872112392,0.00907651641585,0.0901217706536,0.0127576835411,0.124150297066
C002975,4,0.00444013249973,0.285019947312,0.00500219573223,0.00491299938605,0.00499268928583,0.00992067541248,0.626831277375,0.0588800829966
C002977,0,0.00695027248857,0.00697619242288,0.00702022358129,0.00709762233089,0.856163699875,0.0320924964563,0.00713041152747,0.0765690813172
C002979,1,0.0246960106939,0.298278804459,0.0246251827968,0.024456604247,0.086732930352,0.0249618164138,0.0339234182918,0.482325232745
C002985,0,0.0137910429386,0.408670518077,0.0241440243594,0.0220514587019,0.0240238775924,0.0209145485163,0.0199989029886,0.466405626825
C002986,2,0.85165595781,0.0623146970594,0.00892911191005,0.00894300728861,0.0050983712793,0.0101356941739,0.00946790871057,0.0434552517677
C002987,0,0.572869512625,0.0121270629504,0.022566406392,0.281205822888,0.0121455619875,0.0121455619875,0.0137108604776,0.0732292106918
C002988,1,0.00633715702131,0.00635602852891,0.00629952009569,0.00641485985491,0.0601895839664,0.82962901469,0.0116572255318,0.0731166103106
C002989,3,0.00206827338542,0.00750560678821,0.0032663906231,0.107804916269,0.003330133528,0.00331336109538,0.0032064355991,0.869504882712
C002990,1,0.00465498659833,0.0054653619382,0.0456769295328,0.0211757509256,0.00429387321289,0.00376952415953,0.00552239069714,0.909441182936
C002994,4,0.0199195283664,0.0220389897031,0.0127716223116,0.0223664971009,0.0219916698425,0.599771742691,0.0294768779623,0.271663072023
C002996,3,0.00351023724386,0.003495001166,0.0033763348942,0.00316332723924,0.00351023724386,0.00337572954402,0.934628353047,0.044940779622
C002998,1,0.589893326319,0.0118805757381,0.0119301825091,0.0118485111207,0.0838308657444,0.0120932716736,0.0149663366016,0.263556930294
C002999,3,0.0328436218871,0.0327010651465,0.0315907612294,0.0297015854096,0.186983576855,0.032678202864,0.0376700349362,0.615831151672
C003000,3,0.0782681284074,0.0273728517881,0.0265017375633,0.0350241430396,0.0212600690717,0.513176101471,0.0197858188234,0.278611149835
C003001,3,0.0127299881345,0.0364421288988,0.691164975682,0.145655786669,0.00924920092933,0.012665872727,0.0146353818839,0.0774566650755
C003002,4,0.632226417319,0.0202153490053,0.0206079153672,0.0186558992683,0.0477870543456,0.0188307466318,0.0383009773195,0.203375640743
C003003,2,0.0208883030049,0.228955831507,0.00392111328866,0.00601272857078,0.00474659780302,0.00426113735704,0.00826447920803,0.722949809261
C003004,2,0.00652094331367,0.023570896539,0.0265597040762,0.00591766138693,0.0229037861778,0.00671096071939,0.00704138093247,0.900774666855
C003005,2,0.0255095364989,0.292192507394,0.0256469505165,0.0231090987188,0.439453177284,0.025353528902,0.0280096567719,0.140725543914
C003006,0,0.0250819533286,0.0359453513581,0.0250696792789,0.573812140271,0.0252138960373,0.0252138960373,0.0277609085827,0.261902175106
C003007,2,0.0169569752261,0.140487618873,0.178367619023,0.0150296285951,0.0175721536692,0.0175852532097,0.0191070518916,0.594893699512
C003008,3,0.309094671009,0.00328250134401,0.00324522230373,0.00301461443696,0.645489145035,0.00329188837703,0.0202787916073,0.0123031658871
C003009,4,0.804990476217,0.00708390382985,0.0070350549609,0.00774789746564,0.0100756898112,0.00702106031899,0.00901610361425,0.147029813782
C003010,2,0.0315717869441,0.0323184584747,0.031627784989,0.0285923386664,0.0322943839304,0.0323184584747,0.0289034160109,0.78237337251
C003011,2,0.00667925657885,0.0068499826349,0.580185010044,0.0467319675431,0.319312620435,0.0068499826349,0.00825166704915,0.02513951308
C003013,3,0.00330681014656,0.00760776058249,0.00760893396075,0.00875483179119,0.758670081651,0.176426010688,0.00883227461267,0.0287932965672
C003014,2,0.0317035465411,0.0333677530006,0.0345958183381,0.0320827197631,0.0468051778744,0.619870057636,0.0327634283175,0.168811498529
C003015,3,0.00980453806948,0.00976198177056,0.0107432483304,0.00895759510738,0.00980453806948,0.00735086391132,0.759013400235,0.184563834507
C003017,2,0.00912591865879,0.0181717269261,0.0172292903161,0.295045789367,0.0181581905118,0.0181717269261,0.0198891309773,0.604208226317
C003019,0,0.0109393862641,0.127778883871,0.0104453345225,0.718780627984,0.0222782247539,0.00987362031416,0.0122845849093,0.0876193373813
C003020,4,0.0977678516226,0.00494140323972,0.0408897456158,0.699067959108,0.00493079356498,0.132408494889,0.00598310192348,0.0140106500365
C003023,3,0.00565268137269,0.00598973183742,0.00436342707649,0.271942583451,0.00377347429832,0.00683663460025,0.00778005523628,0.693661412128
C003024,3,0.013706128663,0.013646637629,0.0134583465021,0.36431712512,0.245986214352,0.287721182947,0.0165485866522,0.0446157781348
C003025,2,0.00618365246389,0.00634171056282,0.876813423328,0.00552534231996,0.0063369865197,0.0401666389959,0.0073114924789,0.0513207533312
C003026,4,0.00709565550526,0.0557370437936,0.747618790179,0.00942149423375,0.00550999194375,0.0897539041765,0.010757569699,0.0741055504687
C003027,2,0.00821807298554,0.16802944206,0.0105498186902,0.00642118529118,0.00497848374509,0.00728198513626,0.705382989938,0.0891380221534
C003028,4,0.00396841405974,0.905370198146,0.004381023884,0.00214281300586,0.00710263829935,0.0299721181273,0.00550325475237,0.0415595397254
C003031,2,0.129780336954,0.00868809792723,0.00809995849731,0.00756967929737,0.0292994687032,0.00626620745502,0.0098514562971,0.800444794868
C003034,1,0.010903442422,0.00927073926318,0.41054356316,0.0090945573684,0.500379589738,0.0092824281369,0.00932875293611,0.041196926975
C003035,2,0.0125054158253,0.00813504628247,0.0106775937311,0.0111935008416,0.0128377682022,0.847684746509,0.0138874285983,0.0830785000102
C003036,0,0.00740002615731,0.552260470184,0.0166933702079,0.0361164604253,0.0110505805416,0.0917061018135,0.0187500367085,0.266022953962
C003037,1,0.04745506807,0.00921413073942,0.00914858554451,0.124944349635,0.00921017060511,0.730099711601,0.0109901299637,0.0589378538417
C003038,4,0.0703694992164,0.00830519739292,0.00434310813941,0.00815508805334,0.125612368543,0.00824189272281,0.00591910431156,0.769053741621
C003039,3,0.00119570600051,0.00102857414021,0.00198672692101,0.00176109228013,0.00235500759663,0.00262377576861,0.00402285040386,0.985026266889
C003040,1,0.0356551754363,0.0473241802296,0.0439599127484,0.034592092271,0.154970164326,0.0473838482184,0.0539427805549,0.582171846216
C003041,0,0.00126191918054,0.00273022887003,0.00362220002631,0.00273439365466,0.00472566106779,0.00346528127244,0.00295696625471,0.978503349674
C003042,2,0.0818131362238,0.0851035353711,0.00240130021768,0.793031942495,0.00220809341766,0.00249672135202,0.00380802075488,0.0291372501676
C003043,3,0.768577538587,0.120572576688,0.010134654419,0.00889984807952,0.0228757636365,0.00889121721154,0.0116025013206,0.0484459000574
C003044,3,0.00130269343295,0.00151666123426,0.000699945147167,0.0015229063907,0.00479463677379,0.000488662505432,0.000810937558731,0.988863556957
C003046,1,0.0558472041154,0.0198794766677,0.019702737675,0.0200634808721,0.0202353755721,0.0202353755721,0.0225250104498,0.821511339076
C003049,2,0.0233171865326,0.0275788456693,0.0304005854573,0.491153019636,0.0245431089691,0.0245614051584,0.132688091553,0.245757757024
C003051,2,0.00706972988385,0.00737725284755,0.00699464787043,0.0407989157446,0.746953117715,0.00737725284755,0.00781934289631,0.175609740195
C003054,0,0.0286960688921,0.0294997162165,0.0286820262467,0.028847023525,0.028847023525,0.028847023525,0.0285851602852,0.797995957784
C003056,1,0.0325192914247,0.798050232233,0.00852897306837,0.00845593889963,0.00744042828998,0.03880466809,0.0114802694392,0.0947201985551
C003057,0,0.0867467021781,0.00424321278791,0.0104207252947,0.093031387331,0.0212588836553,0.00468411565647,0.0109238904787,0.768691082618
C003058,2,0.00608034423786,0.516600161058,0.00602935388734,0.00543303226266,0.0671547968442,0.00623576171268,0.360401272813,0.0320652771847
C003059,4,0.0810120888674,0.0242117823234,0.0243668326955,0.199931357567,0.0809264300098,0.0156301225766,0.33299783252,0.240923553441
C003060,3,0.0625065200644,0.214058704751,0.0469609718626,0.0759584263768,0.0471073652165,0.248679534307,0.0341268773216,0.2706016001
C003062,1,0.00323331877757,0.0032529840785,0.00302568555913,0.812335586953,0.00325158598092,0.00325158598092,0.122876912187,0.048772340483
C003064,3,0.0275652517552,0.0146210207399,0.028257019505,0.0205375254225,0.336192225356,0.183231918452,0.0344746973047,0.355120341465
C003065,3,0.00327326855412,0.00390908559846,0.00385514951894,0.00360600199266,0.91415200278,0.00560630973243,0.00441347934749,0.0611847024764
C003066,3,0.00823680958569,0.00820105796451,0.00793285832419,0.207077985891,0.629615588165,0.0914665027793,0.00905545724839,0.0384137400412
C003067,0,0.0180951942813,0.018269423599,0.0182773135601,0.0684417219904,0.0181903833966,0.615413042139,0.020894169728,0.222418751305
C003069,3,0.00642532501448,0.0504001769893,0.85291895287,0.00569887229492,0.00687025030055,0.00639296345002,0.00768358279323,0.0636098762871
C003071,0,0.218471806783,0.689568505526,0.00329626411007,0.00331522632014,0.0276361859037,0.00331522632014,0.0420134493768,0.0123833356601
C003072,1,0.00132737500023,0.000610988231506,0.00167257547035,0.000599376960683,0.000611758586931,0.00197774143106,0.000257257942102,0.992942926377
C003073,3,0.0233116657289,0.0224305689647,0.0224851394375,0.0206713091998,0.0226085836917,0.0217422523364,0.0249294362204,0.841821044421
C003075,3,0.0105987864662,0.0105527827563,0.50602688013,0.00958008180428,0.362188895075,0.0542047543872,0.0118473217721,0.0350004976089
C003076,2,0.0025082665309,0.00265678829732,0.00282807761592,0.931490228491,0.0277937933053,0.00261283417933,0.00273975867552,0.0273702529045
C003079,3,0.0083896270132,0.242468568916,0.542192162257,0.00757155940906,0.109958178395,0.0403365988315,0.00960616517799,0.0394771400004
C003080,3,0.825931876394,0.0071876817567,0.00695262261308,0.0071458701841,0.0498832639859,0.00718265663567,0.00803940880066,0.08767661963
C003082,0,0.0318023006804,0.0271137251417,0.0288551248817,0.0290211179336,0.0129666893512,0.0290211179336,0.0249704333005,0.816249490777
C003083,1,0.01551931986,0.0179389757076,0.00987966676411,0.184530530487,0.0179615937983,0.506249118948,0.0209848915062,0.226935902929
C003084,0,0.0139329178475,0.00220289083809,0.00221679467411,0.0242336688351,0.00220625120322,0.915031580358,0.00945444444162,0.0307214518022
C003085,1,0.138938259028,0.00726392161658,0.00725545827463,0.178770102853,0.395700737978,0.00933744162429,0.242158676689,0.0205754019362
C003086,0,0.00607636741075,0.00398461662621,0.348330293848,0.00610833192184,0.601899203706,0.00610833192184,0.00717626623664,0.0203165883286
C003091,4,0.00637392184242,0.53683169406,0.00719613712066,0.0160766502055,0.0140596164249,0.290805560475,0.0112223821199,0.117434037751
C003093,2,0.0600562366886,0.00504404241737,0.011022955574,0.015088145938,0.00942748222665,0.340116417226,0.0134482555324,0.545796464397
C003094,4,0.0122802091859,0.230529953761,0.107775008773,0.0124173659134,0.014974159362,0.542773562917,0.0138666470328,0.065383093055
C003095,1,0.148602979142,0.040024338814,0.0397634198982,0.0392637129729,0.0400748029063,0.0400748029063,0.0291978731425,0.622998070218
C003096,1,0.00376618848228,0.003801930751,0.00379734649027,0.535429506092,0.00380672435885,0.00377243037505,0.405105635583,0.0405202378672
C003098,2,0.0235485598926,0.0241991481906,0.024055711364,0.0227302240281,0.0244455721131,0.0244637955915,0.0255225652072,0.831034423613
C003099,0,0.0196293618294,0.013519864492,0.0196197560479,0.123847169547,0.0836920497648,0.0266581953085,0.0106433904771,0.702390212534
C003100,2,0.0112293767774,0.0104179740566,0.0325213136236,0.00907686851568,0.0104102135386,0.0996242872501,0.0696190646477,0.75710090159
C003101,0,0.00237176871363,0.00225818180327,0.088695896705,0.127340135823,0.0288805424481,0.0127474518981,0.00834313709119,0.729362885518
C003105,2,0.0125249288867,0.0140460817899,0.0137459048406,0.0964473649663,0.0220591649531,0.0101957773459,0.0165840244536,0.814396752764
C003106,3,0.00344358542241,0.0349596280665,0.912079085837,0.00311126970266,0.00344358542241,0.00339283579689,0.0155373253782,0.0240326843739
C003108,2,0.0141581510828,0.0954913251437,0.0145275625872,0.302560666272,0.270714239792,0.173105049396,0.0160496033917,0.113393402335
C003110,1,0.00104961066767,0.00103115016096,0.981647702505,0.00104069447483,0.00104961066767,0.00104961066767,0.0012746987785,0.011856922078
C003112,4,0.0345128486913,0.528083361366,0.0218725316967,0.0229880344699,0.0182638629651,0.163632868831,0.0302929471411,0.180353544839
C003113,2,0.000961203633602,0.00163146654716,0.00262611727425,0.00142144789916,0.0012770452789,0.010979609995,0.00190341171823,0.979199697654
C003114,2,0.00316371780048,0.00672742771171,0.00214406125442,0.00280101291666,0.00134521878125,0.0032772946498,0.00370357167224,0.976837695213
C003115,1,0.00807430312861,0.00333176840056,0.0033572272242,0.00218359882613,0.006032994032,0.00638987774762,0.0213381869576,0.949292043683
C003116,2,0.00390265959304,0.00400941731255,0.00373800043486,0.00365433188972,0.0615726133208,0.00400941731255,0.00442163886509,0.914691921271
C003117,3,0.298244588572,0.0188994089751,0.00720313774877,0.00654590866871,0.00697551608876,0.610395121537,0.00808398328737,0.043652335123
C003118,4,0.00384124756475,0.00439485666689,0.00433570674585,0.00429383726847,0.00438542048095,0.905257476666,0.00586069888033,0.067630755727
C003119,4,0.00875969873591,0.0100116681309,0.00975580716863,0.00978154169714,0.00999017210291,0.814842618393,0.0117718246096,0.125086669161
C003122,2,0.0108682372634,0.0111655391924,0.0104096897636,0.826646690225,0.011157221801,0.0111655391924,0.0123322408361,0.106254841726
C003124,4,0.00417026451997,0.00464444399059,0.0268641602568,0.00208932420327,0.00459584593861,0.0126173822453,0.00566402880196,0.939354550044
C003126,4,0.0139864878975,0.0157412572008,0.0145595279883,0.631452862663,0.0147456375813,0.00996744115968,0.0211848535068,0.278361932003
C003127,2,0.01579285754,0.036618520194,0.0358359506603,0.395240666466,0.0365912424641,0.170150523726,0.0400827939151,0.269687445035
C003129,1,0.0100112217293,0.0100551040596,0.582519978407,0.0098640160314,0.230395029779,0.010067781888,0.0238285764493,0.123258291656
C003131,1,0.392144479636,0.153383110918,0.0260212760108,0.0657558659395,0.0336197628463,0.0466667343891,0.0377872557679,0.244621514492
C003132,2,0.0161856857889,0.0165809709868,0.0173369129497,0.0151125129455,0.0165686195525,0.0165809709868,0.650483125267,0.251151201523
C003136,2,0.030687708034,0.0431071242907,0.0199247432824,0.254750158121,0.0433832342825,0.0431071242907,0.0267258377318,0.538314069967
C003138,3,0.353453202657,0.0081043450073,0.00796068500474,0.00756216670658,0.00576376033877,0.560193983649,0.00934063771357,0.0476212189238
C003139,0,0.000818643454343,0.0975163460462,0.00113118234812,0.0011258022431,0.0325928808503,0.0210423280879,0.840357922499,0.00541489447108
C003140,0,0.186371250637,0.0497832316357,0.0121135258843,0.0121832105985,0.209056273836,0.424257929646,0.0137651154846,0.092469462278
C003142,0,0.287970919716,0.0482493436929,0.00989809352488,0.0139581144245,0.544725895431,0.00705735560316,0.00690518055147,0.0812350970551
C003143,1,0.0167470518217,0.0170761054154,0.0168670578414,0.450687650154,0.236303495663,0.0170976355689,0.0285735922565,0.21664741128
C003144,2,0.0100608849628,0.229832052441,0.333474333377,0.0055746276567,0.00854593269606,0.29440083711,0.0108686382625,0.107242693493
C003145,1,0.00372414473893,0.00195493398605,0.00195595888063,0.00270240269808,0.00119732986701,0.00118688443589,0.00226179490034,0.985016550493
C003146,4,0.0218233083787,0.0240248432361,0.023700293616,0.0140437600301,0.0483408089811,0.0238117113906,0.52531501194,0.318940262428
C003147,0,0.0322896172096,0.0326005173241,0.202540314117,0.390439260787,0.0324594755736,0.0324594755736,0.0350753253418,0.242136014073
C003148,4,0.0006282550445,0.00100909713324,0.000825394076144,0.00167042541135,0.00100693050326,0.00117301021083,0.00114393666366,0.992542950957
C003149,3,0.338290936438,0.00488821293804,0.0048015630382,0.00447863877306,0.00319230329935,0.60918309266,0.00577631772156,0.0293889351325
C003150,3,0.706179115256,0.0236094917704,0.0104232895412,0.0090910962831,0.0102963628242,0.0101446208188,0.124378326925,0.105877696582
C003152,3,0.00963458460159,0.0228536015678,0.00974279422202,0.00871910299345,0.00591253461213,0.00949259551153,0.110697684919,0.822947101573
C003153,4,0.0329671718167,0.10120798614,0.208054190758,0.0274375508958,0.412459324418,0.0429869579836,0.035971047248,0.138915770739
C003154,3,0.0206893711616,0.374800598927,0.0206250757713,0.0190649851107,0.277457255491,0.0146465347083,0.178082427976,0.0946337508549
C003155,3,0.0590768336301,0.0185615707886,0.0186067285238,0.0167374634602,0.0187088801574,0.0179919803408,0.0208910906374,0.829425452462
C003157,2,0.00313679496315,0.0198435976307,0.00315369215758,0.00275423365361,0.00150881979147,0.00079276155894,0.00345427355938,0.965355826685
C003159,4,0.014183038959,0.0238821231772,0.0238762216069,0.0569537946871,0.275079999618,0.0153332900334,0.0301242325734,0.560567299345
C003160,1,0.00363856165371,0.338580272052,0.00611834503204,0.003603288948,0.0308736070909,0.0036777238695,0.600262467544,0.0132457338105
C003162,3,0.00522419417915,0.0052015187234,0.909682650626,0.0197589215089,0.00284254770415,0.00519788218772,0.00665600117095,0.0454362838996
C003163,4,0.0551313899352,0.00803764083018,0.0412692291056,0.00466771741756,0.0169283982771,0.0079763755553,0.0101048740615,0.855884374818
C003164,4,0.00188469088173,0.00639709251153,0.00698720279921,0.00625005007395,0.29816966919,0.00634034191717,0.652039358806,0.0219315938203
C003166,0,0.0123837899561,0.130372852933,0.0176125979217,0.0177139167998,0.629847295062,0.0177139167998,0.0220629953792,0.152292635149
C003167,1,0.00380965691943,0.00712806415541,0.0071607197966,0.656375648957,0.00713705146908,0.00713705146908,0.238576199415,0.0726756078184
C003169,4,0.00621547417975,0.00544411432162,0.00705075588619,0.00689039115936,0.160882780129,0.71094074023,0.0385088265272,0.0640669175664
C003174,0,0.00581001195325,0.0114832303971,0.00609194117083,0.0665111009409,0.0736324061449,0.0453440885722,0.0123263277938,0.778800893027
C003176,3,0.0198148112163,0.0283443547464,0.0283120898796,0.608160898276,0.0284679188814,0.035598139178,0.0718756958112,0.179426092011
C003177,0,0.0075507155498,0.0955187263313,0.0102381688188,0.010297065285,0.00541090047241,0.244761150281,0.568807693267,0.0574155799952
C003178,1,0.00210600159924,0.00212598819191,0.0356342042459,0.00208558573668,0.91524367621,0.0275193366932,0.00374537383633,0.0115398334872
C003180,4,0.00368951541892,0.00272480112929,0.95228698169,0.00266216933222,0.00161555994483,0.00270403188944,0.00360975180182,0.0307071887932
C003184,0,0.278361181231,0.0131051939835,0.0130501125382,0.00986007940934,0.0332869170684,0.0131251850952,0.408707786483,0.230503544191
C003185,1,0.0456125761231,0.0175879732576,0.00982995783316,0.0172537299609,0.0176101487921,0.0176101487921,0.0835538776251,0.790941587616
C003186,0,0.0303315013273,0.0304446178307,0.0306367730509,0.0239897665676,0.0304910590935,0.0304910590935,0.030385897466,0.793229325571
C003188,1,0.0032372820317,0.00325147205598,0.0032116671749,0.00322791631994,0.935711895034,0.00712651686814,0.00463735626704,0.0395958942485
C003189,2,0.0287680976984,0.043724786919,0.127348986755,0.0373703636766,0.273767196683,0.0393400915886,0.0505980988954,0.399082377783
C003190,2,0.0118600800462,0.101567492388,0.0281051886818,0.0249177936975,0.0708753998853,0.579674025771,0.0392334599546,0.143766559575
C003191,2,0.00748374350445,0.478078784688,0.00752405671285,0.00677952605835,0.0076826365262,0.0076883637131,0.447967132866,0.0367957559315
C003194,0,0.00731381468575,0.907676223838,0.020489392333,0.0073522887435,0.0096054236194,0.0073522887435,0.00838597157979,0.0318245964567
C003195,3,0.0117600083894,0.00855953976979,0.434129340935,0.0212611719411,0.250649226744,0.00714468462293,0.19919960182,0.0672964257777
C003196,4,0.170958930016,0.0483031503601,0.0168727610132,0.0211628367297,0.0167293997736,0.0166376059049,0.49698423883,0.212351077372
C003197,4,0.00788738198919,0.0087810501188,0.603964512139,0.0085792104531,0.0087621963477,0.00871411835853,0.310476130481,0.0428354001125
C003198,3,0.00746182805849,0.0269619709021,0.608632359764,0.227892694818,0.0250656277074,0.0121270647541,0.0133687245228,0.0784897294728
C003199,4,0.125770306595,0.0271126575314,0.0802351553229,0.0423662737975,0.0255710851691,0.100835413718,0.0506411811742,0.547467926692
C003201,4,0.036384785779,0.0451551104977,0.0422525651956,0.0443389704959,0.0470549097198,0.044754525489,0.0531282106172,0.686930922206
C003202,1,0.00952449339841,0.00956624224549,0.00946549828464,0.00938444458762,0.804418378289,0.00957830369975,0.011832779533,0.136229859962
C003203,1,0.00218402807846,0.00272012706178,0.00269148087374,0.0026684335424,0.934046125757,0.00272355669353,0.00360519879559,0.0493610491979
C003204,2,0.00643893799352,0.0121449247024,0.0117429196848,0.0434435166588,0.00709760937762,0.757257689298,0.01352766968,0.148346732605
C003205,3,0.0123886447431,0.415632179821,0.435787193409,0.00995183139154,0.0660866220711,0.0108671668544,0.0121808922788,0.0371054694314
C003206,1,0.54440225645,0.0222678071237,0.0222794812543,0.0218446278776,0.202466865941,0.033169769363,0.0245527289302,0.12901646306
C003208,4,0.0173063608491,0.0249853685101,0.0242389898852,0.571635315058,0.113993531049,0.0219764172331,0.00655348353515,0.21931053388
C003210,0,0.00380727409891,0.319826914223,0.533305539803,0.00382730212666,0.00298481958931,0.00382730212666,0.118128427182,0.0142924208507
C003211,3,0.0184018352782,0.0270150133013,0.0269232107728,0.0248848777943,0.678233805753,0.027092268661,0.0317435598169,0.165705428622
C003212,0,0.0440031972306,0.609007788508,0.0497779692701,0.0264864513525,0.00920487681566,0.206653917894,0.0134376290452,0.0414281698846
C003214,0,0.0124846784854,0.0351709785091,0.0126103306672,0.0125503536852,0.146788810894,0.681572364509,0.014139957687,0.0846825255631
C003216,0,0.00576422629792,0.282450316107,0.00783851575085,0.00788360788465,0.00503031574794,0.0732968951489,0.527267249421,0.0904688736413
C003217,1,0.817463045394,0.123433409738,0.00489703192264,0.00486350792622,0.00496397581428,0.00496397581428,0.00578827678854,0.0336267766027
C003218,3,0.00923982400783,0.00919971883309,0.823776023631,0.00847424774787,0.0410500440325,0.00919328703739,0.0107946580392,0.0882721966716
C003220,0,0.00455237152013,0.00456934886468,0.00455014378158,0.00380014886133,0.0183649373591,0.00601047972632,0.00470333541452,0.953449234472
C003223,0,0.0292045096239,0.0353155245486,0.0351670925502,0.0353693960593,0.168161606734,0.0353693960593,0.0403601166335,0.621052357791
C003225,0,0.0246986357111,0.0249364461696,0.145565444472,0.0248285619914,0.0370826494716,0.0248285619914,0.154888695858,0.563171004335
C003226,1,0.456562131061,0.0129034948389,0.0159860716691,0.36693898773,0.014099975825,0.0129197640184,0.0201046534643,0.100484921393
C003228,3,0.0109359749483,0.158144075287,0.734613536222,0.0102455593299,0.00756372457235,0.0107748066991,0.0116295866681,0.0560927362735
C003229,3,0.0230662424423,0.0228846242168,0.02218635204,0.0207300872523,0.657867306606,0.0221823742023,0.0259674155579,0.205115597682
C003231,0,0.00781242174156,0.0342199805458,0.0084609575957,0.219710219502,0.00785351870369,0.00480015913293,0.00850485110993,0.708637891668
C003232,4,0.338688870204,0.0161414769172,0.412996184915,0.0157704517823,0.0161068195918,0.0160197703606,0.0218993349737,0.162377091256
C003233,0,0.0466791394137,0.00901110632592,0.54555619536,0.00897212098719,0.311451418414,0.00828770850078,0.0101571582863,0.0598851527122
C003234,4,0.00787909993663,0.00877499213221,0.00871404007973,0.00402181935406,0.532957390625,0.00869786778418,0.293739381466,0.135215408622
C003238,2,0.0115570040258,0.0140135716482,0.029716211125,0.662001221636,0.0118641507701,0.0281315472799,0.156969959655,0.0857463338605
C003239,3,0.00713594970537,0.00696519961755,0.824229082507,0.00613879110618,0.00642334344685,0.00698511813454,0.0132132390448,0.128909276438
C003240,1,0.0188502312915,0.0190291256924,0.0188723854521,0.0186674946158,0.549238589154,0.0190531182825,0.0222395159864,0.334049539525
C003242,3,0.00168285680628,0.00248448439271,0.00162133147462,0.00175648619132,0.000823689574214,0.00123734997445,0.00704766096983,0.983346140617
C003243,0,0.00439582567463,0.0401801524042,0.00618332651969,0.732210143865,0.00441894975667,0.166298547322,0.00466340436054,0.0416496500974
C003244,4,0.00427045434805,0.00482934291767,0.020143368872,0.00471833649511,0.890171034682,0.00478650031685,0.0066072945884,0.0644736677802
C003246,2,0.00685681405181,0.00702427047814,0.00682430950063,0.00757872060967,0.00375633758397,0.917678021543,0.00757747785296,0.0427040483802
C003247,3,0.00235251231112,0.00237385090247,0.00457348281536,0.00540568645619,0.00235251231112,0.013561786365,0.00374656951737,0.965633599321
C003248,1,0.00386045164034,0.00521910918874,0.250982376316,0.00380368729197,0.00388226194115,0.703810423574,0.00463899056047,0.0238026994872
C003249,3,0.93444806717,0.00160131178975,0.00154894400404,0.00146807866046,0.00160829253452,0.00158459042353,0.0326018489389,0.0251388664786
C003250,4,0.00157576868246,0.00176631853659,0.927971388495,0.0261703917606,0.00176252607841,0.00175300051446,0.0275262000315,0.0114744059013
C003252,1,0.700093348009,0.00860225285599,0.176255690084,0.00843877493211,0.00861309887857,0.00861309887857,0.0123123373276,0.077071399034
C003253,3,0.0244472185594,0.00420193725875,0.00736765381263,0.181717328032,0.00689917906019,0.0513761531435,0.653549112757,0.0704414173768
C003254,2,0.0169138888949,0.0173570538178,0.0164568684349,0.7021423959,0.0173441242667,0.0173570538178,0.019047360556,0.193381254312
C003256,3,0.00359108780943,0.343991213516,0.0278667255456,0.0078473291331,0.557148886531,0.00854739904407,0.0101488643708,0.0408584940502
C003257,4,0.0165345845865,0.0139822682078,0.0231526809196,0.0231563191129,0.0236502200134,0.023492797017,0.0362091148372,0.839822015306
C003259,1,0.0132340311558,0.439478939004,0.0133100415464,0.0131057386791,0.0133764704033,0.016242905818,0.0838295819868,0.407422291406
C003260,4,0.0100492480225,0.0115076573116,0.0110183793962,0.0106679350367,0.0114829492489,0.0114208897034,0.0167899312502,0.91706301003
C003261,0,0.00504260420894,0.00109186502243,0.00156113968338,0.00124153824268,0.00109353059073,0.000796537539643,0.000619396324037,0.988553388388
C003265,1,0.00942132097468,0.00684047293629,0.0101600038696,0.0112179640898,0.0160496049193,0.00917484369822,0.0138531797742,0.923282609738
C003266,1,0.0203080382711,0.0031198252659,0.107301471158,0.00390844338773,0.00398918203538,0.00398918203538,0.838866509695,0.0185173481519
C003268,3,0.00199194662828,0.00130207727219,0.0013063455772,0.00179233889915,0.0028861007426,0.00826337727655,0.00218255123928,0.980275262365
C003270,2,0.0109523640073,0.0113455517298,0.0110225761808,0.00930281111681,0.0113371002442,0.77307281947,0.0129305453105,0.160036231941
C003275,4,0.00458058586472,0.00682282786698,0.823627592069,0.00666599955178,0.00680817859005,0.114821398472,0.010860160598,0.0258132569877
C003278,4,0.00509276570135,0.0813059226776,0.0921153060927,0.0147882095444,0.015028077463,0.0126531951085,0.0223014603705,0.756715063042
C003279,2,0.00193828898452,0.00913731957568,0.00271162879483,0.00436627759772,0.00428250639182,0.00510871553837,0.00547707972692,0.96697818339
C003280,0,0.0314834818564,0.0533455832896,0.0536822809731,0.0534269584694,0.0534269584694,0.0660086772568,0.0660042429183,0.622621816767
C003281,0,0.00442961558246,0.0210981818494,0.00442744791549,0.00548105152513,0.0248783343933,0.0110096468881,0.00527371869177,0.923402003154
C003282,2,0.0141899452726,0.0145364906954,0.0140553232662,0.107653267439,0.00821005058926,0.307171971031,0.0169957081299,0.517187243576
C003283,1,0.00723340284009,0.777915099371,0.00726891792681,0.0071270423836,0.120601256805,0.0139283434134,0.00590434283035,0.0600215944296
C003285,3,0.0390155383047,0.52752939823,0.0200199328907,0.0189682323094,0.0203885206836,0.24992610039,0.0234109078439,0.100741369348
C003288,3,0.0262789603331,0.763694082463,0.00727700453779,0.00879831765646,0.0107828694523,0.0367263614013,0.0128031802319,0.133639223924
C003290,3,0.00800355227791,0.0628646213719,0.00188497664518,0.00721642413677,0.0342241932591,0.015185257901,0.00883677596842,0.86178419844
C003292,3,0.112667749323,0.00764759913274,0.00743378599515,0.0168095134316,0.747733302918,0.0167165238119,0.00832844975729,0.0826630756303
C003294,2,0.00400031014134,0.00353567678878,0.00402185889382,0.377023513727,0.584278019184,0.00410968645752,0.00454207830924,0.0184888564983
C003295,3,0.159517392687,0.00155019222776,0.824128674283,0.00169323211978,0.00186385596967,0.00138226655919,0.00214633860118,0.00771804755211
C003296,3,0.00446182338426,0.888521056473,0.0547291197168,0.00403785936132,0.0109025357614,0.00492740597533,0.00498307888889,0.0274371204387
C003298,3,0.0251660284469,0.00506881733713,0.00799828678974,0.85998001168,0.0193599794301,0.0116998196199,0.00855168114037,0.062175375556
C003299,1,0.0151607052398,0.0153304703513,0.0390393481083,0.0150137353255,0.117726516758,0.018734150898,0.020042852819,0.7589522205
C003301,2,0.00590635469337,0.00615258595048,0.00602109985292,0.00434945041932,0.00614800278936,0.927654005882,0.00630613140351,0.0374623690094
C003302,2,0.0107106037068,0.0250421809269,0.674236415842,0.00970273993059,0.0794029105915,0.0110034525951,0.126508022026,0.0633936743813
C003303,0,0.0230862433456,0.0231723398133,0.0246941399371,0.0232076876941,0.0232076876941,0.0232076876941,0.0259152362162,0.833508977605
C003305,1,0.00431543410992,0.00169885399522,0.000468890177226,0.0130363065402,0.00045473971556,0.00170099597001,0.00188666047291,0.976438119019
C003306,4,0.0127088070538,0.176869461006,0.118393301444,0.0133060008585,0.0135898044187,0.587286622443,0.0158035623044,0.0620424404717
C003308,0,0.0108402984242,0.0110114297038,0.442710792773,0.0113473906627,0.0108973234221,0.0108973234221,0.462446312528,0.0398491290637
C003310,3,0.00547220538068,0.0016298333665,0.00109792798591,0.00101018053512,0.00295030602309,0.000811552605219,0.00134323468906,0.985684759414
C003311,1,0.00794308190024,0.00976805865592,0.00788023260153,0.00782628627369,0.831508387381,0.00798795773907,0.0139359966213,0.113149998827
C003312,3,0.0033025464802,0.00333250240834,0.000989572292945,0.00296352092084,0.00734907937672,0.00225302815869,0.0146189228466,0.965190827516
C003313,1,0.013075896592,0.0131148354854,0.0136356885204,0.0130794397108,0.0104594267535,0.0133496281643,0.0139585891347,0.909326495639
C003315,2,0.0136193781543,0.0748071539042,0.0271076792995,0.024008302424,0.0275470020033,0.0432183583857,0.0307616288275,0.758930497002
C003316,1,0.0137542628694,0.0303986113982,0.916286238893,0.00453027097999,0.0125172438624,0.00462385502768,0.00274358680265,0.0151459301669
C003319,0,0.39870014249,0.140921594744,0.0050660717414,0.00509521501189,0.00305729394704,0.00509521501189,0.357381501512,0.0846829655415
C003322,2,0.865766538402,0.0435286772225,0.00490555008933,0.00452945057513,0.0051948034301,0.00519867600823,0.00431478860164,0.0665615156706
C003324,4,0.0360003403762,0.0598034145259,0.00429723036566,0.00771436794051,0.0137783162283,0.0185932092365,0.830649174028,0.0291639472989
C003325,2,0.0117878997568,0.0123089444645,0.0116705681593,0.0125602716165,0.012299775332,0.0123089444645,0.00960734280908,0.917456253397
C003326,3,0.00361297131993,0.0249004325889,0.00690734437535,0.00627511514666,0.00427428706817,0.00474875699329,0.781443866323,0.167837226184
C003327,1,0.119295371714,0.00726002810774,0.00722086931355,0.809562362122,0.00725690782573,0.0121132339922,0.00909150690639,0.0281997200174
C003328,3,0.00596975015926,0.00394394599837,0.00215698866491,0.00274979398546,0.00194978701177,0.00260333384369,0.00699172622532,0.973634674111
C003329,0,0.132923452581,0.00319075844583,0.00370531765101,0.00270679115229,0.758695776739,0.0290630940442,0.00516828525867,0.0645465241281
C003330,0,0.0239529445469,0.0288921399181,0.221581900415,0.0289362129779,0.0289362129779,0.0289362129779,0.0348052505451,0.603959125641
C003331,3,0.00977005533772,0.19964353561,0.0109381071347,0.665545309709,0.0104041856334,0.0103517842804,0.0122687125742,0.0810783097214
C003332,2,0.00304240979023,0.00567535388742,0.0227318334613,0.694386467634,0.0716948411706,0.00567535388742,0.00624445352541,0.190549286644
C003333,0,0.00224149211915,0.367567237917,0.00226405164085,0.0022532834074,0.0022532834074,0.0022532834074,0.600515303616,0.0206520644851
C003334,2,0.00204899169491,0.00969004556059,0.00205043027316,0.104908592773,0.0051652580781,0.00349594141566,0.0484983329082,0.824142407297
C003335,3,0.00334895268423,0.00800332312286,0.00676559200384,0.00310873745259,0.0015450830073,0.00262049952144,0.0068733406103,0.967734471597
C003336,3,0.00355228544796,0.00507089146751,0.0316320147045,0.726483554,0.113513316417,0.00359827267768,0.0056082798059,0.11054138548
C003338,1,0.0237765163292,0.0238807362707,0.347962475473,0.0237077289957,0.23395755523,0.0239108459418,0.0579565557211,0.264847586038
C003339,4,0.330490639107,0.532694498918,0.0306279131342,0.00765080945082,0.00781399348966,0.0355131066175,0.0104219196496,0.0447871196335
C003340,0,0.0051521068844,0.00570258369263,0.0049348189609,0.00571128260911,0.749034342458,0.00571128260911,0.00567995687296,0.218073625913
C003341,3,0.0086018334968,0.0114004589957,0.0779801312764,0.175173140069,0.648765513496,0.0112410770446,0.0126269718299,0.0542108737924
C003342,1,0.0120710597433,0.719330944542,0.00873947189284,0.159624720384,0.00874590579347,0.00874590579347,0.011514028547,0.0712279633032
C003343,4,0.786602797258,0.0549556831133,0.0145594366036,0.0142275705361,0.0145310302469,0.0144331102603,0.0219997967707,0.0786905752109
C003345,3,0.00110486074654,0.000632733473789,0.00109125366135,0.00101118119295,0.000858073874687,0.000614533502601,0.00129760464216,0.993389758906
C003346,1,0.00820719909859,0.852807419321,0.00814225998374,0.00960372943496,0.008253567114,0.008253567114,0.0238410544058,0.0808912035274
C003347,2,0.00727545408297,0.00747437925078,0.00705293842957,0.00210861000826,0.029565332337,0.0395610505484,0.00870315466697,0.898259080676
C003348,1,0.013534177772,0.003419539058,0.110342082662,0.00293776088357,0.00299844766277,0.122452432776,0.694872116281,0.0494434429049
C003349,0,0.00710073132251,0.87943493651,0.00717219670979,0.0065731617381,0.0462317164077,0.00713808446292,0.00787442487384,0.0384747479748
C003352,0,0.00612053651732,0.00489343843383,0.0364293667738,0.0281947869736,0.00490090305242,0.00490090305242,0.00568084626074,0.908879218936
C003353,1,0.0207659860661,0.0722507983819,0.0182630034168,0.0179065440983,0.0148182489387,0.67499948539,0.0245376793288,0.156458254379
C003354,0,0.0355084857972,0.00716314420704,0.805827887955,0.00708891590313,0.00708891590313,0.00576752234054,0.0080413188451,0.123513809049
C003355,2,0.0209958383994,0.663290068116,0.0126704447819,0.0114242590418,0.178277395907,0.0131042025281,0.0147028544481,0.0855349367779
C003356,1,0.014454025739,0.00968256143075,0.0144998776255,0.380103630997,0.00725681685974,0.447697223877,0.0192600591369,0.107045804334
C003357,2,0.000379980638498,0.000304845581887,0.00468654381619,0.000884536670434,0.000658236370793,0.000773466189937,0.0012071899629,0.991105200769
C003358,4,0.429614667319,0.0212416193283,0.0212363702594,0.0187113153555,0.227550362043,0.100134640771,0.0280173838173,0.153493641107
C003359,0,0.0111375085006,0.00783608207002,0.0166159640495,0.00157916956802,0.00157992615251,0.00423533078128,0.00173287728673,0.955283141591
C003361,0,0.00885586703716,0.867613912301,0.00894499700685,0.00862841788004,0.00890245300555,0.00890245300555,0.0102208815001,0.0779310182633
C003362,2,0.0130202620239,0.0474704131819,0.0134951931948,0.00281489329564,0.00339094394039,0.00848281083065,0.00817600632353,0.903149477209
C003363,1,0.034123117736,0.0343072491467,0.0227381003528,0.0180900639597,0.0956561979708,0.191414218547,0.0206469054289,0.583024146858
C003364,1,0.0063301126601,0.691722878483,0.00636119270707,0.0588408168144,0.0032580554971,0.00636587574539,0.212970546102,0.0141505219911
C003365,1,0.163505603988,0.694980975863,0.00344665536191,0.00337938316175,0.0650460905136,0.052324223944,0.00410599706527,0.0132110701025
C003366,0,0.00639900893153,0.00981275223873,0.00849818528931,0.519622093006,0.0305353269032,0.155584318145,0.238475755035,0.0310725604518
C003367,4,0.112101720984,0.0276721838493,0.0276653457078,0.0271720327938,0.0200120954073,0.0274289700542,0.407865917328,0.350081733876
C003370,4,0.00982680009862,0.0110570874474,0.638186829621,0.0112213997859,0.0110333468021,0.0109737171309,0.0145235367235,0.293177282391
C003371,1,0.0163030831009,0.162722033665,0.019919631585,0.510611116735,0.0199688248012,0.198357971034,0.0210532465051,0.0510640925742
C003372,3,0.00429835751388,0.00433734600036,0.084641835156,0.00365698352313,0.00489270988809,0.00715425907749,0.00485527287796,0.886163235963
C003373,3,0.0447403234518,0.0251280002316,0.259346539794,0.0227036436878,0.0252375430185,0.289510273004,0.0316127480289,0.301720928783
C003374,1,0.0159801196393,0.491319566406,0.0156473951526,0.200134050318,0.016070402137,0.016070402137,0.02257523377,0.222202830439
C003375,3,0.00199699208157,0.0450448831466,0.0336246893443,0.200041031538,0.00404244575619,0.69661931285,0.00447256518449,0.0141580800985
C003376,1,0.540955328993,0.0388804999074,0.0206963589308,0.070076277451,0.0207115953568,0.0625429107566,0.0910578881943,0.15507914041
C003377,1,0.0618331280354,0.0155757993935,0.616734546558,0.117354361526,0.0155691050824,0.0132232222341,0.0189284243721,0.140781412799
C003378,0,0.167032058873,0.023106291616,0.791037049591,0.00198717215159,0.00198717215159,0.00313951146226,0.00215169219805,0.00955905195618
C003381,1,0.00808279351484,0.00813195370528,0.0916947472122,0.798567655585,0.00435081228171,0.00812845867901,0.0113416072639,0.0697019717583
C003382,1,0.0194923010179,0.0217122047487,0.0198918978049,0.0194975827619,0.0190351491292,0.0199003539699,0.024899750283,0.855570760284
C003383,1,0.0124844756788,0.0170428390147,0.00925360761905,0.00908871020556,0.815190048661,0.00927646018633,0.0121331665182,0.115530692117
C003384,1,0.0121692676653,0.0187551676455,0.00728606745841,0.877008095379,0.0132029831905,0.0094623155456,0.020596618089,0.0415194850271
C003385,4,0.00673269742892,0.84721997097,0.00744174371648,0.00766493920934,0.00753648690248,0.00749513435554,0.00931337128141,0.106595656136
C003386,1,0.00628269344322,0.00628330806744,0.00623155333985,0.900503312011,0.00629123028297,0.00629123028297,0.0072044422934,0.0609122302788
C003387,1,0.0141590616102,0.0142211252259,0.0140713597855,0.0139508657874,0.0102675139845,0.0128047560699,0.0156294565076,0.904895861029
C003388,1,0.262680687202,0.0440701049346,0.00683627072936,0.00452850901808,0.649450242675,0.00688229009979,0.00752927530452,0.0180226200365
C003392,3,0.0090311241878,0.0228244593877,0.00891802711068,0.00822878299174,0.652746158021,0.152727763026,0.0166901335962,0.128833551678
C003393,3,0.0137937157503,0.0137338445472,0.0138497703638,0.0124651039778,0.0137937157503,0.820133097268,0.0266319075409,0.0855988448015
C003394,1,0.0187505897287,0.435301183395,0.162933436903,0.0202680312526,0.0221505766018,0.0815083161004,0.0234930139825,0.235594852036
C003396,1,0.00251864987079,0.00249185740899,0.002521609971,0.00249423374042,0.00254575836011,0.0119294153595,0.952697487589,0.0228009877002
C003398,3,0.00747905799726,0.0268338158398,0.00750945123668,0.00680461625765,0.00747905799726,0.859410561174,0.011871209279,0.0726122302182
C003399,1,0.00294012467383,0.00203249429617,0.0161190923808,0.00199050196858,0.219766075706,0.744090146481,0.00255895739008,0.0105026071035
C003400,2,0.394789256999,0.0222048904859,0.0209528738345,0.0193582494136,0.322656469161,0.0222048904859,0.0253157806558,0.172517588964
C003401,3,0.0338077966582,0.0416230382444,0.0338999267114,0.030230829992,0.0338077966582,0.0336375215067,0.0497465366326,0.743246553596
C003403,2,0.00429754424313,0.00444548879927,0.00421493330991,0.839700613299,0.00444217728252,0.00444548879927,0.00443993196674,0.1340138223
C003404,4,0.00556327297717,0.00621872707251,0.914052975385,0.00610632889945,0.0293026288007,0.00616355881336,0.0135590798063,0.0190334282455
C003405,2,0.0302471057311,0.0310202410355,0.145621943224,0.0271447305506,0.354560259351,0.0310202410355,0.0404195206126,0.339965958459
C003406,3,0.120796807201,0.0100489712834,0.00997928321855,0.631299429316,0.0150645799412,0.0081923152352,0.13903299261,0.0655856211943
C003408,2,0.0213678766482,0.0221595842656,0.167834090073,0.0342229621123,0.0221430772317,0.0221595842656,0.0239106139573,0.686202211446
C003409,2,0.032699956871,0.0105839513219,0.0114998141032,0.0894313792296,0.00508228387889,0.0082609802907,0.806299174338,0.036142459967
C003410,2,0.795024749387,0.00919699647651,0.00867842635615,0.00500282254723,0.00674255606293,0.00293978217607,0.00988738476672,0.162527282228
C003411,0,0.0507021749542,0.0502675642613,0.00891583834916,0.0179922167478,0.0163929541516,0.0237107039613,0.0152619920916,0.816756555483
C003412,3,0.00636119609414,0.0063335855162,0.11142432487,0.00577056482693,0.00636119609414,0.00626744836319,0.810103422269,0.0473782619667
C003414,1,0.00461367761757,0.298518369996,0.00460871912468,0.00454583778225,0.00463974340108,0.158576662526,0.511682891213,0.0128140983401
C003416,1,0.034060329111,0.0110576721571,0.00849648621474,0.0150335547994,0.00475208615354,0.00990560562018,0.52408106155,0.392613204395
C003418,1,0.215153917147,0.0110374169628,0.00765282520838,0.0120537287519,0.019646693446,0.00558084892131,0.0184548753101,0.710419694253
C003419,3,0.00762682788907,0.822525309446,0.00748084090066,0.00692987191078,0.00762682788907,0.00751442798843,0.0648320749444,0.0754638190317
C003420,4,0.00483805159965,0.208252465115,0.624586717824,0.00462395983261,0.0950250099868,0.00308596851572,0.0274615013324,0.0321263257936
C003421,1,0.0196030535102,0.0196614297145,0.0233373745032,0.0198434156789,0.0200134249612,0.0200134249612,0.0238387193411,0.85368915733
C003422,2,0.00388686704266,0.0052496051749,0.00489423397389,0.00457661191183,0.206670097222,0.0186857639214,0.0044504469162,0.751586373837
C003423,2,0.0569379720971,0.0589820341423,0.0939684867831,0.0519871328609,0.091233338681,0.0589820341423,0.0268088954857,0.561100105808
C003424,1,0.0147697718017,0.0218922937426,0.0147538981723,0.0145525960538,0.635679667783,0.226854913821,0.0185661606959,0.0529306979293
C003426,3,0.00298855013515,0.499964924948,0.00811370305374,0.00735325779595,0.00362703746184,0.0304153641336,0.407879394697,0.0396577677754
C003427,2,0.00887220657521,0.22755500767,0.00948407400554,0.643477181062,0.00690195688103,0.0331495459369,0.0109195264025,0.0596405014668
C003428,3,0.0150965194827,0.00546589194295,0.00546801076797,0.00508619768315,0.00420538975435,0.924347928485,0.00622566772214,0.0341043941622
C003430,1,0.00295856168469,0.129642026291,0.287263654973,0.00292988099007,0.00723717204677,0.552684596695,0.00364690228332,0.0136372050364
C003431,4,0.0239620007744,0.115789624904,0.0223676692389,0.658181764027,0.00813247436506,0.00808785164731,0.125506925318,0.0379716897253
C003432,1,0.0087315136429,0.0322636129119,0.0272159253391,0.0438444993769,0.00895347821038,0.444764000647,0.0307925035308,0.403434466341
C003434,3,0.0136911436811,0.114264519509,0.0315434089435,0.12329489076,0.621611587367,0.0153075844959,0.0182364790791,0.0620503861649
C003435,3,0.434241748222,0.0206963473294,0.204019785253,0.0830777101632,0.020786570807,0.0204802300153,0.0221893790583,0.194508229152
C003436,4,0.0623246211986,0.384666117292,0.453323986516,0.0304688762251,0.0296353990849,0.0204450630455,0.00513970935503,0.0139962272837
C003437,2,0.00554060127568,0.00566172962821,0.0055672854708,0.525817428198,0.41714112156,0.00566172962821,0.00596912023084,0.0286409840078
C003438,2,0.479966309946,0.00735381722481,0.38169088685,0.028428372941,0.0196632364723,0.00804906097589,0.00920847015851,0.0656398454316
C003441,4,0.00694918185536,0.0078948095091,0.817165640461,0.0135441528098,0.00883492000012,0.00783528273315,0.0109081929436,0.126867819687
C003446,2,0.154375822391,0.540819158786,0.0292888717063,0.0262538422292,0.038239499089,0.0299284690451,0.0324747669071,0.148619569847
C003447,2,0.00619648544884,0.00358678528616,0.00616711116847,0.0057285031059,0.910600664785,0.00634781539613,0.00711688301429,0.0542557517948
C003448,1,0.00109614907642,0.000569044183956,0.00478118386765,0.00191401965434,0.00110794704242,0.000422114146775,0.00120784854253,0.988901693486
C003449,1,0.0195733414195,0.571067320792,0.0921415273055,0.019383594817,0.0197840113197,0.016666339465,0.069203574714,0.192180290167
C003452,4,0.00216590708123,0.870110204366,0.00301933647879,0.00295066369003,0.020460378994,0.00216099373541,0.0836914178668,0.0154410977881
C003453,3,0.00572367363635,0.00569883020523,0.00565318283916,0.726319691503,0.00572367363635,0.0258631479627,0.00632163009954,0.218696170117
C003454,1,0.00818086317239,0.0131598673693,0.0180448924881,0.00664627274588,0.0172721859666,0.0119184114682,0.0128911023448,0.911886404445
C003455,3,0.00918491001401,0.00911259016988,0.00889772968065,0.8420927902,0.00918491001401,0.00913864962145,0.0101522208436,0.102236199457
C003456,4,0.00378038249949,0.723127695885,0.0042482738858,0.00417965616087,0.00426880400564,0.00424038955888,0.23844889878,0.0177058992251
C003457,4,0.0036684033159,0.0577369916371,0.00460839844896,0.00518557774779,0.00387947819607,0.00375400684167,0.00497920613806,0.916187937674
C003459,1,0.341499432167,0.126033914545,0.0173630027854,0.0137431761936,0.00523571038496,0.00989518202667,0.0158519576131,0.470377624285
C003460,4,0.00336587849419,0.00390895974308,0.00382916219843,0.00381910908546,0.947391246025,0.00387460347619,0.00510283798984,0.0287082029881
C003462,1,0.000910702826999,0.0107574676458,0.000868030289413,0.000502268727473,0.00132360620647,0.00121908027758,0.00162470858468,0.982794135442
C003463,0,0.0114454139931,0.016766588469,0.027870824534,0.0334735006472,0.0720795643011,0.189682033399,0.0481253547971,0.600556719859
C003466,0,0.139165270006,0.00778162088536,0.00774891454577,0.0116371440484,0.00779349123638,0.00839469670786,0.00796553506087,0.809513327509
C003468,3,0.524699762805,0.230656798875,0.0024623503753,0.00462273914207,0.0039620289615,0.00516256628668,0.213784784549,0.014648969006
C003469,4,0.00102865176787,0.00120331835602,0.00119495997547,0.00514587151113,0.00334055252984,0.000600041084612,0.0013870934501,0.986099511325
C003470,2,0.562754163534,0.198502797162,0.0290579592792,0.0178284832234,0.026576196222,0.02659600802,0.0283305756593,0.1103538169
C003472,1,0.00932373384179,0.131848540031,0.00935331112317,0.062338021889,0.371170929164,0.00805211236842,0.391476369152,0.0164369824311
C003473,0,0.0117245701827,0.0119096610925,0.311202775378,0.0117862468602,0.00979554857565,0.00694219966013,0.512324745211,0.12431425304
C003474,1,0.0288677542611,0.00818688763028,0.0113163101555,0.0112761794006,0.0113727885327,0.0113727885327,0.778115424715,0.139491866772
C003475,0,0.00855630724689,0.0198682359561,0.0318844550843,0.842594778528,0.00860131739183,0.00860131739183,0.0095463276446,0.0703472607568
C003477,0,0.631984993884,0.0192322995045,0.0191514656875,0.0235560801995,0.007623146791,0.0134733520759,0.0932106685882,0.191767993269
C003478,1,0.0312077303254,0.00427432702028,0.0517099641373,0.00418601733064,0.494552275241,0.00427248996048,0.39823160603,0.0115655899548
C003479,4,0.00391033139092,0.0508627995748,0.871193396575,0.00415810552575,0.00422555088582,0.0468849862719,0.00545657678559,0.0133082529899
C003481,4,0.123948281383,0.00409130990413,0.744348461986,0.00399726777794,0.0040825254627,0.09660792935,0.0050997566493,0.0178244674869
C003482,2,0.0222139944082,0.0062333278571,0.00441583573433,0.00556679135089,0.422488245557,0.479448569946,0.00687017148855,0.0527630636573
C003484,0,0.342532031281,0.00733073494438,0.310862972532,0.00734191749853,0.00734191749853,0.278862183546,0.00748718572963,0.0382410569703
C003487,2,0.00758737629807,0.102616775364,0.00753681601542,0.319601725411,0.526299153879,0.00779483003032,0.00875441284139,0.0198089101604
C003488,2,0.00176999342014,0.00180411845211,0.0173017530169,0.000680600650482,0.00180277453499,0.00151571210722,0.00198471666271,0.973140331155
C003489,3,0.00425880486752,0.00424031965469,0.00412564678544,0.00388299053066,0.893553249474,0.00419604099624,0.00434776744317,0.0813951802478
C003490,2,0.0136348008241,0.0140076029902,0.81208577204,0.0122044046061,0.0406331507436,0.0161418853245,0.0141621575175,0.0771302259542
C003491,0,0.00558844630033,0.00163790483211,0.0041671955781,0.00120742811539,0.00164040334824,0.000766765615778,0.00179470314217,0.983197153068
C003492,3,0.0112861592316,0.0112371720012,0.0112415280334,0.010019908905,0.00418912019808,0.373763408259,0.0133924287614,0.56487027461
C003493,1,0.0315110615427,0.0885105717401,0.0312617316045,0.031419897561,0.0325007780719,0.0316890888295,0.0407524591212,0.712354411529
C003494,3,0.00132302506864,0.00131728251862,0.913213379076,0.00119414440788,0.00132302506864,0.00131636156743,0.0634846115803,0.016828170712
C003496,3,0.00977476077325,0.0146600290822,0.0108560630049,0.0134498978459,0.0147239378862,0.014649779822,0.82443867624,0.0974468553451
C003497,3,0.0466607676251,0.0462933715987,0.0460852990724,0.0423120279475,0.0466607676251,0.123054113976,0.0529747522892,0.595958899866
C003498,2,0.0103981411862,0.0225977842667,0.0221148500191,0.0196887720607,0.692590114038,0.0358746815119,0.0337598947833,0.162975762134
C003499,2,0.00661877977308,0.0345944540253,0.270210369168,0.0162347175199,0.00480508076117,0.55250888347,0.0168599250359,0.0981677902465
C003504,3,0.0234679849648,0.386594502105,0.0225727695961,0.0210996685282,0.0234679849648,0.0233497869426,0.0260569082457,0.473390394653
C003505,3,0.556084242494,0.0284250649851,0.0280328667263,0.0259067418672,0.0321018705791,0.0341350810728,0.0334650380978,0.261849094178
C003506,4,0.0200047881393,0.0226987896974,0.0226931805436,0.142957649641,0.379619569272,0.11083755592,0.0720851204392,0.229103346348
C003507,3,0.0126980502593,0.0125980687664,0.012644884734,0.0606992494791,0.0103583267858,0.739245084377,0.0143527384696,0.137403597129
C003508,1,0.0541569030012,0.0105288354563,0.0105145085319,0.0103113045591,0.00907605549437,0.814355337982,0.0122511778097,0.078805877165
C003510,0,0.838470012149,0.00561456651301,0.00559096835502,0.00562313116507,0.0378360136536,0.00562313116507,0.0824225499688,0.0188196270308
C003514,1,0.0063922868652,0.00646386581057,0.0723238885277,0.00640620230802,0.718537302409,0.00646108771055,0.122106709069,0.0613086573002
C003515,3,0.402078566641,0.0261391070384,0.0110362671155,0.0101658226788,0.0100276549152,0.0110858171697,0.431717544737,0.097749219704
C003516,0,0.543473284888,0.00652048526554,0.00652330124793,0.160105878831,0.00323737345598,0.00649227526362,0.194035146563,0.0796122544849
C003517,2,0.0092576416007,0.00960880574759,0.00895833914582,0.343315804245,0.249863848022,0.0695496697704,0.0120055872168,0.297440304252
C003518,4,0.00513452944847,0.50452132116,0.00568664687787,0.325360491865,0.128299921522,0.00564441024473,0.00459501362961,0.020757665252
C003520,4,0.00540461616875,0.00617984760037,0.0315159343443,0.00603779871591,0.00373174524192,0.00612502425309,0.00552462259029,0.935480411085
C003521,0,0.00709034433599,0.0105650840299,0.010505569381,0.00582997284645,0.00562936819818,0.74145934265,0.158222094739,0.0606982238194
C003522,3,0.775849877352,0.0124276569622,0.105018952329,0.0114853279835,0.0124818339825,0.0124189684194,0.0139875359723,0.0563298469991
C003523,1,0.00348872365332,0.00595449260812,0.868382979115,0.00354400739062,0.00344079959893,0.00335026237808,0.0241579382117,0.0876807970438
C003526,4,0.00895005975544,0.0198996426605,0.0196318154295,0.00739470974795,0.497923079951,0.0156865230461,0.0295148078712,0.400999361538
C003527,4,0.00914066744386,0.0105657178051,0.0105934791732,0.347664479075,0.479181692558,0.0104719860412,0.0151181840801,0.117263793823
C003528,4,0.00348787349477,0.904554786721,0.00382306321488,0.00373592076635,0.0131192362835,0.00379466804247,0.00497443990325,0.0625100115736
C003529,1,0.0194219135601,0.0064537194619,0.00768387974006,0.0395557456222,0.00770285573147,0.0421770533085,0.00957066575652,0.867434166819
C003531,0,0.81524396367,0.0156729848567,0.0121416513216,0.0401216575287,0.0122114978312,0.0122114978312,0.0145851652926,0.077811581668
C003532,4,0.102517305883,0.841218775198,0.00476751150073,0.00565208232495,0.00577263553276,0.00574143735102,0.007174609924,0.0271556422851
C003534,3,0.310452985986,0.0071014708541,0.375600677572,0.191714308998,0.0336047532408,0.00709650600566,0.00835023938271,0.066079057961
C003537,0,0.00716597284104,0.917084884582,0.0039549658703,0.00393615534717,0.00393615534717,0.00393615534717,0.00447429382634,0.0555114168388
C003540,3,0.0267732090743,0.00714628251762,0.0071473847201,0.0296058127505,0.0054291403812,0.160698636898,0.00852886009478,0.754670673563
C003541,0,0.00190705571188,0.00193716160671,0.0013473735794,0.0105618649975,0.00133986903265,0.000915151384337,0.0011351876601,0.980856336027
C003542,3,0.0064153774557,0.00638753170522,0.00629939896693,0.192263168538,0.296593464183,0.373880973825,0.00739674368802,0.110763341638
C003543,3,0.00481782241516,0.00479691080368,0.00473072484893,0.717482923976,0.00481782241516,0.215924096579,0.00511827919795,0.0423114197644
C003544,2,0.253618206948,0.00329065048075,0.00414979722204,0.647095047584,0.00423725988932,0.00182777213236,0.0044938136883,0.0812874520556
C003545,2,0.00459808692187,0.756148299536,0.012132968682,0.00593226431963,0.00692083346705,0.13660528748,0.0101467195106,0.0675155400824
C003546,0,0.348137852129,0.00965105813751,0.172097950277,0.015139459471,0.015139459471,0.015139459471,0.369890012676,0.0548047483676
C003547,1,0.0112087940032,0.0103690910206,0.0128652877447,0.431020448673,0.027544627618,0.0128747590244,0.0141713627341,0.479945629182
C003548,3,0.0056581525674,0.00919864894925,0.0626211334776,0.0109282920803,0.019081692258,0.00648775007934,0.0971514794048,0.788872851183
C003549,3,0.0342851221032,0.0279460933592,0.0272871685991,0.0257542435799,0.0281678806972,0.0270885243521,0.030778438039,0.79869252927
C003550,0,0.0468228667465,0.0469974851707,0.0472941159959,0.0592317470561,0.217055534388,0.0566195431899,0.0544777513464,0.471500956106
C003551,0,0.0169395627882,0.0433599334841,0.00722557267988,0.852290267866,0.00353802915605,0.00292963698688,0.00685803685651,0.0668589601827
C003553,4,0.00589052422407,0.00656200363991,0.527453320386,0.00665951739917,0.400155903221,0.00650379006772,0.00896520854217,0.0378097325199
C003555,0,0.0435149830183,0.0164391899519,0.0887687584923,0.0504853855698,0.00617855348469,0.348533029265,0.015840007422,0.430240092796
C003558,0,0.00207063874718,0.962662348682,0.00209147871328,0.00208153126745,0.00208153126745,0.00208153126745,0.00225366626745,0.0246772737874
C003559,3,0.0930648866733,0.011601118169,0.768230417774,0.0137535223284,0.0149337516971,0.0148585368921,0.0157886300113,0.0677691364546
C003562,0,0.00703618321353,0.911844944184,0.00703274000234,0.00707319680095,0.00707319680095,0.00658110966673,0.00872828415054,0.0446303451805
C003563,4,0.00812049065326,0.397141907128,0.00934653910271,0.291460228151,0.0312657405254,0.203899023514,0.0117835115882,0.0469825593376
C003564,4,0.0482763898786,0.0182895819706,0.131098218906,0.0178691808727,0.0174360527709,0.0198633603056,0.630808341581,0.116358873715
C003566,2,0.00401021043538,0.00484430521014,0.00886527511676,0.00326918027376,0.000703841430647,0.00237227284046,0.00420954559206,0.971725369101
C003567,3,0.00546258511319,0.389702227864,0.00539530979252,0.554674471549,0.00546258511319,0.00543507245043,0.00592998320736,0.0279377649102
C003568,0,0.467997256035,0.0245543705742,0.0119950269633,0.0242999251479,0.0242999251479,0.0242999251479,0.084653020272,0.337900550712
C003569,0,0.00900996382268,0.00941671430658,0.0094207810747,0.00937597415951,0.00937597415951,0.00937597415951,0.829754580919,0.114270037399
C003570,1,0.00136292314225,0.00242542583153,0.00242669738638,0.00138221236674,0.00242848389362,0.00242848389362,0.945494337852,0.0420514356334
C003571,2,0.0273107402923,0.0224248911889,0.0375508135139,0.239429762446,0.048329476598,0.0242109844611,0.395185335856,0.205557995643
C003573,4,0.00485486478052,0.00537796612366,0.87151073492,0.00525434914506,0.00536641910582,0.0332883020855,0.00677986777292,0.067567496067
C003574,1,0.228765590031,0.103854225537,0.0316283851891,0.0315162222176,0.0204899533352,0.0482525869138,0.0406167755065,0.49487626127
C003576,1,0.0032969255746,0.00331137703526,0.891050737914,0.0609453716331,0.00331555213575,0.00331555213575,0.00508120168617,0.0296832818849
C003577,0,0.00406330750727,0.00407846096548,0.00410420270968,0.00408468238952,0.00408468238952,0.00408468238952,0.933730059438,0.0417699222113
C003579,4,0.262483617923,0.0029979535064,0.00150248439212,0.00288935432072,0.00293622026516,0.715117936067,0.00429146679041,0.00778096673473
C003580,3,0.00311744773968,0.00190296109998,0.00950188037204,0.00551774130658,0.00418411382243,0.00187273609232,0.00344523821531,0.970457881352
C003581,2,0.00234155216433,0.00382571427313,0.00310405466021,0.34022290845,0.580114167017,0.0187599008978,0.00161947359329,0.0500122289447
C003584,2,0.00144923907007,0.00321736551672,0.00179292201622,0.00400076883477,0.00357386417873,0.0022439756288,0.00154864842287,0.982173216332
C003585,2,0.00145377867542,0.000913564535993,0.00680076738873,0.00132173050936,0.000783750247066,0.000322677664778,0.00170726220089,0.986696468778
C003586,1,0.00306876844293,0.003103131608,0.00557653689345,0.00303901938919,0.029838897801,0.00107286897845,0.00409715798866,0.950203618898
C003587,1,0.304920922182,0.0107781945079,0.0144130598202,0.0141918261421,0.014484993712,0.489867119351,0.0172875457054,0.134056338579
C003588,4,0.00529681109487,0.00524588478515,0.00602136511236,0.00591369565148,0.00286953672713,0.00597664241465,0.735952271921,0.232723792293
C003589,3,0.00189597860471,0.00453548380301,0.00382710861606,0.00252051371733,0.0308214456393,0.00786521724834,0.00471974232083,0.94381451005
C003590,4,0.0224125551257,0.0237552183544,0.0237493481439,0.522302770177,0.0237042135836,0.0214965961511,0.188563051585,0.174016246879
C003591,0,0.00136715460968,0.00182369597351,0.000844677607961,0.000361638357205,0.00180479786745,0.00180479786745,0.000412974419268,0.991580263297
C003593,2,0.02600827116,0.0270191057224,0.0273709398122,0.025104457884,0.026998978752,0.0270191057224,0.0280058091938,0.812473331753
C003594,2,0.0102879148837,0.0105508805464,0.00983664033856,0.00901754521662,0.00634653731255,0.0105508805464,0.831001773289,0.112407827866
C003595,0,0.0203822038899,0.0204582160731,0.0153018748406,0.0450563409831,0.0204894237366,0.0204894237366,0.0229679520401,0.8348545647
C003596,3,0.00679525606787,0.0987019341484,0.00666518640021,0.00618149159062,0.00679525606787,0.76966335658,0.00805340185761,0.0971441172877
C003597,4,0.00566254942624,0.00630413619883,0.00634152881313,0.800303696451,0.0828251062474,0.0062560842088,0.0076667970779,0.0846401015765
C003598,2,0.00295880275103,0.0030310623356,0.00282587504501,0.00272513995378,0.963839620372,0.0030310623356,0.00340817878927,0.0181802584178
C003599,1,0.0146804170635,0.783628469262,0.0145894859411,0.0144645551939,0.0147633566628,0.0426163412808,0.0200612740916,0.095196100504
C003600,4,0.00441705243947,0.00497742401896,0.00497619403545,0.832678330238,0.00496673700409,0.00208258906701,0.00628450865962,0.139617164537
C003601,2,0.0222466266783,0.287580248931,0.0290355820752,0.107128510655,0.029138352673,0.0283710139437,0.0424428567765,0.454056808267
C003604,0,0.517660840217,0.0202807775206,0.198879578574,0.0201930354662,0.0411159538262,0.0201930354662,0.0223565441637,0.159320234766
C003605,3,0.0138396476861,0.0128134068208,0.0137817024014,0.511433218517,0.141554988519,0.0319136766884,0.0166909331574,0.25797242621
C003607,0,0.0286316036769,0.0229197211576,0.0228233890188,0.0229546836853,0.335010854448,0.0979245812243,0.027791089053,0.441944077736
C003609,0,0.0398771160094,0.0505662592096,0.0398576018314,0.0400868881365,0.0393705382683,0.0400868881365,0.0454644146977,0.704690293711
C003611,3,0.0219395430367,0.0506198350042,0.035004510329,0.0709579545491,0.141313452514,0.0588531037761,0.0610609115654,0.560250689225
C003612,1,0.00696061617145,0.00702667452589,0.00560073539753,0.483928690615,0.00703553400396,0.00703553400396,0.435654644157,0.0467575711251
C003613,3,0.0219899903227,0.021816846256,0.0206628700143,0.016605138762,0.0219899903227,0.0218792363161,0.0244073436743,0.850648584332
C003614,0,0.02491278924,0.0479138302268,0.0413526997355,0.0761255664497,0.0289292228927,0.0305304594516,0.0548478056959,0.695387626308
C003617,1,0.378835512087,0.0612413377443,0.0177894909,0.0174422736511,0.407528746595,0.0178025873225,0.0226512609556,0.0767087907442
C003619,4,0.00140701795261,0.00160324629948,0.00158166837346,0.936137404818,0.0396383836096,0.00158902340365,0.00220301908759,0.0158402364557
C003620,0,0.00577689361222,0.0060869186046,0.00608954734385,0.00606058437048,0.00224067186337,0.782570241532,0.00770597323309,0.18346916944
C003621,3,0.00644473018476,0.00641675702965,0.00624322578678,0.886071634012,0.00644473018476,0.00634975137535,0.00677797437532,0.0752511970512
C003622,2,0.0180575213836,0.021729930361,0.0217251710345,0.00864358581568,0.0151065979918,0.0291735793563,0.462850683873,0.422712930184
C003623,1,0.000550226280804,0.000555448094762,0.000121251276985,0.000551424074724,0.000556148423231,0.00452510001324,0.000493352180786,0.992647049655
C003624,1,0.0270005188751,0.062328280128,0.027444780592,0.0240524122559,0.0165273348827,0.0213926372776,0.0315694774629,0.789684558526
C003626,1,0.0116666589385,0.0117972987487,0.352609626635,0.100914504704,0.0117922283965,0.385787280315,0.0158042757025,0.10962812656
C003628,2,0.0110881863949,0.0132204626127,0.102556368532,0.00733549885527,0.0506891736142,0.0781315101559,0.0166210323743,0.72035776746
C003629,0,0.0345499406921,0.0350953662265,0.0263825691172,0.0225399762692,0.034731689406,0.034731689406,0.040297612916,0.771671155967
C003631,1,0.0125451002876,0.835600959967,0.0125953371208,0.0474624368289,0.0126801245008,0.0126801245008,0.0113675319661,0.055068384828
C003632,0,0.222350605174,0.578653046581,0.00893299691506,0.0612225014656,0.0413846998206,0.012147000928,0.0122812919184,0.063027857197
C003634,4,0.00186242604515,0.00208839258911,0.00972108114792,0.133096149514,0.00225214075839,0.831507540609,0.00255482368138,0.0169174456546
C003635,1,0.287028901349,0.0578364281846,0.0809178813896,0.0198621823075,0.0202724852286,0.0202724852286,0.0228295182562,0.490980118056
C003636,3,0.294976774978,0.0050130316325,0.0050204100839,0.00639206496653,0.00503488539926,0.00216566279927,0.00596391159576,0.675433258545
C003637,2,0.0175540819616,0.109171909326,0.00413621238924,0.0036824551311,0.129695059468,0.714027718385,0.00269503363042,0.0190375297086
C003638,3,0.356970576059,0.00410234252247,0.00406862850486,0.00376442035287,0.00225453358814,0.603979882056,0.00444493182959,0.0204146850869
C003639,4,0.00464457855465,0.00344807441486,0.00239641661188,0.00584568338728,0.0157937364977,0.00396027104071,0.00522691653693,0.958684322956
C003640,4,0.00417243735918,0.0739369031697,0.00463265678541,0.00455004985027,0.681902415162,0.133328743222,0.0803909745616,0.0170858198895
C003642,1,0.00373463413667,0.00536954317908,0.00540130297946,0.00535505125957,0.054433482974,0.00546567320133,0.00683205066213,0.913408261608
C003643,1,0.0290859267576,0.0611710633617,0.0362959364723,0.0371825969488,0.0341643613389,0.0351119003635,0.0798952833354,0.687092931422
C003645,2,0.00921185251581,0.174781930397,0.024817854632,0.0226333263971,0.317258017368,0.02566746464,0.263983789612,0.161645764437
C003647,4,0.00237431234906,0.0941716497064,0.214392794517,0.00950144820239,0.0145906102336,0.0337419464021,0.0117849744883,0.619442264101
C003648,4,0.175657158778,0.00707829571536,0.00698302966589,0.00691559526135,0.00453914507895,0.00701550195582,0.743292674542,0.0485185990029
C003649,1,0.00229467017814,0.00231644729273,0.0653786390216,0.00227242533702,0.915987557002,0.00231936795084,0.00303097045806,0.00639992275997
C003651,4,0.00638854465983,0.0269365255627,0.269619635804,0.0113187964306,0.011463866387,0.576206052305,0.0211213457509,0.0769452331006
C003652,3,0.00143014890123,0.00142394138347,0.00137410485918,0.00128881003224,0.00143014890123,0.970971830038,0.00156462991382,0.0205163859708
C003653,2,0.0209064430354,0.15352399461,0.0207671279906,0.358225061963,0.0214620667853,0.0214780661453,0.0209136175526,0.382723621918
C003654,4,0.018635542951,0.0212770662761,0.274326168019,0.149448068752,0.0221143294989,0.130407855668,0.236540360332,0.147250608503
C003655,4,0.014748316513,0.0118291091414,0.0212938695027,0.0335548281855,0.0101723531402,0.0211367844963,0.017817196817,0.869447542204
C003658,3,0.000389838201648,0.000393374250338,0.000382376212751,0.000125961966699,0.000110455555683,0.000354846298196,0.000469649089941,0.997773498425
C003659,1,0.0707218114647,0.00439852836132,0.564213017566,0.00431493836499,0.00440407418038,0.294610313523,0.0428923737645,0.0144449427757
C003660,4,0.102199451426,0.0276587386429,0.0283996082458,0.475520947656,0.0485250484812,0.0274479155592,0.0469380498664,0.243310240122
C003661,4,0.00274211110054,0.00304540863501,0.00304465607658,0.347864875003,0.00242743535051,0.00301839186922,0.622519025274,0.0153380966915
C003662,0,0.21388045368,0.0175690418227,0.017679931147,0.0175958422408,0.0175958422408,0.0175958422408,0.0169376230801,0.681145423548
C003663,4,0.1501495161,0.180086424087,0.0258072244367,0.0250535829401,0.316834183765,0.0254475500093,0.0597311639118,0.216890354751
C003664,2,0.00525643327964,0.00540015446327,0.00503459185174,0.00470499271366,0.214460796421,0.73646561882,0.00681129329596,0.0218661191556
C003665,1,0.00599290204627,0.0115981593323,0.00548095777962,0.0115141348735,0.191245141169,0.0052967022529,0.693252007483,0.0756199950637
C003666,1,0.0255898527275,0.362611022285,0.00145422715879,0.00142831312537,0.00145781849586,0.00145781849586,0.598996481857,0.00700446585394
C003667,3,0.503330420384,0.364617238614,0.0108146287031,0.009865242371,0.0108458104509,0.010791184826,0.0135162837491,0.0762191909019
C003669,2,0.776002032538,0.00301742050343,0.00324142695916,0.00266073272485,0.00301517277793,0.164619503906,0.0382082603999,0.00923545019141
C003672,0,0.0242164130558,0.0471175734733,0.0866486959425,0.0471894482336,0.0261844158127,0.0471894482336,0.050025231205,0.671428774043
C003673,4,0.00273306343868,0.00518760470557,0.0047990751265,0.00250626004266,0.00679317806651,0.00271926171995,0.00500702215278,0.970254534747
C003676,0,0.00203018614969,0.00243546927735,0.00583738446771,0.10961525158,0.00598097433917,0.00315159655974,0.00631744810333,0.864631689523
C003677,4,0.00443891701307,0.199962117434,0.0109474762787,0.0542771671723,0.0016276232596,0.00361088495472,0.710953785841,0.0141820280469
C003679,0,0.00297888879354,0.00192745533298,0.0511682044914,0.0036556155916,0.00139927433903,0.0036556155916,0.862088799046,0.0731261468136
C003681,4,0.0532176226811,0.228158603513,0.012518071714,0.0149814040618,0.0137714802556,0.00631409239302,0.00899259882265,0.662046126559
C003684,0,0.00696742538066,0.00699340928394,0.363132802527,0.0477539822313,0.00700407726998,0.00700407726998,0.527681507198,0.033462718839
C003686,4,0.0496226726263,0.0351898663129,0.0265574029437,0.00920516822495,0.0130531695321,0.0137671789399,0.0397458938244,0.812858647596
C003687,1,0.0141986178456,0.0195885150698,0.0146302815127,0.474023216475,0.011969187971,0.347125977393,0.0228147886468,0.095649415086
C003688,2,0.00369504989384,0.00425696667639,0.00872583267255,0.00376302903669,0.00282698743269,0.0171734023894,0.00744987189894,0.952108859999
C003689,4,0.00108055168238,0.00122532772276,0.000656358328802,0.00120318097217,0.0133678220633,0.000980239145586,0.00142835236357,0.980058167721
C003690,4,0.0493310345272,0.541133683772,0.007767950123,0.00754072238795,0.00770155838091,0.0675885406659,0.297435417558,0.0215010925851
C003692,1,0.0193557087676,0.0253181306757,0.0291088251394,0.04913452197,0.0315153511726,0.0291302547281,0.0335934618624,0.782843745684
C003693,3,0.00849395166789,0.00845708392933,0.00833136684995,0.00745881606422,0.11574029573,0.00313927511326,0.00903512623637,0.839344084409
C003696,2,0.00281646579749,0.387858187202,0.0027255916346,0.578411081582,0.00288630480062,0.00288845645871,0.00317103807567,0.0192428744493
C003697,3,0.0136995618123,0.0136400992815,0.0136453867961,0.0120718152708,0.0328888180746,0.16888453183,0.552538578307,0.192631208628
C003698,1,0.0101264585133,0.0101708459626,0.0100463333397,0.00997755836574,0.0101836697225,0.624626869222,0.270336579008,0.054531685866
C003699,2,0.0444388723199,0.0188733291964,0.896994868506,0.00446408127059,0.00549839632084,0.00550249521883,0.00636078989091,0.0178671672762
C003700,0,0.000517073893993,0.00121469067035,0.0009987471188,0.00121654360111,0.00121654360111,0.984062361836,0.00140260556508,0.00937143371318
C003701,2,0.00621013489112,0.256967509302,0.0226158987251,0.0207646674909,0.00938844152676,0.0897241958044,0.267727949417,0.326601202843
C003702,3,0.0275355405758,0.0573302401409,0.0428348895843,0.0227704994836,0.0198520808468,0.0409664629623,0.0489824729716,0.739727813435
C003704,1,0.0678204685458,0.027194291642,0.0196294245249,0.026632444258,0.0158262971603,0.124627173919,0.517564529962,0.200705369988
C003707,4,0.00995068791675,0.0200538581843,0.0168216442119,0.129161258369,0.0920315184025,0.0487811401637,0.0206907346308,0.662509158121
C003708,0,0.000756821419412,0.00266947205312,0.00156455404257,0.00387035043625,0.00114843650871,0.00394727815563,0.00129124934622,0.984751838038
C003710,1,0.9730190094,0.00100313612216,0.00105462876183,0.000745654501976,0.00137401976078,0.00102109509829,0.00151289270457,0.02026956365
C003711,1,0.0129325397765,0.0104466346203,0.478000824771,0.0147200852829,0.351587377739,0.0237185049355,0.0242170718704,0.0843769610043
C003712,3,0.0222476322258,0.0380093569244,0.0939307902928,0.0330614906328,0.0494595718686,0.0285477043622,0.0541862818391,0.680557171854
C003714,0,0.00197906880828,0.00371396645581,0.00750328237044,0.00369789847979,0.721900744371,0.00369789847979,0.00420471347676,0.253302427558
C003715,2,0.0473068899835,0.00809970597219,0.493926075691,0.0105351085849,0.0120826615294,0.0445141874295,0.0129490508116,0.370586319998
C003716,1,0.0027754522102,0.00106772347996,0.000742588001466,0.00117780297072,0.000459943235611,0.00106906970323,0.000416144176375,0.992291276222
C003717,3,0.0392656848725,0.0200615666016,0.033334200409,0.573140524326,0.0102486634402,0.0079646064559,0.0413515207315,0.274633233164
C003718,0,0.0183913480155,0.023655208547,0.0235557851369,0.0236912930123,0.40578123774,0.0236912930123,0.0376009688025,0.443632865734
C003719,4,0.529019165347,0.0122352202124,0.324339606823,0.0119539836035,0.015339819065,0.0121266777741,0.0154074964779,0.0795780306974
C003722,1,0.140595483951,0.031314887368,0.0314039541217,0.0307197766616,0.0189515265367,0.0393170074632,0.0363353687353,0.671361995162
C003723,4,0.674213581449,0.0126840240914,0.0159204144792,0.0154554948585,0.0108189399918,0.179174678988,0.0203722078844,0.0713606582572
C003726,0,0.00914059642857,0.108221170101,0.00419940619448,0.00185701132873,0.00412814670505,0.0239254983765,0.00435261285273,0.844175558013
C003727,2,0.0602006601408,0.00486455974919,0.0188251347325,0.428701067709,0.00486093605969,0.455832744343,0.00555134423077,0.0211635530346
C003728,1,0.385764101846,0.0132042958516,0.0131103664111,0.0129314886324,0.342380961059,0.133204716829,0.0154629522718,0.0839411171001
C003730,0,0.00239010088581,0.00197439428255,0.00241415608206,0.00136166414031,0.788816264835,0.153617206894,0.00253468800529,0.0468915248746
C003731,1,0.00439088782501,0.617015317892,0.00437829480524,0.00434832196828,0.317082153205,0.00443814740527,0.00650371472912,0.0418431621699
C003733,1,0.000154900449697,0.000675361382516,0.000196764012177,0.00153307745543,0.00150483563925,0.000370304964251,0.000751285796014,0.994813470301
C003734,3,0.253749007385,0.00623690522474,0.0890250580851,0.00568174112093,0.480678893543,0.00623254481971,0.136218412174,0.0221774376471
C003736,4,0.360438500571,0.00377792402429,0.00372688836113,0.548210951121,0.062358929321,0.003744408887,0.0046965510044,0.0130458467094
C003737,2,0.0190090752576,0.0194733129905,0.0396214363266,0.247646093502,0.0194588070036,0.142837981572,0.257065361384,0.254887931964
C003738,2,0.0182249112991,0.0159540353718,0.0178344871834,0.197569442348,0.226599418791,0.0189001679631,0.409810183977,0.0951073530662
C003739,4,0.00182860536952,0.00321532328283,0.014345118483,0.0022207253602,0.00320841967012,0.00791979499265,0.00374556238396,0.963516450458
C003740,1,0.344451226786,0.0282815023572,0.0183523485194,0.0179214757155,0.0182916885009,0.0195558031619,0.443888027594,0.109257927365
C003741,3,0.485036363252,0.00797522177157,0.312111001373,0.00879784393753,0.0097218787262,0.031247792716,0.0112116616509,0.133898236572
C003742,2,0.0013170004529,0.0236082936043,0.0266044107613,0.0154777747306,0.0101197772714,0.00379670616858,0.00574488569138,0.91333115132
C003743,3,0.00386201759765,0.540988365956,0.00557487093461,0.397685583317,0.00563827454247,0.00560987700854,0.00714013675052,0.0335008738927
C003744,2,0.0961828720858,0.0399986653907,0.10454965669,0.035291944487,0.0269499488908,0.0228505315253,0.0401945933624,0.633981787568
C003745,0,0.000367556717907,0.000578679993326,0.00180756634746,0.00790727981996,0.0005598222431,0.00045931607646,0.00198023383252,0.986339544969
C003746,0,0.0142933554758,0.00377529351465,0.85798978609,0.00378105247668,0.00378105247668,0.0296037797901,0.0723829098822,0.0143927702936
C003748,1,0.0220620828371,0.0217958905014,0.284585720636,0.305225573467,0.0130427554297,0.0218233715258,0.155237382103,0.1762272235
C003750,1,0.341307322135,0.011497540034,0.0113764571999,0.0112790398334,0.0115120365363,0.0115120365363,0.0294692844965,0.572046283229
C003751,4,0.181893284986,0.025566200915,0.672179992557,0.00279269211841,0.00283799018127,0.101395455135,0.00368294973864,0.00965143436773
C003753,2,0.00689636885049,0.392831411459,0.336163046494,0.0163303561129,0.0181120931312,0.0181255951812,0.0211421372262,0.190398991544
C003754,1,0.00362925649776,0.0036636992405,0.00361884782857,0.00359407399749,0.111658978007,0.845926796072,0.00553382051998,0.0223745278365
C003756,4,0.3286156306,0.0174942387032,0.017372721813,0.0170921192251,0.0118601256935,0.0173390418787,0.0997064842589,0.490519637828
C003757,2,0.0869021944865,0.0418405830119,0.103070454917,0.189701293265,0.0681423626499,0.0401984967542,0.0434203872375,0.426724227678
C003758,2,0.012345080721,0.00606425877839,0.0059346603091,0.00538392171263,0.350694089591,0.334271237298,0.194709922998,0.0905968285923
C003760,2,0.0044753098267,0.0204733061326,0.636141474244,0.235885436436,0.00621499338836,0.0622611685326,0.00526212241771,0.0292861890215
C003764,4,0.0922350756065,0.0197888334445,0.0319723374852,0.0312435638246,0.0319099574873,0.0317348682141,0.0403031539832,0.720812209955
C003765,2,0.00524329381551,0.00529901467322,0.0742738674605,0.413593675702,0.0542461025375,0.00423621158025,0.413593337967,0.0295144962644
C003766,3,0.0200419191535,0.0237797265717,0.0230020568928,0.247436367867,0.0238833917061,0.0237631014611,0.0265111593385,0.611582277009
C003770,1,0.624588289171,0.00533520691715,0.319894388214,0.00523381620418,0.00534193373345,0.00534193373345,0.00709704726258,0.0271673847642
C003772,4,0.00273962369372,0.00127673685288,0.00288231987727,0.00293690281314,0.00298454000428,0.00701951548346,0.00392624778321,0.976234113492
C003773,4,0.0256660678822,0.0282027188392,0.239515399343,0.0286218214923,0.0281421648509,0.498425361168,0.0449992506525,0.106427215772
C003774,2,0.0385200492371,0.042755383281,0.0427879336665,0.181495148428,0.0450740849794,0.0442527281542,0.373754484589,0.231360187666
C003775,4,0.00643917535777,0.00230337971817,0.00231156678041,0.00225043463916,0.00235550389948,0.00308674360847,0.00317037380094,0.978082822196
C003776,4,0.00423766401971,0.00467516797493,0.585546074001,0.00459066831238,0.00304412266677,0.371988063654,0.00590385900715,0.0200143803638
C003778,4,0.116457551546,0.00936848447312,0.0512666764271,0.0100714635857,0.0404609724448,0.0102298371405,0.0134732366263,0.748671777756
C003779,2,0.0263927802851,0.0242414791793,0.0111345134974,0.0104049907335,0.450116129392,0.011799844488,0.189789521115,0.27612074131
C003781,3,0.689699910797,0.0119091306373,0.0118135312687,0.010846288844,0.0119610471985,0.0119008046117,0.0134222887693,0.238446997873
C003783,4,0.0238431418189,0.0142447650788,0.0131969442461,0.0134267525749,0.0104093436388,0.013130392603,0.0174344991262,0.894314160913
C003784,0,0.00881075169797,0.662348094338,0.00889942760384,0.0237127255822,0.00885710033875,0.238665668191,0.0103975985839,0.0383086336646
C003785,4,0.0253110373943,0.00455159291661,0.378911841113,0.00642707731212,0.00667010172503,0.54190848665,0.0100144077381,0.0262054551506
C003786,1,0.00469338599049,0.00473792764422,0.261513495356,0.00185364030893,0.668822857953,0.0057514422886,0.00605185294715,0.0465753975111
C003788,0,0.00477599171297,0.00479380301341,0.069368723952,0.00480111564471,0.286401459216,0.277154115007,0.336514395804,0.0161903956495
C003789,3,0.0109433467874,0.0168383827628,0.0168409798204,0.0150053462998,0.016911787863,0.0394475341442,0.122606983835,0.761405638488
C003790,0,0.00135360301824,0.00136663616542,0.00135294062204,0.95792281441,0.00136072359799,0.0246432391343,0.00169163192127,0.0103084111304
C003791,1,0.0185988922862,0.0960610069247,0.0184517293397,0.0185450842267,0.0384548952096,0.0187039700008,0.0235538233783,0.767630598634
C003792,4,0.00630578518204,0.00760698911644,0.154942677658,0.00699919374933,0.127034237528,0.00710925592505,0.664327533126,0.0256743277152
C003793,2,0.00497871328058,0.00352969019185,0.323443734042,0.00449382704044,0.00328146651812,0.00312309958506,0.633016959494,0.0241325098476
C003795,4,0.00567764999544,0.00645556719576,0.00435443846382,0.00306803035806,0.0033792609393,0.729496867172,0.00786383407334,0.239704351803
C003797,4,0.0411910648819,0.0115940521806,0.171701818642,0.0113084146282,0.365621137677,0.0101032548257,0.0123774072333,0.376102849931
C003798,3,0.00385884805833,0.00274819499926,0.0249729766646,0.00347226505515,0.00130185726404,0.00105773822361,0.00423040652981,0.958357713205
C003799,0,0.0749932049262,0.636753306381,0.00866431424965,0.00943851353231,0.00871415690224,0.00871415690224,0.163109684636,0.0896126624705
C003801,0,0.0144577035532,0.014511621256,0.0146032132671,0.41976694997,0.0125045828554,0.01453375778,0.0096596031901,0.499962568128
C003802,3,0.00783744684219,0.00780342864284,0.444162563503,0.00711149403017,0.00783744684219,0.00779797303493,0.467089350662,0.0503602964421
C003803,3,0.0337317222566,0.00909443748974,0.00267666975989,0.0100369408564,0.0365898315033,0.0378563486658,0.0413748044852,0.828639244983
C003804,0,0.00773480043936,0.00987147616842,0.823083652577,0.00680410787711,0.0497589519178,0.00982876855536,0.0113171846061,0.0816010578584
C003805,4,0.271853439463,0.017237971145,0.0171182343172,0.0168417421876,0.217745832081,0.351598662757,0.0210339786005,0.0865701394481
C003806,0,0.00124034377172,0.00594895804608,0.0025050332041,0.000554180622822,0.00251944375018,0.00372914181297,0.00591407609176,0.9775888227
C003807,2,0.00540963691098,0.00555754698203,0.0343468087821,0.279953521052,0.178695820655,0.00555754698203,0.467881481879,0.0225976367569
C003808,3,0.0325242192737,0.0322681311395,0.0312835426245,0.0296563796621,0.0325242192737,0.0323604089425,0.0357370598067,0.773646039277
C003809,3,0.0241946472527,0.024089631123,0.0233018266189,0.021935553262,0.0241946472527,0.0735236731703,0.599632860552,0.209127160768
C003811,0,0.00168446809376,0.893767755977,0.00168364378614,0.00169332917727,0.00169332917727,0.0726225856482,0.0148814197028,0.0119734684373
C003812,4,0.00494177270881,0.00704503337125,0.00728218166407,0.00673989011743,0.0231357829423,0.00699133404391,0.868035012732,0.0758289924205
C003813,2,0.00256684411343,0.00318776632491,0.00260031401919,0.00118164601942,0.00187713605742,0.925992667918,0.00369595096411,0.0588976745834
C003814,1,0.0237429418075,0.146001668704,0.0231129469392,0.0233938239462,0.56432726854,0.0238770817349,0.0348417055054,0.160702562823
C003816,4,0.0068243591046,0.00766210398997,0.128339594314,0.00752361801363,0.00764565270535,0.771140841939,0.0107328558743,0.0601309740593
C003817,1,0.953928726635,0.00245952214778,0.00243362044086,0.00241278118571,0.0024626231997,0.00824894787612,0.00294947009657,0.0251043084183
C003818,0,0.0209238721451,0.0584936991136,0.0123422380108,0.00838621055432,0.0124132384228,0.00840270647623,0.802467484716,0.0765705505609
C003821,0,0.00563655685069,0.00565757749176,0.708761943771,0.10254162463,0.00614305864272,0.110857533481,0.00570439758041,0.0546973075534
C003822,0,0.003713290489,0.00372713861448,0.00371147336131,0.553645298347,0.00373282411937,0.394071622415,0.00414532888357,0.0332530237698
C003823,1,0.021515159232,0.0217193446057,0.284778074285,0.0213065883867,0.0217467291183,0.0217467291183,0.027676281052,0.579511094202
C003824,4,0.00447282247097,0.00537496424297,0.0053026231555,0.0052778163614,0.909786691147,0.00532728126592,0.00637501376611,0.05808278759
C003826,3,0.0157626959265,0.0217355204055,0.0213502301798,0.0841095402816,0.0218302740452,0.0217203244599,0.0239570026837,0.789534412018
C003828,2,0.00297640456007,0.923187671047,0.0043442293875,0.00387000970855,0.00626020697416,0.00538542680625,0.00474648033095,0.0492295711856
C003831,1,0.00249823264657,0.0025219416306,0.0015803445497,0.00195550283135,0.0025251213832,0.0184291896885,0.000775774271056,0.969713892999
C003834,3,0.0153615503402,0.00818578605448,0.120782828836,0.0286558086707,0.765015730705,0.010614399594,0.00861785252776,0.0427660432713
C003838,3,0.00200063393394,0.0359879134104,0.00137519110617,0.0103528183334,0.925362574068,0.0019905576119,0.00235447494754,0.0205758365882
C003839,1,0.00620669082878,0.73143425209,0.0180106377869,0.0168464099471,0.0180238970153,0.0180238970153,0.0140752608578,0.177378954459
C003842,0,0.00288426185173,0.00880165034287,0.0300051205036,0.00985734871497,0.0448505316888,0.00411704568246,0.0107037771806,0.888780264035
C003843,1,0.729355130686,0.00577321512568,0.00570253878662,0.00566350046853,0.140937351088,0.00578049419811,0.00809577236239,0.0986919972846
C003845,2,0.0198333261953,0.0265087935456,0.0260665964018,0.0175609353778,0.0180698054275,0.0265087935456,0.499623729539,0.365828019967
C003846,1,0.00682872960224,0.0142300710713,0.0142375313348,0.445282244242,0.123402597537,0.0142480128447,0.308839555263,0.0729312581048
C003847,3,0.194434271977,0.0071155493398,0.00712435974669,0.00645092957043,0.649341178587,0.00711057464867,0.00560696320151,0.122816172929
C003848,3,0.0200525088904,0.486387646243,0.127069587712,0.0552884030892,0.0202069332741,0.0372037240845,0.0444528634598,0.209338333247
C003850,1,0.00230418736914,0.217272150734,0.759111251725,0.0022818502671,0.00232898757636,0.00232898757636,0.00316519601682,0.0112073887349
C003852,1,0.0144709274293,0.0138819643577,0.0143812938945,0.0142581459098,0.01455268348,0.771555645117,0.0226087387619,0.134290601049
C003854,2,0.0171882281956,0.0176385811494,0.0167237949713,0.0158583350971,0.017625441884,0.0176385811494,0.775815647694,0.121511389859
C003856,1,0.00193568015925,0.956344049573,0.00192036417208,0.00193008008417,0.00194661612491,0.00194661612491,0.00239562770352,0.0315809660583
C003858,3,0.00630029525322,0.00627294901353,0.00618639724373,0.208227689997,0.232742872856,0.480739203685,0.00722339658141,0.0523071953709
C003859,3,0.0979503149812,0.0492520570964,0.0807984009948,0.0216280509531,0.508869041576,0.080295419417,0.0278516714793,0.133355043502
C003860,1,0.00838858926079,0.00513550459517,0.00166298168506,0.00503790904162,0.00547763306272,0.0356563536169,0.0155029049214,0.923138123816
C003862,2,0.00383237623085,0.00772869404388,0.0048758046352,0.00336798025007,0.00267624461319,0.0598296953707,0.89190949553,0.0257797093256
C003867,2,0.00703719463459,0.0140782915279,0.592596240178,0.00627511658617,0.0254003592609,0.0313973460262,0.272230867491,0.0509845842952
C003869,0,0.00698541380744,0.00712841795376,0.00982907244434,0.00988561552773,0.00988561552773,0.888512327898,0.0102698592068,0.0575036776338
C003870,4,0.000691664424788,0.0197105083874,0.00231859422033,0.00151772841158,0.00190023045146,0.000860037774785,0.00296387200801,0.970037364322
C003871,2,0.00439189798896,0.00874911115659,0.896945428373,0.00510561420471,0.00415097156391,0.0101296586266,0.00624708401892,0.0642802340672
C003872,2,0.00643725509949,0.00661326226499,0.00557172892712,0.00576193717828,0.0127247663008,0.095116825392,0.00871800273723,0.8590562221
C003873,2,0.00169059338855,0.0017457604392,0.00164732621631,0.968917164729,0.00174445999392,0.0017457604392,0.00191542582167,0.0205935089718
C003877,4,0.0153524788318,0.017340441245,0.0174128759268,0.0175981265049,0.0173032096263,0.772052525155,0.0218600282562,0.121080314454
C003880,3,0.0042128082907,0.00306146204544,0.00174581841209,0.00455290387582,0.0118836496838,0.00336337521771,0.00346233850713,0.967717643967
C003881,2,0.00892581495318,0.513276347019,0.00967898631023,0.0085760693368,0.00983584955143,0.00984318189737,0.407385738467,0.032478012465
C003884,1,0.00188234158955,0.00304742016015,0.00255187154199,0.00298445896714,0.956900578368,0.00214896269215,0.00435217906317,0.0261321876179
C003886,1,0.00944225725619,0.0685506840629,0.00963283043224,0.808423682636,0.0193752122888,0.00963992201335,0.0148101038061,0.060125307504
C003887,3,0.00940518006238,0.854914062973,0.00952112087073,0.00857522855763,0.0073403575233,0.0093578102655,0.0111695901519,0.0897166495956
C003888,2,0.869463386233,0.00893198120999,0.00878298549758,0.00787613614879,0.00735145700076,0.0075396721773,0.0384855997786,0.0515687819535
C003889,0,0.785633947189,0.00868530738776,0.108787690807,0.00869855625312,0.0183323071322,0.00869855625312,0.00978665628771,0.0513769786899
C003891,3,0.0224722401723,0.0222952989825,0.0215054123281,0.0205928095416,0.0306391777616,0.0223590572832,0.0354338262397,0.824702177691
C003892,2,0.165513067592,0.319075139014,0.0787009300305,0.0366826581385,0.0480802234994,0.0481160659377,0.0540860544071,0.249745861381
C003894,0,0.0697570717981,0.410467582295,0.0271416485757,0.0321038693222,0.0272977846209,0.164691738304,0.025684893842,0.242855411242
C003896,0,0.00673681085985,0.0118344702092,0.0158937686242,0.110589734219,0.0139202732697,0.756359988532,0.0120185188237,0.0726464354623
C003898,4,0.0574990526924,0.00674747331496,0.252157132483,0.055237981416,0.425639939708,0.0535277505853,0.0885347941482,0.0606558756521
C003901,4,0.302501572791,0.569743693315,0.0115445545264,0.0114336496645,0.0265616189484,0.0115988267896,0.0161450262454,0.0504710577194
C003902,3,0.746719552899,0.00466955193483,0.0237715874294,0.00416769324568,0.00265499467294,0.128214441099,0.00523353956735,0.0845686391525
C003907,2,0.0424913055878,0.0175376579469,0.0251338823717,0.70540523829,0.024657922876,0.0225543718708,0.0296746128399,0.132545008217
C003908,2,0.31194498725,0.0573397307222,0.0541066457539,0.0465187533652,0.0572970174263,0.0538191621702,0.0643923095834,0.354581393729
C003909,4,0.0158909280051,0.133102358103,0.726360544074,0.0126141056956,0.0128831518308,0.0125037584259,0.0160148953887,0.0706302584772
C003910,2,0.00861737626289,0.00880576891884,0.00834907710072,0.557105467442,0.00393352704478,0.208278993948,0.00974889756183,0.19516089172
C003912,4,0.449583430767,0.0326570233435,0.0152444943956,0.0141221814209,0.157309576183,0.0429792139689,0.0462536026979,0.241850477224
C003915,4,0.0053883623966,0.00618744467262,0.00610416849514,0.0060452211632,0.00540064896978,0.874185509537,0.00890601127999,0.0877826334858
C003918,2,0.0125674193963,0.00289471938524,0.00273150142774,0.00076503112183,0.0234989605686,0.00158555628705,0.00181836263623,0.954138449177
C003919,3,0.0038511001324,0.00438665658139,0.00355701630687,0.003424306936,0.0038511001324,0.910768617893,0.00512695588467,0.0650342461331
C003920,2,0.172849663777,0.0341498550203,0.0323787479743,0.0316115520819,0.0266925074858,0.0341498550203,0.0436721946491,0.624495623992
C003921,1,0.0231892798383,0.48370108697,0.00666506354128,0.0123844001498,0.0362218258392,0.0127387333947,0.0143062349739,0.410793375293
C003922,1,0.00347596321607,0.0101125878011,0.10526438244,0.0133184036284,0.00541389304359,0.00927851641647,0.0055323774355,0.847603876019
C003923,2,0.0547817989631,0.0207189513571,0.0159930753362,0.267223954277,0.00960435475608,0.0719290466333,0.0189732462619,0.540775572415
C003924,3,0.00371972362978,0.00548380089686,0.00349036663198,0.00207250092178,0.00103272204224,0.00102923601929,0.125837721533,0.857333928325
C003925,1,0.00428692530283,0.00431299872211,0.363514440418,0.00422389005618,0.0437209763296,0.56146971551,0.00508149046774,0.0133895631937
C003926,4,0.0164220504787,0.0247145284849,0.288686506199,0.0241464447022,0.0246614639816,0.0245281812148,0.476985318286,0.119855506653
C003928,1,0.00656901733362,0.0014459094788,0.868943179301,0.00141603628082,0.0332701974808,0.0824045603223,0.00172156246394,0.00422953733912
C003929,1,0.00149084950993,0.00150499812306,0.00148657376933,0.00709172241787,0.00150689567756,0.00150689567756,0.972956215117,0.012455849708
C003930,2,0.0140211377992,0.0145406391883,0.0142298931185,0.505599758474,0.0136841149976,0.0394758502754,0.0428439379574,0.35560466819
C003931,1,0.0087032423124,0.00874139135794,0.00873085123508,0.00867806314724,0.826682837114,0.00738038603603,0.0312484072294,0.0998348215682
C003933,4,0.0169127882918,0.0188861925566,0.0203740134059,0.0184520778732,0.0115342598348,0.73998442552,0.0230966904822,0.150759552035
C003934,4,0.00197519606744,0.00251361420358,0.00159765157309,0.0013799259618,0.00106725476674,0.00217916691966,0.00217004261927,0.987117147888
C003935,4,0.318782015265,0.00965599971635,0.00941643633239,0.00920226578606,0.519228398411,0.048377548499,0.012550502711,0.0727868332789
C003936,4,0.010699845351,0.16148972209,0.4203444942,0.285875833424,0.00562368232799,0.00639385063949,0.0158074740185,0.0937650979491
C003937,0,0.00226751283855,0.00324826993184,0.00290858763359,0.00214563544218,0.00437368070578,0.0519899857074,0.911986868144,0.021079459597
C003938,2,0.0102383156261,0.00674887558727,0.155506359094,0.0092748939805,0.0099798378804,0.346821228466,0.414565722406,0.0468647669595
C003939,3,0.00801108662639,0.00794800919447,0.00566112349632,0.00728921614157,0.00801108662639,0.00770411226527,0.817339240439,0.138036125211
C003940,1,0.138887509842,0.0333478462885,0.0455070228729,0.0197554109081,0.0117158556285,0.0288496873046,0.057507709601,0.664428957554
C003941,4,0.00177419844268,0.972856048068,0.00197522829036,0.00195869988477,0.00190841343727,0.00198966540672,0.00297016634095,0.0145675801297
C003942,1,0.00490971625309,0.00631582912592,0.00631914026536,0.00619580258748,0.820185572339,0.00632379234514,0.0355023794559,0.114247767628
C003944,1,0.00519630328297,0.00440143821428,0.123834487445,0.00514592962054,0.0052522316332,0.807181716011,0.0334900136306,0.0154978801624
C003945,3,0.0117780332486,0.621243700795,0.0193951853002,0.0146635576372,0.105097082804,0.0942622679992,0.0230157933024,0.110544378913
C003946,3,0.536444449574,0.00240730082074,0.362008692546,0.00218068473707,0.00242640577519,0.00241418502577,0.0831901355543,0.0089281459673
C003947,3,0.0077183147914,0.0829327907348,0.00757057662968,0.509978914489,0.0294567727543,0.281124499095,0.00917426950013,0.0720438620055
C003948,0,0.01147183825,0.0260996969726,0.0266207703759,0.0397177544713,0.266659890034,0.020287847746,0.0269087179651,0.582233484185
C003949,4,0.0355160098879,0.0399150960046,0.0406374075545,0.0388442645977,0.0398293944002,0.22578135312,0.0612019527025,0.518274521732
C003955,1,0.00745116407919,0.0055161493775,0.536381772521,0.00420442229936,0.00409642329828,0.1767482408,0.00930350893585,0.256298318688
C003957,1,0.0116447690269,0.00277540435434,0.00511942072627,0.00454581079597,0.00307404361799,0.00247094030258,0.0216098269568,0.948759784219
C003959,2,0.001677380414,0.427086433981,0.548512770951,0.00305892257538,0.00159389956588,0.00346687671443,0.00357118714676,0.011032528651
C003961,1,0.726974149632,0.052299578674,0.0514034941713,0.0143605386136,0.0722003949926,0.0146571913605,0.0184969664225,0.0496076861339
C003963,3,0.00311881490268,0.00514333572379,0.00299925160471,0.00464262355938,0.00851579868901,0.917623776401,0.00634977734315,0.0516066217764
C003964,4,0.0221796029477,0.0246320978478,0.0173349967483,0.0241868937467,0.184906308285,0.433115420903,0.0498443580525,0.24380032147
C003965,0,0.00664340942355,0.308868365047,0.625138141395,0.00417895515524,0.0265890343039,0.00417895515524,0.00631453844801,0.0180886010724
C003966,2,0.800130313923,0.00607069530169,0.00572840081443,0.00492505238405,0.00606617314224,0.0113091488159,0.00640121265665,0.159369002962
C003967,1,0.0228818066492,0.168286932028,0.529044158235,0.00735627165291,0.00473171376618,0.193420978764,0.00837900472556,0.0658991341788
C003970,3,0.0132298052868,0.0131723817199,0.0113171754564,0.0120216442977,0.234949544865,0.624686289986,0.0290118493019,0.061611309086
C003974,4,0.0120888037344,0.0105088683016,0.0123508763873,0.0313812740404,0.141045492275,0.436103179655,0.11401044067,0.242511064936
C003975,3,0.00303703707829,0.00408811691795,0.050925083592,0.00309035846184,0.00357104351507,0.886639427427,0.00405342290522,0.0445955101031
C003976,0,0.00607061249378,0.00139925260027,0.00171936064449,0.00172925150173,0.00196125867223,0.00492678601275,0.00188742231667,0.980306055758
C003978,0,0.00371868867396,0.00373255693111,0.00321872530469,0.00206534811534,0.946950378945,0.00241042563454,0.0035584551135,0.0343454212818
C003980,2,0.0162405535338,0.0498267151255,0.0163280376678,0.0145367936731,0.11188721577,0.016684602084,0.654727479603,0.119768602544
C003981,2,0.629396122355,0.00610169155673,0.0059712931165,0.00533612438503,0.00569185491743,0.315811043622,0.00657873757012,0.0251131324765
C003982,0,0.0176282362196,0.0180059359543,0.0146793746675,0.373412619343,0.175872770987,0.311622251454,0.0197951515825,0.0689836597917
C003984,0,0.115748808602,0.0291940742911,0.00326491841784,0.0112698103613,0.0214125800067,0.00456985293835,0.0111689193298,0.803371036053
C003985,2,0.00484905648572,0.0557846077604,0.00589403999897,0.175006849238,0.00624157915958,0.00624623207923,0.68962991256,0.0563477227182
C003986,3,0.0059358374441,0.913328831867,0.00582099566486,0.00539000267269,0.0059358374441,0.0059059412154,0.00668453177441,0.0509980219179
C003987,0,0.00217584462868,0.0024930447936,0.0014061287666,0.00146507581943,0.00218424846744,0.000833337371563,0.00237550768526,0.987066812467
C003988,0,0.0156597397578,0.0157181402631,0.394757306409,0.181166979533,0.0157421172526,0.0648760286657,0.0201301625749,0.291949525544
C003990,2,0.0242370851709,0.0422077032091,0.0244419638533,0.0216568109526,0.706198904101,0.0248566005185,0.0266726128517,0.129728319343
C003991,1,0.0158391687704,0.0796845539401,0.0286220066037,0.0283769144404,0.0289631103934,0.0289631103934,0.0403394428076,0.749211692651
C003992,2,0.0174109528831,0.0178671415006,0.0136410459542,0.0160638270587,0.017853831977,0.0178671415006,0.782416332547,0.116879726579
C003993,3,0.00572270319476,0.0311994427905,0.123732092066,0.0092086479695,0.0101065301513,0.770756466556,0.0115959736875,0.0376781435852
C003994,2,0.00941375460709,0.00593501797033,0.00949808353838,0.032239523614,0.00981592174544,0.0334999997572,0.0110510873566,0.888546611411
C003995,2,0.00789384749502,0.808149401606,0.0129662849757,0.0116910022436,0.0134001810087,0.0418221423298,0.0087953275618,0.0952818127796
C003997,4,0.103571484433,0.263083848947,0.00979896678715,0.00962423711231,0.47075467355,0.0815241552252,0.0116468938372,0.0499957401093
C003998,0,0.0123292674811,0.0132924142078,0.0136841525492,0.561780480737,0.0122108866928,0.018960078928,0.012750305348,0.354992414056
C003999,3,0.707379215578,0.0144492882104,0.014108596807,0.0130942115225,0.0145639614539,0.0144906091213,0.0165670181994,0.205347099108
