client_id,fold,cloud,gym,insurance,mobile,music,software,streaming,none
C000000,2,0.0034596973116,0.0498765090992,0.00881337505528,0.0184424966993,0.00690754513597,0.0260877889606,0.00774212345798,0.87867046428
C000001,2,0.045208093699,0.00802714141534,0.0135208628391,0.558280883785,0.0071987137007,0.00661841172282,0.337265473459,0.0238804193793
C000002,4,0.00514551191014,0.00694244935036,0.0066591333118,0.0312830047976,0.00693314325228,0.884988624204,0.00716273577437,0.0508853973992
C000003,3,0.0013830242832,0.00134566126924,0.00135468723665,0.0010691793948,0.00134566126924,0.000983758477744,0.00164557454759,0.990872453522
C000005,0,0.0147820110816,0.051390899638,0.0152741980281,0.807581779348,0.0154127169025,0.0154127169025,0.0191152236049,0.061030454494
C000006,1,0.838057808538,0.0118149360427,0.0190374033519,0.0116129533134,0.00857933826609,0.0118149360427,0.0150194133815,0.0840632110634
C000007,1,0.884028189284,0.00559919602741,0.00552635771176,0.00557979591246,0.00558278570983,0.00895665220817,0.00672274118729,0.0780042819588
C000009,1,0.0389670756032,0.00340783583289,0.00336350428585,0.00334957703402,0.00288322682358,0.319353864864,0.61787389146,0.0108010240967
C000012,3,0.00300714734724,0.00300714734724,0.00301479608643,0.00300714734724,0.00237027706835,0.953249364407,0.00378076325551,0.0285633571413
C000014,1,0.45569836803,0.0158608070809,0.0156544784461,0.0158047963533,0.0987662790474,0.328807022446,0.0190595760986,0.0503486724973
C000015,3,0.0117257379744,0.0117257379744,0.339075902504,0.0117257379744,0.0117257379744,0.0117257379744,0.014568877887,0.587726529737
C000016,2,0.0164839786072,0.033245640992,0.826797967733,0.0151863391644,0.0166971949698,0.0148856990801,0.0198001743461,0.0569030051077
C000017,0,0.0785187937084,0.0194711751524,0.00944604164555,0.58476765668,0.0132591825674,0.0132591825674,0.15607205206,0.12520591562
C000021,0,0.0185726696387,0.019365111938,0.0170662972583,0.717420395333,0.019365111938,0.0190066498484,0.0577835724097,0.131420191636
C000022,0,0.0121536000384,0.0125255901526,0.0123856628084,0.0125255901526,0.00933230277387,0.774218064102,0.124486604649,0.0423725853234
C000024,4,0.00188608114757,0.955096869023,0.00184664281917,0.00185238872839,0.0148096310691,0.0121875561631,0.00202121886199,0.0102996121873
C000025,3,0.949734612028,0.0034874010633,0.00351079266196,0.00202486097043,0.0034874010633,0.00240305800501,0.00276166271009,0.0325902114982
C000026,1,0.0035822566661,0.389923981039,0.0198339184517,0.489495483063,0.00120487795284,0.0814031320143,0.0049156014645,0.00964074934855
C000027,4,0.00181959251974,0.0209242735443,0.00176071419488,0.138831575318,0.800044049981,0.0250564033457,0.00207605450861,0.00948733658804
C000028,4,0.415336154701,0.13810321188,0.00740717319468,0.00744944822637,0.0113824057747,0.366005703433,0.00859050831364,0.0457253944764
C000029,4,0.24374686328,0.00740718143099,0.0110321042653,0.0240337292082,0.253078560226,0.0949823839108,0.0175555336317,0.348163644046
C000030,2,0.0018279301372,0.000619260326159,0.00149661410733,0.00058817628536,0.000289870578749,0.000556575732201,0.000750280998862,0.993871291834
C000033,4,0.0573557854164,0.0104605094133,0.0101296126225,0.00605696114198,0.0104464874851,0.00663158952243,0.161629486003,0.737289568395
C000035,2,0.0170137240206,0.0239923000614,0.0251938302577,0.639703275337,0.0342470356413,0.0154667993616,0.0285049752279,0.215878060092
C000036,0,0.0418630119843,0.0450518614486,0.036069399253,0.0336429993033,0.0426513833058,0.0289762108513,0.046784922421,0.724960211433
C000038,3,0.0155150120633,0.0155150120633,0.0156190783662,0.0155150120633,0.301775445881,0.501456665126,0.0215505111814,0.113053263256
C000039,0,0.0321547389698,0.0350988750465,0.0357554295886,0.0350988750465,0.0514402490247,0.0350988750465,0.0350573823118,0.740295574966
C000040,4,0.878714883195,0.0913021769569,0.00438882857801,0.00332518836394,0.00338304812232,0.00350322821835,0.00371156527847,0.011671081287
C000041,3,0.00140257931571,0.00140257931571,0.918258951784,0.00140257931571,0.0689285661818,0.00140257931571,0.00175875092933,0.00544341384228
C000042,3,0.240523237462,0.00991357098454,0.00993878634988,0.0104023954679,0.00396544928749,0.00707214151404,0.682729431211,0.0354549877232
C000043,1,0.00700504469756,0.00704203619086,0.00948072740845,0.00692164876898,0.035062747969,0.0346288567349,0.00816191701235,0.891697021218
C000044,0,0.0438904701666,0.0349455068259,0.0337819601776,0.0349455068259,0.211143910593,0.0349455068259,0.0442463662159,0.562100772369
C000047,0,0.0109881318107,0.629401919427,0.0111266594173,0.0113244499711,0.261375912948,0.0113244499711,0.0160203821683,0.0484380942868
C000048,4,0.00654544753712,0.0244967265228,0.334855979835,0.0127998665229,0.232376756501,0.0130326786004,0.246692891542,0.129199652939
C000053,3,0.015858452008,0.750644850775,0.0165850410674,0.0164745387786,0.0164745387786,0.0164745387786,0.0198070945867,0.147680945227
C000055,3,0.0163225427298,0.0163225427298,0.0166443237771,0.0163225427298,0.0163225427298,0.151892263816,0.0191146338218,0.747058607666
C000057,1,0.00438631904696,0.00617114609543,0.0108541425322,0.0129341159406,0.17528106177,0.0100016533019,0.0133570577203,0.767014503593
C000058,0,0.0438505093982,0.0471907533695,0.0466828149015,0.0471907533695,0.0396626560322,0.155545558052,0.0652819233679,0.55459503151
C000059,1,0.665428805076,0.297262533689,0.00450215901527,0.00448586829299,0.00154277962553,0.00456389047189,0.0036339383727,0.0185800254563
C000060,0,0.0097422579251,0.0132572944144,0.825227644472,0.0132572944144,0.0102443227047,0.0132572944144,0.0179590052141,0.0970548864409
C000061,3,0.877466136193,0.00934451758338,0.0092052318221,0.00501980515627,0.0139366562968,0.00835658680745,0.0107902187929,0.0658808473483
C000062,4,0.0501800646872,0.00941191474469,0.00918316679509,0.0524237954263,0.00940341055277,0.0249271542836,0.00958878407637,0.834881709434
C000063,0,0.0335570460849,0.0186014978925,0.769700611812,0.0186014978925,0.0186014978925,0.0186014978925,0.0229890825193,0.0993472680139
C000064,1,0.00392713795651,0.00770041045308,0.0530604783701,0.00527028808077,0.00767784182353,0.871259205011,0.008941205251,0.0421634330537
C000065,3,0.00910777944773,0.677840376126,0.0133776851618,0.00627873535077,0.202083519333,0.0438251155627,0.00797642317912,0.0395103658394
C000066,3,0.0224191589945,0.0222023342985,0.0217151928075,0.0222023342985,0.0409763395836,0.587566800136,0.0283263597985,0.254591480083
C000068,4,0.27762737399,0.0249747639099,0.067829228697,0.0377683073046,0.0936927566739,0.024960608362,0.0391632691557,0.433983691907
C000069,4,0.00364156182346,0.00291847042485,0.0492554221286,0.00215704510742,0.00243824856824,0.00291809234183,0.00315054744489,0.933520612161
C000070,0,0.0794570400685,0.00791648341451,0.00742940591104,0.210208569441,0.0205164706945,0.0105521986342,0.647559955898,0.0163598759381
C000071,2,0.768822984424,0.0130067584737,0.0138031882937,0.0123538785878,0.00741899830522,0.0230373770015,0.0150337722205,0.146523042694
C000072,2,0.0016847483134,0.00169079690401,0.00170825952043,0.173869747346,0.00170654013417,0.780700235361,0.0150910706755,0.0235486017454
C000073,0,0.0164267033689,0.0116404445673,0.0533841585014,0.0171275834707,0.0709534178495,0.00465529602605,0.0205668108653,0.805245585351
C000075,2,0.00706236687789,0.00204095123903,0.00275629346559,0.00379977412531,0.00314781827263,0.00148015261858,0.00445428998405,0.975258353417
C000077,0,0.028106687194,0.0122838620694,0.00304017610886,0.00136228371361,0.00209793900646,0.00252371258285,0.00349670580425,0.947088633521
C000078,2,0.00037332088796,0.000374661186212,0.947971145824,0.000362317062894,0.0477946925,0.000344934408516,0.00181811403326,0.000960814097293
C000079,4,0.00618712922252,0.536136834958,0.00603357321335,0.155362409467,0.00618233971675,0.202720587806,0.00714836631147,0.0802287593052
C000080,3,0.0257991824289,0.00623460249113,0.00616718058433,0.00623460249113,0.00623460249113,0.0669500924096,0.0097695103413,0.872610226763
C000081,1,0.515986825929,0.00601203809448,0.37966992049,0.0243523614309,0.00599441780509,0.0201133324778,0.006808875076,0.0410622286968
C000084,1,0.00402422786545,0.00404547857898,0.0296953556593,0.0451897471298,0.0040336219503,0.00404547857898,0.00466174633069,0.904304343907
C000085,0,0.00395782021564,0.00421003696826,0.942050912766,0.00421003696826,0.00421003696826,0.00421003696826,0.00454833648664,0.0326027826582
C000086,2,0.0167818877612,0.0168421381665,0.0101880919493,0.0897414323508,0.0136223328263,0.216562669741,0.0469244838876,0.589336963318
C000087,1,0.000837926803147,0.608416918717,0.00271001331924,0.280895785918,0.0309224946616,0.0278875423482,0.039469817547,0.00885950068619
C000088,3,0.0143429248779,0.0095957865679,0.925349434147,0.00398476963002,0.00398476963002,0.00398476963002,0.0056433767898,0.0331141687277
C000089,4,0.202372094108,0.588295062666,0.0867237226792,0.00915456509343,0.0412163700712,0.00932107412031,0.0102530643589,0.0526640469031
C000090,2,0.00823647559337,0.0968530905911,0.0169479316285,0.0254940648185,0.357121624983,0.151837027108,0.0177849870183,0.325724798259
C000092,4,0.0363969991619,0.0364017149438,0.0351431766302,0.0296857170381,0.0202657001055,0.0257554026733,0.0646469300704,0.751704359377
C000093,3,0.000582487313203,0.00110144019779,0.00247023840982,0.00192886494031,0.000898423211059,0.00191666314913,0.00143195874284,0.989669924036
C000094,4,0.870368487717,0.0091854838471,0.00663713575203,0.00890062732739,0.00625176033572,0.00918027756938,0.00985911272823,0.0796171147227
C000095,2,0.0171552074831,0.00217413335882,0.00218410459574,0.890883117318,0.00774233603846,0.0723822513324,0.00178860611548,0.00569024375791
C000096,0,0.0144089076548,0.2927712799,0.0476707512945,0.156110873907,0.103017608748,0.0693871366751,0.0544114359664,0.262222005855
C000100,1,0.0481538331191,0.735651246388,0.101320166585,0.0115883401825,0.0115381777537,0.0115720936463,0.0141058836086,0.0660702587165
C000101,4,0.0129586280218,0.167479221562,0.0122318010076,0.0127271387627,0.0129485966451,0.0129586280218,0.0140298722255,0.754666113753
C000102,0,0.00311301506305,0.00862266615968,0.00331263584359,0.00326195773002,0.00326195773002,0.931698455105,0.00447295285008,0.0422563595185
C000103,4,0.00335676007584,0.0038912719775,0.183389123299,0.53347654361,0.222468029964,0.0328768556609,0.0045317838077,0.016009631604
C000104,3,0.0164658241648,0.0164658241648,0.729742845029,0.0164658241648,0.127450263038,0.0164658241648,0.02037414903,0.0565694462443
C000105,0,0.00201325424718,0.205573462143,0.0106683825452,0.00209915400503,0.00209915400503,0.00209915400503,0.770950615017,0.00449682403251
C000106,3,0.0196333386381,0.0103486527994,0.0103749748041,0.0103486527994,0.0103486527994,0.0103486527994,0.858122666529,0.0704744088313
C000107,1,0.114151444283,0.0349845437046,0.0345113406652,0.0343864639861,0.0615423284896,0.0423763097414,0.0387180114892,0.639329557641
C000108,2,0.0114135348081,0.105237140957,0.137638378079,0.0121911344868,0.0197616845361,0.41821907879,0.244654748653,0.0508842996892
C000109,1,0.581893633765,0.00470487673443,0.00464367235885,0.00468857526026,0.00469108751881,0.373877933257,0.00554639605148,0.019953825054
C000110,0,0.00451358654533,0.0370178700278,0.677749479217,0.245811823746,0.0154227590715,0.00470616827803,0.00591984296528,0.00885847014943
C000111,1,0.00326778033047,0.00328503647649,0.148185644273,0.00327365447005,0.00327540857785,0.00328503647649,0.818017270996,0.0174101683995
C000112,1,0.00989286550231,0.00561504160535,0.357644890265,0.00239870211009,0.00445742541893,0.00257988090813,0.592891814849,0.0245193793403
C000113,0,0.0423906451891,0.0441814860365,0.0437844132981,0.484198648768,0.0642317379645,0.0441814860365,0.0491032150493,0.227928367659
C000115,0,0.115447911174,0.0420059351641,0.0414830882092,0.0420059351641,0.0532065744026,0.513386661392,0.0528903327853,0.139573561709
C000116,2,0.188094507269,0.00151209598777,0.792921095941,0.00143619567349,0.00152617531042,0.00123219977464,0.00991230014443,0.00336542989928
C000117,2,0.00351464247567,0.888856242451,0.00337397712949,0.00335751730977,0.00350140959681,0.00314681515589,0.00415458471404,0.0900948111671
C000119,1,0.533049883885,0.0026541155004,0.00261821577474,0.00264491951128,0.00264633672681,0.0026541155004,0.440613960802,0.0131184522985
C000120,4,0.00729487200214,0.895267948773,0.00705882473395,0.00716455847576,0.010549411508,0.00729487200214,0.0248701730512,0.0404993394534
C000122,0,0.625339385429,0.0243688654885,0.0240719095069,0.101087375185,0.0243688654885,0.0243688654885,0.0291429004091,0.147251833005
C000123,4,0.0118459895691,0.0109938086416,0.0132247430982,0.144048695276,0.0206513600402,0.0321424816101,0.24796859965,0.519124322115
C000125,2,0.00252299944071,0.00435559885596,0.00132894759936,0.00107164026501,0.00150625549539,0.00712998738014,0.00168639227933,0.980398178684
C000126,4,0.0090092130674,0.0268171764158,0.262271149604,0.0193214397435,0.0406672215902,0.263036278287,0.0329155641097,0.345961957182
C000127,0,0.00857403998329,0.00435139797307,0.00900698952344,0.0090893961526,0.0090893961526,0.00865545205569,0.0225509491559,0.928682379003
C000128,4,0.00150421919281,0.00276741111623,0.855661333149,0.0027164343362,0.116591690906,0.00276584256404,0.00343385745659,0.0145592112786
C000129,0,0.0681340082112,0.00232453346084,0.00229620698352,0.00232453346084,0.00232453346084,0.914378731547,0.00339101310555,0.00482643977023
C000130,2,0.00741255935923,0.814509526018,0.0109651364183,0.00747959640136,0.00750843906051,0.00688084852187,0.00960668406032,0.13563721016
C000131,1,0.496254839193,0.117495721686,0.00647535088205,0.015386349857,0.248131676692,0.0354250329229,0.0129241967661,0.0679068320004
C000132,0,0.00566356060897,0.0093061522121,0.00595001822047,0.295052464159,0.288992693438,0.350709686067,0.0107829041865,0.0335425211077
C000134,4,0.0391056749446,0.00626211204624,0.735231415151,0.00579468441794,0.00625371791531,0.00625856271831,0.16257966839,0.0385141644165
C000135,3,0.00617740056671,0.0029973167453,0.00300494048017,0.0029973167453,0.000764591261597,0.00149756566581,0.00366293519381,0.978897933341
C000136,2,0.00202016796324,0.002343711446,0.0268389743491,0.00361623255487,0.00574347009704,0.00329770927035,0.00424301705314,0.951896717266
C000137,1,0.295904519116,0.0190811620719,0.0251501036067,0.0250590998568,0.0592110174692,0.010793827189,0.361832280304,0.202967990386
C000140,2,0.0145716138343,0.0080331832581,0.0161239734364,0.0134469604956,0.0147600942111,0.68807774874,0.0258415741408,0.219144851883
C000142,0,0.182465933739,0.00293921939973,0.00373445571867,0.692051462161,0.00376931912302,0.00376931912302,0.10154438476,0.0097259059758
C000143,0,0.0254226312676,0.0435254846531,0.0316337748831,0.169759416382,0.065856047313,0.0378186259104,0.0402867143343,0.585697305257
C000144,3,0.00921979415149,0.00921979415149,0.00924324488163,0.00921979415149,0.00921979415149,0.758890492315,0.0148764065305,0.180110679667
C000147,1,0.0187914118025,0.10226503891,0.0477785221747,0.0433706212069,0.516832442646,0.0495569798227,0.0484187229207,0.172986260516
C000148,4,0.0972192751639,0.127314879845,0.0125976097232,0.0331307936129,0.0128189895516,0.0128289205206,0.655693022979,0.0483965086042
C000149,2,0.0069296141336,0.0068398370303,0.0066171546629,0.00684355043381,0.0069035236436,0.0060382977983,0.798640944068,0.16118707823
C000150,3,0.0173826210724,0.0173826210724,0.017280299403,0.0173826210724,0.0781512029779,0.653792735055,0.0231324918155,0.175495407531
C000152,1,0.916783836183,0.00720049935627,0.00710683015049,0.00680279865427,0.00806860907367,0.00572024667945,0.00488542978771,0.0434317501153
C000153,0,0.00684652869312,0.00738696804717,0.00734563997827,0.75325247164,0.00738696804717,0.00738696804717,0.0144194883592,0.195974967188
C000154,2,0.00933841336881,0.0103750712407,0.00576332049625,0.00491862993944,0.00503873577137,0.00208040354692,0.00649034317627,0.95599508246
C000155,0,0.00107392918711,0.00113847939134,0.000775793156904,0.00113847939134,0.0123609556526,0.000819063556274,0.00144788624958,0.981245413415
C000156,3,0.21687084721,0.0584129787739,0.22843380261,0.0394419378904,0.133903603547,0.0265938751095,0.0796745619195,0.21666839294
C000157,3,0.0322072684237,0.0322072684237,0.031321910179,0.0244812083871,0.0322072684237,0.0322072684237,0.0362297492017,0.779138058537
C000159,2,0.0935096677914,0.01122107325,0.747991957562,0.0415887508859,0.0157424059762,0.0100141260941,0.0131856982371,0.0667463202033
C000160,4,0.028973201914,0.0201787590625,0.0180676792504,0.0198070585385,0.020151710178,0.0201673218617,0.0204522004598,0.852202068735
C000162,3,0.0965599126863,0.00637533034579,0.012447018131,0.00220318063992,0.00637533034579,0.156008985857,0.148634932278,0.571395309717
C000164,2,0.722350424809,0.00518066739673,0.0459690795254,0.00500997771878,0.198668515585,0.00461737519103,0.00596653155867,0.0122374282153
C000168,0,0.00116132861233,0.00886795028749,0.00185526907598,0.00219343848819,0.00186791608765,0.00685260520604,0.0019173635063,0.975284128736
C000169,1,0.00678529939086,0.0028084020946,0.00672886745606,0.0445485453074,0.0410448711799,0.00672871340937,0.0180074739,0.873347827262
C000170,0,0.0124890534423,0.0181344974463,0.115756815549,0.070773305364,0.0213530972296,0.071846353847,0.0313462359436,0.658300641178
C000171,0,0.00335653503536,0.00355828485706,0.00351946440177,0.00229137747663,0.0524418470819,0.00355828485706,0.917890805484,0.0133834008062
C000172,0,0.0226402231725,0.0244273576658,0.0261378814201,0.0244273576658,0.0244273576658,0.0247435602289,0.0204300498325,0.832766212349
C000173,0,0.01559799826,0.00793584527865,0.129810431791,0.747649142872,0.00793584527865,0.00793584527865,0.0125561216073,0.0705787696337
C000174,2,0.0360190174352,0.0361483330659,0.036314120317,0.035379368364,0.0213010401692,0.021127028487,0.0346436891385,0.779067403023
C000175,4,0.0111671688443,0.00619638803734,0.781399815306,0.00608490912519,0.159734508877,0.00619558530551,0.00727729785028,0.0219443266544
C000176,2,0.00652545674989,0.00814260508677,0.156754772294,0.232409602928,0.00672088930019,0.531942706994,0.0101170204117,0.0473869462355
C000177,0,0.0267763224147,0.006918116635,0.313934008281,0.50085760282,0.00371807811046,0.006918116635,0.0594820113026,0.081395743801
C000179,1,0.0457880607846,0.177941400463,0.0189130682292,0.012628656597,0.445248797862,0.0191723951982,0.014801100388,0.265506520477
C000180,0,0.00476870414194,0.244792030098,0.0141622103016,0.00455520674351,0.0396247676758,0.560174450015,0.0098782866125,0.122044344411
C000181,4,0.0119913797596,0.0155564994439,0.0117249551068,0.0117771691495,0.826162700953,0.0123752393674,0.012627804521,0.0977842516986
C000183,4,0.0130569114431,0.129732517752,0.0127905530061,0.382516814409,0.329983009749,0.0130569114431,0.0175510557371,0.101312226461
C000184,4,0.0046451525485,0.00525293130259,0.00419076669689,0.00460655021929,0.00635537760928,0.00501336133767,0.00549520929818,0.964440650988
C000185,1,0.175574142924,0.76573047286,0.00472856028175,0.0047742840236,0.0047768422071,0.00479088349431,0.00598879160362,0.0336360226056
C000186,4,0.0173584745377,0.0285475810426,0.18702416485,0.0280217235903,0.00985440550115,0.0253244222589,0.588673530733,0.115195697486
C000187,0,0.00948510180972,0.00988980377412,0.271715021173,0.00988980377412,0.642278976271,0.00988980377412,0.0144319731857,0.0324195162381
C000189,2,0.00861541615609,0.00749604423188,0.00723672404129,0.00698059169675,0.0149937637074,0.85334993635,0.00842065422859,0.0929068695884
C000190,3,0.502653830263,0.0229332856169,0.0225232669544,0.0229332856169,0.0229332856169,0.0170137160913,0.0275739779775,0.361435351863
C000191,1,0.00417688363452,0.00324708120166,0.00602759277806,0.442026340045,0.027317189283,0.00610703745542,0.456903159128,0.0541947164742
C000192,1,0.000732218485032,0.950123210867,0.00906143982802,0.00073192773834,0.00129018742682,0.0339475352783,0.000881976107956,0.00323150426871
C000193,1,0.0316012594622,0.0206413869665,0.0182984996406,0.0202885112793,0.0397906901709,0.0206413869665,0.0236483296818,0.825089935832
C000196,3,0.907222048744,0.00511724257427,0.00504096693764,0.00511724257427,0.00365984622998,0.00511724257427,0.00607810984389,0.0626473005212
C000197,0,0.00770239495216,0.0082857660442,0.00821129929107,0.0082857660442,0.861660246126,0.0123266689708,0.00900708153553,0.0845207770358
C000198,4,0.00801789353445,0.0169124528162,0.0132495236564,0.0243249159809,0.0168897822951,0.00735781669503,0.202039370025,0.711208244997
C000200,3,0.630597042412,0.0145088312243,0.0170610726556,0.224924003773,0.00435100513834,0.0170177875738,0.0233612023605,0.0681790548625
C000201,0,0.0107418936121,0.813287038114,0.0106885808832,0.0407799939991,0.0110706750611,0.0110706750611,0.0127124414537,0.089648701816
C000202,4,0.242213767865,0.440175285099,0.013808989878,0.00499792820324,0.00508489437975,0.226234178201,0.0443610797269,0.0231238766471
C000203,2,0.00913939021328,0.13495562936,0.0212873832783,0.00844062893791,0.00925760606303,0.778955369969,0.0104671070195,0.0274968851594
C000204,0,0.00829922418437,0.0152604142304,0.00570979529065,0.00578023248903,0.00718243345863,0.00508350181325,0.935059072985,0.0176253255489
C000205,4,0.000640521470667,0.00238086541063,0.00232099778723,0.000790353947899,0.00237871416542,0.00400522010174,0.0024448039982,0.985038523118
C000206,0,0.00370782311211,0.00382130994223,0.00388822137188,0.0194563349387,0.857059362608,0.0868765783621,0.00461764350375,0.0205727261611
C000207,0,0.977357126195,0.00663377320864,0.000646405129897,0.0102002891594,0.00065455232839,0.00065455232839,0.000823385358651,0.00302991629195
C000209,1,0.00354664480879,0.899439169373,0.00776119739079,0.00674653890465,0.00480424472969,0.006732283091,0.00747019963523,0.0634997220672
C000210,1,0.366567479031,0.0594526854652,0.0500381271205,0.468075217164,0.0082270721733,0.00825125523782,0.00961544197203,0.0297727218357
C000212,1,0.597120442745,0.0639745245516,0.115191259024,0.142959069121,0.00651211083829,0.00653125286028,0.00704594766957,0.0606653931897
C000214,3,0.00014272619023,0.000927105283549,0.000917079430883,0.00086977549995,0.00122775469487,0.00298142194623,0.00116816839996,0.991765968554
C000215,0,0.0128131071405,0.274531108902,0.545699499593,0.0420764264984,0.0266949010892,0.0143845985215,0.0135328736573,0.0702674845976
C000216,0,0.0245467275856,0.0269619869545,0.0267723582822,0.0269619869545,0.0189800670698,0.367328311047,0.0150370043189,0.493411557788
C000218,2,0.00464593458443,0.0025560079575,0.523112481824,0.00433903732752,0.0449549075674,0.00498297195346,0.399114154938,0.0162945038479
C000219,2,0.104237549398,0.778506096349,0.00195517328391,0.0679741768729,0.0393352224024,0.00179835996193,0.00229436630581,0.00389905542627
C000220,2,0.151912859512,0.0397347517534,0.0399169874115,0.0201051720468,0.0293882117915,0.0189743710575,0.046060459031,0.653907187397
C000222,1,0.00204757299482,0.00205838560001,0.0020316086593,0.000669235902706,0.00551847679497,0.00160647189642,0.00239384324393,0.983674404908
C000223,0,0.954671440111,0.00294306057497,0.00258996688865,0.00505520885065,0.00262191724802,0.00262191724802,0.00556280281348,0.0239336862656
C000224,3,0.0120585253168,0.00746002219264,0.00975177997829,0.0369463625861,0.0215479596346,0.00934006160176,0.863308013117,0.0395872755726
C000226,1,0.00170346141635,0.0017124568738,0.971055669938,0.00168329397376,0.00170743794591,0.0017124568738,0.00207780113698,0.0183474218416
C000227,0,0.00233579734008,0.00701085839781,0.010262505485,0.817218229506,0.00249653906634,0.0876904212823,0.0126225595452,0.0603630893779
C000228,3,0.00609131652363,0.0415389302613,0.369505451544,0.00454834300605,0.532412188844,0.00609131652363,0.00843335360799,0.0313790996894
C000229,2,0.294267629181,0.0314603003913,0.0233180112937,0.0203160904261,0.4716421949,0.0162624884952,0.0224309368631,0.120302348449
C000230,0,0.0288232215623,0.128904087545,0.298063169996,0.0305556866639,0.0305556866639,0.0305556866639,0.0430427796155,0.409499681289
C000232,2,0.0618980206063,0.0773190385721,0.0263562329365,0.0254541422898,0.0370097330427,0.434086259135,0.0478505560883,0.29002601733
C000233,0,0.00716450653864,0.0074671792369,0.0721306092498,0.0074671792369,0.86912280497,0.0074671792369,0.00976470389545,0.0194158376352
C000234,0,0.0783203317972,0.00195500328035,0.00276350570294,0.00205267666464,0.904850022577,0.00195500328035,0.00170932417099,0.00639413252704
C000235,1,0.0139761323921,0.0140499360623,0.0141334905299,0.777831039177,0.0140087580232,0.0140499360623,0.0167404770693,0.135210230684
C000236,4,0.0175580879006,0.0175603628166,0.0171631004418,0.639950822409,0.0123970488491,0.0175580879006,0.134813708144,0.142998781538
C000237,4,0.937813844795,0.00274807741667,0.00269699892268,0.00269745677085,0.0271681369702,0.00969867064582,0.00318718205055,0.0139896324286
C000238,2,0.0074666188958,0.19679429949,0.00753779810487,0.533382662703,0.211668353283,0.00852344227299,0.00846188423599,0.0261649410145
C000239,0,0.00973969852331,0.00931926965381,0.0100444707066,0.00842260598452,0.00523296233111,0.906533649467,0.0202206334157,0.030486709918
C000240,3,0.0266825846548,0.442567466595,0.0263940352665,0.0266825846548,0.0199108544177,0.0266825846548,0.0328719918684,0.398207897888
C000241,1,0.024728576099,0.670083693186,0.0245229136347,0.0123442405562,0.0146695263279,0.0164376795323,0.028302741661,0.208910629003
C000242,4,0.0112561117953,0.0177506669197,0.0108484075776,0.560020358294,0.0112473983499,0.231569313394,0.0750854201374,0.0822223235327
C000245,4,0.00331957572893,0.000995029304383,0.000974096836594,0.000977127781151,0.000411122356919,0.00089652520775,0.000250468665209,0.992176054119
C000246,3,0.830216170386,0.00599785422988,0.00671508381172,0.00669804719521,0.0956232457264,0.00669804719521,0.00932642619718,0.0387251252582
C000248,0,0.0328238885425,0.0154641219912,0.761469329154,0.0292601071675,0.0154641219912,0.0154641219912,0.0170628218397,0.112991487322
C000249,4,0.0248127074433,0.0379307445345,0.0385980558041,0.0337443428656,0.0343315094591,0.0343581063415,0.0389595378938,0.757264995658
C000250,3,0.390481016279,0.0135865796936,0.0134396524259,0.0135865796936,0.0135865796936,0.438942920166,0.017067339562,0.0993093324854
C000252,2,0.0179170532359,0.131678342535,0.00225122266895,0.00404046928441,0.015009349495,0.0705056726859,0.00452994117323,0.754067948922
C000253,4,0.455667167506,0.132762427318,0.022408662847,0.0210978041455,0.0231400822711,0.0161625072444,0.027336820482,0.301424528186
C000254,3,0.0141015002894,0.0141015002894,0.0239462665485,0.0141015002894,0.0199607794349,0.0141015002894,0.385041977571,0.514644975288
C000257,1,0.761941014077,0.0073321051377,0.00723293064324,0.00734288963133,0.141550088727,0.0073321051377,0.00898545429794,0.0582834123474
C000258,4,0.216956864276,0.59051554213,0.011224874061,0.0113192774627,0.0302014773376,0.011525159649,0.0127983447328,0.115458460351
C000259,2,0.0133518813181,0.015081252044,0.386671656846,0.0139015746309,0.321276070672,0.0137761341319,0.0178936918183,0.218047738539
C000260,1,0.0424701393987,0.69879738328,0.00864454782079,0.0171754405615,0.0393845135976,0.019348322913,0.0148767163516,0.159302936077
C000261,3,0.0145617866672,0.0145617866672,0.0144043133679,0.0145617866672,0.0187127112744,0.32595194385,0.0169324924148,0.580313179091
C000262,3,0.00384515498744,0.00384515498744,0.00387094620578,0.0241810407379,0.00384515498744,0.00384515498744,0.931889179165,0.0246782139418
C000263,3,0.924107723691,0.0544234496941,0.00311298820721,0.00214610555942,0.00421849240911,0.00250356907489,0.00271547230669,0.00677219905711
C000264,0,0.00583713437782,0.0676339072447,0.0060104334332,0.0184856750688,0.350942239541,0.00608618808293,0.00756389093675,0.537440531314
C000265,3,0.458730777981,0.00542380867717,0.00514712677881,0.00511283266479,0.00274544716794,0.492459210357,0.00728177076716,0.0230990256058
C000266,3,0.016837064666,0.0320874033243,0.0820025165831,0.018109400998,0.0222881191925,0.0393744416428,0.038865389322,0.750435664271
C000270,2,0.0224996307176,0.0222081351694,0.021599135613,0.0216104064764,0.506014590058,0.0192556455398,0.0268693173925,0.359943139033
C000271,4,0.00514267705607,0.917250864926,0.0346188828261,0.00505080973037,0.005138696069,0.00757189857911,0.00570579481964,0.0195203759938
C000272,3,0.00689357512692,0.896553474488,0.00612462153394,0.0262375529218,0.00462991342139,0.00689357512692,0.00803301176977,0.0446342756112
C000274,0,0.0108151573274,0.0113326101323,0.00888493430309,0.0731897744209,0.0113326101323,0.733552337662,0.0178536838326,0.133038892189
C000275,2,0.0379491784169,0.031593760981,0.0641936513879,0.107606364072,0.0384400420598,0.033484257192,0.0443325148177,0.642400231073
C000276,4,0.255054547049,0.00452443214935,0.00435808252606,0.64864917712,0.00451836731442,0.0480046305838,0.00531200958758,0.0295787536698
C000280,2,0.00995050841344,0.0178609478388,0.0213794874377,0.111078101049,0.121522854559,0.418846498716,0.145398045828,0.153963556158
C000281,0,0.00288544374843,0.257566629954,0.717312018866,0.00300855731922,0.00300855731922,0.00299471455401,0.00373996986152,0.00948410837722
C000283,3,0.00318011344013,0.00318011344013,0.00320144391974,0.00265648197124,0.00318011344013,0.00318011344013,0.944459487416,0.0369621329322
C000284,3,0.00310353598942,0.00623210427449,0.00632867801202,0.619241937346,0.00623210427449,0.31231797101,0.00796817339208,0.0385754957015
C000285,4,0.0123190435407,0.00381017059939,0.00539351923608,0.0369608024055,0.00317953395011,0.00424523533845,0.0101149679234,0.923976727006
C000286,4,0.00486144985394,0.00486420685751,0.00573877125212,0.251911713822,0.710009899217,0.00509785464749,0.00534606570015,0.0121700386493
C000289,0,0.00619499063685,0.0114627522822,0.257673451672,0.00645670503708,0.00645670503708,0.63875251501,0.0371498273175,0.0358530530071
C000290,2,0.00627503281654,0.00619373618752,0.00621642040597,0.784012606458,0.00625140687174,0.00603390503979,0.00840722862767,0.176609663593
C000292,1,0.0802682464388,0.0130963924525,0.00787287105084,0.00784027187794,0.00795325860005,0.0208004442114,0.00967064016216,0.852497875206
C000294,1,0.0130211390237,0.0168736409234,0.0126921669272,0.0664603978093,0.060770646348,0.0217667038543,0.026489724658,0.781925580456
C000295,1,0.0325938150239,0.129241904257,0.0206317703249,0.0322057816013,0.0326699014371,0.0164309763016,0.0412209413154,0.695004909739
C000296,0,0.0129495635917,0.0215879333097,0.0137221475745,0.0137631606895,0.748027033406,0.0137631606895,0.0173262929176,0.158860707822
C000297,0,0.0207285285584,0.0264132123335,0.030069785545,0.0264132123335,0.48696830432,0.0264132123335,0.0273595182713,0.355634226305
C000298,4,0.0438082679229,0.0791656453246,0.0448160406358,0.0513972650616,0.0322633519453,0.152413646937,0.0277583155184,0.568377466654
C000299,2,0.00793009587856,0.00551276735124,0.119454588859,0.0052687146515,0.0052458764538,0.00452320931836,0.816232588119,0.0358321593682
C000302,1,0.0174568533901,0.0175490376805,0.0173116683429,0.0172501800337,0.0174976043533,0.0134173628628,0.0210056497026,0.878511643634
C000303,4,0.00480228806514,0.0168701758617,0.0132948221777,0.0903181345487,0.0218733520574,0.0698641409995,0.0159141581842,0.767062928106
C000305,1,0.0106573606961,0.00246805332079,0.470698443182,0.00633803669359,0.00639481104838,0.445938770442,0.0126334314503,0.0448710931673
C000306,4,0.10131790725,0.00458748159151,0.00448173975515,0.846566976158,0.00458133224113,0.00458488143418,0.00587459533192,0.0280050862376
C000310,3,0.000411288017553,0.00504870972778,0.00103336613548,0.00673029815653,0.00328181891202,0.00241302112566,0.00350534191715,0.977576156008
C000311,2,0.474375234646,0.0183286908921,0.0187462869728,0.0177391110356,0.01849935172,0.0150603445071,0.0213986300111,0.415852350215
C000312,3,0.166716126662,0.019071720914,0.0193672595135,0.019071720914,0.00997389641005,0.019071720914,0.0124927688925,0.73423478578
C000313,2,0.347091406041,0.00822385333889,0.00799833584287,0.00505014659768,0.00803140335119,0.00732696307267,0.562010665228,0.0542672265274
C000316,2,0.00862503753191,0.0252906139883,0.00555828555794,0.897722087396,0.00688368572717,0.00640589749451,0.010163386411,0.0393510058932
C000318,0,0.0132640507652,0.0377939572615,0.0846234037706,0.00742064582847,0.83048265225,0.00654449937069,0.00725572268995,0.0126150680639
C000319,0,0.728783498058,0.10187350156,0.00872128742161,0.0346026340277,0.00883120929018,0.00883120929018,0.00977306244125,0.0985835979112
C000320,2,0.0101264004875,0.00877047266449,0.0309893856015,0.676467306971,0.00493702408965,0.218433069678,0.00861468039906,0.0416616601085
C000322,4,0.00590781644518,0.00618916186519,0.0055132339025,0.00547412004859,0.926486841307,0.00564611230711,0.00606204183924,0.0387206722854
C000323,0,0.0247410933782,0.000965013467309,0.966631626475,0.000965013467309,0.000965013467309,0.000965013467309,0.00115580183415,0.00361142444293
C000324,0,0.00405580988827,0.0110354816528,0.00463459433596,0.00789820634265,0.00496993998989,0.00178982997463,0.00585403021133,0.959762107604
C000325,4,0.0111095424169,0.0111158428106,0.00873872077338,0.0109110846992,0.73122365918,0.152449566042,0.0123870901559,0.0620644939213
C000326,3,0.0138776724438,0.0144112059325,0.0145078685014,0.0144112059325,0.817368276,0.0144112059325,0.0179225619378,0.0930900033193
C000328,3,0.0102624491905,0.018328306252,0.707579471294,0.122317481912,0.0153347101672,0.0432458667586,0.0342486545531,0.0486830598727
C000330,4,0.0102679498814,0.503044108673,0.440637690263,0.0034050958747,0.00346434605935,0.00346702991468,0.0261704879906,0.00954329134386
C000331,4,0.0250544553874,0.571242431834,0.0284940077159,0.285118033588,0.017453281349,0.00887465011864,0.0098127463015,0.053950393705
C000332,2,0.00507181358264,0.0050900224295,0.00511336682065,0.0410384109694,0.00330821392771,0.015059558688,0.00326457751116,0.922054036071
C000333,0,0.139280977299,0.233056210424,0.0372579704668,0.0208344475618,0.149053826814,0.103966293344,0.0285273367558,0.288022937335
C000335,3,0.00818116042124,0.0081436799278,0.0100582648344,0.00612450043395,0.00620078934623,0.00647495014789,0.132984782825,0.821831872063
C000336,4,0.00660372551652,0.00660747059163,0.026481394473,0.0418590798988,0.00659861352026,0.00660372551652,0.860217451746,0.0450285387372
C000337,2,0.104998489879,0.00933957849039,0.398641616128,0.00886001917119,0.381932005661,0.0148617854823,0.0150164038593,0.0663501013298
C000338,0,0.373784508999,0.0195469293188,0.010906505826,0.0728641351828,0.0249616759081,0.0785249649215,0.0309352463792,0.388476033464
C000339,2,0.0233972861218,0.0230941609359,0.0236203322347,0.0218103251161,0.0233091936757,0.180990549887,0.0249185376258,0.678859614403
C000340,2,0.0205640894895,0.0177812079047,0.01858451982,0.0197883631419,0.0287340980796,0.0116226418361,0.0220611045603,0.860863975168
C000341,2,0.00264749240639,0.866756237262,0.00592490875284,0.00461878742061,0.0122309996892,0.00284057105964,0.0069020637803,0.0980789396295
C000342,1,0.0154988206669,0.0155806651869,0.0133309991132,0.0462113142923,0.00841624362602,0.635466154626,0.0172298910205,0.248265911468
C000343,2,0.856116806221,0.100565527264,0.0028652673667,0.00259652832663,0.00206845718927,0.00254121821685,0.00339022919972,0.029855966216
C000346,1,0.00716903294142,0.00923032725739,0.0230826637057,0.0138833382629,0.278294584879,0.515020089366,0.0889616426368,0.0643583209509
C000348,0,0.29781759623,0.0169871207397,0.580172508243,0.0169871207397,0.012412683432,0.0169871207397,0.0198999998352,0.0387358500404
C000350,4,0.121381234921,0.0077584374528,0.007591901512,0.00761552404283,0.728366994763,0.10185403823,0.00855126467311,0.0168806044044
C000351,3,0.0360588554999,0.0281560053534,0.0205441199296,0.0281560053534,0.0281560053534,0.656457654099,0.0392706033019,0.16320075111
C000352,0,0.00823311454897,0.097161077469,0.00915574830647,0.00848510879032,0.114011476345,0.00848510879032,0.734657293964,0.0198110717856
C000353,1,0.00417374932507,0.00419578961558,0.00413903711325,0.941642045609,0.0035866799736,0.00370400844189,0.00523226150153,0.0333264284204
C000356,1,0.00206196574094,0.00349301582401,0.511398927838,0.447067928033,0.0053025512266,0.005318137809,0.00632875074569,0.0190287227823
C000358,0,0.311103679166,0.038906768675,0.0397235528696,0.038906768675,0.0355341004124,0.0322839746947,0.0434627547493,0.460078400758
C000359,0,0.02816587855,0.0216954724197,0.118821195911,0.0216954724197,0.0216954724197,0.0216954724197,0.0340429284214,0.732188107439
C000361,3,0.0609163105548,0.00291904916574,0.00627272543961,0.00291904916574,0.00112243054467,0.908958013095,0.003605863316,0.013286558718
C000363,4,0.00440555205817,0.00285206566404,0.00346155298008,0.270682909305,0.00357453817265,0.692884695432,0.00394339660274,0.0181952897855
C000364,1,0.010277913057,0.0103321875646,0.810050672413,0.0415512917644,0.0103019056315,0.0103321875646,0.0125648169938,0.0945890250107
C000365,0,0.0277015521722,0.0302257389756,0.0315109062689,0.0302257389756,0.0302257389756,0.0302257389756,0.0227287496598,0.797155835997
C000366,3,0.0298798125747,0.021354421495,0.0174894370657,0.0322259217768,0.156771949071,0.59077564513,0.0254876035855,0.126015209302
C000367,2,0.0142905423352,0.188104383001,0.00424877760652,0.00283397718915,0.00194241855673,0.00408087393009,0.73411309279,0.0503859345915
C000368,0,0.0308044956442,0.0187762283617,0.0127195354125,0.588019260771,0.0187762283617,0.0187762283617,0.02253477786,0.289593245227
C000369,2,0.0127238363675,0.0237583804876,0.135854363468,0.0275603743789,0.0291776900471,0.025648593621,0.0412378833759,0.704038878254
C000371,2,0.00191117550952,0.00310304058942,0.936787769183,0.00198468786853,0.00313193340445,0.00282927075013,0.00363643587362,0.0466156868213
C000372,1,0.0359231529078,0.0157667921207,0.0356243874583,0.0354978552657,0.0360070112671,0.0361128520642,0.365200980604,0.439866968312
C000374,4,0.00650076160007,0.0172778198698,0.0320715838508,0.00668514080296,0.869773340158,0.00680673437712,0.00754528132081,0.05333933802
C000375,4,0.00206102340455,0.00206219224287,0.00261010119194,0.00177426851019,0.00183311745758,0.975230267064,0.00224984212109,0.0121791880077
C000376,0,0.0320333336075,0.01166383964,0.0339469154864,0.191201094285,0.0339587475465,0.0769330108955,0.0387724804133,0.581490578125
C000380,4,0.00356882818025,0.00637656704958,0.0403806394599,0.030855905352,0.0071550648516,0.0139094089177,0.146259997034,0.751493589155
C000381,0,0.0133038606364,0.0223001120476,0.0220996940139,0.543162678505,0.0223001120476,0.0325372983862,0.0275776885576,0.316718555806
C000382,2,0.0100698142654,0.0225858805656,0.0101523159942,0.428271321965,0.0844869881693,0.398527388785,0.0108390623689,0.0350672278861
C000383,0,0.00796215275213,0.670030146845,0.00958549376116,0.00839742343791,0.00571174354776,0.243349675268,0.0120035309454,0.0429598334422
C000384,1,0.0024759330659,0.00571000084088,0.864783812587,0.0510437874745,0.00380796638229,0.00209007050897,0.00641526785008,0.0636731612903
C000386,0,0.021333298684,0.0157053221303,0.0219724721755,0.225537106682,0.0123774811012,0.0446748060556,0.546458268187,0.111941244985
C000387,3,0.00576693559144,0.00719237836512,0.0566796471767,0.00719237836512,0.00507043197906,0.00719237836512,0.0346986763262,0.876207173831
C000388,2,0.0111120366815,0.0910069913245,0.0116313910167,0.0103181465783,0.0096836364402,0.0128962988523,0.0129775736219,0.840373925485
C000389,2,0.0406239734094,0.0506091684177,0.0409568045769,0.0391126723215,0.0411494348926,0.0358814642898,0.319967617877,0.431698864215
C000390,3,0.0101675837298,0.0101675837298,0.0100160296633,0.0101675837298,0.0830522198931,0.00995107113999,0.814170174134,0.0523077539797
C000392,0,0.0135086295781,0.0065305690768,0.00663202867523,0.0065305690768,0.0065305690768,0.0065305690768,0.877429413751,0.0763076516885
C000393,4,0.930894687062,0.00606169749401,0.0047187294187,0.00449025351135,0.00336821760802,0.00667454810242,0.00917425407735,0.0346176127263
C000394,3,0.00634289327843,0.00634289327843,0.00622949022484,0.00634289327843,0.160721562797,0.00831734423068,0.0102122088911,0.795490714021
C000395,2,0.0163477695865,0.204216816217,0.00903543107012,0.0932322301012,0.00875716606475,0.409717374069,0.0232611153451,0.235432097546
C000396,0,0.00253979545065,0.0968886234289,0.048988654342,0.0439930171606,0.0289484624537,0.0830316768026,0.0088400926718,0.68676967769
C000397,2,0.569093820367,0.0277889345506,0.0279163830573,0.0267048529133,0.0178059344384,0.0203962763429,0.0577246108275,0.252569187503
C000398,0,0.00681420604039,0.0142625489555,0.0107663920491,0.0765798534297,0.0142625489555,0.791220990567,0.0150492118859,0.0710442481168
C000400,0,0.00685372729417,0.00345702736068,0.00522031876077,0.0145682194705,0.00525590466747,0.0107442341453,0.00581927433597,0.948081293965
C000401,4,0.0255976331064,0.00293848525439,0.00279139508063,0.0113582345442,0.00293454632296,0.00283611569199,0.00356333366077,0.947980256339
C000402,3,0.0364745407276,0.00858732795915,0.0126429158999,0.0042063279391,0.00423064154414,0.833067310886,0.0109288799114,0.0898620551325
C000403,0,0.0253287092266,0.0261039551956,0.576282337514,0.0261039551956,0.0261039551956,0.120864214886,0.032510211578,0.166702661208
C000405,2,0.0248898327679,0.0720136970853,0.0161846071163,0.0153799257518,0.015835623157,0.0142689838173,0.609921768842,0.231505561462
C000406,3,0.0255725454355,0.0255725454355,0.0257440722283,0.0317480070696,0.0205558191969,0.0255725454355,0.67082229117,0.174412174029
C000407,4,0.00596429037171,0.392413733502,0.00524592747996,0.00585774597855,0.004297206848,0.00479602481425,0.555968311627,0.0254567593785
C000408,4,0.0256673084336,0.0256818647621,0.0264545944923,0.0252087949088,0.0256474391666,0.0256673084336,0.0275139822175,0.818158707586
C000410,1,0.00613113246628,0.278265472648,0.136587238214,0.475350781304,0.054804079691,0.00518295572735,0.0070798945654,0.0365984453842
C000411,3,0.418169413848,0.00741473062684,0.00743359014194,0.00741473062684,0.248970670121,0.264708944987,0.00994072676557,0.035947192883
C000412,0,0.133350651745,0.471379705279,0.0105646115405,0.0045404211988,0.00751138783258,0.0108432468787,0.0113112902809,0.350498685244
C000414,3,0.0411752097845,0.0411752097845,0.0416578843645,0.155368616,0.0261597408685,0.0411752097845,0.202489489941,0.450798639472
C000416,4,0.0017525783716,0.0399712922157,0.018631691546,0.00478380601819,0.00399682812818,0.00207370067293,0.00776481966893,0.921025283378
C000417,3,0.00903746815475,0.00903746815475,0.00918063196655,0.129116240657,0.00903746815475,0.00903746815475,0.798182097853,0.0273711569054
C000418,1,0.0389985083643,0.104043652435,0.0386944482533,0.0390686118163,0.0390895457778,0.118427056945,0.0490774959987,0.572600680411
C000419,4,0.196372715836,0.0186521703485,0.0112174969411,0.0115938883463,0.0340850673316,0.0235101774228,0.0262898304154,0.678278653358
C000420,0,0.023654381794,0.384505745343,0.0252503024903,0.0533969175205,0.0180056387076,0.100799267968,0.11235729789,0.282030448286
C000422,1,0.0118714982618,0.0119341880043,0.0350760101568,0.0117309504588,0.00825218338432,0.00783870070113,0.0193032694739,0.893993199559
C000423,1,0.0243055339522,0.0213228123266,0.0201351491713,0.504282655473,0.0242874073753,0.0178960982362,0.0295846851918,0.358185658273
C000424,2,0.00354110261208,0.441671280918,0.00366595382883,0.00347507047887,0.00358690593643,0.524861649572,0.00436782342214,0.0148302132318
C000425,3,0.0121612832831,0.0112140693757,0.0119800119029,0.0121612832831,0.00541723856349,0.0121612832831,0.86109746684,0.0738073634682
C000426,4,0.00297522830162,0.974479775888,0.00198717975071,0.0019760858637,0.00203659505764,0.00203817282337,0.0022323276152,0.0122746346994
C000427,0,0.00694732177219,0.00726234058101,0.00726129937415,0.00726234058101,0.00726234058101,0.120125862063,0.603448733165,0.240429761883
C000428,4,0.0229950021267,0.0230080429488,0.0221049059289,0.0225842259246,0.0229772015132,0.0348921290474,0.0251381785437,0.826300313967
C000431,2,0.00230996703818,0.949081370221,0.00225708006008,0.00220669794137,0.00230126984802,0.00192722111228,0.00271134516378,0.0372050486155
C000432,1,0.012781993893,0.0653141905024,0.00535435174406,0.0102436053028,0.05236426857,0.660108983673,0.125287517607,0.0685450887077
C000433,1,0.0162019578208,0.0162875153925,0.712298868722,0.0162299977906,0.0143266630944,0.0255885874874,0.0196244747918,0.179441934901
C000434,4,0.0250562635839,0.0250704733795,0.0244034279554,0.0246086655913,0.0250368673317,0.0275321488004,0.026442234186,0.821849919172
C000436,0,0.501343832114,0.00197497978639,0.0689922077079,0.0210731935761,0.00337934777137,0.383735136831,0.00519764904044,0.0143036531727
C000437,3,0.0307964058023,0.0307964058023,0.0303294493215,0.0307964058023,0.0307964058023,0.0307964058023,0.0347419481519,0.780946573515
C000438,3,0.311005864416,0.199335025674,0.0127709430853,0.0129105597744,0.0129105597744,0.0129105597744,0.368548007996,0.0696084795049
C000439,4,0.0334888932146,0.0129292932529,0.0126572992389,0.00948036313851,0.00505023807834,0.115912819179,0.0142012042866,0.796279889611
C000440,0,0.0172240754867,0.0945772997976,0.0227767061684,0.621575210841,0.0295834892032,0.0231067708769,0.0271877345615,0.163968713064
C000443,4,0.139442715908,0.00394160173794,0.819491209181,0.00386899591383,0.00290854993978,0.00393936766147,0.0043545747123,0.0220529849457
C000445,4,0.0440170027359,0.0440419654606,0.0430508147093,0.042676153794,0.0439829288254,0.120221430583,0.0472096041611,0.61480009973
C000446,1,0.00447917374811,0.00450282689135,0.847446667926,0.00442584862741,0.108434140134,0.00492586688843,0.00691441886449,0.0188710569196
C000447,4,0.00173715941748,0.24350553907,0.706003904308,0.00170612729389,0.00173581466861,0.00173715941748,0.0394443617396,0.00412993408538
C000448,3,0.0852084474008,0.0332865877893,0.00704207981803,0.00714863459767,0.802873088821,0.00714863459767,0.0116082403891,0.0456842865865
C000450,0,0.0384566987904,0.134711883908,0.0311158979635,0.0116152266115,0.0548228200447,0.566487054754,0.0310625946426,0.131727823285
C000452,3,0.00102993537399,0.92648993133,0.00101458355605,0.00102993537399,0.0147096706031,0.0527393431166,0.00126418708239,0.00172241356394
C000453,3,0.00271660468387,0.00332294542721,0.0570705226953,0.00191218906088,0.0175624560191,0.00344775183972,0.893810938301,0.0201565919731
C000454,3,0.00283073418903,0.00283073418903,0.119604198342,0.00283073418903,0.00283073418903,0.851681739846,0.00375112583334,0.0136399992221
C000455,0,0.475435804936,0.226360247244,0.00475597010197,0.21846119762,0.00580293373982,0.00580293373982,0.00676813364402,0.0566127789747
C000456,4,0.00807663211408,0.00808121249735,0.00791816111415,0.00793235344658,0.015984792512,0.00759804081663,0.898708692076,0.0457001154234
C000457,3,0.181881350257,0.00843182053412,0.716243386251,0.00829998662597,0.0318358455384,0.00829998662597,0.0123625971422,0.0326450270255
C000458,1,0.0220322961134,0.0642856264054,0.559618838655,0.0217699988873,0.182314587811,0.0221486419141,0.0263624891823,0.101467521032
C000461,2,0.00973105247142,0.00960498113669,0.856078761869,0.00929601725956,0.00969441436686,0.00900177908366,0.0108251235471,0.0857678702662
C000462,0,0.013991621139,0.0145100982824,0.0208754677737,0.0145100982824,0.0145100982824,0.634802190052,0.253488255109,0.0333121710781
C000463,3,0.00290424102589,0.00873989467913,0.0170579644046,0.0575602376602,0.0032551151586,0.0238470581045,0.430043429983,0.456592058984
C000464,3,0.0463331734651,0.0463331734651,0.046451022815,0.0159050255571,0.0787710871556,0.0463331734651,0.0426242564081,0.677249087669
C000465,3,0.068541570233,0.00415352529648,0.753903742233,0.140467905521,0.00415352529648,0.00415352529648,0.0057349003009,0.018891305823
C000468,2,0.00636703175128,0.00638989069596,0.556141374946,0.00585827275626,0.029748054008,0.36666872291,0.00736482956766,0.021461823365
C000469,1,0.00339980776806,0.0034177611105,0.909572765924,0.0397139083729,0.00226420408786,0.0034177611105,0.00415749686978,0.0340562947569
C000470,3,0.00459033325134,0.00459033325134,0.633693173304,0.00459033325134,0.200098604462,0.00459033325134,0.00576606399446,0.142080825234
C000471,2,0.206051235424,0.00870398748287,0.00917028096259,0.0081998980237,0.00904948554045,0.64325289936,0.0104254401734,0.105146773033
C000472,4,0.0324309979958,0.0321619271129,0.0255195818587,0.0318516598373,0.0324058929033,0.0324309979958,0.0369038393537,0.776295102943
C000473,1,0.00553631207668,0.230533670101,0.00549314704973,0.0516276970215,0.661814343426,0.00395587868539,0.00640777294887,0.034631178691
C000474,0,0.0052579742172,0.0047523870305,0.425106565585,0.1605371425,0.0181811983695,0.172421277738,0.00701481108768,0.206728643473
C000475,2,0.00569001126628,0.00871554639437,0.288409473403,0.649485344752,0.00879669798182,0.00813474023957,0.0109131791726,0.01985500679
C000476,1,0.0138696535746,0.031315077601,0.0435759175613,0.0442803951874,0.0763263405769,0.0391178352332,0.0492471900762,0.702267590189
C000477,0,0.286371307095,0.0770802583202,0.00415715517134,0.00325467581166,0.00420843868477,0.0283320344085,0.58987105175,0.00672507875858
C000481,4,0.253911170502,0.37003011813,0.01985287086,0.0214870168562,0.0117461622865,0.00649515206748,0.0234924833928,0.292985025905
C000482,0,0.00524669777775,0.0042899987364,0.00549282798221,0.00556205880633,0.00578407059184,0.00556205880633,0.920212625078,0.0478496622208
C000484,0,0.000399903683462,0.000423940523831,0.00043132939967,0.00024741283546,0.000423940523831,0.000224523097129,0.00157643825829,0.996272511678
C000485,3,0.0146500749316,0.0211301837834,0.0303662328896,0.0299028532392,0.0263291996775,0.0895837046144,0.653380486827,0.134657264037
C000491,4,0.00690840001207,0.0124186197454,0.0045275586655,0.0121898639803,0.0136105512967,0.83967265104,0.0129138048462,0.0977585504137
C000492,0,0.0256948727606,0.0390850053167,0.492661663734,0.00800368883605,0.00456753853914,0.0517510982806,0.00612960220546,0.372106530328
C000493,2,0.0173967247644,0.0462461151447,0.017612642722,0.025281338209,0.605788382874,0.0160739169981,0.0554153351526,0.216185544135
C000497,2,0.0142970274107,0.00609247120967,0.00212822908351,0.204198018099,0.0061491990025,0.0200350112122,0.0243810507384,0.722718993244
C000498,1,0.275461529159,0.0157678927577,0.0155546152933,0.502946581059,0.0157216796718,0.0157678927577,0.0216481705386,0.137131638762
C000499,1,0.286063618614,0.0179892705521,0.0084787852695,0.611721423986,0.00407108180138,0.0212070963856,0.00647514703029,0.0439935763614
C000502,1,0.00749606444502,0.00666620677664,0.296646409882,0.00655224436212,0.0426696073,0.00608837438349,0.602388378039,0.0314927148114
C000503,4,0.0980443572186,0.00559310327305,0.00983968865464,0.0054924780274,0.00427148221915,0.00230164850767,0.0059635341182,0.868493707981
C000504,3,0.0619805056831,0.0868229169816,0.0627070694261,0.0619805056831,0.170447765229,0.105192541733,0.0732479871241,0.377620708141
C000505,4,0.0114401407005,0.0117996781764,0.086544800724,0.737108277702,0.0759574460363,0.0167077948279,0.0130924673365,0.0473493944963
C000506,3,0.00478336049977,0.00478336049977,0.00446781743458,0.00478336049977,0.38196696309,0.570458861505,0.00585070645088,0.0229055700205
C000508,1,0.00463399033993,0.00114152742588,0.00163373434923,0.00546024469969,0.00058019865078,0.0109511465846,0.0018573084268,0.973741849523
C000509,0,0.0153752358535,0.494953814159,0.0158358980009,0.0160312528661,0.00739541197418,0.180545777749,0.223944877819,0.0459177315782
C000510,1,0.00995934693261,0.0136829552501,0.0373394773802,0.00945937370978,0.011573766145,0.793604542917,0.0155393635375,0.108841174127
C000511,0,0.0109433872487,0.0418031966804,0.0112076486338,0.6387948977,0.0123020768833,0.239035819947,0.0168933374407,0.0290196354656
C000512,1,0.00316456968448,0.953095145927,0.00313825061147,0.00317025829331,0.00232119669475,0.00318128080672,0.00379799964903,0.0281312983336
C000513,4,0.0248667811451,0.0156932050296,0.0699628080007,0.0154041301409,0.0156721688654,0.0861106293853,0.0214960123555,0.750794265078
C000514,0,0.0234577660232,0.26378589571,0.0157136598969,0.0316308839097,0.178452927863,0.156144509023,0.0353720072203,0.295442350354
C000516,1,0.00611279808369,0.0095340006632,0.0185078694866,0.00937163797096,0.225859389303,0.0095340006632,0.662510502021,0.0585698018088
C000517,4,0.00434485040978,0.00610522930448,0.00594069358927,0.910556239134,0.00320919029758,0.00610176889675,0.0100863868658,0.0536556415023
C000518,1,0.828249673235,0.00553410115244,0.00546210963713,0.0466022820484,0.0347446080357,0.0346817686564,0.00667339194319,0.0380520652915
C000520,0,0.217289335503,0.0305678936344,0.0302907578343,0.405899163989,0.0336894094686,0.0305678936344,0.0349430962045,0.216752449732
C000521,0,0.00996352576339,0.515642979381,0.0101564554895,0.0102684833953,0.397566370374,0.0102684833953,0.0133372831033,0.0327964190986
C000523,2,0.549577086524,0.286603463182,0.0113297156564,0.0229338202562,0.0113830022036,0.0100776770192,0.0143182310841,0.0937770040742
C000526,3,0.0662613319002,0.0253900387587,0.025011584671,0.0253900387587,0.0253900387587,0.0129758758356,0.0211921530565,0.798388938261
C000529,3,0.741949346648,0.0166741766051,0.0163212418452,0.0166741766051,0.0166741766051,0.0166741766051,0.0195375642576,0.155495140829
C000530,3,0.00818707910517,0.0293168487049,0.185881560599,0.0293168487049,0.335530833969,0.0149856737067,0.02103864401,0.375742511201
C000531,4,0.00334370078542,0.659875132816,0.246910427113,0.00328396986206,0.00334111240015,0.0612088217572,0.00383603793355,0.0182007973325
C000532,3,0.313690371115,0.00458340361781,0.00459506159624,0.622954950416,0.00458340361781,0.00458340361781,0.00538027228065,0.0396291337384
C000533,2,0.190361507452,0.0335543891258,0.0337082797609,0.0280692592804,0.018768495401,0.350069775666,0.0422740750279,0.303194218286
C000534,2,0.279420004394,0.00215461653636,0.170644228883,0.00202821076229,0.514975888404,0.00197532711069,0.0170725212002,0.0117292027098
C000535,2,0.655621031723,0.00396598209316,0.303704054685,0.00426358555376,0.00311708314364,0.00354058807474,0.00448167474752,0.0213059999795
C000536,3,0.00331123218858,0.00349634526874,0.375819423088,0.003534338535,0.00331123218858,0.00643920881665,0.581447807032,0.0226404128819
C000539,1,0.0014273156949,0.0119264425376,0.00551438524187,0.00134087351782,0.00269386672865,0.0013320610137,0.000768964641103,0.974996090624
C000540,1,0.0341147738185,0.0342949234794,0.145240187994,0.089878767216,0.0341944107303,0.0275338168453,0.0998433263128,0.534899793604
C000541,4,0.509246901552,0.0215588361913,0.0184932918152,0.0081458540662,0.0188637937097,0.237092717771,0.0188565682238,0.167742036671
C000542,4,0.0105134704968,0.0104814421192,0.841080439798,0.00881376555117,0.010505331936,0.0105134704968,0.0114526326728,0.0966394469287
C000543,4,0.00634102258829,0.0689009001829,0.00617363143,0.867387504802,0.00633611395244,0.00634102258829,0.00679879913588,0.0317210053205
C000544,0,0.0178192533262,0.0186272481393,0.0258363107707,0.0186272481393,0.0186272481393,0.274070955373,0.0231209639903,0.603270772122
C000545,4,0.0111482544994,0.0225733879813,0.228767746322,0.0221575774691,0.333052795235,0.168392237374,0.0256460764219,0.188261924697
C000547,2,0.61758450383,0.0206927367956,0.124462156452,0.0196058489016,0.0343120427433,0.0129212118292,0.0243459405456,0.146075558902
C000548,3,0.0094241165129,0.0104536010136,0.010480189956,0.0504756479637,0.125893969119,0.0326761162269,0.0132270036196,0.747369355589
C000549,3,0.1797258426,0.00892431572049,0.00894701489536,0.00892431572049,0.20606977736,0.496198063705,0.0120559391606,0.0791547308379
C000550,3,0.0334785481997,0.0334785481997,0.0328563350728,0.0334785481997,0.0334785481997,0.0334785481997,0.05240790381,0.747343020119
C000551,1,0.00974339243473,0.0920857369168,0.551499990423,0.28915291711,0.00976613723406,0.00979484430284,0.00973208876784,0.0282248928105
C000552,4,0.00664185788101,0.00664562458157,0.00639317070611,0.0656250282764,0.0066367163662,0.00524970872495,0.00746450543687,0.895343388027
C000553,2,0.044617637153,0.0128336389308,0.136685173952,0.046487340022,0.0181297400036,0.0903535400885,0.00804783448302,0.642845095367
C000554,3,0.0140166564393,0.227363264478,0.00149413691273,0.00481596479718,0.00316435609292,0.200734769514,0.53739770996,0.0110131418056
C000555,4,0.424653040409,0.0307221742987,0.0300627185473,0.0208643656683,0.0569293828919,0.0307047611527,0.0355533615127,0.370510195519
C000556,1,0.00616594870168,0.00993514358324,0.0596089247819,0.00990005869642,0.00990602532047,0.828339249672,0.0133332612928,0.062811387951
C000557,4,0.0383684879015,0.0325135905195,0.0357777960168,0.456075578153,0.032470007247,0.0472679145244,0.0543832393373,0.303143386301
C000558,1,0.0225315608319,0.027775529876,0.0192054545134,0.0276792931181,0.0276941243915,0.027775529876,0.0340884288267,0.813250078566
C000559,2,0.0141875841592,0.0121849974325,0.0122408815372,0.360368237653,0.0114397085438,0.499836680875,0.0491659312543,0.0405759785442
C000561,2,0.0418688165181,0.0413263821208,0.0399809324316,0.0403480593972,0.0417111774465,0.0340826552329,0.0417505754047,0.718931401448
C000563,2,0.0048922134226,0.0049097774682,0.00502164054884,0.825426080649,0.00495549304557,0.127316435032,0.00593964199178,0.0215387178422
C000564,3,0.00201277890115,0.00201277890115,0.0020178984444,0.011395056613,0.972790242976,0.00201277890115,0.00314489909595,0.00461356616735
C000566,0,0.0375200735218,0.0660566623881,0.0875197417912,0.0660566623881,0.0556094713141,0.0629029213184,0.113325000665,0.511009466613
C000567,2,0.961154572624,0.00373308571835,0.00363071568464,0.00371495229964,0.00376784496562,0.0033709932333,0.00431660970035,0.0163112257739
C000568,4,0.0251216809764,0.626695319252,0.136100361616,0.00999189925484,0.0325845097706,0.0101736382457,0.00723425907524,0.15209833181
C000569,1,0.00331350843076,0.0236397323665,0.00499874927105,0.574030715772,0.3226812573,0.0120124065407,0.00278472183314,0.0565389084856
C000571,0,0.202226732682,0.0365364299548,0.0365215356762,0.016653206896,0.0160806091845,0.0246371656425,0.040864032837,0.626480287127
C000577,3,0.0049202412791,0.0135672413532,0.00587034384149,0.00893433510228,0.00511890984278,0.0187987527989,0.00992279120381,0.932867384578
C000579,2,0.00400892499012,0.878154899077,0.00661621198415,0.018368412377,0.0031957250641,0.00500151140614,0.00807769669701,0.0765766184044
C000580,3,0.759330503823,0.00395872806225,0.00396415981768,0.078170480483,0.115620309271,0.00395872806225,0.00548817490445,0.029508915577
C000582,1,0.00240201015232,0.00865234838038,0.0416122507297,0.0044107989539,0.879798733865,0.00454075744732,0.0103525116976,0.0482305887735
C000583,0,0.00648770246386,0.638558928155,0.00664612450346,0.00672811244983,0.00637061626885,0.0668947089409,0.247795006406,0.0205188008128
C000586,0,0.0203680241186,0.0212370690206,0.0209782767235,0.0212370690206,0.0432705236677,0.0212370690206,0.767146154059,0.0845258143698
C000587,1,0.00526834789898,0.160941893062,0.0277543874012,0.00676405475481,0.0451206492859,0.713662815404,0.00773370357505,0.0327541486185
C000588,1,0.304622329878,0.0241194288817,0.0242628662633,0.0242245942757,0.0240487388245,0.0277143005991,0.0322162501431,0.538791491135
C000592,0,0.00240102236066,0.00254431188738,0.00385157305143,0.101819894314,0.840072149203,0.0355740163445,0.00318466802756,0.0105523648114
C000594,4,0.421464319776,0.0436013583165,0.0513979134822,0.0112656597905,0.00620796271846,0.00618215352234,0.0112851393531,0.448595493041
C000595,1,0.0287582991614,0.0131198862979,0.120488412152,0.184889671321,0.0137771518917,0.0758255371148,0.0359879479327,0.527153094128
C000596,1,0.91086098688,0.00805781700429,0.00810573655404,0.00798278763026,0.00803420087525,0.00805781700429,0.00915935289772,0.0397413011539
C000597,0,0.870904703155,0.0054168301884,0.0584683974066,0.0054168301884,0.0054168301884,0.0054168301884,0.00287661807595,0.0460829606086
C000599,2,0.0164017231386,0.0164606086753,0.446036753282,0.296266907773,0.0166138755462,0.0183746266503,0.0194453092337,0.1704001957
C000600,2,0.042791722633,0.014496851725,0.0152597262974,0.013330110788,0.00981294190245,0.0131842869478,0.751541465198,0.139582894508
C000602,0,0.0269938521738,0.00378877359318,0.00857956345327,0.00378877359318,0.00299921819185,0.00676126322201,0.00435416168633,0.942734394086
C000604,3,0.00375787332302,0.00339225030229,0.00115472871869,0.0106398551541,0.000800218508989,0.00197201395092,0.00277685876932,0.975506201273
C000605,1,0.0335229710329,0.00562714604748,0.00555394413814,0.864660012111,0.0172868110241,0.0394555936249,0.00668903792304,0.0272044840989
C000606,1,0.0047571749997,0.00365118784961,0.00387642894942,0.00470054023951,0.00360828388871,0.00478229618232,0.915549193359,0.0590748945317
C000607,3,0.469086257192,0.0163081178321,0.016029231306,0.0163081178321,0.0204925038016,0.0163081178321,0.0178783025062,0.427589351698
C000609,2,0.97391150137,0.00167080418894,0.0123248958963,0.00158304504599,0.00168636126432,0.0015503640177,0.00364963157579,0.00362339664096
C000612,3,0.00173546107141,0.840162174713,0.130107251877,0.00173546107141,0.00173546107141,0.00173546107141,0.00214707052108,0.0206416586029
C000615,3,0.00560577364041,0.0771617710392,0.00562003203737,0.00560577364041,0.00560577364041,0.496024175024,0.37852391575,0.0258527852283
C000617,0,0.000348799372558,0.000723506005685,0.00026100160187,0.000723506005685,0.000723506005685,0.000822368726361,0.000928787334502,0.995468524948
C000618,2,0.00501255791249,0.00503055401939,0.00401502970846,0.00463705678621,0.00507739416296,0.93021255128,0.00719010241356,0.0388247537172
C000619,4,0.0202846809104,0.037273780533,0.06541036028,0.0650763372291,0.0308665846417,0.120129904449,0.0394904861496,0.621467865807
C000620,2,0.00703529430959,0.00827361253467,0.753921924976,0.00778822110694,0.0458427939032,0.00857115108682,0.104528912268,0.0640380898151
C000621,2,0.00399800648003,0.00401236014002,0.0120535631708,0.00390436805677,0.0040497197478,0.0036007796529,0.941345522255,0.0270356804965
C000622,0,0.0939265287826,0.0282123546807,0.0128802632988,0.0340258804031,0.521010107657,0.0282123546807,0.16466541517,0.117067095327
C000624,4,0.0236886171743,0.323819079768,0.022838650264,0.0232654504295,0.0151194127516,0.0236886171743,0.0269969095883,0.54058326285
C000626,1,0.470817012126,0.00398210265078,0.00392824049117,0.00396804028524,0.00397043176647,0.0318847672646,0.46319633097,0.0182530744461
C000627,4,0.000942048636517,0.000828907008715,0.000800682370742,0.000914006423493,0.000595270378949,0.000438863885537,0.000893362305541,0.994586858991
C000628,1,0.00935667001999,0.0946021641638,0.00623594447489,0.00621012331883,0.713530113271,0.0163586569049,0.00368487239112,0.150021455456
C000629,2,0.562292680968,0.37390939626,0.00272195309063,0.0208263873069,0.0028247591219,0.00252531189649,0.00353293814375,0.0313665732118
C000630,1,0.0178296612512,0.0179238142257,0.0176813756379,0.0178237724954,0.0178712824904,0.0367841050484,0.410129621245,0.463956367606
C000631,2,0.0407322130676,0.0452238221893,0.64137915108,0.0193571592206,0.0500910757246,0.0166036199872,0.0278882478528,0.158724710878
C000633,1,0.0158544220723,0.781882990588,0.0101037355415,0.0156656732052,0.0178345102258,0.0159381444142,0.0166725784882,0.126047945465
C000635,4,0.019775603435,0.014829441856,0.00703958729797,0.0300571961133,0.00632256455756,0.0140676013939,0.335476075633,0.572431929714
C000636,2,0.00562481369051,0.000193512607359,0.992783495293,0.000177641284027,0.000195314428446,0.000183913498935,0.000261269246959,0.000580039950596
C000637,1,0.00281841620826,0.109138927589,0.616857800041,0.052925952046,0.00212485185036,0.00611003999414,0.0103734268043,0.199650585467
C000638,0,0.163391495494,0.445708343232,0.00738662954067,0.0074536175165,0.00460412368229,0.343857293399,0.00934874799751,0.0182497491384
C000639,4,0.0109366745975,0.00758881172364,0.0073016194055,0.042429319171,0.0158127649267,0.0105280219674,0.0130569631912,0.892345825017
C000640,2,0.00396376123153,0.0039124084441,0.932180939351,0.00378655781883,0.00394883738861,0.00343467511075,0.00465131196459,0.0441215086909
C000641,4,0.0068227180306,0.0263411190298,0.0182392910015,0.18686613152,0.608561470683,0.00698003784157,0.112609150703,0.0335800811907
C000644,3,0.00740366763578,0.00946822834391,0.00949231097136,0.0101831421269,0.00946822834391,0.0328006578159,0.902124986214,0.0190587785484
C000645,4,0.111904002918,0.487556056253,0.333692567772,0.00911101335338,0.00904312099313,0.00985055528509,0.010964999086,0.0278776843386
C000647,0,0.016168668712,0.028249946879,0.101220355754,0.614612944453,0.028249946879,0.028249946879,0.0272471239587,0.156001066485
C000648,2,0.00847335718037,0.0812376134293,0.00869752611469,0.00808732061406,0.798989883318,0.00779133696673,0.01082781626,0.0758951461165
C000649,4,0.00294734108924,0.833095257006,0.00288571160636,0.0799392177535,0.0674702797631,0.00294734108924,0.00321289387636,0.00750195781628
C000650,3,0.0137904270188,0.00922498258126,0.0508764114831,0.0524658223498,0.0453882234511,0.0108408233798,0.0276940626049,0.789719247131
C000651,4,0.00240579372598,0.00306947305682,0.00311073918739,0.00316998903721,0.0020159544258,0.364369415602,0.60942132589,0.0124373090743
C000652,3,0.0770859755627,0.0128392953218,0.0510416449282,0.0687406747097,0.0128392953218,0.151299231569,0.580796652768,0.0453572298189
C000654,2,0.00705428127552,0.0154562932321,0.0155271804944,0.0151512858409,0.542997358171,0.154212578305,0.0171538632378,0.232447159444
C000657,0,0.0281592148972,0.0303041990513,0.0299349158288,0.0303041990513,0.0303041990513,0.0303041990513,0.514713793892,0.305975279177
C000660,3,0.000327755964901,0.000541495005975,0.000478315586785,0.000142977932979,0.000577622766166,0.000577622766166,0.000677661262312,0.996676548715
C000664,1,0.0155055361738,0.301519333072,0.0229266397622,0.313372572298,0.0230328025244,0.0980013889518,0.0273853698784,0.198256357339
C000665,2,0.0349472263733,0.0314888520805,0.0160799374912,0.531378678892,0.0317820488829,0.0282986937976,0.0374358814161,0.288588681066
C000666,1,0.0141992486633,0.779767427955,0.0140811564424,0.0140311424008,0.0142323951329,0.0142742305421,0.0170162103324,0.132398188531
C000667,4,0.863450705175,0.00231899163781,0.0666357844158,0.0513488670287,0.00146533386553,0.00231767724712,0.00323283063598,0.00922980999401
C000668,4,0.0117941259591,0.0118008145908,0.0115288048223,0.0144321741467,0.766017384158,0.0117941259591,0.125865434018,0.0467671363458
C000669,3,0.00731229151207,0.00731229151207,0.0073613384055,0.00430538306625,0.58594846455,0.00731229151207,0.00887601275737,0.371571926684
C000670,0,0.0045227090927,0.00472531491979,0.131099412633,0.00472531491979,0.00472531491979,0.00472531491979,0.813287604588,0.0321890140072
C000672,3,0.730734638242,0.00334997424424,0.00335849497049,0.00334997424424,0.00334997424424,0.00334997424424,0.236914092225,0.0155928775863
C000674,2,0.00834301074889,0.945152381111,0.0187402811341,0.00832342961052,0.00216533951744,0.00185653563632,0.00357101414513,0.0118480080969
C000675,0,0.0121177652461,0.0128899841021,0.0131156887106,0.0128899841021,0.00847891996314,0.0128899841021,0.769822457715,0.157795216058
C000677,2,0.0502212825595,0.0495706372011,0.0479567819592,0.0483971475726,0.0500321958594,0.0408818495764,0.0500794533689,0.662860651903
C000678,4,0.0633268003829,0.0156899319334,0.0153531453586,0.688715971714,0.0966920062803,0.0156810389731,0.0195021903164,0.0850389150415
C000679,0,0.227301956799,0.0128140572118,0.00698855166796,0.360544189444,0.00800589388693,0.0365275250634,0.296237262719,0.0515805632079
C000680,4,0.15542722811,0.537578670057,0.0135003193699,0.107048303812,0.0138003212534,0.0685216668689,0.0163498902408,0.0877736002876
C000681,1,0.306682812389,0.0261575741419,0.176901049343,0.0613054690423,0.0119364840555,0.0261575741419,0.139641559422,0.251217477464
C000682,4,0.248848052178,0.254800454088,0.375256995343,0.0119177140308,0.0254200124871,0.0106272651174,0.00628801102817,0.0668414957282
C000683,3,0.134047500649,0.257320569052,0.00444114376293,0.00442987628433,0.0116667665439,0.00442987628433,0.571385403322,0.0122788641017
C000684,3,0.134510342742,0.0115621951372,0.00212338403408,0.831759512232,0.00211799686684,0.00211799686684,0.00280480142389,0.013003770697
C000687,1,0.02084927238,0.00580657143089,0.00543468324168,0.00907798179026,0.862023780826,0.00923587405841,0.0350580469193,0.0525137893532
C000688,2,0.00777439040668,0.0224095231862,0.0076666322311,0.0040244211339,0.00950684543247,0.00488023308586,0.00825535254969,0.935482601974
C000694,1,0.00701774468677,0.0100848550661,0.0085649739125,0.0085113918173,0.0145999525346,0.00724301707106,0.0111860850065,0.932791979905
C000696,3,0.00323150589841,0.00323150589841,0.385961770046,0.00323150589841,0.57694332074,0.00323150589841,0.00430995430768,0.0198589313129
C000699,2,0.00588715085022,0.00949008370085,0.00574626773244,0.0470132392332,0.00596329975338,0.0052413391623,0.911531287118,0.00912733245
C000700,1,0.00756457538977,0.0116846610529,0.104968680197,0.0114849054451,0.460162328029,0.216985699528,0.013797173959,0.1733519764
C000701,2,0.0213433302408,0.555764066464,0.0148743579012,0.0104324860107,0.19781950042,0.0135056649505,0.0168888112043,0.169371782808
C000702,1,0.00265091170123,0.00375025242783,0.0565926230865,0.00368613983185,0.00373926105818,0.00296807599301,0.00501223949577,0.921600496406
C000704,3,0.0428507286409,0.0233623614848,0.0372273069893,0.0339119192426,0.0801713047358,0.102540966545,0.0437684798192,0.636166932543
C000705,4,0.020703776108,0.00583613355503,0.0197294945636,0.0203339297182,0.333917087369,0.0728089182822,0.0258784936856,0.500792166718
C000706,3,0.0126958614576,0.228019269216,0.00511852020812,0.0118105080293,0.0051055341802,0.672811866147,0.0323274269539,0.0321110138076
C000707,1,0.00337991877825,0.00339776709303,0.00335180869127,0.00333990359666,0.00338780879961,0.934496644128,0.00400325196969,0.0446428969435
C000708,1,0.00304795103286,0.00276518892443,0.00341070692217,0.796465083894,0.0144213109776,0.00345747290838,0.15986891491,0.0165633704304
C000709,2,0.00355611466754,0.00376020684668,0.193772396821,0.00487660963687,0.00521595006888,0.684653397276,0.0029728687405,0.101192455943
C000710,4,0.189246582011,0.0332436714713,0.0325266966726,0.0326455862143,0.0284759294321,0.142353632795,0.054562805676,0.486945095728
C000711,4,0.0242740079479,0.0109817913057,0.111792355701,0.249802219759,0.00640337816911,0.0165087972937,0.539030356121,0.0412070937024
C000712,3,0.16845631985,0.0129109119013,0.0115981935863,0.0115687681938,0.729766583923,0.0106431516909,0.01719182249,0.0378642483644
C000713,0,0.00217397117571,0.0207828124819,0.00223910619151,0.608622654556,0.0507961246628,0.308807598358,0.00250964623398,0.00406808634011
C000715,4,0.0215097659303,0.176328695364,0.0428023732864,0.0411371632312,0.0289113216735,0.03541464845,0.0481734233694,0.605722608695
C000716,1,0.00393987888204,0.954670218349,0.00412222011995,0.00410542557981,0.0041643108859,0.00370146462865,0.00409836283446,0.0211981187197
C000717,4,0.0366821338633,0.0381740209953,0.474966902918,0.0374872340627,0.0381395286301,0.0381690756139,0.0407992414358,0.295581862481
C000719,1,0.370812305798,0.00483991302665,0.0203709956686,0.00574708996463,0.167729914479,0.00875449601592,0.363961740296,0.0577835447505
C000720,2,0.525127015469,0.0277337827526,0.0869110185237,0.0264404217311,0.0170537479261,0.0228496106832,0.0336851079166,0.260199294998
C000721,1,0.0030214408381,0.00303739614079,0.0017685831458,0.00297912891033,0.000374024229864,0.0011116608256,0.000944822139084,0.98676294377
C000724,2,0.00629634094129,0.0237982178749,0.020945638078,0.702276428523,0.0531790898697,0.0187121383792,0.0257041553994,0.149087990934
C000725,3,0.0605100876161,0.0183626117618,0.0180889057802,0.0183626117618,0.0673047842271,0.703965003939,0.022940633099,0.0904653618155
C000728,0,0.00998535457603,0.0735982979697,0.817466034362,0.00946350227209,0.0102909803312,0.0102909803312,0.0133537812831,0.0555510688742
C000729,4,0.036618795892,0.0611589027136,0.127504326632,0.0459294007474,0.0513578514599,0.0459299045409,0.0663441905299,0.565156627485
C000732,3,0.0181124283833,0.0177218820378,0.0125339016159,0.0177218820378,0.0177218820378,0.0156665696466,0.0205100180194,0.880011436221
C000734,0,0.0060535324139,0.00651465077783,0.00643526404901,0.00651465077783,0.00651465077783,0.00651465077783,0.892345052173,0.0691075482523
C000735,4,0.00391390358142,0.00480199070204,0.913696289987,0.00471353618139,0.00479555381007,0.00479926896221,0.0371618541748,0.0261176026012
C000737,4,0.0387491108063,0.00355047079448,0.320724066107,0.00348506975319,0.00354571151894,0.614646797286,0.00406320147248,0.011235572262
C000738,2,0.0181146295308,0.0303607570022,0.0305000006689,0.0299485739057,0.0306434499644,0.0173210752121,0.0343449722993,0.808766541417
C000739,3,0.0146340399737,0.840970648584,0.0108422545844,0.0108147470598,0.0344864859189,0.00959635747894,0.0133635367196,0.0652919296804
C000741,1,0.00367458415767,0.018247342614,0.00364593448583,0.00170976401323,0.00346730699401,0.913639986648,0.0311847313332,0.024430349754
C000743,1,0.0018196795958,0.00507711973759,0.00162153255465,0.000582957705964,0.00184132888867,0.00110506898999,0.00184032846962,0.986111984058
C000746,0,0.00862315047609,0.0128700984854,0.00933975180181,0.0136793642609,0.0329180270931,0.00769398197727,0.0964741229546,0.818401502951
C000747,4,0.0249653087134,0.024979466927,0.700836982571,0.0245193355127,0.0249459828701,0.0272573507949,0.0210325353141,0.151463037297
C000748,2,0.00345093702743,0.0128449905489,0.00715927259427,0.0400033903918,0.893837748698,0.00743181177227,0.00376813290601,0.0315037160608
C000749,3,0.265393460342,0.0284600222411,0.549719946861,0.0216121248034,0.0216121248034,0.0160411083248,0.0303378057094,0.0668234069151
C000750,3,0.00261258518312,0.00189144424048,0.0214747938777,0.00189144424048,0.00190354368103,0.00110223619447,0.00253639137527,0.966587561207
C000752,3,0.0117812538878,0.0415815251313,0.0247355295964,0.02468699685,0.0378795465491,0.0103136173868,0.0288706172162,0.820150913382
C000754,2,0.00563101079219,0.114302270492,0.00278520750462,0.00318075267156,0.0033883420502,0.00303313335507,0.846816406901,0.0208628762332
C000756,0,0.025860178743,0.0282279754544,0.0251642048223,0.0282279754544,0.508175269916,0.0282279754544,0.0324934756537,0.323622944502
C000757,0,0.0744507228768,0.0216510076896,0.0213456800054,0.0467869295755,0.0583532822718,0.0508595342391,0.0231795278729,0.703373315469
C000758,4,0.00347332563533,0.00347377565723,0.0033572413063,0.00341127913038,0.000911775234247,0.00331697951215,0.00425282825095,0.977802795273
C000759,2,0.527509576858,0.014694118948,0.0788412365782,0.0142562707399,0.0096604737428,0.0105719686525,0.016866461705,0.327599892775
C000761,3,0.913444148024,0.00261942738931,0.00263699709039,0.0559290577953,0.00261942738931,0.00261942738931,0.00302214812171,0.0171093668004
C000763,4,0.356120365153,0.00553533781651,0.00535318963042,0.00543337475919,0.0055279178997,0.00525588264724,0.593119233224,0.0236546988696
C000764,2,0.00999065511041,0.0172495583333,0.765485066162,0.0184387246949,0.00553622054108,0.0136319837214,0.0229641077829,0.146703683654
C000765,0,0.223885985335,0.0308014674637,0.0307085531167,0.0407870298878,0.0163093927775,0.0308014674637,0.0651401167938,0.561565987162
C000766,1,0.0219214470965,0.0331798368164,0.032731044351,0.0326147888556,0.0330825922019,0.0331798368164,0.1598947429,0.653395710963
C000769,3,0.0618526081763,0.0165541909534,0.103154641005,0.101783743206,0.0165541909534,0.0238245079073,0.0220358036682,0.65424031413
C000770,4,0.0263060759592,0.0416038883602,0.106603910221,0.024005666338,0.0502799393358,0.0218072008522,0.0224204690504,0.706972849884
C000771,2,0.00576642990849,0.00569172252024,0.00553564203607,0.00569481260298,0.00574471888983,0.00519633083914,0.92967554206,0.036694801143
C000772,0,0.00582035342897,0.00606624085579,0.529825831666,0.131217474106,0.00606624085579,0.00564858660666,0.298996050896,0.0163592215849
C000773,3,0.0675150398661,0.217511043765,0.623065366563,0.011030545728,0.0232380687168,0.011030545728,0.0161952014019,0.0304141882307
C000775,4,0.0219910673505,0.0369632115596,0.0342183589503,0.0362823349476,0.0369136637338,0.0369422610307,0.0384369303683,0.758252172059
C000776,0,0.00627324167927,0.00579876985617,0.00476119978509,0.364598617281,0.0066503047449,0.0066503047449,0.0282438621002,0.577023699809
C000778,2,0.781308195836,0.0054001512205,0.0059011280484,0.00538313899732,0.00590417853767,0.171477524911,0.00690411147926,0.0177215709698
C000780,2,0.0163933383899,0.0160802999072,0.0917219055202,0.484995387771,0.0330811868935,0.0634929624391,0.0175757045518,0.276659214527
C000781,3,0.00481421492715,0.00362479135344,0.438908895945,0.49697359252,0.00481421492715,0.00126854684641,0.00598311666939,0.043612626811
C000783,3,0.0895619272411,0.0172354631842,0.11266358376,0.0329510167994,0.0272786596802,0.0329510167994,0.0408565368228,0.646501795713
C000785,0,0.0022180722368,0.00173975756813,0.00179476659258,0.00477172996239,0.00180212350848,0.00156372694175,0.00256192313628,0.983547900054
C000786,4,0.00613036228847,0.0170639941993,0.693976001007,0.0167496688454,0.0176656959283,0.00768381855753,0.0191584335873,0.221572025586
C000787,2,0.00982481469648,0.00905908388698,0.0100847374394,0.00937720725479,0.79086083718,0.00929851834105,0.0120764781542,0.149418323047
C000788,4,0.00364974064313,0.00622842026824,0.00721157963965,0.00603466559776,0.0188379940395,0.00622426972706,0.900590387043,0.0512229430416
C000791,0,0.0155385274919,0.490442900837,0.0286845510596,0.0164724951454,0.00814673993299,0.00587077185898,0.0226412493913,0.412202764283
C000792,3,0.0497559205994,0.0463229909984,0.0498824757749,0.0367678040279,0.0497559205994,0.237637626483,0.0613364597226,0.468540801795
C000793,4,0.0109850284308,0.0179197533697,0.0107553293221,0.00477055186831,0.0109765248333,0.0109850284308,0.742544684811,0.191063098934
C000794,4,0.0145374510767,0.16258311716,0.0140670486335,0.0275376722499,0.663190658929,0.0145374510767,0.0357525313042,0.0677940695701
C000795,1,0.00614084462057,0.19694684393,0.0118375273147,0.0076269279782,0.0979478651522,0.629585700208,0.0104299211064,0.0394843696897
C000797,2,0.0118354751812,0.012600641713,0.357160840111,0.0119681470342,0.502207686986,0.0244305824653,0.017190176283,0.062606450226
C000799,1,0.018417683573,0.0185149417132,0.0201127510436,0.0143382704165,0.0116786771835,0.0185149417132,0.0222761302455,0.876146604111
C000800,1,0.00662496452007,0.00683316210434,0.00674073634333,0.00680903153018,0.795092401099,0.139097379301,0.00790947169975,0.0308928534028
C000802,1,0.0042277863662,0.597498545473,0.00191779687406,0.23600377902,0.00369736479913,0.129973257339,0.00443007666425,0.0222513934644
C000803,3,0.0095128152607,0.415519867954,0.474219660922,0.0104209721219,0.00395984325518,0.0103389772338,0.00784144020658,0.0681864230457
C000804,3,0.823616227947,0.00958147194924,0.00596556978385,0.00595043473453,0.0623739704987,0.00470121713339,0.0081698333993,0.0796412745542
C000805,1,0.014314867507,0.807075274054,0.00856251644537,0.00850894972398,0.0978953905522,0.00867537183913,0.0113673117611,0.0436003181176
C000806,3,0.00638653337046,0.00701546126037,0.0101890027874,0.00935112108151,0.247049745129,0.611642143276,0.0147387315395,0.0936272615558
C000807,1,0.0329065603766,0.0065142571926,0.00642951511191,0.00472163082379,0.0140724201701,0.0107383882936,0.00736499089553,0.917252237136
C000808,4,0.00845190484999,0.0396496057866,0.0038633761959,0.00830092241667,0.00375533487889,0.0798620331803,0.010411060427,0.845705762265
C000810,3,0.00326770032522,0.00341618055158,0.00353059660848,0.00209078301539,0.00341618055158,0.00239143376446,0.932919858076,0.0489672671071
C000811,2,0.0547656765851,0.153192469261,0.0336483432917,0.0610689789028,0.0249192936169,0.0297848479113,0.0365901748384,0.606030215593
C000815,4,0.0148401302514,0.00767566566217,0.0143026103864,0.0625671447143,0.0110280908192,0.0357776251262,0.0157849824814,0.838023750559
C000818,1,0.0572165022557,0.00960979036897,0.00948477939584,0.0094260728875,0.537499995032,0.00960979036897,0.0109138153024,0.356239254388
C000819,1,0.606231764262,0.0044590897625,0.352714467212,0.00444334296848,0.00444602090785,0.0044289969621,0.00520217997985,0.0180741379454
C000821,3,0.00222083958302,0.00222083958302,0.351480955502,0.626734393742,0.00375371106006,0.00222083958302,0.00300102444711,0.00836739649979
C000822,4,0.00362942999146,0.00186249906918,0.00182252026718,0.00459477212257,0.00107095341824,0.00372876459585,0.00196999021874,0.981321070317
C000823,2,0.0847846085734,0.22135285777,0.00291699388079,0.00273332553931,0.00293071324826,0.0041545379429,0.672456891553,0.00867007149234
C000825,0,0.00536214731734,0.0107848926334,0.269707339158,0.0141331705707,0.00582868653111,0.0141331705707,0.0170022949469,0.663048298272
C000826,0,0.505614694596,0.117589850066,0.0800223112769,0.00841740630175,0.00841740630175,0.250508188692,0.00926231095967,0.0201678318058
C000827,4,0.000964763265028,0.000671758945326,0.000721656959069,0.000568911063423,0.000964016434139,0.000234852447339,0.000979738931131,0.994894301955
C000828,0,0.00478322531995,0.00436820647239,0.218577660626,0.684359330841,0.00316881883924,0.0022315787899,0.0659056673313,0.0166055117805
C000829,4,0.0324105816233,0.0324289621665,0.0303239597253,0.031831608177,0.0323854923352,0.0308460160177,0.0340188945339,0.775754485421
C000831,0,0.00219527549513,0.0335920011368,0.618092660635,0.0419167349353,0.00426030025458,0.27736933126,0.00502503109543,0.0175486651876
C000832,3,0.00267676459325,0.00287282822832,0.00143795463559,0.0326907093887,0.00143128140562,0.00245967994144,0.00410555333432,0.952325228473
C000835,1,0.471792188227,0.0106241856733,0.0104804822999,0.0171159517592,0.010695327102,0.198134328699,0.127074984775,0.154082551465
C000836,4,0.337866072481,0.00929784648898,0.00813469300065,0.0082565421132,0.00840020962294,0.00840671732945,0.53469386231,0.0849440566544
C000837,4,0.00496049267607,0.00508439988624,0.0688581019898,0.00564910472065,0.334475693842,0.547725870182,0.0163717468993,0.0168745898039
C000838,4,0.193307295963,0.00840750598766,0.00375733450738,0.224157329185,0.0273272239095,0.519225415561,0.00577190433489,0.018045990552
C000840,0,0.00311098322048,0.00423976776128,0.00419351241033,0.00423976776128,0.934088520089,0.00423976776128,0.00424222951134,0.0416454514852
C000841,0,0.491406622381,0.112464221667,0.0272290703586,0.0229285977482,0.0867260726182,0.095619368271,0.0269799718196,0.136646075136
C000842,2,0.0047053595172,0.0047222527191,0.00482984328511,0.585192034673,0.027492847057,0.261230169451,0.00562997096061,0.106197522338
C000843,0,0.0218178444533,0.0363170457509,0.035874490722,0.0363170457509,0.212023365681,0.0363170457509,0.0595381313544,0.561795030537
C000844,1,0.163351214292,0.177690784805,0.011060212391,0.218918874394,0.12773945274,0.0208704301993,0.0240654166864,0.256303614493
C000845,2,0.021700885758,0.0677818905561,0.0218786805558,0.0206348630984,0.016155197801,0.0301292674082,0.671862829732,0.149856385091
C000849,0,0.0115450965548,0.0101532192244,0.649345009598,0.0120376925594,0.230391069007,0.0120376925594,0.0123296004249,0.0621606200726
C000850,1,0.00410078050709,0.00412243547164,0.00406880790536,0.892245366706,0.00411035329504,0.00412243547164,0.00480362679023,0.0824261938526
C000851,4,0.0136931948556,0.204996296544,0.00910804638378,0.00893626432061,0.00614554976718,0.711035620196,0.00952217473554,0.0365628531969
C000853,4,0.0241358274767,0.0321534682293,0.431012914435,0.034883722269,0.0181584104832,0.0266069911918,0.0335647709957,0.39948389492
C000854,3,0.0108040134541,0.462337896327,0.197524198796,0.0110658633616,0.00917974966665,0.256079847102,0.0116095097783,0.0413989215136
C000856,4,0.097985901876,0.0392488724883,0.0342115460179,0.0307689547479,0.0349594607615,0.13359281392,0.0371303617801,0.592102088408
C000857,2,0.459570956816,0.0227958759229,0.00863206174734,0.00776051935293,0.00851835601172,0.0076159935134,0.44827675973,0.0368294769056
C000858,0,0.206573145805,0.0037084720332,0.00367514284313,0.761174506564,0.0037084720332,0.0037084720332,0.00439304660929,0.0130587420789
C000859,4,0.0129326008096,0.012939935088,0.248417795666,0.638348300695,0.0129225895808,0.0141921285446,0.0139630287966,0.0462836208192
C000860,1,0.420154028201,0.0202594572137,0.0457119148053,0.0173352971854,0.0767205869545,0.0190341422816,0.044325450397,0.356459122961
C000862,4,0.00676041949547,0.00676425343415,0.00661202601191,0.123946640385,0.00675518620116,0.816104156057,0.00745755145476,0.0255997669611
C000864,4,0.428088996637,0.0118624086796,0.0119720108135,0.0302729861041,0.0118345611549,0.00896844296422,0.397167546233,0.0998330474132
C000865,4,0.00241273638847,0.00334354390974,0.00113855813836,0.00328339037585,0.00355430999521,0.00392761488697,0.00350112535944,0.978838720946
C000866,0,0.00646762610483,0.788101018152,0.0100278726574,0.0102871907158,0.0225202110454,0.011536227695,0.103817261914,0.0472425917154
C000868,1,0.0220916788742,0.0221635271887,0.0218637419889,0.0140425211734,0.0220985695559,0.0150579629416,0.0258467282468,0.85683527003
C000869,0,0.088372659445,0.0542824797405,0.0391547318843,0.0344181694297,0.0542824797405,0.0542824797405,0.0693393176157,0.605867682404
C000873,1,0.0280594602022,0.008871854906,0.00875185366371,0.00884111567056,0.00884585296649,0.008871854906,0.835771815307,0.091986192378
C000874,3,0.0102947366091,0.396133277537,0.187961722171,0.205615255468,0.0113102944443,0.0128515351394,0.0149175155384,0.160915663093
C000875,4,0.00224965737985,0.870284084029,0.00469992560098,0.00473344503552,0.00344687323628,0.00332835001037,0.00520214744075,0.106055517267
C000877,1,0.00287321638265,0.0127288098185,0.00247375528383,0.00246480418721,0.00158058035742,0.797332004435,0.168389665293,0.0121571642429
C000878,4,0.0327791812491,0.00227399027234,0.00220562973267,0.00196392744379,0.00227094207201,0.810684061004,0.135575757762,0.0122465104645
C000880,4,0.0061614515514,0.0027680037656,0.00268479222616,0.00271701606875,0.00276429335833,0.00176315681317,0.956695580694,0.024445705523
C000881,3,0.0101912388439,0.00392068045708,0.00184718509376,0.00430138270539,0.239497696936,0.00602409385372,0.719203701917,0.0150140201933
C000883,0,0.016493650495,0.0276449814621,0.146628376942,0.0173909359038,0.0173909359038,0.0828881386844,0.62350319882,0.0680597817889
C000885,3,0.0959542976323,0.00362056055099,0.00362976951889,0.0378100277132,0.580997278033,0.257453461569,0.00416673686778,0.0163678681151
C000886,2,0.00224546362023,0.15456286896,0.00240798593928,0.00221171721689,0.00235606324131,0.00130534434826,0.826312925885,0.00859763078825
C000887,3,0.105252605,0.00215808753123,0.873258870715,0.00215808753123,0.00215808753123,0.00215808753123,0.00261494912902,0.0102412250312
C000889,2,0.0986606898392,0.0128564122479,0.0247169393132,0.0122568552879,0.775361578409,0.0114524134183,0.0167105796011,0.0479845318839
C000891,4,0.0657313682437,0.0897163005509,0.131737649379,0.0117553932113,0.0104745757561,0.63342654692,0.012702051818,0.0444561141209
C000892,1,0.0069054398711,0.00694190538184,0.912039570176,0.0178779830024,0.00692155980522,0.00694190538184,0.00828299855231,0.0340886378294
C000894,4,0.00274361070047,0.832881622178,0.0026442352079,0.00140704166752,0.00259232146072,0.00274361070047,0.0615675597168,0.0934199983678
C000895,1,0.693173519675,0.00766390239779,0.209805462161,0.00763683815399,0.00764144076732,0.00766390239779,0.00712790268644,0.0592870317606
C000896,0,0.0168559710342,0.014192860277,0.0310644780384,0.0305323288935,0.535009066805,0.0305323288935,0.0372507043277,0.30456226173
C000897,1,0.175465754452,0.00953362570533,0.0110085613252,0.0163870562583,0.273833118324,0.413012144284,0.0186760813636,0.0820836582879
C000898,4,0.0139419276853,0.805288441013,0.00326282084547,0.00328922225405,0.00284287494275,0.127526124764,0.00368738393594,0.0401612045593
C000899,0,0.216663481934,0.385654985097,0.00910790286744,0.282247509354,0.0416465792334,0.00571505981861,0.00870852933181,0.0502559523637
C000901,4,0.0277351651068,0.0277387586171,0.0268377113948,0.0272397119763,0.0913541510164,0.0683167435318,0.0785117504661,0.652266007891
C000902,1,0.739420859548,0.0198077456089,0.020340442079,0.0146246756292,0.0108552385312,0.0206085324954,0.0169931123444,0.157349393764
C000903,3,0.00488713375867,0.00488713375867,0.465293545238,0.00488713375867,0.00488713375867,0.480849060647,0.00701070467024,0.0272981544099
C000904,2,0.0274488372072,0.0195984004017,0.0200449252103,0.0185689926268,0.0181612824436,0.534492063011,0.0272464865816,0.334439012518
C000905,3,0.0651603500873,0.0651603500873,0.22497701635,0.0651603500873,0.0651603500873,0.0651603500873,0.0783820006576,0.370839232556
C000907,1,0.00814772606854,0.00842633300978,0.00734246506236,0.586572019488,0.00840163682128,0.288973347131,0.00982101903038,0.0823154533884
C000908,0,0.00501393965201,0.0132364254561,0.008689939885,0.0584304894657,0.0106460872407,0.0425719966541,0.0282687284294,0.833142393217
C000911,0,0.206950081989,0.482575489236,0.0301727178618,0.0304407253885,0.0614956229844,0.0304407253885,0.0344819600093,0.123442677143
C000912,2,0.0111027337216,0.0159137432537,0.0159195610518,0.00343800422581,0.00365339992552,0.0100365203907,0.00413309405362,0.935802943377
C000913,2,0.0418688165181,0.0413263821208,0.0399809324316,0.0403480593972,0.0417111774465,0.0340826552329,0.0417505754047,0.718931401448
C000914,3,0.00692019080891,0.00692019080891,0.888498767508,0.00692019080891,0.00692019080891,0.00692019080891,0.0109305509575,0.0659697274896
C000916,3,0.248466814844,0.0158329867995,0.0217080102915,0.563510167367,0.0158329867995,0.0158329867995,0.0217944107053,0.0970216363937
C000917,1,0.938101810799,0.00328052010142,0.00323614758949,0.0242127500984,0.00327090543953,0.00209967112645,0.00440125527797,0.0213969395679
C000920,3,0.00484551142498,0.00484551142498,0.00477328610767,0.00484551142498,0.00484551142498,0.910109783766,0.0302107226418,0.0355241617842
C000921,2,0.0249490461317,0.0214594753489,0.0216480966976,0.0325706243429,0.029899473532,0.0298130768671,0.133633027665,0.706027179415
C000922,3,0.0515929013573,0.052973581489,0.043411899156,0.0433017602659,0.0575568009709,0.0463220862606,0.54915607654,0.15568489396
C000923,2,0.00926132019338,0.00929457022483,0.00933719795111,0.183885142298,0.00938111317857,0.0106756211213,0.671135022871,0.0970300121616
C000926,3,0.0154138366966,0.429904006394,0.299062836579,0.0276870834599,0.0276870834599,0.0276870834599,0.0349044647538,0.137653605197
C000927,1,0.50971345262,0.00470842592859,0.441054115012,0.00285960209406,0.00469462631087,0.00470842592859,0.00578773976662,0.0264736123398
C000929,1,0.00835217396977,0.00564187721605,0.00316334585573,0.00199539387037,0.00926382927983,0.926401354319,0.0062492409189,0.0389327845701
C000930,4,0.0828668667874,0.0280092119499,0.0274413465155,0.0274905317627,0.027968879258,0.641323048892,0.0337492519258,0.131150862908
C000931,1,0.018560983825,0.0213062121823,0.0184066159528,0.0183022807891,0.0186043122505,0.0186589986898,0.0214014704951,0.864759125815
C000932,4,0.0212712419691,0.0181992907275,0.0208877125883,0.0208912585299,0.764614677913,0.0212712419691,0.0539045052044,0.0789600710989
C000933,0,0.00181014700208,0.964409436137,0.00197670074573,0.00192550075079,0.00192550075079,0.00199915631108,0.00231564137321,0.0236379169291
C000936,4,0.0537436970807,0.02393519207,0.228315808207,0.00893434893467,0.531977942596,0.105935277901,0.00985310481923,0.0373046283911
C000937,4,0.00174118586306,0.000362828578372,0.00103166918746,0.0014630892079,0.00143812084956,0.00203365158663,0.00766635635322,0.984263098374
C000938,1,0.0152132443469,0.473860664719,0.0264490707991,0.0532990495264,0.0331741339787,0.0267976739601,0.0304171886491,0.340788974021
C000941,2,0.00481887700478,0.891156494223,0.00731352965923,0.00689775066183,0.0230729073352,0.00576141392371,0.00766310429014,0.0533159229022
C000942,0,0.0152026456352,0.0439430726194,0.0159158237973,0.152762405967,0.0161164245811,0.515839499464,0.180309475079,0.0599106528565
C000943,2,0.0118291953413,0.0118716645692,0.0106873112586,0.0116191248188,0.0119822031839,0.791203253335,0.0102004124866,0.140606835006
C000944,1,0.00534812896465,0.358241846712,0.00543736975374,0.00380786471418,0.00232054809116,0.40136822458,0.203497891866,0.0199781253184
C000948,3,0.338673706987,0.0317873365788,0.0995338541968,0.281914326491,0.0317873365788,0.0317873365788,0.0389678935426,0.145548209046
C000949,3,0.0189113699667,0.0154636428575,0.0155673646036,0.0402545244995,0.0154636428575,0.0154636428575,0.783571760416,0.0953040519422
C000950,3,0.00148268245458,0.00148268245458,0.000999316830727,0.00148268245458,0.000451348396093,0.0115483506962,0.00182662561931,0.980726311094
C000951,2,0.115459898245,0.0151531739243,0.015631320706,0.0194209691003,0.671042536329,0.0104308475778,0.0159660382051,0.136895215912
C000952,4,0.08323242608,0.0211304383377,0.0392682358287,0.593883461433,0.134657136792,0.0206823664889,0.02967044103,0.0774754940096
C000954,3,0.00907356271787,0.497313453261,0.00909664150544,0.064831312673,0.00511795572772,0.349066731758,0.0121818668711,0.0533184754855
C000956,0,0.00392233264849,0.0639116272972,0.0042172435761,0.00415809062634,0.00415809062634,0.163290218091,0.747407429182,0.00893496795282
C000957,4,0.00867291930639,0.801740591838,0.00184237348792,0.00357023160891,0.175690414309,0.00140852343107,0.00153976698267,0.00553517903578
C000958,2,0.00483040165015,0.00864665275313,0.00891949124932,0.00829519681727,0.00872716286292,0.898521459755,0.0114139731494,0.050645661763
C000959,4,0.0452464021448,0.0751870556316,0.0437268205887,0.0444381332378,0.0592622172221,0.0452464021448,0.053267198092,0.633625770938
C000960,0,0.297872162859,0.0713461047059,0.0141371938935,0.409494187921,0.00964257635439,0.0140001349572,0.0169261325966,0.166581506713
C000964,0,0.00263238392968,0.0807665608783,0.0027094425429,0.00274359197208,0.00274359197208,0.0338778765304,0.869745140562,0.00478141161228
C000965,0,0.217665818631,0.0205575800442,0.270342228329,0.0205575800442,0.117944302966,0.0205575800442,0.0265093633132,0.305865546629
C000966,4,0.00942643184646,0.427047951471,0.00919248081634,0.0496723843806,0.00941913477086,0.00942643184646,0.440370026397,0.0454451584717
C000967,3,0.00336195097708,0.94674615827,0.00337050216638,0.00336195097708,0.00336195097708,0.00336195097708,0.00412221605747,0.0323133195977
C000968,0,0.00255678662021,0.00266587733832,0.0365551618515,0.00266587733832,0.00266587733832,0.00266587733832,0.937562581752,0.0126619604231
C000969,3,0.0258729144738,0.0354912417391,0.621126014066,0.0249282812272,0.0982235556192,0.0182749324675,0.0261458757448,0.149937184662
C000971,1,0.00698078729084,0.282821357947,0.00692636010767,0.00689768014971,0.657969763873,0.00500094364802,0.00908300378452,0.0243201031988
C000972,3,0.022287022185,0.022287022185,0.0934877548586,0.022287022185,0.672097422386,0.022287022185,0.0596525167566,0.0856142172587
C000973,2,0.0184541511912,0.29311647362,0.115457315106,0.0212386140717,0.0224849521233,0.0195418641775,0.0263267111117,0.483379918598
C000974,4,0.463781231581,0.305692470129,0.0391801525329,0.0216870019679,0.0220643654602,0.0220814588925,0.0243668965008,0.101146422936
C000975,0,0.165684680335,0.00104792604295,0.00103488253045,0.00104792604295,0.825902928019,0.00104792604295,0.00129614249078,0.002937588496
C000977,4,0.00622347017416,0.00617183578984,0.00610135992726,0.00981227957161,0.00621865253657,0.00865530404307,0.907113306247,0.0497037917102
C000979,4,0.0205783918528,0.0263522148811,0.010451266328,0.0103727144618,0.0106437331473,0.00374475232869,0.0110515802943,0.906805346706
C000980,3,0.00665041898899,0.00665041898899,0.851479827398,0.00665041898899,0.00665041898899,0.0157039078034,0.00933331871747,0.0968812701254
C000981,1,0.00428442376903,0.00430704849735,0.00289906937109,0.00423341717105,0.00404593821801,0.00233154348134,0.00499816026102,0.972900399231
C000983,0,0.0483649950387,0.0158652146106,0.0212591937193,0.0158652146106,0.799624291031,0.0158652146106,0.0203624071665,0.0627934692129
C000985,1,0.00260808361963,0.00127731531121,0.00258774914458,0.000533174134133,0.00156751269159,0.00106205341952,0.0658745403711,0.924489571308
C000986,2,0.484359264796,0.00519128232795,0.00628204329143,0.343365788886,0.0306695597636,0.00392906382174,0.00848621900091,0.117716778113
C000987,0,0.0300752119757,0.00880721737752,0.0436665816934,0.00880721737752,0.0291056532111,0.00749291142372,0.0336752414865,0.838369965455
C000988,3,0.0134196447322,0.0134196447322,0.00991783444694,0.0134196447322,0.727500216704,0.0134196447322,0.0164046473267,0.192498722594
C000990,3,0.0202919860827,0.014491780446,0.0453236529566,0.683206485962,0.014491780446,0.0983517751331,0.0196036201947,0.104238918779
C000993,0,0.00211084860529,0.772666247124,0.00208360685496,0.00210931065377,0.158759878704,0.00183264534589,0.0565478501873,0.00388961252497
C000994,0,0.0253168303307,0.0183880827299,0.0182228233187,0.736884974256,0.0154023687179,0.0183880827299,0.0209631877047,0.146433650212
C000995,0,0.0020107378744,0.0160118353048,0.198477933461,0.0301096439252,0.00973459960947,0.00301391324944,0.0065440726369,0.734097263938
C000996,1,0.00514770338774,0.00631422047133,0.000536143586549,0.000541575637969,0.000541902037875,0.984106253752,0.000735774227108,0.00207642689913
C000997,4,0.000824904335548,0.988203233213,0.000771796265157,0.000810168478242,0.000557849707815,0.00067832553705,0.000951245630711,0.00720247683244
C000998,1,0.00992403960387,0.84994284144,0.00984150341444,0.00980654795008,0.00994720610268,0.00997644541429,0.0119425779587,0.0886188381158
C000999,4,0.000498235184975,0.000815334647652,0.000462162720883,0.00048933485281,7.34751760224e-05,0.000699669960674,0.000511033363292,0.996450754094
C001000,4,0.0699317615794,0.0222035635339,0.178673565346,0.0217945653307,0.0165821936999,0.0221909786859,0.10494047198,0.563682899845
C001002,3,0.00121304066897,0.000907644364716,0.000909952976244,0.00424795742411,0.987014808189,0.000907644364716,0.00114975725349,0.00364919475911
C001004,2,0.0114868827406,0.0115281229961,0.0116471859005,0.70480321469,0.00643090689021,0.177679403157,0.0118744103797,0.0645498732462
C001005,3,0.0182250130783,0.0210498418489,0.750668075023,0.0210498418489,0.0111068138062,0.00801331386377,0.0268997323042,0.142987368227
C001006,3,0.953611412172,0.00225607310948,0.00306411388848,0.00220185879529,0.00304369840707,0.00304369840707,0.00421382024472,0.0285653249761
C001008,0,0.0127019527228,0.862321590167,0.0130121194218,0.0131726395789,0.0131726395789,0.0131726395789,0.0431828845272,0.0292635344249
C001012,4,0.00465666696664,0.00545163519979,0.0041654001501,0.00535121397695,0.00449383864424,0.905726219875,0.0151842078933,0.0549708172939
C001013,1,0.0107125790674,0.00768360990784,0.010623484758,0.0105632671154,0.0437000624631,0.0227857736895,0.0125847612743,0.881346461725
C001017,0,0.0946377884373,0.0267672846191,0.103710946642,0.0568506488536,0.107197472443,0.0300260878513,0.0537871263386,0.527022644815
C001018,0,0.0221335570761,0.026737873668,0.0255952047258,0.0241722358352,0.026737873668,0.0183263316647,0.0264583266177,0.829838596744
C001019,2,0.0125217495395,0.328294132491,0.139905815149,0.00808124637547,0.0119175378363,0.388728387188,0.011889168934,0.0986619624878
C001020,2,0.0029564881991,0.0029671025957,0.00303470428215,0.00287165966783,0.00299472967436,0.431327582491,0.535734143915,0.0181135891743
C001021,0,0.000731587261526,0.00812539860938,0.00203594001698,0.00204739463081,0.00204739463081,0.00204739463081,0.00230859381056,0.980656296409
C001022,0,0.0149050768912,0.0898155529985,0.0153873598378,0.0158009699993,0.0158009699993,0.0370072408556,0.103161424638,0.708121404781
C001023,3,0.309516696596,0.016337349988,0.434896006945,0.00709066718389,0.0439867810663,0.0637093654818,0.019606549981,0.104856582758
C001024,3,0.00492542529899,0.00423103568762,0.0186430925247,0.00892799105069,0.00423103568762,0.00162495448357,0.0102684189887,0.947148046278
C001025,1,0.00181497905709,0.954127998541,0.000816027075178,0.000857252898096,0.0301208545129,0.0010885518105,0.00122525934553,0.00994907675996
C001026,2,0.0377076615215,0.0378430397296,0.0390371478249,0.0216671840859,0.0227977691244,0.0358075971042,0.106923492017,0.698216108593
C001027,1,0.00822806219918,0.0351831769908,0.00816391037362,0.713723169188,0.18186462438,0.00827151207291,0.0103952951676,0.0341702496273
C001028,2,0.00762453365764,0.266962904951,0.00768700126545,0.00679277194758,0.00470734372279,0.638509959095,0.0484524483543,0.0192630370066
C001029,4,0.00794591121399,0.392846254182,0.00777976064493,0.00780396770762,0.00607667976218,0.54028045735,0.00974195043965,0.027525018699
C001030,4,0.00284017933952,0.00383285032607,0.00433665759363,0.00376224774489,0.0131707870096,0.00211745541544,0.0978662323601,0.872073590211
C001031,3,0.0547249989476,0.350200782384,0.0323974305167,0.0465217990013,0.0333912959071,0.0204266468964,0.0401280700712,0.422208976275
C001032,0,0.0369518054545,0.0255028715264,0.274075009426,0.0255028715264,0.033904719191,0.0188549955027,0.437316600873,0.1478911265
C001033,2,0.0673612702539,0.0104348089971,0.0106725529454,0.00954320223792,0.0105319688626,0.00904696202913,0.780398269626,0.102010965048
C001034,1,0.168256039428,0.0918751580459,0.0275496074268,0.0314975443996,0.39099931239,0.107851145058,0.0355598566439,0.146411336608
C001035,2,0.0298508257187,0.0262547661843,0.308042456769,0.0242918039848,0.0264992277312,0.492438760117,0.0295888015282,0.0630333579671
C001037,1,0.00840369496086,0.024148680678,0.00833817377736,0.0102993686358,0.00347681872193,0.0256524934727,0.00940821424099,0.910272555512
C001038,4,0.000730703853624,0.00344608555312,0.00240531309619,0.00230193048934,0.0105119829692,0.00344563911844,0.00408571515939,0.973072629761
C001040,0,0.00600536762335,0.00977361301879,0.0378343510479,0.0245697219947,0.00626159935632,0.806342972956,0.00715976948564,0.102052604518
C001041,2,0.364782612552,0.0101490270494,0.0460324912632,0.00802152007991,0.00502048733737,0.482580484468,0.0149473243826,0.068466052868
C001043,2,0.840612027506,0.0026274162226,0.00262144955993,0.0358019446159,0.00418007282776,0.0932217946119,0.00299869479944,0.0179365998562
C001045,4,0.0178663398518,0.0285417272008,0.0234458194228,0.0280159775785,0.314538574954,0.0503362948506,0.0323274319715,0.50492783417
C001046,3,0.0287936857424,0.645648040645,0.0403939877603,0.0227520456296,0.0139048146321,0.0227520456296,0.118555573403,0.107199806559
C001049,4,0.00791659297658,0.0198869021401,0.019193552529,0.63448834653,0.0486798116716,0.019875630362,0.0215363950467,0.228422768744
C001050,3,0.0478239576268,0.224454707093,0.0382950945647,0.0478239576268,0.17671870509,0.15398577333,0.0692563405203,0.241641464148
C001051,4,0.0177640277154,0.0326569571416,0.0278598664459,0.161009903884,0.3356184133,0.0238853141596,0.100523744757,0.300681772597
C001054,3,0.00565813350991,0.0111305624743,0.00635393717979,0.397734735948,0.00747141157337,0.0161716999682,0.00594999165169,0.549529527695
C001055,2,0.0211425430971,0.0322194315394,0.0323803494887,0.0317820147432,0.0325194308623,0.0299282319191,0.0851965895857,0.734831408764
C001056,2,0.00260667830679,0.00186444061202,0.069480529518,0.0475796282552,0.795296270531,0.0249514877489,0.0493345441322,0.00888642089599
C001060,1,0.0328032214023,0.032976445157,0.359864882674,0.0324148609275,0.0328797966499,0.032976445157,0.0377775067472,0.438306841285
C001061,1,0.166677434436,0.00689236280813,0.00680270206125,0.00677453413378,0.0169191493183,0.0120939661551,0.0127737595283,0.771066091559
C001062,3,0.0106355132772,0.0106355132772,0.0107068505434,0.0106355132772,0.251023672437,0.0401254917291,0.289592769587,0.376644675872
C001063,0,0.839545120665,0.00936354275987,0.00927938969262,0.00936354275987,0.0372713007513,0.00936354275987,0.0141941266012,0.0716194340106
C001064,4,0.00490881651016,0.0049116003761,0.16390485629,0.00482112680299,0.00481233898132,0.777521422174,0.00604909507912,0.0330707437863
C001065,1,0.145865494833,0.0415128540671,0.576308626164,0.0436670657767,0.0563588464041,0.0245596322216,0.0263165817355,0.0854108987973
C001066,0,0.0211439923031,0.0227454154911,0.0224682426705,0.0227454154911,0.641307752888,0.0227454154911,0.0235471637645,0.223296601901
C001067,3,0.0262115990754,0.00784775016207,0.0082703161006,0.16552418537,0.00824933375582,0.00824933375582,0.0106884957198,0.764958986061
C001068,4,0.0205343955556,0.00819775571145,0.876927660431,0.0116752096587,0.00818676692136,0.00819310927218,0.00934888623645,0.0569362162134
C001070,0,0.233046467105,0.0151023777545,0.0151002125159,0.033042053318,0.545962791313,0.0194257796971,0.0170894762777,0.121230842018
C001072,4,0.526366537758,0.0884869403176,0.0326398250003,0.0323213951642,0.13872034835,0.0333369062789,0.0396971881856,0.108430858946
C001073,0,0.105269668327,0.0324334878858,0.0211701146683,0.0592202748084,0.128278366435,0.0558203014416,0.0336372232573,0.564170563177
C001074,0,0.00990930459273,0.0103321060676,0.0102166828306,0.0103321060676,0.0103321060676,0.20120862735,0.701894318212,0.0457747488119
C001075,3,0.00127227247665,0.00113573614983,0.000789097159642,0.00127227247665,0.00357209658476,0.00128357709787,0.00143475847463,0.98924018958
C001077,1,0.00674015623848,0.748463008724,0.00983916625103,0.0122765652467,0.115090549953,0.0125166761912,0.0354745849252,0.0595992924703
C001078,3,0.023377280242,0.517688694966,0.264569388187,0.0277481086164,0.0277481086164,0.0277481086164,0.0185996904152,0.0925206203406
C001080,0,0.874052452985,0.00769759696706,0.00783382934259,0.00769759696706,0.0349201952802,0.00769759696706,0.00961906868611,0.0504816628049
C001082,0,0.0583943183372,0.0239413738624,0.0854280893259,0.0323567577418,0.313468729145,0.04131998303,0.0312135118267,0.413877236731
C001083,1,0.0898393564466,0.666449067883,0.00845483128454,0.00846152428355,0.00594697093752,0.126040842926,0.0108005848445,0.0840068213946
C001084,0,0.0012569333496,0.00311046874998,0.0234417560877,0.00187891915566,0.00311046874998,0.922012312179,0.0304982922339,0.0146908494942
C001085,2,0.278227114002,0.626539807638,0.00575871093013,0.00580215743227,0.00496511523213,0.0302071001904,0.00728223866008,0.0412177559143
C001086,0,0.00335937411591,0.00949340847097,0.00130102094809,0.00338748407913,0.00338748407913,0.00111191228137,0.0040772963375,0.973882019688
C001088,2,0.664614997774,0.102499650853,0.00517958798257,0.00470728782936,0.00518226548379,0.00487109353867,0.202907638085,0.0100374784529
C001090,2,0.278871595037,0.0526720929971,0.0529136632374,0.0275953696478,0.0531625297141,0.0472928991229,0.0507260501056,0.436765800139
C001092,4,0.00573953858566,0.00868078445792,0.610582932911,0.319998661838,0.00866914818555,0.00867586424081,0.00952786506695,0.0281252047141
C001093,4,0.00312342806054,0.00312519940502,0.936513906432,0.00306763202672,0.00312101019012,0.00312342806054,0.00341708454084,0.0445083112843
C001095,0,0.000536141081738,0.9906168291,0.000585188912249,0.000576980790118,0.000576980790118,0.000576980790118,0.0006138071347,0.00591709140116
C001096,3,0.00949247289863,0.00949247289863,0.0095166171926,0.013304373305,0.00949247289863,0.629065783678,0.0116063463791,0.308029460749
C001098,4,0.36374821453,0.00314223838751,0.610949106746,0.00308435714459,0.0031380263325,0.00314045738545,0.00331320424554,0.009484395229
C001099,0,0.00433431781003,0.0430716072666,0.00278377003543,0.0104053135208,0.00601981225035,0.0148620092288,0.0416169799329,0.876906189955
C001100,2,0.00986314712005,0.00973536442381,0.00946839772132,0.00942220650139,0.00982601166974,0.00867117344431,0.874020322431,0.0689933766885
C001102,4,0.787915461646,0.0119017497788,0.0116007012605,0.0085328801746,0.0118857959209,0.0118950039377,0.00740547808578,0.148862929196
C001104,2,0.0529679442125,0.0244616216964,0.0153614067279,0.0145237240348,0.338505554446,0.235273978082,0.0161288444587,0.302776926341
C001106,1,0.0297598175459,0.00363281577541,0.511473249538,0.371461197292,0.0654985439552,0.00363281577541,0.00500954747442,0.00953201264347
C001107,3,0.687281791011,0.172104477974,0.0116445923153,0.00856853078933,0.0645508458748,0.0115670070928,0.0155977021497,0.0286850527927
C001108,4,0.00435145531321,0.877758427699,0.00426607573112,0.00427372214852,0.0748989277171,0.00435145531321,0.00494629789859,0.0251536381791
C001109,2,0.0176811241968,0.104616288123,0.0178259851918,0.0163776417142,0.727577927896,0.0159844809583,0.0217431165186,0.0781934354015
C001110,2,0.28747675686,0.162285029834,0.0214232476092,0.0207135971755,0.0222323868522,0.0203633878761,0.0281515110429,0.437354082751
C001112,3,0.00236567417181,0.00454516405803,0.00236892010418,0.95232352528,0.00381116948465,0.0195154665745,0.00291691852394,0.0121531618032
C001113,1,0.0147546453496,0.0148325601079,0.0146396076395,0.0251509851943,0.0684205223867,0.0600093108422,0.0186190838591,0.783573284621
C001115,2,0.00376563221851,0.00377915160744,0.0115273132838,0.00349659979571,0.00329719855078,0.00345293645639,0.955110186936,0.0155709811515
C001118,2,0.012784124142,0.647713555675,0.0141798371621,0.0161963742974,0.173574862234,0.0470542266846,0.0223077423814,0.0661892774236
C001119,3,0.0361510588509,0.0263572295641,0.0356122051639,0.149883379568,0.214815359643,0.0361510588509,0.0486815560947,0.452348152264
C001120,2,0.00293187432601,0.0247361971061,0.00286171278158,0.00270107350677,0.00296979742665,0.945311849794,0.00333693169954,0.0151505633594
C001121,0,0.00220024562824,0.0266948607491,0.429458258897,0.0631271054002,0.00229412376953,0.409440353139,0.00273888909189,0.064046163325
C001122,0,0.00322900762593,0.00336678007746,0.00343339519641,0.00336678007746,0.0392714761859,0.00172357063127,0.00420372090069,0.941405269305
C001123,0,0.071504166401,0.171429951525,0.0116125085613,0.573364674185,0.0189978335789,0.0189978335789,0.0461958251442,0.0878972070253
C001125,0,0.814929426718,0.0119263535012,0.00881924108141,0.0121545236262,0.0109453210053,0.0190389300664,0.0156320178246,0.106554186177
C001128,1,0.00830703883109,0.0151237005513,0.0741861644617,0.0353352221168,0.00793247937539,0.632802350866,0.0106007360037,0.215712307794
C001129,3,0.0130570656908,0.0130570656908,0.0745202478718,0.0145967692715,0.251915993393,0.114264122033,0.479107008076,0.0394817279734
C001130,1,0.00290785456204,0.00292321005043,0.00761040147459,0.00291308170152,0.00291464260521,0.00292321005043,0.955360145776,0.0224474537793
C001132,0,0.0193155707058,0.0201315788807,0.0199490611944,0.0201315788807,0.560484813944,0.172864783734,0.0258336740087,0.161288938651
C001134,2,0.519738255835,0.00756096842488,0.398725786968,0.00695244379127,0.00683827884962,0.00691581924304,0.00547503746554,0.0477934094233
C001135,1,0.0356973605546,0.0358134583489,0.0353290433603,0.025074016603,0.023187270753,0.0358134583489,0.0411922495665,0.767893142465
C001136,2,0.00274756393573,0.00275742825156,0.874654715046,0.00261901794388,0.0083303930177,0.0911440554776,0.00326935055815,0.0144774757699
C001137,1,0.0260793130334,0.195589264801,0.0125628223641,0.626360600627,0.0408985246515,0.0127284024565,0.0151100290021,0.0706710430642
C001138,4,0.00373817255272,0.00374029252832,0.00366000662811,0.890088983664,0.08015998228,0.00373817255272,0.00392775085071,0.0109466389437
C001139,0,0.0325525234727,0.035518734523,0.037028954536,0.035518734523,0.035518734523,0.035518734523,0.0267089061366,0.761634677763
C001140,1,0.783613635708,0.137419263252,0.00358199975289,0.00551386396637,0.00436942738751,0.00560976595296,0.0424766222497,0.0174154217305
C001141,4,0.0105449103289,0.010550890511,0.0100227502673,0.0103565390388,0.00810488819846,0.432698162522,0.0118109077281,0.505910951405
C001143,4,0.00464984839297,0.377292366027,0.00467669791509,0.0289752689486,0.0905467552559,0.472971915413,0.00550265628862,0.0153844917588
C001145,3,0.00940898811267,0.0350451523578,0.0165500640481,0.0165080754293,0.824997252984,0.0165080754293,0.0185784570991,0.0624039345401
C001146,0,0.00198180444839,0.00508609147555,0.684787768084,0.00539003554785,0.00200703436719,0.281140390006,0.00506158008769,0.0145452959841
C001147,0,0.00576292143033,0.00613017038292,0.874140724013,0.00613017038292,0.00613017038292,0.00613017038292,0.00680260352392,0.0887730695012
C001148,2,0.0461782441789,0.0140812987387,0.0144021233517,0.0135839558095,0.0381090855247,0.0121920231973,0.0459692409809,0.815484028218
C001149,2,0.0114491783405,0.476078800606,0.0117520748257,0.420938942159,0.0115972707531,0.0107051094341,0.0130827640115,0.0443958598699
C001151,1,0.00589139757823,0.00297873611631,0.0029384455527,0.00202067525699,0.00889150558351,0.00608330539692,0.00350199733654,0.967693937179
C001152,2,0.00864167564162,0.00867270102255,0.0088702975654,0.00821716660758,0.00675927838026,0.40521576668,0.495892343466,0.0577307706365
C001153,2,0.0179718108517,0.0180363333241,0.0828454781719,0.0163949623592,0.00592771425806,0.610536578594,0.0202548862596,0.228032236182
C001154,0,0.00588486588889,0.00613595616006,0.41749560745,0.00613595616006,0.529031443984,0.00613595616006,0.0079503545194,0.0212298596776
C001156,2,0.0242853271408,0.0377617398767,0.0387476451759,0.0372490797059,0.0381133443541,0.0359140153679,0.17604476707,0.611884081308
C001157,1,0.00136146911259,0.00485135491249,0.00726532353427,0.0308079530981,0.00483713639355,0.0306487187849,0.00192572549392,0.91830231867
C001158,2,0.0016840024272,0.0019515250632,0.00385539645345,0.00369578811494,0.00167855638737,0.0034356402645,0.947512995869,0.0361860954204
C001159,4,0.0246460039159,0.00617787435837,0.0505929375726,0.805531690014,0.00359474905755,0.00262585438185,0.0699517536073,0.0368791370923
C001160,2,0.00722271839382,0.00278050866976,0.0028438590492,0.0026344621974,0.918181023526,0.0024785020045,0.0409337394167,0.0229251867421
C001161,0,0.0115388604946,0.922945826082,0.00563521760015,0.00335920043172,0.0073889929822,0.0073889929822,0.00814760908575,0.0335953003418
C001163,0,0.00967388967113,0.270265754304,0.0148907136148,0.0117067989981,0.00761382349879,0.0391711942396,0.0159699937233,0.63070783195
C001164,1,0.000846129432179,0.00154364994912,0.833971438948,0.0736040432361,0.0754617800859,0.00154364994912,0.00179774066667,0.0112315677333
C001165,0,0.918759898323,0.00310304053913,0.00307958048066,0.00310304053913,0.00310304053913,0.00310304053913,0.00311703974793,0.0626313192915
C001167,4,0.0105721242285,0.00447785983395,0.0148296666785,0.660064803053,0.0164747286416,0.0164874917397,0.0152546793457,0.261838646479
C001168,0,0.00576174418552,0.00482378354876,0.00620387627678,0.00610806288917,0.00610806288917,0.0336361203751,0.879108008952,0.0582503408836
C001170,3,0.0491092690909,0.00174594279684,0.00172706191506,0.00174594279684,0.00174594279684,0.931538837802,0.00230606100334,0.0100809417984
C001171,2,0.0644430396832,0.014896010251,0.772854460816,0.0131880126776,0.0144113666146,0.014922173144,0.0167059356183,0.0885790011949
C001172,1,0.628368040479,0.0121385228797,0.010863664244,0.0109446830734,0.265944572703,0.0110068491492,0.0136898814002,0.0470437860719
C001173,3,0.847195150309,0.115821219121,0.00443678834506,0.00442553191645,0.00442553191645,0.00356622711755,0.00572399156775,0.0144055597067
C001174,3,0.393833029489,0.533819660101,0.00225687104043,0.0131124542417,0.00225114520773,0.00225114520773,0.00317657462143,0.0492991200907
C001175,2,0.0019628101917,0.0104997828383,0.00197113787823,0.00214805284032,0.00230317495174,0.000938054176233,0.00575971397114,0.974417273152
C001176,0,0.792781730128,0.0059855715514,0.129733864385,0.00948260192155,0.0189382185354,0.00948260192155,0.010710709304,0.0228847022539
C001177,1,0.00661818920031,0.175564212051,0.0033503532202,0.0921745849712,0.00915307961832,0.0294226091752,0.664306283065,0.0194106886989
C001180,4,0.0209403279448,0.0186870676936,0.0180093842701,0.196466927337,0.356542005725,0.0186764759746,0.0193713026061,0.351306508449
C001181,2,0.0235259502227,0.0177061299611,0.243907388673,0.574553812528,0.023181918875,0.0154899174597,0.0213682783734,0.0802666039073
C001182,3,0.000959802988869,0.00217353250938,0.00217906093263,0.0606317674906,0.00217353250938,0.902455843906,0.00290335619643,0.0265231034669
C001183,1,0.00265521643915,0.00200725583931,0.0241287424212,0.00197294071383,0.00228273737775,0.000400634125813,0.00238959757237,0.964162875511
C001184,2,0.00321744046228,0.961611242724,0.00342277564409,0.00327302949109,0.00334897133191,0.0030232847681,0.00438494160157,0.0177183139773
C001185,2,0.00381939742122,0.00383310983821,0.00392044240628,0.00363177539314,0.188835430426,0.772752503313,0.00469314785726,0.0185141933448
C001186,1,0.00227894854657,0.832204508808,0.0063392405861,0.00479027538809,0.0867300685271,0.0064227928335,0.00741982594718,0.0538143393639
C001187,3,0.00942285873816,0.016357393803,0.00725690979258,0.0108741494433,0.0197454758068,0.834176024375,0.013358092198,0.0888090958432
C001188,3,0.0201541249479,0.0201541249479,0.0203903807883,0.0201541249479,0.0201541249479,0.559474679414,0.0247336541677,0.314784785838
C001190,0,0.129876501893,0.0361130336246,0.0348421692626,0.417439351144,0.039779216332,0.0415124893337,0.0419005720243,0.258536666386
C001191,3,0.00723694995976,0.00675911894927,0.00728549150285,0.00723694995976,0.625218907084,0.319618146046,0.00726788548218,0.0193765510158
C001192,0,0.0317140534868,0.0530057906045,0.0520662362522,0.0530057906045,0.11912995523,0.380594912231,0.072522544629,0.237960716962
C001193,3,0.00905685483446,0.119085357642,0.0134084271426,0.0120313645966,0.0205046244245,0.61547843952,0.0129754912979,0.197459440541
C001194,4,0.0215707697559,0.0182953116792,0.0148787798696,0.00996333379073,0.00766187640441,0.182943431888,0.0198466840459,0.724839812566
C001195,3,0.688620539987,0.0202910458319,0.0239574588574,0.0237978358558,0.0214358707552,0.0128813649723,0.0250059180357,0.184009965704
C001197,0,0.0172911211546,0.00460759658739,0.00195605125947,0.00499527095321,0.0137354535662,0.0071366878973,0.0202012469053,0.930076571676
C001201,4,0.0298531083334,0.167446242463,0.0288125635818,0.0384992333888,0.0564464924959,0.0729917866735,0.0322322690474,0.573718304016
C001202,4,0.0152425057638,0.0152511500251,0.0148852631526,0.059458061361,0.00872233184015,0.0106942690137,0.0164748485656,0.859271570278
C001203,4,0.0563267985416,0.0112639158347,0.0108651447247,0.0619716320868,0.119100505375,0.650033689462,0.0125720899505,0.0778662240247
C001204,2,0.114100378636,0.0222161329575,0.44980454297,0.0209127699525,0.0798733058149,0.0935598926277,0.113378770923,0.106154206119
C001205,1,0.148308349705,0.423170856981,0.00719218038247,0.00787972313901,0.0228992892656,0.155784243638,0.162143496203,0.0726218606862
C001206,4,0.00483123712896,0.00683062620464,0.00688891158651,0.88723475654,0.00682147000138,0.00682675464625,0.00752537208489,0.0730408718077
C001207,1,0.0437922462335,0.0440234996591,0.0442853058383,0.0438295906036,0.0438944740622,0.0440234996591,0.0538202663263,0.682331117618
C001209,4,0.0207491491374,0.0207609163016,0.0385460116568,0.0203784922167,0.34673457062,0.04616740351,0.300660097856,0.206003358702
C001210,3,0.00258409692761,0.00461420473088,0.00468570722457,0.150072394916,0.00461420473088,0.00461420473088,0.780268870835,0.0485463159043
C001211,3,0.848710802018,0.0118252071779,0.0119045242668,0.0115473328665,0.00858236000713,0.0118252071779,0.0155583116386,0.080046254847
C001214,2,0.00444686423257,0.204555345653,0.0390466607557,0.0041291617622,0.665189900072,0.00395278610215,0.00527730818813,0.0734019732339
C001216,2,0.00373947112116,0.0475414520999,0.00377511946487,0.00364607081286,0.00372539174647,0.345039507988,0.584383010462,0.00814997630501
C001217,3,0.730842273905,0.00354542009675,0.0303039500522,0.0437559511662,0.139914201811,0.0129824217134,0.00670334015076,0.0319524411047
C001218,2,0.0102633914541,0.0733774068266,0.00714906428136,0.00671454054214,0.108917118586,0.00951521268195,0.737050349329,0.0470129162989
C001219,3,0.0229886645789,0.0424416245079,0.0230471367054,0.122830907502,0.0400852295698,0.0229886645789,0.0301484671088,0.695469305448
C001220,3,0.637023852044,0.294719723073,0.00764596363333,0.00759502034789,0.00759502034789,0.00759502034789,0.00864443800605,0.0291809622001
C001221,1,0.00442519057932,0.004448558654,0.00439068864591,0.00904156876801,0.00443552066429,0.0336375040797,0.00498733078085,0.934633637828
C001222,3,0.0276589089915,0.00260675766179,0.685637609725,0.00260675766179,0.0181812193464,0.201983735495,0.0532090406128,0.00811597050597
C001223,1,0.0104938578188,0.777838594432,0.0104065825689,0.0445805650249,0.010518354491,0.0105492726646,0.0125798890785,0.123032883921
C001224,1,0.0028621906626,0.000940184420659,0.000272974979949,0.00880830055353,0.00220610132901,0.00457422517116,0.00264586051515,0.977690162368
C001225,2,0.0153592575288,0.285205068685,0.00944200264295,0.014184950039,0.0155579258905,0.0298755551884,0.0179111905442,0.612464049481
C001229,3,0.0118906118545,0.0462583129311,0.844651288307,0.00374328652887,0.0747138438525,0.00374328652887,0.00499444725727,0.0100049227397
C001230,0,0.0270824645188,0.0113475893112,0.00500236049148,0.00286914224151,0.00286914224151,0.00286914224151,0.00305659766211,0.944903561292
C001232,3,0.00156201269328,0.0040852563486,0.00193912891059,0.00193420921092,0.00374386702314,0.0029941094095,0.00232316766945,0.981418248735
C001234,4,0.0336016721342,0.0333228884968,0.0264407719654,0.0330014213846,0.0335756608135,0.0336016721342,0.0382359713574,0.768219941714
C001237,4,0.00694236217754,0.794293787773,0.00622567343817,0.00681834578679,0.00693698803995,0.00694236217754,0.00750626900135,0.164334211605
C001238,3,0.110455124982,0.0430332879408,0.0431427439662,0.0674573872492,0.319271914511,0.0430332879408,0.0524322383492,0.32117401506
C001239,1,0.502484224268,0.00601389716419,0.00593255282995,0.00602274275962,0.00599627142617,0.00601389716419,0.432062903095,0.0354735112921
C001241,1,0.00877955987344,0.00882592203732,0.00887840948025,0.00874374054754,0.00880005471945,0.874002073436,0.0100324609686,0.0719377789375
C001243,4,0.0161317791184,0.0161409277005,0.0157776811368,0.0158436055874,0.0161192913804,0.80230483371,0.0172043159686,0.100477565398
C001244,0,0.00337861931688,0.158350404964,0.00407244159334,0.00638801073554,0.00638801073554,0.0495689859621,0.757101908775,0.0147516179169
C001246,0,0.0329193855767,0.160588982877,0.0326030000152,0.444177589093,0.0381335450985,0.0419104088827,0.0521874646699,0.197479623787
C001247,4,0.0213136827092,0.032121288632,0.00944066780291,0.0108007109442,0.0116851352861,0.0118438997498,0.810758708405,0.0920359064704
C001248,0,0.000437568538222,0.00121209974454,0.00120531837748,0.000653116479893,0.00318945421636,0.00077969970144,0.00134944974198,0.9911732932
C001249,4,0.0181312152204,0.00732389341525,0.153082707996,0.00718898447404,0.17543968374,0.573137583858,0.0083240560354,0.0573718752615
C001251,0,0.031240194908,0.0177840392091,0.0124865035016,0.00886821304314,0.0463715998357,0.14008085138,0.251342977463,0.491825620659
C001252,0,0.774749383911,0.00936644534678,0.00925230700197,0.138288432296,0.00936644534678,0.00936644534678,0.0121108457809,0.0374996949696
C001254,0,0.00893418178857,0.0096147291133,0.00976410454189,0.828629308788,0.0096147291133,0.0096147291133,0.0110098537816,0.11281836376
C001255,4,0.278720015939,0.0493017079666,0.0259049285873,0.0262929570671,0.373091824094,0.0267711900197,0.0303657271861,0.18955164914
C001256,4,0.604324015758,0.0188280807895,0.0874059794226,0.0184893457148,0.0188110685644,0.0188256416427,0.157602772976,0.0757130951321
C001257,2,0.0103926652478,0.00679022721307,0.00973653182226,0.0102906804262,0.00772697613744,0.774494835333,0.00964732710598,0.170920756715
C001258,3,0.00622442228681,0.886880339582,0.00632354321296,0.00622442228681,0.00622442228681,0.00622442228681,0.00709886599053,0.0747995620668
C001259,4,0.881053496479,0.00566637540976,0.00974717978091,0.0120296412595,0.00439180353093,0.00925828316933,0.0105534142161,0.0672998061547
C001260,2,0.014259044841,0.00519005305252,0.00530830185849,0.0028062103203,0.0144230816394,0.0387740795637,0.00603726238971,0.913201966335
C001262,4,0.0306009592915,0.0781538717556,0.0327428581823,0.153579166125,0.0158540521628,0.0293327716429,0.039753926099,0.619982394741
C001263,0,0.0112617892845,0.0366341941945,0.704675880462,0.129717794012,0.0702961998674,0.00444971671899,0.0119149355927,0.0310494898674
C001265,3,0.00674238708648,0.690578338465,0.00678761136951,0.140335610757,0.0114430750104,0.0473728540793,0.0660962417321,0.0306438815003
C001266,2,0.891839761127,0.00459441863045,0.00667073628022,0.0035540733155,0.00258655315602,0.00411810654881,0.00552103761617,0.0811153133261
C001267,4,0.00785019449545,0.018973121517,0.00759617811726,0.00770996084541,0.00560764291981,0.00722753917747,0.876239004585,0.0687963583423
C001268,1,0.00590672193903,0.00927268208029,0.0253644973899,0.264081648165,0.00924550538263,0.110770265167,0.0107105134642,0.564648166412
C001269,0,0.011143820397,0.011843965994,0.0109856606008,0.779332279314,0.0613190069187,0.011843965994,0.0163693078598,0.0971619929216
C001270,0,0.0567433278884,0.00413847027621,0.00218999722759,0.645035248053,0.0226428908917,0.251744294681,0.0047275516176,0.0127782193641
C001271,1,0.00721317281381,0.00725126336787,0.00715318234405,0.00712777537116,0.893693648711,0.00654008208828,0.0090193124641,0.0620015628395
C001272,2,0.023752690328,0.0107367028259,0.0109813250439,0.0104167757782,0.193421121023,0.00855953067498,0.178936705557,0.563195148769
C001274,3,0.00236505208844,0.00261367954704,0.00452140437954,0.0251325761622,0.00450993327438,0.00132834221516,0.0180995066623,0.941429505671
C001275,4,0.0433907796413,0.043415387225,0.0422822720646,0.042615659049,0.049662943222,0.316959875875,0.0486148402196,0.413058242704
C001276,1,0.00549640490708,0.00552542973619,0.00545069244173,0.0079671871251,0.00550923561543,0.898541226305,0.00676655919244,0.0647432646771
C001279,4,0.626228475075,0.32397294521,0.00519200881082,0.0100277620323,0.00529878834394,0.0053028933557,0.00470032312182,0.0192768040505
C001280,2,0.00437928378968,0.115468310399,0.0069064031305,0.00652978564514,0.0069388857089,0.00976649488232,0.824763761928,0.0252470745158
C001281,0,0.0220103162816,0.0372839777078,0.170921853146,0.0294131197986,0.0276507375267,0.0220220299375,0.0511271163563,0.639570849246
C001282,4,0.813580674585,0.0118885636684,0.0115910209823,0.0115198803277,0.00586425729306,0.0220757049549,0.0129706660116,0.110509232177
C001283,1,0.029097105883,0.224627462172,0.378286626468,0.0292937825231,0.0291650296415,0.029250758778,0.0338311211588,0.246448113375
C001284,3,0.0181580119565,0.0181580119565,0.0185159772687,0.0181580119565,0.0181580119565,0.0181580119565,0.663725408255,0.226968554694
C001286,2,0.0117486830261,0.0109763313909,0.0279756615127,0.00622132708034,0.746511791179,0.0101052641341,0.102103051146,0.084357890531
C001287,3,0.00625855884525,0.453964125327,0.197544320931,0.0455479224609,0.228271105442,0.00416894570983,0.0147774006318,0.049467620652
C001288,2,0.21789556121,0.126370084999,0.249791514975,0.0110659991861,0.00809024850077,0.345297084515,0.0126225565402,0.0288669500736
C001289,0,0.0249824194376,0.0276537966221,0.0265101019956,0.0276537966221,0.0276537966221,0.0276537966221,0.0239158417731,0.813976450305
C001290,3,0.0134562070555,0.0134562070555,0.700532108709,0.0134562070555,0.0134562070555,0.0158020617887,0.0192187074547,0.210622293826
C001291,0,0.124655406138,0.00657026417258,0.00488187758539,0.829165967068,0.00529085665887,0.00529085665887,0.00559580969576,0.0185489620222
C001292,4,0.00267417517547,0.00267569174167,0.00261918098683,0.00262640446788,0.00368524975678,0.00267417517547,0.961260150297,0.0217849723986
C001293,4,0.548822603431,0.022062107501,0.00188476821417,0.00191300005208,0.00175933306222,0.00194779490839,0.417078755061,0.00453163777002
C001294,4,0.0138121525207,0.845432800854,0.0102144549561,0.0103953197502,0.0105762029434,0.0105843964085,0.0117900136756,0.087194658891
C001296,3,0.0112602244638,0.0860090606697,0.00631989027344,0.785624630654,0.0172812648349,0.00831767229782,0.0126515243912,0.0725357324146
C001297,4,0.00906437520677,0.661244173255,0.175509978208,0.0267149473511,0.0164493022133,0.0150706923677,0.0189418826397,0.0770046487588
C001299,0,0.00644830926621,0.00672072539904,0.745182467127,0.0346723035183,0.00672072539904,0.00672072539904,0.168664380043,0.0248703638486
C001301,4,0.00136015366536,0.00640696617759,0.00292287430133,0.00855349049625,0.00298298651698,0.00156485998013,0.0295784407616,0.946630228101
C001304,2,0.00778511477676,0.091446522529,0.00466618306914,0.0124040373198,0.0871503441364,0.0147162188551,0.0157762360695,0.766055343244
C001306,2,0.000921666912645,0.000909726192134,0.988658135388,0.00090530720816,0.000918196771177,0.000813628394765,0.00101552392204,0.00585781521073
C001307,4,0.00486009859962,0.00486072829893,0.00642604050741,0.536696468243,0.215049254925,0.0359540885487,0.179588412203,0.0165649086739
C001308,1,0.00113200385844,0.00113798162375,0.00112258921596,0.00111860195652,0.00113464638781,0.00133745468178,0.00136317035915,0.991653551917
C001309,2,0.0150269401807,0.0807199837595,0.0151500555144,0.0143775948031,0.750482812848,0.0116206683457,0.010825414138,0.101796530411
C001310,0,0.131059510924,0.00321440714386,0.0494085684977,0.00555395190115,0.792855753838,0.00429167623017,0.005374907679,0.00824122378593
C001311,2,0.0164475879017,0.0273096728864,0.184161207696,0.0272079163004,0.0318627165192,0.0782788323133,0.0306135261532,0.60411854023
C001312,4,0.567997278432,0.0045955209031,0.00443710024859,0.368964568875,0.0314647444436,0.00459291618912,0.00491010107252,0.0130377698359
C001316,0,0.0263034258129,0.0257257429944,0.0292477491131,0.0198978733238,0.0198978733238,0.0198978733238,0.639963055996,0.219066406112
C001317,0,0.00704223163542,0.0053438882906,0.00529586110664,0.00276025395801,0.0332211106074,0.00282780368086,0.00496564645416,0.938543204267
C001318,3,0.00962021082704,0.0162627514075,0.0160203451313,0.0162627514075,0.0162627514075,0.0842541214389,0.406850954016,0.434466114365
C001319,1,0.0248507754006,0.0223610643283,0.530056329461,0.0157710732133,0.0277955084498,0.130648166278,0.0513737306732,0.197143352196
C001320,0,0.713165747189,0.0180814521633,0.0229547934138,0.0598236173772,0.0231690903034,0.0231690903034,0.0290980536048,0.110538155645
C001321,4,0.831397756723,0.00933391177266,0.00913355805609,0.0719704218813,0.00846901854906,0.00932862136688,0.0148358476614,0.0455308639891
C001322,0,0.00317469604363,0.00510472946054,0.00235422614444,0.95232061066,0.0207826682394,0.00198937839511,0.00250791773319,0.0117657733234
C001323,2,0.0259451650543,0.0081075074567,0.00619570963563,0.00474318101915,0.26118610318,0.202896247959,0.20154631322,0.289379772475
C001324,1,0.0116799208604,0.00398751170663,0.00314654530394,0.00391101814017,0.00511760707285,0.0120431357987,0.00442747685778,0.95568678426
C001326,4,0.0154311177184,0.0154398689444,0.0150092988897,0.0149610539571,0.0154191723679,0.715550175331,0.0170572061232,0.191132106668
C001327,4,0.881789302921,0.0120916741047,0.0107901589192,0.00796460174159,0.0110848162512,0.00706152298492,0.0147402105571,0.0544777125198
C001328,2,0.032568481568,0.0294238315683,0.0533744139565,0.0492901334971,0.0484896827014,0.0469404401886,0.0702207227864,0.669692293734
C001331,0,0.041020088056,0.0286852144038,0.00939839002962,0.0066405586361,0.207247602477,0.0213662007704,0.462710226769,0.222931718858
C001332,0,0.302754797867,0.040770855959,0.0404519190136,0.040770855959,0.069594975626,0.040770855959,0.0567510904287,0.408134649188
C001333,3,0.0128346809543,0.528477733835,0.0126958848299,0.0128346809543,0.0141707574332,0.329798369753,0.0174488259573,0.0717390662833
C001335,3,0.879270594952,0.0025189442217,0.00252535120652,0.0025189442217,0.0025189442217,0.0025189442217,0.0996350485854,0.00849322836906
C001336,0,0.00127557913915,0.00135224983115,0.00110389986116,0.000826015063239,0.00171386475906,0.000214583570393,0.000425415535461,0.99308839224
C001337,3,0.00174587001369,0.0998670698868,0.00109719336808,0.00115064682641,0.46353442915,0.42813814129,0.00140915752655,0.00305749193889
C001338,3,0.0121777129688,0.0110883630051,0.270548470074,0.0215645621863,0.593854606144,0.0102366686519,0.025098373163,0.0554312438064
C001339,3,0.00202889630203,0.00624123887459,0.00466677605284,0.00619186569991,0.00619186569991,0.0372053459277,0.915927411426,0.0215466000169
C001340,1,0.00617394916587,0.00746621022982,0.00736522182184,0.00509241936898,0.00744432800239,0.0268272359403,0.309515950951,0.630114684519
C001344,0,0.0315854376392,0.0570405971772,0.243328346846,0.0689470692806,0.00694650539758,0.00742013794345,0.0104544106827,0.574277495033
C001345,1,0.00370045936129,0.00220573417265,0.00131300021162,0.00216817082948,0.00448550608379,0.00142577837187,0.00252258179324,0.982178769176
C001347,1,0.105265908047,0.0153521227254,0.0151444689914,0.0150586248223,0.0333930080236,0.0153521227254,0.0183931413197,0.782040603346
C001348,3,0.00333646053678,0.00128018757498,0.00347657379355,0.00184061927216,0.00346775349344,0.00178493906559,0.00428826472009,0.980525201543
C001350,1,0.0144499880378,0.0192914139012,0.203754308504,0.611644518798,0.0153297788061,0.0129147218501,0.00983753926973,0.112777730833
C001351,0,0.0285048244692,0.0302181518123,0.317518448399,0.0398788328104,0.0302181518123,0.11468291891,0.0341968481132,0.404781823673
C001354,3,0.680558188005,0.0790384056429,0.0185252079219,0.0184782082311,0.0103703752229,0.0184782082311,0.0247902162538,0.149761190491
C001355,2,0.0156948167234,0.0157511643216,0.36544252661,0.0149797786308,0.0158978254638,0.0141763950015,0.389753808271,0.168303684978
C001356,1,0.494319780933,0.00360534341658,0.00355657732499,0.457005015351,0.00359477675126,0.00360534341658,0.00557052178493,0.0287426410221
C001357,3,0.00917309496893,0.00345475398922,0.00905353750035,0.00399209669923,0.00333388407565,0.00912407063884,0.00520728798649,0.956661274141
C001358,3,0.0201882266713,0.11305312814,0.0273965276135,0.0491947359141,0.357302992315,0.0250258330817,0.158499989401,0.249338566864
C001359,4,0.00288336686008,0.0166507114232,0.00282307509094,0.00283185921152,0.00137253833137,0.00288336686008,0.945004913556,0.0255501686666
C001360,3,0.021705158185,0.0652541867866,0.0216002879527,0.644890843029,0.0163391690086,0.0215454865782,0.0269691739024,0.181695694557
C001361,2,0.0418688165181,0.0413263821208,0.0399809324316,0.0403480593972,0.0417111774465,0.0340826552329,0.0417505754047,0.718931401448
C001363,4,0.00433816643784,0.0101742624688,0.0110753315275,0.0177157675191,0.0101259327327,0.0911604072683,0.0102421322913,0.845167999754
C001364,1,0.0035784548386,0.00359735156144,0.00354869356817,0.835044187547,0.130545424182,0.00359735156144,0.00449171404523,0.0155968226971
C001365,0,0.00139676060316,0.00148071509781,0.000859657445568,0.00148071509781,0.000460819526026,0.00076158725971,0.00096971576325,0.992590029207
C001366,4,0.0209474208911,0.0306241720515,0.0218878010725,0.030060062992,0.0305831214751,0.0928421318634,0.0345386638271,0.738516625827
C001367,0,0.931146341706,0.00475594990363,0.00471320670457,0.00475594990363,0.0108130780553,0.00475594990363,0.00576091351163,0.0332986103117
C001368,0,0.131428003355,0.503684738438,0.0138501771134,0.0206497533071,0.0173475705599,0.0126664660712,0.0249628749421,0.275410416213
C001369,2,0.0896774451915,0.0116688756423,0.0138282794978,0.243968135949,0.0167113266681,0.0285384762718,0.034106607063,0.561500853717
C001370,4,0.0244102421392,0.00962886344024,0.049297372095,0.0126802942036,0.00488888860096,0.85730898831,0.00422798500623,0.0375573662048
C001371,2,0.0164700409893,0.0984427537128,0.0107448691571,0.0141952846474,0.0309744445263,0.273827075975,0.0163385170911,0.539007013901
C001373,2,0.000554856576375,0.00241795367827,0.00247304369998,0.0220606392621,0.114986589806,0.00225402826881,0.837188580811,0.0180643078972
C001374,4,0.015727531876,0.0205721775389,0.028770838343,0.0202020645054,0.0205535894246,0.0205695124472,0.0229507797326,0.850653506132
C001377,4,0.0026440424826,0.00264438505831,0.0025977227614,0.00259681005691,0.000750323975768,0.00740461562744,0.00324998773703,0.978112112301
C001378,0,0.510697745975,0.0119555827045,0.44322972325,0.00499242534362,0.00499242534362,0.00499242534362,0.00621489243823,0.0129247796009
C001379,3,0.475957951921,0.0533187697888,0.00698366302946,0.00696594500953,0.417980355354,0.0130559351123,0.00874240280604,0.0169949769793
C001380,2,0.0363649393051,0.0232913123452,0.0416958829128,0.0220679340326,0.0235081807876,0.0240291232274,0.0672219661002,0.761820661289
C001382,4,0.00214062351793,0.00214090086809,0.00407047018233,0.00210238402597,0.0021389664443,0.00256947683995,0.0021512822139,0.982685895908
C001385,2,0.0181694842278,0.0255653483173,0.017805095197,0.0350402119268,0.0228592563477,0.0290983955841,0.0257729598832,0.825689248516
C001386,3,0.00928249742403,0.307481376363,0.557863253304,0.040007399406,0.00505088242655,0.00928249742403,0.0119949313672,0.0590371622851
C001389,3,0.00397252800934,0.127489236143,0.00884080079569,0.00286999643061,0.00881837109311,0.0219976020997,0.28852264055,0.537488824879
C001391,0,0.00741082171751,0.189107107968,0.0075407948897,0.00763764771214,0.723251228336,0.00763764771214,0.0108237226036,0.0465910290611
C001397,1,0.179750473573,0.00157808056089,0.800281865895,0.00157250773978,0.00399267609028,0.00157808056089,0.00205063892363,0.00919567665678
C001399,2,0.00747250818901,0.00749933601993,0.00756525258363,0.905338430863,0.0075691633142,0.00648237226715,0.0230561203078,0.0350168164552
C001400,1,0.00409664469431,0.00292087279239,0.00405437645217,0.00664718015038,0.190029606731,0.00410996812792,0.769045701047,0.0190956500041
C001402,1,0.0337257929532,0.0339038885255,0.033445302493,0.0333265100657,0.05319436658,0.0339038885255,0.493727433139,0.284772817718
C001403,1,0.0196204169773,0.0419394259707,0.0105183089946,0.546130779239,0.0559493093631,0.0133445569778,0.0228240806476,0.28967312183
C001404,0,0.443349299446,0.0193839908489,0.0088992812382,0.00881300343584,0.223372272445,0.051888442082,0.010127647848,0.234166062655
C001406,1,0.932937533392,0.00471471605116,0.0046509445187,0.00469838048569,0.00470089799813,0.0155898034141,0.00552111709326,0.0271866070465
C001407,1,0.0160863626059,0.0164444454388,0.0188733967472,0.0154272366649,0.0205111717315,0.826989853191,0.0272142885084,0.0584532451119
C001408,0,0.0021821990017,0.00119902592573,0.00124418034783,0.00217885226856,0.000642326345298,0.000629506048106,0.00151244191467,0.990411468148
C001409,2,0.00837681243403,0.0172589126783,0.0176521352131,0.0165573987537,0.0134231050668,0.0380648245641,0.0202725483814,0.868394262909
C001410,3,0.00981319259206,0.00962035932539,0.0404285613186,0.00981319259206,0.00981319259206,0.0220130959662,0.874207116475,0.0242912891385
C001413,2,0.00371432623667,0.00232731575959,0.0951120071805,0.00590068524396,0.0227467952811,0.00295627237273,0.00666947611298,0.860573121812
C001414,0,0.00315341676361,0.0463453408719,0.245975475,0.00328796397083,0.682232001285,0.00298237566194,0.00858684604416,0.00743658040239
C001415,3,0.006146209479,0.00351700152666,0.00230600183064,0.00273656364328,0.00173873813701,0.00471048684436,0.002778548758,0.976066449781
C001416,1,0.898379396008,0.00595839028027,0.00587779673549,0.0058859280194,0.00594092722375,0.00595839028027,0.00709941279556,0.0648997586572
C001417,0,0.00430503952091,0.730428438118,0.00443285211421,0.00448872315297,0.00448872315297,0.00448872315297,0.227245351102,0.0201221496851
C001419,0,0.172579588933,0.0088075216985,0.750992345898,0.0088075216985,0.0088075216985,0.0088075216985,0.0114066783823,0.0297912999925
C001420,0,0.00864111266862,0.00903293459785,0.00916143702228,0.00903293459785,0.814973405828,0.0414395169346,0.0116472188472,0.0960714395041
C001421,3,0.0939567020763,0.0126910935537,0.00738399057561,0.00733479275601,0.835179680484,0.00733479275601,0.00936836656963,0.0267505812289
C001422,3,0.00332260867049,0.00332260867049,0.0932435127368,0.00332260867049,0.877813641823,0.00332260867049,0.00427887891438,0.0113735318437
C001423,1,0.00699379577117,0.850266580082,0.00910330597714,0.00904696061729,0.0216993261498,0.0406848855854,0.0106241596514,0.0515809861657
C001424,1,0.0298276592444,0.0124304306327,0.0205537018404,0.0288656088023,0.0042607051628,0.829213623129,0.0141586986715,0.0606895725173
C001425,2,0.00364557008398,0.944533941153,0.00554257902378,0.0196578115391,0.000935448080871,0.00136025585687,0.0171985995381,0.00712579472443
C001427,3,0.906757754053,0.0064201508838,0.00632445460035,0.0064201508838,0.0064201508838,0.01087472974,0.00788483677289,0.0488977721827
C001428,4,0.00325577002632,0.01832819091,0.92207149548,0.00363864643227,0.00370196050063,0.00370482843769,0.0209897464274,0.0243093617859
C001432,0,0.00119218773136,0.0110934213096,0.00167206277221,0.00925118415121,0.00125774951795,0.00279604701412,0.903775299682,0.0689620478211
C001433,4,0.00111087357633,0.907735796438,0.0501074589457,0.00109102924554,0.00111001364029,0.00111087357633,0.0351113852619,0.00262256931609
C001436,1,0.00758397362346,0.00762402226291,0.579679502399,0.00396985406482,0.00760167751451,0.00762402226291,0.355047852073,0.0308690957996
C001437,2,0.211799545996,0.0404994400507,0.0374365675814,0.0336005857313,0.037385430337,0.0332597769921,0.0423514386594,0.563667214652
C001438,2,0.00317329812446,0.00717415188939,0.0122395926084,0.00302087222262,0.00212134182234,0.00770400696705,0.00336226070382,0.961204475662
C001439,4,0.577109548609,0.0051110705957,0.00498795538102,0.358723000003,0.00510421939351,0.00510817367123,0.00715566615265,0.0367003661939
C001440,1,0.412258810888,0.0290553328051,0.0292281238309,0.0287847876399,0.0289701764298,0.0290553328051,0.0328511108213,0.40979632478
C001441,2,0.00309158165723,0.162614741128,0.527233562125,0.00292786152827,0.00307994163244,0.288489478018,0.00355331811737,0.00900951579382
C001442,0,0.000717966386683,0.000763719639905,0.988630239953,0.000763719639905,0.000731229389554,0.000763719639905,0.000949587710363,0.00667981764026
C001444,0,0.0242391692349,0.0260855500413,0.0258009598609,0.0260855500413,0.0260855500413,0.148170299384,0.0364501807717,0.687082740625
C001445,4,0.0227704838434,0.0227833973378,0.021304499963,0.409158974007,0.0227528570314,0.0227704838434,0.0307737967091,0.447685507265
C001446,2,0.0143179027965,0.013985879983,0.0140500234828,0.00971106165272,0.229500416757,0.0127942164087,0.0164483533676,0.689192145552
C001448,2,0.00608933724076,0.00611119920542,0.00625043516346,0.877895459273,0.00616810137705,0.00463185711707,0.00742739380502,0.0854262168185
C001449,3,0.0036301412211,0.643912820635,0.0838353747511,0.0036301412211,0.0332143923206,0.0036301412211,0.212419536899,0.0157274517313
C001450,1,0.837624356793,0.00793833830782,0.00910238817669,0.00919040550593,0.00919532996029,0.00922235916982,0.0112570935263,0.10646972856
C001451,4,0.00558925706145,0.837202821203,0.010366780965,0.0105220643986,0.0107051530051,0.00951985088185,0.0120603541204,0.104033718365
C001452,1,0.00496745167507,0.00499368326434,0.00376940150926,0.0392272450088,0.00497904760455,0.617689182335,0.307602366506,0.0167716220968
C001453,4,0.0219681463678,0.0256404540239,0.0205538176835,0.518512257904,0.0219511406516,0.0219681463678,0.0295656681776,0.339840368823
C001456,4,0.00591969447709,0.016449099038,0.182363546245,0.0059516714289,0.0110447028689,0.634921911199,0.119325114882,0.0240242598607
C001457,3,0.612184849418,0.0120241163173,0.17505768249,0.0203294338567,0.103318332273,0.0120241163173,0.015825196732,0.0492362725952
C001458,2,0.447063975512,0.0459520422797,0.184733676012,0.0435528209339,0.0463799077294,0.0422197713274,0.105221041209,0.0848767649971
C001459,4,0.0539897120293,0.00181247649564,0.00177197727959,0.882614337469,0.0506325359107,0.00181224169231,0.00193829645878,0.0054284226649
C001460,4,0.0131668107081,0.050439199525,0.0234725438901,0.023862788663,0.0285788695783,0.106072797748,0.0262333230887,0.728173666799
C001461,3,0.0135600894034,0.0135600894034,0.771213631768,0.0135600894034,0.0100706145921,0.0135600894034,0.016898312376,0.14757708365
C001462,4,0.00509174139047,0.00509462899595,0.0049269829622,0.00500078396507,0.490307701857,0.0280509669791,0.442228198261,0.0192989955894
C001463,3,0.0283642631846,0.169079014375,0.027941476459,0.0283642631846,0.0283642631846,0.0499595473989,0.0343271551981,0.633600017015
C001465,1,0.00474102095911,0.0091238819098,0.111841549972,0.0351497967979,0.0249890032483,0.00465522292399,0.529362142133,0.280137382056
C001466,1,0.00219582454157,0.00657634658696,0.00590355515953,0.00681079738651,0.0263852550116,0.0112713351945,0.906577534928,0.0342793511909
C001467,4,0.907843630672,0.0046002416198,0.00451439011934,0.00445758078238,0.00459407516505,0.00459763423015,0.00469978748711,0.0646926599243
C001468,4,0.00500906422606,0.698901000836,0.00832266123969,0.0109873894389,0.00404354247422,0.0111872350356,0.0133735017603,0.24817560499
C001469,3,0.0172910128087,0.751253634433,0.00620338589727,0.00744183677961,0.0172910128087,0.00971697599638,0.0218086695673,0.168993471709
C001470,1,0.125248503118,0.0109053012399,0.48159447898,0.0106961017574,0.00813394808335,0.0109053012399,0.300263089469,0.0522532761128
C001471,0,0.051353364433,0.104189681131,0.225835094281,0.00770605583042,0.0169249469974,0.0107207266181,0.0116594316962,0.571610699013
C001472,0,0.00185517343437,0.00253627576685,0.00251394578008,0.0145854747485,0.00286073671413,0.0105530152507,0.00305973778254,0.962035640523
C001474,2,0.775185937541,0.0125358655109,0.00960427663212,0.00908030514688,0.00996702262033,0.139003769586,0.0108295649028,0.0337932580593
C001475,3,0.0302273415332,0.0302273415332,0.0308232404552,0.0821022601519,0.0302273415332,0.0302273415332,0.0328427108891,0.733322422371
C001477,1,0.00710471226346,0.088033308034,0.0115364697925,0.7938172588,0.0104337548645,0.0116946523627,0.0297675576187,0.0476122862645
C001482,4,0.0133611764285,0.0281484184417,0.586480262015,0.0258292053637,0.0349397502711,0.0377616353213,0.0350095447544,0.238470007405
C001484,0,0.00889070089982,0.365823606729,0.251917282157,0.00927004149007,0.00927004149007,0.00927004149007,0.330730558822,0.0148277269217
C001485,0,0.00669445773598,0.00290209304479,0.00105810501396,0.00290209304479,0.00290209304479,0.00957100186898,0.00401012608998,0.969960030157
C001486,2,0.105290929452,0.00423026834246,0.00424966963984,0.828723846183,0.00368445837031,0.00382013328649,0.00529285572434,0.0447078390013
C001487,4,0.0072879359679,0.400813933823,0.137633423492,0.00715774634487,0.00728229431891,0.00682603993557,0.28381848659,0.149180139528
C001489,3,0.0186905168941,0.0169620021709,0.015310899295,0.0357243848696,0.00844889962651,0.0420257825865,0.0195513082295,0.843286206328
C001492,4,0.018913843817,0.0151611201176,0.0181817220989,0.278561838655,0.0188992024607,0.181151677792,0.0230739868669,0.446056608192
C001493,1,0.0428986579203,0.00984331196149,0.0369502111302,0.00342708587834,0.0249706639649,0.00489484762109,0.0119289606119,0.865086260912
C001496,4,0.00571641794427,0.0161019977729,0.106046282757,0.0473932836012,0.0639604728289,0.0290870212981,0.0182540084581,0.71344051534
C001497,4,0.902943280941,0.00607395362603,0.0128066937035,0.00596206905778,0.00368577265409,0.00642434090649,0.00671492136992,0.0553889677407
C001498,0,0.511829753916,0.00360787027016,0.00356390520917,0.00360787027016,0.060407374324,0.406260674632,0.00431095793739,0.00641159344095
C001499,0,0.00775176497695,0.712201961724,0.00799433124638,0.00808251045303,0.00808251045303,0.0121187237592,0.223832545923,0.0199356514652
C001500,3,0.013826552269,0.013826552269,0.392199178531,0.013826552269,0.013826552269,0.375868546825,0.0168492563973,0.15977680917
C001501,3,0.656420010357,0.0206118315696,0.0598731967188,0.0206118315696,0.0206118315696,0.0206118315696,0.0550643430842,0.146195123561
C001503,3,0.00143017919102,0.000861122102624,0.000863312383851,0.000589324222269,0.000644286999538,0.000410605010631,0.000903746121276,0.994297423969
C001504,2,0.918383934118,0.00286433810721,0.00292959843454,0.0560559095098,0.00289100833234,0.00264382369627,0.00354450934195,0.0106868784597
C001506,2,0.00309608013498,0.00416557607793,0.00375190138166,0.273255113802,0.00199122087372,0.00357336353346,0.682372938986,0.0277938052103
C001509,4,0.00514816896614,0.00809689763531,0.0840761889097,0.730489799021,0.00514418372775,0.00514816896614,0.145579151013,0.0163174417611
C001510,1,0.054176260461,0.307735724191,0.0142699719902,0.0698847750641,0.0041852103452,0.0144580525992,0.169577123703,0.365712881646
C001513,1,0.015131114546,0.769980088381,0.0150052721889,0.0149519758341,0.0151664363466,0.0152110173227,0.0184562131586,0.136097882222
C001514,3,0.00773999384787,0.0106616541985,0.289649208419,0.627484129346,0.0106616541985,0.0106616541985,0.0135062391921,0.0296354665993
C001515,0,0.008489280756,0.00710653620938,0.00704396854161,0.00456645036675,0.0372306825793,0.00487382422258,0.00800171620477,0.92268754112
C001516,3,0.000737442820592,0.000737442820592,0.000479728482218,0.000437803791942,0.000737442820592,0.000166791313676,0.000186401739512,0.996516946211
C001517,1,0.00569700106653,0.0140354239401,0.0243965912031,0.0056291775601,0.00657167741957,0.910841082227,0.0065791054478,0.0262499411358
C001518,2,0.0020627486562,0.629681217924,0.189331932623,0.0119543748866,0.0155291929954,0.00766901101861,0.010082321186,0.13368920071
C001520,4,0.00835281559793,0.246044136736,0.00803723167191,0.00820360326694,0.00557112652132,0.6851374503,0.00920313817968,0.0294504977263
C001524,3,0.0105723410566,0.607582151665,0.0105992320167,0.189593706208,0.103307460753,0.0105723410566,0.0133746021734,0.0543981650714
C001525,4,0.0398745135456,0.0692527264831,0.0384808360145,0.0328491992392,0.205985515772,0.0803531141122,0.0468428025205,0.486361292313
C001526,3,0.00159454289171,0.975818831389,0.00159859864333,0.00159454289171,0.00159454289171,0.00159454289171,0.00210825090114,0.0140961474993
C001527,4,0.208572750159,0.268670866297,0.00751495480174,0.00551560782534,0.00393357041887,0.461634571962,0.0090866858942,0.035070992641
C001530,0,0.0136348784275,0.0146734939669,0.0149036185448,0.706489876719,0.0146734939669,0.0146734939669,0.0148851513919,0.206065993016
C001533,4,0.0062730337261,0.280676117571,0.00734354732525,0.183461672603,0.00758324092908,0.411955393353,0.0136501420534,0.0890568524391
C001534,2,0.00318116470207,0.262624878156,0.0059581013319,0.620803059987,0.00480308404911,0.0455553235803,0.036178628078,0.0208957601157
C001536,3,0.00389350359793,0.00389350359793,0.00395383798547,0.00389350359793,0.00389350359793,0.943149508466,0.00510907064739,0.0322135685095
C001538,3,0.00673687518649,0.00691962038614,0.0067731559089,0.00691962038614,0.00484368208685,0.00515681924273,0.886237740731,0.0764124860713
C001539,1,0.0103897146289,0.516330854982,0.0100939543833,0.0101072428468,0.321446094431,0.0560638233517,0.0164797489531,0.0590885664233
C001540,2,0.041094157199,0.302870784496,0.0407477875197,0.367437581013,0.034124421952,0.0384812041822,0.0484245101072,0.126819553531
C001541,1,0.0575346796166,0.00436306478053,0.0167724544069,0.0138201941995,0.109849128375,0.202483101972,0.518302850524,0.0768745261259
C001543,2,0.0391408030768,0.018910361313,0.0703271770752,0.0274322074958,0.0117382121647,0.284502969353,0.0324810299572,0.515467239565
C001545,3,0.0777642802515,0.030115461052,0.199195178106,0.446222644068,0.0132242133075,0.0295933269064,0.0439340746591,0.15995082165
C001548,3,0.00388514015962,0.00134197989068,0.954663376128,0.0015365130113,0.0295980640653,0.0015365130113,0.00143727611818,0.00600113761584
C001549,0,0.00114830255717,0.00135740644351,0.00126171574237,0.980595815026,0.00123577270853,0.00123577270853,0.00149927164754,0.0116659431667
C001550,3,0.0875486452666,0.171275457163,0.54156304762,0.0158999934846,0.0231427742659,0.0130306401702,0.0180845721839,0.129454869846
C001552,1,0.0105769962874,0.00877017497363,0.0276351173739,0.0307013759883,0.00606525817135,0.00391352668261,0.865353832457,0.0469837180653
C001553,3,0.00510774927349,0.0146565183424,0.039110509783,0.0133484293707,0.785174079436,0.0133484293707,0.0193785438891,0.109875740535
C001554,1,0.129778108245,0.219943560983,0.449894296705,0.0118881883439,0.0118367279629,0.0318997028842,0.015123837928,0.129635576948
C001555,0,0.00516479742333,0.00541190792137,0.0281338869503,0.00541190792137,0.00541190792137,0.0476893105639,0.00688411493736,0.895892166361
C001558,3,0.00907310838454,0.00738672110396,0.0516983829474,0.0101664415447,0.0103009121082,0.0155715475554,0.0036243138558,0.8921785725
C001560,4,0.016237921559,0.0119444985233,0.726996601647,0.0117244762541,0.0119284873623,0.0119377284524,0.160811082462,0.0484192037402
C001561,0,0.0325525234727,0.035518734523,0.037028954536,0.035518734523,0.035518734523,0.035518734523,0.0267089061366,0.761634677763
C001564,3,0.0031563601752,0.00512951634084,0.928659923979,0.00675647517597,0.00675647517597,0.00675647517597,0.0103731102653,0.0324116637119
C001567,2,0.00401766920105,0.854433831914,0.0491815480475,0.00391386361966,0.0623504618173,0.00364117194744,0.00474385250311,0.0177176009502
C001568,1,0.0131380689846,0.0082526862778,0.00620060747859,0.0080943726595,0.0318264519173,0.080656523331,0.721855549137,0.129975740215
C001569,0,0.00242052448286,0.508477456939,0.00252877676103,0.0025363348354,0.455488413975,0.0025363348354,0.00405088821472,0.0219612699571
C001570,0,0.0353963227463,0.496183636112,0.00416058078702,0.00421302015661,0.00421302015661,0.428203019655,0.0199123351414,0.00771806524557
C001571,1,0.000900117076848,0.065104882181,0.00089263098887,0.0109353187532,0.000902218293895,0.90302668985,0.0149411231583,0.00329701969763
C001572,4,0.606259702988,0.0277270834235,0.0268146841954,0.05978201474,0.0276899162878,0.0277113678772,0.0298307096491,0.194184520839
C001573,4,0.0257671515468,0.0143935795525,0.00667768801161,0.00733733883871,0.218750659901,0.129032630926,0.0152559093307,0.582785041892
C001574,1,0.0308661709182,0.0310291657031,0.0306255162945,0.030921655736,0.055779399544,0.3064565404,0.0364340769159,0.477887474488
C001575,0,0.00808140263898,0.00234575152605,0.00233722726967,0.962690582494,0.00157016789398,0.00234575152605,0.00277404434907,0.0178550723025
C001576,2,0.0193788593732,0.0194484334372,0.0196193784247,0.0219387543378,0.0595909239611,0.0393262952917,0.0238933104936,0.796804044681
C001577,4,0.00628576278026,0.442848186767,0.00631506168113,0.0057947497325,0.125375087493,0.136906118418,0.217163893896,0.0593111392322
C001578,0,0.00414320305987,0.00750553486682,0.00442776055858,0.00446791509938,0.00446791509938,0.938528331088,0.00539556821963,0.0310637720082
C001579,0,0.0223205913845,0.844679159598,0.0063061473884,0.00847773684907,0.00931812923083,0.0118564370737,0.00993640626024,0.0871053922149
C001580,0,0.00488041028231,0.00339617394052,0.469144486647,0.00339617394052,0.432642486207,0.0221811317667,0.0499266679503,0.0144324692658
C001581,2,0.000920706043229,0.000913582201911,0.00166657751915,0.00560520782166,0.00166490008637,0.00149658373295,0.00196637216739,0.985766070427
C001582,2,0.065682421925,0.769614680112,0.00431110604351,0.00463173803185,0.0563151339309,0.0678662269962,0.00569548764822,0.0258832053128
C001583,1,0.00423031433747,0.0042440725021,0.00418666692255,0.00422936762411,0.916742600744,0.0054688846858,0.00506268581714,0.0558354073668
C001584,0,0.0234938817955,0.0249910570713,0.0245626867874,0.0249910570713,0.0249910570713,0.0249910570713,0.0556986256751,0.796280577457
C001585,1,0.00839641902107,0.0675816552313,0.00832658773678,0.00827883648538,0.0314387646734,0.571279339656,0.266778950459,0.0379194467368
C001586,4,0.0425889795333,0.0130287007332,0.0127047645018,0.453731604318,0.00727614039159,0.35720568637,0.0119828082112,0.101481315941
C001587,1,0.00651848323219,0.00655290534356,0.00349604946202,0.0204972828726,0.0131227193698,0.0044476842898,0.0173379328613,0.928026942569
C001589,3,0.0108020423386,0.0108020423386,0.018359471713,0.81515123134,0.0101909663437,0.0108020423386,0.0104540540985,0.113438149489
C001590,4,0.00925537589673,0.00926062476388,0.0201634904757,0.841284073475,0.00644081739012,0.00925537589673,0.0102660189418,0.0940742231595
C001591,2,0.00546963132874,0.00239728654539,0.870958286065,0.00423158585687,0.0410241944611,0.00305512451978,0.0056265477255,0.0672373434979
C001592,1,0.0482778162194,0.0485327565649,0.047901408024,0.0609092960541,0.0850576321517,0.0485327565649,0.0498602905161,0.610928043905
C001593,4,0.0197787647527,0.0197899815968,0.756753415917,0.0194254425036,0.0197634538542,0.0197787647527,0.0325214560257,0.112188720597
C001594,4,0.0248321812744,0.0136962361022,0.701948032596,0.0134439461511,0.0136778768013,0.0136884731568,0.0161793415092,0.202533912409
C001599,3,0.00233954089242,0.00233954089242,0.00235523326637,0.00181892533429,0.969321289258,0.00233954089242,0.00293886046417,0.016547069
C001600,2,0.0548682988808,0.0270404315702,0.0262989190251,0.26753845994,0.0272922085497,0.0242227972287,0.349718096134,0.223020788671
C001601,4,0.284160998702,0.355208840955,0.0102175584023,0.0103401932156,0.0105201171825,0.0105282671976,0.268873996942,0.050150027403
C001602,0,0.0311559873041,0.0339949449014,0.0354403749492,0.0339949449014,0.0339949449014,0.0339949449014,0.0255630670598,0.771860791081
C001603,0,0.326244202957,0.0238679848131,0.0206012033813,0.0207841924507,0.0155459714305,0.073351686232,0.114500557174,0.405104201562
C001604,4,0.014081803062,0.0547516339013,0.0236517873888,0.0246248235626,0.0250533064589,0.0209217760043,0.503074199534,0.333840670088
C001605,1,0.00435440057737,0.00486875160122,0.856525200973,0.0783317319137,0.0026259469085,0.00276884037469,0.0274546284017,0.0230704992498
C001606,1,0.00744978019212,0.00722457838379,0.00321631998879,0.00270659834082,0.00536734632571,0.00195570218036,0.937011285609,0.035068388979
C001607,3,0.00510525658492,0.912184047728,0.00511824190677,0.00510525658492,0.00510525658492,0.00510525658492,0.00643295282218,0.0558437312031
C001608,4,0.00123963834845,0.97733745492,0.00119473778313,0.00121749380026,0.00123867873458,0.00123963834845,0.00130606563144,0.0152262924333
C001611,1,0.00318245488737,0.0049141777207,0.00574894262785,0.801214121931,0.00202550105316,0.0049141777207,0.00589310860037,0.172107515459
C001612,2,0.0112321215349,0.0218487332438,0.0837894466008,0.407449230231,0.0213905390438,0.00851684215612,0.306072503267,0.139700583922
C001613,2,0.0196884575343,0.0125631142109,0.226861845149,0.0119032354871,0.0126800910033,0.234844396182,0.454443132693,0.0270157277409
C001614,2,0.0014181926911,0.00142328429257,0.980337072963,0.00131364111907,0.00143653667797,0.00128078067156,0.0013209550056,0.0114695365789
C001615,1,0.000553992490634,0.000709666007827,0.938081574451,0.000989062594265,0.0379666634179,0.00186957886895,0.00109397988846,0.018735482281
C001616,3,0.019130006087,0.441935475585,0.0188448616226,0.19078686608,0.019130006087,0.164448034583,0.0258470381672,0.119877711788
C001617,2,0.00378054681143,0.0045657588277,0.0045866987865,0.756725881964,0.00460827120272,0.0909105897926,0.117009131046,0.0178131215693
C001618,2,0.00454467553816,0.0952630970576,0.00466490829249,0.0441063643384,0.00311276276607,0.00495581566941,0.00564596309861,0.837706413239
C001619,3,0.0127135623778,0.0180611438713,0.143648685308,0.121316034494,0.0164492677114,0.51405589027,0.0230158286605,0.150739587307
C001621,2,0.00349456532538,0.0118193886825,0.00537231411382,0.00507935301759,0.469543642136,0.00484493906577,0.480114393532,0.0197314041273
C001622,2,0.0190733977261,0.0119973916198,0.0127734538935,0.0120472745929,0.0762640192742,0.00637707027693,0.00648038191748,0.854987010699
C001623,4,0.252793626615,0.105153596568,0.395676003815,0.0111951566082,0.069305264818,0.0296132241911,0.0451956711589,0.0910674562257
C001624,1,0.859621838711,0.0104728232794,0.0103311672427,0.0104365370029,0.0104421291663,0.0104728232794,0.018882132996,0.0693405483226
C001625,0,0.0222640417486,0.0232139842597,0.0113284856613,0.0232139842597,0.0232139842597,0.552991682418,0.0345097769055,0.309264060488
C001626,3,0.0264225300817,0.0264225300817,0.0268319780582,0.530704739161,0.0264225300817,0.0264225300817,0.0296444309088,0.307128731545
C001627,0,0.00432621287285,0.0114820658116,0.0113421467774,0.290542383614,0.0155546977286,0.115639843094,0.0151046081765,0.536008041925
C001628,4,0.00654911840416,0.201549812524,0.015095581343,0.0653880950419,0.0180622795178,0.0067603286499,0.541302604989,0.14529217953
C001631,3,0.0255708807698,0.0255708807698,0.294050740893,0.0255708807698,0.0255708807698,0.0255708807698,0.0280539484853,0.550040906772
C001634,0,0.0376027651083,0.000721275102504,0.000712485733293,0.953519208536,0.00413385506162,0.000721275102504,0.000838175239755,0.00175096011625
C001635,2,0.454050904157,0.0514345310521,0.0281139205477,0.0271516698031,0.0155652595745,0.0211900869069,0.230207481636,0.172286146323
C001636,2,0.184100788037,0.00617620300846,0.672463283884,0.00581386116762,0.0200283913802,0.0804781154794,0.00704392634727,0.0238954306954
C001637,4,0.0348677003288,0.0397043732363,0.183870847663,0.0540858228482,0.0275858866015,0.029366607068,0.0281103662626,0.602408395991
C001639,2,0.0080734894824,0.00697582915059,0.00651890915983,0.00597347077776,0.82548134238,0.00706717541185,0.00767395672988,0.132235826908
C001640,0,0.0235286851519,0.0331650327609,0.0328032062845,0.0484581866144,0.381432310079,0.021005728708,0.0342919088274,0.425314941574
C001641,1,0.0229197322439,0.0269027472538,0.0265388590786,0.030263462433,0.0138127023282,0.0269027472538,0.0314123024405,0.821247446968
C001642,3,0.0183164849573,0.0279237876888,0.0271561797274,0.0279237876888,0.0228731400202,0.0279237876888,0.0321696888326,0.815713143396
C001644,0,0.0049314983345,0.00410192693194,0.00549437793021,0.00227511880405,0.0235002404607,0.00306607448873,0.00674457897433,0.949886184076
C001645,4,0.0251927824293,0.42896039055,0.024280282284,0.0247427457027,0.0251732804969,0.309358591435,0.0270080983444,0.135283828758
C001646,4,0.362512511057,0.0278955556663,0.0273389578447,0.0270304699469,0.0278581626997,0.0339388137504,0.0887677610097,0.404657768025
C001648,1,0.00336297181109,0.00338073063414,0.00398361824427,0.00336879194893,0.00337082227174,0.937162110465,0.00265702790386,0.0427139267214
C001650,1,0.00700426901527,0.0101018692218,0.906155665115,0.00701685984137,0.00702061965436,0.00704125641243,0.00861363281062,0.047045827929
C001651,3,0.0770277623226,0.0495449165221,0.0496709350045,0.0495449165221,0.057004274169,0.0495449165221,0.0259723225096,0.641689956428
C001652,2,0.06398095721,0.773711708582,0.00475320813427,0.0912890075504,0.0355362990506,0.0068876632447,0.00675461645745,0.0170865397704
C001654,2,0.0102685189894,0.027207669914,0.0219901982794,0.606088634084,0.132819099244,0.01920976359,0.0248677040504,0.157548411849
C001655,4,0.00703542366336,0.00703941356118,0.0068077716174,0.0355678259295,0.54637789459,0.00703542366336,0.252793802833,0.137342444142
C001656,1,0.00234724721691,0.292491268072,0.619542416936,0.00236295510827,0.00235272658842,0.0702464120541,0.0030141297285,0.00764284429503
C001659,2,0.00453192259324,0.0844446026979,0.0187097576438,0.0174289769534,0.757168233861,0.0066172410743,0.00920831236246,0.101890952814
C001660,2,0.016370443623,0.0161583551892,0.015715254899,0.7274495207,0.0163088077386,0.0139637515388,0.0183707732027,0.175663093108
C001662,1,0.00513012696301,0.00378918633047,0.00373793356858,0.00372440813834,0.899398857227,0.0549532046793,0.00471139072529,0.0245548923685
C001664,1,0.00379418851975,0.00381422446602,0.00376263303681,0.00374926875908,0.914846323207,0.020019509588,0.00451631958269,0.0454975328404
C001665,1,0.00579941991863,0.00583004487711,0.0057542035158,0.00573076003169,0.00581295797974,0.878229696416,0.00685621729602,0.0859866999647
C001666,0,0.00293712634411,0.00315818885998,0.00313968954499,0.005995255725,0.0011774060949,0.00149821394901,0.00375605859445,0.978338060888
C001668,3,0.00314001956167,0.00314001956167,0.00316108111325,0.86724954032,0.0993668154229,0.00545774471985,0.00430117309772,0.0141836062033
C001670,4,0.0145565871437,0.49483446068,0.0204176255633,0.205220802757,0.0408296377838,0.0799818802689,0.0253037773648,0.118855228438
C001671,1,0.0053882474767,0.250939353224,0.209604810489,0.383793388737,0.0143894097591,0.00786174362005,0.0075416402189,0.120481406476
C001672,3,0.00553854983851,0.00553854983851,0.00555263725039,0.761732841152,0.0128843090402,0.00553854983851,0.00723285307418,0.195981709967
C001673,1,0.00469021663459,0.00471498423061,0.505706872643,0.00469864773593,0.00470116539159,0.00471498423061,0.453198599151,0.0175745299822
C001674,0,0.00358965360702,0.00372267274254,0.00346667170788,0.71829875587,0.252090773488,0.00372267274254,0.00445805540235,0.0106507444399
C001675,0,0.174353049855,0.0361933770337,0.0305718907385,0.0361933770337,0.0147554086973,0.0989386928635,0.0374837367227,0.571510467055
C001676,2,0.0156551350997,0.0157113402328,0.0158494374666,0.0110736739484,0.0158576305678,0.326805262326,0.527674081706,0.0713734386523
C001678,3,0.00794226827572,0.906274025298,0.00803537116513,0.00794226827572,0.00794226827572,0.00733159832123,0.00968167239646,0.0448505279918
C001679,0,0.0115269526994,0.0274948387862,0.0108661956715,0.699050420058,0.0274948387862,0.0182927328697,0.0281212446551,0.177152776474
C001680,1,0.0983823456157,0.150761632768,0.0188209470168,0.018806951719,0.394642127928,0.0594908044565,0.0211566461923,0.237938544304
C001681,3,0.00916909818876,0.12161893874,0.00931118407866,0.00916909818876,0.00916909818876,0.00916909818876,0.721393182731,0.111000301696
C001682,3,0.0341764795122,0.0341764795122,0.0345771117853,0.0869367321013,0.0341764795122,0.0341764795122,0.0404088857922,0.701371352273
C001684,2,0.00673766438222,0.0132388741266,0.0136566166462,0.8344805628,0.00870431890165,0.0119540729629,0.0172312546061,0.0939966355741
C001685,1,0.00615543298938,0.0104288051877,0.0102877445424,0.670389700586,0.012956749492,0.0427385444525,0.0114340253219,0.235608997428
C001686,4,0.0020941747404,0.00209536237936,0.0182777642327,0.00205676499624,0.917525709822,0.0020941747404,0.0228815805885,0.0329744685
C001688,2,0.754181936592,0.0165486750973,0.0169257157654,0.0156794544232,0.00563961417798,0.0811744419539,0.0192097397749,0.0906404222156
C001690,2,0.00094559081427,0.23927101973,0.0444260235818,0.00182292981359,0.000628594857564,0.6961067255,0.00220111800193,0.0145979977006
C001692,0,0.0142821474504,0.0148855129555,0.0147544572904,0.0148855129555,0.0102014071862,0.835313064404,0.0190057260611,0.0766721716967
C001694,0,0.0129845615474,0.0249123395612,0.0246022562165,0.0249123395612,0.0325855026059,0.717185369193,0.0383661078279,0.124451523487
C001695,0,0.0377325931311,0.00437770966064,0.00442799047709,0.00569003480138,0.014109283635,0.0054898216403,0.00666683124433,0.92150573541
C001696,4,0.00826611213206,0.00826718313196,0.350823143436,0.0054334808027,0.460529029096,0.0131129571624,0.0937568630355,0.0598112312031
C001697,2,0.000915176871198,0.000918462543122,0.00102766771442,0.000419032118278,0.000641591165867,0.00342086165216,0.00110317191908,0.991554036016
C001699,3,0.00340785323874,0.00192477328799,0.00554556718414,0.0057543060802,0.00527113814732,0.00175338848898,0.0776712161265,0.898671757446
C001700,2,0.0333114381146,0.0328798694352,0.0731175622218,0.0327201558671,0.0331860181812,0.0298297947484,0.0361743125158,0.728780848916
C001702,4,0.0110244533824,0.0110307055208,0.0105062635924,0.0106886257309,0.0164607389503,0.00801111517018,0.792891970411,0.139386127242
C001703,4,0.00275828396803,0.00975001530853,0.946349198404,0.00270901076481,0.00275614875855,0.00275828396803,0.0042250834085,0.0286939754193
C001704,0,0.00774387134525,0.042850241163,0.00824378637171,0.784072017051,0.0719301815289,0.00807428002281,0.00983310262687,0.0672525198902
C001705,4,0.449650217202,0.00465972278139,0.00450638795695,0.0463187123935,0.00465347659435,0.00245536725735,0.450544969021,0.0372111467938
C001706,1,0.869995384483,0.0051488640154,0.0795634684677,0.00639992417869,0.00487314599805,0.0065112373062,0.00722408948786,0.0202838860629
C001707,4,0.00323370386972,0.392480769111,0.00365862001096,0.00376278210038,0.571230439622,0.00378096435177,0.00431561386689,0.0175371070673
C001708,0,0.0070899884006,0.00751614331353,0.00662474098303,0.461957370237,0.00751614331353,0.192800388303,0.010103769503,0.306391455947
C001710,3,0.00806558642583,0.00746856145093,0.798308097187,0.00806558642583,0.0330795121693,0.00806558642583,0.010836334249,0.126110735667
C001711,3,0.81462479077,0.00563238349117,0.00336217927085,0.145839321483,0.00278376141956,0.00310827176378,0.00639741649026,0.0182518753118
C001712,0,0.00232663059713,0.00180557757124,0.586068479443,0.399458284899,0.00158399789698,0.00158399789698,0.00172191268895,0.00545111900696
C001713,4,0.00426050126731,0.00138027826783,0.00191378490375,0.00135485300982,0.000721514950019,0.000645069394767,0.00148808548813,0.988235912718
C001715,1,0.0366461327776,0.868991342755,0.00126851976157,0.00128137203612,0.0149939587317,0.0717643773706,0.00150187884119,0.00355241772664
C001717,3,0.888729286446,0.00701509321354,0.00703293624291,0.00701509321354,0.0174285645363,0.00701509321354,0.00867101089614,0.0570929222379
C001718,1,0.00409407218938,0.116154181819,0.00683206692145,0.760517816512,0.0256745155616,0.00608731425576,0.00691423112268,0.0737258016179
C001719,0,0.000714567439389,0.989741587811,0.00110941571234,0.000768998496505,0.000768998496505,0.000768998496505,0.000924845642221,0.00520258790592
C001720,4,0.002467393337,0.00766570547789,0.00220172891647,0.00239223143275,0.00154141118968,0.002467393337,0.00270533989493,0.978558796414
C001721,4,0.00255072289696,0.00255216945145,0.00249473367076,0.00250515750589,0.00254874836215,0.00255072289696,0.963691410805,0.0211063344111
C001722,1,0.00989244208016,0.00725309693203,0.0117197215539,0.0146681361112,0.00769227127752,0.00861065674179,0.0166730418846,0.923490633419
C001723,4,0.0161340047484,0.0161431545925,0.0157080971435,0.0188232629945,0.0161215152874,0.0161340047484,0.776237561903,0.124698398582
C001724,3,0.00267996730472,0.96417654219,0.00269794307478,0.00267996730472,0.00267996730472,0.00267996730472,0.00332474182749,0.0190809036886
C001730,0,0.11918527266,0.0249183994174,0.0326990475082,0.0742314880146,0.0164568562353,0.460837419985,0.0424197327096,0.229251783469
C001732,1,0.013658434699,0.0118952752282,0.0216817032749,0.0134958293347,0.0468263967462,0.00666427945007,0.0152924629704,0.870485618296
C001734,2,0.382102220284,0.0222070154669,0.0215980466155,0.022099145158,0.0224137878798,0.0191202311593,0.024969627865,0.485489925571
C001735,2,0.0733755103078,0.389998397622,0.00355717131242,0.00335494377103,0.241151010865,0.00324628439317,0.278353085068,0.00696359665992
C001736,3,0.0161585894055,0.0101100709122,0.0164089856284,0.0161585894055,0.69178261113,0.00501090575411,0.0222950839999,0.222075163764
C001737,3,0.525183941945,0.385513459438,0.022195180471,0.0219728983881,0.00280612270719,0.00640110103032,0.00914631194278,0.0267809840775
C001738,2,0.10749813972,0.00422633160469,0.00484236147226,0.713841078603,0.00666484990551,0.00139738535174,0.137313317166,0.0242165361768
C001739,2,0.00123662442124,0.00142237005089,0.000680321809608,0.00134933700341,0.00221324768309,0.00274880010674,0.00107512056006,0.989274178365
C001740,0,0.852740057667,0.00767788366128,0.00761983620836,0.00767788366128,0.00671689468222,0.00767788366128,0.00845750483719,0.101432055621
C001741,2,0.00538234016895,0.84128295591,0.00542643754328,0.00304884950457,0.00537322789731,0.00285103475065,0.0195171366185,0.117118017607
C001742,0,0.139990307264,0.0138133430867,0.0889336395838,0.0138133430867,0.0138133430867,0.665551884839,0.0202639490118,0.0438201900412
C001743,0,0.00362991143666,0.20563435349,0.0526423415703,0.0111761885398,0.00628723860732,0.0222892108163,0.642763085764,0.0555776697757
C001744,4,0.00720565681654,0.00410930738601,0.390682128504,0.00496160981008,0.00325225260625,0.367108081076,0.130539624317,0.0921413394845
C001746,3,0.00581942369236,0.750087566671,0.0071934057121,0.00711005836664,0.180508763587,0.00670750673079,0.00905104646474,0.0335222287751
C001749,0,0.700944508416,0.00414651249878,0.00311439882169,0.0582101304602,0.00414651249878,0.00414651249878,0.189580220926,0.0357112038801
C001751,1,0.0135393781921,0.00808358516951,0.338934081864,0.0133506663072,0.0206122052631,0.0310896704147,0.193929683015,0.380460729774
C001753,0,0.0123173162087,0.0128428606009,0.0311658141756,0.0128428606009,0.0128428606009,0.804955700377,0.0131139392406,0.0999186481952
C001754,3,0.00463693685601,0.0157054770073,0.0105221644237,0.873225397339,0.00933706144875,0.0315677447951,0.0119923450862,0.0430128730437
C001755,0,0.00225114410294,0.00240958473669,0.00246017004087,0.00240958473669,0.00192963140439,0.00202781594133,0.972278518183,0.0142335508541
C001757,0,0.979008236704,0.000961193809986,0.000957777195987,0.000961193809986,0.00923349746927,0.000961193809986,0.00131618383585,0.00660072336481
C001758,1,0.834962476741,0.00901401088269,0.0545648868574,0.00898217887654,0.00898759230752,0.00792805161749,0.0104348108737,0.0651259918432
C001760,2,0.0418688165181,0.0413263821208,0.0399809324316,0.0403480593972,0.0417111774465,0.0340826552329,0.0417505754047,0.718931401448
C001761,3,0.0612901702134,0.0333985213718,0.0786632326177,0.156146599235,0.0104156595195,0.0765124753093,0.0429033395585,0.540670002175
C001762,1,0.00171151466349,0.00161121620636,0.0121770059995,0.0016055263703,0.00160649399813,0.00182177183557,0.00188646098269,0.977580009944
C001764,4,0.0106603042321,0.676226707767,0.0131609685685,0.0120058382388,0.0695528647153,0.00506878104312,0.0157570230865,0.197567512349
C001765,1,0.00702213281736,0.0122357650952,0.0120765935792,0.0267504478549,0.00784005747626,0.0339828188358,0.0210146146721,0.879077569669
C001766,3,0.00830857429881,0.0120561850635,0.00944940368614,0.00830857429881,0.00830857429881,0.0412169276861,0.0110198715592,0.901331889109
C001768,2,0.047413182097,0.0511989015374,0.0478016370763,0.0468965811527,0.234846149622,0.0431775607051,0.0794194145086,0.449246573301
C001771,2,0.00366911456439,0.00850466545797,0.488869965861,0.0118380971681,0.00858385350557,0.00503278839391,0.0100896535571,0.463411861492
C001772,1,0.0119031092591,0.00520978674806,0.00449773070619,0.00424840601572,0.918375001365,0.00520978674806,0.00635041047113,0.0442057686864
C001773,4,0.467676450813,0.0313076657998,0.0306490452919,0.0307444111255,0.0312793775709,0.0442631891499,0.0343981158054,0.329681744444
C001774,4,0.0062210473641,0.247173240803,0.00532960809502,0.00172198060005,0.0333432560854,0.0203780970033,0.0323765089318,0.653456261117
C001777,0,0.0126327033273,0.0236937871517,0.658454506454,0.0125629956271,0.0148272751733,0.0257306643168,0.0548559259809,0.197242141969
C001778,3,0.0370880282269,0.0583910026158,0.130308967368,0.0570166773806,0.0570166773806,0.433039702947,0.0716424118534,0.155496532228
C001779,3,0.0046546243822,0.717870482638,0.00426530190091,0.125972846958,0.00425448054487,0.0499325757491,0.00565556456058,0.0873941232668
C001780,2,0.0128561100892,0.0129022661507,0.0132391259621,0.0281602314974,0.0130224008311,0.610502175901,0.0142012949427,0.295116394626
C001782,4,0.0171896133947,0.0113012503917,0.00883038949326,0.0110979301524,0.716964787432,0.118965852786,0.0127981893516,0.102851986998
C001784,3,0.696096879762,0.0857540299799,0.0256181667675,0.0174758920296,0.01308970826,0.026433881274,0.0204072040824,0.115124237845
C001785,4,0.0139840503514,0.0139919809231,0.0137096703362,0.0137342432384,0.832974256496,0.0139840503514,0.0271118581678,0.0705098901352
C001786,3,0.0101227443883,0.835181638298,0.0101484917904,0.0061621177645,0.00941688558524,0.0101227443883,0.01266893214,0.106176445645
C001787,1,0.0852888895253,0.00257870043109,0.00661698461929,0.0177624230444,0.00234761600783,0.831161208982,0.00789992479709,0.0463442525927
C001788,4,0.942640468357,0.00869398377965,0.0027384357067,0.00277945458234,0.00282781832988,0.00283000906232,0.00318423791243,0.03430559227
C001789,2,0.874658368197,0.00699727153463,0.00680538981076,0.00677218997414,0.0070624240411,0.00649828433385,0.00809625867969,0.0831098134284
C001791,2,0.00847533200152,0.00850576017479,0.0086995531812,0.870243907815,0.00858495841543,0.00755448876478,0.0118565832008,0.0760794164466
C001792,2,0.0296381353615,0.0292541564141,0.0299206754325,0.0283131365975,0.0295265456742,0.596692545516,0.0316920762107,0.224962728794
C001793,4,0.055148489644,0.039492588944,0.00787026925808,0.00798815758214,0.109510958377,0.743509527578,0.00914717352266,0.0273328350938
C001794,2,0.141395407777,0.0117607539247,0.0460320282146,0.103377802864,0.011870259836,0.399569051361,0.252251681045,0.0337430149787
C001795,2,0.00361442439293,0.00362740091488,0.00326493896051,0.00301131019348,0.00366117611717,0.00343716454165,0.94856515342,0.0308184314597
C001796,2,0.00313058353902,0.141424190003,0.00306030927534,0.0036748340917,0.00274364485417,0.0054264876693,0.820444192563,0.0200957580043
C001797,2,0.00160247533387,0.00123539701562,0.00124106292211,0.000534578680155,0.0025264666919,0.00446907878155,0.00146707020064,0.986923870374
C001799,0,0.00639174398735,0.00677592982074,0.00671449762804,0.00213968968499,0.00739361718675,0.0575252960718,0.852259489803,0.0607997358171
C001801,4,0.00174133791708,0.0033936806859,0.00332083485719,0.00226591400473,0.00523864518556,0.00209141743262,0.00357616709715,0.97837200282
C001802,4,0.00271437863895,0.00271591800515,0.000610928099339,0.00266588974808,0.000534389555803,0.0105424747473,0.00315793668976,0.977058084516
C001806,1,0.00710811345115,0.0060587917219,0.00734399765796,0.00606729790773,0.923856894379,0.0060587917219,0.0079330998751,0.0355730132854
C001808,4,0.0319185889064,0.393529889149,0.249289587664,0.0342709401306,0.0275449193012,0.0237238617523,0.0516522733393,0.188069939757
C001809,0,0.456065519148,0.0457237571847,0.0597793686237,0.11726158555,0.0215516407507,0.100784571848,0.0217212062681,0.177112350627
C001810,3,0.00512602005107,0.0978763192633,0.00507058651755,0.00512602005107,0.130624987763,0.00395624025825,0.00684809374136,0.745371732354
C001811,1,0.108139259488,0.55127535059,0.0132567446038,0.0541934476777,0.0258054375372,0.147927081588,0.0189950486149,0.0804076299011
C001812,0,0.0344937140894,0.0222223862455,0.0219457846907,0.0222223862455,0.761009237529,0.0120438758446,0.0237059477778,0.102356667577
C001813,0,0.0137040916203,0.0142888057236,0.187809310495,0.0142888057236,0.0142888057236,0.666651249367,0.0208333237478,0.0681356075988
C001814,1,0.00252565984048,0.162228143052,0.0309094654377,0.00640975862137,0.00650213011402,0.00158170213362,0.00800102669773,0.781842114103
C001815,1,0.001436991208,0.983347174742,0.00142504004866,0.00143957433357,0.00144034569432,0.00128232923411,0.00226353125704,0.00736501348216
C001816,0,0.0041406037106,0.00311574742212,0.0022883950426,0.00431727134042,0.00242507568568,0.376905109083,0.556485538112,0.0503222596033
C001817,2,0.0133765812361,0.0119190098472,0.0121905694379,0.0112929627641,0.161960229382,0.0119007590442,0.719547885231,0.0578120030569
C001818,1,0.0035827388339,0.0257768223983,0.872650708534,0.00354008588237,0.00929543415756,0.0036016581792,0.0647131972565,0.0168393547579
C001819,0,0.00816945004144,0.0398449903175,0.0272036472979,0.0352449359593,0.0479823441898,0.0308767038159,0.0201225659879,0.79055536239
C001820,0,0.00581782019965,0.00625845563112,0.905240427068,0.00625845563112,0.00625845563112,0.00644469670393,0.00733163787191,0.0563900512634
C001821,4,0.0138480930031,0.463084186842,0.0216202026071,0.0344097783723,0.0134149275922,0.0318413314194,0.0417577902788,0.380023689885
C001823,2,0.0107851339357,0.000383144292456,0.00493359208636,0.0543072092059,0.00850790623132,0.0576432084783,0.0413150059328,0.822124799837
C001824,4,0.403796928405,0.00623196003239,0.538352145242,0.0061171649252,0.00622360631911,0.00622842779443,0.00649623443331,0.0265535328489
C001826,1,0.0088025134858,0.0307376308102,0.0108454903864,0.0108062467988,0.0113710233282,0.0109941985766,0.857387136074,0.0590557605399
C001827,1,0.00625085645544,0.878198162828,0.00784580262769,0.00781793557704,0.0222254412829,0.0079533805304,0.0095017909311,0.0602066297677
C001829,3,0.00927277299497,0.015544404247,0.015266489606,0.015544404247,0.281536266565,0.015544404247,0.495560743954,0.151730514139
C001830,0,0.824793581607,0.0154852774227,0.0131550182203,0.0176393024155,0.0268193095032,0.0122601569123,0.0155931730759,0.0742541808428
C001832,1,0.21706823233,0.0038084162695,0.0439002257655,0.00376184928098,0.00765948277265,0.0038084162695,0.679815206024,0.0401781712884
C001834,1,0.0103110883234,0.00782294925619,0.00771713557471,0.786261663229,0.00780002148567,0.00782294925619,0.076229406221,0.0960347866541
C001836,2,0.0174513453657,0.167091490011,0.106186912927,0.0164779297154,0.0114247006923,0.0939737987495,0.0191407839563,0.568253038583
C001837,0,0.0197453863986,0.374464574135,0.0686227151976,0.022936332993,0.022936332993,0.0114291846822,0.0150287846857,0.464836688915
C001838,3,0.0061505863141,0.779104301273,0.0061918411179,0.0061505863141,0.168044597995,0.0061505863141,0.00759111721266,0.0206163834594
C001840,3,0.0129773923359,0.00490006801826,0.00199960555689,0.00199453242392,0.00325357112275,0.00155194225531,0.00271234310063,0.970610545186
C001841,3,0.00628363422596,0.0110965103878,0.00629961677482,0.00628363422596,0.893210821473,0.00628363422596,0.00867771962821,0.0618644290586
C001843,1,0.008082652481,0.0081253344906,0.00554811554378,0.0136035677505,0.00646395339618,0.113437809999,0.75930316273,0.085435403609
C001844,4,0.111087963045,0.0207499927324,0.00391232999524,0.790501092297,0.00404002856304,0.004043158404,0.0473833511043,0.0182820838588
C001846,3,0.0254910991142,0.0254910991142,0.452637411796,0.0165093183759,0.0254910991142,0.239994096662,0.0301681450829,0.18421773074
C001848,1,0.0907771064721,0.0226613602818,0.0166473844934,0.00659434866067,0.758153196331,0.0123440880859,0.0646411424755,0.0281813731995
C001849,0,0.0325525234727,0.035518734523,0.037028954536,0.035518734523,0.035518734523,0.035518734523,0.0267089061366,0.761634677763
C001850,4,0.849603593643,0.00768952658085,0.00745836455994,0.00754788253572,0.00767921905321,0.0699175143145,0.00869061545579,0.0414132838571
C001851,2,0.305468746076,0.00349300940702,0.00357259321617,0.0031945477104,0.00352553327248,0.00307184607773,0.668766088524,0.0089076357164
C001854,1,0.0029286027292,0.911561160435,0.00290424614466,0.00293367112482,0.024331322442,0.00294406778231,0.00338948879706,0.0490074405447
C001855,2,0.0299663722165,0.0237033383015,0.0266000904215,0.0224583182878,0.185951105706,0.0107116024431,0.0263039485058,0.674305224117
C001856,2,0.861193219948,0.00444658498619,0.00453481219496,0.00428812723375,0.00241740158467,0.00346120638595,0.00549959588088,0.114159051786
C001857,3,0.00175658098316,0.0220046691094,0.00176104888189,0.0184101764706,0.189143888468,0.00175658098316,0.756502564485,0.00866449061939
C001859,4,0.0233142951347,0.00240678990761,0.0708462557126,0.00236348946887,0.89023426321,0.00240647811196,0.00259364381217,0.00583478464237
C001860,3,0.0190159891443,0.0190159891443,0.0190643566916,0.0190159891443,0.736696567204,0.0190159891443,0.0232893822334,0.144885737294
C001861,2,0.00204390542773,0.0042453167251,0.930657659496,0.0030271933478,0.00226875693533,0.00378868723583,0.00488592573695,0.0490825550953
C001863,3,0.0118083551655,0.0324111252828,0.0118383899522,0.865047339647,0.0118083551655,0.0184091219387,0.0188460060585,0.0298313067903
C001864,4,0.0023744507213,0.00154372941279,0.0125750831595,0.00351501385147,0.0020822740788,0.013807059889,0.00366463725407,0.960437751633
C001865,4,0.000918038487341,0.00152412699987,0.000904816600226,0.975931766679,0.00382829848847,0.0013875654395,0.00382859195088,0.0116767953551
C001866,0,0.0309087553044,0.0351106874387,0.0247815875613,0.0354997771075,0.0254026084925,0.0354997771075,0.0444863004098,0.768310506578
C001867,2,0.0813905613954,0.0141728772388,0.0142974519163,0.0500768141393,0.0143048427444,0.0362568460298,0.0739402358264,0.71556037071
C001869,4,0.024186539174,0.868657759159,0.00594115202951,0.00602325351429,0.00354885045756,0.00359900547351,0.00437044230474,0.083672997887
C001870,3,0.238458840892,0.0231987122943,0.0215067422452,0.0231987122943,0.027701881463,0.291437141116,0.0684690742614,0.306028895434
C001871,0,0.0223263037451,0.0323667545186,0.03546692955,0.0323667545186,0.0131564464822,0.0323667545186,0.14473278106,0.687217275607
C001873,3,0.165784094982,0.0312949660316,0.0283495480433,0.0312949660316,0.0312949660316,0.0312949660316,0.0381592715584,0.64252722129
C001875,1,0.00638350188648,0.00380823425357,0.712822581388,0.00630750550239,0.222032752011,0.00448118905391,0.00737029218605,0.036793943719
C001879,2,0.467581984655,0.0109691867428,0.378135433415,0.013233782914,0.0140448251059,0.010841131077,0.0361898384817,0.0690038176079
C001880,1,0.000571607342839,0.000574625825962,9.14006374627e-05,0.000164405560217,0.000300652111883,0.000522628316957,0.000685006587884,0.997089673617
C001881,3,0.00126959174431,0.00101488831792,0.190758684376,0.00101488831792,0.00101488831792,0.00101488831792,0.799808891936,0.00410327867199
C001882,1,0.0139665470242,0.0131072435359,0.0192731871742,0.0235126331269,0.0151102948115,0.121359566922,0.144181828517,0.649488698888
C001883,1,0.0252409597064,0.00247936173945,0.231848363735,0.362111564735,0.0047403308389,0.342988111061,0.00348362147854,0.0271076867053
C001884,4,0.00426289463546,0.0042653121891,0.592661878457,0.34320345462,0.00517682028002,0.00426289463546,0.00458970370392,0.0415770414793
C001886,2,0.00180103987891,0.968027060269,0.00182617397232,0.00174075586761,0.00843513928491,0.00159048774751,0.00214221229244,0.0144371306871
C001887,4,0.00654075257644,0.420658509429,0.0295828337864,0.014136256509,0.370783723519,0.0131373848563,0.00743374429315,0.13772679503
C001888,1,0.00913718631567,0.0294372297199,0.0578990026911,0.0458478315882,0.0127080472589,0.0294372297199,0.0471460793474,0.768387393359
C001891,1,0.00500848549159,0.791059034366,0.0304768313697,0.108144841244,0.00502017720967,0.00503493376786,0.00655105019742,0.0487046463541
C001893,4,0.011607440477,0.0116140232364,0.0113401736965,0.79463117585,0.0115984550653,0.011607440477,0.0127437186735,0.134857572524
C001894,1,0.92546213455,0.00577083958237,0.00569576840555,0.00556537560461,0.00575392620594,0.00577083958237,0.00643311745109,0.0395479986181
C001895,0,0.0310105642095,0.0377821149673,0.293961190997,0.0377821149673,0.0377821149673,0.0209159693954,0.0511084103535,0.489657520143
C001896,1,0.634721827064,0.224801286741,0.00548407037072,0.00792259818934,0.00803677132185,0.0259128556097,0.0624622765045,0.0306583141983
C001897,1,0.0502631733276,0.122866535566,0.190920563551,0.0503501614481,0.0503805067715,0.0505285977352,0.179780150528,0.304910311073
C001898,0,0.00358324058789,0.693631556403,0.00470016813632,0.00474191712435,0.0270157687018,0.00474191712435,0.245464330814,0.0161211011077
C001899,3,0.00577762834067,0.00739374949631,0.0210002411258,0.00603101596909,0.00272649923099,0.0704408665147,0.855731059025,0.030898940297
C001900,3,0.00224889817105,0.634514265563,0.286199605792,0.00224889817105,0.0629314036705,0.00224889817105,0.00313330851222,0.00647472194884
C001902,2,0.721619942899,0.0175786434364,0.0331308587823,0.00648629229694,0.0462727197302,0.0157992461787,0.0366376540259,0.122474642651
C001903,3,0.003000530673,0.582786637784,0.00401661667772,0.364148258292,0.00310406961501,0.00407739271492,0.00544765746658,0.0334188367768
C001904,0,0.482229604649,0.0132797378435,0.0986282299383,0.0132797378435,0.00661098083606,0.0658029159447,0.030222241049,0.289946551896
C001907,0,0.0324439540186,0.0536980450799,0.0511934733571,0.0536980450799,0.113031565042,0.122176014725,0.0218939124081,0.551864990289
C001909,0,0.00296282775203,0.00336673720097,0.95325009328,0.00319670228732,0.00319670228732,0.00319670228732,0.00488562359791,0.0259446113073
C001910,1,0.110036666234,0.0499324422448,0.0492570530322,0.33421611837,0.044597044717,0.0692594497661,0.0277024385035,0.314998787132
C001911,3,0.75148179918,0.11343801224,0.00263480216956,0.00263119192132,0.00263119192132,0.00263119192132,0.119600703267,0.00495110737843
C001914,0,0.0156204758186,0.0200567557812,0.362794170543,0.146563860837,0.0200567557812,0.0200567557812,0.329198727233,0.0856524982248
C001917,0,0.0456092491312,0.0124370419529,0.717457757672,0.0115866152032,0.114189454929,0.0124795010733,0.0169855429387,0.0692548370999
C001920,0,0.00416765507196,0.00434372238368,0.617648030857,0.0545647988319,0.292881517934,0.00360725812994,0.00453247364698,0.0182545431453
C001921,4,0.00158907045522,0.00127814412178,0.00124802622159,0.00155018124254,0.000698881664331,0.000310261747124,0.00134323389454,0.991982200653
C001922,0,0.00214057104716,0.00226572953006,0.0610759063978,0.912930333936,0.0100214386098,0.00226572953006,0.00294540835575,0.006354882593
C001923,2,0.0063884314754,0.00641136724947,0.00623555240591,0.00607460959789,0.884010866243,0.00601909648275,0.0125269569833,0.0723331195622
C001926,3,0.0370150544391,0.0299598901038,0.360895841062,0.0516103731264,0.123308163202,0.0338069634681,0.0745008990929,0.288902815506
C001928,2,0.0265679654782,0.0738207847221,0.0259321778273,0.015254194511,0.0269116158249,0.0250632204865,0.0318349787491,0.774615062401
C001929,1,0.0197685325968,0.0191481033085,0.024529111719,0.0239163332423,0.155763160336,0.0243841003457,0.0310481948072,0.701442463645
C001930,0,0.154414800191,0.00371015900121,0.722734986636,0.0126947637308,0.0126947637308,0.0126947637308,0.0163192673771,0.0647364956027
C001931,1,0.0179115423935,0.0180061277573,0.0160252199434,0.0179056265943,0.0179533547747,0.0180061277573,0.062513816109,0.831678184671
C001932,2,0.143533544189,0.0120129578183,0.0121185475528,0.00756533373391,0.0121248120329,0.259451805031,0.0138624427053,0.539330556937
C001933,1,0.00369109628423,0.0347163490329,0.00163556783503,0.0663780405645,0.00369971271273,0.444671672431,0.364051180391,0.0811563807486
C001934,1,0.012468278838,0.00199611251136,0.00131406036001,0.00239611472233,0.00227572089056,0.0024377900635,0.00289342205013,0.974218500564
C001935,4,0.00435302544473,0.00435549411294,0.0042676150552,0.00427526423166,0.600718795187,0.00435302544473,0.351596234033,0.0260805464908
C001936,3,0.672785660115,0.100542560677,0.0216559428868,0.0114337239074,0.0182671348006,0.0216010003121,0.0221954658604,0.13151851144
C001937,1,0.00324536170716,0.00784098003982,0.864904004492,0.00471377570106,0.0872858513222,0.00473048088353,0.00559622674997,0.021683319104
C001939,4,0.073758445747,0.0307200517206,0.0287259766856,0.0301541765206,0.0306788726208,0.0307026397776,0.0322937870992,0.742966049829
C001940,0,0.00456671242997,0.00470648763015,0.00476921286742,0.641046109324,0.00470648763015,0.00470648763015,0.288244750431,0.0472537520576
C001942,1,0.0193633670268,0.0905421701247,0.122701356749,0.0191328437336,0.485377083237,0.104312632217,0.0283547930869,0.130215753825
C001943,4,0.00704374207994,0.744464296579,0.129657378355,0.00691791466733,0.00703828946337,0.00514456730076,0.0133822908448,0.0863515207096
C001947,4,0.0506898177665,0.038022971362,0.198067958316,0.037338901956,0.445090554528,0.0380180455488,0.0401503256544,0.152621424868
C001948,1,0.00135429064276,0.00483719536091,0.0199630019707,0.00196133845695,0.00123750230778,0.00536555548417,0.00236197897602,0.962919136801
C001949,0,0.253657976307,0.0497171989026,0.59801765586,0.0109585705021,0.0138962922658,0.0138962922658,0.0120008231115,0.0478551907853
C001950,0,0.00265949451315,0.510920623277,0.0407207359164,0.00277184787286,0.00277184787286,0.428281369628,0.00339517360989,0.00847890730905
C001951,1,0.0579170383963,0.00843500226069,0.00832090991351,0.00833186420392,0.847436159672,0.00709326877865,0.0102025738517,0.0522631829229
C001952,3,0.00383086962418,0.00383086962418,0.00376237843345,0.175645030235,0.00383086962418,0.0104522141011,0.00476038430688,0.793887384051
C001953,3,0.0124599524281,0.111749829252,0.0261711867287,0.025956295948,0.025956295948,0.0191061593836,0.0392735753646,0.739326704947
C001954,0,0.00240513211914,0.00820106737754,0.00905406279393,0.00820106737754,0.00820106737754,0.00820106737754,0.716470420519,0.239266115057
C001955,3,0.0248146949317,0.00874223149711,0.00876446753712,0.00874223149711,0.349279452493,0.410793020274,0.0113723055927,0.177491596177
C001956,3,0.00196754372091,0.0230559477856,0.00269054416058,0.00191053892654,0.00060517326278,0.00196754372091,0.00259085144495,0.965211856978
C001958,2,0.282765664596,0.103921343111,0.00625557448195,0.00616543901499,0.405557990636,0.139739950913,0.0073776653548,0.0482163718914
C001960,3,0.021580928243,0.0196387653148,0.0413390047477,0.745295062723,0.0196387653148,0.0196387653148,0.0247334121115,0.10813529623
C001962,3,0.000691818509408,0.00130443428948,0.0139515236808,0.000927171502705,0.0013087814895,0.000793888432928,0.0016247713887,0.979397610706
C001964,1,0.007762463894,0.0108635014982,0.0107165611244,0.0106784975934,0.0108316623718,0.0108635014982,0.828218346893,0.110065465127
C001965,2,0.531734706579,0.0108693620215,0.0109836907369,0.332999320167,0.010839008195,0.0098869490791,0.0129366504686,0.0797503127532
C001966,2,0.00532537198133,0.0041846769776,0.00539968926793,0.00522606797617,0.814776045977,0.00489429393268,0.00632756439397,0.153866289493
C001968,1,0.00517544529249,0.0125665027471,0.00409931013442,0.00540054473129,0.0613262284089,0.0176951282582,0.0176537699384,0.876083070489
C001970,3,0.0266352396265,0.00847964592473,0.00853652279971,0.313308951234,0.0389934868053,0.491970151211,0.0456042631822,0.0664717392174
C001973,4,0.0101983267677,0.0102041103969,0.00995831429237,0.887061344328,0.0101904321621,0.0101983267677,0.0131751416757,0.0490140036092
C001974,3,0.00986983883491,0.00986983883491,0.00998553758514,0.0629452419856,0.00986983883491,0.835917447565,0.0132921768174,0.0482500795425
C001975,4,0.0197601990338,0.0500240505423,0.00919359319893,0.00904575867008,0.00448919845225,0.00380188951127,0.0106421565538,0.893043154038
C001978,3,0.00217377211372,0.00217377211372,0.935404049114,0.00642560152009,0.00217377211372,0.0405439127074,0.00296376509791,0.00814135521958
C001980,4,0.0329690014716,0.0292633626945,0.131051173217,0.19771677506,0.071344587181,0.350988450871,0.0294915316314,0.157175117872
C001982,3,0.00335600421738,0.00335600421738,0.0646649993005,0.0303574480917,0.00938062893414,0.871039352985,0.00397381590231,0.0138717463519
C001983,0,0.00178154647766,0.00189694379443,0.00181942869285,0.00183607498573,0.722594522294,0.263607571787,0.0022265293832,0.0042373825849
C001984,3,0.00385540815724,0.9334871096,0.00393141330517,0.00385540815724,0.00385540815724,0.00385540815724,0.0045865123515,0.0425733321147
C001987,3,0.00336542316384,0.00570811711499,0.00569568253321,0.0292980120121,0.00310790367541,0.00332199140654,0.00679630380155,0.942706566292
C001988,4,0.0558702353355,0.0135434056467,0.764727925427,0.0151023717564,0.0142190393248,0.0227650603839,0.0413893380679,0.0723826240577
C001989,3,0.71467589784,0.0643531713927,0.0114125173971,0.0145047881564,0.0075867322579,0.0145047881564,0.020295556978,0.152666547821
C001990,3,0.00751619636145,0.120635916409,0.00779381673983,0.00807540275853,0.0147511273784,0.147188806155,0.502762968423,0.191275765775
C001993,0,0.000125475566868,0.000634472464096,0.000626575199234,0.00914352087692,0.000482508424975,0.000291714987717,0.000656750508757,0.988038981971
C001994,1,0.00195372014584,0.00196403714292,0.00193747145856,0.954261494315,0.00195828087486,0.00196403714292,0.00218931127346,0.0337716476469
C001995,0,0.0201470073834,0.00987907503286,0.0218691874859,0.0096538581014,0.0775274214231,0.00691150329219,0.0180475147684,0.835964432513
C001996,1,0.0221484923355,0.000872324474676,0.456196178102,0.00101343937044,0.000732391632359,0.000809991557523,0.50507730966,0.0131498728668
C001997,3,0.263719303464,0.00430176736665,0.00431270899767,0.00430176736665,0.651631551982,0.00308847645828,0.00540351418279,0.063240910182
C002000,2,0.982924543267,0.00103621767216,0.00100780213444,0.00103118425735,0.00104586602985,0.000940921764456,0.00111730747949,0.0108961573948
C002002,3,0.00837247937845,0.00186373071716,0.00358472452978,0.0253884901908,0.00328824303562,0.00151553708668,0.00456639392916,0.951420401132
C002003,1,0.0279625936651,0.0267792116081,0.0277300345439,0.0280128590322,0.0453984675803,0.0281102555488,0.0327817016638,0.783224876358
C002004,3,0.00332113774232,0.00332113774232,0.0449742104549,0.0139560639032,0.915117031919,0.00332113774232,0.00441651387544,0.0115727666208
C002005,2,0.00218649230681,0.00216464219331,0.0871165233203,0.002050944164,0.00575871257166,0.861184118367,0.0181703534571,0.0213682136201
C002008,3,0.00365204161521,0.033878490395,0.104686376246,0.00365204161521,0.828770759197,0.00365204161521,0.0123303072292,0.00937794208758
C002009,3,0.0146608882513,0.00518366525331,0.0058659520231,0.00518366525331,0.77054648423,0.0044960808588,0.00617331351035,0.18788995062
C002010,3,0.00399348045853,0.00399348045853,0.558113137306,0.00399348045853,0.205199851423,0.200561676906,0.00436653981643,0.0197783531729
C002012,1,0.0215184226059,0.0216320547982,0.0134038323467,0.0212636639431,0.021568654823,0.0216320547982,0.0249923919699,0.853988924715
C002013,3,0.91969885647,0.00399975309001,0.0173668620351,0.00399975309001,0.0109443906807,0.0284045713365,0.00485804117238,0.010727772125
C002014,4,0.0221872781707,0.368356213246,0.429681063167,0.0181444604731,0.0221701028228,0.0256237649417,0.0265107099953,0.0873264071832
C002015,2,0.529837060215,0.00653246413228,0.239248422727,0.0069710203676,0.0206782096044,0.0059410058977,0.175944192209,0.0148476248459
C002017,4,0.0278125958671,0.0291622066914,0.0377419073473,0.0870628599248,0.023039811237,0.032604543749,0.41700976576,0.345566309423
C002019,1,0.344602954144,0.00594681827227,0.010256808824,0.0200734190095,0.00840101798803,0.542439890359,0.0120624207552,0.0562166706481
C002020,3,0.024616681262,0.631700465689,0.0244997593247,0.0319216871304,0.102120829204,0.0244376017977,0.0294028706772,0.131300104915
C002021,1,0.455319735009,0.00632700098886,0.00416469021037,0.232704867197,0.00630845759531,0.00632700098886,0.0923426936245,0.196505554386
C002022,2,0.504221638387,0.0261213330461,0.025405024355,0.0247493076372,0.0537295734971,0.0246378088469,0.276668508441,0.0644668057893
C002024,1,0.00441996390572,0.0492276324892,0.00438320397804,0.492343955723,0.262716218191,0.148768127955,0.00530749094376,0.0328334068144
C002025,4,0.00394728584673,0.195273048992,0.0038043124011,0.0160557626272,0.00891988527012,0.733080707875,0.00438316462738,0.0345358323605
C002026,1,0.00410058272137,0.00412223664148,0.00470626648679,0.00164287820083,0.00411015504761,0.001928930807,0.00584907133913,0.973539878756
C002028,1,0.0133731899905,0.0134438097066,0.0955209090311,0.16582496645,0.0795431631889,0.0333974583946,0.0158455279853,0.583050975253
C002029,4,0.00909186344331,0.71988092026,0.0128618480281,0.0120944203744,0.0101795708034,0.0317466656026,0.0137974012367,0.190347310252
C002031,1,0.00046494575416,0.00165320300151,0.00163084167841,0.00130763353947,0.00164835773692,0.00230166258853,0.0283304575697,0.962662898131
C002033,3,0.00196188340414,0.131926836019,0.850411417868,0.00196188340414,0.00196188340414,0.00196188340414,0.00246828332843,0.00734592916729
C002034,4,0.0430821541303,0.0476302077128,0.0378661101262,0.0423125467367,0.131460691043,0.0575068462083,0.059609605868,0.580531838175
C002035,4,0.00478916409463,0.0146860120883,0.00185195057007,0.00202397427528,0.00176738068537,0.00728654793178,0.0791637696792,0.888431200675
C002037,3,0.00719053599597,0.0712091185509,0.00727482673689,0.0061651682663,0.819091388507,0.00719053599597,0.00880907181996,0.0730693541269
C002039,3,0.0130753136277,0.00448307790696,0.00451314796694,0.00448307790696,0.924965491656,0.00448307790696,0.00533381884414,0.0386629941838
C002040,3,0.00418074256407,0.129392493369,0.00391409659803,0.00390416627332,0.807457807721,0.00390416627332,0.0051319844489,0.0421145427524
C002041,3,0.162187925119,0.00275448175712,0.00256609524927,0.77720893956,0.0184348191011,0.00275448175712,0.00422661437675,0.0298666430792
C002042,1,0.101243437769,0.00938761142797,0.155036938985,0.00935446009184,0.0093600978914,0.674107464638,0.0113314407097,0.0301785484871
C002044,2,0.000702267361615,0.000689777073012,0.000710983492755,0.986040853221,0.000711351023759,0.000662492645103,0.000903607430063,0.00957866775304
C002045,2,0.0421454839309,0.0185320940843,0.0186170879048,0.708764325174,0.0149580044078,0.0163495448203,0.0219827659764,0.158650693702
C002046,3,0.0178556066287,0.0208783468321,0.0323419410237,0.0267725673772,0.0331405525239,0.0331405525239,0.044823696136,0.791046736954
C002049,4,0.00227124960724,0.861476279375,0.00219775657474,0.00223067664784,0.00140671292417,0.00227124960724,0.115010009726,0.0131360655386
C002050,2,0.230538279701,0.049379780389,0.0505048363394,0.0468877663427,0.0388098579187,0.043930727819,0.145714685382,0.394234066108
C002051,2,0.00583184944961,0.00392575084668,0.00498083001339,0.00554536880868,0.00976839448695,0.00895528361657,0.0065184236698,0.954474099108
C002053,4,0.00843540256585,0.010459113244,0.00822435711818,0.00828471492466,0.305079244292,0.0114673747265,0.0105149563339,0.637534836795
C002055,0,0.00594400283058,0.179672887774,0.00773216460416,0.133470585449,0.592361320215,0.0205660058165,0.00768423812538,0.0525687951855
C002056,1,0.00480325994214,0.00482862448521,0.00476331222041,0.0047463936884,0.942917713637,0.00482862448521,0.00558218306266,0.027529888479
C002057,4,0.00503164852574,0.00503450205162,0.00344528838547,0.0368469179235,0.877160507946,0.00503164852574,0.00534627702764,0.0621032096144
C002059,1,0.00365952718946,0.00871228927517,0.00518719526436,0.00519437117726,0.00370986715879,0.923928423133,0.00567406323738,0.0439342635644
C002061,3,0.00251069956503,0.00251069956503,0.107289492653,0.00251069956503,0.229807465291,0.644498461954,0.00323279689358,0.00763968451341
C002062,4,0.0101114954341,0.354355765389,0.023550068579,0.0266555564767,0.197020736572,0.114325473228,0.033009021169,0.240971883152
C002064,3,0.964731960644,0.00270007988179,0.00292837963011,0.00292095013524,0.00292095013524,0.00275595206695,0.0137942031284,0.00724752437781
C002065,4,0.0236837001573,0.0118446907708,0.824392082108,0.00859024475353,0.00358248228644,0.00874648956472,0.00617759677807,0.112982713581
C002066,1,0.00271017871601,0.00489940206179,0.0545328081468,0.00480541544435,0.00270291923929,0.0109191855939,0.00590637328139,0.913523717516
C002067,0,0.723547920579,0.00741004385979,0.0917004037092,0.0588451434707,0.00741004385979,0.00741004385979,0.00844133856392,0.0952350620976
C002068,0,0.0037837215758,0.00327983334153,0.0039070916685,0.00395529034759,0.00395529034759,0.00928879630303,0.00660493175973,0.965225044656
C002069,2,0.904668858324,0.00308242796441,0.0380176622054,0.00290158989588,0.00210363987207,0.0360948691584,0.00340707512846,0.00972387745158
C002072,1,0.0701095249232,0.912863527897,0.00165958743724,0.00167651392058,0.00167741223962,0.00168234290846,0.00208299805045,0.00824809262351
C002073,3,0.0117706174933,0.019022098924,0.700906430944,0.0258866166898,0.0649920041047,0.0208556452884,0.0547283267933,0.101838259762
C002074,2,0.0050528303542,0.00498736805515,0.368819177,0.409521111265,0.177719794933,0.00475928879731,0.00555848995738,0.0235819396373
C002075,2,0.018247230709,0.0183127419949,0.0187299747,0.0168388891779,0.0184832543204,0.0359104383574,0.774543100024,0.0989343707161
C002076,3,0.00179466118343,0.0405074028046,0.0011133251986,0.00136455963566,0.00136455963566,0.00136455963566,0.932288290885,0.0202026410213
C002078,4,0.178774042253,0.00650127074955,0.725250913315,0.00423121007199,0.0409810643626,0.00649758586788,0.00699017327259,0.0307737401076
C002079,2,0.00449338746248,0.193915894816,0.0663586745936,0.004326223574,0.00666424319151,0.00404694145153,0.691029811927,0.0291648229837
C002080,2,0.177918923403,0.0106150464125,0.00976246238217,0.0240730353324,0.00752214902977,0.712253692337,0.00993824182102,0.047916449282
C002081,1,0.000944092068042,0.000949077528793,0.966783877062,0.000932914871776,0.0241185394208,0.000949077528793,0.00230401971378,0.00301840180638
C002082,2,0.0370999691797,0.0372331656481,0.0366555305036,0.0367276814961,0.0300349718357,0.0352305259824,0.104836267862,0.682181887493
C002083,4,0.0016924441816,0.00189183103191,0.946630241652,0.00152033763393,0.00117749426734,0.0029602083528,0.0263678394224,0.0177596034583
C002084,0,0.0140661312561,0.008316778856,0.00911882247969,0.76223183383,0.130959116986,0.0362338071406,0.0099129194503,0.0291605900007
C002085,0,0.015563383221,0.0219355431302,0.0161252410249,0.0163080155974,0.0163080155974,0.0166187325964,0.0879393924372,0.809201676395
C002086,0,0.338075019252,0.559295761493,0.0562825570488,0.00714990676951,0.00714990676951,0.00714990676951,0.00920928032879,0.0156876615691
C002088,0,0.130764267948,0.0258249015752,0.126265644903,0.0526991809882,0.0726718520054,0.049141909441,0.41605337033,0.126578872809
C002089,4,0.00275606287983,0.00275762588581,0.00258895996959,0.0027068293535,0.958029611487,0.00265762929046,0.00370922695147,0.0247940541822
C002091,4,0.00090051688516,0.806511186222,0.140420903508,0.015769006912,0.0315945420478,0.00090051688516,0.00108862017134,0.0028147073691
C002094,4,0.0114898155801,0.0114963316326,0.0111507296991,0.554212127849,0.118189717957,0.0114898155801,0.228236753762,0.0537347079403
C002095,1,0.0141867551282,0.0142616710323,0.015500554939,0.0140187967777,0.0344527149046,0.00856922518728,0.0161717860752,0.882838495956
C002096,4,0.711247990135,0.0229159313536,0.160892539636,0.0107015753715,0.0133075662101,0.0150539325116,0.0137156611369,0.0521648036459
C002097,4,0.0126958432659,0.0111174325657,0.0124467390664,0.0123091016217,0.802563447994,0.0126958432659,0.0137893259296,0.122382266291
C002098,3,0.00312142116332,0.00312142116332,0.00312936056025,0.00312142116332,0.00255600819525,0.957553097394,0.00411373751364,0.0232835328468
C002100,4,0.0024580570784,0.00245945108067,0.00239316896048,0.95980872844,0.00245615427694,0.0054461625331,0.00268127032614,0.0222970073039
C002101,1,0.00915180235497,0.00920013021726,0.0150085391692,0.113963234304,0.648044503568,0.00920013021726,0.00646434100366,0.188967319166
C002103,3,0.0481609649153,0.00471006765081,0.0243468006133,0.00232044237326,0.014418594217,0.00232044237326,0.899714051707,0.00400863614965
C002104,2,0.0436407900567,0.0430753987317,0.0418941694877,0.0416897903674,0.286389626446,0.0398585215507,0.0474834250735,0.455968278286
C002108,2,0.012036309227,0.183199559494,0.653968928437,0.0110887958887,0.0121919960387,0.0108463983897,0.0167177118594,0.0999503006657
C002111,1,0.0116903204894,0.0117283406792,0.0115757701001,0.0107720563052,0.177396949168,0.0262920863783,0.0292765152152,0.721267961664
C002113,4,0.0172921756741,0.0272685528734,0.636405503334,0.00963823474015,0.0217969559833,0.00981354105682,0.215144977632,0.0626400587064
C002115,2,0.0418688165181,0.0413263821208,0.0399809324316,0.0403480593972,0.0417111774465,0.0340826552329,0.0417505754047,0.718931401448
C002116,3,0.164273222136,0.00648013082528,0.609859765231,0.00428554548312,0.00576353445398,0.0421563469266,0.00748294113345,0.159698513811
C002117,3,0.690273508006,0.00489674158695,0.0043388214544,0.00432781357434,0.00432781357434,0.274999162445,0.00646265003656,0.0103734893217
C002118,1,0.00664709466965,0.00668219593859,0.006591812155,0.00656839908027,0.904771126983,0.00668219593859,0.00770747161861,0.0543497036167
C002119,1,0.0174528829897,0.00157097678158,0.921888962755,0.0458091986076,0.00156637250844,0.00157097678158,0.0020980709639,0.00804255861235
C002121,3,0.365177166689,0.01222415675,0.0121733603314,0.479765482036,0.0123575572961,0.0566039102673,0.0154353989203,0.0462629677103
C002122,1,0.687389903687,0.0167984162163,0.0288683130103,0.0806282282661,0.0167491828364,0.0167984162163,0.0911422689737,0.0616252707944
C002123,0,0.0209911817582,0.0083515738262,0.0225694591352,0.591092754047,0.01321491037,0.205579573628,0.0262835344526,0.111917012783
C002124,0,0.0245412526718,0.0261051728897,0.0267057644711,0.0261051728897,0.0270763126041,0.0212704255565,0.0310148137131,0.817181085204
C002125,1,0.0525897431624,0.216888825405,0.0293054359571,0.0545530481795,0.132859406839,0.0555018829218,0.0645999929605,0.393701664575
C002126,2,0.425288191689,0.0142285187379,0.0145526975727,0.306176512603,0.0801378213985,0.01264877479,0.0186633133983,0.12830416981
C002127,4,0.0187254056693,0.00781748365276,0.00763728999733,0.903774336172,0.00780700460339,0.00781305274943,0.00850343905289,0.037921988103
C002128,3,0.0344552268308,0.0344552268308,0.0350039097184,0.0344552268308,0.0344552268308,0.0344552268308,0.0435346354498,0.749185320678
C002129,1,0.00622693935775,0.00625982191531,0.00617515118813,0.00511993267251,0.790657455313,0.00500357426276,0.00758686583305,0.172970259458
C002130,1,0.039818328883,0.0218956459942,0.0559388110387,0.0987247070643,0.0181704570675,0.0218956459942,0.121054801864,0.622501602094
C002133,3,0.100811392636,0.705585337062,0.013223566314,0.0112084710764,0.0644494697577,0.0099006020943,0.0165303986617,0.0782907623978
C002134,3,0.00452925826724,0.0123841900657,0.0124672565093,0.139542915487,0.0123841900657,0.661986313927,0.0177369046599,0.138968971018
C002136,4,0.00476337879909,0.00476399596689,0.00466377560988,0.00467828714997,0.00475969142981,0.127271383899,0.811332814802,0.0377666723434
C002137,0,0.00953583060728,0.00661784973551,0.00656781650527,0.817230777256,0.00661784973551,0.00661784973551,0.00805074272011,0.138761283705
C002138,3,0.183060918281,0.0080612747286,0.00811534539605,0.0080612747286,0.496119486987,0.265432928314,0.0109532766131,0.0201954949521
C002139,3,0.0202103048568,0.0202103048568,0.0197825224684,0.0202103048568,0.0126001316663,0.0891866025385,0.0431091870263,0.77469064173
C002140,4,0.466190131312,0.015031633663,0.30377052823,0.0307362369555,0.0331069080685,0.0581917864215,0.0162425051066,0.0767302702432
C002142,4,0.0143056142383,0.285009787436,0.013805610317,0.588049570094,0.0107459266173,0.0143056142383,0.0158493671652,0.0579285098939
C002143,3,0.0103488110033,0.0172232670949,0.440795176205,0.0314551875839,0.366240176613,0.0483032040851,0.0216733780735,0.0639607993415
C002144,1,0.00105660959529,0.0010621892266,0.00106850602797,0.986831350336,0.00105907612564,0.0010621892266,0.00120739475288,0.00665268470898
C002145,3,0.797531456004,0.0130890743615,0.00847501723273,0.00750901854462,0.0224689427377,0.0423634605473,0.0669619085251,0.0416011220471
C002146,0,0.0183959115551,0.0301158019891,0.0132959975223,0.0301158019891,0.191896307738,0.019626142146,0.038386642955,0.658167394106
C002147,4,0.0135804226605,0.0135821822098,0.65220021332,0.143786566818,0.115285777297,0.0135804226605,0.0163195925215,0.0316648225125
C002148,0,0.014585606887,0.0154622977477,0.0153221128757,0.0154622977477,0.409096560402,0.330621018298,0.0211026409805,0.178347465061
C002149,0,0.0142523686977,0.0669364182992,0.0147773358979,0.708819057067,0.014860476204,0.014860476204,0.0191619665959,0.146331901034
C002150,0,0.0680677249152,0.0576789874815,0.0376811422713,0.0368095621056,0.0368095621056,0.0368095621056,0.0451791362915,0.680964322724
C002151,2,0.00414263227055,0.0040889621068,0.00418212394577,0.00373957897449,0.956288367624,0.00932910441346,0.0045771999689,0.0136520306963
C002153,4,0.00357086148494,0.00357288657583,0.00334096626566,0.0035070726272,0.00356809725276,0.916769800823,0.00393758556922,0.0617327294017
C002154,4,0.0179910948824,0.667829340455,0.0176148975438,0.0139286261244,0.0236998586044,0.0497204394783,0.117770713755,0.0914450291565
C002156,4,0.00938008716845,0.01839435105,0.0177890586922,0.00641561785433,0.0183696940988,0.628556873024,0.0227843808667,0.278309937245
C002157,3,0.0153698221839,0.016624219116,0.301847154965,0.016624219116,0.016624219116,0.016624219116,0.553653068479,0.0626330779078
C002158,4,0.022733366485,0.0240192334522,0.0224601164878,0.0235767899089,0.023987036553,0.0240056194932,0.024344716934,0.834873120686
C002160,4,0.013633967596,0.0156927306594,0.544057037498,0.0133904142621,0.0136234134336,0.013633967596,0.328601246379,0.0573672225756
C002162,2,0.0917552395935,0.0718662423487,0.707059990499,0.0188103562354,0.0207338531459,0.0189608007643,0.0230408132157,0.0477727041975
C002163,2,0.0173883095189,0.309397907631,0.0173138911712,0.0162968794924,0.0173228412971,0.0156413685915,0.0201582461322,0.586480556166
C002165,1,0.193943759229,0.00725351643688,0.00504419773178,0.00509263328007,0.00509570253744,0.755732781473,0.00656297233434,0.0212744369777
C002166,4,0.00494313644308,0.894519665914,0.00480801285306,0.00485483365435,0.00493930992199,0.00494313644308,0.0378043979228,0.0431875068479
C002167,2,0.0365783951831,0.00794509740938,0.0189135153458,0.00850410400738,0.00801907524601,0.391949803591,0.0097385733866,0.51835143583
C002168,3,0.00528978146679,0.0416536403507,0.00798904353992,0.0475592803985,0.00167772117411,0.0180648958861,0.0439929347334,0.833772702451
C002169,0,0.018333032965,0.188603713892,0.0247372072164,0.0156809189037,0.0867191801015,0.0177422930938,0.469044865479,0.179138788348
C002171,3,0.0411200983162,0.113934246829,0.0255638561852,0.0369542955951,0.279047321047,0.0369542955951,0.0495572959949,0.416868590437
C002172,1,0.00787785203155,0.00805581512635,0.00795101936602,0.298273909282,0.625653842651,0.00805581512635,0.00976919688086,0.0343625495359
C002173,4,0.756531344925,0.00744030280111,0.00728378087956,0.00730644467968,0.18697783222,0.00743933892217,0.00851668299166,0.0185042725815
C002174,0,0.000896411550976,0.000964694298889,0.000981326714363,0.000964694298889,0.985149568533,0.000964694298889,0.00111559431749,0.0089630159874
C002175,4,0.0168996063765,0.0348895556318,0.0297280743243,0.0300848813718,0.0724116719812,0.0118554554141,0.363112962581,0.441017792319
C002176,2,0.00121766785622,0.00122203953258,0.00124988216041,0.00834497066343,0.237982842135,0.00115061354589,0.744781036428,0.00405094767893
C002177,2,0.00232119319499,0.00524465263173,0.00538158304965,0.00517345028452,0.874632965644,0.00501710591844,0.00513611812109,0.0970929311558
C002178,3,0.00757497720507,0.0147668317116,0.147309295335,0.739966106165,0.0125547864537,0.0147668317116,0.0183616394223,0.0446995319956
C002183,2,0.00304121713168,0.00305213572246,0.00312167478134,0.813026005095,0.127073409503,0.00260965941761,0.00350284728589,0.0445730510632
C002184,0,0.190350024685,0.376378187649,0.00238366423639,0.417764488452,0.00235022989277,0.00235022989277,0.00299995178502,0.00542322340786
C002186,3,0.00796670867727,0.624768658671,0.00647940438068,0.00732662347229,0.00784163823215,0.123126095819,0.192330622003,0.0301602487448
C002187,1,0.00142678195858,0.00177837974263,0.00175432527143,0.784054687985,0.200742164647,0.00177837974263,0.00218779696033,0.00627748369278
C002188,3,0.000423774974061,0.0012635301092,0.000765113686341,0.000826945823386,0.00171163581666,0.00102997922863,0.00162518360499,0.992353836757
C002189,4,0.020141408998,0.425793706976,0.364547253411,0.019781608575,0.0201258173737,0.020141408998,0.0351727436289,0.09429605204
C002190,0,0.17488798401,0.0875223887052,0.0391224895229,0.0372669632285,0.289674408243,0.0372669632285,0.0525572308467,0.281701572215
C002191,4,0.034557442787,0.131048445313,0.424278911179,0.0339401184213,0.0341063586734,0.0236656714298,0.0372214229134,0.281181629283
C002194,3,0.00365246101754,0.00426382452621,0.0206598510221,0.00526975756625,0.0415089666339,0.0139661966503,0.00317631656708,0.907502626017
C002195,2,0.035220718172,0.262491858345,0.0251444133891,0.0347515156923,0.0356762898273,0.0329108421364,0.0345496878109,0.539254674627
C002196,1,0.00995404496399,0.284129938728,0.00987125922617,0.00983554082037,0.0226835290042,0.0100066092235,0.624466530268,0.029052547766
C002197,0,0.00127787588157,0.000960243250962,0.0009516132466,0.000473502814075,0.00059374926972,0.00388988510261,0.00117211159756,0.990681018837
C002198,2,0.000364804204585,0.000487757792319,0.00081368085397,0.000725420630964,0.000522777584588,0.000557651376863,0.000936122810428,0.995591784746
C002199,4,0.0317314172701,0.00639975206105,0.00619186680932,0.0144062008705,0.00462854225613,0.0104993882965,0.00572873137509,0.920414101061
C002200,0,0.00933195114228,0.496342495973,0.387523336378,0.00989286275479,0.00989286275479,0.0447757450872,0.0200082356571,0.022232510253
C002202,0,0.0072197537227,0.0209830204672,0.0132403599744,0.0134036957534,0.00649432323785,0.0174363446042,0.135560150802,0.785662351438
C002205,3,0.0262644525333,0.0209829521393,0.0211236944246,0.0209829521393,0.632711302234,0.0209829521393,0.0302970117337,0.226654682656
C002206,1,0.35280730707,0.00674002014075,0.0172151589018,0.00671621848737,0.00672026625638,0.00674002014075,0.572393733379,0.0306672756242
C002207,1,0.0312205635423,0.0120991966055,0.0119355421456,0.00611701162973,0.0115301683503,0.0958274251309,0.77331663613,0.0579534564658
C002210,1,0.0395155308733,0.0101424679421,0.00435888602389,0.616332841671,0.0126624108708,0.00379532642054,0.288635935265,0.0245566009341
C002211,1,0.197978808626,0.0449130751297,0.044305578178,0.0441482117683,0.0294314293022,0.0449130751297,0.0560979800715,0.538211841795
C002212,3,0.0141056137948,0.295386744964,0.0138953609767,0.00655970014696,0.551212079574,0.0141056137948,0.0196723195789,0.0850625671697
C002215,4,0.0310729101833,0.00990439230662,0.0095784741508,0.00972194958064,0.0402471396718,0.00732522539561,0.839451961724,0.0526979469871
C002216,1,0.0108736418373,0.619740165123,0.010788863191,0.116112952525,0.0108990250704,0.010931062206,0.143440950442,0.0772133396052
C002217,3,0.037511688857,0.0641528909782,0.00961042348929,0.0113887540063,0.133671890475,0.00894739726849,0.0156825091177,0.719034445808
C002218,1,0.0016205885901,0.23378086233,0.0014440086794,0.00160129528133,0.0427924892294,0.704417114102,0.00196548409949,0.0123781576889
C002221,0,0.00672688585706,0.034771406351,0.0340931835708,0.0117052557039,0.0150330782624,0.00515407988685,0.00918346324813,0.88333264712
C002222,2,0.000694098705251,0.000795180289973,0.000796463956133,0.00039569260607,0.012532718554,0.000250037974207,0.000898022746477,0.983637785168
C002224,2,0.0131714782995,0.0466142669443,0.0153063920668,0.0145059190846,0.0220462572529,0.198950167582,0.592149613958,0.0972559048114
C002225,3,0.92999946841,0.00527636514173,0.00526709188258,0.0050838844786,0.00707626089528,0.00527636514173,0.00577129790737,0.0362492661427
C002227,2,0.0107972525867,0.0160201184906,0.0163851166637,0.0320167824905,0.0650189444255,0.0659260812451,0.529512559163,0.264323144935
C002232,0,0.172019617565,0.577823678108,0.0117159205443,0.0142768785507,0.165297707199,0.0118199865718,0.013572653782,0.0334735576794
C002234,4,0.00143980300269,0.00143998955097,0.00069867028949,0.00141408276984,0.00127984712547,0.00143980300269,0.00157473736133,0.990713066898
C002235,2,0.0116639495637,0.659883993839,0.0118087156736,0.0115368623889,0.0118148199913,0.0109070629876,0.193542437998,0.0888421575583
C002236,3,0.0223748633804,0.0160387220312,0.721214239504,0.0223748633804,0.0497364717459,0.0223748633804,0.0230837962198,0.122802180358
C002238,0,0.00906118289863,0.0112949502609,0.0112155107736,0.00750413905852,0.0112949502609,0.0155303130145,0.077558611181,0.856540342552
C002241,0,0.217386373106,0.00861951182375,0.00905248016699,0.00913530299854,0.00265798478455,0.00913530299854,0.554271300372,0.189741743749
C002242,0,0.00290255432133,0.00302639795096,0.00298951863976,0.0239200285333,0.775095135636,0.181255018238,0.00389319355185,0.00691815312824
C002243,3,0.00631103102238,0.00186113692003,0.00187362041908,0.0302262516942,0.00147899827123,0.0585623184479,0.881466429513,0.0182202137126
C002245,1,0.00252398289705,0.00200067822926,0.00197465198698,0.0011470529504,0.000786861222652,0.00698984685103,0.00529379662045,0.979283129242
C002247,1,0.0131919929192,0.062059087171,0.352695199818,0.0132802743709,0.0132227880692,0.0132616557892,0.180499765629,0.351789236233
C002248,2,0.0214293948477,0.00866441891345,0.317169282324,0.00695999462177,0.00684615747972,0.366393572133,0.24795047669,0.0245867029896
C002250,1,0.00441187825455,0.0934382893918,0.725501198335,0.0591705340121,0.0374392809172,0.0214964029546,0.0350658143879,0.0234766017469
C002251,2,0.121491583647,0.00354919059385,0.00363005442041,0.00324592847147,0.00358223756966,0.851978595678,0.0040248672275,0.00849754239244
C002252,0,0.00267331566869,0.00782959352023,0.0237655890448,0.00373355561775,0.0157456709473,0.00415111981376,0.0083142979171,0.93378685747
C002254,4,0.00393866490454,0.815549073046,0.00699257943657,0.0100441853238,0.00668032276251,0.0533101165872,0.0124444338535,0.0910406240861
C002256,1,0.0762352978372,0.0122650100419,0.0120991127794,0.0122225141901,0.0122290633258,0.770757564938,0.0141278961137,0.0900635407741
C002258,4,0.0127791212996,0.0127863685373,0.0124161327598,0.0125508386978,0.0127692288805,0.791419108621,0.0140950392955,0.131184161909
C002261,0,0.00657111480821,0.845827574332,0.0068444138271,0.00696608200713,0.0205304666244,0.0706466783111,0.00950956871518,0.0331041013751
C002262,1,0.0168726710697,0.00951405658216,0.0461307298514,0.164373325378,0.108291054934,0.216226942928,0.0261895059614,0.412401713296
C002264,3,0.0634782140703,0.0276413933049,0.027229381398,0.0357928182776,0.0138663957219,0.62720332044,0.0325938238879,0.172194652899
C002265,1,0.0479302438493,0.0947512266131,0.0475565455753,0.0473627931094,0.0480421313449,0.0481833487716,0.0578519880139,0.608321722722
C002266,0,0.00130080684284,0.00125966734053,0.00134436725368,0.00101036244678,0.969186320453,0.00135630852275,0.00162595243327,0.0229162147072
C002267,1,0.0348746122707,0.0127636133578,0.117309962009,0.0191627657328,0.189639361946,0.19428053568,0.0274784041408,0.404490744863
C002269,1,0.0695430498978,0.647256243191,0.0202740290526,0.0201914296317,0.0145495236215,0.0129451162179,0.0249428914346,0.190297716953
C002270,3,0.0439882777221,0.502608143606,0.0159155361672,0.349307140317,0.0119980739963,0.016156356563,0.0189105193813,0.0411159522467
C002273,0,0.00459032952696,0.00654959723619,0.00630178106197,0.14893932176,0.796216360161,0.00654959723619,0.00806631729517,0.0227866957231
C002274,0,0.00337747154873,0.00352157852806,0.00350187625792,0.0319696857212,0.00352157852806,0.00583667989561,0.00461974024915,0.943651389271
C002275,4,0.004159665382,0.917272668365,0.00812776555944,0.00816628248107,0.00830837943302,0.00831481599797,0.00966836509242,0.0359820576895
C002276,2,0.000753017878244,0.000984715096704,0.000957711881332,0.000767602800038,0.000993883907204,0.00268759452897,0.00117639765657,0.991679076251
C002277,1,0.00561934497903,0.00564901901697,0.00557553256852,0.0055410225356,0.0393592073926,0.858179419004,0.00644897457159,0.0736274799314
C002278,4,0.00148072292137,0.00246960894124,0.00120313997944,0.00121000667196,0.00123106132692,0.0021332871057,0.00129661081355,0.98897556224
C002280,3,0.0385298741507,0.0385298741507,0.0391434438338,0.0385298741507,0.0385298741507,0.0385298741507,0.0480626515028,0.72014453391
C002281,2,0.00069277496999,0.000112430296009,0.00435162798823,0.000890305805217,0.00048455082749,0.00164367346917,0.00100805082016,0.990816585824
C002282,2,0.416853300723,0.154982610086,0.0163392609904,0.327839833866,0.0159869422748,0.0118684095408,0.0175580962599,0.0385715462591
C002285,3,0.011276256547,0.0231100507585,0.134827810896,0.0418115203241,0.0353947622238,0.0418115203241,0.114347696884,0.597420382043
C002286,0,0.0122539198596,0.0202457771021,0.00572963856248,0.0127511147866,0.0645185002304,0.118537370331,0.0195505762484,0.746413102879
C002287,3,0.0403580081445,0.0642930317648,0.152672682065,0.0642930317648,0.146289202461,0.0816732651193,0.0747550616448,0.375665717036
C002288,2,0.0592356375841,0.190638855441,0.00474257165734,0.710997235313,0.00546305227771,0.00503877878563,0.00581002777405,0.0180738411678
C002290,0,0.00392171436448,0.0102526463795,0.00361731326214,0.828755826323,0.00667956971693,0.00484182321683,0.0117625095139,0.130168597224
C002291,1,0.278524680613,0.143396014253,0.337544467928,0.0277191639044,0.0277358698488,0.027817398042,0.0595819645055,0.0976804409046
C002292,1,0.00996581853927,0.294475645071,0.0353449806276,0.521496007075,0.00998908256608,0.0100184449714,0.0129471984938,0.105762822655
C002293,1,0.0227053880298,0.0295207235606,0.0745843189769,0.0293539921449,0.0294342032019,0.333763650974,0.0401727310787,0.440464992034
C002294,2,0.00877886018081,0.169035534624,0.00888781825117,0.00806745609449,0.236226559839,0.542982888651,0.00976140164467,0.0162594807149
C002295,1,0.00221936422825,0.125506292705,0.00669993499515,0.193742740883,0.575605967122,0.00812268500308,0.00794807050833,0.0801549445554
C002296,4,0.00522401291563,0.0158669012036,0.00367391653194,0.00265764183975,0.00379998816399,0.0157731429435,0.0041915785041,0.948812817898
C002297,3,0.00302439908517,0.0103421105246,0.00303209170452,0.00302439908517,0.00302439908517,0.0292213018049,0.940836473784,0.00749482492661
C002298,0,0.00312422875297,0.00719881782835,0.0853370863512,0.011832768646,0.0138512065306,0.821836628664,0.0137109943558,0.0431082688709
C002299,0,0.0618026996324,0.0718102211407,0.0365716692462,0.0370228248114,0.0370228248114,0.046782582037,0.625338872084,0.0836483062366
C002300,2,0.30469284285,0.0085641442396,0.00875926745322,0.32995284512,0.0123856825763,0.299389562443,0.00968321472291,0.0265724405959
C002301,3,0.00413300500574,0.0382761532356,0.00414351738632,0.9258385882,0.00536791015428,0.00413300500574,0.00566308653623,0.012444734476
C002303,2,0.0214203582302,0.0214972616921,0.0239193486634,0.0204123747673,0.0527081797203,0.695134437892,0.026180349524,0.138727689511
C002304,2,0.133930432724,0.0217941246593,0.0155263059345,0.0206493862669,0.0219970525922,0.0555751720022,0.0256244354687,0.704903090352
C002307,1,0.024487814897,0.0246171275394,0.0247635247172,0.024197901315,0.030872751354,0.0246171275394,0.0261158431324,0.820327909506
C002308,3,0.0293474679351,0.158208572836,0.010266584002,0.0246676302357,0.00989496800817,0.0436355342832,0.267435205593,0.456544037107
C002309,1,0.00325640102617,0.236657762013,0.0121713080322,0.543193816595,0.0147267722237,0.134892990855,0.0142767052104,0.040824244044
C002310,4,0.0293276447884,0.0293442769504,0.0283426880629,0.0288037440522,0.0293049420262,0.0293276447884,0.164086275578,0.661462783753
C002311,2,0.0052921651683,0.00847076274241,0.896303051854,0.00522166413515,0.00536061807247,0.00488471503466,0.00670871247781,0.0677583105151
C002312,2,0.012887821694,0.216171510665,0.0259733747614,0.26508127306,0.0260955341787,0.0224343332928,0.0313809894919,0.399975162855
C002313,1,0.00291622098843,0.00447218043595,0.0028934840553,0.00164120667448,0.00292302856203,0.0027589509648,0.0034198503884,0.978975077931
C002314,1,0.00441240301711,0.00820371663823,0.00759775815247,0.0520027216257,0.00817967290149,0.00820371663823,0.0102349390815,0.901165071945
C002315,2,0.714425129242,0.0177634909851,0.00728878657958,0.0902197713902,0.00572299927213,0.00774727038153,0.0374227476448,0.119409804504
C002316,4,0.00146639338555,0.976813830612,0.00142081234216,0.00144019814963,0.000957893648398,0.00146639338555,0.00153615232241,0.0148983261547
C002318,3,0.547240688595,0.0273351795926,0.0276556150293,0.150962272795,0.0273351795926,0.0273351795926,0.0315075850698,0.160628299733
C002319,1,0.0223081967579,0.0139266223043,0.581236947707,0.0177013214892,0.053840169478,0.149385089237,0.0226964280715,0.138905224955
C002320,0,0.00997667648144,0.260832083504,0.246076261301,0.0353257871035,0.327083445006,0.0105763403253,0.0637645191243,0.0463648871541
C002321,4,0.0351362396198,0.0329340468309,0.0113073629656,0.00539362970149,0.011707816618,0.0117168867529,0.0144572446586,0.877346772853
C002323,1,0.748075023702,0.00602013486899,0.00593870616318,0.191819815676,0.00758086935561,0.00602013486899,0.00734894576304,0.0271963696023
C002330,3,0.0176253616719,0.0173491513083,0.0218205442435,0.0217777308914,0.0067636806011,0.0217777308914,0.0312596440847,0.861626156308
C002331,4,0.00810571295887,0.00609792919606,0.00616801170516,0.00598560298857,0.00608975514621,0.923152058711,0.00685563009037,0.0375452992041
C002333,0,0.003975448205,0.00587492896688,0.00600898114824,0.00587492896688,0.20835105215,0.00587492896688,0.738298723222,0.0257410083735
C002334,2,0.00993654726932,0.010960162519,0.00796353128484,0.833970364476,0.0103702798246,0.026811569686,0.00810701880871,0.0918805261315
C002335,3,0.04975934143,0.0311974431027,0.0264665507877,0.0263994033791,0.538398182864,0.0896397266049,0.0359690500819,0.20217030175
C002338,4,0.00645722726189,0.00775326170347,0.937079995127,0.0063418771838,0.0064522286711,0.00645722726189,0.00681671803627,0.0226414647543
C002339,1,0.563271351174,0.0516226881799,0.0103872445998,0.0273799894116,0.0142170046478,0.0173957883195,0.0106852928581,0.305040640809
C002341,4,0.805692290773,0.00417115656151,0.00404576353891,0.0341834414509,0.00289946998086,0.0033536275673,0.122565900435,0.0230883496919
C002342,2,0.279035093454,0.0118034526326,0.617466363456,0.015108581726,0.00961463116039,0.00834189226553,0.0141818706571,0.0444481146488
C002345,0,0.110982095851,0.0261033744084,0.0253820921895,0.0562251628954,0.0766441577648,0.20441102053,0.062592104295,0.437659992065
C002346,3,0.103677326759,0.0437782624934,0.128146977111,0.177550488153,0.0437782624934,0.0437782624934,0.0567434914414,0.402546929056
C002348,0,0.247219038547,0.0104744990254,0.00880927233006,0.00359587325612,0.454286034648,0.16311602816,0.0119574022042,0.10054185183
C002349,2,0.0392992252771,0.0387900813999,0.0375272052349,0.0378718007244,0.0391512608992,0.0319909196731,0.333958203025,0.441411303766
C002351,1,0.000510000855341,0.000781064478314,0.000770499753269,0.000530987412876,0.00224894993297,0.000365444408288,0.000850811563709,0.993942241595
C002352,3,0.229377708205,0.0323517072835,0.437827633393,0.0146981438475,0.164484636566,0.0432216093171,0.02950131781,0.0485372435785
C002353,1,0.00196793778818,0.00197832986427,0.954250905222,0.00197147533969,0.0176725135241,0.00197832986427,0.00230256376179,0.0178779446361
C002354,1,0.00170959817145,0.00171862603523,0.00169626892807,0.00171267133344,0.000743489997215,0.98064956946,0.00208394854778,0.00968582752675
C002355,4,0.0109095250003,0.0109157119612,0.0106814046831,0.36338102577,0.233597188726,0.0109095250003,0.12292780619,0.236677812669
C002358,1,0.00295807791312,0.00297369861564,0.0313161196089,0.689571373799,0.254442824639,0.00297369861564,0.00372544143406,0.0120387653751
C002359,1,0.0137526059088,0.0119913018532,0.0118291067841,0.0118446795366,0.303846748417,0.00783429603488,0.544649689994,0.0942515714706
C002360,0,0.426453626889,0.00851532320373,0.00845766890515,0.00851532320373,0.378977772305,0.00851532320373,0.12460540582,0.0359595564707
C002361,3,0.00301561117505,0.00099421687338,0.000996745683808,0.000817802278039,0.00099421687338,0.000368420815851,0.000335845007816,0.992477141293
C002362,4,0.0077276765418,0.512166637092,0.00850384346186,0.42907045891,0.00602684018392,0.00890527392315,0.00989237398073,0.017706895907
C002363,3,0.0143619123754,0.0143619123754,0.0579506025165,0.173879702056,0.118860410828,0.00376258683249,0.017710241995,0.599112631021
C002365,4,0.00660931141067,0.00661305965363,0.00649014276426,0.00649124454444,0.919510825025,0.00667091709682,0.00703910813831,0.0405753913667
C002366,2,0.0901243199077,0.0110390498141,0.0494999750402,0.00977329677169,0.0514429354247,0.0101553292555,0.0136228252916,0.764342268494
C002367,2,0.00379347776238,0.0038070971225,0.0039272271524,0.705210721355,0.00384254549958,0.0025645706008,0.186490576394,0.090363784114
C002368,4,0.639173444968,0.00404689074366,0.00406379615994,0.00397234545544,0.32547341103,0.00404459699,0.00294361426877,0.0162819003844
C002370,1,0.00361177094012,0.00363084359508,0.00365243609218,0.00359703544059,0.944315327165,0.00363084359508,0.00412719447291,0.0334345486987
C002371,4,0.000642022151036,0.00100809569999,0.00105475694879,0.00107055609428,0.000378565534753,0.00109002804643,0.00113958903107,0.993616386494
C002372,1,0.00492323152925,0.00271050172004,0.00168125721004,0.00265850539784,0.052943885349,0.907550202237,0.00320002846152,0.0243323880958
C002373,4,0.0256116795442,0.0440208575721,0.206631417244,0.0306787926012,0.400104427008,0.0150944727054,0.0557711132025,0.222087240123
C002375,0,0.0183031006701,0.00579794006099,0.00591109526733,0.0624429914263,0.0167887843977,0.0137598120449,0.00668842128187,0.870307854851
C002376,4,0.0216333272762,0.0565438061417,0.0133976867938,0.00786681561507,0.00800370171019,0.0229995377009,0.823646457318,0.0459086674441
C002377,1,0.00178895031521,0.00252137438498,0.00790187128363,0.00167258553689,0.00205018612362,0.00520432763824,0.00278180445542,0.976078900262
C002378,2,0.0139527992177,0.0875754875018,0.0143219308458,0.0128759066783,0.00837089472576,0.0123089644894,0.0662956980847,0.784298318457
C002379,0,0.0929522799333,0.101424587055,0.0136138011615,0.0136634529574,0.0149870139776,0.66280584925,0.0151331882384,0.0854198274271
C002380,0,0.00747684143904,0.00775390521552,0.0076836064651,0.898400747215,0.0199443636053,0.00775390521552,0.00913218575567,0.0418544450892
C002381,2,0.100377748486,0.0222792761148,0.191181496398,0.404804078524,0.026021567085,0.0633212292865,0.0244575147037,0.167557089401
C002382,4,0.00901083267467,0.00901594285756,0.00875032018328,0.0278669469005,0.00900385731768,0.428159119459,0.00987506180892,0.498317918798
C002383,2,0.791988353601,0.00578502628872,0.00708960453318,0.0101113272492,0.00850508062903,0.00837139652386,0.0185459459627,0.149603265213
C002386,4,0.00534697161492,0.0191439700506,0.0438980622591,0.0052514548291,0.0156480215537,0.00534697161492,0.00593480292781,0.89942974515
C002387,3,0.00502562676432,0.921405968026,0.0049507167175,0.00502562676432,0.00464235145675,0.00361451270879,0.00634680726492,0.0489883902978
C002388,0,0.00213419554459,0.00292456108475,0.00227654328036,0.00221888451484,0.00229676455233,0.974146040898,0.00291224671127,0.0110907634141
C002389,2,0.000876869169374,0.00138909719501,0.00397909346893,0.00265818292339,0.00139112489139,0.00121112799365,0.00146774282918,0.987026761529
C002390,3,0.00208748782614,0.00509022193901,0.00510316901993,0.0143648454567,0.00247054179058,0.01382218499,0.00337071400204,0.953690834976
C002392,3,0.494224083577,0.0164124714437,0.342235997853,0.0164124714437,0.0530481069249,0.00632502406192,0.0200386802956,0.0513031644004
C002394,4,0.00951336756441,0.00951876274262,0.00918177446601,0.325257211486,0.0405646211036,0.00951336756441,0.111346551858,0.485104343214
C002395,4,0.133706438528,0.25115019562,0.0202835336272,0.0139064741886,0.133318013987,0.270938465746,0.0533293569173,0.123367521386
C002396,4,0.0222989814414,0.0307544719755,0.0303668585382,0.430152808336,0.0186237257475,0.035872338619,0.270132020853,0.161798794489
C002397,0,0.0117463235351,0.0126410813592,0.826761906174,0.0126410813592,0.0126410813592,0.0126410813592,0.0134419162962,0.0974855285579
C002398,3,0.328929450321,0.0095056824069,0.00952986029952,0.0095056824069,0.0095056824069,0.578515479722,0.0124012016379,0.0421069607992
C002399,2,0.00249050498978,0.00349271249109,0.00277169433017,0.95934724507,0.00257044839274,0.0033005886808,0.00407261142271,0.0219541946231
C002401,0,0.00580958486184,0.00234029641396,0.00231969187693,0.00234029641396,0.00234029641396,0.00234029641396,0.972894478631,0.00961505897436
C002402,4,0.0297175127279,0.568131490589,0.0161352338711,0.0291866475013,0.0241350049327,0.0297175127279,0.0390259509785,0.263950646671
C002403,4,0.0143802286715,0.0311017075471,0.294343672241,0.0168539906571,0.0522471152268,0.0149690895591,0.0462679513323,0.529836244765
C002404,2,0.00510275431166,0.0463840711876,0.00516608670924,0.00486401969818,0.00259652161903,0.22714302281,0.00629548859215,0.702448035073
C002405,3,0.319237540047,0.00237596680202,0.543698911203,0.09355456322,0.00237596680202,0.00237596680202,0.0299477079341,0.00643337718967
C002406,1,0.00388802500093,0.00852106976877,0.00385771119245,0.00296465917602,0.00389710113627,0.88916999686,0.00516077403767,0.0825406628278
C002407,2,0.00220775530751,0.00559158965158,0.00561723438258,0.00531091738256,0.0150729228373,0.00326340512983,0.937117962685,0.0258182126234
C002408,2,0.0209464656203,0.0380310830303,0.0382055051454,0.265754082594,0.0600009687163,0.0692776783146,0.0496500661788,0.458134150401
C002409,4,0.00943973738209,0.628823342531,0.00608929579601,0.00927110858834,0.0168924566004,0.0390181498744,0.0103433918031,0.280122517425
C002412,2,0.0108822535707,0.0166822718077,0.00125574868384,0.00561033963335,0.00185496845656,0.00375423008499,0.003538072049,0.956422115714
C002413,0,0.00527682082655,0.00512938896615,0.0212581756554,0.00512938896615,0.0029200936176,0.00512938896615,0.00656869740491,0.948588045597
C002414,1,0.0405762998216,0.0407905708202,0.0410331508871,0.0406109017543,0.0406710204031,0.0407905708202,0.0501353727663,0.705392112727
C002416,0,0.00465068613589,0.797650560468,0.0111477649182,0.00557298351436,0.0454438202912,0.0322591709808,0.00707341387373,0.0962015998181
C002418,2,0.0899239517954,0.00505102294812,0.0064808080866,0.426729549186,0.011089282005,0.398539278776,0.00662808353929,0.0555580236632
C002419,4,0.00472162889692,0.00472224065539,0.00458228482455,0.841526706051,0.00471797384657,0.00472162889692,0.0401095684683,0.0948979683601
C002420,0,0.0362201425818,0.0252415419957,0.409623742948,0.0181729861792,0.0790321429174,0.101367322504,0.025650540168,0.304691580706
C002421,1,0.00612666987646,0.000634539615288,0.000625956794342,0.000632298807151,0.000632679884616,0.0114397700796,0.977797167499,0.0021109174439
C002424,1,0.00612311032784,0.00615544459612,0.00607218568282,0.00608058588242,0.906916238717,0.00615544459612,0.00652081759791,0.0559761725994
C002426,4,0.0378751581835,0.0439417873572,0.0370067494673,0.03719856709,0.17620820856,0.0378751581835,0.0411428109752,0.588751560183
C002428,3,0.00392657359054,0.00673939620211,0.00740156386432,0.00673939620211,0.00673939620211,0.00673939620211,0.908203878896,0.0535103988404
C002429,2,0.0134223576633,0.0134705466693,0.578138740684,0.0174748284779,0.243844495205,0.0125118138469,0.0155827124232,0.105554505031
C002430,4,0.0205077129988,0.829835193109,0.0110127109775,0.00773033356154,0.00708192077061,0.0112877590154,0.0122508036758,0.100293565891
C002431,2,0.92888350242,0.00359605450461,0.00361254710442,0.00342297077445,0.00191882613471,0.00324599639486,0.00340974796022,0.0519103547067
C002434,2,0.00353919503699,0.00694217656336,0.00700319588861,0.00610294175887,0.00387734295168,0.0421914573637,0.00851886823326,0.921824822204
C002438,1,0.0346399327777,0.034822855642,0.0321923275869,0.498344372364,0.0310411965179,0.034822855642,0.0373893887426,0.296747070727
C002439,4,0.00426941142705,0.00885038193943,0.00349184694439,0.00868735449091,0.00502683037133,0.0152829213402,0.00736092359998,0.947030329887
C002441,4,0.00252902468147,0.0105600799425,0.565020853872,0.00248384690118,0.00252706694342,0.395829519921,0.00339044004935,0.0176591676889
C002442,2,0.00660637728267,0.621451826696,0.00655069421392,0.101177668765,0.00658150380241,0.223351926803,0.00664207648534,0.0276379259515
C002443,2,0.00486200757058,0.0454999094198,0.0291017972638,0.367869315325,0.00248484501148,0.00456041076966,0.0077563466134,0.537865368026
C002446,3,0.0214611031573,0.206391134275,0.0276637743194,0.024017255051,0.0264835968774,0.0364296592505,0.0338627243926,0.623690752677
C002448,3,0.00344345436847,0.0165883134615,0.00349161607786,0.0095460681925,0.00506439881624,0.00503122744552,0.00590228839536,0.950932633243
C002449,4,0.0027718700931,0.0027734420636,0.00272189211711,0.0027223541912,0.00199748771894,0.964055779721,0.00764041147943,0.0153167626159
C002450,0,0.0569501210986,0.0412213997948,0.0148158822884,0.0442050434028,0.0442050434028,0.0442050434028,0.0525172971621,0.701880169448
C002451,4,0.0188662796205,0.00976543378669,0.3871918603,0.0198256046829,0.0188516750839,0.418711301938,0.0212504380566,0.105537406532
C002452,1,0.00194574190803,0.00449617772424,0.724016072963,0.0541083931602,0.00106228498099,0.199894743789,0.00228561162256,0.0121909738515
C002453,0,0.00895019429332,0.270617932973,0.0196818222497,0.535141539508,0.0360230340568,0.0198603130519,0.0170651019662,0.0926600619012
C002454,3,0.649881109979,0.0146546229781,0.0390860577211,0.139036627389,0.00691393379098,0.0203508163821,0.0241072334313,0.105969598328
C002456,2,0.00829099362714,0.00972235935684,0.00804464441363,0.0593496488912,0.00825977744653,0.841231611215,0.00854896986957,0.0565519951798
C002457,1,0.347157825494,0.566340639064,0.00885223915619,0.00894252501591,0.00894731664957,0.00897361683646,0.0109900437708,0.0397957940131
C002458,4,0.00908498446982,0.00909013670535,0.86441585621,0.00892269288157,0.00699563545442,0.00908498446982,0.00981766960853,0.0825880402006
C002459,1,0.0748984204975,0.650907376028,0.0108846130703,0.186329098943,0.00539830169991,0.0198601887164,0.017474075535,0.0342479255095
C002460,3,0.0576703629982,0.0489152380397,0.215631672404,0.0616263951384,0.0616263951384,0.0616263951384,0.0826991261357,0.410204415007
C002461,1,0.0142569806175,0.014332267361,0.0560584674726,0.0141570211477,0.0559804372793,0.230435829071,0.0161934192838,0.598585577767
C002462,1,0.00659139347891,0.00662620060694,0.00653657421957,0.649930552134,0.0066067803088,0.245079776997,0.00837910547691,0.0702496167777
C002463,3,0.228831529349,0.103600319517,0.00524542444916,0.0183674763383,0.052057904118,0.1378685161,0.0208135336486,0.433215296479
C002465,2,0.023593685988,0.0160059313076,0.284421401806,0.011288712149,0.00898328696243,0.0320508788502,0.287327421632,0.336328681305
C002467,1,0.00614784561563,0.894123582959,0.00966800586764,0.00967630580735,0.00966462450647,0.0155824656978,0.00391138676859,0.0512257827776
C002469,1,0.00762210214434,0.00627942650179,0.0193146143692,0.01337071317,0.121888907755,0.0992705518392,0.6284483079,0.10380537632
C002470,0,0.0949475991158,0.0215360551214,0.035866671222,0.0379114753319,0.0175569439505,0.0298547295767,0.025965080126,0.736361445556
C002474,1,0.00269123260661,0.00270544418087,0.00266885018039,0.211339083359,0.0026975149714,0.00908764369083,0.74188593789,0.0269242931201
C002476,2,0.00245618602987,0.957373040363,0.00243647307809,0.00241258841661,0.0024469383148,0.00219303346235,0.00262978657295,0.0280519537622
C002477,1,0.0586997901106,0.820080705331,0.003111731911,0.094345827487,0.00132495975892,0.00125265363173,0.00781726850372,0.0133670632661
C002479,2,0.0575411573026,0.0577477418122,0.0580125905218,0.0982072077477,0.085791236386,0.059906889576,0.0792876715368,0.503505505117
C002484,3,0.0018942595847,0.00304747299985,0.963564426616,0.00304747299985,0.0017819973656,0.00259324153395,0.00202343574852,0.0220476931514
C002485,2,0.00893293426875,0.807652548489,0.0166659010679,0.0158161514559,0.0167442850585,0.0153625917881,0.0526889906072,0.0661365972644
C002486,2,0.00516119576107,0.00795637089687,0.0103851544222,0.509703133566,0.00443938587925,0.00611473663782,0.0539326602501,0.402307362586
C002487,1,0.0102770278386,0.0118163136332,0.851077007459,0.00851609254339,0.011419639755,0.0193199375373,0.0327397958464,0.0548341853872
C002488,1,0.00510016117026,0.00512709355769,0.00506039668602,0.0255584651523,0.00714042291117,0.00228390673862,0.00907220428238,0.940657349502
C002489,0,0.0130292198847,0.0546475064708,0.0251138182401,0.0120780709389,0.819944216989,0.0123324108136,0.00819766953455,0.0546570871281
C002490,4,0.00379013619269,0.0794476277307,0.297977938662,0.00372243027372,0.00378720221823,0.0296531266763,0.573407294686,0.00821424356
C002491,2,0.449156057727,0.00984044426837,0.0100646463667,0.00690067944633,0.00993206992643,0.00903402413841,0.128467454937,0.37660462319
C002492,3,0.0077642063298,0.0077642063298,0.00781628442322,0.623077712395,0.0077642063298,0.0077642063298,0.228181015244,0.109868162618
C002493,1,0.0277558252359,0.0267547019359,0.161508924356,0.0264275617785,0.206101721934,0.021183962846,0.0313215477185,0.498945754195
C002495,0,0.468830846807,0.00144241188807,0.00142483483516,0.461170601232,0.0105533890873,0.00144241188807,0.0475713605454,0.00756414371626
C002496,2,0.0431761948786,0.00765834128825,0.0895283405955,0.0226926924448,0.012652649058,0.00654919375146,0.796975540959,0.0207670470239
C002497,2,0.0124656790784,0.0137317177207,0.00952826821649,0.00883977589061,0.833295308637,0.0113409671488,0.0153976821347,0.0954006011734
C002498,0,0.0104364363584,0.0114947841844,0.01072245289,0.483645698199,0.0277656722907,0.0112219336805,0.0138878869592,0.430825135438
C002499,1,0.0943567455075,0.0089238681,0.0310505217129,0.597804728791,0.00555204716372,0.189994688229,0.0104631502904,0.0618542502055
C002500,1,0.0175268784427,0.577813075759,0.0191499986964,0.0175583846395,0.0175677928711,0.0389742908852,0.0302060384156,0.28120354029
C002501,0,0.174211010894,0.0462509223456,0.0456752381284,0.0462509223456,0.491749403033,0.0462509223456,0.0563161799761,0.0932954009321
C002502,1,0.00248572066411,0.583727268737,0.0031192365547,0.00306255578928,0.0571681463327,0.00273135639052,0.289320398823,0.0583853167084
C002503,2,0.0212316317715,0.00701638802267,0.00781582027576,0.0492669558196,0.00647730248025,0.0154290013354,0.00901455234582,0.883748347949
C002510,4,0.00359279448295,0.00532747066649,0.00300332802151,0.00355237435506,0.00166082542247,0.0075644312792,0.00507357525087,0.970225200521
C002511,4,0.00578237357973,0.0131876544751,0.381634503517,0.00986876498975,0.0103924829302,0.00631398497911,0.496434314689,0.0763859208401
C002512,0,0.182624653491,0.145972427351,0.0053183719253,0.00538398044527,0.0308821490697,0.00538398044527,0.609951391249,0.0144830460227
C002514,3,0.019067868188,0.177904936049,0.567507474331,0.0535379038874,0.019067868188,0.019067868188,0.0242760067634,0.119570074405
C002515,1,0.33849887205,0.0156576044515,0.0101361958976,0.0619478913419,0.0769626929422,0.131622475813,0.0576763840584,0.307497883446
C002516,3,0.00273381962732,0.00273381962732,0.00277735438779,0.00423649127187,0.00273381962732,0.938370313556,0.00323776675752,0.0431766151453
C002519,3,0.00478682100335,0.00478682100335,0.00488118793511,0.00478682100335,0.00478682100335,0.00478682100335,0.913323113915,0.0578615931329
C002520,4,0.0038205864999,0.00561811520025,0.00322068861373,0.00551703996624,0.00561303891862,0.00561738738271,0.667822570855,0.302770572563
C002521,3,0.044782417954,0.754209394585,0.0139664161012,0.0140810874459,0.0552138949296,0.0352438584237,0.0284172686518,0.0540856619092
C002522,0,0.00187119471846,0.00194053419549,0.00191688708574,0.00194053419549,0.0325167585334,0.951969921516,0.00233577752479,0.00550839223114
C002523,4,0.00602125751237,0.0352535386879,0.523174681405,0.00591369547435,0.289815838171,0.111514048225,0.00660215602113,0.0217047845029
C002526,3,0.00596339127544,0.00566984901315,0.00597855927997,0.50670503202,0.160045628156,0.19839632584,0.0987583699281,0.0184828444866
C002527,3,0.0181459152813,0.00260334595371,0.00354394349603,0.00373008178005,0.00331111098534,0.0021526634045,0.00394723431133,0.962565704788
C002528,1,0.224757053931,0.0466368358771,0.0227571538574,0.023804489344,0.0477306963678,0.126470099731,0.0275060106855,0.480337660206
C002529,3,0.00658463359621,0.00548887972687,0.00628914393697,0.00901869185318,0.0137263220372,0.908129032685,0.0125583067738,0.0382049893908
C002530,3,0.293275584486,0.0104013629934,0.406598591517,0.0104013629934,0.0104013629934,0.0331735124014,0.0137000577197,0.222048164896
C002531,3,0.00459403283001,0.00459403283001,0.00454146146259,0.531201545393,0.404492826578,0.00459403283001,0.00620260384876,0.0397794642276
C002533,4,0.0329950813883,0.0327213304639,0.0259634526366,0.0324056666038,0.0329695396343,0.0329950813883,0.0375457203991,0.772404127486
C002534,0,0.0536937079456,0.0872751035197,0.00666102010876,0.0012497909063,0.00144960412713,0.00144960412713,0.842950138476,0.00527103078919
C002538,1,0.0975969840526,0.0220571072392,0.0244501694204,0.0289924539338,0.657174105978,0.0152564034101,0.0309678205369,0.123504955429
C002539,4,0.0295311933765,0.0295479409741,0.0345500187035,0.029003656506,0.0237044831573,0.0295311933765,0.0314485526656,0.792682961241
C002540,3,0.00269238288459,0.0222592763794,0.00131473172106,0.00279201600779,0.918178594049,0.0284860647893,0.00367992904051,0.0205970051286
C002541,3,0.00985444427549,0.00814215398413,0.41811434273,0.00985444427549,0.00985444427549,0.452374205789,0.0147049849094,0.0771009797612
C002542,3,0.00626541493483,0.00626541493483,0.00628135114256,0.00626541493483,0.00626541493483,0.00626541493483,0.875941760847,0.0864498133368
C002544,2,0.00733034362617,0.00735666105726,0.00607437442328,0.0825248183375,0.00742515988639,0.757962377371,0.00652767736898,0.124798587929
C002545,1,0.0010662679717,0.00362562090622,0.00498160769606,0.00497757073871,0.937206029479,0.0102866748056,0.00553624472679,0.0323199836757
C002546,2,0.0106138550749,0.0279966888719,0.0269380527797,0.0266491644292,0.016359814236,0.0249428062601,0.710984943409,0.155514674939
C002548,1,0.00289943725975,0.0480621802922,0.42394519961,0.00286491909847,0.00246667989542,0.507319780443,0.00353890178313,0.0089029016181
C002550,0,0.00511389304343,0.00482994651044,0.0190043263551,0.00530339479102,0.00530339479102,0.938088323265,0.00615008955532,0.0162066316883
C002551,2,0.0149672718802,0.0104329657693,0.126924397804,0.0285857518464,0.00353453624572,0.0885190907427,0.0122839479089,0.714752037802
C002553,1,0.00309682561443,0.00228268573723,0.953923164554,0.00305995752024,0.00799185871337,0.00311317900101,0.00285709857286,0.0236752302871
C002554,0,0.00561751633023,0.0336015135843,0.78230918797,0.0111464222319,0.00923976214167,0.0141996942542,0.00861992245854,0.135265981029
C002555,3,0.00498957414893,0.109125401506,0.8436900281,0.00498957414893,0.00343719565164,0.00498957414893,0.00620220759196,0.0225764447038
C002557,4,0.0060639231385,0.615231716719,0.0703361478266,0.0131077658513,0.0688378668214,0.0822242501631,0.01641388071,0.12778444877
C002558,1,0.00607459000694,0.0127210468098,0.0125489811666,0.123702678716,0.0050117429637,0.0081034342943,0.0138487213975,0.817988804645
C002559,1,0.0554730895171,0.00993648153079,0.845617026574,0.0099020535731,0.00990735934671,0.00993648153079,0.0118662635833,0.0473612443437
C002561,2,0.0162576449138,0.312516671738,0.00692201109154,0.560690337826,0.00400616911978,0.00634370316287,0.0681727053087,0.0250907568393
C002563,2,0.00547863279681,0.00455249317987,0.878551792423,0.00522231254246,0.0272268096847,0.00496548865166,0.00666671766865,0.0673357530529
C002564,1,0.445358041258,0.00898605881961,0.0139396789336,0.00670133653927,0.00895972216732,0.00898605881961,0.0244854722369,0.482583631225
C002565,0,0.575261111455,0.0525058836757,0.0148118446105,0.0149461704872,0.00981359758785,0.017271952585,0.255172955208,0.0602164843909
C002566,1,0.0228509287681,0.00370965267905,0.00373151469284,0.936736671583,0.0025647981628,0.00370965267905,0.0044312668772,0.0222655145577
C002567,2,0.16985611048,0.0631818395335,0.0646213579753,0.0615523811435,0.134629547791,0.0549220324123,0.0816316149899,0.369605115674
C002568,3,0.00372623357362,0.00952961046415,0.787783262916,0.00835980866785,0.00835980866785,0.0126693687721,0.138131779059,0.0314401278795
C002569,2,0.00546056894489,0.440633444762,0.0838300186271,0.27537957667,0.00553120011207,0.0209276337852,0.133459798991,0.0347777581082
C002571,0,0.609640015528,0.00746752576489,0.00740041279131,0.00746752576489,0.312955925793,0.00746752576489,0.0113214857123,0.0362795828808
C002573,1,0.00910415874446,0.509622425671,0.116791370535,0.00543862353989,0.0091254113282,0.00915223501544,0.011431930007,0.329333845159
C002578,3,0.0122093197365,0.00243414225885,0.852396290177,0.00800514504384,0.00243414225885,0.0955781333063,0.00306649925847,0.0238763279606
C002581,2,0.0146668959681,0.00252747381925,0.185021782285,0.00231151272773,0.00255100745713,0.0115804733893,0.757722295265,0.0236185590885
C002585,1,0.00167951711232,0.00552548298932,0.0267600912467,0.00165963314864,0.0017808548403,0.00168838612725,0.000398931663289,0.960507102872
C002587,1,0.00533566305818,0.00536383905888,0.00529406243371,0.12883972391,0.138925459366,0.667065965311,0.00665555344678,0.0425197334161
C002588,4,0.000790984740128,0.0059351303751,0.00191156685029,0.00194020010349,0.000329146772703,0.000985664241609,0.00209633377495,0.986010973142
C002590,4,0.00188120687845,0.00328004628619,0.0277720031389,0.0032430936359,0.00133026720778,0.0013936999941,0.00370075172128,0.957398931137
C002591,4,0.14782311635,0.756671834656,0.0271962372386,0.00596564063655,0.00329672263468,0.0049586750088,0.00535157657777,0.0487361968977
C002592,2,0.00501303365505,0.00676514509349,0.00754355667326,0.00654323079804,0.00682813624044,0.00115094786739,0.0262315168067,0.939924432866
C002593,3,0.00360640395151,0.592658884818,0.00579594079521,0.00634366198763,0.008592811003,0.24635915062,0.0570232556158,0.0796198912083
C002594,0,0.00431626527123,0.00450042787371,0.00445880225602,0.0434513417418,0.845395718856,0.00450042787371,0.00543648004189,0.0879405360859
C002595,0,0.0420373262497,0.0260048259984,0.0245541021349,0.619945122786,0.0208832429641,0.0260048259984,0.0403551109902,0.200215442878
C002598,2,0.315300717681,0.0431157328051,0.0433134746707,0.0413632303448,0.155763436413,0.0381785331488,0.0540236157094,0.308941259227
C002599,0,0.00113472700714,0.00122102467076,0.00121005094278,0.000479715668397,0.00122102467076,0.00173929908869,0.00141493894934,0.991579219002
C002604,2,0.00652673114934,0.655721457579,0.0193559097857,0.0181371661086,0.0126914264717,0.0660673507557,0.150191432024,0.0713085261255
C002605,0,0.0123567199942,0.0102150930881,0.109178301348,0.0345945433,0.00546703817217,0.604462437951,0.0110034414736,0.212722424673
C002606,4,0.0272612579612,0.0268464151959,0.137498398649,0.0263518938745,0.416361424868,0.0268311988071,0.0298482971455,0.309001113499
C002608,2,0.149341180842,0.484889458454,0.0294904046888,0.0330350945868,0.0361721247252,0.0312630128491,0.0472838799531,0.188524843902
C002610,3,0.00695858177017,0.619475081468,0.0753604249371,0.239746775397,0.00681153831408,0.00681153831408,0.00981578286022,0.0350202769398
C002611,2,0.00428574864518,0.177960236267,0.00432086167341,0.0206895919307,0.00328409657784,0.00445077012616,0.00492638124409,0.780082313536
C002612,3,0.00429571860639,0.0106444852121,0.0104858226366,0.197595942744,0.00204459485782,0.0106444852121,0.0136377841031,0.750651166628
C002615,0,0.00433440849711,0.0347268648286,0.0044269265007,0.00446707347759,0.908905350487,0.00446707347759,0.00664196010816,0.0320303426237
C002617,4,0.0163582288063,0.0260670985098,0.0121048551004,0.0123179661586,0.0280699349728,0.0125420131272,0.0136173006931,0.878922602632
C002619,2,0.0253216414878,0.0432870372658,0.356405878996,0.0355095803927,0.0252484765323,0.039042425211,0.0583087153259,0.416876244788
C002620,2,0.00338360743039,0.00339575527229,0.00342560278388,0.10904870695,0.0460956101853,0.819007798689,0.00390604110881,0.0117368775798
C002621,1,0.223740912927,0.0182793438066,0.279931076572,0.0562316360217,0.0120465855789,0.00936044130563,0.372413062518,0.0279969412704
C002622,0,0.390800310675,0.0230276657641,0.117815728639,0.00987480558833,0.00987480558833,0.00987480558833,0.417785640636,0.0209462375202
C002623,2,0.00990969610999,0.00180162762143,0.131723228926,0.784287965967,0.00181840281084,0.00158342448363,0.0620696480733,0.00680600600758
C002625,1,0.0018049571902,0.957421141682,0.0281128923462,0.00180808094509,0.00180917064967,0.00181448861572,0.00194718886369,0.00528207970719
C002626,2,0.0121069289693,0.0100187669572,0.864441272754,0.0110566181081,0.0120613455209,0.0197725253738,0.0125200094491,0.0580225328678
C002627,0,0.0065052377585,0.00216847248668,0.00378765212816,0.00254681481252,0.00373452482071,0.000928295359781,0.0795287497524,0.900800252881
C002628,1,0.0100673515112,0.0209717160816,0.0206880513904,0.0110032125561,0.701867058353,0.0209717160816,0.0263374154972,0.188093478529
C002629,1,0.442345354601,0.013792539199,0.0136059804854,0.0136248028597,0.0137521155475,0.013792539199,0.00419579436342,0.484890873745
C002630,2,0.23162489013,0.0135248397617,0.0136875188812,0.229231018933,0.0181367031961,0.400083269586,0.0144707670255,0.0792409924862
C002631,1,0.00197665040328,0.00198708848801,0.967697723095,0.00195324865015,0.00198126466028,0.00198708848801,0.00217179057171,0.0202451456431
C002632,2,0.0374307886338,0.0130621914117,0.0400662701689,0.0110254336253,0.0243696109945,0.0222068394127,0.456025631116,0.395813234638
C002634,0,0.0101343861837,0.00925509627688,0.00919000346229,0.00925509627688,0.0906172837718,0.0409179121888,0.010550887503,0.820079334337
C002635,1,0.000832468946765,0.967063887221,0.00185787054519,0.00185493995993,0.00184147425231,0.00184688717318,0.00214144279386,0.0225610291079
C002636,3,0.00151156007236,0.0029079843209,0.00159314710402,0.0105046146376,0.0018140613181,0.0121756702955,0.00871583015356,0.960777132098
C002637,0,0.0288973979102,0.933203845785,0.00239468231972,0.0224679812149,0.00170889162483,0.00242422360885,0.00290958213098,0.00599339540587
C002638,2,0.717910343088,0.0197389806112,0.0202923572218,0.0183534880639,0.0199227728301,0.0182787993161,0.14847826487,0.0370249939986
C002640,1,0.0324757022751,0.0338453104343,0.0333875167327,0.0331960462581,0.0405438678061,0.191343041447,0.0445311507985,0.590677364248
C002641,2,0.0560986932809,0.0221815844585,0.044591598247,0.0126042761373,0.00403557951489,0.80961414324,0.0104821022904,0.040392022831
C002642,0,0.0228447038748,0.142663752848,0.0190289448178,0.586816985354,0.0214530423295,0.0950182368273,0.0267246559216,0.0854496780266
C002643,2,0.00222670029903,0.00238521533706,0.00228560930316,0.00216810626518,0.00398483928597,0.00326598652273,0.00264076083521,0.981042782152
C002644,0,0.00802213930762,0.00837552780408,0.00318953074892,0.00313489258442,0.00313489258442,0.0103967754462,0.00405154541095,0.959694696113
C002647,4,0.00571361409004,0.00650308013955,0.00561059524059,0.915555998561,0.0241546761606,0.00612643686427,0.00646823543256,0.0298673635111
C002648,1,0.00174383638022,0.00213999956009,0.00235576027621,0.00185178200009,0.00323368747303,0.0106018850654,0.00756962188121,0.970503427364
C002649,1,0.00528562156037,0.00531353330725,0.00524166213661,0.00522304458132,0.00529796021988,0.9262378948,0.00635753859874,0.0410427447961
C002650,2,0.0131877703627,0.0130169152762,0.0126599606933,0.0129536857677,0.0131381174695,0.0118209477462,0.692426172384,0.2307964303
C002651,2,0.443981990212,0.0127543029294,0.0128127980421,0.00689084793654,0.370882145016,0.0185123603881,0.0423919723616,0.0917735831147
C002652,3,0.00109785650074,0.0829316840068,0.00444895632028,0.0279593194338,0.00272261964812,0.00368303548988,0.860393660608,0.0167628679921
C002653,1,0.012442443377,0.0175461324479,0.0173178799046,0.00972215237886,0.288075401663,0.228234952779,0.0206062672265,0.406054770224
C002654,1,0.0107760836563,0.727376994308,0.0106864611923,0.0106485045715,0.0108012391513,0.0108329888501,0.0127704161959,0.206107312074
C002655,1,0.00589392702215,0.00592505104367,0.0058449084474,0.00582375908773,0.635932909884,0.317296747621,0.00339064806286,0.0198920488312
C002656,4,0.0826405057851,0.0137621182391,0.0134129547614,0.124184755784,0.0127797916055,0.663547696289,0.0162844509318,0.0733877266047
C002657,1,0.00203770873256,0.00490181693559,0.0048380506221,0.0904800645762,0.830816532537,0.00490181693559,0.00603981088458,0.0559841987762
C002658,4,0.00475508664719,0.457245978168,0.00560462347785,0.215904161233,0.00450965430212,0.00791820501647,0.00834932047389,0.295712970682
C002660,0,0.00277626318927,0.968992237082,0.00266593776541,0.00171822434446,0.00269082590796,0.00269082590796,0.00306165406916,0.0154040317342
C002662,0,0.00912169569431,0.0119074260833,0.0154920718431,0.543116007132,0.296084298672,0.014761660539,0.0163389014182,0.0931779386172
C002663,2,0.0022215581185,0.00222953396598,0.00228033108243,0.00211701767052,0.00225029344707,0.00153979215158,0.947097959808,0.0402635137558
C002665,4,0.00446873457234,0.00807769634052,0.00532637571254,0.00625761902302,0.881136516836,0.00637143656033,0.00699812407797,0.0813634968775
C002666,1,0.00693354424328,0.017749835177,0.00264416392199,0.00128792335571,0.00245890297942,0.0312424458065,0.0029228789161,0.9347603056
C002667,4,0.0142753831971,0.717290887749,0.0128873978436,0.0135062225812,0.013741236869,0.0137518823101,0.0149181957467,0.199628793703
C002668,2,0.0283423655132,0.0261406825806,0.0262605717024,0.022989384828,0.0393728692573,0.603666171375,0.0235387864459,0.229689168297
C002669,2,0.00137014153793,0.0018242274147,0.0131054400896,0.00213352136828,0.00127099486021,0.00966885563147,0.00409534572916,0.966531473369
C002671,0,0.0108797697029,0.0472836626968,0.0123870701946,0.0125398796171,0.014876506028,0.0135571938399,0.0135688105934,0.874907107327
C002674,4,0.20007307356,0.651651961554,0.0116739034475,0.00981430252518,0.00572407010767,0.0221845082155,0.0115238036903,0.0873543769001
C002677,3,0.665205802939,0.118305770575,0.0167065262897,0.0213304479295,0.0118129159014,0.0213304479295,0.0259451398436,0.119362948592
C002678,0,0.00415472570978,0.00433199588463,0.00434771813101,0.952542682316,0.00381919809761,0.00433199588463,0.00522015237774,0.0212515315984
C002679,2,0.0801604309516,0.0270171978064,0.0282684405298,0.0233635347285,0.11605855309,0.368177248547,0.033197006867,0.32375758748
C002680,4,0.805072325115,0.0976060013199,0.0501039666717,0.00440614404045,0.00448281290899,0.00448628577837,0.00450081852901,0.0293416456368
C002681,4,0.00154397833344,0.00348766743419,0.00761964123344,0.0016352770535,0.012480774115,0.0125369502615,0.00612322590051,0.954572485668
C002682,2,0.0255096755831,0.0154320314942,0.0217873818741,0.748871416297,0.012894938358,0.0114183768005,0.017430969072,0.146655210521
C002683,2,0.00173219368228,0.00173841261146,0.000418599305166,0.0012415394796,0.00175459919768,0.00100918938633,0.00367080846784,0.98843465787
C002684,3,0.0313195811444,0.0139155766324,0.00165921687246,0.173621913523,0.00171697727109,0.738430634897,0.00354022149329,0.0357958781666
C002685,2,0.739490285332,0.00978177703478,0.0185107373522,0.0175013164971,0.0185977980792,0.0728450386963,0.0234367981318,0.0998362488767
C002686,4,0.00797214366139,0.510849794279,0.00766069573466,0.0873333135344,0.0079659723618,0.285798093083,0.00857213110218,0.0838478562433
C002687,2,0.594924774945,0.00405025088776,0.00408585118891,0.00268321710376,0.00276922810118,0.369630389428,0.00468633113811,0.0171699572073
C002688,2,0.00403902038345,0.00405352129174,0.00394236415723,0.620618559741,0.00409126415635,0.00369662341725,0.32448179584,0.0350768510133
C002689,0,0.00727429399155,0.140318375098,0.0137619884801,0.0138904649718,0.769625938892,0.0138904649718,0.0148444822419,0.0263939913521
C002690,4,0.0577062482103,0.260309204179,0.236215753134,0.067553021037,0.0353876379105,0.0283111698045,0.0812356814095,0.233281284316
C002691,4,0.00697684259308,0.832816722834,0.0110303009112,0.0323034691909,0.0355512757161,0.0192414831511,0.0128425418338,0.0492373637699
C002692,1,0.0926981522638,0.0215779375695,0.0151761573227,0.0215017374128,0.021514696203,0.253864216286,0.0285533394228,0.54511376352
C002693,0,0.0337163390661,0.106800758871,0.0264287972314,0.00461348311735,0.0104373042637,0.0266159924599,0.0289993016848,0.762388023305
C002694,0,0.00303656687475,0.0141562138514,0.00311199955154,0.0031295082958,0.001851870129,0.950932786494,0.00342308669857,0.0203579681045
C002695,3,0.00548840313059,0.012758521704,0.0127909732581,0.0104439634345,0.103034628392,0.787953957276,0.0155600515811,0.051969501224
C002696,0,0.00821787505701,0.655859845653,0.00860566217042,0.0181899204805,0.00871182337279,0.0388141035092,0.0130859583451,0.248514811412
C002697,1,0.00687884860602,0.00691517369644,0.293401158939,0.643587528226,0.00689490646596,0.00528203609473,0.0082783742462,0.0287619737257
C002698,0,0.0214998114214,0.0247779292273,0.421372902862,0.0231969260787,0.0231969260787,0.0231969260787,0.0304265337074,0.432332044546
C002699,0,0.810937384906,0.00231760097654,0.00216133649144,0.151496376813,0.0171337590219,0.00231760097654,0.00286768561068,0.0107682552039
C002700,1,0.105783037976,0.0479797097048,0.0473307332697,0.0369857912036,0.0478390891104,0.0943989042667,0.218581786091,0.401100948378
C002701,1,0.0160971210628,0.024834355326,0.0858499787269,0.024357950854,0.0247615699377,0.0128057121665,0.0298070911991,0.781486220727
C002702,3,0.00875214724846,0.00658374022402,0.00424655167689,0.124231738699,0.00634909217031,0.00600448538239,0.0126423507527,0.831189893846
C002703,0,0.0220021416042,0.0228174586728,0.00848642519943,0.0228174586728,0.0637558919727,0.0228174586728,0.0302685962931,0.807034568912
C002704,1,0.00648349448802,0.0624642339667,0.00675414946322,0.00958024385018,0.104041330451,0.0147659534728,0.0817679014983,0.71414269281
C002705,1,0.910312308049,0.00429363058068,0.00423777598692,0.00422051065494,0.00428104665953,0.00429363058068,0.00502244553334,0.0633386519545
C002706,2,0.00156360310284,0.00335433176457,0.0031487723374,0.00133612830791,0.00411092588825,0.00775333449689,0.00365697153693,0.975075932565
C002707,4,0.81621834367,0.0127532950726,0.0124795438171,0.0211538996463,0.0127361997494,0.0127460665806,0.0141697328609,0.0977429186029
C002708,3,0.00664896326614,0.00921809579274,0.00747495637237,0.385995742791,0.118877368142,0.00460922272366,0.402471248072,0.0647044028401
C002709,1,0.118686346914,0.0140353974786,0.003366153735,0.0257925714959,0.00690360254861,0.00155159478921,0.00418753522171,0.825476797817
C002711,0,0.00549917669679,0.00102122413288,0.000952958768337,0.000990854258458,0.000434426014908,0.00117228839889,0.00170539204955,0.98822367968
C002713,2,0.226674212556,0.145169791269,0.00457979358234,0.465815100568,0.00256995357901,0.0935739734381,0.00526212492659,0.0563550500814
C002714,4,0.47927017946,0.415334538583,0.00510949360397,0.00524236586106,0.0146014167049,0.0123355517753,0.044326376473,0.0237800775384
C002715,1,0.188889789641,0.720218828815,0.0245840047205,0.00574314174104,0.00582590656988,0.00678090898051,0.0105732246417,0.0373841948912
C002716,0,0.0217466159376,0.022989414891,0.408185315838,0.022989414891,0.266075812109,0.0156976021925,0.024975333674,0.217340490467
C002718,1,0.0248078739523,0.00751415687602,0.149726823741,0.0153902962371,0.0254821282583,0.690223498434,0.0134467561123,0.0734084663892
C002719,0,0.396941724785,0.00439312460832,0.00758355519811,0.019490936843,0.489936018503,0.0057313816275,0.0202885514867,0.0556347069485
C002720,2,0.00322756706909,0.932685136586,0.0270509341138,0.00313646360791,0.00326931488539,0.0114499666023,0.00425662515306,0.014923991982
C002721,2,0.0134209173047,0.0134691011396,0.0130997465515,0.0127616353695,0.193063328938,0.243900550429,0.227301037865,0.282983682402
C002722,3,0.00604954769976,0.0163298889831,0.0160864819802,0.0163298889831,0.777405271167,0.0510038289842,0.0122629453981,0.104532146804
C002725,1,0.0103923940189,0.27667984742,0.0103059626224,0.101295018469,0.327305034164,0.0104472730654,0.013088717691,0.25048575255
C002729,2,0.301165941857,0.0460612453997,0.0751161071851,0.0422291009164,0.0464901276539,0.0414195530857,0.0285200656866,0.418997858215
C002731,1,0.0449732050138,0.0362453635031,0.0446225619178,0.0372119617072,0.0277351839748,0.0452106947206,0.0693036920414,0.694697337121
C002732,4,0.0162568681653,0.0322584303313,0.0169980229719,0.316679762275,0.071211620936,0.0107952462548,0.407996969481,0.127803079584
C002733,1,0.00208041218851,0.00209139820742,0.00206310982966,0.120818463909,0.00784263390542,0.849018676518,0.0024433278935,0.0136419775489
C002734,0,0.117331803827,0.00319968533029,0.00381686079368,0.00384287959796,0.0577440650392,0.787517685147,0.00474679865502,0.0218002216102
C002736,4,0.00295429105619,0.00295596648044,0.954652652541,0.00290151643788,0.00295200411607,0.00249540529733,0.00374353453355,0.027344629537
C002737,4,0.0470918170692,0.0117665883413,0.214229434418,0.00607039267443,0.543013932456,0.0117650639992,0.0139401550675,0.152122615975
C002738,4,0.0410335860441,0.903752002006,0.00188106044112,0.00194370560708,0.038986747289,0.00197905895547,0.00210618890686,0.00831765075012
C002739,4,0.00755522751523,0.00755951220188,0.00717166607929,0.00726084090286,0.741668311669,0.00755522751523,0.00853765436204,0.212691559755
C002740,1,0.0196784961863,0.804590285668,0.0136129970766,0.0137509200173,0.0137592075005,0.0134256077863,0.0171524638157,0.104030021949
C002741,3,0.0371171371268,0.033764232024,0.167918634735,0.0714067428369,0.031296438068,0.0606735793756,0.0465583265654,0.551264909268
C002742,0,0.166381189415,0.0103415568576,0.0102155359245,0.278315095889,0.0103415568576,0.0675325436427,0.403131917341,0.0537406040715
C002744,3,0.147033867742,0.0332604621041,0.0323139022532,0.0287284272198,0.0398803719813,0.150410270972,0.277653120518,0.290719577209
C002746,0,0.0150407779348,0.0155011370617,0.0153081947482,0.0286822339218,0.0155011370617,0.0155011370617,0.800353236442,0.0941121457686
C002747,0,0.861574358325,0.0188936585899,0.00700072458266,0.00688206995095,0.00688206995095,0.00688206995095,0.0103081789907,0.0815768696591
C002749,0,0.0223130459812,0.0240743543313,0.024579756162,0.501650209637,0.0240743543313,0.0240743543313,0.0344871642988,0.344746760927
C002751,3,0.00259371537271,0.00259371537271,0.0025388153717,0.00569280489752,0.00259371537271,0.00232121779624,0.00357980663445,0.978086209182
C002753,4,0.0190246587714,0.0190354479502,0.0185524929943,0.22835651205,0.0190099316322,0.617532456385,0.0208035556743,0.0576849445428
C002755,4,0.00533520190904,0.237300422082,0.00516256559198,0.678038178003,0.0178445039185,0.00533520190904,0.0350606986071,0.0159232279801
C002756,1,0.0628222229139,0.0223259689564,0.0174729675899,0.0323000548163,0.216426244982,0.0750582333337,0.037350403844,0.536243903564
C002757,3,0.00346685208531,0.119362693544,0.00347567009267,0.790018061548,0.0663621342305,0.00346685208531,0.00456814256124,0.00927959385291
C002758,3,0.0344552268308,0.0344552268308,0.0350039097184,0.0344552268308,0.0344552268308,0.0344552268308,0.0435346354498,0.749185320678
C002760,1,0.00313785310082,0.00725075780864,0.00715268362304,0.00712680217768,0.250689785638,0.687794940222,0.00329963312148,0.0335475443085
C002762,4,0.514050424133,0.0102754943303,0.0752338595098,0.0100906284177,0.0102662098459,0.010274163157,0.333953341309,0.0358558792971
C002764,4,0.00475518167002,0.00475787840726,0.0320411326527,0.00518865110271,0.302922346406,0.634183577037,0.00522307078716,0.0109281619367
C002766,2,0.210505693624,0.187351238529,0.0428379069864,0.0204345702492,0.0929068176156,0.0940849080815,0.257445837218,0.0944330276966
C002767,0,0.00158183387435,0.00164932616796,0.449650391536,0.00149650765976,0.00164932616796,0.00164932616796,0.538514703141,0.00380858528526
C002768,0,0.018943290288,0.0186566099967,0.019010622818,0.0186566099967,0.0149699417661,0.0186566099967,0.100128799995,0.790977515143
C002769,4,0.0164589504136,0.00931825355636,0.612600367801,0.00623525121254,0.0156079249796,0.0103804796529,0.0170033541748,0.312395418209
C002770,0,0.0164205268908,0.0107273259642,0.00598860656918,0.0129582005659,0.0205627222781,0.113997161698,0.0130581814389,0.806287274595
C002771,0,0.326575246629,0.0112967148464,0.477140085754,0.0112967148464,0.0112967148464,0.105986777424,0.0127243195358,0.0436834261179
C002772,4,0.00906329968531,0.881735317885,0.00875582475944,0.0089013954679,0.0280439418108,0.00906329968531,0.0100201390829,0.0444167816236
C002773,1,0.0028497973888,0.00466041384858,0.535472889951,0.266428627327,0.146059232054,0.00466041384858,0.00569423085095,0.0341743947316
C002775,3,0.0081103859793,0.318388782889,0.0170230955853,0.00601224696653,0.0081103859793,0.0193133178938,0.0104228789117,0.612618905795
C002778,3,0.0208364983949,0.0458209749909,0.0205259176169,0.694743301055,0.0322064536672,0.0120240112803,0.0185195171394,0.155323325855
C002779,4,0.402037091771,0.00665837742012,0.0101991990476,0.156936699893,0.0105321012089,0.185504617298,0.184485048364,0.0436468649967
C002780,2,0.00150490515351,0.969074728021,0.00150074960333,0.00143762705237,0.00149923907858,0.00130066186961,0.00179308628588,0.0218890029355
C002783,2,0.91512935039,0.00719897470376,0.00903051528,0.00851712451465,0.00380394802209,0.00388926459793,0.0108470260301,0.0415837964618
C002785,3,0.00872160849306,0.00498728433915,0.00508560318595,0.00147131876319,0.00427415319184,0.0269608961791,0.00699795892743,0.94150117692
C002786,3,0.00383447901861,0.941814473001,0.0038442320924,0.00383447901861,0.00383447901861,0.00383447901861,0.00451778409299,0.0344855947394
C002788,3,0.0214306184149,0.0105324689331,0.0105592584777,0.0105324689331,0.370771437187,0.517538856725,0.0161727439691,0.0424621473602
C002789,0,0.00798370183682,0.0313788833408,0.0128415254739,0.0195813657471,0.12934099897,0.00953755963994,0.0233460351281,0.765989929863
C002790,2,0.00585898181846,0.750156028138,0.00590698430554,0.00560580301322,0.132418640115,0.0176530827685,0.00723909329249,0.0751613865479
C002793,3,0.0182113172039,0.0277644332996,0.0278350526889,0.0277644332996,0.0855459011269,0.607642607074,0.03567796915,0.169558286157
C002794,2,0.00923464635601,0.0127360749109,0.0135857654286,0.015006968189,0.00843970091747,0.818918613532,0.0191639188792,0.102914311787
C002795,3,0.58563451722,0.0187663661385,0.0185634238995,0.0187663661385,0.0187663661385,0.120942762002,0.0262770421168,0.192283156346
C002796,4,0.00154381631559,0.00154469183776,0.00220512593885,0.00151623801838,0.970857116267,0.00154381631559,0.00161738181953,0.0191718134877
C002797,2,0.00305080160219,0.00280518125673,0.00265110253198,0.00884284894291,0.00459660982672,0.00467126705746,0.00406260436594,0.969319584416
C002798,4,0.0239420006553,0.0167493543419,0.603460299848,0.165444246787,0.0517167069027,0.023747896368,0.0332096067511,0.0817298883464
C002800,0,0.0406126729483,0.00476235444431,0.181200243092,0.00642564041631,0.00476235444431,0.00476235444431,0.0060252907652,0.751449089445
C002801,1,0.0204695293971,0.0733603918862,0.00853355780334,0.0387986887132,0.0680518698515,0.297010808469,0.0159576664373,0.477817487442
C002802,0,0.00497402232033,0.00424565616791,0.0149008545503,0.374311495526,0.00518624952088,0.00518624952088,0.572764399505,0.0184310728881
C002804,4,0.0297409492271,0.0399035452386,0.536279016348,0.0391856425205,0.0398674901514,0.0206961398286,0.0435055757621,0.250821640924
C002805,2,0.071268431936,0.00661267832506,0.00676333985167,0.00868640529988,0.00675749869973,0.0212247209244,0.00743334853056,0.871253576433
C002808,0,0.00372347927556,0.00450400491176,0.00411869989574,0.00417061140453,0.0271365759131,0.00532209766744,0.00491089510559,0.946113635826
C002809,3,0.0120565756094,0.0120565756094,0.014185555263,0.85049068751,0.00924833154358,0.0120565756094,0.014815921616,0.0750897772392
C002810,4,0.432987092675,0.0179551993043,0.0175759845204,0.124903577733,0.0187380382335,0.017945022404,0.282872207406,0.0870228777244
C002812,0,0.301535994838,0.00446168786447,0.0741904845634,0.00446168786447,0.00446168786447,0.599074721977,0.0055638699465,0.00624986508236
C002813,2,0.00371542831031,0.00371195906884,0.00372898324222,0.942777110758,0.00374652160311,0.00338739790596,0.00459775456778,0.0343348445436
C002814,1,0.00319400050989,0.0246671736049,0.00316909781001,0.00319974202336,0.935802018962,0.00321086704729,0.0038473660304,0.0229097340126
C002816,0,0.0473234532589,0.0490770834225,0.296970070184,0.0490770834225,0.288845387161,0.120538526294,0.0539957857804,0.0941726104769
C002817,2,0.00942286019273,0.262303520887,0.00953981121402,0.00872819094764,0.655210791335,0.0085113282302,0.0113312609554,0.0349522362372
C002820,0,0.285348739154,0.00851708508625,0.00841107311477,0.00940105545506,0.00851708508625,0.654036843647,0.0103424114432,0.0154257070132
C002821,2,0.795776120013,0.00360356022627,0.00410558133877,0.0946485984441,0.00401705388669,0.0677203137478,0.00450555852259,0.0256232138207
C002822,0,0.804113959115,0.0135665343063,0.00981675112426,0.00987198216852,0.00987198216852,0.00987198216852,0.0106787759927,0.132208032956
C002825,1,0.0135889776238,0.0278032073726,0.111806623509,0.278410003202,0.0353304056733,0.425330251464,0.0149751073583,0.0927554237967
C002826,0,0.00638331753325,0.00661985940413,0.006539190616,0.530107127479,0.00661985940413,0.0851723085218,0.300636697048,0.0579216399933
C002829,1,0.0283504386868,0.00835940222099,0.0082463324445,0.297336694884,0.00833490219555,0.597883569826,0.0100046198358,0.0414840399066
C002833,2,0.00329594868146,0.95389535568,0.0029340778038,0.00318113475727,0.00624414851462,0.00155599786109,0.00333814759081,0.0255551891108
C002834,0,0.00471791871213,0.0043584782073,0.00487590871546,0.00491921870964,0.142587656663,0.00491921870964,0.81609492389,0.0175266763931
C002835,3,0.07042258299,0.0207710460229,0.0215039712506,0.0211549766702,0.135366676567,0.0180888426903,0.0184229519412,0.694268951868
C002836,0,0.0321558207417,0.0111938619189,0.547105725891,0.0111938619189,0.0111938619189,0.0111938619189,0.342265118244,0.0336978874477
C002838,3,0.00433383990431,0.00299272652199,0.00384551260571,0.00383575628316,0.0154109768582,0.951750715652,0.00459094558316,0.013239526591
C002839,1,0.0192762933065,0.0247025717292,0.370854798815,0.0242818904022,0.0246301725767,0.0782808288122,0.375230440781,0.0827430035766
C002840,4,0.00107819931237,0.000505711887327,0.00104220260342,0.00105893866537,0.00102190650844,0.00121061031848,0.00108481557127,0.992997615133
C002842,0,0.0250380201734,0.0266335974851,0.0263430281738,0.0266335974851,0.0266335974851,0.189511116515,0.0279511047436,0.651255937939
C002843,4,0.155274592026,0.0757652261259,0.00989269351845,0.0243355725589,0.0102155913301,0.537233758254,0.157552829208,0.0297297369793
C002844,0,0.112672069496,0.0193584035529,0.0195920871382,0.0193584035529,0.63375111113,0.0193584035529,0.0306400428334,0.145269478744
C002845,1,0.0190113072446,0.0246392297579,0.37754209248,0.025061460974,0.0208017058061,0.0157564546305,0.0441620482351,0.473025700872
C002846,0,0.026647247399,0.0292850326689,0.0280738740364,0.0292850326689,0.0239040347409,0.0292850326689,0.0321302971926,0.801389448625
C002847,3,0.0165664900537,0.0183229429382,0.0176229513603,0.0183229429382,0.0467495812831,0.354606687595,0.0252956728914,0.50251273094
C002849,1,0.0122740934784,0.0123389092027,0.766144330053,0.0122953356772,0.0145565720038,0.106213034023,0.0146495992979,0.0615281262641
C002851,4,0.0316923956235,0.0317103688724,0.0305057559099,0.0311262516485,0.0544343054006,0.0316923956235,0.0334454394679,0.755393087454
C002852,1,0.0116693501207,0.00951725577695,0.0447861437732,0.584101643763,0.00845002087927,0.23284984719,0.0138889161618,0.0947368223354
C002853,0,0.00988873118311,0.0103106548499,0.695450429295,0.0988105540282,0.00822080789139,0.0103106548499,0.0109423297006,0.156065838202
C002855,2,0.0159978807184,0.759162213357,0.0101172699905,0.128278911567,0.0101224999437,0.00920920466507,0.0125007106884,0.05461130907
C002856,3,0.0278204672634,0.0278204672634,0.0201420413882,0.0278204672634,0.18941364644,0.0983130219236,0.34811612558,0.260553762877
C002857,4,0.00550048441406,0.045719921657,0.00538546820121,0.0142257412325,0.868365727321,0.0383193334092,0.00602580467932,0.0164575190852
C002859,1,0.0734653123576,0.813179025837,0.00239944137665,0.00242375182121,0.00242521258183,0.0403858828903,0.0504410363328,0.0152803368026
C002860,0,0.222241453156,0.0856364315978,0.0218150704628,0.0579064851914,0.019873968691,0.367975517446,0.0317572296115,0.192793843844
C002861,1,0.000698899556857,0.00148759380749,0.00131502510664,0.00110477805308,0.00132914913659,0.000772652260072,0.0016480119409,0.991643890138
C002862,2,0.0109206815934,0.487426954123,0.0180600692901,0.0104231476957,0.373051917764,0.0194075147712,0.0117125930072,0.0689971217559
C002863,1,0.0297678896402,0.0221490647894,0.0301030481481,0.029646440985,0.0298373792642,0.0299250847385,0.0332533856599,0.795317706775
C002865,4,0.00192728028141,0.00700956723697,0.0174561446364,0.00897533754912,0.317951911292,0.196662431266,0.00927466871108,0.440742659027
C002866,2,0.00487329464817,0.744640365891,0.0331464603554,0.0108092694682,0.150943424101,0.010306805718,0.013363590942,0.0319167888769
C002869,2,0.00590647322656,0.00413423458132,0.00597978091254,0.00658102666338,0.00267705263262,0.0275858060692,0.0145779540697,0.932557671845
C002870,0,0.0279844087881,0.000625801338287,0.000635355869364,0.000625801338287,0.000625801338287,0.000625801338287,0.96492266487,0.0039543651197
C002871,0,0.00159234517824,0.00302668425826,0.840067136201,0.0783477240842,0.00302668425826,0.0635600529017,0.00397672947017,0.00640264364862
C002876,0,0.00683821983981,0.00737800332408,0.038860000469,0.00737800332408,0.00737800332408,0.00737800332408,0.00730698279254,0.917482783602
C002877,0,0.00304293112816,0.225718974816,0.00312732960045,0.551261165391,0.201010059498,0.00315569077364,0.00374647475772,0.00893737403532
C002878,2,0.0270923482222,0.0188445478846,0.00498740363151,0.00382601232861,0.00414465267155,0.00298199453199,0.00640097864355,0.931722062086
C002879,1,0.0183457644505,0.0058133964262,0.0862900617355,0.00574231376467,0.0488558050852,0.213213042681,0.588966428591,0.0327731872664
C002880,2,0.0316155397269,0.031274328981,0.278030414024,0.0304325850146,0.0315655283308,0.0274375292955,0.0370111903455,0.532632884282
C002881,0,0.00443115561294,0.0134576875395,0.535654951064,0.0104642924936,0.0229623272551,0.0258514057701,0.342917700214,0.0442604800508
C002883,1,0.0140459664791,0.115906042914,0.122353232292,0.587642135145,0.0569019873227,0.0141201389215,0.0164549220816,0.0725755748444
C002884,2,0.00226007301167,0.00286257662093,0.0501885828832,0.00218807614183,0.0492776603848,0.883192776439,0.00247143869309,0.00755881582564
C002885,1,0.00875579590767,0.00880203258131,0.895679805574,0.0086521352027,0.00877623527949,0.00880203258131,0.0105314596988,0.0500005031744
C002886,4,0.0122650231081,0.0141399050083,0.00905377913906,0.00371463642663,0.0277033984763,0.011034837282,0.0144290790471,0.907659341513
C002887,4,0.828967260776,0.00190534538187,0.0023599241763,0.143620161882,0.00241102004179,0.00241288787742,0.00259074987103,0.015732649994
C002888,3,0.0791144857484,0.0366252279787,0.0170584613976,0.0286352151994,0.0135492252967,0.0051236397312,0.0300513563709,0.789842388277
C002889,0,0.00531122548701,0.00845701284735,0.00857505503413,0.0210982521502,0.733852799314,0.162928451529,0.00984398009901,0.0499332235397
C002890,1,0.01592856931,0.000540112047883,0.000421893431078,0.0092571741569,0.000538529068795,0.970043182989,0.000680340284487,0.00259019871214
C002891,4,0.361516193881,0.0202589878671,0.572539352764,0.0047402667186,0.00482274947054,0.00482648569136,0.00528933569507,0.0260066279124
C002892,2,0.00193567543527,0.14880244706,0.00145944325696,0.00133965765703,0.0014647845093,0.0012832584524,0.00168342309322,0.842031310536
C002893,4,0.0915456623018,0.0278510696424,0.0203571764765,0.0294755341836,0.0218395091283,0.560246746509,0.0378060215386,0.21087828022
C002894,1,0.0500199126906,0.0502840525134,0.0505830899766,0.050062567779,0.0501366782713,0.0502840525134,0.0618037371448,0.636825909111
C002895,0,0.96095611188,0.00195563215198,0.00184778926642,0.00195563215198,0.00195563215198,0.00195563215198,0.00224232222527,0.02713124802
C002896,1,0.0152932907931,0.760724295041,0.0151660996496,0.0153966630343,0.080108943312,0.0153740499728,0.0184500556352,0.0794866025623
C002898,0,0.00449075254428,0.118919354515,0.00462407878341,0.788912015915,0.00438044730912,0.0530420437959,0.00517680258772,0.0204545045499
C002899,3,0.00672523172955,0.00672523172955,0.0181086332995,0.00672523172955,0.00672523172955,0.00672523172955,0.172731299658,0.775533908394
C002900,3,0.00859480670421,0.00859480670421,0.0102473680881,0.00859480670421,0.326865003276,0.605283747155,0.0116209776033,0.0201984837654
C002901,3,0.00801376441217,0.00908427023963,0.00888495223597,0.00908427023963,0.00908427023963,0.8955234729,0.0108119027004,0.049513097033
C002902,1,0.00566567180802,0.00569559048373,0.426760604056,0.00567585638091,0.512542911331,0.00569559048373,0.00705511851695,0.0309086569402
C002903,3,0.0835397642662,0.0101922476824,0.104739881476,0.0101922476824,0.0101922476824,0.0173846876275,0.0131045644959,0.750654359087
C002904,3,0.00970917300652,0.0153175794062,0.0108758731677,0.139726024022,0.227675095418,0.0430375900392,0.0185298507417,0.535128814198
C002906,2,0.00876278075178,0.000900915588744,0.00152970733192,0.000750525664168,0.00162147819878,0.00121370330891,0.00224764292991,0.982973246226
C002907,2,0.0119764307433,0.0120194285762,0.012293276081,0.0283457902265,0.00690937413144,0.0316139905791,0.0224439847441,0.874397724918
C002908,0,0.00164523130456,0.141855288988,0.0313243720613,0.00171542858386,0.817519635811,0.00107731620598,0.00150124523967,0.00336148180605
C002909,3,0.0304880785174,0.0304880785174,0.129830762608,0.0304880785174,0.0304880785174,0.0304880785174,0.0368181742156,0.680910670589
C002910,3,0.00186664013338,0.00186664013338,0.00182712980534,0.00186664013338,0.00186664013338,0.00186664013338,0.928859592763,0.0599800767648
C002912,1,0.00245469978021,0.00383227772657,0.84872001631,0.00491549817514,0.00491846067572,0.100141477358,0.005730767605,0.0292868023694
C002913,4,0.00512217965949,0.0103210300191,0.00414946578135,0.00427077707907,0.00428267194066,0.0022116981531,0.00476943338787,0.964872743979
C002914,4,0.0856411027886,0.0639843302235,0.00482576396871,0.00486018087085,0.00694280685918,0.00279308781072,0.785832393984,0.0451203334945
C002916,4,0.0155034314228,0.0157803450114,0.123147087105,0.0225020780486,0.0223360242321,0.31440866166,0.432289220686,0.0540331518337
C002918,2,0.0059772833339,0.0057365328801,0.00618802873692,0.00956598560161,0.00605459807941,0.00526211225573,0.929552465132,0.0316629939799
C002919,3,0.00826021749039,0.00709334730172,0.0120628416915,0.0120322374557,0.0120322374557,0.0362128763009,0.0377156946067,0.874590547697
C002920,2,0.00280679939879,0.0221583573053,0.00213365800943,0.00194962366851,0.959611918176,0.00193485349526,0.00261998270408,0.00678480724255
C002924,2,0.00979713706442,0.00983231078789,0.65771622042,0.00899218474827,0.0118715857585,0.248509382781,0.0118685029796,0.0414126754601
C002925,4,0.0330996224182,0.0570619110938,0.00650078685058,0.00680570270535,0.00692412496327,0.681251883348,0.00742855404978,0.200927414571
C002926,2,0.00281570517481,0.000613398327396,0.000869903562415,0.000817030384357,0.000580988621844,0.000850345094482,0.00106050098017,0.992392127855
C002927,3,0.00127292199756,0.880773407442,0.00310091358711,0.0031348139252,0.0881391063097,0.0029935086,0.00410921895911,0.0164761091791
C002928,1,0.00562279438031,0.00565248663347,0.00407355237889,0.00563290187704,0.00563592012995,0.894879562567,0.00694543228419,0.0715573497495
C002930,1,0.779547632042,0.00354882915132,0.00899474315664,0.0239614803848,0.0277084234986,0.00721855877004,0.01074146076,0.138278872237
C002931,3,0.0469836904559,0.0366231545576,0.517701268977,0.0101609354667,0.267721976903,0.0101609354667,0.0179030846138,0.0927449535593
C002932,0,0.00549858307449,0.00584898675415,0.00577771172481,0.927297857774,0.00742346538358,0.00584898675415,0.00771649529002,0.0345879132453
C002933,0,0.37642830953,0.0165877619972,0.00995892508511,0.0146528321114,0.211163358311,0.0187495597179,0.0240793409364,0.328379912311
C002934,0,0.000838481688076,0.00346820964823,0.00178165161668,0.00180363043411,0.000472501130942,0.00181774359077,0.00178145514717,0.988036326744
C002935,0,0.00143445007509,0.00149565392665,0.838888887441,0.00149565392665,0.130898790518,0.0207576782759,0.00195579904418,0.00307308679302
C002937,2,0.0115656039082,0.270314196375,0.0119154740416,0.0110381229814,0.487798450405,0.0103842269474,0.0133931499601,0.183590775382
C002939,2,0.0249586735332,0.0101754754157,0.00541851527776,0.00491837623873,0.894835071395,0.00524993405019,0.00689944056207,0.0475445135279
C002940,2,0.00326230717169,0.00327401952087,0.00270961095568,0.482172311321,0.480520915724,0.00289700890296,0.00373674014877,0.0214270862548
C002941,2,0.00525108931725,0.143652746632,0.00530114790328,0.00474018979275,0.00523131859255,0.793629247091,0.030374673638,0.011819587033
C002942,0,0.017551798043,0.00530960520836,0.00526049530088,0.170352105406,0.00530960520836,0.434852800439,0.301841690779,0.0595218996159
C002943,4,0.0361298817466,0.0361503715625,0.0349346764478,0.0354844677768,0.0189848727021,0.0385974440609,0.0404737685001,0.759244517203
C002948,3,0.00213735122191,0.00517981655723,0.00440119091878,0.73855814052,0.00212232540207,0.00439002480322,0.226217480658,0.0169936699188
C002949,1,0.0751573100559,0.596351430155,0.00836157877379,0.0742694036729,0.0640261738722,0.00532253184347,0.0101303209051,0.166381250722
C002951,4,0.031326191887,0.0723174706341,0.0452995919726,0.0457407229052,0.215009240905,0.0384213552099,0.0515465748435,0.500338851643
C002953,0,0.00946120643406,0.882569297039,0.0100135812643,0.00369323595917,0.00597088584366,0.00991387925785,0.0103098858298,0.0680680283718
C002955,3,0.021403059478,0.021403059478,0.020775879089,0.021403059478,0.17301521,0.021403059478,0.0248011576783,0.695795515321
C002956,0,0.0234483458304,0.00316059304543,0.0027244148673,0.377153747816,0.574157089825,0.00259192264129,0.00328375389876,0.0134801320766
C002957,4,0.0117593412721,0.0117660101768,0.131090735654,0.0115492757318,0.0117502382728,0.0117593412721,0.673508477178,0.136816580442
C002958,3,0.614069425277,0.0139537094447,0.0139892009827,0.0139537094447,0.0111408903345,0.28261721708,0.0169320353084,0.0333438121278
C002961,2,0.0424298621464,0.0134084904761,0.013469985892,0.012895111449,0.00392912452403,0.0140080017643,0.837550484325,0.0623089394233
C002962,4,0.0341968437542,0.0579961877857,0.0557930295741,0.0569278756402,0.0276925819153,0.0354299988977,0.0719812587898,0.659982223643
C002964,2,0.00296687825373,0.960935225326,0.00300370140877,0.00285650386255,0.00294814151677,0.00269100923214,0.00382950598693,0.0207690344133
C002965,3,0.0450300115642,0.695049314246,0.0157660958739,0.0156610500274,0.0122742546292,0.0336876035702,0.0198408324814,0.162690837608
C002966,3,0.00825630334166,0.00825630334166,0.142578034133,0.0143387507779,0.00825630334166,0.175950698052,0.511408379687,0.130955227326
C002967,1,0.00721318354223,0.00485021542752,0.00630806310411,0.00541249637052,0.260616366691,0.00639455625609,0.677853225161,0.0313518934475
C002970,1,0.00827886307163,0.00832258120919,0.0231150597138,0.33354981655,0.00829818910005,0.00832258120919,0.527008915107,0.0831039940391
C002971,3,0.00368170563559,0.00368170563559,0.00333648479608,0.00308635529124,0.00368170563559,0.0778870815748,0.00429670411083,0.90034825732
C002972,1,0.027172652397,0.0176200077073,0.302501670194,0.250870649585,0.0220329733022,0.0273161428432,0.047120368557,0.305365535414
C002973,3,0.00180952638362,0.0415450952809,0.00399199600319,0.0238086299972,0.00170370990235,0.00398186804249,0.00506688602993,0.91809228836
C002974,2,0.0546817962039,0.0140023300242,0.0146674012687,0.654743300767,0.0223115200712,0.0676860382376,0.015407387407,0.15650022602
C002975,1,0.00427375841671,0.468672154461,0.00423821444991,0.00422287879109,0.00428373500117,0.00859961821113,0.430669931253,0.0750397094154
C002977,4,0.0156134801584,0.015615503121,0.0150837885647,0.0149171993496,0.638146857862,0.0853644828313,0.0173201153871,0.197938572725
C002979,0,0.0295622686408,0.297985183782,0.0302608107482,0.0304670928618,0.0913869097641,0.0304670928618,0.039359775688,0.450510865654
C002985,0,0.00737847856628,0.259301460184,0.0144405602889,0.0194328919874,0.0103229580585,0.015319617698,0.0228478396799,0.650956193537
C002986,0,0.836255794131,0.121895099732,0.00489676153571,0.0063203975911,0.00419556532321,0.0063203975911,0.00762525814028,0.0124907259551
C002987,4,0.547507398141,0.00877975274347,0.0552276352582,0.307092662845,0.00877181974531,0.00877861534102,0.00965952602218,0.0541825899031
C002988,2,0.00396988210282,0.00398413479056,0.00385442459962,0.00388981805147,0.0810062260176,0.863291369798,0.00480875139263,0.0351953932473
C002989,1,0.00308427041421,0.0086939537521,0.00437929030117,0.0860062129472,0.00442400593443,0.00443701007719,0.00337113358958,0.885604122984
C002990,2,0.0152528589946,0.0103656726327,0.0581535262338,0.0657273411474,0.00771918141589,0.00725812057459,0.0120549023317,0.823468396669
C002994,2,0.022426350248,0.0225068654268,0.0219480928789,0.0206609198666,0.0227164297817,0.641730019382,0.0269979400492,0.221013382367
C002996,1,0.00400157102574,0.00402270209545,0.0039682907853,0.00395419604375,0.00401091222087,0.00402270209545,0.941222798726,0.0347968270078
C002998,2,0.664067057171,0.0124274380546,0.0127105815401,0.0117746857334,0.161303997634,0.011221109329,0.0156986906364,0.110796439901
C002999,0,0.0186423532564,0.0198303591645,0.0201331226316,0.0198303591645,0.0735529058436,0.0198303591645,0.0193986091069,0.808781931668
C003000,0,0.042327966188,0.00713459584623,0.016269635928,0.0172198548144,0.00670256220003,0.805489339005,0.0121171360049,0.0927389100135
C003001,1,0.00797294627187,0.0319247616793,0.403945820808,0.48184235644,0.00929479885322,0.00801504895661,0.00973188651192,0.0472723804792
C003002,3,0.802142761548,0.0069975816271,0.00663689890246,0.00914744491754,0.042981772906,0.00914744491754,0.012175411922,0.110770683259
C003003,4,0.101270007725,0.0986268798987,0.00785279058616,0.0103279354809,0.00589451249632,0.00775264587964,0.0193616339495,0.748913593984
C003004,3,0.00651168390132,0.0177175450967,0.0185336827079,0.00651168390132,0.0123027299154,0.00651168390132,0.013894399326,0.91801659125
C003005,2,0.0271238628278,0.344111207187,0.0274605083255,0.0258548609295,0.310921659897,0.0260611367202,0.0315447435103,0.206922020603
C003006,1,0.0269813151862,0.0397782560424,0.0267169323439,0.430656668516,0.026989731009,0.0270690659646,0.0332983047039,0.388509726234
C003007,2,0.0136087460858,0.116299843186,0.348699842217,0.0129186406939,0.0137847719961,0.0119541500788,0.0172236903725,0.46551031537
C003008,4,0.480371031294,0.00413137906448,0.0040426984373,0.00405527746882,0.445906913164,0.00412903742335,0.0483079087964,0.00905575435075
C003009,2,0.724431191956,0.0161753041147,0.0165438379964,0.0235978977862,0.0191204032713,0.0150711056126,0.0191396319685,0.165920627295
C003010,0,0.0237119215272,0.0258830205892,0.0230045711567,0.0258830205892,0.0258830205892,0.0258830205892,0.013490543486,0.836260881473
C003011,0,0.00503491590869,0.0052497412632,0.567462172737,0.0516993797892,0.346995572582,0.0052497412632,0.00579612980778,0.0125123466491
C003013,3,0.00588527713781,0.0127773193182,0.0125868655433,0.0107344864514,0.558475905994,0.356888698509,0.0156356931992,0.027015753847
C003014,3,0.023808403404,0.0231954699507,0.0248684063291,0.0153891841462,0.0212879905252,0.721923628279,0.0322571184116,0.137269798954
C003015,0,0.00434167235471,0.00453854080249,0.00387537685077,0.00453854080249,0.00453854080249,0.00414897968107,0.920592316193,0.0534260325128
C003017,0,0.0191782317403,0.0205876997869,0.0204266490085,0.452868069702,0.0205876997869,0.0205876997869,0.0259454512596,0.419818498929
C003019,3,0.0084042377769,0.0404967014443,0.00842561412314,0.864051499327,0.00971826367988,0.00978571319187,0.0104404697861,0.0486775006707
C003020,3,0.160985646632,0.0109078483651,0.0483790788242,0.503941913237,0.0109078483651,0.234504393824,0.0141202526512,0.0162530181011
C003023,1,0.0115047938309,0.00334852530449,0.00811935752487,0.237259952886,0.00527284828018,0.00816750769469,0.00956576004923,0.716761254429
C003024,3,0.0172086019897,0.0172086019897,0.0172523724117,0.366688798929,0.137282495616,0.379524662843,0.0230407024969,0.0417937637238
C003025,1,0.00573612385459,0.00576641456595,0.898029722924,0.00733680201425,0.00574951415851,0.029584144244,0.00665675303028,0.0411405252087
C003026,3,0.0061901947885,0.0243308004913,0.799720837235,0.00692972814646,0.00669850458779,0.094895699341,0.0125495456854,0.0486846897242
C003027,3,0.00409950146098,0.164816380563,0.013207315675,0.00475173560577,0.00267414166152,0.00475173560577,0.766272644748,0.0394265446801
C003028,0,0.0118426676743,0.86325797156,0.0155445288325,0.00530891481023,0.00799577595812,0.0233172664023,0.0159021056325,0.0568307691301
C003031,2,0.0707546536741,0.0037241704243,0.00380902094536,0.00350568298706,0.0184112828981,0.00433014219594,0.00432885292782,0.891136193947
C003034,0,0.00945089660999,0.01100386535,0.51615904056,0.01100386535,0.396728924645,0.01100386535,0.00951810324467,0.0351314388909
C003035,0,0.019462984361,0.0134139099576,0.0159881797844,0.0201842097598,0.0201842097598,0.748435855053,0.0197667314306,0.142563919893
C003036,1,0.0120183604554,0.618176932667,0.0213455123136,0.0325604264998,0.0132378058156,0.0846365201836,0.023869138513,0.194155303551
C003037,0,0.0239267493255,0.00888883618923,0.00912519463656,0.217335063562,0.00888883618923,0.670274853803,0.0100265214745,0.0515339448205
C003038,1,0.036743145112,0.00617696361364,0.00291487142621,0.00607136507591,0.356075946611,0.00617696361364,0.00282797705534,0.583012767492
C003039,4,0.0012347407775,0.00145337209146,0.00280380319452,0.00151388394001,0.00245445456362,0.0030499273979,0.00423781957308,0.983251998462
C003040,3,0.0415890935586,0.0520223394188,0.0456601312419,0.0489519832886,0.156929908332,0.0520223394188,0.0654605499922,0.537363654749
C003041,0,0.0021323914473,0.0044966697308,0.00821074681159,0.0044966697308,0.00536967508396,0.00702283922887,0.00475141666328,0.963519591303
C003042,1,0.117231545987,0.135326434132,0.00488834121274,0.588972757206,0.00455231307226,0.0094232234323,0.0111650144875,0.12844037047
C003043,4,0.708543464102,0.12364271432,0.0150258823921,0.015250954246,0.0228875823466,0.0172558727928,0.0170198741525,0.0803736556477
C003044,1,0.00344589432493,0.00174629756456,0.00118716029425,0.00197759028271,0.00640876181233,0.000407992549399,0.00140832127116,0.983417981901
C003046,0,0.0712675776841,0.028436762397,0.0289686964117,0.028436762397,0.028436762397,0.028436762397,0.0282721951315,0.757744481185
C003049,0,0.0249271887336,0.0222768823276,0.0401577575102,0.430198982788,0.0261198337723,0.0261198337723,0.238546149228,0.191653371868
C003051,2,0.00697399253027,0.00699903058814,0.00715849466328,0.11029936078,0.766426028722,0.00616055345179,0.00841933397912,0.0875632052852
C003054,1,0.0500199126906,0.0502840525134,0.0505830899766,0.050062567779,0.0501366782713,0.0502840525134,0.0618037371448,0.636825909111
C003056,3,0.0809780582678,0.716600320323,0.0128031413594,0.0127706589339,0.0120466533478,0.0859915636039,0.0163130061166,0.0624965980481
C003057,4,0.0762452590503,0.0060243821273,0.00955363929747,0.0417940078106,0.0165105435387,0.00375386951533,0.0119490885466,0.834169210114
C003058,2,0.00428889994581,0.411845427923,0.00432403879256,0.00408824186818,0.0297815865613,0.00376554450165,0.523568090732,0.0183381696747
C003059,1,0.11593198176,0.022818337681,0.0225215005504,0.146101633732,0.107731877515,0.0139321453501,0.383694146404,0.187268377007
C003060,2,0.0469331557585,0.112368521475,0.0349371193813,0.0388683675067,0.0349551795398,0.566147044288,0.0320961298616,0.133694482189
C003062,3,0.00246476299311,0.00246476299311,0.00179494048011,0.871005349571,0.00246476299311,0.00246476299311,0.0935265557395,0.023814102237
C003064,2,0.0815767542881,0.0100164103151,0.0204289253836,0.00973568005545,0.395850953306,0.262894090591,0.0245089624355,0.194988223625
C003065,4,0.00708235360738,0.00625806306174,0.00606993359901,0.00614278712668,0.88929972002,0.00997396835382,0.00672645177494,0.0684467224568
C003066,2,0.00767433053872,0.0077018829531,0.00749067911877,0.174779712857,0.695869871512,0.0724161093717,0.00903870390191,0.0250287097467
C003067,1,0.0144293198356,0.0145055166497,0.0143093141603,0.0907905053356,0.0144630033792,0.575831228304,0.0112730565857,0.26439805575
C003069,4,0.00662753113921,0.0425895419478,0.879154177651,0.00650913880092,0.0104081064123,0.00662753113921,0.00844300631447,0.0396409665955
C003071,2,0.167209831716,0.650214434703,0.00853230437424,0.00795831660937,0.064784995998,0.00766444348977,0.0778237887179,0.0158118843914
C003072,0,0.00232981757552,0.00107699613394,0.00157032771564,0.00107699613394,0.00107699613394,0.00401419763017,0.000649265689336,0.988205402988
C003073,4,0.0215906361103,0.0375333925899,0.0336066899056,0.0368420130233,0.0374830804573,0.0375121188857,0.0392633123051,0.756168756723
C003075,2,0.00785783241784,0.00788604364146,0.487467703358,0.00749020025874,0.376038755302,0.0706884332169,0.00869548938416,0.0338755424205
C003076,0,0.0068718692335,0.00701229993525,0.00942900116705,0.864128325434,0.0413745978573,0.00728491375056,0.00784134855161,0.0560576440707
C003079,4,0.00973757847411,0.11447790166,0.40194330432,0.00956362913148,0.357286577552,0.0542261927832,0.010722687679,0.0420421283995
C003080,0,0.762642377161,0.0093705993507,0.0120501140388,0.0131150486885,0.131581224886,0.0093705993507,0.0101576285817,0.0517124079429
C003082,1,0.0213322375276,0.0119442027011,0.0167631963264,0.0163369478716,0.0077502127626,0.0166553607413,0.0137990842446,0.895418757825
C003083,2,0.0135708975467,0.0217788114464,0.0150925518702,0.279708183758,0.0219815967959,0.383455251629,0.0241951633055,0.240217543649
C003084,4,0.0179625644259,0.00309760246628,0.00299567143892,0.065646181641,0.00309345024408,0.851020558876,0.0212357486645,0.034948222243
C003085,2,0.179254133666,0.0104056549355,0.0106427346453,0.257292836019,0.392060411864,0.00939505099751,0.10815072899,0.0327984488827
C003086,1,0.00511996631477,0.00258631726796,0.518160516238,0.00505901247885,0.437241695058,0.00514700328709,0.00626703213684,0.0204184572187
C003091,3,0.00596644031103,0.667138797024,0.00881098462091,0.0109199569321,0.0125929703312,0.196231160852,0.0132166539559,0.0851230359734
C003093,0,0.132771181126,0.00661234887156,0.0128057824518,0.0267652732775,0.0107307917292,0.529594050178,0.0128025256241,0.267918046742
C003094,3,0.0331692372,0.185125311509,0.10312755913,0.016472343175,0.0116773727094,0.568716974332,0.0172437663738,0.0644674355708
C003095,2,0.394021689505,0.0339706263922,0.0347446042241,0.0310679915559,0.0342869313183,0.0292388280405,0.0301599611098,0.412509367854
C003096,2,0.00247682875162,0.00248572107282,0.0025113936971,0.770854805329,0.00250886594543,0.0021514066081,0.196970637381,0.0200403412157
C003098,0,0.0257715247516,0.026170251443,0.0274727298348,0.0278058324736,0.0278058324736,0.0278058324736,0.0232556689447,0.813912327605
C003099,0,0.0244714570194,0.0196087189002,0.0254815837471,0.134450559321,0.159220160153,0.0185160167527,0.0108587241004,0.607392780007
C003100,1,0.0126306650052,0.00853294253519,0.0481177133499,0.00838706726206,0.00850793389179,0.153734066597,0.0613083395728,0.698781271786
C003101,1,0.00259191698747,0.00222947003361,0.131687938118,0.0716537190076,0.0325524544031,0.0134294027189,0.0107945490364,0.735060549695
C003105,2,0.0216076803221,0.0160115538165,0.0160849876727,0.080666792254,0.019066740194,0.013351532702,0.0193008561921,0.813909856847
C003106,0,0.00326812031388,0.0311305096658,0.929408158741,0.00346455582958,0.00346455582958,0.00346455582958,0.00948733562172,0.0163122081692
C003108,3,0.0211828315716,0.106714958902,0.0212367105257,0.327339905838,0.132565582756,0.237334802614,0.0289942523362,0.124630955456
C003110,4,0.00129650114034,0.00129723640624,0.977638380173,0.0012570070341,0.00129549750854,0.00129650114034,0.00146559546399,0.014453281133
C003112,4,0.0427098552912,0.539062570164,0.0299114892493,0.0301781252947,0.0221334926768,0.0823055887227,0.0327185504751,0.220980328126
C003113,1,0.00135614058497,0.00203582036445,0.00452938709843,0.00200101691294,0.00452625341592,0.0107939352332,0.00234941931091,0.972408027079
C003114,3,0.00270873590415,0.00502841888148,0.0018173860117,0.00270873590415,0.00137384251392,0.00270873590415,0.00340823351116,0.980245911369
C003115,4,0.00938382416602,0.00321525032163,0.00296348991438,0.00383576299657,0.0057706199255,0.00356590021056,0.0139534371603,0.957311715305
C003116,4,0.00457629218082,0.00457888746706,0.00442104021433,0.00449454259405,0.0473662034072,0.00457629218082,0.00495142978847,0.925035312167
C003117,1,0.166096468863,0.0415035111833,0.011742773032,0.0116941497679,0.0126875598344,0.702230146637,0.0149532663579,0.0390921243243
C003118,0,0.0018599121231,0.00200672662595,0.00204224175314,0.00200672662595,0.00200672662595,0.966269215883,0.00229500204959,0.0215134483132
C003119,3,0.0186594301801,0.0186594301801,0.0187845875377,0.0186594301801,0.0186594301801,0.721127655805,0.0219428330008,0.163507202936
C003122,0,0.00580978653804,0.0062523379411,0.0063396074837,0.906503036155,0.0062523379411,0.0062523379411,0.00720234955464,0.0553882064455
C003124,0,0.00304647235586,0.00323787657189,0.0090796950517,0.00122161142041,0.00323787657189,0.00860863462033,0.00368383463023,0.967883998778
C003126,3,0.0124261425245,0.00874561536073,0.0144953029897,0.715225359967,0.0144585274371,0.00710617911574,0.0187177250898,0.208825147516
C003127,1,0.0218672912733,0.0391068109361,0.0385778498627,0.418108620932,0.0389921953408,0.11016385341,0.0472550578814,0.285928320364
C003129,4,0.0112278230337,0.0112341905063,0.607520164828,0.0110272523846,0.262845792925,0.0112278230337,0.0121062600085,0.0728106932795
C003131,2,0.216658974761,0.41681762247,0.0228126264874,0.0885044595123,0.0440248002361,0.0398102036676,0.0392156887842,0.132155624082
C003132,2,0.00845644188416,0.00834688385655,0.00811799257294,0.00835141544811,0.0084246027791,0.00710818303967,0.849826510862,0.101367969558
C003136,4,0.0169402682776,0.0406858391253,0.0183625815992,0.413303767364,0.0466195479382,0.040680568342,0.0437639106481,0.379643516706
C003138,3,0.718238936274,0.00749048657832,0.00757829347672,0.00749048657832,0.00624638637467,0.210939438329,0.00985246169982,0.0321635106889
C003139,1,0.00182928399679,0.212407919355,0.00293769925549,0.00292706941266,0.0364266157219,0.0596531840777,0.673115647255,0.0107025809256
C003140,1,0.25956058353,0.0799618653858,0.00931147805087,0.00938092101547,0.202874128508,0.324220422523,0.0108032820727,0.103887318914
C003142,1,0.229525399074,0.0564307842309,0.0177962391514,0.0112378798104,0.57961026821,0.011300956939,0.0100153762615,0.0840830963229
C003143,4,0.015340385943,0.0153490857136,0.0149484839262,0.613103190306,0.134415001524,0.015340385943,0.0179512454197,0.173552221225
C003144,1,0.0107414985332,0.0778478514386,0.55659900692,0.0131753603972,0.0168118538254,0.206018553316,0.0132577396554,0.105548135915
C003145,0,0.00261263520056,0.00140327509387,0.0013861749571,0.00223441270232,0.000843209384409,0.000994847011114,0.00159708208502,0.988928363566
C003146,4,0.0230941481887,0.0230971403851,0.022346868375,0.0168379906834,0.0239549519305,0.0230941481887,0.205235176381,0.662339575868
C003147,4,0.0414466191222,0.0414701241423,0.161556963484,0.306317800316,0.0414145349658,0.0414466191222,0.0473772606094,0.318970078238
C003148,0,0.000265767255291,0.0008279412398,0.000383472244952,0.00109936209137,0.0008279412398,0.000799943963527,0.000931194512325,0.994864377453
C003149,2,0.294162683748,0.00460247391907,0.00447626320605,0.00436072855524,0.00369712262363,0.662982148424,0.00554118173807,0.0201773977859
C003150,0,0.49899771153,0.0306791400556,0.0157742858401,0.0121965443111,0.0121965443111,0.0121965443111,0.365129192144,0.0528300374968
C003152,1,0.00749756032232,0.0110345145715,0.007439104009,0.00740830093395,0.00490878353099,0.00753715263962,0.152957137768,0.801217446225
C003153,1,0.0159522512906,0.0742878984913,0.258420552782,0.0155056219555,0.536241513711,0.0173941724676,0.0174584387463,0.0647395505561
C003154,0,0.0339206538167,0.293117099822,0.0351700763544,0.035367950378,0.201876050856,0.0207036361155,0.292783217161,0.0870613154963
C003155,2,0.0830289039987,0.0333589005483,0.0342298539772,0.0325691926482,0.0336695096154,0.0300468093828,0.0361712581765,0.716925571653
C003157,1,0.00277427260433,0.0310968704708,0.00275264240176,0.0027548214438,0.00154034486266,0.000698399359799,0.00370337318707,0.95467927567
C003159,2,0.00573884879995,0.0162836930537,0.0163583750233,0.0377590790048,0.510615814028,0.0113513721575,0.0190407099581,0.382852107975
C003160,1,0.00218524715164,0.36580643204,0.00236936591352,0.00215923151244,0.0352812164394,0.00219678677185,0.582385658475,0.00761606169651
C003162,3,0.00411330469502,0.00411330469502,0.949398511847,0.015260418309,0.00177682104234,0.00411330469502,0.00538982943867,0.0158345052779
C003163,0,0.182362714576,0.0155633800086,0.0607911934063,0.00983596693138,0.0141570311224,0.0155633800086,0.0185079415275,0.683218392419
C003164,0,0.00419605274655,0.00768717663005,0.00749374510922,0.00768717663005,0.598960085925,0.00768717663005,0.350630080907,0.0156585054213
C003166,0,0.0153283211401,0.125493393696,0.0266781292583,0.0268670905061,0.581235651282,0.0268670905061,0.0308397317518,0.16669059186
C003167,2,0.00342899057909,0.00685978125368,0.00689124229712,0.802787211275,0.00692365357024,0.00597499805613,0.0876619502121,0.0794721727566
C003169,2,0.00603315103107,0.00595832352887,0.00619276250602,0.00587439295486,0.123684757812,0.788899906022,0.00868281035664,0.0546738957885
C003174,1,0.00817517622906,0.0203864297464,0.0109920978348,0.0934663106023,0.147564431054,0.0563814308318,0.0222412453483,0.640792878354
C003176,1,0.00344998496329,0.00529795797297,0.00522629747524,0.908652780509,0.00528243053432,0.0154035650287,0.00722267050481,0.0494643130115
C003177,4,0.00391836409494,0.033198876011,0.00684659737271,0.00684775966536,0.00362775084903,0.109366145006,0.816531476833,0.0196630301677
C003178,4,0.00377830733859,0.00377879687547,0.0676690890236,0.0037108127269,0.793613685569,0.10663600273,0.00646748369518,0.014345822041
C003180,1,0.00286648849083,0.00230011775798,0.970048521883,0.00229199514047,0.000978764700331,0.00230011775798,0.0026042112909,0.0166097829781
C003184,1,0.367775096838,0.0100462059914,0.00991032040583,0.00868369549519,0.0604937725641,0.0100462059914,0.279072170964,0.25397253175
C003185,3,0.0478053711982,0.0166806220208,0.0112258018598,0.0166806220208,0.0166806220208,0.0166806220208,0.138644430115,0.735601908744
C003186,2,0.0427967513622,0.0422422950398,0.0424532715583,0.0414158572358,0.0426356185499,0.0384343848207,0.041063370726,0.708958450707
C003188,4,0.00367336904095,0.00367545226548,0.00355918686086,0.00360774901729,0.946924920437,0.00968497317596,0.0044247018334,0.0244496473694
C003189,1,0.0217211397288,0.0315869334351,0.131589720249,0.0309809923445,0.0505132677754,0.0228387527431,0.0368854605153,0.673883733209
C003190,2,0.0103651564641,0.0578268071708,0.023520446904,0.0221832939439,0.0821731799907,0.659760828247,0.0219802281337,0.122190059146
C003191,1,0.00244764077235,0.268945864224,0.00242855722387,0.00245204063466,0.00245335450076,0.00246056601281,0.70427375365,0.0145382229815
C003194,3,0.00663503572254,0.933439336577,0.0113387573456,0.00663503572254,0.00874383793653,0.00663503572254,0.00793725179075,0.0186357091825
C003195,0,0.00423692293105,0.00715203781101,0.393618953494,0.0150792789747,0.15722845829,0.00663831351453,0.358709659447,0.0573363755374
C003196,1,0.190879022514,0.0815731477088,0.0158669851026,0.0138928064158,0.0160289981773,0.0160761146106,0.504693312014,0.160989613456
C003197,0,0.0132636705564,0.0140273406937,0.440791105337,0.0140273406937,0.0140273406937,0.0140273406937,0.421365748778,0.0684701125539
C003198,4,0.00495340733814,0.0098084548486,0.815797412735,0.10989157084,0.0126464854687,0.00546603238805,0.0057338881126,0.035702748269
C003199,1,0.115796605022,0.0310189529676,0.0763617903595,0.0478774761966,0.028661931561,0.0802503362979,0.0461793588575,0.573853548738
C003201,2,0.0502212825595,0.0495706372011,0.0479567819592,0.0483971475726,0.0500321958594,0.0408818495764,0.0500794533689,0.662860651903
C003202,4,0.0133093538392,0.01331690178,0.0128956488669,0.0130715993134,0.802946707316,0.0133093538392,0.0143328130284,0.116817622017
C003203,4,0.0038380284609,0.00494650406372,0.00479003153873,0.00485538755122,0.926931376595,0.00494370041458,0.00521973827896,0.0444752330969
C003204,1,0.0110253032908,0.0193776740587,0.0191155704756,0.110448262782,0.0161141988744,0.607819199083,0.0230718495321,0.193027941904
C003205,4,0.0185773835386,0.38715813414,0.503689876206,0.0070820042288,0.0526418593916,0.00721081620627,0.00862905562824,0.0150108706603
C003206,1,0.538880379665,0.0179858563486,0.0177518835648,0.017922341239,0.265966934722,0.0397220451618,0.0209943149764,0.0807762443222
C003208,3,0.0192883138897,0.0387936650957,0.0269241577897,0.541924350957,0.104405793175,0.0298280338833,0.00823204811803,0.230603637091
C003210,0,0.00204538521001,0.43253857971,0.497204412108,0.00213265590347,0.00168075696994,0.00213265590347,0.0586035713673,0.00366198282852
C003211,4,0.0127301500095,0.0178289046662,0.017469178008,0.0172760018668,0.789633407772,0.0178187993489,0.0193197769356,0.107923781393
C003212,4,0.0164169771337,0.596878910309,0.0879438847871,0.0548038826624,0.00960696925302,0.136293987311,0.020141085682,0.0779143028617
C003214,1,0.0145577808099,0.0177914037534,0.0144442779956,0.0146552021797,0.318107882532,0.535585098922,0.0234449664678,0.0614133873394
C003216,0,0.00345498916677,0.456647838399,0.00862988800812,0.00870815086483,0.00616669989426,0.0690038762323,0.405548474649,0.0418400827854
C003217,2,0.792612692856,0.140034863282,0.00546739298456,0.00516048655784,0.00567389212521,0.0050873857117,0.00640508143374,0.0395582050483
C003218,0,0.00971057286139,0.0100077882623,0.846668764895,0.0100077882623,0.0222940481445,0.0100077882623,0.0130687224153,0.0782345268972
C003220,4,0.00732923846316,0.00733339498791,0.0071574611762,0.0043442275819,0.0208661500389,0.00967590922125,0.0080223663245,0.935271252206
C003223,4,0.0138647815333,0.0418315828614,0.0407618812452,0.0410610289725,0.109060116158,0.0418078729685,0.0531645051221,0.658448231139
C003225,2,0.0219351410172,0.0220138926545,0.111750968311,0.0213579333903,0.056570130465,0.0203410942577,0.194596061014,0.55143477889
C003226,2,0.236024418739,0.0129571302531,0.0204310098077,0.595380305653,0.0319298783278,0.0117080912358,0.0151709867552,0.0763981792284
C003228,2,0.00732524082708,0.194004120471,0.74128350673,0.00698252620071,0.00593228140067,0.00660283006227,0.00888064505294,0.0289888492554
C003229,2,0.0264650847634,0.0261222144963,0.0254058816338,0.0255038212394,0.587527741688,0.0239830354221,0.0295736073655,0.255418613391
C003231,0,0.00821989388464,0.0196128877091,0.0105885626045,0.1470788488,0.00852449240536,0.00373221347856,0.00965000685219,0.792593094265
C003232,1,0.401554607706,0.010593352165,0.485837049678,0.0105566482795,0.0105623048017,0.010593352165,0.0122921813538,0.0580105038515
C003233,3,0.0306847620736,0.0120356460132,0.427921448182,0.0120356460132,0.444983743431,0.0132435540252,0.0167024861123,0.0423927141496
C003234,4,0.0179379031363,0.0179480759992,0.0175628180475,0.0095029924588,0.458738719973,0.0179379031363,0.157526510341,0.302845076908
C003238,2,0.013131910167,0.0155652523018,0.0137316431696,0.620642550158,0.0130824675914,0.0558410722766,0.190754221168,0.0772508831667
C003239,2,0.00518678267217,0.00916096252128,0.76583906383,0.00886769897188,0.00621869726851,0.00839916437199,0.00712312366768,0.189204506696
C003240,2,0.0142711145837,0.0140862241549,0.0144071609873,0.0137070955028,0.681021987592,0.0123634090911,0.0152890358801,0.234853972209
C003242,3,0.00103221866537,0.00183047296917,0.0029986850151,0.00360051640316,0.00202118851602,0.00211747412132,0.0135536823913,0.972845761919
C003243,0,0.00914995045884,0.0623696656684,0.0107397177426,0.6887276287,0.00953650048561,0.148695395832,0.0107375837311,0.0600435573812
C003244,4,0.0033842488348,0.00338616809477,0.0082942514929,0.00332379357258,0.936491865294,0.0033842488348,0.00354161751769,0.0381938063582
C003246,1,0.00262620258447,0.00264007075511,0.00260436099951,0.00221138148936,0.00290404520359,0.969110291779,0.00331499006167,0.0145886571271
C003247,2,0.00405821923356,0.00407278906963,0.0138302165459,0.0118065556921,0.00411071133904,0.0302775205486,0.00506289417988,0.926781093391
C003248,1,0.00216570508468,0.00363994455725,0.276906345704,0.00216945316907,0.00217076066752,0.696338982497,0.00258275060192,0.0140260577188
C003249,0,0.909880730645,0.0027280863716,0.0027853580985,0.0027280863716,0.0027280863716,0.0027280863716,0.0437843805261,0.0326371852436
C003250,2,0.00121491451659,0.00121927630789,0.948779401562,0.01593309682,0.00123062914838,0.00113302371237,0.0241327044313,0.00635695350168
C003252,1,0.731063006331,0.00911962330335,0.150101235621,0.00908741833835,0.00909289519565,0.00911962330335,0.00796619197698,0.0744500059298
C003253,2,0.0220716069378,0.00418083126753,0.00506982954177,0.179556949519,0.00446211658455,0.015740509527,0.731492680169,0.0374254764534
C003254,3,0.0118545789208,0.0118545789208,0.0120433573789,0.822787458218,0.0118545789208,0.0118545789208,0.0140169829584,0.103733885762
C003256,4,0.00522785945977,0.326727047359,0.011211665949,0.00606179259364,0.596322906235,0.00617204831585,0.00648797949242,0.0417887005952
C003257,2,0.0400981257685,0.0541020137043,0.0466144540075,0.0466387783672,0.0483750453389,0.0449826246577,0.0457387950679,0.673450163088
C003259,1,0.0143691555907,0.574261836887,0.0142496502889,0.0145106859253,0.0144026986879,0.0162417180649,0.116216491727,0.235747762828
C003260,2,0.0288297416822,0.0289332463444,0.0298462127429,0.0233391218933,0.0292026475689,0.0251386903314,0.0451841042244,0.789526235212
C003261,1,0.00381417377677,0.00272629241852,0.00267184801005,0.00685614245421,0.00271830210632,0.00454088063962,0.00234826092694,0.974324099668
C003265,4,0.00700226820949,0.00508783434537,0.00801334853002,0.019101152606,0.0108450561787,0.0116251773053,0.00978224866515,0.92854291416
C003266,4,0.0059885479046,0.00452629843789,0.0879229526069,0.00404557644732,0.00411597127916,0.00411915995352,0.869623661371,0.0196578319996
C003268,4,0.00416914299468,0.00286217302671,0.00217374877052,0.00409466660559,0.00353938138913,0.0150765662498,0.00459311727048,0.963491203693
C003270,0,0.00848657464301,0.00889261606434,0.00868415827782,0.0197455538534,0.00889261606434,0.859482116034,0.0116532325966,0.0741631324662
C003275,1,0.00289530662144,0.00297964937629,0.896056141658,0.00292871065676,0.00297091651675,0.0761530773759,0.00818392525568,0.00783227253907
C003278,0,0.0109643067997,0.0842172557116,0.133402149562,0.0198917791338,0.0198917791338,0.0152603953267,0.0220541816008,0.694318152732
C003279,0,0.00487581791882,0.0266975360744,0.00459731322277,0.0131880038692,0.0272381764599,0.0131880038692,0.0139590760116,0.896256072574
C003280,1,0.0244967418743,0.0264014883763,0.0265584970841,0.0263100124025,0.0263241099802,0.0237784471856,0.0319264494895,0.814204253607
C003281,0,0.010543117045,0.046776250685,0.0112561593327,0.0109266187175,0.0438265127524,0.0297974294979,0.0229283171448,0.823945594825
C003282,2,0.00743277554383,0.00745946072644,0.00769483828873,0.0284541797343,0.00595996986323,0.341796819355,0.00917144978723,0.592030506701
C003283,1,0.0180214798322,0.627528384132,0.0178809715567,0.0177691089953,0.153059144669,0.022561439574,0.0138162936191,0.129363177622
C003285,4,0.118690101516,0.393644832005,0.0211595603805,0.0212456246697,0.0216153080005,0.293567683047,0.0229602261569,0.107116664224
C003288,2,0.0180547265059,0.891448944634,0.0031852488094,0.00467458299556,0.00867663633146,0.0294749829058,0.00703806610602,0.0374468117117
C003290,1,0.0102985352515,0.0439126458541,0.0019874068305,0.0101759299082,0.0543805581258,0.0138968444663,0.0121435008174,0.853204578746
C003292,3,0.10425107868,0.0112157261648,0.0112442535878,0.0269614913898,0.749885392124,0.0107712661856,0.0144506018921,0.0712201899755
C003294,4,0.00371178304475,0.00398070520558,0.00362154861669,0.384307606576,0.575540788858,0.00371178304475,0.00394141067368,0.0211843739802
C003295,4,0.213600377432,0.00378982305752,0.756326176273,0.00326507028858,0.00332188396566,0.00342512355597,0.0038443674379,0.0124271779894
C003296,1,0.00461330734915,0.886355524312,0.058855477145,0.00455868996233,0.0153674628472,0.00288412448467,0.00516172552366,0.0222036883763
C003298,3,0.0488750785613,0.00691008376114,0.00969143422181,0.867179967457,0.0105821696713,0.0176812299726,0.0115023716582,0.0275776646962
C003299,3,0.0109217225982,0.0109217225982,0.0101851946202,0.0109217225982,0.174145464937,0.00918789639991,0.0140078488314,0.759708427417
C003301,1,0.00359327396861,0.00361224894673,0.00356338945053,0.00506379415589,0.00360166204246,0.952308922073,0.00435407403232,0.02390263533
C003302,1,0.0108328717569,0.0156378362237,0.740130647615,0.010681169403,0.0672010054276,0.0108900768313,0.085959443356,0.0586669493863
C003303,4,0.035586649039,0.0356068307794,0.0975630203485,0.0349509392245,0.035559101132,0.035586649039,0.0390018533878,0.68614495705
C003305,3,0.00670748799105,0.00195151678574,0.00166704464628,0.0211514154372,0.00087560838869,0.00195151678574,0.00246885488491,0.96322655508
C003306,4,0.0201339700933,0.153957924894,0.226874965964,0.0245542397524,0.0249814944592,0.434826996098,0.0272889831507,0.087381425589
C003308,4,0.014873360312,0.014883278342,0.521322956149,0.0189508493854,0.0148618467259,0.014873360312,0.357962348712,0.0422720000615
C003310,3,0.00508085588605,0.00213123161523,0.000997917180018,0.000982689261703,0.00187835031475,0.000623421168717,0.00167259202704,0.986632942546
C003311,3,0.0100556372345,0.0108293737739,0.0102157684129,0.0100556372345,0.828582572865,0.0100556372345,0.0153168250834,0.104888548161
C003312,2,0.00555450410435,0.00557444590879,0.00310432536209,0.00528164762724,0.0227134328755,0.00231495869518,0.0190679861356,0.936388699291
C003313,1,0.0193027102646,0.0194046419594,0.0191421736067,0.0190741836322,0.0103700271761,0.0194046419594,0.0211233255608,0.872178295841
C003315,4,0.0175312281348,0.0564253357978,0.0357665509114,0.0359742635232,0.0366002317293,0.044482986799,0.0402452204981,0.732974182606
C003316,1,0.0188435486691,0.0185102320998,0.931629351226,0.0023467407838,0.0146476777856,0.00238755736988,0.000853772436487,0.0107811196289
C003319,2,0.255511129134,0.253571221249,0.005676781214,0.00528011279767,0.00456441962896,0.00486163451916,0.414888508554,0.055646192903
C003322,2,0.768651406498,0.0538263690356,0.00986163924228,0.00904874720742,0.00990802105113,0.00886933747765,0.00626545948142,0.133569020006
C003324,0,0.0276538935107,0.0525252743581,0.00316667545975,0.00915911521481,0.00585651314614,0.0234823942359,0.848548309875,0.0296078241993
C003325,2,0.0386745080076,0.038813357392,0.0377490033952,0.0373819420809,0.0391747536171,0.0347138738343,0.0601814347673,0.713311126906
C003326,0,0.00190744194315,0.00909631083564,0.00335793205547,0.00339536594649,0.00223982917811,0.00339218843701,0.919073629173,0.057537302431
C003327,4,0.112090156281,0.00858134245147,0.00839714274022,0.798575932343,0.00856983947745,0.0183251527197,0.00976316608792,0.035697267899
C003328,4,0.00368612586401,0.00446318083932,0.00250740596064,0.0032120857845,0.00193267744792,0.00273422258162,0.00811649986345,0.973347801659
C003329,3,0.126798483914,0.00149655094382,0.00536117451519,0.0029834353905,0.821163924575,0.0111216805943,0.00829038829981,0.0227843617673
C003330,3,0.0313609059961,0.0343035477313,0.147693719357,0.0343035477313,0.0343035477313,0.0343035477313,0.049965478284,0.633765705437
C003331,0,0.00826889535549,0.0793037031309,0.00972046310608,0.779037863232,0.011546642298,0.011546642298,0.0196724402871,0.0809033502928
C003332,2,0.00264366874672,0.00343580360731,0.0242713347778,0.691292679731,0.159224941234,0.00301028446931,0.00429415056273,0.111827136872
C003333,0,0.00161347703933,0.235953477098,0.00168651722562,0.00166286137864,0.00166286137864,0.00166286137864,0.745465370318,0.0102925741825
C003334,0,0.00374511079172,0.0373556586572,0.0092625179871,0.0889356330568,0.00621867414388,0.00458721462152,0.0325058122915,0.81738937845
C003335,2,0.00498166687125,0.0132923954961,0.00690302779267,0.00238460569623,0.00443461725184,0.00225555487073,0.00704997905985,0.958698152961
C003336,4,0.0083620734154,0.00984052629154,0.0364042389153,0.477975109125,0.25798483351,0.00643908939246,0.0100039788052,0.192990150545
C003338,2,0.0192037364214,0.0192726817582,0.225642715599,0.0177215707171,0.403438161938,0.0174937450862,0.0503085626073,0.246918825872
C003339,3,0.305283233398,0.539408046041,0.0436882267116,0.00931689946305,0.00931689946305,0.0486402111646,0.011954598001,0.0323918857579
C003340,1,0.00437943017266,0.00594746532634,0.00405825433201,0.00584579018609,0.820846826108,0.00594746532634,0.00730872485131,0.145666043697
C003341,2,0.00729121273623,0.0125261476394,0.0584037378494,0.312077612803,0.548297123025,0.0116914020807,0.0128986010221,0.0368141628447
C003342,2,0.00404840521311,0.846685227887,0.00423495038528,0.109786402256,0.00423713957192,0.00391157771746,0.00504024551324,0.0220560514558
C003343,3,0.812841460339,0.0507056960232,0.0131165227054,0.0130291303515,0.0130291303515,0.0130291303515,0.0163527812745,0.0678961486027
C003345,3,0.00086084679416,0.000653686434337,0.000866620888494,0.00086084679416,0.0010934318346,0.000464089419501,0.00109118377199,0.994109294063
C003346,3,0.0102029240841,0.839606174714,0.0102713597762,0.0104549712888,0.0102029240841,0.0102029240841,0.0227767297699,0.0862819921993
C003347,1,0.00581625628918,0.00584697015537,0.00576788368588,0.00248414546126,0.0331791458177,0.039159430533,0.00693657239277,0.900809595665
C003348,4,0.0106922363039,0.0034419646292,0.0851169945233,0.00403278710475,0.00410295939634,0.105202652257,0.726223315472,0.0611870903138
C003349,0,0.0051540463766,0.911530347531,0.00530706518867,0.00506678873419,0.0461567187973,0.00537395468491,0.0073121347889,0.0140989438984
C003352,1,0.0064145649589,0.00574433959115,0.0282835000561,0.0302567866866,0.0057275038818,0.00574433959115,0.00815392058107,0.909675044653
C003353,3,0.0261545443664,0.027831224279,0.0144514531507,0.014414788848,0.0196628788795,0.832082473275,0.0169798168376,0.0484228203637
C003354,2,0.0746220876832,0.0115104047099,0.715757488919,0.0105840200968,0.011617579587,0.0107438793507,0.0145579385445,0.150606601109
C003355,0,0.0236703734406,0.645206157197,0.0174067199341,0.0171237059811,0.13921070647,0.0171237059811,0.027723863803,0.112534767193
C003356,1,0.0133206359564,0.0102214753076,0.0132098509761,0.364961409652,0.00962300804219,0.50762841297,0.0152911055821,0.0657441015126
C003357,0,0.000709149584681,0.000232866143711,0.00888174871407,0.00110697237597,0.000819448924243,0.000924458990036,0.001253836676,0.986071518591
C003358,3,0.543675631079,0.0244609471978,0.0245231641045,0.0205749144303,0.0971819606533,0.0949852175881,0.0345737782148,0.160024386732
C003359,3,0.021022698034,0.00493264233928,0.0382771413938,0.00507984728068,0.0106614592517,0.00743605924104,0.00716972776763,0.905420424692
C003361,0,0.0162204885077,0.766335297485,0.0166703785618,0.017644021069,0.0168215591388,0.0168215591388,0.0188169628453,0.130669733253
C003362,2,0.0172693805525,0.0716312203156,0.0370477752009,0.0117771180907,0.00908027210079,0.0500656475209,0.0112445835902,0.791884002628
C003363,3,0.0281565219173,0.0502681355114,0.0414055855215,0.0255347908201,0.112433172943,0.270044221204,0.0286653870631,0.44349218502
C003364,0,0.00585517499931,0.836108586312,0.00599815146451,0.0686974592594,0.00292814509695,0.0060721458834,0.0620516611952,0.0122886757892
C003365,1,0.205264771327,0.627949104247,0.00320680379942,0.00323929420604,0.0827764521837,0.0528122473999,0.00406112274623,0.0206902040913
C003366,3,0.00932602420308,0.00745700559047,0.00861882463929,0.608945870246,0.0241672523997,0.144995599119,0.177536841356,0.0189525824469
C003367,1,0.0702539863297,0.0295200197141,0.0291360023475,0.0290153589923,0.0177972204212,0.0295200197141,0.395828500925,0.398928891556
C003370,4,0.0219823792407,0.0219948457888,0.698933594644,0.0215896922469,0.0219653625067,0.0219823792407,0.0231917125221,0.16836003381
C003371,2,0.01437562124,0.0817767986333,0.0184290790672,0.586549799718,0.0185157557344,0.217855604366,0.0160123843986,0.0464849568422
C003372,2,0.00460862155737,0.00462516745025,0.0972967081285,0.00255448293376,0.00394137294834,0.0038839237489,0.00524519561974,0.877844527613
C003373,1,0.0346840614629,0.018639234509,0.235845770105,0.018573412065,0.0185846059953,0.474672115486,0.0227545364355,0.176246263942
C003374,2,0.0110653501634,0.449003129902,0.010743532621,0.376659909136,0.0112084778493,0.0106232674705,0.0130835588047,0.117612774053
C003375,2,0.00271675880528,0.0730042857181,0.0483929405837,0.139789818323,0.00640796106079,0.703744763176,0.00702771479941,0.018915757534
C003376,3,0.544779230305,0.0398905941761,0.0254687390238,0.0449156847458,0.0254041231304,0.0618662415548,0.128440742689,0.129234644375
C003377,4,0.131898233295,0.017143269101,0.332211222987,0.27684067497,0.0171202891791,0.0187426276927,0.0186268484644,0.187416834311
C003378,2,0.299932833888,0.035211659577,0.641668245399,0.00258762272833,0.00285572508298,0.00739702258991,0.00297345027592,0.00737344045897
C003381,2,0.00892852781767,0.00896058305651,0.120863062105,0.753619901702,0.0067352091079,0.00836766073263,0.0102000226127,0.0823250328658
C003382,2,0.0945720717807,0.0999482415041,0.0747896334202,0.0910537828745,0.0651903232521,0.0872712127553,0.11133687115,0.375837863263
C003383,3,0.0103102719337,0.019981123169,0.0122332263273,0.0124183291335,0.831143750508,0.0124183291335,0.0157513707293,0.0857435990653
C003384,3,0.0040029667872,0.0249599211974,0.0043170061906,0.919303096614,0.00963342795659,0.00566694175836,0.020764309158,0.0113523303376
C003385,4,0.00296961626757,0.918297619813,0.00289972784692,0.00287915561412,0.00296731746408,0.00296961626757,0.003224559697,0.0637923870299
C003386,4,0.00935314782336,0.00822000454989,0.00801495692147,0.910631808825,0.00821257731556,0.00821893966189,0.00903924311969,0.038309321783
C003387,1,0.0211672385613,0.0212790162583,0.0209911950063,0.0209166376,0.014090310747,0.0131432183139,0.0257908697678,0.862621513745
C003388,0,0.370941699336,0.0129819041372,0.00770508645887,0.00529240259731,0.570827655936,0.00780013797573,0.00776270164013,0.0166884119191
C003392,4,0.00891641530201,0.0629764756136,0.00871890494099,0.0087571349856,0.58447842725,0.120656464458,0.0142743402991,0.191221837151
C003393,3,0.00836877149277,0.00836877149277,0.00842490468207,0.00836877149277,0.00836877149277,0.871933220294,0.0222155032379,0.0639512858154
C003394,3,0.0332011384507,0.0713762114987,0.30700731784,0.0359765253745,0.0291428286904,0.144627201125,0.0428776263433,0.335791150678
C003396,2,0.00126390606761,0.000788092817393,0.00127426121746,0.00127225294822,0.00128025439352,0.0037459184385,0.979390046816,0.0109852673011
C003398,2,0.0112678948827,0.0298640162623,0.0114077453938,0.0113697984638,0.0114136424367,0.853007847641,0.0137293821651,0.0579396727545
C003399,2,0.00363337860233,0.00150369989012,0.0115969908162,0.00140784169644,0.342388817573,0.631476178102,0.00162346061043,0.00636963270952
C003400,2,0.423261678785,0.0182458056757,0.0186615133213,0.0172874430627,0.406560254422,0.0162917956235,0.0239443730935,0.075747136016
C003401,1,0.0363877111259,0.0483177034334,0.0360850820416,0.0359569135345,0.0364726539416,0.0365798634718,0.0426454848555,0.727554587596
C003403,1,0.00236395983238,0.00237644317946,0.00234552872003,0.949661306068,0.00236947821751,0.00237644317946,0.00276547835376,0.0357413624489
C003404,0,0.00420281805387,0.00438037086561,0.937997828645,0.00438037086561,0.0174872309547,0.00438037086561,0.0179503735506,0.00922063619935
C003405,2,0.0270081704483,0.0271051352976,0.155721599545,0.0250170822869,0.538473343608,0.0253068541934,0.034140910586,0.167226904036
C003406,1,0.101397474557,0.00549648635444,0.00542498415912,0.689217847246,0.0139889438446,0.00444804448363,0.135248407626,0.0447778117296
C003408,4,0.0220614071841,0.0220642655732,0.104814340261,0.0227247410894,0.0220443292739,0.0220614071841,0.0237783604514,0.760451148983
C003409,3,0.0321994941165,0.00433847003404,0.0061697516416,0.0578896497494,0.00310862699249,0.00537676762354,0.874108302529,0.0168089373138
C003410,4,0.75430280413,0.0142771070225,0.0139480185054,0.00937351876474,0.00983437133164,0.00461654619298,0.0154965098125,0.17815112424
C003411,4,0.05864927241,0.0593318982089,0.00926287740769,0.0189849672239,0.0156962015165,0.0517609415821,0.0162979885234,0.770015853128
C003412,3,0.00861976783842,0.00861976783842,0.158615335768,0.00861976783842,0.00861976783842,0.00861976783842,0.761063007677,0.0372228173632
C003414,4,0.00474114092561,0.295718972331,0.00461598365641,0.00465644652756,0.00473747077085,0.258181519454,0.417119207385,0.01022925895
C003416,3,0.0134798375363,0.00751055345845,0.00550222978697,0.00962035709503,0.00468101557368,0.00620320016283,0.834451197983,0.118551608404
C003418,3,0.538495014827,0.00824172081686,0.0080684841497,0.00972120092021,0.0206683853378,0.00591698555644,0.0122304250508,0.396657783341
C003419,1,0.0065860630637,0.815787520851,0.00653471343136,0.00659790212563,0.00660143745036,0.00662084204345,0.112944739284,0.0383267817505
C003420,2,0.00513544985729,0.310926390091,0.546845001116,0.00478326921434,0.0853460399828,0.00259922914572,0.0233496049007,0.0210150156918
C003421,2,0.0434098631276,0.0428474635926,0.0338854944654,0.0428707258313,0.0432464219059,0.0389850007618,0.0456123186684,0.709142711647
C003422,4,0.0066228561879,0.0095805907177,0.00933559942946,0.00940411254186,0.38549653548,0.0226770764179,0.00872759124742,0.548155637978
C003423,4,0.0193465351274,0.0193575068474,0.0188434285478,0.0190009341059,0.0332806264767,0.0193465351274,0.0140816888643,0.856742744903
C003424,4,0.0104220474247,0.0242171971427,0.0102094396978,0.0102358709227,0.369559460241,0.518065822863,0.0114019920354,0.0458881696721
C003426,1,0.00217618350066,0.803077466169,0.00354264427252,0.00417666079915,0.00210844135902,0.0135334425115,0.152870558958,0.0185146024302
C003427,3,0.00973673452491,0.233686156978,0.00670629867976,0.674635869097,0.00588059709339,0.0386712752403,0.00773926216014,0.0229438062263
C003428,2,0.0105068695364,0.00472201747312,0.00482960267935,0.00447399307317,0.00266300612101,0.946376984427,0.0053703908464,0.0210571358433
C003430,1,0.00254162967254,0.0604504969524,0.242711856636,0.00254602835201,0.0103920584375,0.670403600247,0.00300705253076,0.00794727717192
C003431,4,0.0405809754831,0.233094669519,0.0142098524865,0.601487704079,0.00662553921619,0.006630672072,0.072800485622,0.0245701015222
C003432,2,0.0118887360435,0.031186934187,0.0427090458719,0.0580945629585,0.0274657119665,0.204820223367,0.0548282861082,0.569006499497
C003434,3,0.0498263838304,0.149298787412,0.0765532070729,0.124820670892,0.497123289814,0.0238206765538,0.0281407723657,0.0504162120594
C003435,4,0.567826876599,0.0153230295364,0.210643317928,0.0797951054367,0.0153024895788,0.0153143445343,0.015984660117,0.0798101762694
C003436,3,0.0280005001889,0.583470769148,0.29890864024,0.0239177027794,0.0156018021896,0.0295534302786,0.00511878020053,0.0154283749753
C003437,4,0.00329506997939,0.00329693866466,0.00323565849083,0.760686295452,0.20605240923,0.00329506997939,0.00359143897052,0.0165471192332
C003438,4,0.358627020862,0.00831314492155,0.493387124953,0.0306947266983,0.0420010082425,0.00814229513991,0.00853169458355,0.0503029845996
C003441,0,0.00509292265231,0.00531022298743,0.874527185316,0.0111129816674,0.00476677526402,0.00531022298743,0.00734328249281,0.0865364066327
C003446,2,0.225517342659,0.463783519817,0.034844009852,0.0328488554336,0.0601720983078,0.0315202516345,0.0414594009556,0.109854521341
C003447,2,0.00476545904685,0.00338186104983,0.00493347828424,0.00483465134475,0.93071081367,0.00433534472127,0.00616395704181,0.0408744348417
C003448,2,0.00250399532761,0.00145824557597,0.0266298008834,0.00510425889727,0.00253638391465,0.000890848622566,0.00280958260462,0.958066884174
C003449,3,0.0200563685623,0.641190632672,0.0534151214982,0.0200563685623,0.0200563685623,0.0150611726299,0.114381005993,0.11578296152
C003452,3,0.0103557822229,0.750498140803,0.00863831360173,0.00858075851821,0.0571397634504,0.00578406547893,0.124831908778,0.0341712671472
C003453,0,0.00652328483893,0.00691537714225,0.00663195134528,0.823467275753,0.00691537714225,0.0180703126234,0.0100827384478,0.121393682707
C003454,3,0.0182130655606,0.0150491381532,0.036466774571,0.00613398376977,0.0245230536435,0.0105736690769,0.0129825404931,0.876057774732
C003455,0,0.00751356236683,0.00808589622895,0.0079976800839,0.878595035299,0.00808589622895,0.00808589622895,0.00942453537918,0.0722114981847
C003456,1,0.00490648483867,0.684306929284,0.00486567861678,0.00491530470226,0.00491793844826,0.00493239448076,0.272276821892,0.0188784477375
C003457,4,0.00664103423479,0.0379111067709,0.00314090307557,0.00564678312103,0.00540004713554,0.00515357378913,0.00715992859743,0.928946623276
C003459,0,0.458742225543,0.102198758829,0.00891137724189,0.0103841739889,0.00526768919595,0.00327392413891,0.0112687786056,0.399953072457
C003460,2,0.00181007092098,0.00178662041986,0.00173762706518,0.0017875903907,0.97435228406,0.00166522641183,0.00199611671294,0.0148644640184
C003462,4,0.00140366913003,0.019464741098,0.000929659069642,0.00178953890574,0.00262448315953,0.00159033509106,0.00230171045603,0.96989586309
C003463,2,0.0101721703502,0.0383337182025,0.0217406598658,0.0271300874467,0.0933661142814,0.176536839099,0.0352906994152,0.597429711339
C003466,0,0.0611131709856,0.0075898338876,0.00776506868519,0.0121287323573,0.0075898338876,0.0139713719769,0.00987598227874,0.879966005941
C003468,2,0.561043547296,0.0872321294717,0.00465801206236,0.00728140605688,0.00611222959543,0.00672952020014,0.309300951075,0.0176422042425
C003469,2,0.00108408224814,0.00108797432487,0.00111276244621,0.00591126145433,0.00418897514113,0.0007794796806,0.00132090467661,0.984514560028
C003470,0,0.663930455884,0.176528113179,0.0227298427754,0.0152055189107,0.0177280847522,0.0177280847522,0.021702064703,0.0644478350431
C003472,4,0.00827004045958,0.110899651211,0.00812092817449,0.0683844244788,0.391520138754,0.00781787515667,0.38777569868,0.0172112430851
C003473,0,0.0123151786845,0.0130554018842,0.299939522885,0.0130554018842,0.0102711294875,0.00805651237456,0.526492703473,0.116814149328
C003474,3,0.0104796547951,0.0139025100509,0.00817777826725,0.00815703069713,0.00815703069713,0.00815703069713,0.894803402785,0.0481655620108
C003475,2,0.00520533779914,0.00549561605119,0.0203482697457,0.919577079543,0.00518573933216,0.00444032567978,0.00550739200358,0.0342402398454
C003477,0,0.847630188448,0.00962051188741,0.00955537473975,0.00941423347544,0.00472928780616,0.00701447097638,0.0429033104358,0.0691326222313
C003478,2,0.0117453406166,0.00312177614047,0.0200405163208,0.00295780456298,0.388582278361,0.00287869677787,0.564969162968,0.00570442425187
C003479,0,0.00193208589305,0.0241074367141,0.941630560629,0.00199122202142,0.00199122202142,0.0224670806675,0.00246651795068,0.00341387410266
C003481,3,0.137564459554,0.00527803096575,0.722395939125,0.00527803096575,0.00527803096575,0.101803525183,0.0069283538975,0.015473629344
C003482,4,0.0383678355826,0.00810647301864,0.00667920705135,0.0088430239384,0.434738631268,0.418029919326,0.0114325163787,0.0738023934366
C003484,3,0.286563178181,0.0126377219072,0.269551802618,0.0126377219072,0.0126377219072,0.34303669012,0.0169577488581,0.0459774145011
C003487,1,0.00460834525443,0.202429393129,0.00457241531689,0.345534845296,0.419364423639,0.00463268051279,0.00575534942288,0.0131025474285
C003488,1,0.00364227688506,0.00312314111491,0.0329376427486,0.00163491422057,0.00311398770482,0.006197202497,0.00354812885348,0.945802705976
C003489,4,0.00445410275733,0.00445662874805,0.00424041393285,0.00437453592778,0.877640829778,0.00445410275733,0.00474162788013,0.0956377582188
C003490,0,0.0185215030217,0.0195291073974,0.782725771345,0.0195291073974,0.030124816281,0.0219629449488,0.0242623883943,0.0833443612149
C003491,3,0.0107681475172,0.0023430675374,0.00425135412805,0.00128370566939,0.0023430675374,0.00175725966864,0.00308208678967,0.974171311152
C003492,4,0.0115861000904,0.0115926707474,0.0112985490748,0.0113791292814,0.002686490813,0.363428439529,0.011927222916,0.576101397548
C003493,2,0.0281225285729,0.107561980153,0.027449539277,0.0285308548969,0.0236233822735,0.0247840614762,0.0360416201901,0.723886033161
C003494,2,0.00135259033443,0.00135744641004,0.842766856072,0.00125287507948,0.00137008577034,0.00123101874309,0.138842645571,0.0118264820198
C003496,1,0.0216266274266,0.016481742476,0.0160533406994,0.0162802137936,0.0164334372145,0.016481742476,0.810723329127,0.0859195667872
C003497,4,0.0651604827351,0.065197436255,0.0637634103171,0.0639964743354,0.065110041489,0.187100163456,0.0680573012998,0.421614690113
C003498,4,0.019354600531,0.0316740102533,0.0306854866472,0.031104164694,0.509195699011,0.0439867556119,0.122218358558,0.211780924694
C003499,4,0.00786595565944,0.114437346012,0.298763765087,0.0138945141568,0.0139484337643,0.402941599303,0.0261137100556,0.122034675961
C003504,3,0.0226547705271,0.329728970135,0.023101384508,0.0226547705271,0.0226547705271,0.0226547705271,0.0283680342644,0.528182528984
C003505,3,0.534659800913,0.0316652863882,0.0317458276751,0.0316652863882,0.0216638640826,0.040540372747,0.0394236995055,0.2686358623
C003506,4,0.0182560539696,0.0182584193175,0.0176653250759,0.168199489422,0.514841869424,0.12687144247,0.0374137339814,0.0984936663405
C003507,4,0.0150620775036,0.0150640290236,0.014697073519,0.0828889459185,0.0151761014931,0.673853376883,0.0162716522442,0.166986743415
C003508,2,0.0292614146486,0.00693096057384,0.00699188131442,0.00656691123535,0.00606466862162,0.892754661024,0.00813618425424,0.0432933183275
C003510,1,0.795538813674,0.00663702582049,0.00654725301062,0.00652356227021,0.0288085797205,0.00663702582049,0.113722386894,0.03558535279
C003514,2,0.0127049208298,0.012750534091,0.0948893436404,0.0115563530836,0.613975089089,0.0105754963539,0.129275731189,0.114272531723
C003515,4,0.529791762941,0.0380095371008,0.0117992362138,0.0119759763146,0.0126265690327,0.0121938029553,0.288369125739,0.0952339897029
C003516,3,0.192676889376,0.00509573477071,0.00510869587364,0.0883582809308,0.00374964972297,0.00509573477071,0.603600324178,0.0963146903775
C003517,1,0.00534469006076,0.00537291373028,0.00530023937647,0.497495874745,0.284558334,0.0359811894517,0.00628815000534,0.159658608631
C003518,0,0.00488759344548,0.205793080067,0.00514081677816,0.681291604371,0.0798883263705,0.00506870937645,0.00468560563349,0.0132442639579
C003520,3,0.00612503197381,0.00612503197381,0.0217357322327,0.00612503197381,0.00977608370465,0.00612503197381,0.00315729956228,0.940830756605
C003521,4,0.0080526229624,0.0105929518866,0.0102488575453,0.0100600052842,0.00772984896254,0.752029291016,0.149991972245,0.0512944500971
C003522,3,0.845573929976,0.00629724600296,0.0957253380924,0.00629724600296,0.00629724600296,0.00629724600296,0.00741287135767,0.0260988765625
C003523,4,0.00506222837053,0.0079997928804,0.7683233368,0.00801983399912,0.00484006139149,0.00486590636492,0.0367631579136,0.16412568228
C003526,2,0.00480890976429,0.0115535086444,0.0118167407517,0.00677996901889,0.525587790088,0.00788473443286,0.0533398380627,0.378228509237
C003527,2,0.00489288661091,0.00829299481587,0.00833102901267,0.30539598683,0.573571048714,0.00734492750545,0.0102395538359,0.0819315726745
C003528,3,0.00399619374232,0.942326793299,0.00402299804687,0.00399619374232,0.0129887159336,0.00399619374232,0.00501155734277,0.0236613541504
C003529,1,0.0576620053007,0.0106992654581,0.00781872203196,0.0371186267082,0.00789855668163,0.0384951605672,0.00932821404762,0.830979449205
C003531,2,0.731139235883,0.0105744224626,0.0143308785265,0.0270602453047,0.0141421051914,0.0125163808927,0.0157601374212,0.174476594318
C003532,3,0.122725903649,0.8349652157,0.00580975455353,0.00494188228756,0.00494188228756,0.00494188228756,0.00636929327184,0.0153041859629
C003534,1,0.200827075038,0.00426647803795,0.636226827071,0.0946898741051,0.0293987184122,0.00426647803795,0.00504412226626,0.0252804270318
C003537,2,0.00305776898435,0.966436196619,0.00225391678807,0.0021939125733,0.00226451753456,0.00203303546471,0.0028913454024,0.0188693066331
C003540,3,0.107466207649,0.0203148571045,0.0200120517097,0.0129810052146,0.0161865149648,0.238152520108,0.0254632536625,0.559423589587
C003541,3,0.00189340045512,0.00189340045512,0.00169205185538,0.0100546627495,0.000644383591287,0.000584549574774,0.00100658815232,0.982230963167
C003542,3,0.00815422621394,0.00815422621394,0.0081749666508,0.207066455926,0.339852347031,0.332542615892,0.011016948313,0.0850382137592
C003543,4,0.00462250084641,0.00462512233831,0.00447881606598,0.795447345974,0.00461892253188,0.14755736746,0.00486656373461,0.0337833610492
C003544,3,0.234090372179,0.00176611043498,0.00163843573614,0.736507978308,0.00163427891515,0.000980498029101,0.00206920453112,0.0213131218673
C003545,1,0.00383560979364,0.875886012336,0.00414540535095,0.00244079285039,0.0031747818913,0.083845193478,0.0067239543531,0.0199482499462
C003546,0,0.490948998767,0.00689491811829,0.181142616093,0.00875041587235,0.00875041587235,0.00875041587235,0.280877740092,0.0138844793126
C003547,4,0.0250648648179,0.0105724474962,0.0119356338797,0.405272166955,0.0201666323448,0.0122660854829,0.0173327873779,0.497389381646
C003548,1,0.00412466427178,0.0100609804371,0.0518049488907,0.0110674949195,0.02781939063,0.00984263163285,0.200682216065,0.684597673153
C003549,2,0.0290206208014,0.0349393870705,0.0338018767185,0.0341122641876,0.0352647122535,0.0312879668183,0.0368176983457,0.764755473805
C003550,3,0.05214151153,0.05214151153,0.0522741345036,0.0677229068653,0.321211893135,0.0309057555524,0.0645639644015,0.359038322482
C003551,3,0.0144962185991,0.0445023897405,0.0222027297359,0.850297809503,0.00590171820945,0.00459124851342,0.011804462965,0.0462034227331
C003553,4,0.0093109458953,0.00931622627705,0.27917263271,0.00914461779617,0.6296899409,0.0093109458953,0.0101341722407,0.0439205182853
C003555,0,0.0400959779611,0.0168364730677,0.0658418862294,0.0777530745082,0.00734368750383,0.71397266773,0.017573864447,0.0605823685527
C003558,2,0.00392293906566,0.94793665454,0.00376593260325,0.00385330640016,0.0039081689211,0.00335515496275,0.00424206888518,0.0290157746218
C003559,1,0.121220260017,0.0120266909172,0.724206738944,0.0159558946784,0.0161847546891,0.0162323289608,0.0137898994405,0.0803834323528
C003562,1,0.00799203263144,0.887495205007,0.00792972106028,0.00800639905464,0.00801068908807,0.00847968787031,0.009781480785,0.0623047845035
C003563,1,0.00685576841642,0.438185292214,0.00679875040528,0.304400851212,0.0530410948885,0.146669371822,0.00829438169109,0.0357544893504
C003564,1,0.0394956828099,0.0179895626624,0.0788819189068,0.0176820213476,0.0117592544144,0.0151873551753,0.732930211993,0.0860739926902
C003566,2,0.00761201759105,0.00579801353557,0.0136812161921,0.00453520148312,0.00147524409306,0.00433686225204,0.00590162149386,0.956659823359
C003567,0,0.00967787582612,0.340093459064,0.00996783762594,0.571962154763,0.0100908029023,0.0100908029023,0.0137494446938,0.0343676222229
C003568,4,0.504522904545,0.0184640631917,0.013301879878,0.0181318771398,0.0184473798769,0.0184616712028,0.121429525035,0.287240699131
C003569,4,0.0148409883562,0.0172557546586,0.0167370133451,0.016937897003,0.0172326239541,0.0172459741993,0.731146573401,0.168603175083
C003570,2,0.00143186816275,0.00258556370589,0.00259742188752,0.00175642905637,0.00260963822626,0.00230225584876,0.964116673669,0.022600149443
C003571,0,0.0177962860882,0.0126198770415,0.0295072668424,0.347886957129,0.0441430693062,0.0132182453235,0.358890265287,0.175938032982
C003573,0,0.00356347664184,0.00372505864477,0.899551959986,0.00372505864477,0.00372505864477,0.0492483128548,0.0052860940838,0.0311749804996
C003574,1,0.225989342647,0.119289688757,0.023497394791,0.0234016628969,0.0155496729413,0.123850509716,0.0263299699771,0.442091758274
C003576,0,0.00147772091107,0.00154077100453,0.949494473755,0.033500900797,0.00154077100453,0.00154077100453,0.00244294759476,0.0084616439288
C003577,0,0.00486293734724,0.00517283375463,0.00512498888158,0.00517283375463,0.00517283375463,0.00517283375463,0.92149536827,0.0478253704823
C003579,0,0.332506376849,0.00411100804018,0.00206855169401,0.00484235976348,0.00484235976348,0.638241482879,0.00557605493062,0.00781180608052
C003580,4,0.00451878565056,0.0026888303665,0.0221443260545,0.00829109772456,0.00391983316097,0.00475566104883,0.00509484272095,0.948586623273
C003581,4,0.00236499939508,0.00384269433025,0.00536189314225,0.435626358137,0.468761863954,0.0229030872016,0.00301586719958,0.0581232366402
C003584,0,0.00309828548418,0.00540525626118,0.00196190498434,0.00570784256972,0.00236549023363,0.00439596750708,0.00223046281983,0.97483479014
C003585,4,0.00312414139494,0.00205465798222,0.00737664348578,0.00306833261832,0.00297845511299,0.00103719207396,0.00323928745416,0.977121289878
C003586,1,0.00550084816574,0.00552989645834,0.0148558676895,0.00543535988401,0.0629057377738,0.00265395656719,0.00654048018525,0.896577853276
C003587,1,0.318042329884,0.0073642238123,0.0131310700648,0.0130766982835,0.0132651475232,0.49154701494,0.0163988492376,0.127174666255
C003588,2,0.00720669488153,0.00439731454181,0.00746078653696,0.00715191979459,0.00446322792314,0.00670023400176,0.836146825406,0.126472996914
C003589,0,0.00465560644631,0.00576326243371,0.00764025016741,0.00739844877968,0.101969090187,0.0198154538483,0.00868071927587,0.844077168862
C003590,0,0.0261301379249,0.021105138535,0.0209622429656,0.645289023506,0.021105138535,0.0168403887525,0.153787549985,0.0947803797961
C003591,1,0.000854593732747,0.00130325592208,0.000797384174142,0.000308869687417,0.0012994362945,0.00130325592208,0.000634458495698,0.993498745771
C003593,3,0.037379257521,0.037379257521,0.0313101199225,0.037379257521,0.037379257521,0.037379257521,0.0447554566953,0.737038135777
C003594,3,0.0102542479472,0.0102542479472,0.010323027892,0.0102542479472,0.00857856145808,0.0102542479472,0.831647321205,0.108434097656
C003595,1,0.0213014737904,0.0214139603425,0.0158115140679,0.105643515093,0.0213511995661,0.0214139603425,0.0264585111928,0.766605865605
C003596,3,0.00963807710838,0.337135695106,0.00966259174955,0.00963807710838,0.00963807710838,0.508066706045,0.0136694543909,0.102551321384
C003597,2,0.0104575262465,0.010495070902,0.0105873189367,0.794416779265,0.0800881795056,0.00904758275123,0.0126210669012,0.0722864754913
C003598,1,0.00477287188161,0.00479807595465,0.00473317689112,0.00471636539503,0.942506035356,0.00479807595465,0.00586410942718,0.0278112891397
C003599,0,0.0161604484738,0.774053531079,0.0166402370607,0.0168499682463,0.0168499682463,0.0311285322658,0.0190307152605,0.109286599367
C003600,4,0.0140040935215,0.0140120354601,0.0136565312458,0.752086299272,0.0139932528417,0.00959431097836,0.0157881163749,0.166865360306
C003601,0,0.0233815671634,0.187913132188,0.0467178384387,0.124112119737,0.0783620638451,0.047226157985,0.0623126893694,0.429974431273
C003604,4,0.685360632581,0.0142604416714,0.148003688543,0.0140038827672,0.0284457309009,0.0142585942547,0.0166759863292,0.0789910429527
C003605,3,0.02118875101,0.027303724951,0.0212426450203,0.456034490178,0.17320859007,0.0243011262041,0.0261488013273,0.250571871239
C003607,1,0.0269426242812,0.0406558378864,0.0401269578938,0.039960804323,0.360215314525,0.165679989824,0.0491098820818,0.277308589184
C003609,1,0.0193438431075,0.0270238129879,0.0191442577626,0.0193395140972,0.0228469539871,0.0194067546921,0.0221997666399,0.850695096726
C003611,1,0.0128929344719,0.0465662484138,0.0488685686358,0.0600347593151,0.0914887932801,0.0665156758412,0.070858534513,0.602774485529
C003612,2,0.00750680778277,0.00753375875624,0.00621978956477,0.403629288741,0.00760390656511,0.0062584135112,0.51737214253,0.0438758925486
C003613,4,0.041019934375,0.0410431974157,0.145201742958,0.0298327326286,0.0409881805187,0.041019934375,0.0446699034606,0.616224374268
C003614,2,0.015082550776,0.0292182428224,0.0274400918859,0.0516054107792,0.0150763279277,0.0206304729273,0.0407203653154,0.800226537566
C003617,1,0.463700995681,0.0166686808895,0.0102222423353,0.0103258111319,0.431489448163,0.0103624048457,0.0120038125451,0.0452266044093
C003619,1,0.00137927180601,0.00138655531754,0.00136851802193,0.940567886188,0.0438194184906,0.00138655531754,0.00167937926638,0.00841241559185
C003620,2,0.0252712596964,0.0129578562323,0.0130172849025,0.0123535684464,0.0318259260408,0.682426444077,0.0156475493162,0.206500111288
C003621,2,0.0141418498681,0.0139586341375,0.0135758553975,0.795486321633,0.0140886047977,0.012402806248,0.0162484567179,0.120097471201
C003622,3,0.0153412137842,0.0247916260074,0.00958521789556,0.00785250376857,0.017938312873,0.0196329259067,0.137576211519,0.767281988246
C003623,4,0.000988279180057,0.000988407226578,0.000254959788636,0.000970624840822,0.000987514145311,0.00300200116616,0.000734570604424,0.992073643048
C003624,1,0.0155162438054,0.0305934588069,0.0169100884384,0.0105423660063,0.011158225386,0.0105852134387,0.0180776194507,0.886616784668
C003626,2,0.00949257001142,0.00952665027696,0.210473115268,0.327877209267,0.00961535415829,0.347185441212,0.0105562417156,0.0752734180897
C003628,4,0.0237104986769,0.0278920442546,0.102715875049,0.0125543808199,0.0200337728867,0.0471086257701,0.0364736532485,0.729511149294
C003629,2,0.0281438188237,0.0282448608826,0.0147465282718,0.0280401717909,0.0285078524604,0.026368813536,0.0315006091295,0.814447345105
C003631,0,0.0185657262907,0.689052212753,0.0192417981569,0.0971981330967,0.0193500564384,0.0193500564384,0.0259252055808,0.111316811245
C003632,3,0.280464247802,0.494194196015,0.00895507990557,0.0693469690157,0.0746135853773,0.0134582480081,0.0171329441774,0.0418347296992
C003634,4,0.00487781680392,0.00488058308945,0.0394288861714,0.215681047123,0.00884277164837,0.703204449608,0.00524395520155,0.0178404903541
C003635,4,0.237810767424,0.182101301386,0.138882223392,0.021556209899,0.0219312975512,0.0219482878948,0.0231814050509,0.352588507402
C003636,1,0.19332544127,0.0070126895238,0.00692146348161,0.00831846196735,0.00699213649057,0.00292160697718,0.00821913579017,0.7662890645
C003637,3,0.0188509805049,0.233384821307,0.00712793946148,0.00710985540259,0.372736114503,0.31527547354,0.00569145275932,0.0398233625214
C003638,4,0.378987903954,0.00639553961284,0.00620327733946,0.00627773130669,0.00343399353605,0.567637693156,0.00680470614671,0.0242591549479
C003639,3,0.00808024902595,0.00376563492102,0.00175074527466,0.00621144255792,0.0128778876464,0.00266015021513,0.00409502045879,0.9605588699
C003640,0,0.00492085047906,0.0423545887489,0.00508335281518,0.00513080899034,0.754767781711,0.0648292476275,0.110934742089,0.0119786275388
C003642,1,0.00441321855852,0.00706807156296,0.00697612507188,0.00694770329695,0.0273180417945,0.00706807156296,0.00852316590394,0.931685602248
C003643,3,0.0285011677166,0.108087051733,0.0369325302941,0.0554787045832,0.100913522219,0.0351806259473,0.0469736727237,0.587932724784
C003645,3,0.016038107928,0.118132762286,0.0321628266513,0.0328583239432,0.38559841145,0.0328583239432,0.242707010982,0.139644232816
C003647,1,0.00153710805395,0.181997085253,0.223840163691,0.00663835183198,0.00970534547282,0.0271372908987,0.00777502009717,0.541369634701
C003648,4,0.0487259832386,0.0034635287952,0.00334955644004,0.00339972925905,0.00255971443208,0.00346156568763,0.905397313507,0.0296426086401
C003649,4,0.000893956267731,0.000894463244188,0.015829577403,0.000877986886276,0.977340473986,0.000893956267731,0.000957830634344,0.00231175531053
C003651,3,0.0176730958071,0.0297395788033,0.415558921048,0.0291572519335,0.0291572519335,0.302036482321,0.0539736856734,0.12270373248
C003652,2,0.00206867871841,0.00204187780578,0.00198588469027,0.00197619662697,0.00206088999593,0.969134259331,0.00242902484657,0.0183031879852
C003653,4,0.0132865114407,0.086471024472,0.0129233167069,0.704906090329,0.0132762262469,0.0132865114407,0.0154691611876,0.140381158176
C003654,2,0.0262299710713,0.0263241420259,0.164246429224,0.267232531132,0.0230353650353,0.122476012947,0.170611423974,0.19984412459
C003655,4,0.0415958988883,0.0248313845942,0.0416755321229,0.0724818559448,0.0190723027381,0.0431149662552,0.136100035188,0.621128024269
C003658,3,0.000588541770393,0.000588541770393,0.000590038738114,0.000101422295819,0.000188915707694,0.00035891035822,0.000680218460603,0.996903410899
C003659,4,0.0667612526226,0.00360393167983,0.628103277985,0.00353754586841,0.00359910074193,0.248778408011,0.0349892149785,0.0106272681124
C003660,1,0.0343343751185,0.010592672252,0.010449395131,0.799789734094,0.0316741802558,0.010592672252,0.012785932313,0.0897810385839
C003661,2,0.00134203516665,0.00134685334705,0.00135303042619,0.11154723785,0.000720110073339,0.00123170706768,0.875140933889,0.00731809217946
C003662,3,0.163698081669,0.0246528643895,0.0241310483514,0.0246528643895,0.0246528643895,0.0246528643895,0.0288046891839,0.684754723238
C003663,0,0.103581386256,0.0972979713927,0.0345437194923,0.034969857856,0.364154079757,0.034969857856,0.0570642901837,0.273418837206
C003664,1,0.00552543355804,0.00555461167856,0.00547947966738,0.00545965258415,0.52299279692,0.417399433154,0.010507258297,0.027081334141
C003665,1,0.00818803929392,0.00684326067525,0.00334580788668,0.00672672090709,0.12891784693,0.00332760429444,0.775837143571,0.0668135764418
C003666,0,0.0223106205346,0.293052087396,0.00101155751976,0.000994149879259,0.000994149879259,0.000994149879259,0.677608475728,0.00303480918367
C003667,2,0.666244569794,0.29828852682,0.00321298758267,0.00304036439684,0.00317066454012,0.0027731993189,0.00403981083289,0.0192298767145
C003669,1,0.563775703634,0.0030879558899,0.00243972863985,0.00303516561187,0.00307890560188,0.386605837628,0.0285550826257,0.00942162036955
C003672,4,0.0226123673497,0.0354749431313,0.0319107775508,0.0348367151757,0.023573675208,0.0354703474111,0.0364695495278,0.779651624646
C003673,4,0.00744239571027,0.00442966351579,0.00516488118716,0.00261263222645,0.00669613081596,0.00303440165828,0.0171117395268,0.953508155359
C003676,4,0.00543294204311,0.00987772819179,0.0105433452358,0.0805029337318,0.0177373569272,0.00446060067019,0.0120995232829,0.859345569917
C003677,0,0.00682427157032,0.126225695879,0.00609124018369,0.0880806039963,0.00276597381836,0.00479849769737,0.752303518731,0.0129101981237
C003679,0,0.00560627189752,0.0036405008868,0.0650347694223,0.00581208954867,0.00340260305865,0.00581208954867,0.84381652515,0.066875150487
C003681,3,0.0813124399508,0.303971029649,0.0142835190828,0.0086128791197,0.00670254276721,0.00724898058618,0.0130105282132,0.564858080631
C003684,0,0.0115680738984,0.0119967434465,0.316610649303,0.0832854807195,0.0119967434465,0.0119967434465,0.524704131835,0.0278414339045
C003686,4,0.0923671485126,0.0319565662466,0.0125740749563,0.00480109459208,0.0140358584934,0.00555464003102,0.00814409171047,0.830566525458
C003687,0,0.0113460050044,0.0164694171821,0.0104256210381,0.491878580432,0.0141877657832,0.386996738924,0.0175664090109,0.0511294626249
C003688,1,0.0055836819257,0.00606287454735,0.00755099357146,0.00501697357438,0.00755743029528,0.0356379594346,0.00967887640509,0.922911210246
C003689,4,0.00186725497838,0.00186831392762,0.000636842921898,0.00183389886455,0.0163759424792,0.00120433679038,0.00222397583773,0.9739894342
C003690,0,0.0489379497695,0.713566549785,0.00493028192799,0.00499110289064,0.00499110289064,0.0376652314938,0.175522113928,0.00939566731472
C003692,3,0.0195717424803,0.0243162675628,0.027868120398,0.0211427358588,0.0407965386929,0.0274428611987,0.032228764354,0.806632969454
C003693,4,0.0124209635747,0.0124225728985,0.011820890105,0.012199079001,0.0664386379381,0.00887642185796,0.0131289262696,0.862692508355
C003696,4,0.00260556449641,0.628980230456,0.00254837147865,0.34672283965,0.00260354750828,0.00260556449641,0.00283973056375,0.0110941513505
C003697,1,0.00802344200148,0.00806581133869,0.00796088554053,0.00792792192631,0.0129657525582,0.0649079661195,0.833128598827,0.057019621688
C003698,1,0.00925845277384,0.00930734382428,0.00918626729044,0.00919415365975,0.00928006553877,0.593712716545,0.314075415569,0.0459855847986
C003699,4,0.0668028785657,0.0991431383392,0.781312541437,0.00621745961101,0.00632564617712,0.00633054670349,0.00962358138902,0.0242442077771
C003700,2,0.00144500536949,0.00196518340181,0.00166124568427,0.00191699273271,0.00198348148038,0.977164094824,0.00224728935455,0.0116167071525
C003701,0,0.0126006373252,0.298933062169,0.0374648967534,0.037598542753,0.0170047805001,0.103178930083,0.165223705073,0.327995445343
C003702,4,0.023891451553,0.110062623055,0.044532723173,0.0162410059415,0.0185659762413,0.0460803112176,0.0453178728679,0.69530803595
C003704,4,0.0630234816372,0.0308892327528,0.0276990916084,0.0303335060869,0.0216742755611,0.0426368000873,0.501174209794,0.282569402472
C003707,4,0.0122312193766,0.0246968676443,0.0157403736809,0.0814822635651,0.148540675532,0.0472856755386,0.0188673396298,0.651155585032
C003708,2,0.000909996381626,0.00279266786571,0.00372901486855,0.00372729693553,0.00159980931063,0.00445689722998,0.00179398669375,0.980990330714
C003710,0,0.943121011141,0.00343882095556,0.00341192019457,0.00196144816546,0.00444129887075,0.00343882095556,0.00446519067321,0.0357214890437
C003711,1,0.0184615986391,0.0133002050173,0.569233442549,0.0186222688767,0.243353585421,0.0245280565261,0.0291571621837,0.0833436807871
C003712,0,0.0119519520314,0.0460978280208,0.093580899976,0.0375178844672,0.0566849161031,0.0420096074679,0.0664258833056,0.645731028628
C003714,0,0.00649436271302,0.0106159761729,0.0290390636849,0.0106159761729,0.649712282351,0.0106159761729,0.0124163391075,0.270490023625
C003715,4,0.0576262379281,0.0124615041343,0.436059307322,0.0196839113082,0.0200264201309,0.119880046891,0.0221314061509,0.312131166134
C003716,1,0.00154277788651,0.00126159078288,0.000703742143084,0.00200132888989,0.000269538444267,0.00126159078288,0.000487613810401,0.99247181726
C003717,3,0.0487110479456,0.0247482908853,0.0171307573596,0.608027567742,0.016205505568,0.01943502066,0.0310448289797,0.23469698086
C003718,0,0.0193809703485,0.0221494836195,0.0219762155219,0.0221494836195,0.604092997328,0.0221494836195,0.0313726167097,0.256728749233
C003719,3,0.451818194741,0.0176834946737,0.338417253082,0.0176834946737,0.0264742196821,0.0176834946737,0.0249221214238,0.105317727051
C003722,4,0.206322586261,0.0484920194088,0.0468368732331,0.0475987777101,0.0246020275579,0.0305160132643,0.0607457259965,0.534885976568
C003723,0,0.842803826832,0.00585059942889,0.00780412084517,0.00790248287642,0.00855694005079,0.10086421297,0.00930655104964,0.0169112659468
C003726,4,0.00870757470176,0.031601722641,0.00642305234208,0.00441958031447,0.00306476197374,0.0122714767508,0.00726679414592,0.92624503713
C003727,3,0.0247244182353,0.00368212754399,0.0137944449852,0.437728601024,0.00368212754399,0.496676207048,0.00414910987436,0.0155629637451
C003728,4,0.283590443561,0.0171187066995,0.0168005214286,0.0168033735201,0.483376128565,0.108393389133,0.0186352405968,0.0552821964957
C003730,1,0.00387791691162,0.002703766983,0.00384566507693,0.00266527073271,0.600367538143,0.339041602662,0.00443465697603,0.0430635825153
C003731,2,0.00228760610737,0.80868290723,0.00231599853442,0.00218338536134,0.157276483967,0.00327196332145,0.00279742024797,0.0211842352302
C003733,0,0.000181025827722,0.000813199786965,0.000244661207949,0.00171917807324,0.00188322673872,0.000526221951048,0.000909032209918,0.993723454204
C003734,4,0.308865288508,0.00440225269425,0.0703600016757,0.00432116150186,0.420603587942,0.00439975752355,0.175866989252,0.0111809609028
C003736,2,0.341912846655,0.00333018846219,0.00340606260169,0.604778440773,0.0331949563426,0.00303734598352,0.00376368297047,0.00657647621106
C003737,4,0.0200411842593,0.0200525499256,0.0383285858434,0.254946499067,0.0200256702197,0.141781696459,0.27325705735,0.231566756875
C003738,4,0.0116738194726,0.0135742505997,0.0114297176074,0.188232121577,0.242900530319,0.0116738194726,0.473070384991,0.0474453559614
C003739,0,0.00366083043535,0.00244554841302,0.00585147693588,0.00175227244819,0.00244554841302,0.00422008799091,0.00267245722938,0.976951778134
C003740,2,0.207782564364,0.0303104399496,0.0221732691483,0.0195412287727,0.022277555698,0.0174552030822,0.566827845503,0.113631893482
C003741,0,0.380628581946,0.00883756869733,0.399970901498,0.0110643040446,0.0110643040446,0.030225404936,0.0125132005001,0.145695734333
C003742,1,0.00290132638977,0.0258914657082,0.0225918861413,0.0188320406969,0.0175304598698,0.00833905653093,0.00826997401485,0.895643790648
C003743,3,0.00346692853562,0.558021708819,0.00402175861565,0.404579769808,0.00397515997821,0.00397515997821,0.00525074405427,0.0167087702112
C003744,0,0.129335265217,0.0406876434584,0.110348125992,0.0406876434584,0.0223852589365,0.0187906791032,0.069188020149,0.568577363685
C003745,3,0.000555382388334,0.000291603702662,0.00149223582287,0.00631933782821,0.000661092108684,0.000724669017881,0.00196328930913,0.987992389822
C003746,0,0.0323208928839,0.00623932191237,0.765972621705,0.00623932191237,0.00623932191237,0.0402945744674,0.127039690209,0.0156542549977
C003748,3,0.0209816368997,0.0262066622288,0.301843944841,0.333173586162,0.0153998912138,0.0262066622288,0.130326346412,0.145861270013
C003750,3,0.269788953492,0.0131362545551,0.0131076384933,0.0131362545551,0.0131362545551,0.0131362545551,0.0200579774067,0.644500412387
C003751,4,0.258019362987,0.0165346403323,0.543248983876,0.00360497446803,0.00366770262922,0.160739335899,0.00406863687785,0.0101163629312
C003753,1,0.00403379582286,0.343323776708,0.53254444424,0.00942388756504,0.00955969588677,0.0095877961316,0.0112303444468,0.0802962591987
C003754,2,0.00573864465525,0.00575924756189,0.00560131538149,0.00545674255659,0.218294107338,0.72143439216,0.00676060379434,0.0309549465519
C003756,2,0.467464008774,0.0148392120738,0.0151773047853,0.0143151001055,0.00906098518705,0.0134571413356,0.0535782067716,0.412108040967
C003757,1,0.195065868254,0.0336842898955,0.087876797222,0.221548271849,0.112475443506,0.0297572979417,0.0391351790101,0.280456852322
C003758,3,0.0188706207675,0.0121726812276,0.0122036426848,0.0121726812276,0.240137360679,0.223784551596,0.331773876491,0.148884585326
C003760,1,0.00274588492213,0.0154130995844,0.720665724365,0.200666543884,0.00416969826465,0.0322223296307,0.00329735327381,0.0208193660756
C003764,3,0.115112704302,0.1277987415,0.0192712549776,0.0199538421377,0.0199538421377,0.0199538421377,0.0250135337288,0.652942239079
C003765,2,0.00380298702284,0.00350835701574,0.0781475719962,0.268321867833,0.0570140112318,0.0036160503855,0.569910195179,0.015678959336
C003766,0,0.0373979045915,0.0353999388554,0.0351602581532,0.280997493104,0.0353999388554,0.0353999388554,0.0429419891808,0.497302538404
C003770,2,0.474893605554,0.00378464985924,0.495095347632,0.00347424423535,0.00381988922692,0.00340478957727,0.00480327219897,0.0107242017162
C003772,4,0.00274574863956,0.00166497953182,0.00408207819744,0.00479021470792,0.00487356657711,0.00360054610439,0.00518626372419,0.973056602518
C003773,2,0.0345927789366,0.034144609756,0.105633276115,0.0314737688476,0.0344625346639,0.585635812164,0.112578579226,0.0614786402905
C003774,2,0.0549132050431,0.0550105172212,0.0521429363889,0.320219748655,0.0521698908062,0.0475554261754,0.171898617385,0.246089658325
C003775,0,0.0204506099259,0.00244633116124,0.0018364244541,0.00244633116124,0.00662095791423,0.00882638493988,0.00297277197224,0.954400188471
C003776,0,0.00201778032722,0.00210387319986,0.504094164071,0.00210387319986,0.00154481276409,0.47718592242,0.00302258461154,0.0079269894058
C003778,3,0.135176587873,0.0093639091168,0.0445265893426,0.0155501762107,0.0509093225608,0.0155501762107,0.0216205686908,0.707302669995
C003779,3,0.0130672482283,0.0156670526333,0.0142089325107,0.0141728834991,0.269499415046,0.0141728834991,0.469234304458,0.189977280125
C003781,2,0.627402381495,0.0153521947497,0.0157019751237,0.0149078597005,0.0154951410342,0.0129586221983,0.0181541413903,0.280027684309
C003783,4,0.0475402215609,0.0774875227712,0.0142879981414,0.0145409921438,0.0265543135461,0.0148054729167,0.0160161190638,0.788767359856
C003784,0,0.0101726791179,0.691668094638,0.0103917343747,0.0274986485617,0.0104840383905,0.208016888387,0.0127647236091,0.0290031929211
C003785,1,0.008725105811,0.00463024393683,0.508730281766,0.00631613226841,0.00640715450497,0.429447355065,0.00775211818619,0.0279916084625
C003786,0,0.0068645358224,0.00727713955324,0.289443357828,0.0042997478131,0.641754711124,0.00668467754565,0.00878596818188,0.0348898621323
C003788,4,0.00534794335712,0.0053486362641,0.109412745427,0.00525240921237,0.317700065331,0.381164832049,0.161589432905,0.0141839354544
C003789,3,0.00922701268882,0.0173409647588,0.0173850718482,0.0173409647588,0.0173409647588,0.00676008651761,0.0751770562173,0.839427878451
C003790,3,0.00235031267086,0.00235031267086,0.00231527982013,0.941280743836,0.00235031267086,0.0343798410676,0.00675688543397,0.00821631182944
C003791,1,0.0315809330941,0.152672069259,0.0313182809907,0.0316377027634,0.0294297193901,0.031747702319,0.0370788548646,0.654534737319
C003792,4,0.00946248926172,0.00920900109302,0.453693111183,0.00929345403483,0.109506130505,0.00946248926172,0.36129146763,0.0380818570314
C003793,4,0.0082049146558,0.00599258409344,0.331782064136,0.00805834438532,0.00690747085201,0.00724501092203,0.602517992528,0.0292916184278
C003795,0,0.00855206673483,0.00909705725549,0.00453539615114,0.0042474618341,0.00408084906162,0.526715258962,0.0101564001542,0.432615509847
C003797,1,0.0278928137307,0.0188328582339,0.185164153487,0.00728525966671,0.392857762857,0.00963765736936,0.011398217415,0.346931277241
C003798,2,0.00346700400787,0.00190164612518,0.0292934336349,0.00329568277919,0.00157850863416,0.000920094586775,0.00375267294403,0.955790957288
C003799,2,0.0332200029855,0.818090157133,0.00659094574947,0.0060756562985,0.00662194465121,0.00600183952431,0.0894764651588,0.0339229884992
C003801,3,0.0212284928509,0.0212284928509,0.0213708820903,0.723304603827,0.0377541989826,0.0212284928509,0.00711727444209,0.146767562105
C003802,3,0.00608784820562,0.00608784820562,0.463622899665,0.00608784820562,0.00608784820562,0.00608784820562,0.481596618409,0.0243412408978
C003803,0,0.0458558922741,0.00331007725419,0.00163829061304,0.00105563629739,0.0189792841592,0.0742319479751,0.00891445842667,0.846014413
C003804,2,0.00665823430824,0.0131014048546,0.808986302901,0.0092998555159,0.0343634024714,0.012170641054,0.0152637907473,0.100156368147
C003805,0,0.183602383676,0.0170808699213,0.0173831678326,0.0170808699213,0.14952754461,0.524757741567,0.0219622086082,0.0686052138633
C003806,0,0.00171770495486,0.00257593815019,0.00301265807007,0.00125761198357,0.00305062918471,0.00448569981809,0.00476103323515,0.979138724603
C003807,1,0.00460283290513,0.00462713905447,0.0222069775123,0.235095815171,0.118244252184,0.00462713905447,0.592501916001,0.0180939281175
C003808,4,0.0330755430363,0.0328011245442,0.0260267669883,0.0324846909078,0.0330499389964,0.0330755430363,0.0372388723551,0.772247520135
C003809,3,0.0151674396219,0.0151674396219,0.0154089737905,0.0151674396219,0.0151674396219,0.0764946873177,0.745984912476,0.101441667928
C003811,2,0.000669175356705,0.964862277728,0.000686878885944,0.000654009040516,0.000677830981597,0.0171111315819,0.0122100767292,0.00312861969606
C003812,4,0.0116551244913,0.0126883949905,0.0124525558894,0.0124546698613,0.0357084449717,0.0126812032834,0.832735407746,0.0696241987666
C003813,4,0.00351878309378,0.00402752214455,0.00334064352881,0.00187675587938,0.00249963740047,0.904562349776,0.00434697572088,0.0758273324559
C003814,1,0.0203703119504,0.245300475307,0.0204325587226,0.0201278008526,0.525008878197,0.0204778813223,0.0253639297287,0.122918163919
C003816,2,0.0268321458376,0.026484520085,0.165273593556,0.0243123392265,0.0267311209004,0.520155331355,0.0292852303221,0.180925718718
C003817,2,0.913985338857,0.0052692543089,0.00512475890162,0.00499248624407,0.00531831702195,0.0209174599142,0.00641557227274,0.0379768124794
C003818,4,0.0121117519718,0.0374908087804,0.00781959883524,0.00753518488068,0.00807483077458,0.00487963599545,0.875653261124,0.0464349276375
C003821,3,0.0052147485872,0.0052147485872,0.698863654397,0.10118490214,0.00446045434173,0.148127611633,0.0063545911657,0.0305792891485
C003822,3,0.00196501148379,0.00196501148379,0.00197000952966,0.702926642522,0.00196501148379,0.27555810462,0.00267470799877,0.0109755008784
C003823,2,0.011430361239,0.0112822743901,0.568978290983,0.0106550774103,0.0113873251162,0.0099470630571,0.0113967192423,0.364922888562
C003824,2,0.00975290821466,0.00592353744022,0.00576110004305,0.00561240309403,0.920480438784,0.00545787270747,0.00698999873414,0.0400217409826
C003826,4,0.0446278598964,0.045972694581,0.0448653065971,0.0762163825462,0.0459110698744,0.0459466375307,0.0499058532518,0.646554195722
C003828,1,0.0020702217445,0.948908619449,0.00296612957754,0.00295539686173,0.00545566408708,0.00617448349307,0.00354714201508,0.0279223427724
C003831,3,0.00226836059177,0.00226836059177,0.00184584110801,0.00473859955424,0.00226836059177,0.0402652239335,0.000995418735546,0.945349834893
C003834,3,0.0112727709038,0.0131007565965,0.212200923137,0.05011646932,0.634507504356,0.0156983208016,0.00824175308905,0.0548615017964
C003838,2,0.00142039832741,0.0276146805603,0.00116576270529,0.00696060649929,0.942856534723,0.0012790501204,0.0018355536341,0.0168674134307
C003839,1,0.00262754587893,0.933563389696,0.00611937100451,0.00503958413929,0.00618509612174,0.00620327690043,0.00843348369348,0.0318282525658
C003842,0,0.00417650804269,0.016475925798,0.0303180758473,0.018671534928,0.0618142209985,0.00663992264626,0.0186986447111,0.843205167028
C003843,4,0.914847135917,0.0031724895375,0.00310847948858,0.00311405105673,0.0390306996962,0.00317069138926,0.00345648899911,0.0300999639152
C003845,2,0.00677632537465,0.0106045289039,0.0107698764834,0.00554719100626,0.00474894583658,0.00947598210848,0.636690763471,0.315386386816
C003846,3,0.00521320803514,0.0121426092463,0.0122849504474,0.377515734006,0.0967162459041,0.0121426092463,0.431556775388,0.0524278677264
C003847,1,0.198234839638,0.00718847998625,0.00709496713696,0.0070655890284,0.662373027831,0.00718847998625,0.00348234693993,0.107372269453
C003848,0,0.0282099987985,0.401596039654,0.198855729447,0.0585306753049,0.0155546067988,0.0370028469503,0.0411135515409,0.219136551505
C003850,0,0.00629828971485,0.330593059776,0.609002544142,0.00662507641622,0.00662507641622,0.00662507641622,0.0087680233742,0.0254628537442
C003852,3,0.0104876901048,0.0104924454447,0.0105580358532,0.0104876901048,0.0104876901048,0.864683182347,0.0178248208618,0.0649784451791
C003854,2,0.0175641424867,0.0173365890033,0.017731581295,0.0164616757702,0.0174980122412,0.0151910855391,0.732895418811,0.165321494854
C003856,3,0.00243445471942,0.948641557035,0.00247322223796,0.00243445471942,0.00243445471942,0.00243445471942,0.00278014902333,0.0363672528257
C003858,2,0.00718670123659,0.00721250296217,0.00737683073582,0.136267853567,0.360481673823,0.421171867868,0.00846281656252,0.0518397532453
C003859,2,0.0688645736653,0.0577002615568,0.038279280672,0.0155883526917,0.664783983962,0.0276579212681,0.0189723195039,0.10815330668
C003860,2,0.00959932892138,0.00553039506673,0.00141005109457,0.00525955365257,0.00953946929045,0.037668909106,0.0144158379557,0.916576454913
C003862,1,0.00980653978125,0.017236191414,0.0170772678164,0.00967024004344,0.00612213760449,0.113137590053,0.772365802856,0.0545842304311
C003867,3,0.00752317768667,0.00918040070496,0.682256260601,0.00679976614217,0.0138106144464,0.018529265236,0.227857810226,0.0340427049562
C003869,1,0.0071863655268,0.00748764610341,0.0103109298771,0.0102736205564,0.0104216744414,0.863205581041,0.0224000097515,0.0687141727023
C003870,0,0.00159202775289,0.0388254054628,0.00272146828026,0.000671371968995,0.00184008160969,0.00156656411588,0.00298085372887,0.949802227081
C003871,3,0.0209111567497,0.0156143070666,0.752315366389,0.0154592530145,0.0146824962177,0.0268928183106,0.0200648293938,0.134059772858
C003872,3,0.0040314612674,0.0040314612674,0.00307565427473,0.0040314612674,0.0105780758337,0.0415437186195,0.00482202307242,0.927886144397
C003873,1,0.00183402137318,0.00184370627773,0.00181876819589,0.964503341458,0.00183830267954,0.00184370627773,0.00217867909936,0.0241394746389
C003877,4,0.0223383790026,0.0223510474436,0.0217839712623,0.0219393325298,0.0223210866864,0.724602421635,0.0241579062123,0.140505855228
C003880,0,0.00576285206366,0.00444501411683,0.00387646693565,0.00462395415986,0.0135507927079,0.00324888439309,0.00481712176108,0.959674913862
C003881,1,0.00555687362087,0.289785531438,0.006297322423,0.00627453603754,0.00636495882781,0.00638366830387,0.656780890312,0.0225562190375
C003884,1,0.00232574693012,0.00348596033685,0.0020059135019,0.00342636595729,0.951125951069,0.00178190051416,0.00407176758928,0.0317763941018
C003886,4,0.0122097720735,0.0914908811563,0.0119544633337,0.761435844217,0.0302143113594,0.0122097720735,0.02780915564,0.0526758001469
C003887,4,0.00321235539094,0.956389731278,0.00310499312223,0.00315497078449,0.00241129958762,0.00321235539094,0.00349699035804,0.0250173040873
C003888,0,0.812373486298,0.0128963400291,0.0127827975247,0.0128963400291,0.0100787682935,0.0128551004178,0.0731669526253,0.0529502147826
C003889,2,0.871082881878,0.00667757355699,0.0591225192118,0.00676689162105,0.00501920241253,0.00630617041252,0.00815149072538,0.036873270182
C003891,3,0.0274472163508,0.0274472163508,0.026937098104,0.0274472163508,0.0928769683718,0.0274472163508,0.0322919422853,0.738105125836
C003892,0,0.105015287054,0.418832215979,0.115171269996,0.0374716611843,0.0459022081783,0.0459022081783,0.0523230729674,0.179382076463
C003894,2,0.080026823884,0.508848972663,0.0275161955612,0.0372197396593,0.0276456112588,0.145600926162,0.038332516288,0.134809214524
C003896,1,0.00685434512519,0.00832457477704,0.00810656905224,0.0391765726066,0.00460131030908,0.891891347206,0.0122771919502,0.0287680889735
C003898,0,0.0820654676555,0.00610515464182,0.310587542674,0.038967106339,0.44306135417,0.0454709134846,0.044981526286,0.0287609347488
C003901,4,0.27264601429,0.538461682932,0.017452348902,0.0175066526426,0.0236015658302,0.0178250747265,0.0225134517195,0.0899932089575
C003902,2,0.633756715084,0.00405768356665,0.0150028450768,0.00383394859801,0.00313818211895,0.28872103574,0.00462147215353,0.0468681176621
C003907,0,0.0458366038267,0.0232672749512,0.0219176931754,0.739385012694,0.0221880743053,0.0326331798688,0.0352113516039,0.0795608095745
C003908,3,0.224539788667,0.068606989869,0.0684864124678,0.068606989869,0.068606989869,0.0801379213375,0.0812908777995,0.339724030121
C003909,2,0.0119666147508,0.0985135891914,0.805486496647,0.00825248791358,0.00895895443803,0.00575131351516,0.00908232659815,0.0519882169455
C003910,2,0.00615410913576,0.00617620364476,0.00631692064687,0.700180382987,0.00813752981733,0.135962059208,0.00742827395013,0.12964452061
C003912,0,0.444211755527,0.0478289311286,0.0131207086018,0.0155800901518,0.149986974118,0.0539421554248,0.0259263460561,0.249403038992
C003915,2,0.00429682010703,0.00431224656899,0.00441049566253,0.00413696895616,0.00285628990307,0.951157407073,0.00530974478687,0.0235200269425
C003918,4,0.00848217286974,0.00375557998355,0.00363358624335,0.00085512803162,0.042098770765,0.00200364700332,0.00281971580428,0.936351399299
C003919,1,0.00475182944989,0.00684757757489,0.00471230946495,0.00476037130601,0.00476292203473,0.910750593801,0.00570133079909,0.0577130655695
C003920,2,0.295181134017,0.0272476404797,0.0263605478397,0.0266026049242,0.0211234394799,0.025457553208,0.0803188744581,0.497708205593
C003921,0,0.0317885969078,0.329261461085,0.00904955559754,0.02277028954,0.127685049857,0.023672688014,0.024224241465,0.431548117534
C003922,0,0.00094306839244,0.00513754794575,0.039853369328,0.00848963087881,0.00344493774418,0.0030339003513,0.00879330590028,0.930304239459
C003923,2,0.0487745867742,0.0535887703839,0.0129598829826,0.141944932791,0.00802645140693,0.0592868875821,0.013455312739,0.66196317534
C003924,2,0.00634278747404,0.00955625646634,0.00510346629665,0.00184202064254,0.00359128436511,0.00190326037235,0.128612535139,0.843048389244
C003925,0,0.00463401948398,0.00480573891243,0.197156173029,0.00480573891243,0.0689687395645,0.705953074249,0.00485381340728,0.00882270244116
C003926,4,0.00783032164344,0.013451793906,0.207398382103,0.0132040066744,0.0134337622708,0.013444169509,0.650827621151,0.0804099427425
C003928,0,0.00749546316301,0.000571280313044,0.893052668496,0.000571280313044,0.0112307898497,0.0852727161884,0.000693206362681,0.00111259531367
C003929,1,0.000654550637199,0.000658007118427,0.000649106874624,0.00604637890347,0.000656078608384,0.000658007118427,0.986148229666,0.00452964107309
C003930,2,0.013192152516,0.0132395150385,0.0135411606728,0.516059340563,0.00719868316475,0.0262931725206,0.0558881541016,0.354587821423
C003931,2,0.0065219049552,0.00654531992632,0.00669444677688,0.00620152639814,0.885343703574,0.00474305826572,0.0202448976591,0.0637051424446
C003933,0,0.00762406159135,0.00820481255909,0.00737473155095,0.00820481255909,0.00835476284867,0.899273114126,0.00852803758295,0.0524356671817
C003934,0,0.00525989270609,0.00560400181866,0.00203117124073,0.00252324786329,0.00119514640636,0.00345299543763,0.00282151186947,0.977112032658
C003935,0,0.36681519953,0.00816998673338,0.0103105167203,0.0104377093558,0.480882136555,0.0422554232746,0.013093117601,0.0680359102299
C003936,1,0.0151469648928,0.202195863867,0.398872985302,0.229156104191,0.00666769465299,0.013356112732,0.0174344842411,0.117169790122
C003937,3,0.00240822608887,0.00369908089491,0.00404889276886,0.00292923167922,0.0030011732465,0.038767329423,0.927378839403,0.0177672264956
C003938,4,0.00977777706687,0.00836991093297,0.101546082088,0.00960310962798,0.00969134603123,0.484800592939,0.337134440801,0.0390767405122
C003939,0,0.00341898702587,0.00368886906721,0.0035563079431,0.00368886906721,0.00368886906721,0.00368886906721,0.940559517242,0.0377097115204
C003940,1,0.113496248411,0.0312961762676,0.0586823224526,0.0179136861062,0.0234192255331,0.0237305059257,0.0357244295893,0.695737405715
C003941,4,0.00277050225426,0.963356491047,0.00270968879721,0.00272101078704,0.00274033061879,0.00277050225426,0.0031234447228,0.0198080295185
C003942,1,0.0039184923774,0.00528565048858,0.00521689099582,0.00519528943135,0.903149991179,0.00528565048858,0.0277891814137,0.0441588536258
C003944,1,0.00207742235211,0.00102602492241,0.0463080721511,0.00206285699339,0.00208227184933,0.919526351608,0.0206995003139,0.00621749980976
C003945,1,0.00525187273215,0.763386783319,0.00863561928506,0.00678070581396,0.073629299645,0.090071698408,0.0110740167761,0.0411700040211
C003946,3,0.522791174302,0.00190018051021,0.420199176362,0.00190018051021,0.00190018051021,0.00190018051021,0.0445300360428,0.00487889125205
C003947,0,0.00579219472111,0.067904278497,0.00593206488796,0.757796607304,0.0190316069605,0.128503877798,0.00717647373042,0.00786289610133
C003948,0,0.0119370097516,0.0332270721762,0.0435458443987,0.041278578715,0.319941143179,0.015955328713,0.044636918754,0.489478104312
C003949,4,0.0322216570659,0.0322399304671,0.0337314054614,0.0860801646333,0.0321967140259,0.409482229373,0.0357752432316,0.338272655742
C003955,4,0.00388537986018,0.00289189461061,0.762324129734,0.00212760391475,0.00205355552166,0.0459366863227,0.0040960499778,0.176684700059
C003957,0,0.0194666184302,0.00404187901284,0.00839074600831,0.00562140662451,0.00843965124318,0.00251419054071,0.0365948301533,0.914930677987
C003959,1,0.00127731556274,0.794923361295,0.184819245218,0.00270293869922,0.0014179940158,0.00274995059369,0.00333259701416,0.00877659760145
C003961,4,0.756005182752,0.0174942938855,0.0339159496125,0.0139394351922,0.0989431685074,0.0141929744663,0.0166645807193,0.0488444148644
C003963,4,0.0027693460952,0.00564180462777,0.00367822782153,0.00553788041072,0.00982232174125,0.923507228815,0.0065753895236,0.0424678009649
C003964,4,0.0146608461979,0.014669160591,0.00990981234341,0.0143989489957,0.262004755848,0.434841422004,0.118534291358,0.130980762662
C003965,0,0.0262823907825,0.174771744764,0.713590038883,0.00421799255109,0.0329710538105,0.00421799255109,0.036102901512,0.00784588514615
C003966,4,0.896084707081,0.00313700860982,0.00302752797805,0.00307922370142,0.00313280356513,0.0115926826385,0.00320316039123,0.0767428860346
C003967,4,0.0187087800027,0.390603523102,0.207896833469,0.00968451277112,0.00746711988018,0.172681999009,0.0107577243094,0.182199507457
C003970,1,0.0077134807453,0.00775421327215,0.00712199181735,0.00762165079744,0.423803412058,0.492238163481,0.0136118910826,0.0401351967463
C003974,4,0.00853042423353,0.0135350614569,0.0117366489836,0.0139024375325,0.116789416792,0.548613626627,0.137561570697,0.149330813678
C003975,0,0.00727510567328,0.00609459072974,0.103936539314,0.00978771589476,0.00871449657594,0.7464621503,0.0106484435505,0.107080957962
C003976,4,0.00558001810924,0.00106237108646,0.00193648247268,0.00197057505997,0.000985265459717,0.00211766555681,0.00217372859404,0.984173893661
C003978,0,0.0032284300348,0.00344118206926,0.00346871591531,0.00277025462113,0.92881126948,0.00220014454485,0.00278209466171,0.0532979086734
C003980,2,0.0185532018449,0.0741244687906,0.0190440405287,0.0171212451217,0.185152502937,0.0169079819434,0.548501299889,0.120595258945
C003981,2,0.742814395712,0.00719129460227,0.00726556657364,0.00696330862308,0.00682363419426,0.19503360284,0.00776334878561,0.0261448486693
C003982,1,0.0231119438348,0.0153586120396,0.0100709558104,0.467436460606,0.176169102143,0.212442057952,0.0269253243147,0.0684855432989
C003984,3,0.0660597770042,0.0224046095247,0.00694511996918,0.0152697459391,0.0232671383677,0.00916915959897,0.0202490488153,0.836635400781
C003985,1,0.00520779372728,0.0353523996047,0.00590883438801,0.103584160603,0.0059691677419,0.00598671380999,0.772362197287,0.0656287328373
C003986,2,0.014493958644,0.798077157728,0.0146321294181,0.0142366890416,0.0144393878591,0.0132602623274,0.0168235220301,0.114036892951
C003987,4,0.00252262499847,0.0046639509959,0.00190476456146,0.00186473677565,0.00297156780032,0.00111699292897,0.00333146348619,0.981623898453
C003988,3,0.0182833203895,0.0182833203895,0.380003891551,0.260192117819,0.0182833203895,0.0680684061323,0.0250021797615,0.211883443568
C003990,2,0.0165395257953,0.0157283456531,0.0167448047014,0.0157860037131,0.816833904324,0.0149524279221,0.0204619380136,0.0829530498779
C003991,3,0.0156858186209,0.0625337486678,0.0251487573461,0.0247649948153,0.0247649948153,0.0247649948153,0.0296634527627,0.792673238157
C003992,3,0.0225566218419,0.0225566218419,0.0212315715868,0.0225566218419,0.0225566218419,0.0225566218419,0.716325597987,0.149659721216
C003993,0,0.0043544607525,0.0231211843722,0.148547167106,0.0112183798756,0.0112183798756,0.766594367159,0.0115185857167,0.0234274751423
C003994,2,0.0100963725923,0.0063688759237,0.0101790919128,0.0211390738786,0.0102269667827,0.0295666714832,0.0144945048531,0.897928442574
C003995,2,0.0161144492323,0.624463339048,0.0308353612221,0.028564915517,0.0304291827756,0.0200316339786,0.0206372612076,0.228923857019
C003997,4,0.0836422032945,0.249618270962,0.0122197474234,0.0124524953833,0.459886795455,0.107960989097,0.0141774508029,0.0600420475817
C003998,3,0.014934628461,0.0212161849625,0.0415096425353,0.601148272054,0.0158234475163,0.0195030990878,0.0251547251641,0.260710000219
C003999,4,0.466173490947,0.0301394492435,0.0421105845269,0.029584268965,0.03009904842,0.0301223663826,0.0323987947704,0.339371996745
