client_id,fold,cloud,gym,insurance,mobile,music,software,streaming,none
C000000,3,0.00384355849938,0.124313348879,0.00879550094283,0.0987295231017,0.0049246207365,0.0116714639226,0.00593825802804,0.74178372589
C000001,2,0.0696122667114,0.0060059773896,0.0117697625875,0.573693390722,0.00741701818062,0.00742254735661,0.29629033498,0.027788702072
C000002,0,0.00176599173572,0.00545992228134,0.00540520647302,0.0392616299145,0.00543630066243,0.886264468076,0.0060423111172,0.0503641697401
C000003,4,0.000543719051378,0.00154061250477,0.00159255299605,0.00124091712671,0.00153730465945,0.00124081993539,0.00197909747823,0.990324976248
C000005,4,0.0107026630089,0.0595168243921,0.011599463441,0.787217531909,0.0115845933963,0.0116041979659,0.0145018656103,0.0932728602766
C000006,1,0.671295268726,0.016978129289,0.0458376790292,0.0166554755175,0.0105794307205,0.0169995359108,0.028209369713,0.193445111094
C000007,4,0.828902186482,0.00884780692861,0.00878679461513,0.00864443280268,0.00882880982412,0.0111432981749,0.010970111178,0.113876559995
C000009,2,0.0573521941145,0.00359863170134,0.00352172582099,0.00313537993203,0.00301371615672,0.359943050381,0.561591461159,0.00784384073486
C000012,4,0.00135223647238,0.00150661744442,0.00148634003615,0.00152900632726,0.00143604410423,0.977164330285,0.00212283159516,0.0134025937354
C000014,1,0.531553108626,0.0097897156005,0.00975338083752,0.00960367103652,0.0457740440897,0.352990138111,0.0140467310056,0.0264892106931
C000015,1,0.0114493813221,0.0115580394166,0.310400956817,0.0113383894807,0.0115726121986,0.0115726121986,0.013811518407,0.618296490159
C000016,1,0.0126624487063,0.0565276491181,0.811707726654,0.0126900137366,0.0127987359528,0.0127987359528,0.0162527637725,0.0645619261071
C000017,3,0.0660293171482,0.0121297794585,0.0124142426329,0.611402415286,0.0144157919974,0.0143431859299,0.148959572345,0.120305695202
C000021,2,0.0346797753168,0.0356279883143,0.0282443566625,0.356836091801,0.0362892648636,0.0248314609539,0.0974190977819,0.386071964306
C000022,1,0.00708907225725,0.00712014588828,0.00708145336462,0.00698483404765,0.00434450934366,0.834351057433,0.101993712533,0.0310352151321
C000024,1,0.00140356543382,0.965429510131,0.00140448550122,0.00138292731044,0.0101482907601,0.0123004330344,0.00213163511386,0.00579915271468
C000025,2,0.937491565401,0.00324948301742,0.00306626180996,0.00174804825039,0.00324706242479,0.00192246299746,0.00111923985963,0.048155876239
C000026,4,0.00302160178836,0.531890979686,0.0211228501657,0.336639876634,0.00213072712711,0.085581821207,0.00428181073594,0.0153303326563
C000027,1,0.00207815379392,0.0153872171788,0.00209534654272,0.132633108295,0.798315330035,0.0398223520631,0.0026134765729,0.00705501551894
C000028,3,0.533862818836,0.110884125824,0.0065498166388,0.00599301140235,0.0205730439861,0.275680450608,0.00602439089838,0.0404323418057
C000029,4,0.0703415084696,0.00731936404023,0.00986031691481,0.00812315634215,0.4478367795,0.055959017896,0.0292848572412,0.371274999596
C000030,0,0.00966366979441,0.00168967274987,0.00947908825163,0.00167216346362,0.000719725852186,0.00167216346362,0.00164032775453,0.97346318867
C000033,0,0.0500847842984,0.0074189935658,0.00730011908166,0.00528041635808,0.00734211401499,0.00519100274043,0.0937577994253,0.823624770515
C000035,2,0.0103871545345,0.0374932388871,0.016396652789,0.747054762426,0.0142915973512,0.0078226258217,0.0173885879546,0.149165380236
C000036,1,0.0144196759915,0.014482881962,0.0079840515988,0.00837294499323,0.0140421771155,0.00894412138386,0.017201228579,0.914552918376
C000038,3,0.0147075129818,0.0145917094469,0.0144416275929,0.013377808961,0.356462098182,0.441750313866,0.0181655927855,0.126503336185
C000039,4,0.0321085824712,0.0368831546333,0.0353711002129,0.0362165231589,0.0786231138602,0.0365589846271,0.0522083895676,0.692030151469
C000040,4,0.736612101684,0.230210730233,0.00622365227738,0.00390594394165,0.00396929918695,0.0022554628033,0.00539755520807,0.0114252546656
C000041,2,0.00135452842095,0.00140590887375,0.940520940262,0.00122492625944,0.0490662365316,0.00140590887375,0.00158264209083,0.00343890868801
C000042,0,0.112138983934,0.014505974626,0.0144450056661,0.0196965078004,0.00654078608297,0.00667399880053,0.753791962413,0.0722067806762
C000043,1,0.00510080183288,0.00514920998628,0.00412196499192,0.00505135397435,0.0293426060214,0.0266627108209,0.0084205249655,0.916150827407
C000044,4,0.0271308298565,0.0312832466006,0.030526758828,0.0305641754245,0.116726484556,0.0310057232045,0.0419823206667,0.690780460864
C000047,2,0.00879261917429,0.697847410307,0.00850892252592,0.0078613485577,0.225838592487,0.00901736412551,0.00950694119376,0.0326268016282
C000048,1,0.00727507433585,0.0232784570378,0.317566147787,0.013355083518,0.239368256799,0.0134695037469,0.282080848566,0.103606628209
C000053,3,0.0162378674695,0.783210779832,0.0142362767848,0.0130286055022,0.0143981874948,0.0143256700935,0.0159886394523,0.128573973371
C000055,3,0.0320730666449,0.0319338544759,0.031070252904,0.0286796396365,0.0320730666449,0.240748589308,0.0375246323385,0.565896898048
C000057,4,0.00416064636603,0.00875117035496,0.0083687525562,0.0120996511555,0.0196823480963,0.00672086169659,0.0130457026293,0.927170867145
C000058,3,0.0268614422473,0.0267448509751,0.0258702126731,0.0243063326122,0.0250270450389,0.172355172572,0.0311615603261,0.667673383555
C000059,3,0.618151048938,0.29141534862,0.0113256738805,0.0101057158171,0.00697524881634,0.0113011221633,0.00741692111605,0.0433089206486
C000060,4,0.019650264432,0.0246834419594,0.691163225137,0.024116072726,0.0202264880677,0.0244973290814,0.0365166697051,0.159146508891
C000061,1,0.918996707891,0.00720050630117,0.00715356615542,0.00300674551182,0.00742920854381,0.00538193423438,0.00888543549994,0.0419458958625
C000062,1,0.0566854877286,0.00713923397546,0.00710072671491,0.0839969736282,0.00713616560946,0.0164422873436,0.00863194072255,0.812867184277
C000063,4,0.0395385810068,0.0260045213493,0.650417504294,0.0254067860187,0.0259486871055,0.0258084475474,0.0383072893235,0.168568183355
C000064,0,0.00314753796605,0.00690363181991,0.0209591441924,0.00323947960476,0.00691416285633,0.914079873816,0.00776825339802,0.0369879163463
C000065,1,0.00607198206361,0.866069055261,0.00617755162327,0.00276411751638,0.0825519156411,0.0128993953497,0.00365198892771,0.019813993617
C000066,4,0.0150853834254,0.0249788143839,0.0246413776465,0.0244046557723,0.0678483347728,0.607271096162,0.0403276970436,0.195442640793
C000068,3,0.0937346004119,0.0235826330939,0.0455390650565,0.0915872919456,0.273522348215,0.0230262248788,0.0258284234145,0.423179412984
C000069,2,0.0101253221822,0.00354674356663,0.0467632569468,0.00317972758669,0.00192821795942,0.00354674356663,0.0040880385256,0.926821949666
C000070,3,0.0325165055562,0.00918275018028,0.00654306895327,0.180350464213,0.0326806719082,0.0100071328187,0.702788467622,0.0259309387487
C000071,3,0.827874496279,0.0124028298897,0.0143208060465,0.0110949148884,0.00729684385504,0.0277317388064,0.0162536667986,0.0830247034365
C000072,1,0.00198616005287,0.00200500931299,0.00200259172937,0.119785201036,0.00200753729915,0.833303538705,0.019240159145,0.0196698027194
C000073,0,0.0114797556997,0.00735156498693,0.0274481723531,0.0115401445396,0.0949772311147,0.00409654771167,0.0111889268977,0.831917656697
C000075,4,0.00798610910708,0.00236276551507,0.00320410024272,0.00300966294811,0.00838876313101,0.00144036524939,0.00513414047476,0.968474093332
C000077,2,0.0377268717193,0.0458131131157,0.00406777803206,0.0026563168058,0.00304420542866,0.00413546499446,0.00501696848245,0.897539281422
C000078,0,0.000778202321992,0.000781104503611,0.866412554305,0.000782296027173,0.120954660661,0.000782296027173,0.00708852050947,0.00242036564423
C000079,4,0.00301829206312,0.605885443387,0.00341263554926,0.165271110382,0.0034059772873,0.151218442314,0.00382437843762,0.0639637205805
C000080,1,0.0622944814052,0.00749996165326,0.00740814629193,0.00735743176245,0.00750941786836,0.0523066157715,0.0226029302058,0.833021015041
C000081,0,0.651811194572,0.00383857808246,0.278393782581,0.0116601418032,0.00384443358094,0.027013758615,0.00411785234669,0.0193202584187
C000084,3,0.00445890697804,0.00443955322807,0.0286025734312,0.0325856719967,0.00445890697804,0.00443644940502,0.00521532151008,0.915802616473
C000085,1,0.00585138043428,0.00587702887319,0.912940560509,0.005765341331,0.00588443883763,0.00588443883763,0.00731881329996,0.050477997877
C000086,3,0.023903441694,0.0237996895333,0.0110186918888,0.140548401458,0.0138648550222,0.277001147889,0.0508055075955,0.459058264919
C000087,3,0.00153409705881,0.710419434365,0.00316048734117,0.1907231078,0.0368808074148,0.0202946010733,0.0291990161502,0.00778844879654
C000088,0,0.0076474513364,0.00404253908571,0.964070909242,0.00189146615759,0.00189146615759,0.00189146615759,0.00214488169647,0.0164198201665
C000089,1,0.209482211453,0.669597448315,0.0566483772501,0.00691887858127,0.0210671089206,0.00706180527726,0.00824408304727,0.0209800871554
C000090,0,0.00335824620673,0.191705120799,0.0109984437783,0.0155356744943,0.393604161577,0.0282361870558,0.0104517211114,0.346110444978
C000092,2,0.0309288069522,0.0320391450634,0.0313544407476,0.0241482705121,0.0140524677443,0.0217864805011,0.0207062196305,0.824984168849
C000093,0,0.000788662809441,0.00122099179549,0.00542121913874,0.00120878363253,0.000461820472923,0.00137263627876,0.00118560021226,0.98834028566
C000094,3,0.843841617565,0.0124340000292,0.0147534262854,0.0112571825872,0.00987903748656,0.0124253070518,0.0144129106878,0.0809965183071
C000095,4,0.0175253225729,0.00249645333303,0.002597787247,0.870912987372,0.0103631287887,0.0864205790988,0.00332882726784,0.00635491431937
C000096,4,0.0353973307781,0.241317511435,0.0540723819988,0.137064686739,0.0909789198114,0.0676981598106,0.0846032304111,0.288867779016
C000100,3,0.0720672480262,0.604070984462,0.146750257922,0.0195323806985,0.0215753625675,0.0214666968603,0.0243785625605,0.0901585069028
C000101,2,0.0125704830276,0.179979267975,0.0125085653518,0.0116746293802,0.0129271445282,0.0129367813465,0.0148342825469,0.742568845844
C000102,2,0.00394834354273,0.0291626403394,0.00400267956838,0.00346649847702,0.00408704152935,0.921350323156,0.00430596417908,0.0296765092084
C000103,4,0.00336395565405,0.00365599278174,0.279577262361,0.616249517462,0.0553700399185,0.0279566969584,0.00425042672314,0.00957610814124
C000104,3,0.0204186571536,0.0203300305939,0.574260858627,0.0184769398468,0.225835516392,0.0203158172678,0.0232941348045,0.097068045314
C000105,1,0.00371175022667,0.16444694142,0.0262863615021,0.00365717239418,0.00373272041268,0.00373272041268,0.785705224403,0.00872710922895
C000106,0,0.0287678983984,0.00897256633125,0.00893485441932,0.00898625339123,0.00898625339123,0.00898625339123,0.844906246616,0.0814596740613
C000107,0,0.361524454879,0.0266424253137,0.0265304465598,0.0266830665817,0.0448940198087,0.0294795565328,0.0240707710575,0.460175259267
C000108,3,0.0129141477991,0.0498667111925,0.22305179258,0.0199315284109,0.0170397577804,0.235565528245,0.39980206843,0.0418284655623
C000109,4,0.636475326999,0.00590149803321,0.00590033886551,0.00579483350372,0.0058888269413,0.311678986853,0.00928830377749,0.019071885026
C000110,4,0.003163795214,0.0431850922306,0.773562610618,0.156697814861,0.00671195714009,0.00346591646156,0.00457521705626,0.00863759641801
C000111,2,0.00397456830636,0.00407163481564,0.160506179168,0.00366068839396,0.00406860178878,0.00407163481564,0.804339474896,0.015307217815
C000112,2,0.0265502392555,0.00875674767869,0.259881053524,0.00382005563816,0.00491046061005,0.00752118023025,0.65892152061,0.0296387424533
C000113,3,0.0164400938379,0.0163687361111,0.0160785790818,0.722097907451,0.0417075135066,0.0161978089796,0.0212539390372,0.149855421995
C000115,1,0.153518337508,0.0304333239356,0.030269174121,0.0298045565581,0.0574658393905,0.444755237204,0.0442433583836,0.2095101729
C000116,2,0.0758542668742,0.000903303092472,0.914223813854,0.000787020907868,0.000902630207339,0.000735799608474,0.00395053173741,0.00264263371838
C000117,1,0.00259673696457,0.959743541027,0.00258663656573,0.00255855436434,0.00261140768695,0.00261140768695,0.00316790066121,0.0241238150434
C000119,4,0.675486386289,0.00223619149525,0.00220598296931,0.00219577424655,0.002231390174,0.00221635354603,0.301487844339,0.0119400769407
C000120,0,0.00769598569244,0.887174912102,0.00777344202378,0.00773647014695,0.0112293859731,0.00773647014695,0.0276794801384,0.0429738537762
C000122,2,0.547725778377,0.0230014288354,0.0217044995879,0.0839527449594,0.0229842946978,0.0230014288354,0.0268783400368,0.25075148467
C000123,0,0.0102967187498,0.0102036885447,0.0105491243605,0.149105348697,0.0189699151302,0.108379840578,0.256950146065,0.435545217875
C000125,3,0.00184181568697,0.0120477221004,0.00210711773966,0.000776623964298,0.0029037438983,0.0140746858793,0.00315357087596,0.963094719855
C000126,4,0.00743962573549,0.0296957480757,0.247740272832,0.0240849936934,0.050714170647,0.209955408967,0.035674858517,0.394694921532
C000127,4,0.0109485494453,0.00458407645918,0.01251653681,0.0122312363576,0.0123880008102,0.0107409630803,0.0243558185584,0.912234818479
C000128,0,0.00102391848411,0.00220553588967,0.927375149713,0.00220890028966,0.0504629083221,0.00220890028966,0.0025662308227,0.0119484561896
C000129,1,0.045373819486,0.0025474449503,0.00254447687069,0.00249481348999,0.00254635008586,0.931764301378,0.00306082749287,0.00966796624598
C000130,4,0.00550865067673,0.834280279307,0.00597071540379,0.00629503022603,0.00615880978265,0.00612501652142,0.00849988294285,0.12716161514
C000131,2,0.452398895797,0.118878930501,0.00810836987829,0.0162993813472,0.287090806989,0.0245330838338,0.0192191042923,0.0734714273613
C000132,2,0.00791085879688,0.0110672316293,0.00802864052599,0.348635573355,0.340670785516,0.22051387769,0.0121390497843,0.0510339827019
C000134,1,0.0219175139196,0.00620710482727,0.705014907751,0.0048815111326,0.00621493096307,0.00621493096307,0.221962737577,0.0275863628666
C000135,2,0.00425467341088,0.0020697199201,0.00195301933085,0.00176893225955,0.000743783920361,0.000826298312466,0.00226669788566,0.98611687496
C000136,4,0.00191459509687,0.00156272083705,0.0222706288262,0.0020437172103,0.0036352411388,0.00325045640678,0.0022264351708,0.963096205313
C000137,2,0.23026567681,0.0345385514251,0.0345834545944,0.0310315947643,0.0641510405873,0.0176324670274,0.404423238036,0.183373976756
C000140,3,0.0201645542306,0.0165160029101,0.019120818379,0.0183685857394,0.0201645542306,0.663655519846,0.0628434950065,0.179166469658
C000142,1,0.0754248585376,0.00535223348829,0.00333147637907,0.836304850122,0.00333392897441,0.00333392897441,0.0636451254423,0.00927359808159
C000143,0,0.0198487765944,0.0399077818511,0.0350941582714,0.3844237685,0.068103293276,0.0598868623653,0.0457587385214,0.346976620621
C000144,1,0.00952122102729,0.00961158029692,0.00949391426625,0.00942892103097,0.00962369891498,0.868893259387,0.0122376669421,0.0711897381348
C000147,0,0.00954735268724,0.0394207386114,0.0138706632776,0.0265099462054,0.772499679797,0.0265970157986,0.0294022255364,0.0821523780862
C000148,4,0.0870211021551,0.0866658474434,0.0105349247985,0.019255108757,0.0106454425272,0.0105870312055,0.740716127253,0.0345744158605
C000149,2,0.0139666237608,0.0144474299692,0.0136328155984,0.0133817288587,0.0144366678441,0.0144474299692,0.727929419238,0.187757884762
C000150,1,0.0159115136781,0.0159812588418,0.0157856145009,0.0156775496787,0.0435931180874,0.674038218183,0.0211606181491,0.197852108881
C000152,1,0.881832828293,0.00832562260237,0.00822369940824,0.00865229377833,0.00957870325509,0.0060815261827,0.0061940941334,0.0711112323465
C000153,2,0.0103550114405,0.0106263256176,0.0104490662931,0.785499994553,0.0106184098951,0.0106263256176,0.00857225415215,0.153252612431
C000154,4,0.00524217917438,0.0165526331979,0.00425762463961,0.00630141943007,0.00371386806227,0.0022787149238,0.00509110887979,0.956562451692
C000155,2,0.00163102533471,0.00167271538201,0.0010190034656,0.00145738677252,0.0143242019858,0.000372986569687,0.00192126041143,0.977601420078
C000156,3,0.103415437736,0.0516050995816,0.144965280995,0.0251625973094,0.077811636535,0.021677251,0.0504314764398,0.524931220403
C000157,1,0.0218902439286,0.0190265568247,0.0188574007375,0.023869460516,0.0193671860496,0.0193671860496,0.0236459873107,0.853975978583
C000159,0,0.0389126073463,0.00923280486935,0.809673249911,0.0614403952879,0.0104258880654,0.00913712964266,0.00925529560959,0.0519226292681
C000160,1,0.0593598602884,0.0214075023504,0.0212171784066,0.0216056499427,0.0217907572398,0.0217907572398,0.0264022750127,0.80642601952
C000162,3,0.0969913810405,0.00910987658434,0.0320745608844,0.00348432692152,0.00914959010154,0.181752988972,0.0681312602068,0.599306015289
C000164,3,0.568886536174,0.00865530299621,0.0605750280147,0.00803213679176,0.315752470698,0.00864925181773,0.00987459452306,0.0195746789852
C000168,1,0.00223928035376,0.0154778562954,0.00361533125513,0.00339986118184,0.00363337494957,0.0253660435563,0.00409237207589,0.942175880332
C000169,0,0.0107136120556,0.00339011823204,0.0107083692659,0.112402341872,0.0518761894944,0.0132273669259,0.0386803326961,0.759001669458
C000170,0,0.00681455712608,0.0151676955997,0.0890366278971,0.0784380239507,0.02623234819,0.080035993273,0.0181200042328,0.686154749731
C000171,1,0.00223653925736,0.00228507933471,0.00228627731144,0.0025834592877,0.0342825724168,0.00228796044301,0.939500919681,0.0145371922684
C000172,1,0.0259392860449,0.0260165310038,0.0257852303735,0.0262573397117,0.0264823005527,0.0319870663575,0.0315440326484,0.805988213307
C000173,1,0.00643062532772,0.00611500550425,0.0288488283219,0.897124735434,0.00611237734062,0.00611237734062,0.00781998859592,0.0414360621351
C000174,0,0.0467725239256,0.0469469546044,0.0467496354259,0.0470185690969,0.0263148151174,0.0219335351881,0.0431525701963,0.721111396445
C000175,1,0.00478972088148,0.00294443986674,0.867682764355,0.00288848348828,0.106518704309,0.00294815231994,0.00367651982579,0.00855121495346
C000176,1,0.00681155589656,0.0102398111696,0.209260545791,0.28107711688,0.0242037088008,0.36672494738,0.0200398082512,0.0816425058305
C000177,2,0.043504407031,0.00820382553487,0.32391132151,0.443841033569,0.00459765015782,0.00820382553487,0.0682579197775,0.0994800168848
C000179,0,0.0111263697485,0.514113252155,0.00853021567316,0.00215769134095,0.32347572158,0.00857928690535,0.00676716580073,0.125250296796
C000180,3,0.00516022302286,0.399493539255,0.0190771324588,0.00460591704147,0.0477302205499,0.372798169959,0.0087181228405,0.142416674873
C000181,0,0.0207448218545,0.0257166212542,0.0209536083387,0.0208539492399,0.753925452616,0.0204739069361,0.0216263867665,0.115705252994
C000183,0,0.0144756357149,0.0945619148163,0.0144685519495,0.522421663583,0.187155528071,0.0145517842733,0.0164554004937,0.135909521099
C000184,4,0.00864664317041,0.00594806981396,0.00806426806955,0.00281502152187,0.0035163800123,0.00150035267187,0.00667803396507,0.962831230775
C000185,0,0.123400056321,0.837112845243,0.00317109858933,0.00315601627881,0.00315601627881,0.00315601627881,0.00339558343107,0.0234523675796
C000186,1,0.0119121406748,0.0241852692506,0.0544554661362,0.0237256503959,0.00530178044974,0.0150460024473,0.778124613028,0.0872490776179
C000187,1,0.00535650788227,0.0053799871393,0.309664549023,0.00527774541927,0.641842459225,0.00538677041607,0.00811596020017,0.0189760206953
C000189,4,0.00987663132643,0.00663001941568,0.00709491584974,0.00693354673408,0.0160707199555,0.876124249461,0.00931916743413,0.0679507498237
C000190,3,0.539892267981,0.0192902230899,0.0193141080643,0.0176681449022,0.0193743167216,0.0164029379997,0.0229997191513,0.34505828209
C000191,1,0.00483612068063,0.00654663786769,0.0088926163515,0.580814805211,0.0277324308637,0.00899859442563,0.311034257065,0.0511445375345
C000192,4,0.00194294243047,0.71292622271,0.0255667640522,0.00212530269917,0.00399631394719,0.242900801509,0.00295659053783,0.00758506211406
C000193,4,0.0402468804263,0.0149330781534,0.0408884555765,0.0145898290589,0.00953759005536,0.0148192538165,0.0236559870102,0.841328925903
C000196,1,0.850827936144,0.00947215777782,0.00937240463882,0.00929214810894,0.00764318969528,0.00948410060707,0.0113825337249,0.0925255293032
C000197,4,0.00594669263092,0.00667507542892,0.00658523627956,0.00652164332514,0.894093109402,0.00546805408526,0.0085880794195,0.0661221094288
C000198,0,0.0046642627675,0.00858255827798,0.00543554885495,0.0105103070685,0.00859565040633,0.00382917705927,0.399696352422,0.558686143144
C000200,4,0.443755985153,0.0191364388732,0.0163328152677,0.383524344191,0.00558365761675,0.01640876567,0.019672604642,0.0955853885862
C000201,1,0.00856001466436,0.81241662174,0.00849228391131,0.0405265826085,0.00860837597339,0.00860837597339,0.0162554209019,0.0965323242273
C000202,2,0.2265800297,0.511401362518,0.00885008126384,0.00373852186521,0.0042365357679,0.207310057395,0.0265480438809,0.0113353676087
C000203,0,0.00924925004885,0.180018572596,0.0267311102325,0.00929790539436,0.00929790539436,0.728071081905,0.0102206773854,0.0271134970438
C000204,4,0.0195317288274,0.0531525704252,0.00738255898276,0.00747856749972,0.00443275081481,0.00778904026033,0.867359674254,0.0328731089356
C000205,2,0.00086871367036,0.00249366302186,0.00235305851725,0.00105474667273,0.0024918054518,0.00776507117502,0.00278977672666,0.980183164764
C000206,1,0.00448677675435,0.0045293576239,0.00452389625238,0.0215807707541,0.674979895454,0.238688833018,0.0058229067658,0.0453875633775
C000207,4,0.954900363873,0.0123728091138,0.00115761095002,0.0205038675549,0.00117088425643,0.0011629940402,0.00163011335124,0.00710135686001
C000209,2,0.00635333839878,0.822507500012,0.0130214269467,0.00843713502265,0.0096004273537,0.0177806166867,0.0182500366482,0.104049518931
C000210,2,0.509423628976,0.0527803817775,0.066624356522,0.315812490634,0.00983853691086,0.00984587126015,0.0114514038492,0.0242233300705
C000212,1,0.702300302519,0.0303017282634,0.162530803675,0.0622634691839,0.00610574730937,0.00610574730937,0.00640154168406,0.0239906600557
C000214,2,0.000578963712358,0.0016554314681,0.00156209041943,0.00113696401789,0.000893789862365,0.00265989638309,0.00194413401657,0.98956873012
C000215,3,0.0294863137627,0.407080216696,0.384208234842,0.0266669918337,0.055446341709,0.0166136047753,0.0138953884034,0.0666029079776
C000216,0,0.025876708714,0.0248682193795,0.0246190061756,0.0247606303754,0.0168876189829,0.384871085376,0.00967435185831,0.488442379139
C000218,2,0.00478513846518,0.00490588282775,0.510960550436,0.00286232097011,0.0487956745541,0.00700410283523,0.391359620116,0.0293267097958
C000219,0,0.0744581811219,0.666174426816,0.00281512197855,0.124463747697,0.118671854648,0.00280173275628,0.00316059954632,0.00745433543634
C000220,2,0.168576769461,0.0432258635508,0.0425048064659,0.0213560387702,0.0610863350316,0.0224337866474,0.0478022002249,0.593014199848
C000222,3,0.00109546805197,0.00109071320625,0.00107449942856,0.000492426582395,0.00125962811614,0.00112269026092,0.0013745177937,0.99249005656
C000223,4,0.922706868874,0.00421661255207,0.00334091026899,0.00988486316964,0.00335705548232,0.00333443335421,0.0107207014915,0.0424385548076
C000224,4,0.00750337182622,0.00798448789895,0.00948180070096,0.0275985440748,0.0254573089347,0.00915449569764,0.868689011808,0.0441309790593
C000226,3,0.00209071030981,0.00207424854333,0.972604857235,0.00186950686486,0.00209071030981,0.00208018031229,0.00233175807346,0.0148580283511
C000227,1,0.00271092358058,0.00570165760827,0.0128336282553,0.806387552466,0.00276736705267,0.107512039162,0.016037561419,0.0460492704556
C000228,0,0.00488641426484,0.0614422154098,0.212346994201,0.00417119532677,0.669942695841,0.00491211907042,0.00554240871271,0.0367559571736
C000229,4,0.23212815027,0.0270706221855,0.02675302016,0.0199796173935,0.500225588864,0.0246372852569,0.0331894005548,0.136016315315
C000230,3,0.0305917417785,0.107830458049,0.473023502521,0.0275295262889,0.0305917417785,0.030437664495,0.0386294289594,0.26136593613
C000232,2,0.0601583354969,0.115533446045,0.0308612126922,0.0276747710614,0.0577279118118,0.435211576295,0.0411420270433,0.231690719554
C000233,0,0.00428531667138,0.00440532904278,0.0647193495996,0.00430785942481,0.885195794794,0.00430785942481,0.00510100890977,0.0276774821333
C000234,4,0.0446720835171,0.00261490321184,0.00889879845606,0.00821791378407,0.917545863958,0.00259497164641,0.00496535548204,0.0104901099445
C000235,4,0.00721295565417,0.00803643817954,0.00792827658981,0.819860350374,0.00801918316289,0.00796514444064,0.0114728352984,0.129504816301
C000236,1,0.0157698357878,0.0158657491782,0.015847263673,0.610859571864,0.010546794861,0.0158589302498,0.166100323863,0.149151530523
C000237,3,0.868592156136,0.00420711700782,0.00414906880402,0.00381660125077,0.0657195773301,0.0329683942373,0.00509303356521,0.0154540516686
C000238,3,0.00419274140797,0.584486747101,0.00411248711349,0.296863044802,0.0817165217003,0.00417162439505,0.00447028064081,0.0199865528393
C000239,4,0.00430328136028,0.00523646391617,0.00471024436333,0.00497582354825,0.00246754109548,0.917002253711,0.0417833143749,0.0195210776307
C000240,0,0.0239417169095,0.570657219379,0.0241826785785,0.0240676614457,0.0213195078525,0.0240676614457,0.0274650552865,0.284298499102
C000241,1,0.0299900362893,0.554754059972,0.0301372835481,0.0148623839985,0.015777714421,0.0168803144012,0.0390649978789,0.298533209491
C000242,0,0.00895129593619,0.013211517471,0.00894691554964,0.617607059851,0.00899838390485,0.215316543365,0.0698251302752,0.0571431536469
C000245,0,0.00339777511359,0.00107155034772,0.00105438090368,0.00106044637402,0.000402792898816,0.000797422948268,0.00035518149569,0.991860449918
C000246,4,0.822587862006,0.00456335597652,0.00420076997222,0.00437500374784,0.131808321547,0.00427305226038,0.00681912078342,0.0213725137062
C000248,0,0.0231168611739,0.00975078093976,0.825630727782,0.0244959437782,0.00976565511496,0.00976565511496,0.010842726158,0.0866316499386
C000249,3,0.0383177385471,0.0349478392265,0.0343396410029,0.0418127605422,0.0449029782105,0.0446768214604,0.050118060972,0.710884160038
C000250,3,0.378141920119,0.00766103204902,0.00767230797081,0.00701987362064,0.00769442948589,0.549395525896,0.00897786895797,0.0334370419014
C000252,3,0.0203625143518,0.0625199913872,0.00329012896588,0.00286625170676,0.0137814868683,0.113168338675,0.00383422471467,0.780177063331
C000253,3,0.487698712472,0.158972062595,0.0227769982665,0.0141288723341,0.0228727643492,0.0272007572028,0.0285250268454,0.237824805935
C000254,4,0.00526359637616,0.00594738659712,0.00545949882988,0.00581068102018,0.0095903707574,0.00589511437774,0.71941054441,0.242622807631
C000257,2,0.731499749592,0.0138549359844,0.0131363802326,0.0122245986673,0.102378774712,0.0138549359844,0.0125496636567,0.10050096117
C000258,3,0.0134009419271,0.913480866122,0.00278195114516,0.00237588938558,0.0130648591214,0.00273423385101,0.00316354564196,0.0489977128056
C000259,3,0.011195662885,0.0146631085823,0.347014195344,0.0134894293607,0.328349203009,0.0146528571692,0.0172156282815,0.253419915369
C000260,3,0.127196085653,0.361648544041,0.0170190098745,0.033910326802,0.0633649600218,0.0430011469493,0.0398946434073,0.313965283251
C000261,4,0.013019562204,0.0149787840739,0.0147771861693,0.0147080553629,0.0111188839079,0.29627762274,0.0187360002609,0.616383905281
C000262,0,0.00319403536028,0.00320594700646,0.00322618176376,0.0136712061914,0.00321083746783,0.00321083746783,0.941433483789,0.028847470953
C000263,2,0.974077056332,0.014633721931,0.00141595145085,0.000874797617964,0.00246352377647,0.00137024354494,0.00114840496053,0.00401630038601
C000264,1,0.0075669033569,0.0457011888801,0.00761036428524,0.0197786809666,0.612527187647,0.00764834672116,0.00902380251986,0.290143525623
C000265,3,0.180937813304,0.00398810265463,0.00516121049854,0.00476095994027,0.00299581689128,0.774167633983,0.00687644778219,0.0211120149458
C000266,2,0.0179889065088,0.038618711366,0.0659952515179,0.0112053411502,0.019752086007,0.0376389520563,0.0396203445252,0.769180406869
C000270,4,0.027889422495,0.0320887929846,0.0308446532003,0.0313512056617,0.51110309855,0.0318041233364,0.043487567885,0.291431135888
C000271,1,0.00721696469571,0.835982093449,0.0955862311315,0.00711084594684,0.00725773820763,0.00770336434798,0.00875053045248,0.0303922317685
C000272,2,0.00578354019113,0.892414624082,0.00481650467832,0.0265580356873,0.00352548407903,0.00594167351037,0.00622716326333,0.0547329745082
C000274,4,0.0139578187591,0.0155989683847,0.0165351054417,0.120485780206,0.015565475878,0.602120287011,0.023665861041,0.192070703279
C000275,1,0.0310960066184,0.0298294355698,0.0436236544572,0.0938726501231,0.0312716889793,0.0312716889793,0.0415694089244,0.697465466349
C000276,3,0.240835316047,0.00584643326766,0.00584733498869,0.626379505012,0.00587192015829,0.0758511402009,0.00663619545482,0.0327321548707
C000280,1,0.00524094979944,0.00794626013969,0.0252135941657,0.130155355229,0.0940039980476,0.567348374416,0.0729268207207,0.0971646474821
C000281,4,0.00166218002852,0.266945610646,0.717947745176,0.00187697025112,0.00190741510964,0.0018369877547,0.00237839408913,0.0054446969455
C000283,2,0.00728021106592,0.00745800765174,0.00695313899057,0.00444683691441,0.0074524520608,0.00745800765174,0.902228403366,0.0567229422986
C000284,3,0.00511806436353,0.0107357649607,0.0106854553982,0.541197772876,0.0108209667348,0.338784083567,0.0140671136596,0.0685907784404
C000285,3,0.0066909737466,0.00180235430631,0.00301180890553,0.0209989767899,0.00234041803799,0.00261096415486,0.00693570877377,0.955608795285
C000286,4,0.00301700210824,0.00335307271227,0.00623262647131,0.412960912591,0.558105596339,0.00283357774388,0.00422521030954,0.00927200172518
C000289,1,0.0126415467257,0.0204029036006,0.288779669757,0.0126049737357,0.0127129673683,0.529075579786,0.060370717309,0.0634116417177
C000290,2,0.00766585519018,0.00792975510125,0.00751849581113,0.789485375824,0.00792384809798,0.00792975510125,0.007722260846,0.163824654028
C000292,4,0.233996023693,0.0113046131571,0.012285960445,0.0120875187538,0.0122424412166,0.0179992317057,0.0148471756903,0.685237035339
C000294,0,0.026060516735,0.0221753993705,0.0186399081127,0.104355349991,0.0503517483847,0.021096517754,0.028477472318,0.728843087334
C000295,2,0.0352656754638,0.124910743813,0.0270067892422,0.0328086735301,0.0359698239268,0.0224637928093,0.0395079839764,0.682066517238
C000296,2,0.0149372327663,0.0144795792793,0.0144260019261,0.0136384187177,0.655571209662,0.0154734764966,0.0248501214409,0.246623959711
C000297,0,0.0284758661208,0.0371034979146,0.0366454013638,0.0369429746246,0.38474247217,0.0369429746246,0.0413505571849,0.397796255997
C000298,1,0.0351344324278,0.0501777390328,0.0326701078779,0.0322333782264,0.0251423269759,0.130152639665,0.100496338679,0.593993037115
C000299,0,0.0145102252261,0.0105851052751,0.154313573977,0.0104754167936,0.0106496463592,0.0122208587274,0.742472963856,0.0447722097859
C000302,3,0.0216371562518,0.0214667903185,0.0204545821566,0.0198816667523,0.0216371562518,0.0232089686398,0.0242391345812,0.847474545048
C000303,4,0.00518658597608,0.0231705614375,0.0126773145134,0.101362797447,0.0493199486117,0.150863726315,0.0160627578784,0.64135630782
C000305,2,0.0165020584661,0.00567570317733,0.398375697964,0.0051467305201,0.0126517391009,0.514820549551,0.0116495945107,0.0351779267095
C000306,2,0.0742662780897,0.0030292779708,0.0028242114725,0.895965447512,0.00302702141247,0.0030292779708,0.00332563634747,0.0145328492241
C000310,0,0.000149507688163,0.00251423992752,0.00135852582772,0.00588094856055,0.00238419201373,0.00157147960726,0.00272501637428,0.983416090001
C000311,2,0.57446766372,0.0184041932874,0.0171583243022,0.0158224077131,0.0183904837051,0.0184041932874,0.0202963897187,0.317056344266
C000312,0,0.287017686893,0.030695182851,0.0305661702599,0.0307420063342,0.0133011303687,0.0307420063342,0.019396206252,0.557539610707
C000313,1,0.274472151192,0.00630685426043,0.00622964505196,0.00392350453776,0.00548317519876,0.00631480616382,0.66022684182,0.0370430217755
C000316,1,0.0150859176192,0.0358783152405,0.0106262280467,0.800789131647,0.00901836334514,0.0122052446516,0.0177667547909,0.0986300446594
C000318,2,0.0201990227753,0.0826119077408,0.291100442527,0.0230554274974,0.500147777673,0.0166587701315,0.018770997913,0.0474556537426
C000319,2,0.681835453464,0.0837285780016,0.0109085167998,0.0147246027415,0.0111384287507,0.0111467321324,0.0133996163289,0.173118071781
C000320,3,0.00492075323225,0.00380736450421,0.0175847888522,0.72379496191,0.00302375893122,0.227673598386,0.00389667091442,0.0152981032704
C000322,1,0.00382078466613,0.00501372944707,0.00327656387235,0.00321817616781,0.960781242999,0.00328465562418,0.00386254460659,0.0167423026165
C000323,4,0.0389089893073,0.00149426782669,0.947436581103,0.00146726021374,0.00149105948791,0.00148287807551,0.00191561955867,0.00580334442689
C000324,2,0.00339409432414,0.0136505584006,0.00651304218545,0.00816237740243,0.0047342962977,0.00294430050468,0.00540053624451,0.95520079464
C000325,2,0.00871538844931,0.00918044664254,0.00895394348133,0.00805326852448,0.652989334209,0.257230628889,0.0107024769499,0.0441745128543
C000326,3,0.0225821475725,0.0187462900368,0.0189045253346,0.0171301519087,0.70044105359,0.0187331839507,0.0274021481901,0.176060499416
C000328,0,0.00718937022566,0.015714584952,0.604066533084,0.27077691379,0.0139949746159,0.010508211145,0.0297467042545,0.0480027079327
C000330,2,0.0145317360887,0.69655654865,0.213245563294,0.00340626754641,0.0039066306256,0.00390954290756,0.05111142042,0.0133322904673
C000331,4,0.0250077505365,0.67835155759,0.0393964463779,0.124087739438,0.0346516695114,0.0123887561659,0.0165095801507,0.0696065002302
C000332,4,0.00909506153478,0.0103136492409,0.0103796970491,0.129378989061,0.00515595051876,0.0291237046407,0.00804749713592,0.798505450819
C000333,1,0.148426707279,0.0542962069886,0.040407513657,0.0200428553386,0.150249660343,0.0678719434549,0.147224997197,0.371480115743
C000335,4,0.00867373279823,0.0127218134354,0.0124921212831,0.0095886331619,0.0157913690091,0.00372638643665,0.163539372782,0.773466571094
C000336,1,0.00475238878955,0.00478129319463,0.0269560486139,0.0226912135054,0.00477923824622,0.00477923824622,0.903530229928,0.0277303494758
C000337,4,0.0413394058555,0.0107411169548,0.81078648493,0.00868908708673,0.0388108169754,0.0191965944302,0.011114283316,0.0593222104516
C000338,1,0.382529864791,0.0122193449166,0.0135131966436,0.0506008533949,0.0195267537306,0.0449762592094,0.0259933916551,0.450640335658
C000339,1,0.0232129949794,0.0233147448297,0.023029323141,0.022871669493,0.023344140879,0.226685598055,0.0285094079803,0.629032120642
C000340,0,0.0284634436652,0.0123811921039,0.00855828714845,0.0257716108746,0.140627523555,0.00818250252837,0.0261336408393,0.749881799285
C000341,0,0.00129511802275,0.938454206328,0.0035058813176,0.00170355622134,0.00589078440483,0.0016252942287,0.00389780284677,0.04362735663
C000342,4,0.0169496965416,0.018876959931,0.0202269892091,0.0459383774534,0.00873117857694,0.59039583297,0.0237983032472,0.275082662071
C000343,3,0.783084071966,0.155855645737,0.0058257817746,0.0041586741855,0.00357304061436,0.00577151707402,0.00666362746551,0.0350676411823
C000346,0,0.00545311439063,0.00867825790578,0.0185188339148,0.0132048375618,0.289412713403,0.545041832934,0.0542176403219,0.0654727695677
C000348,1,0.210320810566,0.0107621522201,0.703049916216,0.0105576273903,0.00919990867362,0.0107757215197,0.0133891604894,0.031944702925
C000350,2,0.082436811242,0.00480870214501,0.00475288632016,0.00424285279268,0.838176989263,0.0499824547662,0.00554080237683,0.0100585010939
C000351,4,0.0298127791767,0.033511589623,0.0204630598329,0.0327412981482,0.0334396369715,0.63850999519,0.0509042592333,0.160617381825
C000352,3,0.0132374631369,0.0895365205588,0.0118037762447,0.0119977854954,0.111241134386,0.013042376849,0.701645543194,0.0474954001353
C000353,1,0.00937926264543,0.0094203749005,0.00936918239903,0.871839105566,0.013659306949,0.00945861835362,0.0131354037588,0.0637387454275
C000356,4,0.00306512965204,0.00538682163945,0.460682263213,0.496333916221,0.00524749279803,0.00521913274773,0.00954494350396,0.0145203002248
C000358,4,0.130454523803,0.0609479182661,0.0601276265419,0.0595469801912,0.0433584904625,0.0382342098023,0.0756147985081,0.531715452425
C000359,2,0.0504650202356,0.0330618493952,0.382880652849,0.0306230731083,0.0330372210871,0.0330618493952,0.0387361284339,0.398134205495
C000361,4,0.0461872041702,0.00277183727672,0.00450107478869,0.00270812431509,0.000910769101307,0.927030029207,0.00288805161046,0.0130029095301
C000363,3,0.0179100216477,0.00660821028635,0.0133608853002,0.554103863363,0.0134170612558,0.262878124846,0.015732029792,0.115989803509
C000364,0,0.01106641978,0.0111076902301,0.821054993491,0.0429779020346,0.0111246342812,0.0111246342812,0.0126460699579,0.0788976559438
C000365,2,0.0296826414952,0.0308362837246,0.029559746407,0.0286511401975,0.0308133132765,0.0308362837246,0.0310761324248,0.78854445875
C000366,4,0.0192463002114,0.0111920826908,0.00941432963876,0.0459911841672,0.105560799036,0.705907984099,0.0139188606964,0.0887684594598
C000367,1,0.0130974506805,0.163586920965,0.0031623751297,0.00256230988711,0.00165709798689,0.00408320824906,0.785441508799,0.0264091283031
C000368,1,0.0149123922387,0.0134345970744,0.0142494827771,0.611423199872,0.0134515358863,0.0134515358863,0.0195050374519,0.299572218813
C000369,2,0.0123862028832,0.0127828195908,0.132238524686,0.028472040814,0.0332853167375,0.0326787792538,0.0478390982204,0.700317217814
C000371,4,0.00156793490429,0.00204115312979,0.962340054961,0.00136745120521,0.00203677057493,0.00202559485713,0.00324259985469,0.0253784405126
C000372,0,0.0281990032472,0.025929890296,0.0284828124207,0.0283473430843,0.0283473430843,0.0283473430843,0.490461292935,0.341884971849
C000374,2,0.00581513373544,0.0126258219604,0.0352642477456,0.0112620580059,0.834132669805,0.0127718069614,0.0135896981285,0.074538563658
C000375,1,0.00412226528981,0.00416138683521,0.00481372348614,0.00393062895952,0.00349649375346,0.949308340348,0.00503127032385,0.0251358910045
C000376,3,0.0406226455413,0.0173152579065,0.0299392634208,0.106650663685,0.0406226455413,0.0688159425728,0.0454769163635,0.650556664968
C000380,3,0.00344679121573,0.00608609873973,0.0520101278319,0.0405382607418,0.00551991247597,0.0162959784694,0.17523673632,0.700866094206
C000381,3,0.0164799283101,0.0273245228264,0.0269183356306,0.412912225297,0.0274436411149,0.0497968562721,0.0359464661451,0.403178024404
C000382,0,0.0100920832631,0.0132392135831,0.0101936551444,0.555870273559,0.0659088798422,0.291608963064,0.00792702381126,0.0451599077321
C000383,1,0.00659481404532,0.698368787089,0.00775735139471,0.00653481529649,0.00343908635447,0.23473622161,0.0121944162947,0.0303745079146
C000384,2,0.00123539747429,0.0026292462886,0.946157315159,0.0240674143364,0.00254859811257,0.0013434652612,0.0029037245291,0.0191148388393
C000386,0,0.0153237889398,0.00914948890184,0.0155356813224,0.240993219533,0.0103657297563,0.0230979688523,0.51672777385,0.168806348845
C000387,2,0.00534424788276,0.00875101305552,0.0618044997712,0.00762449536277,0.00485547825083,0.00875101305552,0.0378042018135,0.865065050808
C000388,0,0.0136541867457,0.071106655828,0.00989175125014,0.0137260141014,0.0101447096688,0.0137260141014,0.0136403928601,0.854110275444
C000389,3,0.0391901348461,0.0268196185263,0.0390683454985,0.035125117124,0.0391901348461,0.0389927512006,0.161268041157,0.620345856802
C000390,4,0.00535674742187,0.00592671167213,0.00592524710782,0.00579048132537,0.039922634955,0.00589983671395,0.904154122122,0.0270242186817
C000392,2,0.0133679682014,0.00603033951267,0.00571758923029,0.00525405405735,0.0060258474149,0.00603033951267,0.910016438898,0.047557423173
C000393,2,0.908262040915,0.0116323507816,0.00666715357264,0.00414225483103,0.00647820897355,0.0125637812037,0.0131682661883,0.0370859435343
C000394,0,0.00423937207387,0.00425518213683,0.00423729750405,0.0042616731374,0.122319609391,0.00873065433682,0.00508347602966,0.84687273539
C000395,1,0.00347377603009,0.274723527873,0.00907123671933,0.091159629159,0.00369723433123,0.422587370591,0.0319421398669,0.163345085429
C000396,3,0.00152878673036,0.0943950439904,0.0289060317226,0.038161729069,0.0171041574661,0.0924281088134,0.0069494067624,0.720526735446
C000397,2,0.763610007703,0.0185189808552,0.0179059903751,0.0144537368808,0.0189262219252,0.0134905065618,0.0203302857826,0.132764269917
C000398,2,0.00870078569062,0.0139662346579,0.0101721361039,0.047037012934,0.013955830983,0.808825697118,0.0170851010105,0.0802572015018
C000400,2,0.00836512587419,0.00536272171662,0.00546187595818,0.00436905860675,0.00557699248413,0.00836185696772,0.00662864036301,0.955873728029
C000401,1,0.0261500336065,0.00328966606087,0.00329902262899,0.0212331280871,0.00329381378739,0.00269114234729,0.00617144542744,0.933871748054
C000402,3,0.0161213422649,0.0060783819996,0.0094346141655,0.00718575283634,0.00342879713584,0.862348983673,0.00795001760554,0.0874521103194
C000403,1,0.0276208286776,0.0278829587026,0.435636610833,0.0273530686521,0.0279181145164,0.138798849588,0.0347360248909,0.280053544139
C000405,1,0.0515255517965,0.240724892553,0.0286589422105,0.0282190409488,0.0288019756311,0.0288019756311,0.366943485688,0.226324135541
C000406,2,0.0217437120131,0.0223382276972,0.0218608403986,0.0498395287279,0.0150652658969,0.0223382276972,0.733472436863,0.113341760706
C000407,1,0.00257966518716,0.542675045135,0.00211244206511,0.00254173361153,0.00207530759465,0.00297216188711,0.433381777234,0.0116618672856
C000408,0,0.0395199679466,0.0396673513729,0.145142614651,0.0397278613093,0.0397278613093,0.0397278613093,0.0583201662737,0.598166315828
C000410,2,0.00759661589512,0.125385882213,0.049681706771,0.732812254078,0.0360344862149,0.0052353452967,0.0088347142444,0.034418995287
C000411,0,0.322788428694,0.00669277286333,0.00666464297814,0.00670298224828,0.263917012854,0.353416179643,0.00518083348644,0.0346371472319
C000412,3,0.078082429614,0.403279505591,0.00926822535387,0.00486231334632,0.0160670445247,0.0135059197185,0.0131874787657,0.461747083085
C000414,2,0.0449402551148,0.0466053500088,0.0456093532609,0.241919257071,0.0304089813211,0.0466053500088,0.0401395262259,0.503771926989
C000416,3,0.00308157288588,0.108810396276,0.0256133628006,0.0158202139827,0.00384927786561,0.00613444007114,0.00927402994322,0.827416706175
C000417,2,0.01410821176,0.0144939579086,0.0120492671036,0.204707404195,0.0144831611241,0.0144939579086,0.66614435505,0.05951968495
C000418,2,0.0374904679595,0.0899304575747,0.0364774595961,0.0356348574568,0.0384441058559,0.176614304936,0.0412418143876,0.544166532233
C000419,0,0.241507619849,0.0359788586118,0.0133449645831,0.00868143779879,0.22452569643,0.0591359715975,0.0512005196973,0.365624931433
C000420,4,0.0133739527479,0.309334559317,0.0152302872826,0.0371678932298,0.0113125917496,0.0690094404432,0.348987657448,0.195583617781
C000422,4,0.018146051056,0.0203720568183,0.0540153008493,0.0199037883216,0.023538686478,0.0125780833371,0.0862710846619,0.765174948478
C000423,3,0.0473003033713,0.0187857944953,0.023414582672,0.415174325302,0.0227212073812,0.0210269042925,0.0259757819902,0.425601100496
C000424,2,0.00267962968851,0.705693732488,0.00265420766482,0.00254103466824,0.00274302648832,0.268967385681,0.00301461252235,0.0117063707993
C000425,2,0.0171900647879,0.0153090978312,0.0166645298392,0.0153962710574,0.00905477285279,0.0176603010642,0.826925925291,0.0817990372762
C000426,0,0.00512177104404,0.939124099338,0.00456549805223,0.00454378372914,0.00454378372914,0.00454378372914,0.00484106889707,0.0327162114808
C000427,1,0.00725578557903,0.00732464518049,0.00724750791506,0.00718544701841,0.00733388035044,0.166129190151,0.275698032524,0.521825511281
C000428,2,0.0225516336456,0.0231023873847,0.0217997656172,0.0210563741232,0.0230851780415,0.0559451869077,0.0280843651055,0.804375109175
C000431,3,0.00190457018614,0.966443867558,0.00189619771602,0.00173177791819,0.00190457018614,0.00187650170173,0.00199484510742,0.0222476696259
C000432,3,0.0244582899035,0.0544843602889,0.0102065753096,0.0175603409808,0.0301448427827,0.614834658186,0.170133080075,0.0781778524735
C000433,4,0.0229145192569,0.0258235838757,0.623679950752,0.0253568446836,0.0124036319203,0.040788826275,0.0308669610413,0.218165682195
C000434,3,0.0362599682409,0.0361025829529,0.0343153378465,0.032335326393,0.0362599682409,0.070837777869,0.0388880378956,0.715001000561
C000436,1,0.659765962155,0.00187836563433,0.0531907830717,0.0165882331735,0.00299452181538,0.249728089283,0.0037121618028,0.0121418830645
C000437,0,0.036872710801,0.0370102217034,0.0368546668521,0.0370666783631,0.0370666783631,0.0370666783631,0.0336384560461,0.744423909508
C000438,0,0.326194765079,0.219008580059,0.0153315588931,0.0152586392642,0.0152586392642,0.0152586392642,0.317169582142,0.0765195960351
C000439,3,0.0632987622348,0.014968552492,0.0147718913437,0.00610528912869,0.0059280431687,0.395860687781,0.0160935667307,0.48297320712
C000440,2,0.00694767837952,0.12288470716,0.00962011125843,0.754326868619,0.0186227164814,0.00983019096453,0.0122035344114,0.0655641927256
C000443,1,0.0913554264599,0.00183868919301,0.887923386842,0.0018037465917,0.00128046345315,0.00184100747694,0.00222791127949,0.0117293687033
C000445,4,0.0433169101072,0.0489259319527,0.0484533719956,0.04780132913,0.0488208832045,0.204573139236,0.0596136096247,0.498494824749
C000446,0,0.0114166522974,0.0114592288838,0.600846600852,0.011476709184,0.270773821944,0.00939175799361,0.0223460941359,0.0622891347093
C000447,4,0.00123190745283,0.0841576509342,0.877076433396,0.00135675271663,0.00137875953559,0.00137119431069,0.0302004712011,0.0032268304527
C000448,1,0.190157838524,0.0323395128616,0.00798826429979,0.00787927245862,0.670945392479,0.00804203848582,0.0160645297077,0.0665831511833
C000450,3,0.0267286923895,0.179369827188,0.0202194948264,0.0110673312263,0.0737627211369,0.566382007392,0.0230670218018,0.0994029040391
C000452,0,0.000801568673852,0.890284829812,0.000809636070449,0.000805785296882,0.0316770963857,0.0727279745257,0.000877114337502,0.00201599489765
C000453,1,0.00367819127087,0.00203600315811,0.016464350665,0.00677850387204,0.0190958216105,0.00246062524439,0.93328685601,0.0161996481686
C000454,0,0.00184939340675,0.00185629042492,0.0895999045108,0.0018591220739,0.0018591220739,0.892894634469,0.00184662893227,0.00823490410877
C000455,2,0.21317454961,0.393699760256,0.00756714127528,0.235953988249,0.0104482372604,0.010456026124,0.0111680584665,0.117532238759
C000456,2,0.00958271831457,0.00983379745135,0.00916810007139,0.00856789295028,0.0157605906649,0.0118841494307,0.885985301579,0.0492174495376
C000457,1,0.229670474873,0.0106500101146,0.685997437389,0.00569560745355,0.0233330446167,0.00574440480535,0.00679098488125,0.0321180358667
C000458,4,0.023656361291,0.0315311028201,0.563450930141,0.0260468119403,0.146304908435,0.0264230992711,0.0347294867162,0.147857299385
C000461,4,0.00426673937535,0.00490413651486,0.906864092709,0.00500184356334,0.00489360685541,0.00486675573634,0.00688813762704,0.0623146876185
C000462,2,0.00978832374064,0.0101509938644,0.0139058775547,0.00884425667692,0.0101434322243,0.698220882283,0.218608427124,0.0303378065317
C000463,0,0.00727371830194,0.00656672671697,0.030472677118,0.0898307977429,0.00557919065088,0.0233704450014,0.333748642897,0.503157801571
C000464,2,0.0393807391815,0.0407364357489,0.0400569051809,0.0158492637032,0.0494279238642,0.0407364357489,0.0389918464975,0.734820450075
C000465,2,0.0810867811867,0.00445586386133,0.733390939103,0.153259673338,0.00445254461602,0.00445586386133,0.00514122521646,0.0137571088173
C000468,1,0.0032383419491,0.00325803780136,0.753138837649,0.00319072514473,0.0335462223498,0.190454358672,0.00422995124311,0.00894352519118
C000469,2,0.00608933275077,0.00565132746668,0.701084971108,0.210349734216,0.00439639506199,0.00565132746668,0.00650293151846,0.060273980411
C000470,3,0.0106263680042,0.0105426984553,0.33207721431,0.00964865578101,0.370205436274,0.0105728476154,0.0124444195582,0.243882360001
C000471,2,0.267906855999,0.00858624888188,0.00810211559689,0.00757127266742,0.00857985284574,0.60952233492,0.0100590915102,0.0796722275791
C000472,1,0.0375937634157,0.0380432750708,0.037928736349,0.0380547180573,0.0383807534239,0.0383807534239,0.038821748002,0.732796252257
C000473,1,0.0112503472914,0.223641089653,0.0113630705797,0.0933640318607,0.586048491516,0.00879230292889,0.0134590587647,0.0520816074062
C000474,3,0.00467436342181,0.010053887088,0.461149630952,0.156699114399,0.0131912488885,0.194929314926,0.0162604236525,0.143042016673
C000475,0,0.00376960483496,0.0056136491143,0.136739049802,0.822282430721,0.00562221236692,0.00562221236692,0.00643096845981,0.0139198723334
C000476,1,0.0532020380873,0.0289098865873,0.0409163785173,0.0532711899549,0.0671532033512,0.17005176144,0.0620293612926,0.524466180769
C000477,3,0.0317150875418,0.0469280721878,0.00167000205359,0.00116210541054,0.00167919370119,0.0120892928157,0.900383772375,0.00437247391493
C000481,4,0.153502551212,0.380376913135,0.0174291791484,0.0190603203215,0.0161517688095,0.00847443066688,0.0247035971297,0.380301239577
C000482,1,0.00527241222258,0.010066932328,0.00530269461408,0.00522130074987,0.00635464405922,0.00532915974122,0.869949691435,0.0925031648503
C000484,0,0.00100688151906,0.00101657626328,0.00100638879373,0.000824920910382,0.00101217818289,0.000601904170326,0.00429378794701,0.990237362213
C000485,1,0.0541225371718,0.0551041943355,0.0641686713204,0.0633622635836,0.128593320951,0.0810943208064,0.259312414878,0.294242276953
C000491,1,0.00373290737636,0.00767641375327,0.00179132347762,0.00753053055218,0.00917497952173,0.846422714225,0.00814675679143,0.115524374303
C000492,1,0.0442547701838,0.0379440897648,0.450084565658,0.00986729363944,0.00679817883176,0.0679551789472,0.00550442458688,0.377591498388
C000493,2,0.0202689592928,0.0463620719548,0.0203781435239,0.012500879253,0.593056622789,0.0208231523483,0.101092333018,0.18551783782
C000497,0,0.00930272233007,0.007617108735,0.0050997656492,0.0931841913002,0.00762872813354,0.0321275373555,0.0175127041056,0.827527242391
C000498,1,0.221867069535,0.0157415346695,0.0155757575011,0.582726422356,0.0157613821494,0.0157613821494,0.0242218793152,0.108344572325
C000499,0,0.294970742416,0.0168740959385,0.00781342843168,0.614041079476,0.00344337830852,0.0130543739187,0.00636059198721,0.0434423095236
C000502,0,0.0108329007238,0.0087914562313,0.312993349572,0.00880486701974,0.0622158672888,0.0148609462972,0.55311326301,0.0283873498569
C000503,4,0.138376578521,0.00603329495038,0.0217550332414,0.00589461469922,0.00409582277894,0.00308236282826,0.00741545900402,0.813346833977
C000504,3,0.067532347648,0.0866324760137,0.06724959615,0.0625661977895,0.228099819204,0.103294505014,0.0773865070178,0.307238551164
C000505,2,0.00252646122487,0.00403410356163,0.033020357441,0.918777839377,0.021993120161,0.00341283387277,0.00446901492067,0.0117662694415
C000506,4,0.0059358571057,0.00661514347166,0.0063075060835,0.00649558041123,0.502542017236,0.435744707498,0.00781021211378,0.0285489760804
C000508,1,0.00269218137798,0.00166565198953,0.00154251115363,0.00263931992211,0.00028012294894,0.0116448501232,0.00174029421174,0.977795068273
C000509,0,0.0167166117644,0.316935459439,0.01670843136,0.0168045488963,0.00904660848258,0.178475075183,0.395484301206,0.0498289636679
C000510,1,0.00779513741163,0.012744254659,0.025772087828,0.0114635524154,0.00716280082488,0.802659159433,0.0139391926385,0.118463814789
C000511,3,0.012539069503,0.0821960481229,0.0124865696152,0.527369877949,0.0180997846624,0.280413480905,0.0164233377714,0.0504718314717
C000512,2,0.0021413703641,0.976498249654,0.00217436092179,0.00199551103572,0.00148535345963,0.00221124706429,0.00234361123862,0.0111502962618
C000513,2,0.0216210026768,0.0242421652841,0.104373510929,0.0213895424533,0.0242241069017,0.077471898541,0.0313644715713,0.695313301643
C000514,4,0.0427991601853,0.27134508409,0.0278590061465,0.0398428300187,0.2094851965,0.135348495425,0.0513415685025,0.221978659132
C000516,1,0.0079261014975,0.0105198444415,0.0208115234584,0.0103199244488,0.249839076457,0.0105331082309,0.612783790062,0.0772666314044
C000517,0,0.00231415175407,0.00334943004382,0.00337057041324,0.961605999167,0.00161742205127,0.00335453937913,0.00378784250125,0.0206000446902
C000518,3,0.857328932922,0.00405619159895,0.00400022580666,0.0265645768737,0.0312081357548,0.0530726208557,0.00451928216168,0.0192500340262
C000520,1,0.29981636871,0.0327694187837,0.0325926686518,0.233037290918,0.0252767246361,0.0327553348399,0.0425185693337,0.301233624126
C000521,2,0.0118883919405,0.510683691662,0.0119456478509,0.0107187817889,0.381320600953,0.0121482953802,0.0155318584606,0.0457627319644
C000523,0,0.450085950231,0.375379548868,0.00911432917985,0.0354020811114,0.00907097980454,0.00907097980454,0.0101283173237,0.101747813677
C000526,0,0.0667244402456,0.0281651096529,0.0280467310202,0.0282080736759,0.0282080736759,0.0154096549841,0.020447651061,0.784790265684
C000529,4,0.808100287266,0.0116315340778,0.0114749864644,0.0113641736917,0.0116065600396,0.0115283471266,0.0149807595108,0.119313351823
C000530,4,0.0139638524749,0.0188699016568,0.187939654946,0.0185288443234,0.297849386746,0.0143162115811,0.0217901677029,0.426741980569
C000531,2,0.00388620802711,0.696958871366,0.194608393847,0.00323901895276,0.0039894905163,0.0744550270878,0.00418435883792,0.0186786313648
C000532,0,0.259768782762,0.00484943602573,0.00482211845007,0.681136483786,0.00479918359459,0.00479918359459,0.00514113847382,0.0346836733125
C000533,1,0.356644794267,0.0327307185064,0.0327478779277,0.0293327363181,0.0152067177157,0.275044162736,0.0421097506959,0.216183241833
C000534,2,0.187379438973,0.001887645078,0.054062366572,0.00164464857411,0.732545354711,0.001887645078,0.0115349372194,0.00905796379458
C000535,3,0.589122245286,0.011946453619,0.274826180885,0.0103986401867,0.0172984403755,0.0119381014997,0.018484069981,0.0659858681678
C000536,3,0.00514157070459,0.00532447017363,0.610683662739,0.00559054425498,0.00514157070459,0.00681749906807,0.330878514186,0.0304221681695
C000539,3,0.00203550060082,0.0322422177128,0.00896826696662,0.00137655762233,0.00272221731809,0.00145860150923,0.00301362395764,0.948183014313
C000540,2,0.0417102298295,0.0439359119361,0.106364148895,0.0574971727496,0.0439031833624,0.0227402276485,0.0845526946163,0.599296430962
C000541,4,0.545383842891,0.0172404254238,0.023105162011,0.0106856952952,0.0234951292532,0.170213974934,0.0345430198952,0.175332750297
C000542,1,0.0103863549096,0.0106939703858,0.840359626751,0.00793021198593,0.0104450344492,0.0104450344492,0.0147974935815,0.0949422734879
C000543,1,0.00638426286393,0.22645097828,0.00637697946476,0.703315616506,0.00645297734612,0.00645297734612,0.00997145682606,0.034594751367
C000544,1,0.0125858285134,0.0127052718357,0.0174204792558,0.0124638198002,0.0127212910887,0.172722729139,0.0219283359823,0.737452244385
C000545,3,0.0091961082745,0.0172301471758,0.146120600842,0.0155206140626,0.527187402897,0.0879677468848,0.0190858052889,0.177691574575
C000547,4,0.655701360731,0.0138672314393,0.116107537157,0.013548481709,0.0135521684294,0.0186332755277,0.0165384556824,0.152051489324
C000548,2,0.00856105274535,0.013547129498,0.012844537452,0.0561881997998,0.113138411376,0.054314472404,0.0156188463133,0.725787350412
C000549,2,0.279680686972,0.0104427552648,0.0102195845283,0.00909845963956,0.189630770632,0.369127051778,0.0123638043055,0.119436886879
C000550,1,0.0159863417591,0.0160339477074,0.0161941858533,0.0159906735085,0.016321000758,0.016321000758,0.0246491824068,0.878503667249
C000551,1,0.00948852983262,0.214985672294,0.344912523137,0.38369962351,0.00954213695146,0.00954213695146,0.0121077195798,0.0157216577438
C000552,0,0.0067439648788,0.00676911542173,0.00674066466693,0.0338386192278,0.00677944126224,0.00903800443151,0.00756351822845,0.922526671883
C000553,3,0.0277675083774,0.0113605551207,0.0567116621649,0.154103585661,0.0209240469557,0.0417285404535,0.00543437053538,0.681969730731
C000554,0,0.0106110373707,0.124144524685,0.00656748890368,0.00559717804232,0.00258327829374,0.282026416566,0.553333704644,0.0151363714949
C000555,0,0.550332302311,0.0313685444177,0.0313820914568,0.0214538685347,0.0392897208578,0.0312328326322,0.0367555078833,0.258185131906
C000556,0,0.00459174196323,0.00753340762307,0.0512239944566,0.00745534245304,0.00745534245304,0.883554515443,0.00828195252428,0.0299037030834
C000557,3,0.0569355837768,0.0385234161726,0.030438130984,0.503980579579,0.03869135482,0.0456402354306,0.0469536405467,0.23883705869
C000558,2,0.0230881914428,0.0303965220956,0.0250921565404,0.0268919897501,0.0303738792329,0.0303965220956,0.0332942337243,0.800466505118
C000559,0,0.0104044339114,0.0147141535531,0.0146523096121,0.475913488219,0.0120514439892,0.382854745441,0.0289265155771,0.0604829096966
C000561,2,0.0348224004982,0.0361758040271,0.0346782252575,0.033612287466,0.0361488560835,0.0361758040271,0.0364571842235,0.751929438417
C000563,4,0.00565632408745,0.00622317807986,0.00606413681807,0.767676878398,0.00620981630952,0.140110289143,0.00825612785655,0.0598032493073
C000564,0,0.00227639098708,0.00228488042471,0.00229930174881,0.0217318754141,0.921702374442,0.00228836585957,0.0412958901441,0.0061209209799
C000566,4,0.0397446302838,0.0676508534696,0.16438392629,0.0650460414589,0.0774101051332,0.0798991069497,0.0811969847611,0.424668351653
C000567,1,0.847593686791,0.013237378667,0.013075325211,0.0129858144293,0.013254068819,0.013254068819,0.0146835725155,0.0719160847477
C000568,3,0.0350459565303,0.601222508341,0.131787728686,0.00982632908226,0.031485063144,0.0107809862777,0.00748807743552,0.172363350503
C000569,1,0.00388501284376,0.0355403560409,0.00532484554369,0.513551208804,0.35422085769,0.00811310137349,0.00215818632946,0.0772064313748
C000571,1,0.611314622573,0.0200180993977,0.0198876012821,0.0143141107932,0.0192001643474,0.0125412900684,0.0216205955231,0.281103516015
C000577,1,0.00571228955365,0.0115216904212,0.0111137688942,0.0105012569262,0.0032001679366,0.0161500473679,0.0130599382611,0.928740840639
C000579,4,0.00346836780168,0.823365529063,0.00714052343549,0.0122454147405,0.00234792911115,0.00562177694324,0.00946858137008,0.136341877535
C000580,3,0.811586543148,0.00327945304807,0.00317220491841,0.0726801113318,0.0808981422555,0.00327716028539,0.00385969880099,0.0212466862115
C000582,1,0.00314710666425,0.00804368743161,0.046289427988,0.00613584161667,0.860255362041,0.00390975832642,0.011528266186,0.0606905497464
C000583,2,0.00554058880923,0.590697403401,0.00550366778077,0.0049593381272,0.00437954987722,0.0558894675718,0.320034540533,0.0129954439005
C000586,0,0.027927197204,0.0283680722433,0.0282082707827,0.0280741072152,0.127845325882,0.0280741072152,0.572938198426,0.158564721031
C000587,3,0.00320771715052,0.130208740176,0.0113205311927,0.0046360718165,0.0236801154134,0.80263656163,0.00596101698656,0.0183492456341
C000588,2,0.377197123534,0.028283174505,0.0278113786474,0.0262789512902,0.0282621059092,0.0263144477791,0.0308598008465,0.454993017488
C000592,0,0.00257971521356,0.00258933585058,0.00444361664455,0.126198821961,0.793591948208,0.0475613492707,0.00302952626716,0.020005686585
C000594,3,0.238776842219,0.068737976399,0.0196557421253,0.00882142151258,0.0068821704328,0.00975624352933,0.0889508242929,0.55841877949
C000595,4,0.0308386715616,0.0328264007167,0.178081353098,0.204561190226,0.021506964229,0.10676550696,0.0569800013804,0.368439911828
C000596,4,0.832267269366,0.0120728109483,0.0116041381204,0.0123133423285,0.0119464847195,0.011965709293,0.0141657212503,0.0936645239743
C000597,4,0.905052112696,0.00576534229551,0.0210245293734,0.00563282115672,0.00575296354326,0.00572139715191,0.00225893816262,0.0487918956205
C000599,4,0.0175025715193,0.0199928220606,0.460552296603,0.236702906045,0.0197836232399,0.0198404308596,0.0313784422433,0.19424690743
C000600,3,0.033546566117,0.0137991329617,0.0100914534207,0.0125218282692,0.0181250465896,0.0137894855795,0.755634395302,0.14249209176
C000602,0,0.0273076812084,0.0049106092761,0.019411540068,0.00491810008767,0.00733377597532,0.00537465910165,0.00524748552636,0.925496148756
C000604,1,0.00166466347203,0.00334462605307,0.00140073386541,0.00538309644188,0.000753770924854,0.00250778298773,0.00209645582099,0.982848870434
C000605,3,0.0203194565713,0.00675581250759,0.0066553853362,0.875527019626,0.0204608605429,0.0350623418499,0.0078169950785,0.027402128488
C000606,0,0.00972387469215,0.00580652989833,0.00722777912712,0.00977502678343,0.00493171453615,0.00977502678343,0.879750777731,0.0730092704482
C000607,4,0.694352979302,0.0116666260932,0.0113092681921,0.0113984590883,0.0104383270216,0.0115631278299,0.0142624042792,0.235008808194
C000609,2,0.927544335821,0.00404335570845,0.041433959915,0.00356756616278,0.00404034374717,0.00404335570845,0.00644724554733,0.0088798373902
C000612,3,0.00386473337542,0.785459818681,0.15894324993,0.00349777353373,0.00386473337542,0.00384526839614,0.00445792038141,0.0360665023266
C000615,4,0.00739003287811,0.103212908745,0.00838715060183,0.00814222287831,0.00831588826927,0.464870626163,0.371111486453,0.0285696840118
C000617,3,0.000368892917902,0.00107889596625,0.000245402927874,0.000959438396615,0.00106919774969,0.00119234216385,0.00156474431575,0.993521085562
C000618,3,0.0104266403554,0.0103813838404,0.00767227727946,0.00966022947182,0.0104266403554,0.83642413883,0.0163377621682,0.0986709276996
C000619,0,0.025983595474,0.0491324629812,0.081471511359,0.0570268214723,0.0327896586019,0.158009931912,0.0508627451626,0.544723273037
C000620,1,0.0090186156262,0.00720407805753,0.735170698533,0.00713981119532,0.0251256322095,0.00859188905848,0.150248604788,0.0575006705326
C000621,4,0.0113580766075,0.0124963372466,0.0384821172658,0.0122090986478,0.0124695063917,0.0123854783581,0.817077855815,0.0835215296676
C000622,4,0.0923527138498,0.0189235036354,0.0244406085022,0.0595016821627,0.462817060643,0.0187556273577,0.13092903792,0.192279765929
C000624,1,0.0221518033766,0.304339177722,0.0218008674228,0.0219370608174,0.0234272384416,0.0223902255299,0.0273252492136,0.556628377476
C000626,1,0.462626002793,0.0053271977137,0.00528930241762,0.00521713519988,0.00532490814141,0.035762332813,0.466156935037,0.0142961858852
C000627,2,0.00185973679434,0.00131479652057,0.00124066207987,0.00209636219206,0.000468794754191,0.000600532640061,0.00146384682235,0.990955268197
C000628,3,0.0391636644832,0.0763879405688,0.0133542638547,0.0121662743486,0.54747788985,0.0457960914142,0.0157582070648,0.249895668416
C000629,1,0.731262525583,0.20085514707,0.00333291580319,0.0251548870296,0.0033353694582,0.0033353694582,0.00419379100969,0.0285299945888
C000630,1,0.020201933578,0.0202904850001,0.0200768019495,0.019904882947,0.0203160679563,0.0293709577893,0.494514384147,0.375324486632
C000631,0,0.029493868699,0.0349353532404,0.358853280362,0.0202887911368,0.132556682407,0.0292955025344,0.03032536335,0.36425115827
C000633,1,0.00563230103295,0.908981086779,0.00521720714615,0.00554948328836,0.00513017151136,0.00566412170867,0.00877223621361,0.0550533923201
C000635,0,0.00793805919823,0.00910024669625,0.00541789821688,0.0260499427037,0.00248216073664,0.011011202462,0.150280977535,0.787719512452
C000636,2,0.00838105900751,0.000462858406967,0.987186398551,0.000375509194157,0.000462513616228,0.000462858406967,0.000498683738579,0.0021701190787
C000637,4,0.00434236916586,0.142731070843,0.414197406209,0.0752895070175,0.0128572622531,0.0114705842192,0.0170078793215,0.322103920971
C000638,0,0.191994231398,0.520744013104,0.00510486596749,0.00513423240707,0.00280609114555,0.250050175726,0.00543299279692,0.0187333974557
C000639,0,0.00734251850187,0.00857722216199,0.00346386301522,0.0436931740145,0.0137065702746,0.0135252687033,0.00811665469782,0.901574728631
C000640,3,0.00182880452729,0.00182086665693,0.970912313033,0.00164424723241,0.00182880452729,0.00181959363516,0.00204963199322,0.0180957383943
C000641,4,0.00510469901978,0.027522586275,0.012768908772,0.204453416598,0.532794497448,0.00571454078462,0.175385498468,0.0362558526345
C000644,4,0.00735745968627,0.00866341989937,0.00855550461922,0.008215449728,0.00864481869182,0.0402554853493,0.896547348663,0.0217605133635
C000645,2,0.142530385786,0.310792789338,0.474763919175,0.00963665133156,0.0093203533064,0.00960545957714,0.0109632080581,0.0323872334279
C000647,1,0.0236842037294,0.0180450608472,0.0620946117357,0.777285405865,0.018037305274,0.018037305274,0.0235273830652,0.059288724209
C000648,0,0.0064946752504,0.138875345856,0.00656004097978,0.00652884025475,0.758033489481,0.00652884025475,0.00704070487189,0.0699380630513
C000649,1,0.00371813926264,0.655817458137,0.00373302854511,0.219230802014,0.102144760377,0.00375815798048,0.00440670070384,0.00719095298045
C000650,0,0.0097937981624,0.00528921635438,0.0393465908928,0.0568534407786,0.0637344602453,0.00428218611872,0.0144680336662,0.806232273782
C000651,3,0.00471694381948,0.00532594343441,0.00696720545847,0.00617787782004,0.00228653348343,0.761005528092,0.187937827924,0.0255821399685
C000652,0,0.0444262450514,0.00695581507247,0.172614974543,0.0536400425453,0.00696642571102,0.337708036097,0.349922457706,0.0277660032737
C000654,3,0.00882712452852,0.012448945886,0.0124643600548,0.0113121080036,0.664169867873,0.0616981853614,0.0142100725513,0.214869335741
C000657,1,0.0180756804064,0.0181549117928,0.0179326573517,0.0178098943494,0.0181778021434,0.0181778021434,0.63766170067,0.254009551143
C000660,1,0.000443436419806,0.000804423168899,0.000351583488313,0.000325181013895,0.00079477162131,0.00079477162131,0.0009959103125,0.995489922354
C000664,3,0.0135334055033,0.362474240325,0.0213742514254,0.259191755967,0.0163818324077,0.0832305340556,0.026119781712,0.217694198604
C000665,1,0.0382282703088,0.0204422503826,0.0160028317294,0.670260730453,0.0208082245295,0.0208082245295,0.0334849092705,0.179964558796
C000666,3,0.0187503399408,0.703168476992,0.0186479619342,0.0170957333575,0.0187503399408,0.0186559026425,0.0203371203685,0.184594124824
C000667,3,0.687665261318,0.00267827651488,0.0721476679284,0.219261567386,0.0016135803574,0.00265030916791,0.00238421563501,0.0115991216925
C000668,2,0.0124837068595,0.0127885826986,0.0123652721769,0.00960335720101,0.486415734024,0.0127885826986,0.411426261082,0.0421285032597
C000669,4,0.00795572376069,0.00908293436479,0.00896023375573,0.00331606728024,0.387279784188,0.00900235683323,0.0139376737379,0.560465226079
C000670,2,0.00553512477118,0.00487461955555,0.300737414565,0.00426301068093,0.00487098837234,0.00487461955555,0.641799612461,0.0330446100383
C000672,4,0.79717254366,0.00177747716824,0.00173205146965,0.00180389112503,0.00177366075137,0.00176185473055,0.186307132617,0.00767138847832
C000674,4,0.00528406349303,0.930802680475,0.0352199950778,0.0100426998315,0.00236828213432,0.00237194347331,0.00441869451538,0.00949164099981
C000675,4,0.00715466392704,0.00797149145257,0.00786420397411,0.00778826015925,0.00688353892659,0.00790077387626,0.888210674857,0.0662263928274
C000677,2,0.0348224004982,0.0361758040271,0.0346782252575,0.033612287466,0.0361488560835,0.0361758040271,0.0364571842235,0.751929438417
C000678,4,0.0577966765249,0.0173563975829,0.0173521086008,0.61586657873,0.172504901175,0.0172241019888,0.0243837726077,0.0775154627902
C000679,0,0.108332018424,0.00730306594291,0.0039546873145,0.279482801001,0.00351286699391,0.0172636427746,0.550739572102,0.0294113454473
C000680,3,0.0893332657841,0.690874372972,0.0091082425117,0.0735681039748,0.00914653819466,0.0525345112989,0.0107318095206,0.0647031557431
C000681,0,0.149931905655,0.0259532671269,0.140951988734,0.126212316796,0.0144472861306,0.0256843255917,0.166818849202,0.350000060763
C000682,1,0.646952730808,0.0976323367422,0.197545988151,0.00647577006952,0.0112118327471,0.00434353939092,0.00412570938762,0.0317120927035
C000683,3,0.0465777663851,0.141286695304,0.00263180063011,0.00241814927852,0.00823049564177,0.00260109794269,0.786745589782,0.00950840503607
C000684,0,0.150468949344,0.016990417392,0.00453510475001,0.767415239889,0.00451353498288,0.00451353498288,0.00518959279102,0.0463736258682
C000687,1,0.0313380011575,0.01662923377,0.00981888690654,0.0160698421183,0.799584288312,0.0164018047929,0.0636820855826,0.04647585736
C000688,4,0.00384834153267,0.0278813205339,0.00996810551409,0.00820446413269,0.0142350782189,0.00769574695274,0.0131910799552,0.91497586316
C000694,1,0.0104434949237,0.0298233413998,0.0154283336728,0.0151272017516,0.0340799272755,0.0113365332866,0.0189737581715,0.864787409518
C000696,4,0.00318636668468,0.0035650029777,0.530173491462,0.00348305844947,0.427128376063,0.00353812289486,0.00545522725444,0.0234703542132
C000699,4,0.00428687116327,0.0146799686334,0.00478973429152,0.0386811948661,0.00478063161845,0.00474881029276,0.913802497366,0.0142302917681
C000700,0,0.00856779451587,0.0138322724139,0.116358748176,0.0138533726361,0.381868500589,0.19155893857,0.0163460512569,0.257614321842
C000701,1,0.0168880807045,0.524449969515,0.0156705706447,0.01509726373,0.264643174239,0.0156821071421,0.0177778897354,0.129790944289
C000702,4,0.00170874677806,0.00245190135848,0.0315283167388,0.00239554238731,0.00244663688711,0.00125248088766,0.00363255437214,0.95458382059
C000704,3,0.0720685330041,0.0245002237391,0.0542221179792,0.0308775869982,0.071912718033,0.0683385782245,0.0324697784136,0.645610463608
C000705,1,0.0232687423327,0.00990145289374,0.0238346321356,0.0232750473627,0.3578257573,0.0962118093903,0.0327656145982,0.432916943987
C000706,2,0.00719148456671,0.521719978606,0.00462119484432,0.024008397322,0.00471859286294,0.394981843975,0.0222023576903,0.020556150132
C000707,2,0.00368017933335,0.00377005630461,0.0035148429329,0.00320917765692,0.00376724792849,0.954886473345,0.004198544971,0.0229734775278
C000708,2,0.0053579934522,0.00525198282679,0.00670309151925,0.631360776819,0.0130224423791,0.00693256395848,0.293683107566,0.0376880414791
C000709,3,0.00287005133879,0.00304657976946,0.117966431472,0.00458803306632,0.00505143945708,0.72960242481,0.00213387924564,0.134741160841
C000710,3,0.301928719804,0.0357105840713,0.0352086374282,0.0302949106425,0.0387120230006,0.11022417104,0.0412438422858,0.406677111727
C000711,4,0.0113174789448,0.006407206639,0.1298015521,0.325142820981,0.00438534369124,0.00920142138614,0.498364032414,0.0153801438438
C000712,1,0.115204955241,0.0183041425883,0.0120082306854,0.0117738527121,0.769436325531,0.0100049703203,0.0158177934769,0.0474497294444
C000713,0,0.00259480241857,0.0231061147945,0.00262091783561,0.516545371795,0.0573130571268,0.388713772856,0.00277985575819,0.00632610741546
C000715,2,0.0198144505009,0.133661242727,0.030575695842,0.0353671589126,0.017940898686,0.032573916022,0.042653534998,0.687413102312
C000716,0,0.00271195843361,0.943717054532,0.00458317326079,0.00460953859174,0.00460953859174,0.00714753725833,0.00382849258983,0.0287927067423
C000717,3,0.029096326748,0.0370566799787,0.536734195763,0.0333648798454,0.037218224549,0.037030772557,0.0385625378886,0.250936382671
C000719,1,0.549892676651,0.00394424513529,0.021402893977,0.00724657795996,0.122114935384,0.00772454341243,0.241668166093,0.0460059613873
C000720,3,0.51310148117,0.0269883263688,0.118797718938,0.0247316967677,0.0150718478861,0.0269694580312,0.0341101939512,0.240229276887
C000721,2,0.0027066535463,0.00278552423422,0.00211342069631,0.00245624879841,0.00143727185408,0.0017549751288,0.00118575768498,0.985560148057
C000724,4,0.0236395741118,0.0647064507763,0.0241256795499,0.680064771279,0.0316289595337,0.0238434015547,0.0288398444812,0.123151318713
C000725,1,0.0401226067345,0.0159922807007,0.0159736477712,0.0156618723491,0.0927587701612,0.674770424995,0.0187483161061,0.125972081183
C000728,4,0.00395652725358,0.0351576880186,0.913589606899,0.00751727911338,0.00439182620437,0.0043677283453,0.00608322535433,0.0249361188114
C000729,0,0.0209717676599,0.0366152971,0.0471367920035,0.0222961453001,0.0281986138976,0.0347654767446,0.0391233566198,0.770892550675
C000732,1,0.0116661614768,0.0156376419304,0.0328743625107,0.0155954373257,0.0159175999858,0.0137866271398,0.0182012511234,0.876320918507
C000734,1,0.00785761873454,0.00789206114625,0.0077954456595,0.00774207976429,0.00790201173417,0.00790201173417,0.842475952366,0.110432818862
C000735,2,0.00329777338485,0.00582690943807,0.839821600634,0.00514124564933,0.00582256887866,0.00582690943807,0.110922831651,0.0233401609265
C000737,3,0.0781460575201,0.00602947446889,0.55411240864,0.00550221200819,0.00605575930775,0.327241336646,0.00698294037579,0.0159298110327
C000738,3,0.021508508471,0.0293567383953,0.030783441692,0.0275137878746,0.0295897209726,0.0307046890172,0.0388732026357,0.791669910942
C000739,2,0.0144858357292,0.853764625962,0.0113650903536,0.0102404765339,0.0305742297844,0.00845948281232,0.00983582809405,0.061274430731
C000741,4,0.00474799748079,0.0194780689772,0.00555284194396,0.00424983082353,0.00299627115271,0.894407903444,0.0476189281912,0.0209481579867
C000743,4,0.00269532187618,0.0105083503995,0.00200780941948,0.00103904288388,0.00200399366863,0.00166130546464,0.00252577727179,0.977558399016
C000746,4,0.00649792357752,0.0125078783044,0.00849887563514,0.00744648506099,0.0151665003743,0.0111320283981,0.0867342409213,0.852016067728
C000747,4,0.0131703288386,0.0147028983531,0.802961187697,0.0143649401308,0.0146713297962,0.0156760893644,0.0182062466195,0.106246979201
C000748,2,0.0237319699,0.0240378060242,0.0231747259603,0.0903104832997,0.709218737778,0.0226465524309,0.00927772240265,0.097602002204
C000749,3,0.300818745835,0.010467646054,0.501335391979,0.0211574061909,0.0233895919429,0.0155732440404,0.0396055771184,0.0876523968394
C000750,3,0.00251014345761,0.00175944444891,0.0108174650536,0.00155943520742,0.00130476070732,0.00131475147569,0.00206390068016,0.978670098969
C000752,0,0.0199495487282,0.0413790302122,0.030723135353,0.0308998743906,0.0397288855313,0.0111320198016,0.0346804359883,0.791507069995
C000754,3,0.00956069907057,0.209747668777,0.00595595918302,0.00527284387541,0.00604546771064,0.00601501932203,0.716575059731,0.0408272823308
C000756,2,0.0359092785293,0.0367585315667,0.0342701685233,0.0330485262008,0.48747857753,0.0367585315667,0.0424078785871,0.293368507496
C000757,3,0.113617829458,0.0240008900131,0.0239084561695,0.103952677751,0.12300336322,0.0576812768742,0.0334777900358,0.520357716478
C000758,2,0.00240423285504,0.00250881348615,0.00237869939811,0.00215224109512,0.00201003740759,0.0024268393381,0.00269465032454,0.983424486095
C000759,0,0.655498399172,0.00971038006534,0.143969062646,0.00960975595088,0.0160664423347,0.00888750870922,0.00970990169096,0.146548549432
C000761,0,0.877110441988,0.00437240211488,0.00435402480371,0.0807743784855,0.00437907192682,0.00437907192682,0.00484252607066,0.0197880826831
C000763,0,0.454205905958,0.00580896236472,0.00578454715629,0.00581782355485,0.00581782355485,0.00394897638376,0.498621691024,0.0199942700042
C000764,3,0.0131756434478,0.0183233318679,0.75093393027,0.0208289440973,0.0138028564196,0.0186207053894,0.0268528811005,0.137461707408
C000765,2,0.122971813432,0.0468907461948,0.0458886502829,0.0401016548946,0.0157252632615,0.0468907461948,0.046530725263,0.635000400476
C000766,3,0.0319950564993,0.044341302615,0.0447155824971,0.0410897111045,0.0445346037063,0.0443103022981,0.339495554638,0.409517886642
C000769,0,0.0415318945232,0.00871813419427,0.0883568171605,0.0389191567268,0.00873143313477,0.0157737991859,0.00929529186346,0.788673473211
C000770,3,0.0208543927978,0.0795091799067,0.221380336841,0.0185779194208,0.0387198320163,0.0145522517413,0.0226374805208,0.583768606755
C000771,0,0.00509156385868,0.00511055203519,0.00514280795828,0.0051183478463,0.0051183478463,0.0051183478463,0.916437834833,0.0528621977762
C000772,3,0.00821932147991,0.00818364576532,0.612329492074,0.150357138047,0.00821932147991,0.00620684696828,0.184178427503,0.0223058066828
C000773,3,0.0971773458208,0.175447404811,0.621354395367,0.01079442175,0.0281167417965,0.012271441472,0.0141247613111,0.0407134876715
C000775,1,0.018084456503,0.0249848816505,0.0254947150189,0.024917449677,0.0254321817558,0.0254321817558,0.0351503651634,0.820503768476
C000776,1,0.00624400753458,0.00630947393603,0.00534034324772,0.281002488315,0.00631121243413,0.00631121243413,0.0324984245709,0.655982837527
C000778,3,0.757289310853,0.0098527602716,0.00581424430919,0.00535035042467,0.00588037033623,0.190758795638,0.00690307572207,0.0181510924458
C000780,0,0.0179390337976,0.0148782133958,0.0466133039071,0.581224394939,0.0207526839909,0.055792888715,0.0161103910725,0.246689090182
C000781,4,0.0065697488172,0.00627308911758,0.346528125296,0.503288792212,0.00738790079133,0.00135754339233,0.00935497660888,0.119239823765
C000783,2,0.0543357150186,0.0179552560458,0.0946616584404,0.0270101605767,0.0298060472718,0.0304235954026,0.0335594046616,0.712248162583
C000785,3,0.00821504376787,0.00275926832103,0.00291301102478,0.00732435825454,0.00519578444951,0.0028066220976,0.00320475930943,0.967581152775
C000786,2,0.00295256663796,0.0091287821737,0.900110199518,0.00798827875247,0.0101936497102,0.00372842703109,0.00901288262686,0.05688521355
C000787,0,0.0100133126151,0.00603606354186,0.0101140917083,0.0100659872841,0.825334094715,0.0100659872841,0.0119352056321,0.11643525722
C000788,3,0.00215428298461,0.0033718370802,0.00326610039415,0.00309577635277,0.00622690611855,0.00338147958836,0.955964253553,0.0225393639282
C000791,3,0.0171737863327,0.539237249965,0.0218047695162,0.0153604265399,0.0118538662512,0.0094517965772,0.0207438453017,0.364374259516
C000792,1,0.0375513381781,0.0670291675878,0.0377017124491,0.130073770487,0.0379555071187,0.272439077736,0.044980994318,0.372268432124
C000793,1,0.00967289785779,0.0298926334528,0.00975292259103,0.00475937166307,0.0097770082589,0.0097770082589,0.779666907938,0.146701249979
C000794,2,0.0118302851193,0.16794694763,0.0118940121497,0.0230756226637,0.714820350925,0.0121537482909,0.00972020249854,0.0485588307224
C000795,3,0.00649086518337,0.212660013949,0.0126555012689,0.0130659471217,0.266404045087,0.435057861833,0.0178862843785,0.0357794811783
C000797,3,0.0135587899943,0.0181799423856,0.424493920899,0.0162389792223,0.374510910038,0.0390089403517,0.0211935919818,0.0928149251281
C000799,1,0.021368659459,0.0214322934857,0.0218067220384,0.0246700547205,0.0185015547206,0.0218159922066,0.0271553783398,0.843249345029
C000800,0,0.0108973268345,0.00740330189673,0.00737218564094,0.00741459514701,0.775092185669,0.138213232736,0.00842245059352,0.0451847214825
C000802,1,0.00473015468082,0.561298837757,0.00284216125442,0.282956689946,0.00791652410767,0.0994713419997,0.00758093298392,0.0332033572702
C000803,2,0.0179506428081,0.523345005126,0.223791325194,0.0135934046208,0.0130686513558,0.0189525345955,0.0174968232585,0.171801613042
C000804,3,0.847970075078,0.00642826411852,0.00439285018761,0.0039378396734,0.0562503405694,0.00387496383131,0.00498757396307,0.072158092579
C000805,1,0.00490742498062,0.79665940565,0.00328228574154,0.00323750225005,0.163856156723,0.00330438093486,0.00397387395714,0.0207789697626
C000806,1,0.0089428472173,0.00331438971425,0.0157443089016,0.00972174755046,0.300279441054,0.568634754784,0.0160962312932,0.0772662794845
C000807,4,0.0975672397188,0.00664879861338,0.00655898054285,0.00613336702762,0.0453603577433,0.00601962129429,0.00820453224501,0.823507102815
C000808,4,0.00659521713161,0.0344445737106,0.00549250187704,0.00731136909325,0.00310706936419,0.0580121412743,0.0047676962928,0.880269431256
C000810,1,0.00613430697514,0.0101252905462,0.00919327344984,0.00517133047734,0.0101380568681,0.00621550885861,0.866852145234,0.0861700875907
C000811,3,0.0314518727795,0.192948903162,0.040446607888,0.153312278062,0.0503299223956,0.0404120975325,0.0740178106679,0.417080507513
C000815,0,0.0104538915925,0.00401792806531,0.0105591048977,0.0459815924799,0.0057323842457,0.0223925522213,0.0115448618794,0.889317684618
C000818,1,0.022817416579,0.0125700517441,0.0124376740803,0.0123311694424,0.631950778018,0.0125859005069,0.0170863999138,0.278220609715
C000819,2,0.706499224784,0.00514669373702,0.255356616601,0.00448415998039,0.00514285988132,0.00396688443177,0.00554183221233,0.0138617283721
C000821,0,0.00234823145579,0.00237084136856,0.309237506095,0.662376989937,0.00524222886584,0.00236058424247,0.00266064764759,0.0134029703871
C000822,3,0.00306003885091,0.00102392006437,0.00102407798805,0.00286176172469,0.00135774064946,0.00606456176783,0.00118890531427,0.98341899364
C000823,2,0.250110512802,0.199514901223,0.00638430974066,0.00568392818129,0.00651886782358,0.00880997242383,0.500813010232,0.0221644975736
C000825,2,0.00386589619365,0.0087515232372,0.519441473453,0.0103448636467,0.00458485655732,0.0118660814548,0.0117559070017,0.429389398456
C000826,0,0.542034061474,0.0839535741025,0.0982130392059,0.00881128018498,0.00881128018498,0.217425519768,0.00877065208307,0.0319805929966
C000827,0,0.000929698580005,0.000662119010437,0.00587425976115,0.000508570292845,0.000934589225774,0.000493256132028,0.00098697916516,0.989610527833
C000828,0,0.00203184116112,0.00413650262129,0.0575518203795,0.814159242128,0.0032471224487,0.00278099259104,0.100846358968,0.0152461197024
C000829,4,0.0244235454366,0.028808391461,0.0275197073245,0.0293823524207,0.0300204394238,0.0336395859574,0.0300985605158,0.79610741746
C000831,4,0.00124274632592,0.0343403919751,0.814795809311,0.0419940325031,0.00200193972775,0.0937161593926,0.00216677116733,0.0097421495972
C000832,3,0.00317099198963,0.00306217287261,0.00294904226529,0.0131046598276,0.00211989536578,0.00251826974643,0.0132574678208,0.959817500112
C000835,0,0.552245158662,0.00832999164902,0.00829498049392,0.0138396218689,0.0155481309832,0.129315807887,0.188968340852,0.0834579676047
C000836,3,0.31810394882,0.0174534854942,0.00770501005773,0.00689069564211,0.00767382532692,0.00763517560999,0.549562968005,0.084974891044
C000837,2,0.00644375223834,0.00646986154645,0.126169917438,0.00570346909715,0.135342016471,0.678602913392,0.0218986251956,0.0193694446221
C000838,2,0.0774994845959,0.0116932559232,0.00476542396223,0.328613164233,0.0149863682188,0.528057137107,0.00839085988796,0.025994306072
C000840,3,0.00185094754437,0.00334919595962,0.00338949444259,0.00310196942799,0.938035611076,0.00335877372053,0.00366627804838,0.0432477297801
C000841,2,0.427290645522,0.170416352482,0.0266737700318,0.0222478165862,0.0205922024799,0.126356373738,0.0318503266977,0.174572512462
C000842,4,0.00263697500997,0.00296359616458,0.00298257480408,0.806622331533,0.0117851367987,0.114708674166,0.00382095889529,0.0544797526282
C000843,1,0.0302639127412,0.0330623900714,0.0327142036001,0.0324340696793,0.0866123444899,0.0331040762941,0.0381091607566,0.713699842367
C000844,2,0.156179143374,0.170689844752,0.00846448499207,0.335399357933,0.0875210764938,0.0228439751849,0.0243034244209,0.194598692849
C000845,1,0.00946713820356,0.311861070875,0.00954546066912,0.0093753624934,0.00620690498318,0.0168011403749,0.560204530557,0.0765383918439
C000849,4,0.00463826502016,0.00395029353764,0.259291720875,0.00510633465456,0.691645419992,0.00516068767797,0.0059141420253,0.0242931362177
C000850,3,0.00828155090523,0.00824560508572,0.0081794143062,0.787370781839,0.00828155090523,0.00815950206495,0.00881096761257,0.162670627282
C000851,3,0.0113974903862,0.289306441278,0.0074378855841,0.00570060429969,0.00535786114064,0.640462094985,0.00845716214835,0.0318804601778
C000853,4,0.0301337169539,0.0385297550273,0.36838246497,0.0804606450839,0.0495897591176,0.0351073145926,0.0363005588091,0.361495785445
C000854,4,0.00392722607751,0.567321319831,0.1028572439,0.00405673731325,0.00405397518488,0.291835512215,0.0114464013172,0.0145015841603
C000856,0,0.210954885862,0.0144086732192,0.023293302519,0.0211438361939,0.0245233769378,0.110182869992,0.0283890619497,0.567103993326
C000857,2,0.462917500244,0.0218110122501,0.00571154281208,0.00527364931638,0.00604832111611,0.00605282996738,0.472343142698,0.019842001596
C000858,4,0.167822301682,0.00525487886337,0.00519771876624,0.776100919583,0.00524359612589,0.005208261201,0.00700142600281,0.0281708977752
C000859,4,0.0164790115248,0.0181268798611,0.431626770918,0.421355893352,0.0180879596819,0.016946358275,0.0253981928925,0.0519789334947
C000860,4,0.574653831985,0.0218114555307,0.0277258284282,0.01132225734,0.103603375095,0.0274018400708,0.0384971879828,0.194984223568
C000862,3,0.00537260512618,0.00534928549723,0.00517434752551,0.0695092937585,0.00537260512618,0.883700063782,0.00612454378667,0.0193972553975
C000864,4,0.420810904754,0.0117411624785,0.00920877680411,0.0182878301481,0.00585253128454,0.00543927873947,0.486544437633,0.0421150781584
C000865,2,0.0011662857837,0.00255138057858,0.000830813435244,0.00222294142022,0.00183916335677,0.00616228832183,0.00273595687832,0.982491170225
C000866,1,0.00401047029686,0.854339624911,0.00521443129192,0.00599802515703,0.0182150210549,0.00614459650801,0.0784238866745,0.0276539441053
C000868,4,0.0207195024225,0.0243130945956,0.0235138348117,0.0209683089514,0.02426089201,0.0138313674898,0.0294549166537,0.842938083065
C000869,1,0.1751270477,0.044744534347,0.03963388568,0.0425598907023,0.0455455881683,0.0455455881683,0.058880083633,0.547963381601
C000873,4,0.0483150716314,0.0291764307523,0.0287837481904,0.0286490917205,0.0291137861096,0.028917597574,0.594731343784,0.212312930238
C000874,3,0.00885673648051,0.50142087644,0.0699135211773,0.117546210304,0.0105308065911,0.0178499087564,0.035850859868,0.238031080383
C000875,2,0.00108342713814,0.925551958793,0.00200891830144,0.0018225916686,0.000902102482996,0.00157561941455,0.00485005950143,0.0622053226994
C000877,2,0.00497503854664,0.00756902140537,0.00301867813193,0.00285511848915,0.00175158821472,0.764250599278,0.204451409025,0.0111285469094
C000878,0,0.0396278071329,0.00339543872597,0.00338116761541,0.00208520778645,0.00340061824451,0.61142026817,0.323970140909,0.0127193514153
C000880,2,0.00170052016601,0.00235050215696,0.00219138528118,0.00204792207281,0.00234875122975,0.00416886589784,0.971093762208,0.0140982909879
C000881,3,0.0300710752498,0.00348637439377,0.0032089476213,0.00458529842713,0.238000233142,0.00443399481534,0.702172685216,0.0140413911349
C000883,0,0.0142747553858,0.0226638536292,0.222986762388,0.0143498472204,0.0143498472204,0.0449392870419,0.597571977161,0.0688636699541
C000885,4,0.163727867989,0.00283629433662,0.00281673594429,0.0214146177858,0.433278919102,0.359132373584,0.00326454316324,0.0135286480949
C000886,2,0.00186771143312,0.126779599223,0.00186206710127,0.00166399831189,0.00190131271898,0.000909394313657,0.857921086754,0.00709483014406
C000887,0,0.073193613812,0.00118829542627,0.913887142895,0.00119010809281,0.00119010809281,0.00119010809281,0.0013629559964,0.00679766759163
C000889,0,0.0180429878335,0.00356589694318,0.0267448150802,0.00355046956997,0.927566754288,0.00355046956997,0.00353449707831,0.0134441096367
C000891,2,0.0524978017882,0.0524820731665,0.220878994477,0.0148235337805,0.0107876922655,0.605063238713,0.0130695189025,0.0303971469065
C000892,3,0.008262585387,0.00822672188673,0.8978251854,0.0206775831724,0.008262585387,0.00822097034199,0.0102827327228,0.0382416357025
C000894,4,0.00812209279357,0.540974475409,0.0093003576109,0.00575357049171,0.00965751499433,0.00903755065933,0.105422858669,0.311731579373
C000895,1,0.510642723927,0.0107668497409,0.302609650316,0.0108665075766,0.0109596068286,0.0109596068286,0.0094057062325,0.13378934855
C000896,2,0.00840807284406,0.00515740734355,0.0175106040627,0.0152766914598,0.71575079794,0.0178076562355,0.0209609298692,0.199127840245
C000897,0,0.0734715360219,0.0125855618725,0.0140515441664,0.0107462909403,0.453302267264,0.373359459058,0.0109008481342,0.0515824925429
C000898,4,0.0168935558897,0.871203939436,0.00312999266326,0.00307943731268,0.00485088605354,0.0751107228251,0.0036460271145,0.0220854387054
C000899,3,0.127657942911,0.376868790544,0.0198065294564,0.32842471328,0.0360683941956,0.00750786945695,0.0109840483062,0.0926817118496
C000901,2,0.0291769355657,0.0299746901439,0.0282845754728,0.0262138250555,0.103315608172,0.102438228254,0.111432094091,0.569164043245
C000902,3,0.750245487861,0.0175708600434,0.0243824809529,0.0184138488371,0.00958839115425,0.0241241511795,0.0192852254084,0.136389554563
C000903,3,0.00772109897631,0.00768758578132,0.612284669497,0.00699444502248,0.00772109897631,0.310687732719,0.00966787857475,0.037235490453
C000904,0,0.0487653164155,0.0227275878936,0.0227374031887,0.0226292600435,0.0127530715817,0.498625902073,0.0254526267145,0.346308832089
C000905,2,0.0276731328138,0.0283489632929,0.684925379207,0.0240414237697,0.0283278456901,0.0283489632929,0.029554607186,0.148779684748
C000907,3,0.0102778315818,0.0112744879549,0.0122961110723,0.495355524061,0.0113236378602,0.392570040075,0.013151944339,0.053750423055
C000908,2,0.00437942822535,0.00886899296446,0.00498552124627,0.0164998469107,0.0100294332344,0.0822357063807,0.0431616223349,0.829839448703
C000911,3,0.0561628965969,0.515229541258,0.0279421961241,0.0256003793767,0.0489844197643,0.0276397011483,0.0321104216165,0.266330444115
C000912,3,0.0150355554696,0.0155822657912,0.0172259649984,0.00283120502271,0.00313794721081,0.00830347573244,0.00348496225316,0.934398623522
C000913,4,0.0373338826346,0.0463329812057,0.0433547230319,0.0454955521982,0.0482823366758,0.0459219469401,0.0545140595801,0.678764517734
C000914,0,0.00499777380826,0.0050164122097,0.938477713873,0.00502406441669,0.00502406441669,0.00502406441669,0.00521921986937,0.0312166869894
C000916,1,0.283127587109,0.0183067090522,0.0402769241068,0.44882170299,0.0183297907939,0.0183297907939,0.0227858522418,0.150021642912
C000917,1,0.877436714416,0.00781924557581,0.00777707050103,0.0368329014593,0.00781588494813,0.00879440428478,0.00969034189346,0.0438334369214
C000920,3,0.00533905351508,0.00531587951589,0.00531794018935,0.00495018786902,0.00533905351508,0.9075161847,0.0304096515157,0.0358120491795
C000921,3,0.0257637566656,0.0211753693769,0.0211512650895,0.0263230310687,0.0192473791684,0.0299813834497,0.112748957623,0.743608857558
C000922,3,0.0344159407431,0.0416822900484,0.0422082543298,0.0381225298077,0.0249448699446,0.0281817923722,0.678019584532,0.112424738222
C000923,2,0.0145330086651,0.0151388783054,0.0148863444156,0.210522415695,0.0151276011093,0.0193181985131,0.601989941052,0.108483612245
C000926,4,0.00592067535496,0.625541124481,0.222966914981,0.0140719364257,0.0143001862412,0.0142217214166,0.0167830547703,0.0861943863298
C000927,3,0.505037232931,0.00720722005512,0.41886000067,0.00823262134222,0.0072386391479,0.00720218127428,0.00853835694639,0.0376837476335
C000929,0,0.00151950577069,0.00447986370031,0.0024856831146,0.00171215211978,0.0142196214317,0.893100582918,0.00492486543145,0.0775577255139
C000930,3,0.101760025206,0.0225661990281,0.0222548391781,0.0205034375815,0.022664573921,0.682465439104,0.0302114106856,0.0975740752952
C000931,1,0.0258544952352,0.0575489159354,0.025798539206,0.0254743289461,0.0260005647552,0.0260005647552,0.030154336917,0.78316825425
C000932,1,0.0223103755825,0.0153124931765,0.0224385164598,0.0220940958031,0.748625219228,0.0225505044649,0.074488195642,0.0721805996435
C000933,2,0.0031692549248,0.946227213669,0.00318278901576,0.00284423453146,0.00324987065898,0.00337861404677,0.00340360778522,0.0345444153678
C000936,4,0.0590136087374,0.0407787301987,0.299055751321,0.0110612119715,0.460014361657,0.0792515948178,0.0142769176385,0.0365478236581
C000937,1,0.00155421148587,0.000523580841813,0.00122722965374,0.00168346821879,0.001939881923,0.00139301125644,0.00594469115252,0.985733925468
C000938,2,0.0208228966777,0.215332599436,0.0475811883278,0.0596341550037,0.0500821221526,0.048620245132,0.0553031944651,0.502623598806
C000941,2,0.00960594280383,0.784426632854,0.0148733142931,0.0132416586435,0.041675568413,0.0152683960326,0.0172503550376,0.103658131922
C000942,2,0.0176031813634,0.0546158013194,0.0170647980049,0.154397837493,0.0180710154001,0.46817128762,0.200749401211,0.0693266775887
C000943,1,0.0102038803522,0.0102486071658,0.00875420672044,0.0101743597231,0.0102615289697,0.788677543225,0.0119560229145,0.149723850929
C000944,4,0.00858784878007,0.216253310025,0.00529915872987,0.00451059275258,0.00244326381257,0.390159504569,0.350348049532,0.0223982718001
C000948,1,0.27020961904,0.0290255894855,0.0892646062273,0.36697963008,0.0290621859683,0.0290621859683,0.0312800965111,0.155116086719
C000949,4,0.0231279260938,0.0122084564731,0.012241154794,0.0118703667816,0.0121822437262,0.0121011550383,0.86025469287,0.0560140042234
C000950,2,0.00234039964538,0.00240439075671,0.00115315288203,0.00209487359447,0.00116425958015,0.0241289001925,0.00246842139867,0.96424560195
C000951,2,0.064208234227,0.00762023953363,0.00749312518002,0.00663928628819,0.822692966699,0.00464357224242,0.00781733462806,0.0788852412017
C000952,2,0.053456755346,0.0133126399763,0.0246678502359,0.604394062468,0.194113467087,0.0220754990165,0.0218225701951,0.0661571556752
C000954,0,0.00582104011048,0.428411486337,0.00581819153905,0.0453496052064,0.00454644842661,0.467002564275,0.00640480602256,0.0366458580829
C000956,2,0.00529184766319,0.0685556514913,0.00505972325566,0.00472847884239,0.00542306792009,0.104641339663,0.791621193376,0.0146786977889
C000957,4,0.0136157109069,0.866406679928,0.00107729269847,0.00214489842586,0.113147073069,0.000697159815771,0.000859093059916,0.00205209209619
C000958,2,0.00446546900874,0.0079395346812,0.00767673084693,0.00713820462219,0.00793362039297,0.907394883545,0.00931370558235,0.0481378513204
C000959,3,0.0289886216332,0.0875417053635,0.0286626383586,0.0266485045841,0.0482307928559,0.0278778155689,0.0340988373946,0.717951084241
C000960,3,0.074070537972,0.129517570702,0.0131369712304,0.581490756274,0.0169419315286,0.0131257623412,0.0153335877296,0.156382882222
C000964,0,0.00211158027281,0.0976593241339,0.00211054695451,0.00212268816449,0.00212268816449,0.0434377015711,0.845747623656,0.0046878470829
C000965,1,0.566549351216,0.0131774222553,0.114417249738,0.0129269974342,0.105005288439,0.0131940368122,0.0197397745602,0.154989879544
C000966,1,0.0157005293901,0.4255033733,0.0158304212482,0.0489012245833,0.0158695158134,0.0158695158134,0.422913487116,0.0394119327363
C000967,1,0.00378560358725,0.943859549206,0.00375565015939,0.00372993980984,0.00380699102082,0.00380699102082,0.00468157503489,0.0325737001614
C000968,4,0.000906431574929,0.00101912687605,0.00574253527213,0.000995701405847,0.00101693871125,0.00101135878968,0.984063101078,0.00524480629177
C000969,0,0.0171503692536,0.0242060403846,0.693987363264,0.0128499200408,0.0470071083719,0.0111000897043,0.0130417457949,0.180657363186
C000971,1,0.0103797000432,0.193230525787,0.0104655722129,0.0102790778359,0.723987801119,0.00729283509568,0.016783806084,0.0275806818224
C000972,0,0.0129027951926,0.0129509141123,0.206413910651,0.0129706698803,0.604565369161,0.0129706698803,0.0794437702679,0.057781900855
C000973,1,0.0104277746962,0.520336163991,0.0427210558675,0.0163646423643,0.0167026948734,0.0167026948734,0.0207607298877,0.355984243447
C000974,3,0.418215850798,0.145522656825,0.0327045810688,0.020373148052,0.0226191851786,0.0225052621915,0.0282859486534,0.309773367233
C000975,1,0.0515278766711,0.000906354922795,0.000895259225435,0.000889130478972,0.939643538088,0.00090749768692,0.00161165205742,0.00361869086986
C000977,2,0.00834024748996,0.00854393217921,0.00826112238913,0.00811951992289,0.00853756766547,0.010713921919,0.896357866987,0.0511258214473
C000979,0,0.0372778438304,0.0238396718465,0.00695353627622,0.0123325729342,0.0480984092615,0.0042854829708,0.0132956255443,0.853916857336
C000980,0,0.00421318398098,0.00422889637962,0.928199364398,0.00423534728299,0.00423534728299,0.00492763283561,0.0048742545119,0.0450859733276
C000981,4,0.00502626336941,0.0056273669675,0.00524107363043,0.00552565712256,0.00189012586401,0.00430118428005,0.00804343549276,0.964344893273
C000983,3,0.0544204726915,0.0101196759055,0.0218695794552,0.00925657894673,0.841178988761,0.0101126009406,0.0124049515902,0.0406371517093
C000985,2,0.00320064282327,0.00133649108201,0.00324829596127,0.000320495733149,0.00209664107367,0.000917299797752,0.0292964240475,0.959583709481
C000986,0,0.416728033244,0.0135762788668,0.0118167518154,0.332482883154,0.03652703253,0.00863744630646,0.00843929620708,0.171792277877
C000987,3,0.0186463405245,0.00624516539973,0.0289744800722,0.00558553905152,0.0287783388814,0.0124839427102,0.0189753574992,0.880310835861
C000988,0,0.0117077335254,0.011751395653,0.0068996692991,0.0117693216344,0.745730858184,0.0117693216344,0.0134553359596,0.18691636411
C000990,4,0.0357924169538,0.0160350731367,0.146059343549,0.62373091935,0.0160006442707,0.0589578263895,0.0199817755088,0.083442000842
C000993,2,0.00321905649898,0.790529411902,0.00224100480322,0.0020192498595,0.115881710464,0.00210809328547,0.0790637112416,0.00493776194478
C000994,2,0.0352270641826,0.0262811849008,0.0257195331872,0.720756722856,0.0212258216239,0.0262811849008,0.0281765429043,0.116331945444
C000995,4,0.00313192933583,0.0171906826643,0.043030524122,0.0256294941711,0.00919330714982,0.00326642947151,0.00628184571516,0.89227578737
C000996,4,0.00250340959038,0.00696765161072,0.000490816973625,0.000498208549995,0.000489859359506,0.987070555399,0.000663986615102,0.00131551190123
C000997,3,0.001975447811,0.967390387092,0.00195070921049,0.00182012619037,0.000890229812827,0.00112319432413,0.00217335118349,0.0226765543754
C000998,2,0.0228675885842,0.751873012472,0.0218402351752,0.0199409180109,0.023408608092,0.0234260585432,0.0254130763703,0.111230502752
C000999,3,0.000495410026177,0.000622094727916,0.000481800046013,0.000448141633137,0.000237362046011,0.000969103040495,0.000539311722768,0.996206776757
C001000,3,0.161927822248,0.0265703128329,0.160607036347,0.0240168635891,0.0185094592711,0.0262928578526,0.184842897562,0.397232750298
C001002,3,0.00592510045381,0.000973601010873,0.000973751173625,0.00440269702063,0.980986132627,0.000972920337593,0.00112349453912,0.0046423028375
C001004,2,0.00827533380396,0.00850159764218,0.0082201891532,0.753030942582,0.00305815294816,0.158635758088,0.0103787224233,0.0498993033592
C001005,1,0.01322186603,0.0110050687494,0.865619792875,0.0107776986393,0.013638881214,0.0166687967999,0.0130366120943,0.0560312835979
C001006,2,0.919580437425,0.00474859370302,0.00537483765906,0.00411055250569,0.00552820614144,0.00553232726181,0.00620983883794,0.048915206466
C001008,0,0.00842932570911,0.917563738646,0.00851416274898,0.00847366787227,0.00847366787227,0.00847366787227,0.00533436720378,0.0347374020749
C001012,1,0.00982580694226,0.00747082623607,0.00458830041761,0.00741670280896,0.00519399970546,0.820252206702,0.0205045278316,0.124747629356
C001013,2,0.0124790448373,0.012970119876,0.0119664995932,0.0111782337332,0.108956227101,0.0789273767426,0.0140125062561,0.749509991861
C001017,0,0.072146634638,0.0198865192264,0.123375223762,0.0680847698408,0.0869694240336,0.0164141204111,0.0335601825612,0.579563125527
C001018,1,0.0252890729665,0.028090731737,0.0282194231793,0.0286890863058,0.0281261495184,0.0309898101039,0.034916879244,0.795678846945
C001019,4,0.00286661574305,0.216144453697,0.0580841509431,0.00570302127991,0.00478635935514,0.649729628117,0.00720960430576,0.0554761665595
C001020,2,0.00447534052755,0.00459260001483,0.00435441492617,0.00404794630467,0.00458917891255,0.42465447182,0.524533929382,0.0287521181113
C001021,4,0.000303831298962,0.0217213083752,0.00224280746275,0.00219179630709,0.00223854510876,0.00222644690219,0.00279682212471,0.96627844242
C001022,4,0.00959470461478,0.0761921723671,0.02224839337,0.0106301450372,0.0108568752952,0.0520347248161,0.126779915269,0.69166306923
C001023,3,0.251943056795,0.0188599303473,0.448212840461,0.00934009244397,0.0376486907455,0.0620804666947,0.0216567053619,0.150258217151
C001024,1,0.00615373736208,0.00665083012181,0.0796532703306,0.0250212886529,0.00665921572206,0.000773093084917,0.00850369505881,0.866584869667
C001025,3,0.0152806412162,0.840937175028,0.00326891901339,0.00332916962334,0.0775548065662,0.00469309154715,0.00519967830888,0.0497365186968
C001026,1,0.0194206577518,0.0194784907973,0.0202520751141,0.01596055116,0.020452973834,0.0198272109196,0.0215928789475,0.863015161476
C001027,3,0.00881456013338,0.0480488705247,0.00877765441088,0.761447836371,0.123487232743,0.00877016503191,0.00994365365039,0.0307100271353
C001028,4,0.00895298909929,0.32347092326,0.0105260010819,0.00714554880764,0.00708830942727,0.516397419584,0.100140181507,0.0262786272321
C001029,3,0.0109306808298,0.255567742688,0.0107192028628,0.0100679140828,0.00838363398266,0.655699975388,0.0132979816146,0.0353328685519
C001030,2,0.00139497276022,0.00576093541135,0.00563781922547,0.00501933033928,0.0169822702655,0.00365111565985,0.238690223247,0.722863333092
C001031,4,0.0577011902863,0.214597805704,0.0322620519319,0.0510440336008,0.0347744756384,0.032056390902,0.0419660131868,0.53559803875
C001032,4,0.0429529771333,0.0222380233574,0.201722794583,0.0217268640837,0.04141809046,0.0176436902027,0.578934555788,0.0733630043921
C001033,2,0.0604767679457,0.012694428045,0.0120360594827,0.0110602746389,0.0126849717596,0.012694428045,0.76178019831,0.116572871773
C001034,0,0.170818069643,0.066461740726,0.023751441131,0.0246591285419,0.446401287987,0.0992898938048,0.0240898026505,0.144528635516
C001035,4,0.0177871664268,0.0175189053188,0.201081046563,0.0171162188582,0.0174812905203,0.663718201052,0.0188254538689,0.0464717173925
C001037,1,0.00519055117055,0.0260012513685,0.0052334930561,0.0119854563653,0.00202485680126,0.0178579378457,0.00570537915223,0.92600107424
C001038,4,0.00074156469384,0.00318856935323,0.00326350774215,0.00246676525568,0.00925295150694,0.00316426513486,0.00173648142969,0.976185894884
C001040,1,0.0027976700249,0.00680334385097,0.0216974442391,0.00323985525815,0.00282778163703,0.918851595955,0.00366910997932,0.0401131990558
C001041,2,0.35070183324,0.00830941629742,0.0506035407988,0.00761669777103,0.0130825376076,0.45441056831,0.0171523499691,0.0981230560063
C001043,0,0.908355332403,0.00276122290811,0.00235790893262,0.0254878188886,0.00426810937932,0.0397373183841,0.00298040788949,0.0140518812145
C001045,1,0.0186025783469,0.0395895159792,0.0282668471903,0.0332687341097,0.303416414997,0.0662531833202,0.0499428022906,0.460659923766
C001046,4,0.0129764639152,0.784838808844,0.0142949893447,0.015056196126,0.0053287441604,0.0152737066555,0.048911048102,0.103320042853
C001049,2,0.00398910594696,0.0119924603059,0.0117361710288,0.82609802924,0.0135393349505,0.0119924603059,0.0134744853686,0.107177952853
C001050,1,0.0353921235292,0.235640303134,0.0823763750045,0.0350490275268,0.221497867787,0.160028312572,0.0465190242797,0.183496966166
C001051,2,0.0142576069382,0.0332475072417,0.0245811096428,0.108685326751,0.437343425806,0.0376441446477,0.108545894508,0.235694984465
C001054,0,0.00608060561653,0.0119833455348,0.0078687052958,0.438734449161,0.0124171030567,0.0187117847539,0.00919640398728,0.495007602594
C001055,2,0.0214400803043,0.0301147844619,0.0296124352453,0.0279807683487,0.0300923514703,0.0301147844619,0.0277814240418,0.802863371666
C001056,0,0.00333159043723,0.00219411194228,0.0941670416479,0.0504834483971,0.777711490845,0.021940827681,0.0371607665881,0.0130107224613
C001060,2,0.0308395075752,0.0315926669419,0.22769511001,0.0263641873828,0.0315691330516,0.0315926669419,0.0346678830868,0.585678845009
C001061,3,0.157734552329,0.00688751484497,0.00678370524758,0.00607235254079,0.0100906258191,0.00583547723611,0.0150891998777,0.791506572104
C001062,4,0.00853190513551,0.00974127298069,0.00961016619581,0.00951736180202,0.233026656428,0.0207272327777,0.478916510127,0.229928894554
C001063,3,0.842315221023,0.00797032389843,0.0077096699667,0.00724382555895,0.0529445622133,0.00796475160911,0.0258739418448,0.047977703886
C001064,4,0.00550469790165,0.00609040425765,0.619121425944,0.00595041130205,0.00509218226499,0.30527128603,0.00812828526382,0.0448413070353
C001065,4,0.120372355441,0.0608196036252,0.452788723314,0.0896368331943,0.0972242024271,0.022401675431,0.0286461688719,0.128110437695
C001066,2,0.0217321805448,0.022441340011,0.02092217701,0.0201763558479,0.720253850254,0.022441340011,0.0302123629706,0.141820393351
C001067,4,0.0242477605214,0.00755709511769,0.0123557104625,0.130110184795,0.0121606585336,0.0120939332531,0.0165690720956,0.784905585221
C001068,0,0.0264403340004,0.00465440441186,0.910302629973,0.0089900155263,0.00463426775759,0.00463426775759,0.00558530118047,0.0347587793926
C001070,1,0.178913009398,0.0169228603305,0.0169317323169,0.0349053936081,0.528863221337,0.0257691258234,0.020038483308,0.177656173878
C001072,1,0.590360896089,0.113023467073,0.0258948998672,0.0200516485788,0.155806557646,0.0204658653983,0.0238892449483,0.0505074203995
C001073,4,0.213179714338,0.0299731115324,0.0224025857891,0.0430852663335,0.179164244339,0.0517862731777,0.0425524311791,0.417856373311
C001074,3,0.0116678156113,0.011617171813,0.0112227323257,0.0105844695522,0.0116678156113,0.391545369345,0.518046081563,0.0336485441789
C001075,0,0.00221149005551,0.00342535819181,0.0035964312673,0.00222312351899,0.00711494030697,0.00210745842268,0.00245756018409,0.976863638053
C001077,2,0.0150890292829,0.685822052066,0.0186588663849,0.0169073912003,0.153815835207,0.0191739321995,0.0447144448145,0.0458184488446
C001078,3,0.0190606539997,0.444589449602,0.357660092554,0.0282886646939,0.0315184856372,0.0313597407485,0.0232932713234,0.0642296414418
C001080,1,0.837295524439,0.00694643907576,0.0068732847725,0.00681442837374,0.0488554724605,0.00695519739015,0.00924496181108,0.0770146916776
C001082,2,0.0502632220505,0.0231640939448,0.131685694898,0.030740088736,0.324400226894,0.0266512223499,0.0133591965625,0.399736254565
C001083,3,0.125093853497,0.55522589011,0.0150483129504,0.0136608702227,0.00742444498716,0.110919002266,0.0168356478213,0.155791978145
C001084,1,0.00316279320136,0.00312317187235,0.0102735174177,0.00222098677292,0.00312182956666,0.938093683986,0.0224718060068,0.0175322111763
C001085,4,0.415798908688,0.481396604578,0.00284277177679,0.0069981564297,0.00370488455413,0.036000935994,0.00913711654826,0.0441206214311
C001086,4,0.00255108960035,0.0172368500131,0.00101963094751,0.00493370044597,0.00503893129382,0.000950926650522,0.00615036270265,0.962118508346
C001088,3,0.242854517146,0.0405099825006,0.00151446464953,0.00140054899745,0.00152083222901,0.00149841905882,0.706956534579,0.00374470083966
C001090,4,0.242898359196,0.0533969162236,0.0533864280424,0.0389693207847,0.0532822678361,0.0529943040688,0.0564330957416,0.448639308107
C001092,0,0.00299258177605,0.00436974116263,0.709657885502,0.25282776361,0.00437640691545,0.00437640691545,0.00471002970377,0.0166891844147
C001093,2,0.00236861182847,0.00243067240395,0.933155704633,0.00208189726375,0.00242886175662,0.00243067240395,0.00260963226602,0.0524939474438
C001095,1,0.00126660871622,0.983673696267,0.00125658672846,0.0012479844139,0.00127376464502,0.00127376464502,0.001765066926,0.00824252765799
C001096,0,0.0116487506047,0.0118326445824,0.0117659895813,0.0151338600786,0.0117100284361,0.601377421945,0.0132322504744,0.323299054298
C001098,3,0.369998170949,0.00259932710676,0.607190086401,0.0023591997526,0.00261065859087,0.00259750984025,0.0030954821042,0.00954956525588
C001099,4,0.00606431505781,0.041617419161,0.00775095847788,0.0143040797493,0.0179469608174,0.0146866576647,0.133641860558,0.763987748514
C001100,2,0.0159425202175,0.0162729659369,0.0151713700538,0.0146305501937,0.0162608439405,0.0162729659369,0.755922129794,0.149526653926
C001102,0,0.799925448453,0.0153548402183,0.0152903034558,0.010637124933,0.0153782630174,0.0153782630174,0.0114689255454,0.11656683136
C001104,1,0.0246889629458,0.0622963728539,0.0210427393359,0.0207197432005,0.380814476258,0.16002998047,0.0261914160794,0.304216308857
C001106,1,0.0408219457984,0.00657404959281,0.52233150132,0.328104651249,0.0689938850215,0.00658233838547,0.0174952950959,0.00909633353712
C001107,0,0.6325190681,0.155660699923,0.0087526251691,0.00510428758351,0.134944440169,0.00880297584233,0.00899835984098,0.045217543372
C001108,2,0.00557487884483,0.907492582072,0.00559519101204,0.00498137859298,0.0476765421984,0.00571737630198,0.00444664088448,0.0185154100937
C001109,2,0.0200050441353,0.0661881554236,0.0200779328585,0.0178753119809,0.742571556079,0.0205163858162,0.0210085878661,0.0917570258409
C001110,4,0.115219301643,0.0908377040073,0.0252579884556,0.0251916759312,0.0257289889371,0.0255556094721,0.035349341169,0.656859390385
C001112,0,0.00588320913218,0.00732057558061,0.00588033013786,0.889607842854,0.00873035232706,0.039611612808,0.00599913621441,0.0369669409456
C001113,3,0.0279995035204,0.0278779725279,0.0269662776909,0.0284586343667,0.102951678404,0.0661966807883,0.0307920876622,0.68875716504
C001115,1,0.00307207128495,0.00308553713861,0.0050803484341,0.00302689933594,0.00302011863436,0.00308942749222,0.964809651594,0.0148159460862
C001118,0,0.0102119394708,0.637141797863,0.0269210113466,0.015251695647,0.114591529533,0.0724344605938,0.0247064168552,0.098741148691
C001119,3,0.0358460375237,0.0248659236404,0.0354429411349,0.120264000656,0.284186278521,0.0353177587799,0.0434240314685,0.420653028275
C001120,0,0.00149948990901,0.0328987035765,0.00151458154143,0.00150737792146,0.00150737792146,0.952500652646,0.00163218041723,0.0069396360667
C001121,2,0.002050576262,0.0211558980842,0.280043622512,0.082127880972,0.00213817939398,0.569732907895,0.00256092719753,0.0401900076836
C001122,3,0.00303661415321,0.00306415792767,0.00297848957487,0.00268177676684,0.0597872793548,0.0016306568402,0.00349601995652,0.923325005426
C001123,4,0.0330419012273,0.201514156624,0.00886007474064,0.60772359918,0.0154584287087,0.0153542592792,0.0477655482329,0.0702820320067
C001125,1,0.781682598078,0.0139440486281,0.0144781135857,0.0165542468425,0.0146813243223,0.0213003496529,0.0308766479487,0.106482670942
C001128,4,0.0083171618271,0.00850786209696,0.142738131025,0.0283384732645,0.00811002565135,0.720820734474,0.0123764149536,0.0707911967067
C001129,1,0.0115559356607,0.0116853356244,0.0813271289406,0.00927499759914,0.156116420386,0.14825524393,0.529631709012,0.0521532288465
C001130,3,0.00530004026237,0.00527703559902,0.0159221943654,0.0047895399726,0.00530004026237,0.00527334626725,0.935900705893,0.0222370973779
C001132,3,0.0236161567837,0.0235136515744,0.0231641141185,0.0214286822437,0.442388813653,0.250426853849,0.0280067994662,0.187454928312
C001134,0,0.682635456701,0.0134764798702,0.202257818376,0.0134970373542,0.00909227152379,0.0134970373542,0.0127212636327,0.0528226351879
C001135,3,0.0337884307094,0.0336417730548,0.0323765860097,0.0267864297595,0.014454970788,0.0336182530957,0.076710400643,0.74862315594
C001136,0,0.00160473522353,0.00161071982797,0.889652568457,0.00161317687516,0.0052692496188,0.0899771266542,0.00185395478636,0.00841846855697
C001137,2,0.00666567549825,0.166473772898,0.013190563618,0.677079464382,0.0383305358217,0.0136421270197,0.0117443721622,0.0728734886002
C001138,0,0.00173919427172,0.00176665020786,0.0017566984113,0.934992790801,0.049541044766,0.00174834324032,0.0019372673516,0.0065180109498
C001139,1,0.0376168821586,0.0380666702464,0.0379520610876,0.0380781202698,0.038404356136,0.038404356136,0.0382306597232,0.733246894242
C001140,3,0.7461625358,0.136352525224,0.00480896632627,0.0060697053633,0.00525212942088,0.00667322729872,0.0806743534677,0.0140065570988
C001141,2,0.00923476613979,0.00947672849687,0.00898523883742,0.00852025085547,0.00665935362309,0.484262587515,0.00989670649127,0.462964368041
C001143,0,0.00651399544228,0.296473026931,0.00382935434843,0.0457786802152,0.11049223341,0.522981945794,0.00416522571674,0.00976553814289
C001145,3,0.0139296346668,0.0119515697485,0.0102678998362,0.00912409492347,0.868998108869,0.0102591389316,0.00916930902001,0.0663002440043
C001146,1,0.00442650139255,0.0111902159434,0.582349612026,0.0100734588518,0.00439216474128,0.356277171728,0.0128685024641,0.0184223728521
C001147,0,0.00537329918092,0.00539333804444,0.935787529758,0.00540156522701,0.00540156522701,0.00540156522701,0.00620558916718,0.0310355481682
C001148,1,0.0322314108793,0.00987932384495,0.00986781324498,0.00979119138173,0.0187828267977,0.00987507781778,0.0607164925946,0.848855863439
C001149,2,0.00989601561953,0.454648922146,0.00959335157183,0.453674731647,0.0101590188142,0.0101665920737,0.0116099407905,0.0402514273374
C001151,3,0.0118911534839,0.0031682574474,0.00307569862928,0.00171257944204,0.00823302660987,0.0141816588177,0.00344165263256,0.954295972937
C001152,3,0.00799756610593,0.0079628529138,0.00785298449133,0.00730554882611,0.00626349720715,0.459778850647,0.456932800166,0.0459058996428
C001153,0,0.021742504783,0.0218235899917,0.187246115553,0.0170748085611,0.00690427989758,0.424749508022,0.0243943156999,0.296064877491
C001154,3,0.00539097781236,0.00536757843733,0.264657392899,0.00498768677694,0.688814808901,0.00536382580439,0.00611077871075,0.0193069506581
C001156,1,0.0224371995258,0.0197492295506,0.0195736485232,0.0199320281893,0.0201027966629,0.0201027966629,0.0611639947961,0.816938306089
C001157,4,0.00150855560888,0.00404999492153,0.00460538536575,0.017860092744,0.00400761700414,0.020883675542,0.00363407476154,0.943450604052
C001158,4,0.00537590469682,0.00460086751108,0.00726114631209,0.00713130802887,0.00661194376063,0.00720721534371,0.902798292202,0.0590133221447
C001159,0,0.0267248437133,0.00586125627496,0.0305289343461,0.831720511226,0.00272698425726,0.002109611937,0.0493211924274,0.0510066658178
C001160,3,0.0199755734106,0.00451232110171,0.00445006180765,0.0040102841549,0.894018877855,0.00450916640449,0.0275822179663,0.0409414972998
C001161,2,0.0118324738531,0.935720861777,0.00417536929038,0.00197656559371,0.00532435183831,0.00522732950887,0.00690134014646,0.0288417079921
C001163,4,0.0119322296344,0.326683563058,0.0134705441484,0.0131445515646,0.00718499008586,0.0503556036692,0.0169685833827,0.560259934457
C001164,4,0.000606395690531,0.00119547722059,0.898090749979,0.0186319208494,0.0731908760378,0.00118636493975,0.00150071770367,0.00559749757889
C001165,3,0.962671992873,0.00205694582809,0.00198710605376,0.00185237306234,0.00206591285993,0.00203546659793,0.00215057909184,0.0251796236329
C001167,0,0.00881061723805,0.00574479032997,0.0267556706007,0.590865690022,0.0202573600494,0.0202573600494,0.0198905181365,0.307417993574
C001168,0,0.00769499353577,0.00522105827668,0.0076912279306,0.00773547277107,0.00773547277107,0.0301466241656,0.872309776169,0.0614653743798
C001170,4,0.077654764467,0.00290453793153,0.00282644125858,0.0028377747361,0.00289830160528,0.88666724737,0.00380569705625,0.0204052355758
C001171,2,0.0152605600389,0.0094043992725,0.870651289659,0.0081937711883,0.0180461209231,0.0082020114429,0.0100599958746,0.0601818516002
C001172,4,0.822727749984,0.0101825016051,0.00873316678705,0.00853410402129,0.105156519422,0.00866830262902,0.0125429209548,0.0234547345962
C001173,2,0.90107131531,0.0708160133879,0.00351325470664,0.00320400943879,0.00363082016838,0.00333277574295,0.00433292242494,0.0100988888206
C001174,2,0.198090353515,0.606087193676,0.00551393533211,0.0620399156948,0.00569845037799,0.00570269841058,0.0061684021872,0.110699050806
C001175,0,0.00101372188156,0.0172250084387,0.00235276626251,0.00294175315731,0.00294175315731,0.000385945621883,0.00623845554461,0.966900595936
C001176,3,0.495644770281,0.0158803062192,0.320304794707,0.0178067441025,0.0381245482689,0.0195513769625,0.0241790233288,0.0685084361299
C001177,4,0.00212082775063,0.141582391865,0.00391997989906,0.0754340335526,0.0054929001611,0.0050395408705,0.75042060591,0.0159897199916
C001180,3,0.0507231159308,0.0287572238652,0.0290548754099,0.345958840102,0.243240887417,0.0280787264498,0.0307231059488,0.243463224877
C001181,1,0.0260554620032,0.0208033825144,0.268417927282,0.522808477147,0.0223981050551,0.0207944414442,0.0261409746564,0.0925812298972
C001182,2,0.00104932952295,0.00279519792144,0.00270267502674,0.0910045559829,0.00279311573315,0.855383036994,0.00326603199086,0.0410060568276
C001183,0,0.00460682842299,0.00193643178247,0.0183832006654,0.00193938568185,0.00267210983676,0.000402977346616,0.0020597134977,0.967999352766
C001184,3,0.00504441256445,0.930279269326,0.00614016680318,0.00569849850513,0.00620999958187,0.00617872251786,0.00729989437008,0.0331490363315
C001185,0,0.00243176597765,0.00244083486157,0.00245624051266,0.00244455819466,0.149030673305,0.827781831675,0.00272371208694,0.0106903833857
C001186,3,0.00211714931717,0.748196532847,0.00762452014766,0.00516726545069,0.132521456151,0.00760976727703,0.0101191354474,0.0866441733624
C001187,1,0.0116465199989,0.0222196903238,0.0123681677161,0.0215578502345,0.0569286546261,0.756196890444,0.0241446333678,0.0949375932888
C001188,1,0.017260226923,0.0173358839206,0.0171236561093,0.0170064313506,0.017357741612,0.620760162159,0.0234906983679,0.269665199558
C001190,2,0.131359218278,0.0324096419074,0.0313368613852,0.412509854535,0.0396576984248,0.0328500418926,0.0355078838542,0.284368799723
C001191,2,0.00635599111206,0.0066416014815,0.00619112388599,0.00569266664434,0.727385025939,0.224516909276,0.00598812846392,0.0172285531976
C001192,1,0.0321847006039,0.0477614309308,0.0482914149183,0.048203510179,0.214330048363,0.24911122053,0.101111858167,0.259005816307
C001193,2,0.00637132687709,0.158136934458,0.0131651182997,0.0148721529186,0.0154100941685,0.510337383639,0.0128694443013,0.268837545338
C001194,0,0.0152973931534,0.0144063235576,0.0104512072039,0.00345728112733,0.00851067539295,0.0677380756165,0.0153364352837,0.864802608665
C001195,0,0.426816096188,0.0237704024164,0.0439733277958,0.0442262903775,0.0397631328197,0.0173162563098,0.0264451347132,0.37768935938
C001197,0,0.0340790816309,0.00513834208968,0.0021452580253,0.00502105289866,0.0103177866451,0.00522284532734,0.0103971304895,0.927678502894
C001201,3,0.0325356949348,0.130509746424,0.0324421546836,0.0320385767608,0.033190230986,0.162773248157,0.0401725754661,0.536337772588
C001202,1,0.0189010848942,0.0191127336753,0.0190096443218,0.0650403677798,0.0209965562248,0.0201029641399,0.0226028438183,0.814233805146
C001203,4,0.0536859555501,0.00690766478923,0.00674062445558,0.0368979602242,0.100096780509,0.723301037674,0.0087812091086,0.0635887676893
C001204,1,0.0502134767337,0.0132238731708,0.567352070527,0.0129725655927,0.0298645579131,0.0914914184867,0.125021843369,0.109860194207
C001205,4,0.165108574518,0.240125591187,0.00743908902103,0.00889478095839,0.0170109420336,0.223336415308,0.256502667463,0.0815819395116
C001206,1,0.0075175879263,0.0153004638005,0.0140288280159,0.751103126186,0.0155743854129,0.0155743854129,0.0186599924926,0.162241230753
C001207,0,0.0332524041213,0.0341836538233,0.0332361317976,0.0334273271909,0.0334273271909,0.0334273271909,0.033183031326,0.765862797359
C001209,1,0.026175373556,0.0264237857742,0.0448067996615,0.0262323550278,0.312364325913,0.0779548927123,0.309498680641,0.176543786714
C001210,1,0.00316141584345,0.00331265243303,0.00440980454901,0.194399651924,0.00337195828857,0.00337195828857,0.762832710362,0.0251398483117
C001211,2,0.814140304698,0.0132973445778,0.0123971829169,0.0211168384087,0.00934700141807,0.0132973445778,0.0155156399668,0.100888343436
C001214,2,0.00176925684708,0.101876188261,0.0255657901175,0.00162797655781,0.843257859982,0.00184621694571,0.00197666594196,0.0220800453466
C001216,0,0.00485783326816,0.0716285390322,0.00485545604952,0.00488338772444,0.00488338772444,0.343837218488,0.551855469441,0.0131987082722
C001217,3,0.317441154012,0.0041331134416,0.0567760703635,0.460037957315,0.10676299166,0.00933348008546,0.0072917317673,0.0382235013557
C001218,2,0.00612460117769,0.0542081209255,0.00740566221537,0.00667284709359,0.124559363866,0.0098769832661,0.760383860061,0.0307685613948
C001219,4,0.0136453278187,0.0683702390183,0.0154621863448,0.32625826267,0.0278068321236,0.0153280272071,0.0141880785574,0.51894104626
C001220,0,0.671912483389,0.292438036675,0.00365837243224,0.00367941771994,0.00367941771994,0.00367941771994,0.00400827992442,0.0169445744189
C001221,3,0.00312470008731,0.00311113742173,0.00311571656224,0.00682210800305,0.00312470008731,0.0426949186254,0.00365737729554,0.934349341917
C001222,1,0.0167214538023,0.00205012154287,0.800987691777,0.00201116086372,0.0233440580609,0.113430130332,0.0358007255403,0.00565465808119
C001223,2,0.0164340196716,0.454550781823,0.0166786994596,0.112836019502,0.0170302259229,0.0170429214718,0.0160902325847,0.349337099564
C001224,4,0.00894963230647,0.00124174679379,0.000243373339544,0.0116955227583,0.00172201462638,0.00418525734015,0.00214932836832,0.969813124467
C001225,3,0.0150132937204,0.340555660129,0.0245668618986,0.0138108923586,0.0150132937204,0.0161031028659,0.0213717777392,0.553565117568
C001229,1,0.0128982859465,0.0878759533284,0.806582289868,0.00317525797918,0.0748251561638,0.00320246213289,0.00492579161919,0.00651480296159
C001230,3,0.0184506884795,0.00415080664849,0.00357308913833,0.00193073374381,0.00214477095689,0.00213396867944,0.00238889928964,0.965227043064
C001232,2,0.00167221585894,0.004590265631,0.00291266201644,0.00272182716363,0.00125261422133,0.00164054410644,0.00355896134907,0.981650909653
C001234,0,0.0332543709768,0.0341856757616,0.0332380976908,0.0334293043932,0.0334293043932,0.0334293043932,0.0331258448023,0.765908097589
C001237,0,0.00646059448491,0.879237327045,0.00652561720807,0.00649458020864,0.00649458020864,0.00649458020864,0.00709009971851,0.0812026209172
C001238,4,0.0765192789921,0.0394012198418,0.038868952022,0.0623722509374,0.328202758147,0.0390549182901,0.045783901478,0.369796720291
C001239,0,0.500642798563,0.00623816708812,0.00627754010232,0.00624768300185,0.00624768300185,0.00624768300185,0.43688086052,0.0312175847214
C001241,3,0.00520351161108,0.00516254037151,0.00500501721233,0.0046915072942,0.00520351161108,0.906976154885,0.00584626673774,0.0619114902775
C001243,3,0.0184769273201,0.0183967287796,0.0177721020302,0.0167548950636,0.0184769273201,0.757955153719,0.0202028297426,0.131964436025
C001244,0,0.00276461420125,0.34408349957,0.00946322105476,0.00862895731759,0.00862895731759,0.0972491292718,0.494252306306,0.0349293149609
C001246,4,0.0158737576901,0.110122645435,0.0137883671609,0.705298773914,0.0104138341511,0.0232419412659,0.0261597435291,0.0951009368533
C001247,1,0.0507923547516,0.0492004142247,0.0246734050323,0.0269964107583,0.0135391502367,0.0319979525019,0.501946523973,0.300853788522
C001248,2,0.000839347328085,0.00179877901431,0.00167701095036,0.000890264022516,0.00500584447194,0.0010588187463,0.00209843485987,0.986631500607
C001249,2,0.0161008438274,0.00622077447248,0.111104393189,0.00531672355128,0.342994754656,0.473104018266,0.00655850524032,0.0385999867967
C001251,3,0.0439398218452,0.0146362278932,0.0116136690264,0.0118742039708,0.0333918611796,0.126054354332,0.201278892644,0.55721096911
C001252,0,0.826643138546,0.00782509303957,0.00779220398547,0.100432279082,0.0078370297045,0.0078370297045,0.00808806666092,0.0335451592771
C001254,4,0.00974110260839,0.0111246122519,0.0108403085815,0.704326330274,0.0111007266243,0.0110259223617,0.0147062193266,0.227134777971
C001255,0,0.262620845902,0.0370749275882,0.0248307599306,0.0247126604073,0.47116145174,0.0247126604073,0.0270476664209,0.127839027603
C001256,4,0.767635180252,0.0139980775689,0.0406397975229,0.0136763202326,0.0139680223311,0.0138913800829,0.0843207296096,0.0518704923999
C001257,3,0.0121453163136,0.0111826443941,0.016230217597,0.0184794351179,0.0196327583594,0.740283287296,0.0134122895608,0.168634051361
C001258,4,0.00482902285673,0.885426624087,0.00544145116901,0.00539240588537,0.00547987186101,0.00544294474917,0.00644536544035,0.081542313951
C001259,0,0.758546057667,0.0153209473008,0.019231293522,0.0219341989386,0.0126222075289,0.0264804730112,0.0196329497672,0.126231872264
C001260,2,0.040787434497,0.00860437030874,0.00811921525208,0.00183968454326,0.012957600389,0.0416569073496,0.00941623793492,0.876618549725
C001262,0,0.0252914522734,0.104561042579,0.0191012323488,0.181180380466,0.0205424247504,0.00991768406269,0.0236722654115,0.615733518109
C001263,4,0.00681091457765,0.049319522204,0.583266653524,0.204313241503,0.0632270343547,0.00744249383543,0.0185229760508,0.0670971639503
C001265,4,0.0109212533543,0.429819022808,0.012415178256,0.298070198213,0.018262626143,0.0772990209159,0.0858309515045,0.0673817488056
C001266,0,0.904280060348,0.00663723678282,0.00789383323011,0.00441690022157,0.00376286863546,0.00664736145113,0.00775906601062,0.0586026733206
C001267,1,0.00632661827649,0.0351316091015,0.00635768116649,0.00623359124305,0.00391902847796,0.00611878468796,0.862977516476,0.0729351705706
C001268,3,0.00291192811176,0.00489062521085,0.00650914086429,0.0888813324002,0.0049119453601,0.11072313222,0.00513427430507,0.776037621527
C001269,3,0.0121860089229,0.0121331159224,0.012134987266,0.687864877949,0.106145910742,0.0121246333019,0.0158803866777,0.141530079218
C001270,0,0.0589290687458,0.00456475171739,0.00208605898028,0.70422986232,0.022759384927,0.185599556457,0.00446369992267,0.01736761693
C001271,2,0.0109483453797,0.011235205644,0.0108633129272,0.0101390646089,0.872419249054,0.0122554238617,0.0115287631444,0.0606106353797
C001272,2,0.0154826844726,0.0160073579218,0.0151047874418,0.0141151360947,0.397905537488,0.0152513000538,0.178206385597,0.347926810931
C001274,2,0.00295233070571,0.00241091238718,0.00431555542301,0.0153239250816,0.00440651167169,0.00139484567453,0.00975586539184,0.959440053664
C001275,0,0.0472644480533,0.0474407132847,0.0472413188266,0.0475130809735,0.0404970211237,0.222449388985,0.0537365179206,0.493857510833
C001276,0,0.00430282016828,0.00434424981033,0.00434612594845,0.00932168709914,0.00432545499821,0.941588592468,0.00479481471884,0.0269762547892
C001279,4,0.353519019975,0.504413752815,0.0138293673367,0.0384212734084,0.0139879365262,0.0138936762753,0.0169663197053,0.0449686539584
C001280,2,0.00191704760933,0.0624008428751,0.00539794885051,0.00492280819675,0.00557858259388,0.00905018410035,0.892330881716,0.018401704058
C001281,2,0.0177338780822,0.0295929875055,0.389342628292,0.0281443053754,0.0503845449893,0.0213874857649,0.0319290431084,0.431485126882
C001282,0,0.731354334559,0.0166474010012,0.01648057152,0.0165753782613,0.013385159697,0.0140887634689,0.0184069090645,0.173061482428
C001283,1,0.0257943074068,0.253945671746,0.266595641647,0.025544253924,0.0260719342081,0.0260719342081,0.0379873963672,0.337988860494
C001284,2,0.0175473401328,0.0182293330947,0.0179252468672,0.0169375526204,0.0182157537687,0.0182293330947,0.592043264767,0.300872175654
C001286,0,0.0188588626098,0.0201767236191,0.0472629802693,0.0119912002573,0.505962061497,0.0162363923816,0.19663606471,0.182875714656
C001287,3,0.00631406577479,0.495586874789,0.142924063418,0.0303521532108,0.215698145038,0.00650791098903,0.0191414226115,0.0834753641691
C001288,3,0.218707733666,0.179986024408,0.202610421479,0.00985541276863,0.00733276587819,0.334847550489,0.0122023388795,0.034457752431
C001289,1,0.0251300254647,0.019920346045,0.0197432437021,0.0201047285358,0.020276976627,0.020276976627,0.0239804536428,0.850567249356
C001290,2,0.022909634909,0.0235098958336,0.605441905734,0.01907318071,0.0234923829307,0.040613391812,0.0252228617563,0.239736746314
C001291,1,0.165319912742,0.0115168530174,0.0073336681802,0.74496349493,0.00867144623232,0.00867144623232,0.010689524467,0.042833654199
C001292,1,0.00591679672453,0.00594273190358,0.0058801478361,0.00582979573557,0.0171121244255,0.00595022470872,0.902540019978,0.0508281586882
C001293,0,0.779735751646,0.0251475542272,0.000921954986577,0.000917570004211,0.00119833900615,0.000917570004211,0.188800031252,0.00236122887333
C001294,1,0.0107976741827,0.866994313392,0.00682276161755,0.006845423674,0.00690407212371,0.00690407212371,0.0120067334033,0.0827249494828
C001296,1,0.010983409124,0.0678647667864,0.00489828137061,0.797446235079,0.0140478108672,0.00650433860362,0.00531575735108,0.0929394008181
C001297,3,0.0119339916982,0.549010631213,0.23056711753,0.0610962049934,0.0307366910568,0.0201308162503,0.0331222145653,0.0634023326931
C001299,4,0.00394606417256,0.00438326595424,0.867563590851,0.0162418937063,0.00437385465469,0.00434985540514,0.0840788429424,0.0150626323133
C001301,3,0.00262973443328,0.0124832358113,0.00320192939382,0.00892075886788,0.00321539193315,0.00186122394448,0.0435469913151,0.924140734301
C001304,2,0.0105183075286,0.0324524471795,0.00920415207203,0.0156504894376,0.0727904890843,0.0240057551587,0.0180800045471,0.817298354992
C001306,0,0.00125766011596,0.00129288149737,0.983773638608,0.00126427599153,0.00126427599153,0.00126427599153,0.00138534030454,0.00849765149967
C001307,1,0.00286026506085,0.00287280250128,0.00478757419735,0.615285372116,0.0910338359659,0.0279517983067,0.246581741353,0.00862661049877
C001308,1,0.00257186778048,0.00255382830402,0.00257489042624,0.00254693574854,0.00259954905968,0.00352850016293,0.00319772927547,0.980426699243
C001309,3,0.0147754932874,0.093714325267,0.0147136297064,0.01344204639,0.735969606627,0.012053981577,0.0118600145716,0.103470902573
C001310,0,0.29001973222,0.00311403183186,0.0738777877315,0.00555771546731,0.605017087555,0.00475336909094,0.00519309211608,0.0124671839867
C001311,3,0.0091905629423,0.0137147390515,0.362679067023,0.0160990249094,0.0393192732199,0.0970477613125,0.0215275904699,0.440421981071
C001312,0,0.768630631227,0.00859514166989,0.00855901608288,0.1311464818,0.0334402349613,0.00860825299337,0.0093813727779,0.0316388684872
C001316,2,0.026732752419,0.034258721528,0.0228536944082,0.0210754808387,0.0241713599335,0.0241893789944,0.409544676599,0.437173935279
C001317,3,0.00336756418364,0.00306799412595,0.00301848148733,0.00133766195765,0.0145491420356,0.00131564042503,0.00359494452503,0.96974857126
C001318,0,0.0106325519436,0.0141643941228,0.0141048608338,0.0141860009747,0.0141860009747,0.0882705974298,0.327438569664,0.517017024057
C001319,0,0.0237327851394,0.01198027187,0.555159620371,0.0134643862043,0.0180482972052,0.121451132398,0.0426454885102,0.213518018301
C001320,3,0.763241782393,0.0168481236369,0.0224526420691,0.0533866677922,0.0225226346065,0.0224091979024,0.0269738445997,0.0721651069998
C001321,2,0.824043412022,0.00608656665677,0.0056745374792,0.119974797008,0.0031248873921,0.00608656665677,0.00654729011114,0.028461942674
C001322,3,0.00292029190398,0.00409539635486,0.00189284922953,0.934332889893,0.0384665613866,0.0020031825064,0.00216444405981,0.0141243846661
C001323,0,0.00950824726228,0.00673823602247,0.00461024843424,0.00420081814719,0.504242383892,0.0608592133595,0.125624471452,0.28421638143
C001324,4,0.0139203880623,0.00531998704326,0.00289893336566,0.00519770276156,0.0111617775433,0.0128103460114,0.00673082746556,0.941960037747
C001326,1,0.0188300320583,0.0189125700051,0.0187567898176,0.0185531539624,0.0189364156377,0.554211561298,0.0227054531043,0.329094024116
C001327,4,0.930593896744,0.00645970771612,0.00621549180347,0.00331886066569,0.00620367954284,0.00402887536756,0.00842580576182,0.0347536823981
C001328,2,0.037481600649,0.0360957406309,0.0372445213041,0.0533782452318,0.0546316908239,0.0385195436019,0.0448512529665,0.697797404792
C001331,3,0.017300817479,0.0368768294584,0.0128566829576,0.00802194223059,0.133081319625,0.0235199974205,0.359560957566,0.408781453263
C001332,4,0.45514039418,0.0376929870827,0.0365365687313,0.0370117185794,0.0570489964487,0.037408782379,0.0397270828668,0.299433469732
C001333,3,0.0136961376681,0.56055864107,0.0137763474206,0.0123574768537,0.011057941679,0.311528010625,0.0170894242971,0.0599360203867
C001335,2,0.945825799757,0.00165942965782,0.00156586317234,0.00144581131929,0.00165819352175,0.00165942965782,0.0414867637611,0.00469870915274
C001336,3,0.00162560265511,0.00164034777274,0.00167953095363,0.000614406194377,0.00390890313134,0.00018033942959,0.000341501346958,0.990009368516
C001337,4,0.00141858502736,0.253303234245,0.00177084123395,0.00167464508889,0.299777675496,0.435009516448,0.00223169435043,0.00481380811017
C001338,4,0.00915687397246,0.00630505741996,0.597302044591,0.00914682777135,0.330096444677,0.00475729685069,0.0114258049491,0.0318096497689
C001339,0,0.00320473829961,0.00515846819094,0.00522420685399,0.00744501459628,0.00744501459628,0.0526623888695,0.882613853095,0.0362463154985
C001340,4,0.00745546053142,0.00792149980585,0.00797222847493,0.00678898776002,0.0079044915731,0.0355821581701,0.647612404827,0.278762768858
C001344,3,0.0233766985926,0.0618800412984,0.31237454155,0.17010929127,0.00930283755034,0.00757290950014,0.0131035946574,0.402280085582
C001345,1,0.00278008563482,0.00248881395772,0.000724522514539,0.00244151633167,0.00233822326119,0.00200215394695,0.00279950945235,0.984425174901
C001347,2,0.0863910672601,0.0249727164598,0.0232821923261,0.0224385638311,0.0795961535688,0.0249727164598,0.0285085516062,0.709838038488
C001348,2,0.00336854191125,0.00184949201583,0.00414206650175,0.00199705459969,0.0042293662335,0.00151497963022,0.00434724115713,0.978551257951
C001350,2,0.0184382120298,0.0251550521211,0.098813567695,0.693440519934,0.0226067499372,0.0210397116466,0.0116543699721,0.108851816664
C001351,2,0.0391190668785,0.0399742859942,0.265547866032,0.0442690576969,0.0399445084999,0.151129217567,0.0415588499775,0.378457147354
C001354,3,0.68804663489,0.0972432114053,0.0149284914167,0.0139399052513,0.0151871397767,0.0151431620955,0.0171410228794,0.138370432285
C001355,4,0.0190712683474,0.021433474915,0.146153276944,0.021751984143,0.0213874551538,0.0212718667524,0.488643047346,0.260287626399
C001356,4,0.418048744034,0.00326927692724,0.00324504399239,0.528179516264,0.00326225747079,0.0032402741563,0.0064342719816,0.0343206151736
C001357,0,0.0114104119464,0.00567198753674,0.0104326943942,0.00551329402962,0.0045624135996,0.0083301508129,0.00468845290077,0.94939059478
C001358,3,0.0213237210347,0.141440722059,0.0217555398322,0.0581757602799,0.212327633723,0.0265338878106,0.177937198265,0.340505536995
C001359,3,0.00139685194211,0.00614051148995,0.00134530590289,0.00126941044589,0.000759139002164,0.00138981660709,0.979906308117,0.00779265649309
C001360,4,0.0297317738209,0.0682096237563,0.0229866610971,0.520415479591,0.0222213266036,0.0229736481772,0.0296380730442,0.283823413909
C001361,1,0.0375937634157,0.0380432750708,0.037928736349,0.0380547180573,0.0383807534239,0.0383807534239,0.038821748002,0.732796252257
C001363,2,0.00649420866108,0.0103024344318,0.0146743463514,0.0204248776274,0.0203307886799,0.154563622673,0.0115785734022,0.761631148173
C001364,1,0.00283479047198,0.00289048970801,0.00285510401283,0.900001236198,0.0727321497805,0.00289413413897,0.00421740053029,0.0115746951589
C001365,4,0.00138873380776,0.00155481600984,0.000842857213468,0.00152671404028,0.000611982728365,0.00124224476287,0.00110221435826,0.991730437079
C001366,2,0.0235910153382,0.0391980895257,0.0366708290651,0.0352418617801,0.0391688902327,0.115208508633,0.0430794869125,0.667841318512
C001367,0,0.93461575233,0.00439344971603,0.00442117955327,0.0044001516347,0.0190571160432,0.0044001516347,0.00467737904413,0.0240348200435
C001368,1,0.16738235901,0.514771898657,0.0189606372157,0.0405142934515,0.0251891819868,0.0121808730173,0.032447913515,0.188552843147
C001369,2,0.0245328531798,0.00990095474575,0.0111262496082,0.200483655606,0.0142473344145,0.0316845191245,0.0151474915551,0.692876941766
C001370,4,0.0123726568045,0.012246814977,0.0509789151703,0.0404503474131,0.0038606153182,0.855261618539,0.00385651437264,0.0209725174051
C001371,2,0.0141636191913,0.0861082075031,0.0127052755526,0.0171659406829,0.0383852420598,0.494130792669,0.0224008613931,0.314940060948
C001373,3,0.00142539599548,0.00338215006672,0.00327154343092,0.0321885616749,0.10280977277,0.00337978550551,0.830578186193,0.0229646043635
C001374,3,0.143957155813,0.0274050563444,0.0270881311333,0.0250481541937,0.0276225498744,0.0272154642673,0.0311345758332,0.690528912541
C001377,0,0.00203241160422,0.00203999115961,0.00205286683283,0.00204310303199,0.00106084325925,0.0100048075328,0.00238351745909,0.97838245912
C001378,1,0.573588811846,0.00923559485273,0.368267862151,0.00568646877504,0.00580393697227,0.00580393697227,0.00882656056906,0.0227868278613
C001379,4,0.610938751333,0.0695251650891,0.00868173210892,0.00873607188435,0.255705151975,0.0106040398865,0.0101741942518,0.0256348934715
C001380,4,0.0112653160801,0.0113088749765,0.0152680485496,0.0111044767336,0.0112845937189,0.0144352011313,0.0368813480492,0.888452140761
C001382,1,0.00220013214718,0.00222101206723,0.00751422978524,0.00217880377044,0.00222381239726,0.0037546825929,0.00693503382053,0.972972293419
C001385,0,0.0531021948686,0.0200945505509,0.0192029529064,0.0409024709904,0.0198863201479,0.0544644002923,0.0231839762931,0.76916313395
C001386,2,0.00648409537041,0.211761952391,0.703078147213,0.0258007407226,0.00465260034338,0.00675441217955,0.00795026086193,0.033517790918
C001389,4,0.00700153753518,0.241761462471,0.0112082355964,0.00580533937159,0.011336750574,0.0178257877733,0.354597521332,0.350463365346
C001391,2,0.00846131805115,0.217898795396,0.00788552025465,0.00762887212091,0.679866093819,0.00864629897015,0.0106699813576,0.0589431200307
C001397,4,0.332368298578,0.00392483775103,0.594622296072,0.00383462212432,0.0299240593164,0.00389492147724,0.00503561716791,0.0263953475132
C001399,4,0.00854986976961,0.00985641235101,0.00992003502706,0.883031750069,0.00983524967229,0.00702954536294,0.0217670255002,0.0500101122481
C001400,0,0.00310754670383,0.0020454416569,0.0031060260016,0.00355928243655,0.402201149797,0.00312389384092,0.569529450486,0.0133272090777
C001402,2,0.019865705148,0.0203734852355,0.01899430534,0.0179651456679,0.0397801598045,0.0203734852355,0.729502058907,0.133145654661
C001403,4,0.0185918520745,0.0536776269674,0.0399023424337,0.425457753655,0.122653435514,0.026847771011,0.0240433849476,0.288825833397
C001404,1,0.561173495861,0.0237304096595,0.0123792361514,0.0122103339106,0.113385395916,0.0932985566271,0.0169774529504,0.166845118924
C001406,2,0.961899927727,0.00272384752177,0.00263368637235,0.00237320669811,0.00272181848354,0.0129558922833,0.00274721032364,0.0119444105906
C001407,0,0.0281295254483,0.0376989125451,0.0200078878859,0.0235395644486,0.0393189979445,0.759422304879,0.0222768992605,0.0696059075881
C001408,0,0.00214030292441,0.00127241110354,0.00150371316603,0.00177233084404,0.000653932901358,0.000620342010924,0.00165037476097,0.990386592289
C001409,3,0.0121332790997,0.0185879497027,0.0186109651288,0.0171235590623,0.0199328667927,0.0869374884968,0.0253088910756,0.801365000641
C001410,1,0.0105308393443,0.00877399280243,0.0261492309012,0.0104287519723,0.0106441838585,0.0721080777343,0.836887174111,0.0244777492758
C001413,3,0.00337351270148,0.000948841401655,0.0712173256422,0.00480104413539,0.0141297696798,0.00198330769627,0.0059673239819,0.897578874761
C001414,1,0.00311894655365,0.052991264196,0.0845241489934,0.00308871106657,0.834449386308,0.00243855359693,0.0092081540015,0.0101808352835
C001415,1,0.00787959817632,0.00233170917312,0.00289025919691,0.00191043989429,0.00183112961985,0.00340094962386,0.00322751212255,0.976528402193
C001416,3,0.958708209638,0.00300489243819,0.00292362978214,0.00275167200431,0.00301799194031,0.00300279162896,0.00325334118293,0.0233374713849
C001417,0,0.00435171914751,0.70954458763,0.00439551707199,0.00437461120876,0.00437461120876,0.00437461120876,0.242486778528,0.0260975639967
C001419,0,0.199908900117,0.0100737631546,0.706938042253,0.00996937347159,0.00996937347159,0.00996937347159,0.0113880201369,0.0417831539239
C001420,1,0.00921538415031,0.00930284093539,0.00920487090505,0.00912604897777,0.783794875699,0.0314422124422,0.0144899077397,0.13342385915
C001421,1,0.283035952692,0.0222871171301,0.0136944054224,0.0134842027507,0.570745512805,0.0137627525944,0.0177848721222,0.0652051844834
C001422,3,0.00369409176559,0.00367805767278,0.0817074472341,0.00332972388183,0.88991266686,0.00367548623381,0.00412030099071,0.00988222536162
C001423,0,0.0114042467206,0.585469129149,0.0150791214319,0.01516586614,0.0391148999545,0.131666251702,0.0149616833493,0.187138801554
C001424,0,0.0643112129948,0.0247300901297,0.0945574115345,0.0728770081325,0.0111942108179,0.544391901592,0.0276500660025,0.160288098796
C001425,2,0.021183007267,0.881061346934,0.0105467059665,0.0645770818569,0.0016135655871,0.000696232438882,0.010526245161,0.0097958147884
C001427,4,0.676576636418,0.0262903846543,0.0261077687749,0.0256860785202,0.0262339366341,0.049696478594,0.0330710339971,0.136337682407
C001428,4,0.0018420768247,0.0595440542651,0.896789338099,0.00231925682678,0.00235687566806,0.00234394354028,0.0190552335129,0.0157492212629
C001432,1,0.000187473827073,0.00365000089819,0.000616298438553,0.0017282750282,0.000761099959797,0.000848562455138,0.975232819843,0.0169754695505
C001433,2,0.000437781265739,0.977047350715,0.00905843551491,0.000395898567462,0.000448636788009,0.000448971233968,0.0113937635618,0.000769162353502
C001436,0,0.0132856553492,0.0134953904609,0.600778647628,0.00982447699585,0.0133555440589,0.0133555440589,0.281566669555,0.054338071893
C001437,4,0.212834738656,0.0470304166571,0.0470187948551,0.045949383814,0.0344834912252,0.0466170612755,0.0506312883715,0.515434825146
C001438,2,0.00249726791088,0.00586498724198,0.00823143756691,0.00281420566843,0.00147492839675,0.00622614133812,0.0036298720577,0.969261159819
C001439,0,0.358862844545,0.00577031120514,0.00580673128523,0.58138663273,0.00577911343549,0.00577911343549,0.00692088919081,0.0296943641722
C001440,2,0.549244579768,0.024356479911,0.0230932847038,0.0225461025465,0.0243383363738,0.024356479911,0.0265554683867,0.305509268399
C001441,3,0.00425926083827,0.113307498347,0.601394269008,0.00398853464527,0.00425926083827,0.252826087154,0.0050285577047,0.0149365314648
C001442,1,0.000913930214151,0.00091793625743,0.987676386681,0.000900491720966,0.000727740401668,0.000919093623707,0.00125469486721,0.00668972623339
C001444,0,0.0157112125829,0.015769805048,0.0157035241784,0.0157938608488,0.0157938608488,0.0944307142765,0.0135285850493,0.813268437167
C001445,0,0.0182260078457,0.0182939788392,0.0184094436991,0.593273967733,0.0183218851011,0.0183218851011,0.0193129152776,0.295839916404
C001446,2,0.00828631551133,0.0129030860446,0.0126273359057,0.011808523454,0.092436773348,0.0129030860446,0.0134642781367,0.835570601555
C001448,4,0.00568128009531,0.00630257330551,0.00621774762367,0.859588904217,0.00628904106588,0.00981594467381,0.00744886428273,0.0986556447361
C001449,0,0.00359209854035,0.729664301931,0.0892185261414,0.00361099464486,0.0281019601315,0.00361099464486,0.119205349439,0.0229957745272
C001450,1,0.765231459413,0.00992852540056,0.0090396496845,0.00897776624398,0.00916322440047,0.00916322440047,0.015007399218,0.173488751239
C001451,4,0.00653057568547,0.782629035743,0.00980443547472,0.00962960828531,0.00978580258922,0.00588278797553,0.0215789259861,0.154158828261
C001452,2,0.00810851885103,0.00834479750616,0.00755318156416,0.0969537995316,0.00833858133107,0.589095262257,0.26046303153,0.0211428274288
C001453,3,0.0183109743859,0.0134194603383,0.0177384536187,0.361451224807,0.0183109743859,0.017609321798,0.0223342049032,0.530825385764
C001456,2,0.00515924812123,0.0303035701814,0.145867068626,0.00582730508997,0.0128103110904,0.666864247669,0.109235874801,0.0239323744212
C001457,2,0.634164278186,0.0126549207201,0.164743564289,0.00691865164275,0.0814279316697,0.0126549207201,0.0154993481643,0.0719363846081
C001458,4,0.456395177784,0.0413131225209,0.0715411543775,0.04036350639,0.0412244192171,0.0410016220362,0.159581437586,0.148579560088
C001459,1,0.0397918592786,0.00282712019137,0.00280700932587,0.762793794906,0.177803576406,0.00282590512551,0.00330669932271,0.00784403544422
C001460,0,0.0181379026338,0.0329650815761,0.0224821985036,0.0223752691573,0.0368212612476,0.231901728317,0.0244770246581,0.610839533906
C001461,0,0.00693922158927,0.00696510031102,0.900264473165,0.00697572511358,0.00713376037386,0.00697572511358,0.00775017705344,0.0569958172804
C001462,1,0.00329545673568,0.00333235828948,0.00332272033859,0.00326351013516,0.551790497978,0.0352344305111,0.388244052706,0.0115169733064
C001463,1,0.0263758120542,0.155439493107,0.0261671145598,0.0259879802866,0.0265248268455,0.0396404671569,0.0402445833654,0.659619722625
C001465,0,0.00748511270071,0.0111535675303,0.111900016035,0.0644351995428,0.0207677586051,0.00546491568693,0.425760009069,0.35303342083
C001466,1,0.00324873757634,0.00682441995528,0.0056410322387,0.00471665050693,0.0164829490137,0.00932414896342,0.924679204384,0.0290828573621
C001467,2,0.856453782528,0.00558105157127,0.00529160261882,0.00473302760736,0.00557689415538,0.00558105157127,0.00591198028146,0.110870609666
C001468,3,0.00831891134002,0.885052571056,0.00752049963636,0.00895585408702,0.00881637790771,0.0101367898673,0.0113663734238,0.0598326226817
C001469,4,0.0196505958587,0.565842556065,0.0117568243281,0.0181484158826,0.0222490254911,0.00838913293448,0.0284392060945,0.325524243346
C001470,3,0.120898532517,0.0176523389293,0.285331308906,0.0159966840414,0.0155029190495,0.0176399976568,0.476868921086,0.0501092978137
C001471,3,0.0324901675661,0.0606871447373,0.202755366241,0.00661916180527,0.0126953204853,0.0108960258541,0.0114538917618,0.662402921549
C001472,4,0.00141975592602,0.00145986926565,0.0014401480125,0.016700164897,0.00105746675397,0.0068128056454,0.00188358391548,0.969226205584
C001474,1,0.764504537945,0.0123397382511,0.0120251357985,0.0118108503142,0.0120548328892,0.140293237418,0.0176902104014,0.0292814569823
C001475,3,0.0273719700972,0.0272531628945,0.0263278323777,0.096987034936,0.0273719700972,0.0263231120052,0.0307530472278,0.737611870364
C001477,2,0.0188765718705,0.0512483419877,0.0143511156294,0.813351406431,0.0170071371329,0.0146645089024,0.0218814776257,0.0486194404208
C001482,1,0.00782519905418,0.0142555592247,0.790616781198,0.015069383594,0.0148211779821,0.0131229584492,0.0186980275262,0.125590912971
C001484,4,0.00951201507651,0.3537037757,0.389839519343,0.0101303024351,0.010346371555,0.0102904546384,0.193519961387,0.0226575998643
C001485,4,0.0160649466542,0.00238221316166,0.00162175355564,0.00233915669624,0.00237709831765,0.0103897140066,0.00502443765835,0.95980067995
C001486,0,0.0414697179298,0.00253964031919,0.00251418968716,0.927235771478,0.00195949219582,0.00252865290716,0.00299353696956,0.0187589985137
C001487,4,0.00563072939034,0.459409692335,0.124018629802,0.00606196045457,0.00616028674838,0.00585992807244,0.268491300889,0.124367472309
C001489,3,0.0101082566991,0.0134281444173,0.0121995744157,0.0208485447176,0.0407467734714,0.0456583880604,0.0147505592589,0.84225975896
C001492,4,0.0177347795889,0.0271364817177,0.0198319734624,0.0877210645685,0.0204157460189,0.210630659445,0.0270943057318,0.589434989467
C001493,4,0.0594690606424,0.0119881698266,0.0665227854051,0.00892344714749,0.0490385292128,0.0053603044594,0.0153595731743,0.783338130132
C001496,1,0.0047525777492,0.0130889932125,0.055886110965,0.0773819387661,0.0185431520942,0.0295160027752,0.0160656593091,0.784765565129
C001497,0,0.963536193536,0.00199482013948,0.00948390798853,0.00197414875395,0.00117619692699,0.00179659272705,0.00228569120877,0.0177524487192
C001498,4,0.258460682084,0.00411618396056,0.0040875924978,0.00419819231912,0.0409910504693,0.670527104427,0.00557858008111,0.0120406141611
C001499,2,0.0104805460233,0.718711017517,0.010537002319,0.00950011849329,0.0107590840927,0.0309791403452,0.176031630602,0.0330014606072
C001500,3,0.024323619212,0.0242180432835,0.414195534597,0.0221870225757,0.024323619212,0.34361722943,0.029257630327,0.117877301363
C001501,3,0.675056473226,0.019171979722,0.0237911546257,0.0176855163028,0.0192555578846,0.0191585760236,0.0353733617468,0.190507380468
C001503,4,0.00124422599034,0.0011477866709,0.00114750303851,0.0015656280564,0.00171013465978,0.000618996255232,0.00167501755478,0.990890707774
C001504,3,0.978004218091,0.000731256891358,0.000708944253121,0.0154599735818,0.000737060332906,0.000733348080931,0.000844507127033,0.00278069164143
C001506,4,0.00330610802693,0.00383075204631,0.00379238572366,0.461502289407,0.00193654665936,0.00375967135378,0.496765792492,0.025106454291
C001509,2,0.0045851133134,0.00387525681968,0.0652140017655,0.756958350595,0.00470697038151,0.00471047929398,0.148830440454,0.0111193873764
C001510,3,0.0226213880564,0.0976663434399,0.00901202936811,0.226255230754,0.00407817662569,0.00891654788248,0.0941324780092,0.537317805864
C001513,0,0.0139545891408,0.811464240518,0.0140950352543,0.0140279967525,0.0140279967525,0.0140279967525,0.0160145938123,0.102387551018
C001514,4,0.00823512440998,0.010074676058,0.398292139265,0.515894589422,0.0100530447458,0.00999788389829,0.0153078829501,0.0321446592506
C001515,0,0.00629905828209,0.00706385036006,0.00792795366477,0.0046625998473,0.0229819076972,0.00705020001255,0.00734827149762,0.936666158638
C001516,4,0.00063587750275,0.000757555640046,0.000510662271288,0.000365454818625,0.000755929094194,0.000321915381307,0.000245077681787,0.99640752761
C001517,4,0.00515710997297,0.0113031094595,0.0185329990851,0.00572202731785,0.00571112792594,0.917974599738,0.0135860983031,0.0220129281975
C001518,0,0.00278176904569,0.650807048058,0.0905191292047,0.0452528604289,0.0271530340437,0.012241469652,0.0143789979741,0.156865691593
C001520,0,0.00638334276961,0.302162118041,0.00644758799203,0.00641692211347,0.0046849609038,0.645642292846,0.00721489760224,0.0210478777314
C001524,4,0.00701744695181,0.684361425521,0.00769987724314,0.145655102728,0.0779299288385,0.00764307520132,0.00956133132562,0.0601318121908
C001525,1,0.0258498458223,0.0425981456796,0.0259318481807,0.0452133622345,0.46448217518,0.0708242048602,0.0285769796704,0.296523438372
C001526,1,0.0011013439219,0.983984576675,0.00109262958482,0.00108514968457,0.00110756615817,0.00110756615817,0.00146280284587,0.00905836497179
C001527,1,0.375957342271,0.0974348667313,0.00463265841203,0.00300803314928,0.00212602413864,0.487444205953,0.00420281311991,0.0251940562251
C001530,1,0.017938680639,0.0180283575254,0.0181036340627,0.695053728175,0.0183511161572,0.0183511161572,0.0255745736455,0.188598793638
C001533,3,0.00577117453827,0.222839063556,0.00727761019835,0.236587982514,0.00741963118368,0.416337092554,0.0147012619883,0.0890661834675
C001534,4,0.00330942143344,0.348473348031,0.0047192186994,0.571857846639,0.00504824226132,0.0167636537795,0.0229687182981,0.026859550858
C001536,1,0.00300136528294,0.00294857740104,0.0029223629987,0.00297586939911,0.00300136528294,0.954851064201,0.0038093754104,0.0264900200234
C001538,4,0.0062379655332,0.00683857994111,0.00700228754569,0.00654237885521,0.00646942476338,0.00413986062963,0.900163993128,0.0626055096038
C001539,0,0.0103141210129,0.326848191119,0.0108336086765,0.0108959304921,0.379192792091,0.0374547080106,0.0135712464963,0.210889402101
C001540,2,0.0233769141037,0.0920333684349,0.0235863257853,0.718215023711,0.0171031362534,0.0243937758545,0.0247657715332,0.0765256843241
C001541,4,0.0606044273196,0.00817983695562,0.0154818735545,0.0161241094212,0.120460595016,0.132947841278,0.58115171501,0.0650496014442
C001543,3,0.0256386225484,0.0264442754044,0.100740154261,0.0232677091903,0.0154566367035,0.359338400791,0.0302379741381,0.418876226964
C001545,4,0.0895031703253,0.0198421533369,0.148574775054,0.536616109785,0.0132853064091,0.0243222608662,0.0300116229731,0.137844601251
C001548,0,0.00343737252863,0.00143789970393,0.941767771774,0.0018072042888,0.040343535152,0.0018072042888,0.00152180641491,0.00787720584852
C001549,0,0.00193164302648,0.0020167565596,0.00193069776189,0.968611470077,0.00194180436479,0.00194180436479,0.00215628640423,0.0194695374411
C001550,3,0.0470142648159,0.161416539075,0.580324596149,0.0170196097091,0.0248886617009,0.0118651104065,0.021009751485,0.136461466659
C001552,3,0.0638893691911,0.00709442472458,0.0476778660327,0.0358740057895,0.0142947843621,0.0126331373252,0.595343109766,0.223193302809
C001553,4,0.0204948472126,0.0330997104076,0.0451248863895,0.0314712976963,0.359598836682,0.0326480995855,0.0490262699677,0.428536052059
C001554,3,0.237712419038,0.304094703169,0.290591868474,0.0120837338963,0.0134112879049,0.0312690022636,0.0157686021453,0.0950683831088
C001555,3,0.0049224866097,0.00490112070648,0.00855804288213,0.00441284280117,0.0049224866097,0.0378398228731,0.0052571981321,0.929185999386
C001558,4,0.0211958427576,0.0143996197067,0.0932958048145,0.0140651226743,0.0398769600783,0.028897205929,0.00570340183587,0.782566042204
C001560,1,0.00822603329463,0.00700048527076,0.720752410253,0.00686744747038,0.00700931172849,0.00700931172849,0.205420339022,0.0377146612325
C001561,0,0.0332543709768,0.0341856757616,0.0332380976908,0.0334293043932,0.0334293043932,0.0334293043932,0.0331258448023,0.765908097589
C001564,3,0.00719202682787,0.0148112431209,0.821709791091,0.0157260409856,0.0171221290523,0.0170358923434,0.0211868989722,0.0852159776072
C001567,4,0.00392854841577,0.771501272234,0.0731592408869,0.00429616479754,0.117879075986,0.00434189418302,0.0063153395078,0.0185784639886
C001568,3,0.00870140825646,0.00768612045139,0.00523510716646,0.00651348873572,0.0174529906789,0.0452119845344,0.809650813942,0.0995480862345
C001569,2,0.00328578404231,0.554899754626,0.0032979428076,0.00295613916415,0.395650694272,0.00335388953986,0.00353701576924,0.0330187797788
C001570,1,0.0560385302911,0.423872001175,0.00513257039447,0.00503239231843,0.0051363489349,0.472635605693,0.0214798924709,0.0106726587229
C001571,0,0.00111703161007,0.0457129870989,0.0011282739868,0.00572319679177,0.00112290771447,0.928726938238,0.0127270706938,0.00374159386591
C001572,4,0.581499320428,0.0180278275605,0.0180233726597,0.0882432406665,0.0179891200564,0.0178904141286,0.0223705997497,0.23595610475
C001573,2,0.0122950626026,0.0105391320888,0.00398826710501,0.00364263524794,0.155666312552,0.085192853517,0.0113039073758,0.717371829511
C001574,3,0.0411470902738,0.0409684925815,0.0416543242529,0.037532713075,0.0904649126532,0.2374447842,0.0530418967195,0.457745786244
C001575,0,0.00509209290422,0.00441928070394,0.00437499353217,0.913373468087,0.00242082505913,0.00440016128076,0.00503620501999,0.0608829734125
C001576,0,0.0209876423527,0.0210659124223,0.0209773718861,0.015423972181,0.170772190415,0.0233785918321,0.0218954504056,0.705498868505
C001577,1,0.0149972491507,0.383458598368,0.0161111787955,0.0119604691538,0.137140444156,0.16022492274,0.178622004386,0.0974851332502
C001578,4,0.00497107965853,0.00869276912405,0.00551790068434,0.00539212631197,0.00550713492056,0.904872808965,0.00765761967298,0.0573885606628
C001579,2,0.0114541215359,0.94043023776,0.00143569949688,0.00333982254478,0.00575561831911,0.00623788986568,0.00417245158373,0.0271741588942
C001580,2,0.00643222482214,0.00346651784365,0.244553964623,0.00305674249161,0.628734704932,0.032582966626,0.0692273619949,0.0119455166661
C001581,0,0.00119337428352,0.000818303354678,0.00327084662569,0.00757801152087,0.00325528989571,0.00325528989571,0.00352998562767,0.977098898796
C001582,4,0.079571095007,0.726641872636,0.00405744583548,0.00546691265909,0.0887733189965,0.0591561672699,0.00700780321548,0.029325384381
C001583,4,0.00464694549158,0.00524649177055,0.00517587978079,0.00532445654526,0.901534524983,0.00817757746069,0.00699297285467,0.0629011511137
C001584,0,0.017424842645,0.0174898258205,0.0174163156623,0.0175165053998,0.0175165053998,0.0175165053998,0.0344732001071,0.860646299566
C001585,3,0.00767001951685,0.1218978559,0.00757555819279,0.00691394897934,0.0121244018703,0.627519795961,0.179944612416,0.0363538071632
C001586,4,0.0525711981564,0.0120417094262,0.0120120975615,0.651594971135,0.00949132482308,0.167221963887,0.0140300279328,0.0810367070776
C001587,2,0.00692740987036,0.00711681882755,0.00366384376073,0.0352807587595,0.0237098096994,0.00271283143331,0.00995145546034,0.910637072189
C001589,3,0.0242113262286,0.0241062377044,0.125926011496,0.600833241606,0.0157124854165,0.0240893843203,0.0222384485164,0.162882864712
C001590,4,0.00796204934183,0.00878406544846,0.0277842791022,0.833780960592,0.0077013443377,0.00870613927588,0.0110628421174,0.0942183197849
C001591,4,0.00531088565773,0.00293040030152,0.787303074557,0.00418798938043,0.0385978780633,0.00337524242848,0.00792531205246,0.150369217559
C001592,4,0.0496969620553,0.0553278027054,0.0549462757044,0.0540560476133,0.149068455323,0.0548369725849,0.0972508015198,0.484816682494
C001593,3,0.0130606492035,0.0130039598534,0.798672540376,0.0118832233728,0.0130606492035,0.0129948684002,0.0500579870629,0.087266122528
C001594,4,0.0178887761642,0.0159900522279,0.695646235843,0.0157010457099,0.0158227371756,0.0158681713221,0.0191864179081,0.203896563649
C001599,2,0.00379788392093,0.00389739320265,0.00367763975734,0.0029082561863,0.940092869124,0.00389739320265,0.00426499279747,0.0374635718086
C001600,4,0.0525076813075,0.0195136817955,0.019638645897,0.336611225448,0.0194717840173,0.0193649427433,0.392418012549,0.140474026243
C001601,3,0.38368981176,0.307958245742,0.00816719591815,0.00754815388744,0.00819265585127,0.00815139301088,0.239423713929,0.0368688299009
C001602,1,0.0375937634157,0.0380432750708,0.037928736349,0.0380547180573,0.0383807534239,0.0383807534239,0.038821748002,0.732796252257
C001603,1,0.46765219066,0.0788967254778,0.0263057554798,0.0258369922453,0.0220484701602,0.104614119436,0.0537101070811,0.220935639459
C001604,2,0.00702360828224,0.0399633317634,0.0148231809948,0.012945621167,0.015135599862,0.0180024636992,0.749696370252,0.142409823979
C001605,1,0.00688429929068,0.0100501905077,0.721685058227,0.0947822027134,0.00505242016839,0.00517758190552,0.116410182874,0.039958064313
C001606,1,0.0120618718975,0.0228161368713,0.0112898854856,0.00614934859158,0.00862956589819,0.00476442674936,0.881678470575,0.0526102939312
C001607,3,0.00544541691905,0.922237408335,0.00523769474255,0.00489588229081,0.00544541691905,0.005417990725,0.00611929353735,0.0452008965315
C001608,3,0.00102010178847,0.98112172851,0.00100732701888,0.000917156272005,0.00102010178847,0.00101496397992,0.00114075736338,0.0127578632793
C001611,3,0.0097444953327,0.00509127852689,0.00833574972009,0.531991485304,0.00272201196604,0.0050877190634,0.00600225257786,0.431025007509
C001612,4,0.00539411512363,0.013368186716,0.0269134772399,0.334937235089,0.0232511177539,0.00731432072795,0.504212349056,0.0846091982931
C001613,2,0.0162758000826,0.0105064586278,0.321078985732,0.00926449537321,0.0104986321962,0.165417210623,0.443274435357,0.0236839820091
C001614,3,0.00076366502122,0.00076035035645,0.984750343037,0.000702675838817,0.00076366502122,0.000752410555568,0.000881177540121,0.0106257126293
C001615,0,0.000327629493185,0.000430165318166,0.946876363838,0.000976092768051,0.0348960957272,0.00109911794711,0.00107752763539,0.0143170072732
C001616,4,0.0181976535297,0.404112767983,0.0212730532846,0.235965446187,0.0205350553586,0.164479822039,0.0271766513927,0.108259550225
C001617,1,0.00336501285873,0.00469033192667,0.00468486712611,0.725204360229,0.00468831607244,0.0480931613485,0.190864346787,0.0184096036511
C001618,3,0.0045690238895,0.0940901579708,0.0045077884978,0.0207412521432,0.00275308892125,0.00601821028775,0.00516618547402,0.862154292816
C001619,0,0.00623392846708,0.0120857689787,0.0877998255709,0.0527670232962,0.0140854594256,0.657764948599,0.0141185069588,0.155144538704
C001621,1,0.00892438482177,0.0109928766174,0.00981632591465,0.00962472978088,0.39935915846,0.00982355258306,0.525277632918,0.0261813389043
C001622,0,0.0509644689758,0.0139401443162,0.0180074618495,0.0181110522364,0.0370696071419,0.00628051263795,0.0172966513888,0.838330101453
C001623,4,0.156194243106,0.0491322424375,0.614858680654,0.00802367047013,0.0667989509294,0.00695045320243,0.0276514109173,0.0703903482835
C001624,1,0.774348018613,0.01504170926,0.0148575669891,0.0147558553747,0.0150606743754,0.0150606743754,0.0411040357764,0.109771465236
C001625,1,0.0157926322211,0.0158618562901,0.0145565252693,0.0155604162628,0.0158818554757,0.608796035243,0.024857555525,0.288693123713
C001626,1,0.0337999245012,0.0333930529498,0.0336684546132,0.229852746008,0.033990883122,0.033990883122,0.0514181004824,0.549885955201
C001627,3,0.00602455998273,0.0116322482485,0.0116340423412,0.118447648161,0.0157633800417,0.0860509636862,0.013444303177,0.737002854362
C001628,4,0.00527736059682,0.278624850466,0.0139713132352,0.111408706986,0.0382225634187,0.00807422795047,0.413704194308,0.130716783039
C001631,4,0.032494146261,0.0373260520702,0.114514116443,0.0366514156034,0.0393711297094,0.0369949210702,0.0516502880471,0.650997930796
C001634,4,0.203493362479,0.0018830455703,0.00189510444778,0.760451271468,0.020757791902,0.00186869244021,0.00270093749661,0.00694979419639
C001635,3,0.536396291419,0.0586331948253,0.0283938169328,0.0258435059254,0.0202897416461,0.0191756726234,0.201503479094,0.109764297533
C001636,0,0.260612915954,0.00613843191106,0.521804493344,0.00614779568533,0.0225261791517,0.156329315759,0.00636090882751,0.0200799593673
C001637,1,0.0203146805012,0.0241409069916,0.512041165635,0.0387056736275,0.0184973525519,0.0270275667198,0.0169919023717,0.342280751602
C001639,4,0.0127073101005,0.0134945319407,0.0133129104319,0.0131843490151,0.754405800515,0.0133759270505,0.0180281173494,0.161491053597
C001640,1,0.0194697284609,0.0319890135729,0.0315974005253,0.0901658388747,0.185952708381,0.0293154497474,0.0427867033786,0.568723157059
C001641,2,0.0163355667911,0.0227667712627,0.0221186661177,0.0200667742247,0.0124534565896,0.0227667712627,0.0249475543796,0.858544439372
C001642,4,0.0268896376809,0.0277789150872,0.0265964738255,0.0272768349559,0.0186898718997,0.0275324797045,0.0281774385211,0.817058348325
C001644,0,0.00604468452154,0.00411369494264,0.00610552131437,0.00215824267666,0.0102407153568,0.00366198890305,0.00677856945852,0.960896582826
C001645,3,0.0179304419676,0.445037884688,0.0178595359052,0.0161397393301,0.0179304419676,0.30944783527,0.0202107457827,0.155443375089
C001646,4,0.278154255749,0.0242065271742,0.0238807340302,0.0236501202198,0.0241545533993,0.0268451693557,0.159531654938,0.439576985134
C001648,2,0.00603953980627,0.0062046726565,0.0108535756755,0.00540594529991,0.00620005069514,0.861949612129,0.00657857260135,0.0967680311364
C001650,0,0.0033655847347,0.00359660103408,0.961648845349,0.00338328927153,0.00338328927153,0.00338328927153,0.00381555794097,0.017423543127
C001651,0,0.151600724095,0.0469063664857,0.046642136128,0.0464202978089,0.0467287781981,0.0464202978089,0.054530519384,0.560750880091
C001652,3,0.139054453417,0.678235335398,0.00384641128671,0.0917765882291,0.0580791874422,0.00670474080266,0.00405692503108,0.0182463583927
C001654,0,0.0110754239786,0.0102924516397,0.0196902023004,0.447662202724,0.212854542182,0.0198034728818,0.0356389547675,0.242982749527
C001655,0,0.00416962006106,0.004185169995,0.00421158524731,0.0611693515381,0.372522270694,0.00419155419665,0.466761728661,0.0827887196071
C001656,0,0.0023971210881,0.284341194633,0.628032998634,0.00240973105692,0.00240973105692,0.0691064223205,0.00282678779274,0.00847601341751
C001659,0,0.00351956983775,0.103027482316,0.0228721313997,0.0243132972876,0.69720123228,0.00717358994481,0.00725650101918,0.134636195915
C001660,0,0.0269256431509,0.0270260580487,0.0269124668772,0.529173676761,0.0270672845232,0.0270672845232,0.0306334302741,0.305194155842
C001662,4,0.00425741290228,0.00348654448047,0.00343961943914,0.00353835579875,0.925847668571,0.0371922017835,0.00467616803318,0.0175620289916
C001664,0,0.0046852345254,0.00470270736136,0.004732389119,0.00470988103223,0.916825696119,0.0244188746072,0.0055314725414,0.0343937446945
C001665,0,0.0113377255043,0.0113800077459,0.0114518341654,0.0113973671995,0.0113973671995,0.763387042534,0.0115176269788,0.168131028673
C001666,0,0.00152292694135,0.0015375904215,0.00152218168517,0.00557052219446,0.000512963723405,0.000685905880528,0.00149916438302,0.987148744771
C001668,3,0.00254347058886,0.00253243073222,0.00249478539276,0.919240566797,0.0603279435314,0.00212243885198,0.00302272597029,0.00771563813561
C001670,4,0.0100942659293,0.693028498434,0.0130424087849,0.112108396669,0.0629130736105,0.0366267760128,0.0175456007638,0.0546409797961
C001671,4,0.00553498914776,0.397653353438,0.292065723417,0.17971472912,0.012546252569,0.0114779375526,0.0235783275616,0.0774286871936
C001672,3,0.0158211268306,0.0156965549595,0.0157515773268,0.281423977494,0.0360828620306,0.0157414427034,0.0191800862446,0.60030237241
C001673,2,0.00594579855181,0.00610836833249,0.288670299482,0.00532203822914,0.00610381810979,0.00610836833249,0.654012351242,0.0277289577199
C001674,1,0.00162250137422,0.00164066966668,0.00383433254129,0.930325610413,0.0534412124735,0.00163996452449,0.00185370944092,0.0056419995658
C001675,3,0.0650435772722,0.0267254804073,0.0166066551097,0.0247544929091,0.0128590411169,0.0856816666059,0.0305495600727,0.737779526506
C001676,0,0.00973941270603,0.00989316476099,0.00983743513066,0.0105345210523,0.00979064653446,0.484882723164,0.432474315002,0.0328477816499
C001678,0,0.011595858068,0.841795560727,0.0115901835443,0.0116568576601,0.0116568576601,0.0100639460684,0.0134931797518,0.0881475565202
C001679,2,0.0101069630671,0.0223650412342,0.00981820402436,0.715234649948,0.022348381152,0.0198711880991,0.0250155566959,0.175240015779
C001680,1,0.130527431137,0.233849727236,0.0199835244572,0.0200499004768,0.318735752125,0.0342538440661,0.0219626815097,0.220637138992
C001681,1,0.0114318596945,0.0912552513637,0.0118731245639,0.0114349573358,0.0116711749037,0.0116711749037,0.702069467188,0.148592990046
C001682,1,0.0198607038764,0.0199477595814,0.0197834526826,0.0197358679634,0.0199729104175,0.0199729104175,0.0251000665898,0.855626328471
C001684,1,0.0105832236515,0.0188946476193,0.0188245196839,0.792593754576,0.010517212434,0.0189184706547,0.0224589999811,0.107209171399
C001685,3,0.00812898456292,0.0120702518909,0.0119091684306,0.318332098934,0.0116122560531,0.0967438826616,0.0162203192973,0.52498303817
C001686,4,0.00291806710414,0.00322864007119,0.0572409217506,0.00315442712127,0.818439539625,0.00320403042195,0.046125796487,0.0656885774185
C001688,3,0.831436758022,0.0104107780242,0.0102925438568,0.00957244827596,0.00521359037206,0.0825657580456,0.0133295906473,0.0371785327565
C001690,2,0.00232033081219,0.0876174626756,0.0810394896535,0.00250367239488,0.00109581151366,0.806587643139,0.00333782420075,0.0154977656109
C001692,0,0.0150708958187,0.0153088137787,0.0152225770129,0.0151501757214,0.00997895490628,0.833394413104,0.0178078623175,0.0780663073402
C001694,3,0.00796890393653,0.0179209318895,0.0176854815314,0.0153973028984,0.0345465178371,0.824958829531,0.0231509878143,0.0583710445615
C001695,2,0.0421685817663,0.00458981810617,0.00615976356179,0.00565231187416,0.00768001745274,0.00445799286612,0.00711610245807,0.922175411915
C001696,2,0.0141359672564,0.0145224722946,0.24063353013,0.0112116133591,0.412043617023,0.0470320933104,0.164629662863,0.0957910437636
C001697,3,0.00094072560693,0.000936642416081,0.00070864861477,0.00078031150347,0.000659672004697,0.0047729191937,0.00104832203086,0.990152758629
C001699,3,0.00341719939507,0.00411014329008,0.00822841110468,0.00788207521219,0.00306987274225,0.00311167281313,0.177950558881,0.792230066561
C001700,1,0.0144928281547,0.0147775897497,0.0201808667836,0.0144967552134,0.0147962218539,0.0147962218539,0.0148610697359,0.891598446655
C001702,4,0.0046539752333,0.00518843575081,0.00503506746883,0.00506917528386,0.00519170210887,0.0042519719636,0.901708995445,0.0689006767457
C001703,4,0.0012721433979,0.00548455707537,0.971624420507,0.00145349141604,0.00146475674855,0.00146896271949,0.00237088875112,0.0148607793845
C001704,2,0.0132718704523,0.0666068969836,0.0133285470864,0.651644039217,0.119850352331,0.0136196099629,0.0147641318964,0.106914552071
C001705,0,0.478114256787,0.00716726760881,0.0071371434108,0.0478277347592,0.00717820080429,0.00431551942804,0.395413379917,0.0528464972846
C001706,4,0.834326965447,0.00544329339106,0.126354666518,0.00478494624015,0.00550311950072,0.00467894316895,0.00640917456724,0.0124988911668
C001707,3,0.001722194004,0.672305032673,0.00282430342487,0.00170034292925,0.306365848372,0.00282248625756,0.00331984296615,0.00893994937265
C001708,0,0.0098156227426,0.00985222854432,0.00938985690711,0.341719824732,0.00986725747118,0.115046454157,0.0106704268126,0.493638328634
C001710,2,0.0194617384184,0.0145905617452,0.591912974874,0.0169781744838,0.119091534014,0.0198651280999,0.021501523616,0.196598364749
C001711,1,0.782486212922,0.00917722721846,0.00569526371787,0.14214011657,0.00357879168597,0.00456513512628,0.0104376624141,0.0419195903455
C001712,3,0.00450003372313,0.0032640798081,0.852439469812,0.119539097637,0.00247704867987,0.0024645728642,0.00280383600465,0.012511861471
C001713,1,0.00450610221553,0.0012583204696,0.00282689546302,0.00124920439408,0.00291943000718,0.000682625140722,0.00291256755795,0.983644854752
C001715,1,0.139966004757,0.651040163745,0.00315379237026,0.00309223630233,0.0484300254181,0.145030961558,0.00398346222072,0.00530335362851
C001717,2,0.951123249862,0.00343222167518,0.00331861287408,0.00302834546214,0.0126318442218,0.00343222167518,0.00349093029277,0.019542573937
C001718,1,0.00641954162146,0.126602408243,0.00975711383704,0.716399497397,0.0473928464199,0.0108376035447,0.0118784312571,0.0707125576802
C001719,0,0.00159504154845,0.975888913326,0.0015829194174,0.00160343220685,0.00160343220685,0.00160343220685,0.00180009648992,0.0143227325975
C001720,0,0.00376693151291,0.00911477062573,0.0030700519746,0.00378674731995,0.0028535884699,0.00378674731995,0.00433073830655,0.96929042447
C001721,1,0.00182489579582,0.00183289488746,0.00181359231431,0.00179806240162,0.00183520586572,0.00183520586572,0.974009325862,0.0150508170076
C001722,4,0.00736558794913,0.00650038034927,0.00515514710809,0.00688491914151,0.00478728068161,0.00576930875298,0.00965065931698,0.9538867167
C001723,3,0.0175050325605,0.0174290524997,0.0173081847107,0.0176944586593,0.0175050325605,0.0174168673333,0.753755851973,0.141385519703
C001724,0,0.00339331048052,0.945943784027,0.0034274624906,0.00341116086763,0.00341116086763,0.00341116086763,0.00392946960006,0.0330724907987
C001730,2,0.23391888649,0.019609712696,0.0369986026225,0.0477918168607,0.0145692683179,0.347478656629,0.0700111467648,0.229621909618
C001732,1,0.0123441579543,0.0185068739007,0.0219663917794,0.012224492028,0.0170409216611,0.0100235546482,0.015235748754,0.892657859274
C001734,3,0.342263446961,0.0255526892655,0.0248616564109,0.0230741435381,0.0256640834381,0.0255348246241,0.0291876937633,0.503861461999
C001735,3,0.105073651305,0.352103854656,0.00497301225095,0.00452571032766,0.216680840355,0.00496338984785,0.300814110448,0.01086543081
C001736,3,0.0230767216376,0.0181729293182,0.0216605404303,0.020904452371,0.602092305768,0.0104975322704,0.0271408027833,0.276454715421
C001737,3,0.300004986013,0.619507152343,0.0168602109419,0.0189526087557,0.00347050700484,0.00713130437851,0.00697047423113,0.0271027563318
C001738,3,0.203253016413,0.0109727616007,0.00554561879112,0.617408737256,0.00897652724623,0.00295923056073,0.120284818843,0.0305992892883
C001739,4,0.00481127837258,0.00805701450754,0.00286231514046,0.00363037459329,0.0089191877627,0.00869345658389,0.00324676172893,0.959779611311
C001740,4,0.93207820571,0.00373762031007,0.00368731606513,0.00379316270643,0.00375114540695,0.00370476996385,0.00450395794639,0.0447438218912
C001741,1,0.00729070288294,0.895055645807,0.00732649930557,0.00364808017467,0.00646739811141,0.00498006556691,0.0138307088472,0.0614008993038
C001742,0,0.195921230374,0.0178835176866,0.0723237832224,0.017910797817,0.017910797817,0.597717739792,0.0142891013381,0.0660430319527
C001743,0,0.00290040924007,0.124954015948,0.0405542542761,0.00789016186058,0.00404329980816,0.0197857211324,0.69256233965,0.107309798085
C001744,0,0.00568020787135,0.00520091831369,0.483339443816,0.0039249596637,0.00264357676486,0.403799724647,0.0614528153927,0.0339583535314
C001746,0,0.00332372514072,0.65693512523,0.00784930403963,0.00789445823454,0.248651347363,0.00750920898689,0.00882859128681,0.0590082397182
C001749,0,0.690980050901,0.00527262077723,0.00283419093376,0.125848956207,0.00528066381354,0.00528066381354,0.101476922585,0.0630259309685
C001751,4,0.017390232394,0.0155626771396,0.171475712825,0.0192785779622,0.022439828668,0.0267434447978,0.197323227912,0.529786298301
C001753,4,0.0259812125614,0.0282133994328,0.131339659819,0.027564891221,0.0281528225123,0.585420978951,0.0346566960768,0.138670339425
C001754,3,0.00641020253665,0.0137068473456,0.0100646337366,0.811984616078,0.0146300553561,0.0835293319413,0.0116751028034,0.0479992102027
C001755,4,0.00233377210243,0.00263487405909,0.00259941156182,0.00257430930976,0.00213544729264,0.00254556559821,0.969127072655,0.0160495474209
C001757,2,0.971098640426,0.00118826880573,0.00110782913484,0.00106833790922,0.0167241804057,0.00118826880573,0.00128005587648,0.00634441863655
C001758,0,0.782731954033,0.0145978034989,0.0656450620695,0.0146200714883,0.0146200714883,0.0125074365876,0.0163108420597,0.0789667587746
C001760,1,0.0375937634157,0.0380432750708,0.037928736349,0.0380547180573,0.0383807534239,0.0383807534239,0.038821748002,0.732796252257
C001761,4,0.0651006703069,0.029502965527,0.0962069833896,0.236554316141,0.0115472913548,0.0798885720386,0.0385600964898,0.442639104752
C001762,3,0.00282250072563,0.0017789302742,0.0191743935498,0.00162509246856,0.00178668532745,0.00082049933893,0.002105074832,0.969886823483
C001764,1,0.0108431447095,0.448406792519,0.0190550390234,0.0132030212867,0.1195628113,0.00936707821212,0.024585609271,0.354976503679
C001765,0,0.0161855824505,0.0161443925327,0.0160765372629,0.062862495127,0.0113104515642,0.0506279821456,0.0158301440561,0.810962414861
C001766,3,0.00733159212314,0.00561908852788,0.0035520921257,0.00674568559052,0.00733159212314,0.0330614660736,0.00936344278267,0.926995040653
C001768,2,0.0238758139601,0.0272055232261,0.0239142740141,0.0218092811541,0.500726100593,0.0247329510044,0.033956302795,0.343779753253
C001771,2,0.00546894779286,0.00774987628443,0.604284950917,0.00630552577918,0.00789371857498,0.00361150797094,0.00880046588684,0.355885006793
C001772,2,0.0108248884816,0.00909105364641,0.00930433005036,0.00837523725813,0.887716213876,0.00909105364641,0.00972018383217,0.0558770392088
C001773,3,0.535827389152,0.031373386288,0.0292007399707,0.0290727448884,0.031510155157,0.0295819145111,0.0362579247665,0.277175745266
C001774,3,0.00228873097009,0.489302046373,0.00431276125687,0.000994400437103,0.0118437061061,0.0169662409594,0.0245870415254,0.449705072372
C001777,4,0.00768496468415,0.0103842752004,0.819260793617,0.00606361329177,0.00773342357943,0.0153972867539,0.0303990174916,0.103076625382
C001778,0,0.0282384929369,0.04484140282,0.228025321943,0.0337137252748,0.0337137252748,0.472572770957,0.0370097375303,0.121884823263
C001779,2,0.00708022845662,0.459477709457,0.0078999634887,0.189328304315,0.00816432315883,0.120391905323,0.0096731943099,0.197984371491
C001780,3,0.0154010829439,0.0152798184006,0.0152082146554,0.0217398706611,0.0154010829439,0.337145272412,0.0171971198315,0.562627538151
C001782,0,0.0045762184513,0.00735157553111,0.00499541000818,0.00736278987621,0.754534876413,0.163879434877,0.00734854059563,0.0499511542479
C001784,2,0.675173916525,0.0897182518415,0.017493811314,0.0149624213949,0.0112832180128,0.0236971334779,0.0194335648789,0.148237682555
C001785,0,0.00827409275774,0.00835375974077,0.00835736745389,0.00831761832357,0.884683863408,0.00831761832357,0.0155861022016,0.058109577791
C001786,0,0.0105818748018,0.852913732461,0.0105766964788,0.00602264199986,0.00871579803913,0.0106375403717,0.0122461810411,0.088305534807
C001787,2,0.105710429028,0.00323588305565,0.00731079123402,0.022897163021,0.00337175580051,0.800790323198,0.00752007087351,0.0491635837899
C001788,0,0.906107139187,0.0129167177035,0.00514690733137,0.00512242772203,0.00512242772203,0.00512242772203,0.00560246705022,0.0548594855621
C001789,2,0.820319144832,0.0110737502477,0.0103241144571,0.00939112727591,0.0110655012314,0.0110737502477,0.0103759922757,0.116376619433
C001791,3,0.0041980487422,0.00417982723948,0.00410573439282,0.927502773786,0.0041980487422,0.00417690499855,0.00485810478573,0.0467805573131
C001792,1,0.0220881757476,0.0232991512753,0.0230139204846,0.0228563722798,0.0233285276637,0.679824592628,0.0291466190864,0.176442640834
C001793,2,0.021754700779,0.0080982790693,0.00482917951016,0.004513028082,0.134471793116,0.804274819344,0.00633441944,0.0157237806602
C001794,2,0.240808903314,0.0103130625454,0.0171281634252,0.0656303501378,0.0103053801777,0.255026343054,0.364958097785,0.0358296995612
C001795,2,0.00469939416823,0.00486117255724,0.00643506404278,0.00361114528407,0.00485755139092,0.00486117255724,0.943948362965,0.026726137034
C001796,2,0.00389599956938,0.18655344906,0.00709945998508,0.00778520904799,0.00416653691628,0.0072611546361,0.752771663615,0.0304665271704
C001797,1,0.000717847677917,0.00151018532009,0.00151097705054,0.000328832168228,0.00082146619475,0.00528990816091,0.00188592072566,0.987934862702
C001799,2,0.0071101385725,0.00730454369038,0.00718269550628,0.00213758704152,0.00857936641113,0.0781804415551,0.807927417501,0.0815778097225
C001801,3,0.00183955912088,0.00268527417245,0.00268631510522,0.00158318410833,0.0155539914317,0.00132753115005,0.00316606358036,0.971158081331
C001802,0,0.00130271135912,0.00132327672117,0.000395987902555,0.00130956422513,0.000571608390262,0.00422511945316,0.00142878603315,0.989442945915
C001806,4,0.0127371500275,0.00867435852588,0.00865747104036,0.00847497125427,0.906279798255,0.00859811865743,0.011326565852,0.0352515663875
C001808,0,0.180544993298,0.202226608086,0.269788757761,0.0318758297362,0.0326835775452,0.0283840941585,0.0422653123754,0.21223082704
C001809,3,0.0751042787945,0.0369788900324,0.110711070955,0.462069304076,0.0206824385657,0.0498410321428,0.0223608622264,0.222252123207
C001810,3,0.00635457477608,0.0783790020355,0.00623969549043,0.00566738440763,0.125031031162,0.00484031392507,0.0069255463982,0.766562451805
C001811,4,0.113655431571,0.556887673878,0.0239011586232,0.0387789692482,0.00621895507651,0.153917203645,0.0228758379244,0.0837647700335
C001812,3,0.0423247350703,0.0238257255382,0.0235381791076,0.0210761799756,0.721220992941,0.0131125751433,0.0297620204899,0.125139591735
C001813,1,0.00673731567915,0.0068696934827,0.598752764872,0.00673914126027,0.00687835503355,0.340302920042,0.0108245749726,0.0228952346577
C001814,3,0.00619119464953,0.271195591725,0.0316606060844,0.0086616346096,0.00955147009398,0.00307771889286,0.0101303380765,0.659531445869
C001815,0,0.00238327229001,0.969328134067,0.00240725875978,0.00239580940773,0.00239580940773,0.0024262561715,0.00290104826773,0.0157624116284
C001816,2,0.00465967922176,0.00399041887959,0.0027834428113,0.00423643591379,0.00226469904713,0.573558869776,0.355843712272,0.0526627420782
C001817,3,0.0217747827738,0.0176784051968,0.0174156104217,0.0160009193402,0.196438527551,0.0156488564746,0.623098326383,0.0919445718587
C001818,4,0.00396697417636,0.0417745961943,0.805137634753,0.00430464767215,0.00885695444418,0.00437233816701,0.114281250551,0.0173056040418
C001819,0,0.0100202506289,0.0396033486483,0.0202890900241,0.0798068208354,0.0185314940336,0.0236547799969,0.0206131639129,0.78748105192
C001820,3,0.0067644100169,0.00673504930122,0.912827134498,0.00624116148467,0.0067644100169,0.00601417128661,0.00791042687596,0.04674323652
C001821,4,0.0178063766924,0.447795574194,0.0238103442413,0.072056869026,0.0165375545193,0.0309160032341,0.0412043700451,0.349872908048
C001823,2,0.00399919393522,0.00103079379171,0.00282286626474,0.0195433496138,0.00669302237833,0.0429030688687,0.0262172360876,0.89679046906
C001824,2,0.456217560097,0.0106721974324,0.435797190465,0.0087680614214,0.0106642475393,0.0106721974324,0.0100533913726,0.0571551542403
C001826,3,0.00732495843891,0.0184573945493,0.0106201091143,0.00983462446268,0.00805871940971,0.0106247786501,0.8855506826,0.0495287327748
C001827,0,0.00281873491721,0.954817142963,0.00360754865416,0.00362830157115,0.00811367687998,0.00362830157115,0.00427154641492,0.0191147470288
C001829,4,0.0108690306677,0.018346885119,0.018300840188,0.0180152808623,0.158366742776,0.0182085498091,0.636689066506,0.121203604072
C001830,2,0.771849736862,0.0148907512961,0.0143201937436,0.017925695625,0.0271619428778,0.0199257651737,0.0150979393825,0.118827975039
C001832,4,0.173323762526,0.0117261368186,0.302861974402,0.0114566019106,0.0196629095671,0.0116367567367,0.396704281156,0.0726275768822
C001834,1,0.0221264824101,0.00929979615831,0.00920185819312,0.732519400568,0.00931152166798,0.00931152166798,0.0165152182738,0.191714201061
C001836,2,0.00866246075125,0.135773597473,0.168605016015,0.0147347481861,0.00627489519263,0.0588257362283,0.018815397918,0.588308148236
C001837,1,0.0292225933886,0.412325777647,0.052738961586,0.0253704248327,0.0258945142432,0.0158379689052,0.0223325801545,0.416277179243
C001838,2,0.0113684125371,0.76517696241,0.0114844239407,0.0101757780053,0.138926283214,0.0116792472075,0.0119875511364,0.0392013415492
C001840,2,0.0104695552636,0.00535257681822,0.00330812862475,0.00305450047988,0.00369317963798,0.00222535402986,0.00374477398753,0.968151931158
C001841,0,0.00846436910077,0.0183752360565,0.00846022699566,0.00850889560842,0.830971792376,0.00850889560842,0.00991199150256,0.106798592751
C001843,4,0.00839550974684,0.00927896295872,0.00895117295031,0.0404093959052,0.00494709343984,0.0451185941717,0.798406256751,0.0844930140763
C001844,0,0.0580252106035,0.0206987658654,0.00294081112976,0.869553134939,0.00295772854795,0.00295772854795,0.0316867854062,0.0111798349603
C001846,3,0.0375869040235,0.0374237592112,0.433224097046,0.01953706361,0.0375869040235,0.143007629571,0.0694214962208,0.222212146294
C001848,4,0.0732855089051,0.0163151923214,0.0199206615466,0.0083852618558,0.757785741407,0.0211121956015,0.0801165598627,0.0230788785002
C001849,1,0.0375937634157,0.0380432750708,0.037928736349,0.0380547180573,0.0383807534239,0.0383807534239,0.038821748002,0.732796252257
C001850,2,0.780827932105,0.00961991763145,0.00896869881244,0.00804028525532,0.00961275159869,0.1162081428,0.010547982307,0.0561742894903
C001851,1,0.452641321349,0.00429847568564,0.00424585327016,0.00421678709862,0.00430389535477,0.00430389535477,0.509214545341,0.0167752265451
C001854,0,0.00396451889408,0.898481961453,0.00400441983742,0.0039853741024,0.0148228304481,0.0039853741024,0.00525288864869,0.0655026325139
C001855,0,0.0349372546758,0.0205701017494,0.0344957966513,0.0204811079726,0.20131730331,0.00859090439767,0.023416208117,0.656191323126
C001856,4,0.803651036722,0.00661239746893,0.00640985455188,0.00523243816134,0.00394618769203,0.00615742637046,0.00828241215584,0.159708246877
C001857,4,0.000777877487956,0.00849334858624,0.000879984172235,0.00892416354122,0.093508972703,0.000866583801855,0.882265972848,0.00428309685907
C001859,2,0.0387703095774,0.00342484402809,0.0250265723226,0.00301999491708,0.914485417617,0.00342484402809,0.00398075460235,0.00786726290707
C001860,1,0.0324741385327,0.0342545203758,0.033835172743,0.0336035446409,0.416673874935,0.0342977096783,0.0374970767594,0.377363962335
C001861,4,0.00238309281302,0.00427144212363,0.95433280852,0.0024653350397,0.00287344181872,0.00423888392884,0.00534865023051,0.0240863455254
C001863,1,0.0123690838087,0.0564932483566,0.012471414325,0.782619438041,0.0125022135383,0.0765939214903,0.0170415212762,0.0299091591636
C001864,2,0.00477614258016,0.0164521594053,0.0320981117093,0.00722646853821,0.00350646182871,0.035685042163,0.00953366160163,0.890721952174
C001865,1,0.00334098502589,0.00556019592236,0.00227839136784,0.927574895703,0.0203771361413,0.0059098184379,0.0093186246582,0.0256399527439
C001866,0,0.0532361511812,0.0938249569046,0.046079252457,0.057129361762,0.046147397916,0.057129361762,0.0628114314189,0.583642086598
C001867,3,0.0756174920845,0.0102936339712,0.0102952216035,0.0299023865165,0.0103385079501,0.0692366185862,0.0667371249941,0.727579014294
C001869,1,0.0514179810884,0.784633537,0.020776596077,0.0115912093531,0.00822827803402,0.00786081174159,0.0100601443962,0.10543144231
C001870,3,0.0997673172513,0.0175768225526,0.0130145913331,0.0154489637017,0.0416661571005,0.462054699431,0.0435273234514,0.306944125178
C001871,4,0.0185643606882,0.024827396758,0.0241610673982,0.0242567186051,0.038648931216,0.0246091861022,0.172243618418,0.672688720814
C001873,2,0.19688439658,0.0362411024853,0.0387493637062,0.0325634695261,0.0362141058998,0.0362411024853,0.0416496667355,0.581456792582
C001875,1,0.00522399971001,0.00305895549405,0.726684469549,0.00522541523449,0.21877713203,0.00308310841855,0.00689344967604,0.0310534698882
C001879,1,0.648677530645,0.00741163395117,0.236469174193,0.00982038954827,0.010023254191,0.00828588454552,0.037531575471,0.0417805574549
C001880,1,0.000421859209517,0.000425862781113,7.50254148421e-05,0.000149212305817,9.98034691588e-05,0.000662045971019,0.0004802671913,0.997685923657
C001881,3,0.00099935707064,0.00164519750465,0.140296830905,0.00151379689439,0.00165236956443,0.00164404729838,0.846043027354,0.00620537340842
C001882,3,0.054068076191,0.0101306990037,0.0199179536526,0.0175044603444,0.0215603212926,0.125904322918,0.125886160318,0.62502800628
C001883,1,0.0873492952919,0.00444160292794,0.245356813728,0.454601150536,0.00319522472035,0.162905222699,0.00542792537126,0.0367227647251
C001884,1,0.0078802262489,0.00792815440919,0.524506787245,0.323387993277,0.034466991504,0.00792474697366,0.0111352567632,0.0827698435785
C001886,4,0.00235769141289,0.959243733641,0.00261508020956,0.00256844956731,0.00954872388597,0.00259578874676,0.00324697204937,0.0178235604868
C001887,1,0.00658980077072,0.610762358099,0.0460531066066,0.0112093881049,0.22606284066,0.0122924123707,0.00332503969164,0.0837050536954
C001888,2,0.0462541583698,0.0548929910568,0.124801134581,0.137677479923,0.029374421194,0.0548929910568,0.0560996020815,0.496007221737
C001891,1,0.00716415893204,0.748074494457,0.0462667812413,0.139783935414,0.00724126751635,0.00724126751635,0.00964461495917,0.0345834799633
C001893,1,0.0076930661279,0.00811483544557,0.0080293765325,0.816274531242,0.00812506691515,0.00812506691515,0.00977920936888,0.133858847453
C001894,4,0.898111917506,0.00903242564765,0.0087895634753,0.00765839985376,0.00893791308768,0.00895229619461,0.0130549751484,0.0454625090868
C001895,4,0.0448414301977,0.0326829980207,0.321604216041,0.0319317524059,0.032612824436,0.0182608788785,0.0556106904225,0.462455209598
C001896,0,0.476386707256,0.2539317352,0.00970489155981,0.0120916864716,0.0120916864716,0.0417214486419,0.13182682048,0.0622450239188
C001897,4,0.0536713473144,0.0633147804314,0.133160622447,0.0615974522373,0.0605651759699,0.0602328561087,0.328816150124,0.238641615368
C001898,0,0.00422568820831,0.68651209375,0.00588073221029,0.00585276239894,0.0457029693554,0.00585276239894,0.21629351494,0.0296794767381
C001899,4,0.00405747620939,0.0132971870396,0.0273126829546,0.00615827668984,0.00558435233823,0.0577630501014,0.851904006634,0.033922968033
C001900,2,0.00269145597969,0.753382609771,0.140758564741,0.00236320789965,0.0865287384169,0.00276504565895,0.00304412232176,0.00846625521178
C001902,4,0.452497027006,0.0356343789684,0.0733780629611,0.0219154352933,0.055245196075,0.0353627631959,0.0594313234474,0.266535813053
C001903,2,0.00763197256122,0.669904628984,0.0054508609773,0.266152749679,0.00353180705587,0.0055698944522,0.0061740002055,0.0355840860848
C001904,2,0.763191394445,0.00671806937446,0.0478252640735,0.00585325247114,0.00231303217877,0.029166113827,0.0128406944763,0.132092179154
C001907,4,0.0366904614008,0.0511119928061,0.0510993623958,0.0499371415751,0.0980840507471,0.165595769809,0.0326750507391,0.514806170527
C001909,2,0.00172034560822,0.00197967479456,0.974720922237,0.00165436808995,0.00178587704798,0.0017872083685,0.0018631599899,0.0144884438634
C001910,2,0.0475451535218,0.0479779656379,0.0463898633326,0.279903426803,0.0282272273644,0.0430990939889,0.0231692112915,0.483688058059
C001911,3,0.773836432543,0.14494666379,0.00112836312958,0.00105537239606,0.00114913746873,0.00114334976364,0.0744247046678,0.0023159762408
C001914,4,0.0193065372471,0.0215920199173,0.29217048923,0.17035352544,0.0215456597445,0.0214274391574,0.346288157157,0.107316172107
C001917,1,0.121398841588,0.0404377774077,0.374916717469,0.0265754169024,0.153542195547,0.0454210675101,0.049164701369,0.188543282206
C001920,0,0.0032632234381,0.0032753931102,0.658781382608,0.0273690861094,0.281422647489,0.00313209841038,0.00368630850962,0.0190698603248
C001921,4,0.00112189760217,0.00123794300762,0.00122121973792,0.00223187674244,0.000875056987304,0.000321207915281,0.0015540037069,0.9914367943
C001922,0,0.0035416165495,0.00355482444436,0.10824785826,0.830638712968,0.03258937171,0.00356024709532,0.00409964101584,0.0137677279574
C001923,2,0.00255166801833,0.00266266186453,0.0025125284066,0.002319897469,0.962068971039,0.00266266186453,0.00700607923398,0.0182155321043
C001926,2,0.0405008372618,0.0441025571912,0.249570950327,0.0368860170973,0.210096933953,0.033999409615,0.119519419565,0.26532387499
C001928,0,0.0313029347139,0.058583230995,0.0312876163784,0.0120998050772,0.0314676026704,0.0314676026704,0.0359215491856,0.767869658309
C001929,3,0.0164140479332,0.0164134201939,0.0229507337924,0.020497661445,0.583649581286,0.022158924638,0.0278705616246,0.290045069087
C001930,0,0.106877739123,0.00116865828404,0.85366835065,0.00417571174153,0.00417571174153,0.00417571174153,0.00495764864642,0.0208004680723
C001931,0,0.0235799498936,0.0238069891019,0.014692696599,0.0237039913676,0.0237039913676,0.0237039913676,0.204708098919,0.662100291384
C001932,3,0.121381057917,0.0181594805936,0.0182269634493,0.0117644588455,0.0183035988719,0.197845134872,0.0233287161315,0.590990589319
C001933,4,0.00567257135876,0.0565115695893,0.00254484283626,0.143363001851,0.00636913485912,0.40232233792,0.228690558868,0.154525982718
C001934,0,0.0112498155516,0.00192508220823,0.0018964884565,0.00296952913448,0.00319502911178,0.00296952913448,0.0033087792357,0.972485747167
C001935,3,0.00682157499902,0.00679196616047,0.00667156977124,0.00620483743671,0.40897265036,0.00678721769592,0.510232330897,0.0475178526797
C001936,3,0.741765588241,0.0948770916683,0.0104860857216,0.00934542743864,0.0106279071172,0.0103749867668,0.0127379057939,0.109785007252
C001937,4,0.0104922145069,0.00771963115542,0.766485388609,0.00754622131515,0.168182677775,0.00766488548794,0.0127329923952,0.0191759887556
C001939,2,0.038570760294,0.0251018764322,0.024683148283,0.0219996171578,0.0250831776371,0.0251018764322,0.0269634430423,0.812496100721
C001940,3,0.00478976697754,0.00476897713984,0.00468444084882,0.598716713467,0.00478976697754,0.00476564300679,0.333694608194,0.0437900833879
C001942,0,0.0222867101915,0.20875937464,0.0841132498889,0.022322979496,0.359565088392,0.112262397776,0.0235518643451,0.16713833527
C001943,2,0.00285143647299,0.849783948397,0.10759639566,0.00262625261367,0.00291889801368,0.00226370215755,0.00250923891253,0.0294501277723
C001947,4,0.0176388005284,0.0192397538733,0.427182500254,0.0188920117775,0.430125849054,0.0190931027807,0.0206069642324,0.0472210174991
C001948,4,0.00129101504511,0.00788519913191,0.014390097924,0.00188965697582,0.000828133710973,0.0046803910551,0.00230640819899,0.966729097958
C001949,4,0.432115334726,0.084240270056,0.342589619458,0.0260249041429,0.0139089117672,0.0138325938575,0.0212173969349,0.0660709690569
C001950,3,0.00197342663228,0.665126440923,0.0413105892936,0.0018178371669,0.00197342663228,0.279360294637,0.00274634641498,0.0056916382997
C001951,3,0.0532300417292,0.00810334211058,0.00804714668375,0.00746494688503,0.843169574584,0.00636275111116,0.0107821329116,0.0628400639842
C001952,4,0.0050270243136,0.00580757826719,0.00572941467234,0.173857353846,0.00579510883017,0.0140316353081,0.00880946449051,0.780942420272
C001953,2,0.0139045969622,0.199530648893,0.0654320218291,0.0253667496204,0.0287584230808,0.0296188092361,0.0323616091665,0.605027141212
C001954,2,0.00331226436803,0.00921886369852,0.00906508245649,0.00790860596526,0.00921199641735,0.00921886369852,0.714509726081,0.237554597315
C001955,2,0.0202438190068,0.00869210024415,0.00820199855917,0.00757316639613,0.344458298364,0.434779429242,0.0107512976796,0.165299890508
C001956,2,0.00258673102371,0.0185964673217,0.00313136777861,0.00272002642034,0.0010511583726,0.0027247604946,0.00290003758574,0.966289451003
C001958,3,0.356340373483,0.102510698088,0.00836729047373,0.00718457356739,0.386764905139,0.0765946865334,0.00857933281826,0.0536581398968
C001960,3,0.0264657295243,0.0264632776793,0.0628280321408,0.668362357099,0.0265786414632,0.0264447764187,0.0302088787814,0.132648306893
C001962,0,0.0013912227901,0.00162231148085,0.0381334987536,0.00147661025238,0.00262580251192,0.00130180439343,0.00275817132707,0.950690578491
C001964,3,0.0165130709268,0.0159937907255,0.015470744926,0.0147002949292,0.0160635139185,0.0159826089931,0.804984539774,0.100291435807
C001965,1,0.584469525239,0.00959384519677,0.0105561793528,0.265874714407,0.0106088640065,0.0106088640065,0.0138209216518,0.0944670861401
C001966,4,0.0107883413788,0.0113805810205,0.011856925171,0.0121128484958,0.652028672298,0.012226372888,0.0174649360188,0.27214132273
C001968,4,0.00644000445936,0.0112985265144,0.00692284205997,0.00872555803694,0.0704051527742,0.0131967902112,0.0135831549747,0.869427970969
C001970,1,0.0295080153993,0.0123575584915,0.0123426580964,0.466419567802,0.0595770288181,0.22604698301,0.106392882888,0.087355305495
C001973,2,0.0116027117461,0.0118432048663,0.0115060625496,0.854347508322,0.0118343826707,0.0118432048663,0.0133962356935,0.0736266892858
C001974,2,0.00957287533445,0.00981756413051,0.00949259628286,0.0965752503301,0.00981025086766,0.795452608798,0.0104328718315,0.0588459824245
C001975,0,0.00534477920917,0.036738191043,0.00579753133255,0.0107238924922,0.00571469796954,0.00614532359346,0.00623306762754,0.923302516733
C001978,0,0.00256320600076,0.00258788579285,0.922613137203,0.00641957155862,0.00257668965327,0.0514023040273,0.00282983111848,0.00900737464593
C001980,3,0.035860006301,0.0247860533696,0.104449692431,0.414207219108,0.0942930864946,0.166578926199,0.0374265066001,0.122398509496
C001982,3,0.00235927213374,0.00234903178489,0.0261194520178,0.0382486907197,0.00813229444437,0.90904910885,0.00255320064832,0.0111889494012
C001983,2,0.00317441719093,0.00332391522395,0.00319151704767,0.0028413962394,0.658390925457,0.313573953597,0.00382145264847,0.0116824225957
C001984,0,0.0150344240727,0.783875972526,0.0151857381966,0.0151135121171,0.0151135121171,0.0151135121171,0.0174452800746,0.123118048779
C001987,2,0.00578021123914,0.00836451255993,0.00779827819082,0.0675623348689,0.0026271998444,0.00638040624706,0.0098795512577,0.891607505792
C001988,1,0.119910968782,0.0180215644655,0.638322079712,0.0180635532427,0.0279360117518,0.0278970034683,0.0475213938555,0.102327424723
C001989,4,0.753372919374,0.0600752989088,0.0114812841008,0.012172767979,0.00699387615697,0.0122868539502,0.0155095037851,0.128107495745
C001990,2,0.0105428542527,0.234456448098,0.00962088753929,0.00740385846968,0.0124434123166,0.0731283331762,0.449095085293,0.203309120855
C001993,1,0.000224338538757,0.000687852731277,0.000688213345262,0.00372279377703,0.000531454706895,0.000544525715184,0.000758130484715,0.992842690701
C001994,3,0.00186033950012,0.00185226475317,0.00180022206425,0.965318579694,0.00186033950012,0.00185096978006,0.002009735811,0.0234475488978
C001995,0,0.0145561634432,0.00760453035888,0.0193275910995,0.00303162323175,0.0575577239149,0.00696116144952,0.0131252166296,0.877835989873
C001996,4,0.0185374624065,0.0012148044487,0.261930663664,0.00129677299549,0.000933773949521,0.0012745011183,0.69164438579,0.0231676356274
C001997,2,0.196349271902,0.00553535874681,0.00516064350246,0.00482279215315,0.710620832919,0.00373189887524,0.0068242972457,0.0669549046552
C002000,1,0.947275378247,0.00308939378883,0.00301186709395,0.00303068269405,0.00309328900504,0.00309328900504,0.00343723449871,0.0339688656678
C002002,4,0.00799837260708,0.00209923284508,0.00417023438686,0.0384114484316,0.00962183057004,0.00267843767143,0.00480370306553,0.930216740422
C002003,1,0.0271691982129,0.0473020872885,0.0271103968156,0.0267697004402,0.134957229414,0.0273226953788,0.0320802272579,0.677288465192
C002004,3,0.00177699820332,0.00176928519674,0.0166329678455,0.00810328198149,0.962069000261,0.0017680482371,0.00190151619144,0.0059789020833
C002005,1,0.00267573829633,0.00345193190751,0.0679056500152,0.00338633110838,0.0125655002722,0.859970981052,0.0155965682298,0.0344472991186
C002008,1,0.00387462078255,0.0530126510666,0.214933313541,0.00383705968791,0.70324463528,0.00391632372718,0.00738987598002,0.00979151993509
C002009,1,0.0232378774978,0.00635018685151,0.0174904101677,0.00621898888108,0.789870403894,0.00404526340299,0.00682660168787,0.145960267617
C002010,0,0.00294206709845,0.00295303906912,0.600665966572,0.00295754373607,0.211257764857,0.157712294723,0.00281486620558,0.018696457738
C002012,4,0.0361664128018,0.0421760013206,0.0241848493128,0.0412065512103,0.0444868055024,0.0418053119166,0.0523583138025,0.717615754133
C002013,4,0.917480540096,0.00442442824745,0.0142010329203,0.00432272912191,0.0136328581216,0.0284349094826,0.00546917693617,0.012034325074
C002014,3,0.0255878720774,0.329184665358,0.420440769888,0.0179384531024,0.0255878720774,0.0449082165818,0.0287114051376,0.107640745778
C002015,1,0.498410189353,0.00809153394018,0.319829727274,0.00641514358627,0.0145047697458,0.00808805628589,0.118428415374,0.0262321644407
C002017,1,0.0249882508059,0.0197199476728,0.0417076362361,0.0301451382231,0.0180904633593,0.0390795422275,0.519115493925,0.307153527551
C002019,1,0.326017297538,0.00651385561792,0.0105686017247,0.0106406054951,0.00670360354185,0.559296409456,0.0117335188129,0.0685261078142
C002020,2,0.0238386082154,0.382288397124,0.029225212701,0.0426193499667,0.324578762989,0.0298634198827,0.0310709554193,0.136515293701
C002021,1,0.518885730544,0.00665898507277,0.00531528484849,0.234166424533,0.00666738095505,0.00666738095505,0.0608606739673,0.160778139124
C002022,4,0.643071845249,0.0257226195997,0.0253751348591,0.0251313640128,0.0419945003095,0.0254965407341,0.164449735081,0.0487582601549
C002024,4,0.00300813807308,0.0306223864352,0.00339824958195,0.53195253434,0.334693193409,0.0611422000326,0.00434009883509,0.0308431992927
C002025,0,0.00358943677979,0.475131489416,0.00358768026087,0.016383470871,0.0118069104658,0.462591011246,0.00407836567993,0.0228316352811
C002026,4,0.0043733665322,0.00497958119647,0.00515320301977,0.00124088246982,0.00496888954993,0.0032588832206,0.0151622645011,0.96086292951
C002028,2,0.0185388028268,0.0190790153465,0.0264919398607,0.109401940806,0.079583664389,0.059500058481,0.0203516497211,0.667052928569
C002029,4,0.0242780795647,0.715319292759,0.0117095657807,0.0100733654334,0.013893844192,0.0266478263643,0.0143325563671,0.183745469539
C002031,4,0.00066595140998,0.00182830822605,0.00182794911115,0.00170114947554,0.00182438266996,0.0021544241279,0.0365659273558,0.953431907624
C002033,4,0.00124368294684,0.0856890063919,0.901218192613,0.00136273339448,0.00139179912153,0.00138427714968,0.0022004479164,0.005509860466
C002034,0,0.0310358127724,0.0275310977363,0.0126210914571,0.0311990755435,0.198696027096,0.021350505329,0.0373460137495,0.640220376316
C002035,1,0.00230000934925,0.0169188939572,0.00404128198191,0.00205573083352,0.00141877915075,0.0114033388785,0.0924977534122,0.869364212437
C002037,3,0.00694233324753,0.0313297361261,0.00685683385745,0.00503912835836,0.855879730114,0.00690736773771,0.00785547445029,0.0791893961089
C002039,0,0.00848232847672,0.00324366613988,0.00323003293315,0.00324861413931,0.950039629605,0.00324861413931,0.00393476212606,0.0245723524403
C002040,4,0.00358593404543,0.126002136256,0.00466046468769,0.00454711142633,0.809189359109,0.00459551194657,0.00779608962245,0.0396233929061
C002041,1,0.169749232922,0.00175340180206,0.00127820962707,0.765636597267,0.0367835122868,0.00175561255264,0.00185314919654,0.0211902843457
C002042,1,0.0809362238062,0.00729562671766,0.16071224369,0.00715698002484,0.0073048253001,0.70757572759,0.010919801347,0.0180985715241
C002044,4,0.000901152092779,0.000973840208152,0.00102778345578,0.9741266429,0.00101952942543,0.00101265914123,0.00152732151445,0.0194110712625
C002045,2,0.138659483809,0.0318129962782,0.03075996512,0.456141623217,0.0227394035594,0.0318129962782,0.0329364213222,0.255137110416
C002046,1,0.0144450154671,0.0163017099019,0.0152133861752,0.0133243425316,0.0151893656918,0.0151893656918,0.0179537268268,0.892383087714
C002049,1,0.00294128955696,0.77799634893,0.00295573091409,0.00289804063154,0.00137715630952,0.00295790688985,0.192239358501,0.0166341682667
C002050,2,0.259661088903,0.0447407970681,0.0424204141297,0.0403757480284,0.0303961193864,0.0447407970681,0.0563179191938,0.481347116223
C002051,2,0.00529819197663,0.00275998080713,0.00772130938605,0.0048666629579,0.0117244202676,0.00498298327774,0.00637003456093,0.956276416766
C002053,4,0.00873811718169,0.0168138741476,0.00972953297603,0.00980676247535,0.373719367845,0.0416834760066,0.0141829843921,0.525325884976
C002055,2,0.00717890786041,0.30085842638,0.0110444100259,0.116709703919,0.43276014353,0.0260939260356,0.0151132537126,0.0902412285369
C002056,3,0.00219275156354,0.00218323399215,0.00216570829716,0.00196075184674,0.962277268647,0.00218170762865,0.00233045961949,0.0247081184048
C002057,4,0.00479838089986,0.00542200056189,0.00469706134844,0.0247564637195,0.894705211586,0.0053806724705,0.0070503882833,0.0531898211301
C002059,3,0.00800322174041,0.0207203597743,0.0116728938706,0.0105256758825,0.00879469684756,0.864572511329,0.0137254204361,0.0619852201195
C002061,0,0.0010003198156,0.00101611144821,0.106184439739,0.00100558196182,0.067493734545,0.818895766824,0.00109869036377,0.00330535530256
C002062,4,0.00471118594897,0.390974870044,0.0234436432134,0.0186532721959,0.178917768428,0.123242358967,0.0338533336308,0.226203567572
C002064,4,0.933682444175,0.00378661621195,0.00350498844646,0.00341973903506,0.00347520793289,0.00378580040147,0.0379893446601,0.0103558591367
C002065,1,0.0124138198753,0.00655832998095,0.921919988684,0.00496273717901,0.00200792540647,0.00506525489482,0.00251630865681,0.0445556353221
C002066,4,0.00402739334169,0.00633577158063,0.0310684698157,0.00606134875625,0.00194612473458,0.0101477052684,0.00746162309955,0.932951563403
C002067,3,0.659059712129,0.00690083889945,0.172386505937,0.0407309364339,0.00693092235688,0.00682877832064,0.00717155518974,0.0999907507335
C002068,1,0.004741989961,0.00239108314205,0.00478950251219,0.00469602047297,0.0047930284899,0.00606519873509,0.00607632068579,0.966446856001
C002069,2,0.920972054893,0.00156611836717,0.032868961728,0.00136451198876,0.00125883270667,0.0367176100672,0.00174438700969,0.00350752323972
C002072,3,0.119356695137,0.850676640045,0.00321117007574,0.00293318506461,0.00319817340556,0.00318206559863,0.00409076420132,0.013351306473
C002073,2,0.00502007827902,0.0101052059716,0.854077598667,0.0103863780631,0.0321222419631,0.00911470149719,0.0280309677609,0.0511428277978
C002074,2,0.00662319337375,0.00680428445594,0.400366998922,0.230549229819,0.316297043965,0.00680428445594,0.00731097055021,0.0252439944585
C002075,1,0.0141296923545,0.0141916272355,0.0140421724442,0.0139219283792,0.0142095205377,0.028724463549,0.786395247449,0.114385348051
C002076,1,0.00349215867364,0.0779382309787,0.00293447585233,0.0019891886641,0.00203028031792,0.00203028031792,0.884856111693,0.0247292735021
C002078,1,0.167315597202,0.0112484481203,0.633106238518,0.0105365571211,0.0828783369283,0.0112626305588,0.0142827469305,0.0693694446205
C002079,4,0.0101741254569,0.402411815526,0.205407496545,0.0112585263567,0.0218051980025,0.0113783647511,0.282472352314,0.0550921210484
C002080,4,0.15869272336,0.016406429606,0.0143696551249,0.0947071036405,0.00976558694806,0.629201861226,0.0174456182189,0.0594110218753
C002081,4,0.0018213336746,0.00204941929486,0.946368931643,0.00200231170524,0.0378193320486,0.00203379801505,0.00268725958713,0.00521761403111
C002082,2,0.0274000998234,0.0280481111161,0.0230651266461,0.0246964716249,0.0162969794584,0.0280481111161,0.0768462089251,0.77559889129
C002083,0,0.00194733853673,0.00202105206415,0.938580955722,0.00175873785321,0.00108836080444,0.00174664009587,0.0315851711913,0.0212717437325
C002084,0,0.0317841188844,0.0125791533028,0.0221979051791,0.544245867931,0.198922448711,0.116934390984,0.0124804722862,0.060855642721
C002085,1,0.0088189521882,0.0141137854069,0.00873181505989,0.00879343826526,0.00886877641033,0.0108239561392,0.124447927709,0.815401348821
C002086,2,0.198324134307,0.705791540894,0.0700117162755,0.00308200140519,0.00375080200044,0.00375359811659,0.0040491582944,0.0112370487073
C002088,4,0.0836953766888,0.0298615442943,0.199138132888,0.108924421386,0.0985341036645,0.0465714247154,0.273962409904,0.159312586459
C002089,0,0.00278685516504,0.00279724829753,0.0027854913957,0.00280151531588,0.962293437097,0.00212054152012,0.00319639276385,0.0212185184453
C002091,1,0.00211560371926,0.587346263953,0.293851570077,0.0239735497146,0.0837623888915,0.00215989188935,0.00275773268409,0.00403299907144
C002094,2,0.00774545012662,0.0079711491196,0.00752169806578,0.401668631597,0.199090742894,0.0079711491196,0.343861310861,0.0241698682165
C002095,2,0.0535026771977,0.0554234128288,0.0872406466366,0.0488505418343,0.0889106600458,0.040297688533,0.0573056660687,0.568468706855
C002096,2,0.702049753198,0.0123989934038,0.151222986498,0.0126833229328,0.0280917528028,0.0193305068996,0.014314886197,0.0599077980679
C002097,1,0.0291222647055,0.0271832520007,0.0289418801699,0.0286940489077,0.613457827193,0.0292867960642,0.0456459713015,0.197667959658
C002098,2,0.00241687651664,0.00247590123297,0.00243460035478,0.00216525480211,0.00266381902116,0.972018313314,0.0026627139505,0.0131625208079
C002100,1,0.00310777249857,0.0031372662003,0.00310422703872,0.936728494823,0.00314122177573,0.0173560522519,0.00465686786366,0.0287680975485
C002101,2,0.0125194524499,0.0129943447636,0.0282053045535,0.130254626346,0.585996195423,0.0129943447636,0.0129637021975,0.204072029503
C002103,3,0.0218275399741,0.00114078586914,0.0114856974244,0.00111812630348,0.0066447177612,0.0012316232728,0.954266407447,0.00228510194835
C002104,3,0.0454558163096,0.0452585167232,0.0440345703245,0.0412193769619,0.301711558881,0.0452268751547,0.0513235704074,0.425769715238
C002108,1,0.00653192257892,0.104814266541,0.776589385862,0.0064358767368,0.00656882582487,0.00656882582487,0.00937748552439,0.0831134111063
C002111,0,0.015929313164,0.0161807826013,0.0159215180302,0.0277820941953,0.398746804819,0.0174598064767,0.0172266318704,0.490753048843
C002113,4,0.0127207058106,0.0492635137242,0.716776050914,0.00725270286292,0.0111718314171,0.00736675146416,0.158012134935,0.0374363088712
C002115,4,0.0364865910323,0.0452814552696,0.0423707885961,0.0444630316941,0.0471865701625,0.0448797494172,0.0532768642597,0.686054949569
C002116,3,0.116478014931,0.0090130761387,0.555555166855,0.0198173087487,0.00773825055784,0.0327288916944,0.0100958786646,0.24857341241
C002117,4,0.707650128985,0.003650910747,0.00479353982404,0.00468427644702,0.00474431355293,0.253786772975,0.00705887526714,0.0136311822019
C002118,4,0.0139067425749,0.0159110130992,0.0157930755392,0.0155452853649,0.764978488326,0.0157711694967,0.0199633900916,0.138130835508
C002119,1,0.0252629562067,0.00260818696692,0.921646783785,0.0358983766037,0.00260706599621,0.00260706599621,0.00313503047603,0.00623453396963
C002121,4,0.478989189832,0.00521959524237,0.00542695490141,0.434419243518,0.00548945935224,0.0387594030983,0.00674071142923,0.024955442626
C002122,0,0.330501131063,0.0437048171302,0.0450556596521,0.179427172681,0.0437714859551,0.0437714859551,0.160559498408,0.153208749156
C002123,4,0.012971016698,0.00946275468637,0.0152870263677,0.63173960264,0.0165318229819,0.153134318782,0.0222877643467,0.138585693498
C002124,1,0.0223485034352,0.0224464639476,0.0223001353083,0.0220198894924,0.0175221959456,0.0195552652274,0.0267000605511,0.847107486092
C002125,2,0.0831700558776,0.125124686874,0.0390320322247,0.0551734986885,0.184738252354,0.0626612758855,0.0731744590896,0.376925739005
C002126,3,0.35255681914,0.0142533744596,0.0140414937896,0.29857251207,0.0405401668321,0.0141045365533,0.0145258802933,0.251405216862
C002127,3,0.0177754131698,0.00420102239046,0.00417188894859,0.941886122364,0.00421933629115,0.00419808533138,0.00523793521349,0.0183101962909
C002128,3,0.0393457547037,0.0390359553869,0.0378448621321,0.0358764227288,0.0393457547037,0.0391475872687,0.0432324470928,0.726171215983
C002129,2,0.00768120552411,0.00789132581908,0.00763011772994,0.0067129368758,0.802249900389,0.00653234711526,0.00899387926993,0.152308287277
C002130,2,0.030064415007,0.0221943559486,0.0471569271061,0.165866943156,0.0225590065363,0.0221943559486,0.158829504635,0.531134491663
C002133,4,0.0863309665925,0.76885208121,0.0110913024261,0.00979038293894,0.0414825254248,0.00884757557611,0.0145296595293,0.059075506302
C002134,2,0.00475668929492,0.0118515357976,0.0116538385592,0.207015031592,0.0118427073963,0.525835987243,0.0131208767238,0.213923333392
C002136,1,0.00587005361621,0.00589578390553,0.00583369425656,0.00578373994116,0.00590321751698,0.149030264003,0.779367446385,0.0423158003754
C002137,3,0.00507312903768,0.0060670907516,0.00616865668017,0.893775710511,0.00609353957456,0.00600373641489,0.00624396981695,0.0705741672132
C002138,4,0.10386324458,0.00701533912741,0.00692092040414,0.00688854287279,0.364979074004,0.472260903661,0.0126133100345,0.0254586653164
C002139,3,0.0197737391021,0.0196180452817,0.0193911727999,0.0181711263084,0.0126941630995,0.119839747454,0.0272980985676,0.763213907386
C002140,1,0.615255945955,0.0218294877274,0.119825731919,0.0372218134109,0.0396876817695,0.0643585989837,0.0289765692518,0.0728441709825
C002142,3,0.011133902885,0.138189721458,0.0110993025762,0.774530666285,0.00619191444879,0.011077826264,0.0138433697098,0.0339332963735
C002143,1,0.0111766978498,0.0180174083077,0.38918234806,0.0316116563286,0.389502867288,0.0681137433895,0.0244631618228,0.0679321169527
C002144,2,0.000558476919408,0.000580182620988,0.000550092726686,0.992015766915,0.000579750433538,0.000580182620988,0.000604838845493,0.00453070891742
C002145,0,0.781338717648,0.0123864168354,0.00538249138233,0.00722308977837,0.046656526422,0.0588204737281,0.0514139810971,0.0367783031091
C002146,0,0.0289225674615,0.0438996476941,0.0361501018789,0.0434447362339,0.25381686521,0.0227232046377,0.0516387652071,0.519404111677
C002147,1,0.0147668184235,0.0148315460283,0.636269830676,0.115643538052,0.150641498665,0.0148502461626,0.0187116891872,0.0342848328052
C002148,4,0.0119586527485,0.0134398761023,0.0132583179277,0.0131969618367,0.434838732182,0.359373169121,0.0192064339107,0.134727856171
C002149,0,0.0156275963297,0.0474798789884,0.0157848804423,0.7253625215,0.0157098047353,0.0157098047353,0.0187192786826,0.145606234586
C002150,2,0.0344527399518,0.0388027186566,0.0298844174644,0.0267871524821,0.0309554626342,0.0303913806229,0.0336716326589,0.775054495529
C002151,0,0.00377448458396,0.00378856092306,0.00381247292492,0.00379434012365,0.935939326438,0.0272698628212,0.00423423444777,0.0173867177374
C002153,3,0.00488925836574,0.00485076148309,0.00473638818571,0.00437406101034,0.00488925836574,0.896409047145,0.00549319588236,0.0743580295624
C002154,3,0.0149175895085,0.825933750973,0.0148520119451,0.0100970628124,0.0111914594287,0.0116966341667,0.0576108585555,0.0537006326099
C002156,1,0.00795521616777,0.0175947268964,0.0174094333996,0.00546079783014,0.0176169109461,0.604084718862,0.0434380317659,0.286440164132
C002157,0,0.0164052709713,0.0201942052753,0.361622780638,0.0199849421971,0.0199849421971,0.0199849421971,0.445297487583,0.0965254289415
C002158,1,0.0267170241582,0.0219969615858,0.0218013970395,0.0222005652059,0.022390769464,0.022390769464,0.0261929387077,0.836309574375
C002160,0,0.00921042295433,0.0111517354413,0.538502247427,0.0092588740513,0.0092588740513,0.0092588740513,0.355809422579,0.0575495494443
C002162,2,0.104777837311,0.16970207784,0.5512120088,0.0218557439731,0.0250662396854,0.0250849258538,0.0275981456856,0.074703020851
C002163,2,0.0214651898911,0.107468742647,0.0216601587989,0.0198043783421,0.02201119584,0.0220276045601,0.0205269554822,0.765035774439
C002165,2,0.211490002454,0.00565315770384,0.0051312541558,0.00479532683601,0.00549973553812,0.74305210103,0.00623742364706,0.0181409986355
C002166,1,0.00696277974856,0.740118536395,0.00723154005336,0.0069646664227,0.00710853898078,0.00710853898078,0.167522764627,0.0569826347914
C002167,1,0.0439052857178,0.0112850760907,0.0076648034377,0.0135888271929,0.011299304711,0.174903246928,0.0122508951161,0.725102560806
C002168,2,0.00443996194209,0.010675058421,0.00988643518784,0.0441335247076,0.00251230133691,0.0116048114317,0.0483817185228,0.86836618845
C002169,0,0.0148260460645,0.18154449935,0.0154697625729,0.0140529558103,0.106544539979,0.0132224753403,0.487867476046,0.166472244836
C002171,0,0.016679659362,0.171097536099,0.0120393914184,0.0292428097413,0.25857060518,0.0292428097413,0.0320465721774,0.45108061628
C002172,4,0.0126246285005,0.00932168133903,0.00925693192369,0.237783233035,0.67450848743,0.00923975208087,0.0147504201943,0.0325148654971
C002173,4,0.662257646064,0.00568225814919,0.00560549699386,0.0055516467679,0.289549260276,0.00563231617221,0.00715100718976,0.0185703683867
C002174,2,0.00232180006841,0.00237850283725,0.0022174904598,0.00213713985908,0.965395263392,0.00237850283725,0.00264782290576,0.0205234776407
C002175,3,0.0144539638998,0.0285709452508,0.0300385568142,0.027305182945,0.126494908007,0.0103998991945,0.447703660026,0.315032883862
C002176,2,0.00107168532292,0.00111636303667,0.00107941068388,0.00787726115605,0.0741041214224,0.00111636303667,0.910338319145,0.00329647619605
C002177,0,0.0026504491349,0.00502068154601,0.00505237023966,0.0050283402656,0.91116960469,0.0050283402656,0.00548121988103,0.0605689939773
C002178,0,0.00639258802267,0.00689722233814,0.165675143244,0.776588484854,0.00565598970548,0.00690774359732,0.00757533090023,0.0243074973384
C002183,0,0.00405572698644,0.00409477749535,0.00409654589461,0.81096994152,0.0877057603003,0.00407706199162,0.00434250737136,0.0806576784401
C002184,2,0.332532170106,0.241839449693,0.00281148469091,0.406656777145,0.00290556653907,0.00290773255625,0.00357894403142,0.00676787523781
C002186,0,0.00804085641659,0.505948542466,0.00707030549595,0.0189203011095,0.00727619091684,0.133607545923,0.273875865544,0.0452603921279
C002187,3,0.00365445797104,0.00599443791872,0.00594517421527,0.588711644621,0.355638301932,0.00599024702977,0.00763511675278,0.0264306195586
C002188,2,0.000493871666615,0.00233151532769,0.0015964502045,0.000828126672721,0.00240217335764,0.00371644444028,0.00258445576153,0.986046962569
C002189,4,0.0173446487716,0.294059748529,0.495720265796,0.0196562651346,0.0193268570948,0.019222405186,0.0266644026979,0.10800540679
C002190,4,0.153396580005,0.015518746579,0.0263087801392,0.026766914741,0.289971600526,0.0261739352118,0.0573006737502,0.404562769048
C002191,2,0.0276142019953,0.148954737776,0.447794267253,0.0249508594981,0.0250701033279,0.0177935231774,0.0325436281191,0.275278678854
C002194,0,0.00238813189754,0.00270648160722,0.0125684555027,0.00434218840899,0.015278376818,0.0132742428779,0.00105725818306,0.948384864705
C002195,0,0.049703395529,0.117024000056,0.0217698354076,0.0499648584442,0.0499648584442,0.0499648584442,0.0583241628591,0.603284030816
C002196,4,0.0146035005653,0.249889730101,0.0159092701046,0.0157396421793,0.0380156860673,0.0159884736818,0.597058572401,0.0527951248996
C002197,1,0.00173369166631,0.00115963105364,0.00116023900234,0.000431125357673,0.000652094300609,0.00324295511183,0.00156874397741,0.99005151953
C002198,3,0.000339736178738,0.000467087435613,0.000708331821851,0.000404615529738,0.000823370047882,0.000392979497793,0.000817255808021,0.99604662368
C002199,4,0.0333717985389,0.00420763247098,0.00420659271256,0.00821785749916,0.00253313818257,0.00631924540145,0.0088075888706,0.932336146324
C002200,2,0.0107908526569,0.532068845918,0.280651834003,0.00965880863008,0.011077637645,0.0937520977612,0.0219317497039,0.0400681736826
C002202,3,0.00694035273039,0.0265355015177,0.0134718899012,0.0126241031383,0.00599891176095,0.0139464702187,0.137745666442,0.782737104291
C002205,2,0.0539100826897,0.0250051062094,0.0244707254041,0.0217861995097,0.649000753518,0.0250051062094,0.0203880056604,0.180434020799
C002206,3,0.0907905031752,0.00664992892443,0.0109487086188,0.00607239820852,0.00670270445963,0.00666894585568,0.845686961635,0.0264798491225
C002207,2,0.0134170910375,0.0114275518413,0.011183335148,0.00348109678206,0.00880347884061,0.0416146882686,0.843164303423,0.0669084546593
C002210,3,0.019952442623,0.0081714540534,0.00583843385807,0.581104372592,0.012109207752,0.0050436917152,0.336583399384,0.031196998022
C002211,2,0.222778485942,0.0428881678611,0.0416672638547,0.0378249433948,0.0396913070664,0.0428881678611,0.0490048525591,0.523256811461
C002212,3,0.0160694598967,0.281322864814,0.0162499420065,0.0199863166815,0.552954180104,0.015988525024,0.0181965453472,0.0792321661255
C002215,0,0.0591872587103,0.0144989278416,0.0144379884995,0.0145210450027,0.0708172146934,0.0123914156507,0.74335682215,0.0707893274521
C002216,0,0.0152417615099,0.449309069139,0.0152343028349,0.193043727363,0.0153219402452,0.0153219402452,0.253433660498,0.0430935981648
C002217,1,0.0201021965565,0.13495691079,0.0190231077261,0.0129580566649,0.126977902422,0.0119647980587,0.0267475044613,0.64726952332
C002218,4,0.00156387199094,0.154733503142,0.00172175831671,0.00170165766268,0.0212218617239,0.797674867902,0.0024499116434,0.0189325676183
C002221,3,0.00245258337456,0.0231474075288,0.0271164420697,0.0080268051998,0.00863010010625,0.00257052335457,0.00412847821901,0.923927660147
C002222,0,0.000471243776077,0.000887394037581,0.00085174737668,0.000323035389274,0.00969978881389,0.00026015725898,0.000983216226604,0.986523417121
C002224,0,0.0080948489806,0.0234958447174,0.0157434921154,0.00990616979598,0.0204903425463,0.354090458368,0.489299192937,0.0788796505393
C002225,2,0.894301105312,0.00753454464907,0.00737352489562,0.00433194898374,0.00761470558111,0.00753454464907,0.00526676787089,0.066042858058
C002227,2,0.00813504669706,0.0189898218689,0.0185839929067,0.0248392402273,0.0765150802392,0.0674968646,0.46759839964,0.317841553821
C002232,3,0.13375956071,0.614765023291,0.0179764461905,0.0120366724731,0.115540027916,0.0181089300159,0.0198326328221,0.0679807065813
C002234,2,0.0015464142543,0.00159147608212,0.00101987023739,0.00139179672572,0.000794955030586,0.00159147608212,0.00166736045352,0.990396651134
C002235,4,0.00696077408421,0.319369789375,0.00784766111344,0.00763538156263,0.00773324218565,0.00660002360472,0.610118489432,0.0337346386423
C002236,4,0.0078344563423,0.0115948665446,0.878543951001,0.00867993445866,0.0272370909498,0.00881715747228,0.0120599881853,0.0452325550463
C002238,4,0.0110328276799,0.0139060197905,0.0137181645193,0.00462634092287,0.0138761622097,0.0231119787336,0.100091709633,0.819636796511
C002241,1,0.183295951878,0.0112202717655,0.00639416295421,0.00626936097521,0.00346046808054,0.00639887026485,0.447505084895,0.335455829187
C002242,3,0.0035299611723,0.00351463948333,0.00351600191533,0.0211966088412,0.832717684567,0.118809196445,0.00408778356115,0.0126281240151
C002243,4,0.00812442338326,0.00413606916547,0.00408019534922,0.0388116647504,0.00414203236629,0.0645560607048,0.838106581346,0.0380429729341
C002245,4,0.00171334336312,0.00212714581499,0.00209841037811,0.00169197350679,0.000728982220857,0.00263910859828,0.00696868016926,0.982032355949
C002247,2,0.0183964378557,0.12554507569,0.0754321895661,0.0175167772052,0.0200899011481,0.0201048775978,0.293358752394,0.429555988543
C002248,1,0.00933305446879,0.00551352812657,0.317160659008,0.00272252828401,0.00405425220138,0.291788031458,0.359123875833,0.0103040706207
C002250,2,0.00635128781232,0.0424806650117,0.761837667132,0.0778394943376,0.029460899741,0.0299659273267,0.0272342691897,0.0248297894493
C002251,4,0.0919042744027,0.00349236030469,0.00344518229819,0.00341208552811,0.00348486186647,0.87933009974,0.00477091601668,0.0101602198436
C002252,4,0.00201742323766,0.00439231056034,0.0124102841429,0.00204458706001,0.0073308934938,0.00235218632717,0.00536651171956,0.964085803459
C002254,2,0.00370562270471,0.668564834368,0.00864004173664,0.0140935133006,0.00959552774809,0.113405707536,0.0184967068124,0.163498045794
C002256,3,0.117541827981,0.0285474468885,0.028041406451,0.0260161279633,0.0286718963817,0.577336038487,0.0331656089501,0.160679646897
C002258,4,0.00886734116003,0.00997750698582,0.0096877515526,0.00974816577408,0.00995608430512,0.771176902553,0.0131499230587,0.16743632461
C002261,1,0.00438976874179,0.90370613165,0.00447062382946,0.00444359374075,0.0141820936377,0.0311209924719,0.00623362673242,0.0314531691958
C002262,2,0.0200247335753,0.0101333507377,0.0304744163596,0.13145437858,0.154239068175,0.109127892444,0.0302315419152,0.514314618213
C002264,2,0.048911114994,0.0204901017906,0.0191030275556,0.0208739843174,0.0111173572629,0.723658609701,0.0232797801067,0.132566024272
C002265,2,0.0266369080333,0.116279990729,0.0270034778877,0.0230265918377,0.0275726132154,0.027593167814,0.027351008243,0.72453624224
C002266,0,0.00658937177206,0.0059455982594,0.00658614721154,0.00620090692831,0.865649250498,0.00662403492406,0.00634873730305,0.0960559531035
C002267,2,0.0386775028185,0.0255238985754,0.180358169015,0.0273480775246,0.144578363986,0.0934943205228,0.0356591594164,0.454360508141
C002269,4,0.107982382343,0.509088570483,0.0302024816749,0.0295155464298,0.0198050688721,0.0200216294798,0.0380328571651,0.245351463552
C002270,3,0.0261765631515,0.405320168403,0.0110158607888,0.502419139298,0.00890669090965,0.0109911578731,0.0125526655549,0.0226177540213
C002273,3,0.00334968543027,0.00586004999429,0.00541654107357,0.247104642018,0.705018319602,0.00585595305992,0.00698084380021,0.020413965022
C002274,2,0.00555872705731,0.0048357882433,0.00475512173747,0.0358991470102,0.00483218598616,0.00628504346462,0.00573007822552,0.932103908275
C002275,0,0.002643757992,0.968203022759,0.00266200120861,0.00264934025604,0.00264934025604,0.00264934025604,0.00290408767182,0.015639109601
C002276,3,0.00115113608258,0.00120094396734,0.00116166943209,0.00114402354098,0.00120617935208,0.0042681701858,0.00151965006082,0.988348227378
C002277,0,0.0064266278257,0.00648850651923,0.00649130869104,0.00646043486904,0.0232166994796,0.89172570989,0.00694248159407,0.0522482311312
C002278,0,0.00258544473057,0.00308570927647,0.00156041072411,0.00155298913237,0.00155298913237,0.00181249495308,0.00150298599069,0.98634697606
C002280,3,0.0390944799481,0.0387866591102,0.0376031725635,0.0356473042528,0.0390944799481,0.0388975780746,0.0426931894791,0.728183136624
C002281,2,0.00102749102305,0.000204103257065,0.00617261306889,0.000998888606905,0.00067370592721,0.00353273348246,0.00182515772483,0.98556530691
C002282,1,0.584318060976,0.0487320634371,0.0107492278965,0.304311628104,0.0107757740247,0.00741997919101,0.0140434348748,0.0196498314957
C002285,2,0.0162175239218,0.0187105470303,0.215633186491,0.0332528264733,0.0244250006611,0.0381659250553,0.122178073068,0.5314169173
C002286,2,0.00794232040298,0.0163065981101,0.00729301297569,0.00480007447685,0.0334420868148,0.111434440966,0.0164159370874,0.802365529167
C002287,3,0.0306018121625,0.0322674098801,0.0739678339408,0.0279992982689,0.0638518533633,0.0887535202761,0.0439153211415,0.638642950967
C002288,0,0.0928778969763,0.126208828889,0.00665380613028,0.724315535649,0.00709551148115,0.00709551148115,0.00756429817658,0.0281886112169
C002290,0,0.00648424118233,0.0182289713661,0.00651754054309,0.743185347876,0.0124861998181,0.0125971323278,0.018248107812,0.182252459074
C002291,0,0.367688918514,0.236594485481,0.184154633413,0.0246806132093,0.0246806132093,0.0246806132093,0.0280059946572,0.109514128306
C002292,0,0.0114007495617,0.34633176094,0.0266912950776,0.470878454544,0.0114607227926,0.0114607227926,0.016407372609,0.105368921683
C002293,4,0.0261183754915,0.0362935341003,0.0534645777346,0.0356375595127,0.0362156083425,0.436709705975,0.0442903517537,0.33127028709
C002294,0,0.00559435249291,0.172649434524,0.00559161485285,0.00562378138195,0.20249029172,0.587535837317,0.00642959547901,0.0140850922328
C002295,2,0.00238489602446,0.317301469422,0.00829864504366,0.221716607536,0.38597023805,0.00957347704421,0.00996822182759,0.0447864450526
C002296,4,0.00640955224385,0.00599945018583,0.00276469244418,0.00252500161463,0.00275943827143,0.00833160208253,0.00372761214906,0.967482651009
C002297,3,0.00263997352105,0.0123604579627,0.0026317693989,0.00240198476483,0.00263997352105,0.0240991037287,0.946959937667,0.00626679943541
C002298,2,0.00357701342196,0.0102168974156,0.0872576976641,0.0105716695367,0.0124321221938,0.831366974624,0.0117777508905,0.0327998742529
C002299,2,0.131901351761,0.039849937371,0.0598188626066,0.0539324435636,0.0610796271687,0.0826247892486,0.433690897544,0.137102090737
C002300,0,0.350594394419,0.00582113063864,0.00579666428666,0.288192361205,0.00291245350479,0.318655229842,0.0066336471747,0.0213941189291
C002301,3,0.00342203335076,0.0502749218552,0.00337988876422,0.924660072418,0.00207601236091,0.00340479805875,0.00399345744787,0.00878881574416
C002303,1,0.00658309838211,0.00664557397845,0.00618477287691,0.0065192809416,0.0177958291019,0.873582932729,0.0112947365175,0.0713937754721
C002304,4,0.197888197732,0.0257663843482,0.0175171570444,0.0253006789887,0.0257110614077,0.0610104542781,0.0369504689451,0.609855597256
C002307,0,0.0341324680582,0.0342597596617,0.0344759946527,0.0343120206725,0.0181968863991,0.0343120206725,0.0405832253329,0.76972762455
C002308,2,0.0343990621243,0.078214129134,0.0184867509557,0.0318690297592,0.025554274232,0.0293218947281,0.107876443285,0.674278415782
C002309,0,0.00585184809565,0.141575265422,0.0136884120459,0.545887221604,0.00804490110115,0.211623172728,0.0151649835287,0.0581641954754
C002310,1,0.0201901474695,0.0202786472294,0.0200303937838,0.0198932701423,0.0203042152602,0.0203042152602,0.385834736245,0.49316437461
C002311,2,0.00850199794369,0.0111812335589,0.828882042378,0.00758734645377,0.00869658680566,0.00870306986364,0.00958759323261,0.116860129764
C002312,3,0.0162813788124,0.221539438739,0.033555198197,0.206698377396,0.0336598011856,0.0334902714228,0.0386795941069,0.41609594014
C002313,1,0.00402757534041,0.00565593858717,0.00405070794235,0.00236301972347,0.00407092455078,0.00293530196372,0.00546225087616,0.971434281016
C002314,4,0.00473401075947,0.00671577602062,0.00562897138328,0.0855345928092,0.00670135659444,0.00665675034409,0.00856106359493,0.875467478494
C002315,4,0.48780689608,0.0247043740968,0.0145530662025,0.067650864721,0.0144632463308,0.0156574517368,0.020623542202,0.35454055863
C002316,0,0.001004325812,0.98502767846,0.00101443386001,0.00100960903162,0.00163373848862,0.00100960903162,0.000991393062192,0.00830921225426
C002318,3,0.509280659631,0.0388892838157,0.0383527042368,0.0808594749314,0.0390588174234,0.0384831905361,0.043592378679,0.211483490746
C002319,1,0.0423855151237,0.00829699175255,0.65250195554,0.010227500374,0.0783801015722,0.135658551664,0.0153242405404,0.0572251434329
C002320,4,0.00584841488833,0.313706371708,0.330768947619,0.0173223330082,0.228103013372,0.00646376113925,0.0549407419793,0.0428464162856
C002321,3,0.014705167246,0.00400070205505,0.00496852662735,0.00244267244538,0.00470303938356,0.00467935222193,0.00555400371396,0.958946536307
C002323,0,0.770142625363,0.00536483150474,0.00539869234624,0.17807755414,0.00603319197939,0.00537301520247,0.00621695412071,0.023393135343
C002330,2,0.0233744291481,0.0076370581336,0.0300542853243,0.0265256726443,0.00866773881993,0.0307105974249,0.0340653436006,0.838964874904
C002331,4,0.0109898995389,0.00587617152916,0.00583209561188,0.00574110288918,0.00586355481572,0.92167365762,0.00800007575963,0.0360234422357
C002333,3,0.00250015470907,0.00412447026494,0.00406315878216,0.0037943352855,0.162889058537,0.00412158672572,0.790058472164,0.0284487635314
C002334,2,0.0195515594055,0.0173923837246,0.0181008960046,0.58855642008,0.0317901871827,0.075671255716,0.0215602959859,0.227377001901
C002335,4,0.0463363296547,0.0165426990474,0.0205025955709,0.0205848069755,0.697405188301,0.0131830031876,0.0311362675304,0.154309109732
C002338,1,0.0106764226034,0.0106042725008,0.867609359946,0.0105194357457,0.0107367409314,0.0107367409314,0.0129345280213,0.0661824993199
C002339,0,0.612545412298,0.0941646704659,0.00773577755371,0.0167736417318,0.00737962636251,0.0137505154969,0.00744769878801,0.240202657303
C002341,2,0.823389531402,0.00305063809404,0.00298544331232,0.0646979015619,0.00231651006497,0.00219852641654,0.0907009492764,0.0106604998718
C002342,3,0.329136563014,0.0309592947782,0.367766357523,0.0174929605933,0.0122376049203,0.0251530221319,0.0274139640325,0.189840233006
C002345,1,0.172987580372,0.0408591456172,0.0260475030786,0.0752054882778,0.0683576561875,0.178022931932,0.0819837428171,0.356535951718
C002346,0,0.0578927421656,0.04413106676,0.15345246254,0.290745073144,0.0441983858008,0.0441983858008,0.0492032856798,0.316178598109
C002348,0,0.349098465366,0.00666888817649,0.00452806538702,0.00170719714065,0.362605276817,0.203648721621,0.00755057825872,0.064192807233
C002349,4,0.0393680414241,0.0488574612307,0.0457169308897,0.047974404406,0.0509130284925,0.0484240315189,0.330292780273,0.388453321765
C002351,4,0.000819199950245,0.000790631428713,0.000769373078652,0.000751238743817,0.00263750281129,0.000465698233311,0.00103998691836,0.992726368836
C002352,2,0.57600236627,0.0168497523094,0.173225170687,0.00789177347339,0.10438045906,0.0539693174214,0.0174844836732,0.0501966771057
C002353,2,0.000909760882499,0.000931978971694,0.975745743894,0.000836539728713,0.0133202034838,0.000931978971694,0.00104689735521,0.00627689671209
C002354,4,0.00438144276477,0.00480382181654,0.00483458511809,0.00471699684584,0.00134629898683,0.937112415337,0.00609465559144,0.0367097835397
C002355,2,0.00859592640545,0.00892199013671,0.00841892617328,0.535806285038,0.130800765458,0.00892199013671,0.110448438493,0.188085678158
C002358,3,0.00496024774127,0.004938717937,0.0795187507272,0.563094419324,0.323247568162,0.00493526513313,0.00575034613657,0.0135546848386
C002359,4,0.0162418253321,0.0184357346751,0.0185537956871,0.018011974137,0.408283351967,0.0131645750274,0.43890856193,0.0684001812447
C002360,1,0.215738994471,0.00615272312924,0.00611953686395,0.00602560485604,0.656420999126,0.00615007875499,0.0771939137601,0.0261981490384
C002361,1,0.00843495951659,0.00125327874146,0.00125601497639,0.00147299192648,0.00127571597854,0.000481403010398,0.000459618184201,0.985366017666
C002362,4,0.00279741957144,0.595292273773,0.00798769641991,0.351790442461,0.0057094985333,0.00727666321193,0.00972745164234,0.0194185543875
C002363,2,0.0139667553918,0.0143486338461,0.0661311881912,0.229766613084,0.194843934264,0.00559918936661,0.0160069634621,0.459336722394
C002365,4,0.0074572768552,0.00837068410833,0.0081563470142,0.0081782770432,0.888336444226,0.00718920909346,0.011344910915,0.0609668507448
C002366,1,0.0514574384914,0.0149499646692,0.0256666701983,0.0146410910771,0.0395014906359,0.0149435393351,0.0172243180317,0.821615487561
C002367,2,0.00387438245511,0.00396900223556,0.0038376256439,0.669084082185,0.00396604566138,0.00244454816032,0.238879585175,0.0739447284838
C002368,2,0.738412061064,0.00146427103359,0.00127095922242,0.0012757754599,0.250102393534,0.00146427103359,0.00135660397463,0.00465366467805
C002370,1,0.00316942761254,0.00314719675944,0.00311921652664,0.00317632717597,0.939314315982,0.00320354049008,0.00403034440984,0.0408396310436
C002371,1,0.000276809821539,0.000274609417357,0.000530342029179,0.000528461290167,0.000480848950698,0.000532988904069,0.000688834320178,0.996687105267
C002372,4,0.00265644808083,0.00290074313832,0.00182248539633,0.00283406716934,0.060002284724,0.901704126508,0.00391585688371,0.0241639880999
C002373,2,0.0614055026778,0.0355961118387,0.307397927795,0.0388034667123,0.28528399534,0.0198508503625,0.0431942532145,0.208467892059
C002375,3,0.00662824330221,0.00311279233741,0.00311737391371,0.0404936817208,0.0072663375853,0.00975148986876,0.00358419015449,0.926045891117
C002376,3,0.0146343951497,0.110451842373,0.0277482503453,0.00859462221393,0.00962836001185,0.0224389913327,0.759524982226,0.0469785563476
C002377,2,0.00126755271118,0.00228111530572,0.00282799698566,0.000491004011636,0.00116896933254,0.00526091662979,0.00238434845579,0.984318096568
C002378,4,0.00897397064692,0.0633378580026,0.00997662327163,0.00988078102641,0.0104172857385,0.0100243558526,0.143449561021,0.74393956444
C002379,1,0.0256199962964,0.0305112338051,0.00495986988901,0.00486306260051,0.00963482151072,0.869451169059,0.00930286078884,0.0456569860504
C002380,2,0.0109376935145,0.0112172679333,0.0104579167356,0.86526791307,0.0205698093502,0.0112172679333,0.0117275959215,0.0586045355415
C002381,2,0.0446521150182,0.0184264142447,0.39242091583,0.337219662177,0.0154228276621,0.0587758963545,0.0218177228894,0.111264445824
C002382,4,0.0109130095724,0.0121058473745,0.0119423104837,0.0187398393086,0.0120798549395,0.297888756622,0.0255296436061,0.610800738093
C002383,2,0.836912145168,0.00631062771639,0.00719978263299,0.00751439795281,0.0135953313158,0.0085456098733,0.0109868470524,0.108935258289
C002386,2,0.00961507420745,0.0398402458514,0.070037445041,0.00915531115448,0.0629409300682,0.0105080065799,0.0119734824152,0.785929504682
C002387,3,0.0057735363931,0.868690167217,0.00575693745323,0.00518730171312,0.00971731793925,0.00368336619861,0.00653473447083,0.094656638615
C002388,0,0.00349561018969,0.00539449041256,0.00349389958555,0.00281474623789,0.00351399872072,0.962015433789,0.00389324048766,0.0153785805772
C002389,0,0.000981456011075,0.00134666292282,0.00354433125077,0.00538734048587,0.00170558664961,0.00170558664961,0.00188316131592,0.983445874714
C002390,3,0.00471560998002,0.00767932517696,0.00757843199383,0.0270691700986,0.00933008124713,0.0103485779219,0.00794545573694,0.925333347845
C002392,0,0.567507920038,0.0135800382919,0.283657941948,0.0134393147241,0.0456646661013,0.00627953581876,0.0154558903775,0.0544146927006
C002394,2,0.0131534303579,0.0135367155044,0.0132474241544,0.30425138339,0.0889180968923,0.0135367155044,0.171084920879,0.382271313318
C002395,4,0.153826431509,0.206289744668,0.020558515597,0.0108856294968,0.230851456937,0.259000405886,0.066802492945,0.051785322962
C002396,3,0.0331293749359,0.0249007671711,0.0312215389214,0.486126042712,0.0179049525626,0.0568165925308,0.14774763563,0.202153095536
C002397,3,0.00696334718567,0.00693312298926,0.905787662243,0.00629718768176,0.00696334718567,0.0069282758378,0.00770139049501,0.0524256663819
C002398,2,0.34091279178,0.0140779307845,0.0132841505238,0.0114211870515,0.0140674439055,0.543841223776,0.015228765476,0.0471665067019
C002399,0,0.00309612000953,0.0039768705853,0.00332055041228,0.942168879063,0.00326347426571,0.00398293703989,0.00447828265205,0.0357128859724
C002401,3,0.00815666685996,0.00205490879466,0.00204570867835,0.00188395865386,0.00207121707594,0.00206078525735,0.968791915714,0.012934838966
C002402,4,0.022755011517,0.60974311533,0.0111590305907,0.0254769913451,0.0230314946045,0.0258797627654,0.0383209521876,0.243633641659
C002403,2,0.0176410828624,0.0360784806121,0.412013029055,0.0196163380428,0.0349614450462,0.0210465091872,0.0354147074234,0.423228407771
C002404,0,0.00423928232274,0.0139510316007,0.00428194862558,0.00426158291414,0.00220622017793,0.252182835963,0.00400544509092,0.714871653305
C002405,0,0.361212570201,0.00185401047305,0.524616035822,0.0893001794087,0.00183479823204,0.00183479823204,0.0129889843082,0.00635862332349
C002406,3,0.00540858927874,0.011749711995,0.00546933516631,0.00910470435315,0.00540858927874,0.845160665874,0.0056078167392,0.112090587315
C002407,2,0.0106508785349,0.0142069352318,0.0137366763057,0.0124244191667,0.0545464106227,0.00752969549819,0.838081365904,0.0488236187358
C002408,2,0.0224012149933,0.0500931503802,0.0484350340649,0.223099679944,0.0326049041925,0.0763909069796,0.0580179257731,0.488957183672
C002409,1,0.013839837616,0.476098159433,0.00942720081348,0.0137056723701,0.015004200835,0.0370150404612,0.0179753659649,0.416934522506
C002412,3,0.0055588616361,0.00966695494552,0.00100225227557,0.00205768914526,0.0017056646988,0.00180359001067,0.00267085584496,0.975534131443
C002413,3,0.00658928656029,0.00646138455324,0.0575348957526,0.00569665631102,0.00273065113533,0.00645686720806,0.0071445056284,0.907385752851
C002414,1,0.0356209515356,0.0360468741203,0.0359383460589,0.0360577166119,0.0363666425864,0.0363666425864,0.0367844950455,0.746818331455
C002416,0,0.00260983788299,0.638921488581,0.0113102004641,0.00490765867789,0.0387360533127,0.0686933687621,0.00619314719819,0.228628245121
C002418,3,0.147128457573,0.00858581376675,0.00985830988272,0.183261546547,0.0160388765793,0.512329391127,0.0114700953569,0.111327509167
C002419,0,0.00685731555826,0.00692334112241,0.00685395987735,0.707863504443,0.00689338821884,0.00689338821884,0.0439837293325,0.213731373229
C002420,3,0.0313899345741,0.0247699479823,0.416011280814,0.0219382200841,0.0602652955014,0.197528081736,0.0261322253003,0.221965014008
C002421,3,0.0116165573415,0.0027869913921,0.0026958482625,0.00254235480297,0.00279914097827,0.0235275193515,0.945547418513,0.00848416935798
C002424,1,0.00794370059948,0.00784807713775,0.00788084640533,0.00782689587552,0.882628699538,0.00798857993375,0.0107183615115,0.0671648389989
C002426,2,0.0417447930926,0.0294097819668,0.0416190668132,0.0385149015876,0.118064485298,0.0428385585849,0.0484915880586,0.639316824598
C002428,3,0.00662021592207,0.00959772667695,0.00624613770732,0.00880687462279,0.00963956692364,0.00959101662218,0.786807167382,0.162691294143
C002429,3,0.00762282752948,0.00758974087872,0.738387691631,0.00685312251503,0.145504276099,0.00751048658389,0.0129177480254,0.0736141067377
C002430,3,0.0279611774877,0.571751673411,0.0285011215319,0.0232601478667,0.0288570652355,0.0281686263514,0.0392757014415,0.252224486674
C002431,4,0.900495576689,0.00474237601965,0.00477274582709,0.00463336860283,0.00283661136902,0.00470030492918,0.00402304866291,0.0737959679004
C002434,3,0.00272133451479,0.0076569857456,0.00764826966695,0.00390978350421,0.00469620075492,0.0925923545573,0.0134738440643,0.867301227192
C002438,1,0.0103765285048,0.0104220120895,0.00947459990128,0.826623904317,0.00802581567422,0.0104351525285,0.0115542301968,0.113087756787
C002439,4,0.00501373700502,0.0101337458182,0.00321296289119,0.00990081332828,0.00287830965403,0.0299553718798,0.0342885564878,0.904616502936
C002441,0,0.00232430974779,0.0127567063521,0.664364637537,0.00233653669519,0.00233653669519,0.304030036533,0.0025910768554,0.00926015958404
C002442,3,0.00723345235406,0.367106411934,0.00721097329275,0.265128169765,0.00723345235406,0.282095497267,0.00785398680664,0.0561380562264
C002443,2,0.00573559467511,0.0268203825384,0.0292695198787,0.542937902528,0.00589668132858,0.00451768913155,0.0115093541386,0.373312875781
C002446,2,0.0159899519431,0.165686621508,0.0253325098105,0.00942248759725,0.0157637625457,0.0248548562953,0.0299957354827,0.712954074818
C002448,1,0.00165469124382,0.0129097743173,0.00178896238121,0.0069553102359,0.00324554135845,0.00368126454814,0.00365103355639,0.966113422359
C002449,4,0.00181231634789,0.00200476642489,0.00201770709744,0.00195868521825,0.00126424730902,0.966239450963,0.0103365857589,0.0143662408808
C002450,0,0.0927920966427,0.0432184296066,0.0235839689786,0.0677056416566,0.0677056416566,0.0677056416566,0.0801917258765,0.557096853926
C002451,0,0.0169388308127,0.00988522935575,0.190668606257,0.0311556059641,0.0170279369198,0.610809802027,0.0192904000121,0.104223588652
C002452,2,0.00221084236809,0.00536425351619,0.812823816494,0.0440252128451,0.0014919894982,0.120154839956,0.00247103439517,0.0114580109274
C002453,2,0.0064754234694,0.109748683931,0.0134762254658,0.769654644043,0.0247656340679,0.0137705132769,0.00869491602823,0.0534139597172
C002454,3,0.644034503139,0.010184952486,0.0481010885806,0.14194837882,0.00848603558905,0.0188253135016,0.0217605365008,0.106659191383
C002456,3,0.0122795327661,0.00773711824803,0.00542572172849,0.114098853566,0.0122795327661,0.770311334544,0.0145854230971,0.0632824832849
C002457,4,0.446908229614,0.46185380849,0.00966164260424,0.00956882627807,0.00977291967878,0.00970706308448,0.0143352643521,0.0381922458982
C002458,3,0.00502849434865,0.00500666832207,0.910141498262,0.00457503798057,0.00560355722852,0.00500316801207,0.00573469361652,0.0589068822299
C002459,2,0.0962135607864,0.510874343029,0.0184458028994,0.23424565024,0.0126679704459,0.0467133768681,0.0213859104425,0.0594533852883
C002460,0,0.0834937953388,0.0750464345131,0.214923773127,0.0589236067864,0.0589236067864,0.0589236067864,0.0655710559211,0.38419412074
C002461,3,0.0151139200745,0.0150483185646,0.0783405830177,0.0136056278621,0.0810056252596,0.365297968972,0.0179580549292,0.41362990132
C002462,4,0.00437370765516,0.00492896251565,0.00486237756871,0.801184149534,0.00491837955235,0.135338416036,0.00668967089176,0.0377043362464
C002463,4,0.252968872441,0.085709936756,0.0141871914089,0.0120171064486,0.0370635134258,0.114146297963,0.0227692065053,0.461137875051
C002465,3,0.0411137610384,0.0178090307111,0.431616880972,0.0190823896559,0.00918373997222,0.02419268672,0.213998390904,0.243003120026
C002467,1,0.0229864990015,0.683383343865,0.0264257691331,0.0262448641678,0.0263387067554,0.0287741369429,0.0126055773143,0.17324110282
C002469,1,0.00820653834334,0.00570978493738,0.0324625718121,0.016688298929,0.250044693928,0.0597708483229,0.424078964874,0.203038298854
C002470,3,0.0692732881889,0.00977915790569,0.043583761115,0.0204420032041,0.012072387517,0.0442468813154,0.0600853483547,0.740517172399
C002474,2,0.00334575134554,0.00343127088278,0.00331769355355,0.374026176622,0.00342871487342,0.00979616319476,0.563039565986,0.0396146635417
C002476,0,0.00369921472477,0.93174437994,0.00373644551142,0.0037186743101,0.0037186743101,0.0037186743101,0.00386373757755,0.0458001993164
C002477,0,0.0749451408585,0.7292235387,0.0038441872928,0.156336609892,0.00211651914874,0.00191920056811,0.003744387662,0.0278704158781
C002479,0,0.0403202168208,0.0404705846477,0.0403004858079,0.0610592592749,0.111856741118,0.0402565654979,0.0474749341374,0.618261212696
C002484,4,0.00164778531356,0.00210357057721,0.965873384598,0.0020552182758,0.00146217767946,0.00230147838952,0.00293852928662,0.0216178558795
C002485,4,0.00885622664761,0.794643066628,0.017128871933,0.016947099633,0.0173085641529,0.0171919272496,0.0577241109903,0.0702001327658
C002486,4,0.00373596887207,0.0112694587835,0.0328419079109,0.362601008093,0.00810589564003,0.00799131938044,0.157281185076,0.416173256245
C002487,2,0.00887408183738,0.013426549816,0.798369205988,0.0118154571634,0.007172313188,0.040620516045,0.023675035909,0.0960468400531
C002488,3,0.00465085089164,0.00463066401496,0.00454365513896,0.0246429329767,0.0134954464598,0.00240062919835,0.0120481347343,0.933587686585
C002489,4,0.00675410196803,0.0805288709229,0.0287482658756,0.0098161318373,0.785705949626,0.00729290698399,0.0143318382422,0.0668219345444
C002490,2,0.00230863626499,0.103724072619,0.210081373482,0.00206411696132,0.00236588278135,0.0116084086043,0.663672473933,0.00417503535395
C002491,3,0.205601261851,0.00818573986415,0.00818891302428,0.00624490616116,0.00822142470772,0.00818001697114,0.300275176122,0.455102561298
C002492,3,0.0082031666422,0.00816756104719,0.00789190369882,0.646991467176,0.0082031666422,0.00808227298511,0.234842136417,0.077618325391
C002493,0,0.0133420425544,0.0262838177411,0.117091548381,0.026323911977,0.133602302357,0.0155773719808,0.0301354420569,0.637643562951
C002495,1,0.390065288445,0.00192253276229,0.0019202927805,0.505785097997,0.0131043729544,0.00192170647839,0.067267040873,0.0180136677094
C002496,3,0.167341965345,0.0200608524886,0.0823629914859,0.0134513399053,0.0144626999724,0.0177120226849,0.623422393463,0.0611857346548
C002497,4,0.0381583361794,0.0239410244987,0.021178573707,0.0153949088221,0.711774914684,0.0177751642883,0.0332464953402,0.13853058248
C002498,0,0.00868085689193,0.00818022269863,0.00876822547012,0.759929851611,0.00997046080214,0.00872652222578,0.00982249921257,0.185921361088
C002499,4,0.0616607734385,0.00663266892624,0.0146254825838,0.753607922701,0.0043719703492,0.0968247773649,0.00870861541564,0.0535677892211
C002500,1,0.0183659817889,0.595469075043,0.0169643957169,0.0183709583391,0.0187504563094,0.0130681531138,0.0392651059614,0.279745873727
C002501,0,0.176872497821,0.021240125153,0.0211204764509,0.0210200236976,0.639676159234,0.0210200236976,0.0227719606518,0.0762787332943
C002502,3,0.00229583661891,0.0852718065134,0.00377294599493,0.00254376762578,0.0576275608206,0.002800318121,0.779576874693,0.0661108896124
C002503,4,0.0397429702293,0.0109075962788,0.0125721506503,0.0478180473017,0.00832748816188,0.0710020745821,0.0156636383629,0.793966034433
C002510,0,0.00335353723697,0.00326097093189,0.00361831397672,0.00143577775945,0.00198529742736,0.00453379767942,0.00481977550012,0.976992529488
C002511,4,0.00505241898566,0.0109199374837,0.275293032009,0.00884248277076,0.010167549773,0.0107028038627,0.5735841133,0.105437661815
C002512,2,0.221515136425,0.329343010513,0.00732627512393,0.0068462645264,0.0564138850253,0.00776404888808,0.35210942355,0.0186819559489
C002514,3,0.0174683739585,0.139673255442,0.563167961668,0.0891089971643,0.0174683739585,0.0173803933647,0.0214105959647,0.134322048479
C002515,1,0.134610264991,0.0203797798761,0.013434431531,0.040688143198,0.064261133062,0.388561705081,0.0614575058619,0.276607036399
C002516,0,0.00280518564057,0.00281564713365,0.00283341846182,0.00285649281544,0.00281994221821,0.950276081434,0.0033910890106,0.032202143286
C002519,3,0.00561018438168,0.00556601109533,0.00539617694613,0.00504440130125,0.00561018438168,0.00539520945422,0.895910811401,0.0714670210389
C002520,0,0.00207988376793,0.00330314487688,0.0032091245908,0.0033081836072,0.0033081836072,0.0033081836072,0.884230683082,0.0972526128606
C002521,2,0.0107491422536,0.877320891413,0.0060734951099,0.00390171494852,0.0159270811176,0.0239547555104,0.0129301427043,0.0491427769428
C002522,2,0.00140534006242,0.00144376481289,0.00134602937977,0.0012626184973,0.0191785644667,0.96719777553,0.00162745836836,0.00653844888248
C002523,1,0.00166365820673,0.0125450943352,0.867841274518,0.00164753048047,0.0804855997387,0.0294515315498,0.00212003284507,0.0042452783259
C002526,4,0.00392475095749,0.00355761354376,0.00443912561697,0.479559006516,0.309250371978,0.133788719614,0.0559629636937,0.0095174480805
C002527,0,0.0141238262866,0.00124696400832,0.00255894104133,0.00232808883735,0.00128508970988,0.00146557005092,0.00141464323835,0.975576876827
C002528,0,0.199688808067,0.0512737905361,0.0255708637205,0.0214153125732,0.036259527731,0.104360297439,0.0272223155608,0.534209084373
C002529,2,0.00993092301917,0.00773473770405,0.00449731020898,0.00982418082616,0.0210637924738,0.830109743259,0.0164121629145,0.100427149595
C002530,0,0.280305506815,0.00579359335765,0.540181914681,0.00580243110338,0.00580243110338,0.0390563276993,0.00562612688762,0.117431668353
C002531,1,0.00462908691255,0.00465222808493,0.00385914471466,0.876052899994,0.0444022098089,0.00473551613653,0.0300151076145,0.0316538067344
C002533,1,0.0375937634157,0.0380432750708,0.037928736349,0.0380547180573,0.0383807534239,0.0383807534239,0.038821748002,0.732796252257
C002534,3,0.106098882115,0.287861183307,0.024438389265,0.00153100373105,0.00208107732969,0.00207059584929,0.567174650484,0.00874421791914
C002538,4,0.0223333521126,0.0300701472713,0.0304463117506,0.0422181399376,0.604355535627,0.0325579222099,0.0357645147884,0.202254076303
C002539,0,0.0441397784428,0.0443043907166,0.0475223692076,0.0443719741516,0.0225316972417,0.0443719741516,0.0518158999744,0.700941916114
C002540,1,0.00470009520584,0.0270229296742,0.00163958117383,0.003186897177,0.892698676863,0.0104725464363,0.0376593646721,0.0226199087973
C002541,0,0.0062027461405,0.00556704118349,0.286594637142,0.00623537546233,0.00623537546233,0.630554065056,0.00720191040069,0.0514088491525
C002542,3,0.00105851924302,0.00105392477248,0.00103691607095,0.0009516967559,0.00105851924302,0.00105318794248,0.982099310398,0.0116879255742
C002544,1,0.0055331145947,0.00558562552707,0.00408385766115,0.0312086462792,0.00559266807994,0.862153699053,0.00714861248513,0.07869377632
C002545,2,0.00318346015938,0.0107529336946,0.0137397528986,0.0125549164767,0.84677333502,0.0274110368429,0.0150128926038,0.0705716723044
C002546,2,0.00240249970646,0.00693339416612,0.00677734868145,0.00623361295988,0.00504067576326,0.00693339416612,0.924939827918,0.0407392466385
C002548,4,0.00387191971777,0.0366551744929,0.432917987862,0.00424730432154,0.00393789509571,0.502249101887,0.00543022348503,0.0106903931379
C002550,4,0.00385967450624,0.00399508393815,0.0229228637111,0.00420508459204,0.00429477479956,0.939902253984,0.00648823343035,0.0143320310383
C002551,0,0.00913319611101,0.0124965283087,0.082142046331,0.022841550514,0.0045424388901,0.0485166292545,0.01274981082,0.807577799771
C002553,2,0.00298552756667,0.00221826108374,0.969388791362,0.00262141472251,0.005726649998,0.00306715773922,0.00262878088307,0.0113634166449
C002554,1,0.00548755862377,0.0572748945994,0.779763330238,0.0106743336838,0.00810507202322,0.00977827504793,0.0190866062748,0.109829929509
C002555,3,0.0048959712204,0.292637242475,0.664855767353,0.00447299832715,0.00343949670341,0.0048238171497,0.00558217443823,0.0192925323331
C002557,3,0.00757520229848,0.542098303939,0.125064741949,0.011401584708,0.0398331260709,0.152113479033,0.0143358537664,0.107577708235
C002558,4,0.00827959499612,0.0145757366075,0.0146366225346,0.0846106326385,0.00694569010557,0.00837742235255,0.0179660385295,0.844608262236
C002559,2,0.0305511262031,0.012413025381,0.843288417839,0.0111601899491,0.0124037787169,0.012413025381,0.0139169216458,0.063853514884
C002561,0,0.00953090947752,0.610221637798,0.00660683439517,0.228337933129,0.00431448935401,0.00664484111353,0.100206242695,0.0341371120368
C002563,3,0.0109897872572,0.00901145975178,0.787379590885,0.0100675013637,0.0507320335847,0.0109344364838,0.0122976387393,0.108587551935
C002564,1,0.282453358956,0.0083808548924,0.0201435026652,0.00748171331849,0.00839142176864,0.00839142176864,0.00916811261677,0.655589614014
C002565,3,0.522064018146,0.0457022986389,0.0178141021706,0.0161742358537,0.0102247187504,0.0272128596208,0.287020479816,0.0737872870033
C002566,0,0.0120670380624,0.00190185025551,0.000779553723327,0.968029934536,0.00135978930971,0.00188214227328,0.00217465365832,0.0118050381811
C002567,4,0.186598737326,0.0588840079982,0.0580885488046,0.0597590457604,0.175323488803,0.0583616296762,0.0849991966793,0.317985344952
C002568,1,0.00325218266385,0.00660098132567,0.630544528255,0.00869442378954,0.00887402880085,0.0161672162278,0.266083223094,0.0597834158436
C002569,2,0.00287413023899,0.602607140954,0.0734546939593,0.23217679639,0.00295567775007,0.00542998988023,0.0663434469953,0.0141581238319
C002571,3,0.81282823317,0.00457835594861,0.00444440157878,0.00419747744146,0.146391864697,0.00459144876227,0.00600811777444,0.0169601006268
C002573,4,0.0129986198514,0.292427221386,0.277105968012,0.00781253991584,0.0146614503887,0.0145810033153,0.0196884523079,0.360724744822
C002578,0,0.009357056454,0.00199555521695,0.860543935329,0.00953115221614,0.00199859930523,0.0960456066313,0.00220576519838,0.0183223296493
C002581,4,0.0181743786342,0.0034604522413,0.20417408463,0.00338091089783,0.00345302231282,0.0134355966548,0.732251795786,0.0216697588426
C002585,3,0.0018456609919,0.00568403888357,0.0252757568173,0.00164750372242,0.00232903408711,0.00183636520109,0.00114194536177,0.960239694935
C002587,4,0.00290226037737,0.00323304674226,0.00319787918262,0.170732211758,0.0792784660577,0.707805885529,0.00541896431677,0.0274312860358
C002588,2,0.0012474089452,0.00271925224439,0.00199605919221,0.00184302500055,0.000337051795961,0.00129042099809,0.00245142411199,0.988115357712
C002590,2,0.00194697020414,0.00388784073401,0.00825019208229,0.00227313141939,0.00104058624119,0.00260047147319,0.00474638996733,0.975254417878
C002591,3,0.342648550734,0.486434557215,0.105197425652,0.00496291887851,0.00252313678879,0.00283117843377,0.00302962494317,0.0523726073548
C002592,0,0.0045350901293,0.00622589102297,0.00920552195948,0.00455776096364,0.00623538821037,0.00145290992356,0.0338248122331,0.933962625558
C002593,1,0.00570141966216,0.476333054367,0.00672548514153,0.00690283183622,0.00988471328482,0.235397356064,0.106583137149,0.152472002494
C002594,0,0.00549725200567,0.00551775313151,0.00555257915801,0.0275165148606,0.82119334673,0.00552617010111,0.0060174219503,0.123178962062
C002595,4,0.0148926999642,0.0163086923805,0.0186658030781,0.638540728885,0.0143437811541,0.0161640129056,0.0623255436585,0.218758737974
C002598,1,0.184270267875,0.03181608966,0.0320042756234,0.0317302208636,0.120967127423,0.0323856877254,0.0459146457193,0.52091168511
C002599,1,0.00102337759048,0.00125919546285,0.00125452192885,0.000488295810559,0.00126078310072,0.00212247373722,0.0015584894218,0.991032862948
C002604,1,0.00397471349484,0.819487687032,0.0112564277747,0.0111690235598,0.00714707863974,0.0306597168103,0.0618476438836,0.0544577088051
C002605,0,0.0227308511342,0.00929783875887,0.11748789038,0.030123449896,0.00691093735565,0.626921280336,0.0103009146788,0.17622683746
C002606,3,0.0435454767144,0.0356800313775,0.1839867577,0.0323325575534,0.329130075509,0.0356550864117,0.0434513502642,0.29621866447
C002608,2,0.134000308637,0.536880951366,0.0245699146266,0.0289157252643,0.0321906687024,0.0322146659299,0.0321914054077,0.179036360067
C002610,0,0.00694633907358,0.573444234108,0.0955106405102,0.20664616722,0.00884241473041,0.00884241473041,0.00977405079707,0.08999373883
C002611,1,0.0042493444205,0.112665696176,0.00429192089071,0.0193166192791,0.00302170201252,0.0018086880604,0.00470445130163,0.849941577859
C002612,3,0.00349637714482,0.00626658711901,0.00626755364221,0.210192875444,0.00147183009037,0.00620114958286,0.00708602519805,0.759017601778
C002615,3,0.00448089599705,0.0486309316948,0.00449910536845,0.00407577886873,0.90269694359,0.00445832767493,0.00578262477616,0.0253753920298
C002617,0,0.0270820241286,0.0472393532671,0.0118389151084,0.0117826071164,0.0314924588533,0.0117826071164,0.0133750841195,0.84540695029
C002619,1,0.0159966935854,0.023564448958,0.606739138028,0.0225253463109,0.0116295699796,0.0348424665269,0.0397301456621,0.244972190949
C002620,3,0.00527522888673,0.00525233191639,0.00525883530482,0.200688926983,0.0866741378105,0.675441589148,0.00597559951661,0.0154333504343
C002621,2,0.148086008443,0.0103156257632,0.301007171011,0.105605357727,0.0110387676585,0.0097155894133,0.381582266869,0.0326492131144
C002622,0,0.527943786426,0.0338808097139,0.100285770415,0.00881932199198,0.00881932199198,0.00881932199198,0.267492422811,0.0439392446582
C002623,4,0.00938299920639,0.00140679182879,0.113755192794,0.795239854736,0.00140377130952,0.00139606884553,0.0726584461199,0.00475687516035
C002625,1,0.00213826980531,0.926519045149,0.0581967986762,0.00211754113042,0.0021612842246,0.0021612842246,0.00254300708092,0.00416276970943
C002626,1,0.0109220552244,0.0693299326223,0.795493401202,0.0109458315721,0.0110396104356,0.0202669021959,0.0151202663536,0.0668820003944
C002627,0,0.00341691404966,0.00103796662808,0.00265823825601,0.00244722278223,0.00264559520071,0.000791968294064,0.0857574616457,0.901244633144
C002628,3,0.0103393887647,0.0168897534268,0.0169125142621,0.0119470263273,0.788338056233,0.0169380533835,0.0186530200268,0.119982187575
C002629,1,0.496801787688,0.00746404804137,0.00737267233846,0.00732220065581,0.00747345897533,0.00747345897533,0.00348711860873,0.462605254717
C002630,0,0.120958912553,0.00656128144287,0.00835107064928,0.266121271581,0.0188425339068,0.516291725004,0.00913313601921,0.0537400688444
C002631,4,0.00274667882324,0.00310421322969,0.917010888638,0.0031503429666,0.0030975481811,0.00307667479008,0.00365854436282,0.0641551090083
C002632,3,0.0295072682458,0.00865725375962,0.0376174552297,0.0083353979369,0.0477425117914,0.0281936209876,0.268322790304,0.571623701745
C002634,0,0.0111994976354,0.0125399022483,0.0140738774065,0.0124856500489,0.0962561112307,0.057517441189,0.0142650909124,0.781662429329
C002635,2,0.000617887020158,0.98460141764,0.000927436359181,0.000876333935713,0.000942466928359,0.000943169510634,0.000934763420513,0.0101565251852
C002636,3,0.00234907136748,0.00335471478816,0.00111434477455,0.0121649543544,0.00231430787617,0.0121652965104,0.00530533415474,0.961231976174
C002637,2,0.0240019764938,0.950811008806,0.00180968837088,0.0122572041485,0.00102089144173,0.00194109016598,0.00207396414351,0.00608417642916
C002638,2,0.632028957067,0.00883641660912,0.0107777759463,0.00779186819191,0.00882983421898,0.00883641660912,0.302474617659,0.0204241136988
C002640,0,0.0240664501466,0.0391017077484,0.0393485033331,0.0391613548326,0.0325373526654,0.313857889028,0.0459823566065,0.465944385639
C002641,2,0.0906110367095,0.0168512717775,0.0707093840658,0.0158643312651,0.00549698285267,0.701320988956,0.0235141400052,0.0756318643683
C002642,1,0.0102499686021,0.0536298876784,0.00801567488999,0.780000938784,0.00889327764179,0.0834472093139,0.0101369808021,0.0456260622878
C002643,0,0.00226314879809,0.00234502577893,0.00226204130855,0.00227505401052,0.00340656026594,0.00294506434852,0.00230311646065,0.982199989029
C002644,0,0.0171931696131,0.0111996891335,0.00574915532453,0.00572181131632,0.00572181131632,0.053753888171,0.00642416255245,0.894236312573
C002647,3,0.00860286139693,0.00778061040539,0.00855588924582,0.890291628224,0.0293919455954,0.00687494882781,0.0108772003997,0.0376249159055
C002648,3,0.00196843208261,0.00249521736358,0.00262957019601,0.00127156208239,0.00246947380554,0.0024529493717,0.00619182961573,0.980520965482
C002649,4,0.00588186398874,0.00668084354971,0.00659059258679,0.00678012331322,0.00666649912697,0.907501259947,0.00914409566508,0.0507547218224
C002650,3,0.0146958764093,0.0145801644981,0.0141199809102,0.0131052503181,0.0146958764093,0.0146218596785,0.646256183546,0.26792480823
C002651,1,0.431750390228,0.0125261937014,0.0125327606894,0.00651102783273,0.325311202737,0.0183342473123,0.0454032758482,0.147630901651
C002652,1,0.00159165953269,0.083029366854,0.00610157366174,0.0429722400185,0.00334913547808,0.0046394087904,0.839075616263,0.0192409994015
C002653,3,0.018277806132,0.0284023493802,0.0284007656151,0.0188229569279,0.253090060847,0.252826594219,0.0819824568387,0.31819701004
C002654,1,0.0346072238587,0.455892693339,0.0360576585036,0.035810815756,0.0365505774843,0.0365505774843,0.0440638295424,0.320466624032
C002655,2,0.00407794448948,0.00417753564156,0.00403925645663,0.00375590074524,0.482287002964,0.486064752349,0.00241599298905,0.0131816143653
C002656,3,0.0579590214406,0.0124302919044,0.0123147902004,0.162914716158,0.00728622242454,0.671119944021,0.014676698872,0.061298314979
C002657,4,0.00186698183377,0.00446553744323,0.00440968919375,0.119044264381,0.818466807433,0.00442592227375,0.00588203648948,0.0414387609526
C002658,2,0.00303217255063,0.566059093349,0.00406743435387,0.1407784435,0.00623797502991,0.00752916447228,0.0078679863612,0.264427730383
C002660,0,0.00176492309445,0.968181914092,0.00223177796361,0.00360060960611,0.00224461657154,0.00224461657154,0.0025567322415,0.0171748098591
C002662,0,0.00663212382795,0.0107113059475,0.0101001936728,0.543073529366,0.347768363242,0.0138782956325,0.0112226406262,0.0566135476846
C002663,2,0.0062480245105,0.00641173052263,0.00607920023519,0.0057646003564,0.0064069543205,0.00571321864917,0.866180201013,0.0971960703924
C002665,0,0.00439476078773,0.00477283268515,0.00390276048721,0.00558373095341,0.902402623857,0.00558373095341,0.0062384560476,0.0671211042282
C002666,2,0.00946304975427,0.0152466593053,0.00380414972733,0.000879752977046,0.00294849489305,0.0219325893115,0.00343578187927,0.942289522152
C002667,2,0.0140252648453,0.687944902689,0.0179124038758,0.0165410590862,0.0182027026364,0.0182162722332,0.0192406216641,0.20791677297
C002668,1,0.0203624394334,0.0268854705057,0.0270571490929,0.0353221497219,0.0566019299405,0.533048733863,0.0495566582203,0.251165469223
C002669,0,0.002262570662,0.00348246742392,0.0216927511636,0.00394357195435,0.00283097028393,0.0237292898147,0.00732055174524,0.934737826952
C002671,1,0.00414443590857,0.0159182383562,0.00524611986671,0.00520538465324,0.00220751517569,0.00508483644121,0.00554047586785,0.956652993731
C002674,2,0.156808260896,0.75230888806,0.0101303795606,0.00638462298971,0.00277056871426,0.0157486505023,0.0052588950105,0.0505897342671
C002677,0,0.729061617896,0.0942322408062,0.0126381143929,0.018162508331,0.00913375076626,0.018162508331,0.0203475655185,0.0982616939578
C002678,0,0.00760770951994,0.00763608126094,0.00768427739478,0.920951860993,0.00909853820056,0.00764772960084,0.00844321637521,0.0309305866544
C002679,3,0.0720305493919,0.0218077722687,0.0256982975169,0.0167835960146,0.16980268187,0.276269787727,0.0466862866883,0.370921028523
C002680,3,0.808731293824,0.146387938539,0.0236197649701,0.0024584066288,0.00269098596403,0.00265132772612,0.00292176692853,0.0105385154192
C002681,4,0.00161474642106,0.00418581064723,0.0132619514479,0.000676501993301,0.0101992696809,0.00673637867587,0.00551873497433,0.957806606159
C002682,2,0.0430482152754,0.0277177344829,0.0727087770102,0.471279061119,0.0208222516631,0.0137749324461,0.0293408661154,0.321308161888
C002683,3,0.00216896976176,0.00215955541457,0.000802191740374,0.00272366467377,0.00216896976176,0.00131824636217,0.00578502539686,0.982873376889
C002684,4,0.0207551474766,0.0110515762368,0.0015984678755,0.263606147202,0.00142140691112,0.679825930859,0.00298565334216,0.0187556700974
C002685,1,0.846228850386,0.00818430523915,0.0112245952958,0.0110523030459,0.011280615935,0.0345046687225,0.0172230654616,0.0603015959136
C002686,2,0.00368461895731,0.64007420383,0.0037222194416,0.113243649708,0.00378254387924,0.191845282675,0.00437903241573,0.0392684490929
C002687,2,0.487989588308,0.00246906998184,0.00238734213702,0.00169859070291,0.00167483882107,0.492405477667,0.00289118444268,0.00848390793903
C002688,3,0.00429637246664,0.00427772419278,0.0041378295481,0.554558389914,0.00429637246664,0.00427473350919,0.388066321692,0.0360922562109
C002689,3,0.00244073129256,0.142202914734,0.0073373507316,0.00669681908429,0.80339323729,0.0073231535121,0.00860243069525,0.0220033626597
C002690,1,0.0438666749034,0.303004321818,0.213711786337,0.134601667592,0.0326337885564,0.0500623148782,0.0611136688352,0.16100577708
C002691,2,0.00491628309516,0.843443126681,0.00929723567211,0.0171903235044,0.0357034194129,0.0149894893208,0.0100919848569,0.0643681374567
C002692,0,0.0764312988476,0.0213145139207,0.014999987466,0.0210936416094,0.0210936416094,0.388610315986,0.023790018448,0.432666582113
C002693,0,0.0263972074655,0.263963109875,0.0227261887586,0.00907557439517,0.0127751059079,0.0228569242673,0.0229125562697,0.619293333061
C002694,2,0.00420993221091,0.0364755339931,0.00424001618905,0.00377717250918,0.00250846935326,0.918749224423,0.00451646686468,0.025523184457
C002695,2,0.00130754406206,0.00891159957538,0.008616619752,0.00485913210297,0.0606040548523,0.859817837066,0.0106627822135,0.0452204303758
C002696,2,0.0130814672516,0.577716221027,0.0129249821133,0.0174011069889,0.013357496012,0.0583027280689,0.0102182735129,0.296997725026
C002697,4,0.00504324127807,0.00558216405703,0.109413884169,0.836591733781,0.00557017860631,0.00579664033167,0.00743939801426,0.0245627597631
C002698,4,0.019167442428,0.0249640139114,0.169664975118,0.0213558106471,0.0218113085204,0.0216934294055,0.0284364960092,0.692906523961
C002699,2,0.65983824285,0.0045974361766,0.00463852196524,0.24384748394,0.0572834247644,0.0045974361766,0.00526708281291,0.0199303713147
C002700,2,0.165395896789,0.0531607431981,0.0520246520125,0.0241630018832,0.0531211428977,0.122727395994,0.154332074433,0.375075092792
C002701,3,0.0375612564183,0.0474241110819,0.146781173497,0.0424694856463,0.0478004809458,0.0326840942098,0.0536308823816,0.59164851582
C002702,0,0.0144663164445,0.00793961431025,0.00553219590614,0.218016275198,0.0101410769732,0.00638592572737,0.0119764356539,0.725542159787
C002703,1,0.0329625183509,0.0336779107526,0.0540471288162,0.0330378929547,0.114448653817,0.0337203730455,0.0495408753194,0.648564646943
C002704,4,0.00700169235557,0.0840378046108,0.0105171902376,0.0169457676767,0.11330944341,0.017209284389,0.200168004455,0.550810812865
C002705,3,0.908519939792,0.00414621319875,0.00400543623217,0.00378648281967,0.00416428816472,0.00410291722745,0.00433374050958,0.0669409820561
C002706,0,0.00359268698335,0.00689288474725,0.0068838336912,0.00340332148534,0.00280432899254,0.0106852155016,0.0068171383685,0.95892059023
C002707,3,0.838573640584,0.0115957052953,0.0116127724821,0.00687543052605,0.0116462555127,0.0115875983945,0.0137177775174,0.0943908196881
C002708,3,0.00694813172862,0.00768384356248,0.0079044226898,0.230984058439,0.294208408891,0.0068757262552,0.345214880795,0.100180527639
C002709,2,0.10190283674,0.0090711940045,0.00143787208972,0.015134591502,0.00463277266826,0.00242759734777,0.00613815689141,0.859254978756
C002711,4,0.0058075213349,0.00172057094532,0.00114890524445,0.00155255726125,0.000661192375308,0.00146302599585,0.00224401405047,0.985402212792
C002713,2,0.116880910605,0.0252803758583,0.00361507420458,0.733251447532,0.00219046660351,0.0562585097659,0.00452827080285,0.0579949446284
C002714,4,0.377280804768,0.442351493974,0.00674628145828,0.0068852591299,0.0108335667276,0.0148029376854,0.105570454904,0.0355292013528
C002715,3,0.180879551496,0.652617610319,0.0524004920486,0.00871706624612,0.00951682237673,0.00685270233633,0.0359925181501,0.0530232370275
C002716,3,0.0275000143193,0.0273806513447,0.362234547166,0.0246882901676,0.131747147957,0.0446328529703,0.0286570083963,0.353159487679
C002718,1,0.012943618936,0.0114730294271,0.109832686249,0.016263149345,0.0240403422522,0.735492485032,0.0163311980477,0.0736234907108
C002719,1,0.260072218646,0.00161602717804,0.00265213076634,0.0139145098509,0.681197321287,0.0033657713831,0.0128518645086,0.02433015638
C002720,3,0.00294486918237,0.934452171703,0.0241399695742,0.00268201231651,0.00294486918237,0.0103544605165,0.00356496576949,0.0189166817556
C002721,4,0.0143331366507,0.01610846847,0.015996577291,0.0163478461666,0.174164013288,0.226480934977,0.317081721455,0.219487301702
C002722,4,0.0138579207725,0.023371272929,0.0235221333916,0.0229488571599,0.595413783166,0.174269716455,0.0231747728618,0.123441543263
C002725,0,0.0149960441366,0.262164593129,0.0149887057053,0.0561066122516,0.13590169528,0.0150749302846,0.0173046429603,0.483462776253
C002729,4,0.499044056803,0.0315748342818,0.0590577344048,0.0308490607228,0.0315070400328,0.0313341615592,0.0177437326125,0.298889379583
C002731,3,0.023387827187,0.0311153382254,0.0229401550346,0.0236122288106,0.0152506555999,0.0232700328847,0.026799528045,0.833624234213
C002732,2,0.0166227468736,0.0234803297413,0.0125040330211,0.341077239524,0.191432095116,0.0060497671656,0.320617768116,0.0882160204415
C002733,3,0.00349732712254,0.00348214708067,0.00348645864274,0.075501197789,0.00966795817549,0.885683335207,0.00394804320296,0.0147335327795
C002734,1,0.0633629554046,0.00243737757218,0.00300114688966,0.00298060170246,0.0368038266731,0.879020103373,0.00378385039234,0.0086101379925
C002736,1,0.00145960160219,0.00149127963979,0.972480848379,0.00146293923832,0.00149315989754,0.00391108010451,0.002396112152,0.0153049789863
C002737,3,0.0531963884606,0.0173465782151,0.227277870254,0.0111619697308,0.452349808977,0.0173344507089,0.0195204604017,0.201812473252
C002738,3,0.0147962389971,0.95995213294,0.00099322001294,0.000912922366388,0.0161562446161,0.00098163307005,0.00112946858039,0.0050781394169
C002739,0,0.00863722347981,0.00866943462916,0.00872415290905,0.00890338908312,0.81065105189,0.00868265928167,0.00967171965339,0.136060369073
C002740,2,0.0136422307366,0.819168954059,0.013751641575,0.0124554437426,0.0145625003359,0.0112343935469,0.0159844158911,0.099200420113
C002741,4,0.0415355233161,0.0353456213736,0.340940513779,0.125165412602,0.0441512878163,0.056312078196,0.0419796124998,0.314569950417
C002742,0,0.0401910925008,0.0110101276718,0.0109638518406,0.41878543853,0.0110269228976,0.0873057445292,0.353515914903,0.0672009071273
C002744,4,0.146638595408,0.0483413365506,0.0545532628132,0.0265795378022,0.0291842650763,0.102217951972,0.421298291082,0.171186759296
C002746,1,0.00958530400751,0.0096273194066,0.00952593223027,0.0616617678587,0.00963945786909,0.00963945786909,0.835004167505,0.055316593254
C002747,4,0.78763309894,0.0348716968415,0.00957345653893,0.00935571467303,0.00955526261843,0.00950283309111,0.0143563648546,0.125151572442
C002749,1,0.0168513223276,0.0169251869679,0.0167179869543,0.698831458064,0.0169465268382,0.0169465268382,0.0423110229263,0.174469969083
C002751,0,0.0023246918484,0.00234707511041,0.00234808873468,0.00525673911725,0.00233692080583,0.00201038629212,0.00249727679109,0.9808788213
C002753,1,0.0151847974233,0.0152513571614,0.0150907421478,0.434785614633,0.0152705866083,0.425829822125,0.0192267709699,0.0593603089311
C002755,2,0.015380052968,0.069037899184,0.0152510743672,0.733747107068,0.0533488126758,0.0157731769263,0.048445858112,0.0490160186988
C002756,2,0.0547882275584,0.0217508353993,0.0171660504462,0.0271911708612,0.258475930939,0.0629363429223,0.0400771856788,0.517614256194
C002757,0,0.00713282723503,0.171370152987,0.00730781487641,0.561672648584,0.20415193562,0.00727305760534,0.00795748919918,0.0331340738932
C002758,4,0.0389239109533,0.0483062758917,0.0521124709778,0.0474331812705,0.0503386532761,0.0478777359163,0.0568357816296,0.658171990085
C002760,1,0.00325681739245,0.00636996432732,0.00635154091722,0.00623835774457,0.323033921237,0.630396310936,0.0074322512987,0.0169208361464
C002762,2,0.513081571193,0.00923688968713,0.0530430317679,0.00804782510769,0.00923000897809,0.00923688968713,0.361028053833,0.0370957297452
C002764,4,0.0058525707573,0.00649377452817,0.0340747229351,0.00644331870273,0.23257968927,0.684832515363,0.0101169609706,0.0196064474732
C002766,1,0.598295647451,0.0495610378736,0.0171681163168,0.0317677188027,0.0329380667094,0.0556878797742,0.180481070507,0.0341004625655
C002767,4,0.00169442892423,0.00186936477397,0.609769844485,0.00300705838667,0.00186535106546,0.00185511592296,0.372593416594,0.00734541984731
C002768,4,0.0132446006181,0.0119911701201,0.0116687537794,0.0117155432035,0.0101529561419,0.011884792726,0.0935444570768,0.835797726334
C002769,2,0.00726763570655,0.00610354651551,0.673755924279,0.00337186006997,0.0118385569492,0.00542100919542,0.0125015871717,0.279739880113
C002770,1,0.025894872448,0.00975719614965,0.00664424712889,0.0106229097803,0.0175343709287,0.100327841936,0.0130781183895,0.816140443239
C002771,1,0.584688634233,0.00533743396459,0.333513022315,0.00522715996483,0.00533513999287,0.0308568787104,0.00582887371721,0.0292128571022
C002772,3,0.0158851996477,0.713198100757,0.015818689832,0.0144138141844,0.0706210324512,0.0158051928137,0.0180743036825,0.136183666631
C002773,0,0.00329245297703,0.00568393683588,0.553820454567,0.223266212658,0.159150621067,0.0056926073078,0.00581402676493,0.0432796878218
C002775,1,0.0113023798077,0.315152778904,0.0294364904581,0.00981856759169,0.0114240284917,0.0365541528923,0.0151720537507,0.571139548103
C002778,4,0.0139237562602,0.0578221719589,0.0154018694253,0.677132518265,0.0280841403129,0.0119476224772,0.0205688106752,0.175119110625
C002779,4,0.324002721751,0.0108738362906,0.017108067678,0.182415438992,0.0170746887852,0.267676684976,0.116866721484,0.0639818400425
C002780,1,0.00272689270598,0.939838542433,0.00272378176765,0.00270045784159,0.0027562425345,0.0027562425345,0.00352031227162,0.0429775279111
C002783,1,0.939723923549,0.00731825807357,0.00636056469314,0.00623641848871,0.0031168902599,0.00397216859797,0.00756235013294,0.025709426205
C002785,4,0.00586802860635,0.00781496595913,0.00762559871402,0.00165930620792,0.00736746204795,0.0137191424748,0.0132607235376,0.942684772452
C002786,3,0.00609165314753,0.876284188015,0.00601652461881,0.00547690235845,0.00609165314753,0.00606097214297,0.00681579046426,0.0871623161051
C002788,4,0.0276730672606,0.00880286309623,0.00868394594677,0.00893367684152,0.421621797769,0.478339681634,0.0152926893698,0.0306522780819
C002789,4,0.00660027705953,0.0201063860697,0.0128356074655,0.0135220086148,0.156018133572,0.0122598773529,0.0219793799904,0.756678329875
C002790,0,0.00426211189432,0.855277209761,0.00426002619659,0.00428453257985,0.0491365239411,0.0108191020906,0.00478306267364,0.0671774308632
C002793,2,0.00883846885701,0.019370643578,0.0187294625001,0.0170808494245,0.0509621622972,0.794589808325,0.0199211369697,0.0705074680484
C002794,4,0.00962423491452,0.0127245448586,0.00891703545667,0.0113686424068,0.0114097026566,0.846055078555,0.0148596165089,0.0850411446428
C002795,4,0.415482012096,0.0229946902327,0.0226852070767,0.0224661383481,0.0229453183899,0.195558022541,0.0373542054621,0.260514405853
C002796,1,0.00243315765436,0.00245624905702,0.00242617938398,0.00240957029704,0.96465797673,0.00245934598211,0.00279921714871,0.0203583037469
C002797,3,0.00276900251,0.00327569179016,0.00190001104342,0.0124424750931,0.0102249105409,0.00386678322049,0.00451353916472,0.961007586637
C002798,0,0.0225795821246,0.0131497683938,0.439859337084,0.293242911565,0.109121071821,0.017949458771,0.0266245460944,0.077473324146
C002800,1,0.0270303827532,0.0056632013188,0.155258610207,0.00596908151744,0.00566076733577,0.00566076733577,0.00659165448986,0.788165535042
C002801,4,0.025073137313,0.378375776172,0.00824435528464,0.0334972632904,0.0341858846233,0.144376820133,0.0221839427699,0.354062820414
C002802,4,0.00559202199135,0.00448794325038,0.0278149894451,0.590492285626,0.00627116756895,0.0062367578029,0.31192267365,0.0471821606646
C002804,3,0.0218787864607,0.0224562908242,0.744647969223,0.0197730699838,0.0222544307949,0.0141701858972,0.0263021202655,0.128517146551
C002805,0,0.099513227037,0.00708701067681,0.00705722380062,0.0110763064229,0.0119403923008,0.0544539335694,0.0076560459134,0.801215860279
C002808,1,0.00186757084683,0.00236931273511,0.00306574037316,0.00304193542937,0.0218893043728,0.00510334357648,0.00344295628607,0.95921983638
C002809,1,0.0131769740348,0.013234732852,0.0169629870724,0.788225967393,0.0117085899533,0.0132514196682,0.0165205430931,0.126918785933
C002810,4,0.324108182108,0.0128358342441,0.0128326623495,0.143968021975,0.0119867609151,0.0127379957203,0.441098767663,0.0404317750251
C002812,1,0.414353581343,0.00415479859414,0.04001568645,0.00407584045844,0.00416003711015,0.520291783472,0.00457056125851,0.00837771131383
C002813,1,0.00234844107334,0.00154578771565,0.00152686401121,0.975386792207,0.0015477366991,0.0015477366991,0.00176037664572,0.0143362649491
C002814,1,0.00664248031004,0.0214263783553,0.00658992196627,0.00654480881937,0.890627823619,0.00668000817134,0.00775895072108,0.0537296280373
C002816,2,0.0431060001294,0.0442078169719,0.313108584428,0.039005796999,0.293629575875,0.124044254571,0.040673379551,0.102224591476
C002817,2,0.010737712852,0.206187638944,0.0107955544464,0.00961710277933,0.691390804738,0.0110313029574,0.0121933933001,0.0480464899832
C002820,0,0.234749363302,0.00732821101625,0.00725477242708,0.00765719722239,0.00729650649758,0.703645527615,0.00820653929439,0.0238618826252
C002821,2,0.81914169642,0.00293811309881,0.0035444176462,0.0913951558097,0.00366302592599,0.0485148795132,0.00439232915387,0.0264103824325
C002822,3,0.75978350565,0.0232235009609,0.0159512099504,0.0147632123,0.0160009353082,0.015920345564,0.0186346720604,0.135722618206
C002825,4,0.0235344443343,0.0201833050308,0.142423837354,0.397345760667,0.101773126663,0.196873652212,0.0166944645518,0.101171409188
C002826,1,0.0131315486479,0.0132785918616,0.0131841339126,0.501430607872,0.0132728848656,0.0640184842835,0.292764863991,0.0889188845653
C002829,4,0.0266894820886,0.0136901363674,0.0137785055509,0.189455238945,0.0136607423093,0.669787202906,0.0167158232432,0.0562228685895
C002833,0,0.00442684315346,0.943784573581,0.00234086789522,0.00445013040183,0.00454651553926,0.00202440670731,0.00497587007535,0.0334507926466
C002834,4,0.00849328988692,0.0122832177954,0.00941189120134,0.00919782403097,0.176938716796,0.00933147500278,0.748766995314,0.0255765899733
C002835,0,0.0464435240828,0.033221925457,0.0136906079041,0.0123628117783,0.173298639409,0.00604952004403,0.00895573441604,0.705977236909
C002836,2,0.02789805637,0.0147006251186,0.537070435201,0.0128160221174,0.0146896743844,0.0147006251186,0.343081505439,0.0350430562514
C002838,4,0.00218340736759,0.00219875280439,0.00226176571067,0.00221032336233,0.00911505255391,0.966029529932,0.00183790547498,0.0141632627939
C002839,4,0.0199406913207,0.0243774768004,0.40732284795,0.0239368747569,0.02432513598,0.0899879702187,0.294909779117,0.115199223856
C002840,1,0.00149408641853,0.000962792382085,0.00150266778659,0.00147960254398,0.0015909588466,0.00153300916852,0.00192353373914,0.989513349115
C002842,1,0.0284497675813,0.0285744718513,0.02838819469,0.0280314402278,0.028610499549,0.17654673873,0.0351220510871,0.646276836283
C002843,2,0.154277021624,0.135494653826,0.00838875579385,0.02728882916,0.00888339464049,0.503604539073,0.144216152345,0.0178466535376
C002844,1,0.067984141615,0.0140397110387,0.0138918561063,0.0137728992103,0.663069696708,0.0140574127995,0.0184146831312,0.194769599391
C002845,4,0.0110571170379,0.0197449316121,0.59039758083,0.0137802470187,0.0190667074859,0.0175406830606,0.0255065715554,0.302906161399
C002846,3,0.0303502277865,0.0333507593954,0.0325644011431,0.0311021439153,0.0274566160588,0.0323273398693,0.0375022478853,0.775346263946
C002847,2,0.0109508985929,0.0151240595204,0.0146234431755,0.0134355070487,0.0301523661742,0.368722330587,0.0161834399236,0.530807954978
C002849,2,0.0146905659534,0.0150922348065,0.630608989567,0.0133081892283,0.00953554506064,0.214991295354,0.0171399287616,0.0846332512694
C002851,4,0.0342864210511,0.039442962543,0.0379117661323,0.0400290993032,0.06343127278,0.0390962941101,0.0553084281506,0.69049375593
C002852,1,0.00896268962597,0.00566069341491,0.0784023459238,0.642096065553,0.00529135894673,0.163809381482,0.0105235134918,0.0852539515614
C002853,2,0.010206126011,0.010467001098,0.694863513125,0.0552431975728,0.00501667326642,0.010467001098,0.0118152242709,0.201921263558
C002855,4,0.0217436135215,0.585077568475,0.0142084767966,0.25928589284,0.01418147423,0.0141048305189,0.0189329807305,0.0724651628881
C002856,2,0.0186340680889,0.0191435600161,0.0135154916264,0.0166792100119,0.194173917702,0.169752330198,0.438071070505,0.130030351851
C002857,4,0.0120588127981,0.106644746031,0.0134804887215,0.0451416109811,0.682309081103,0.0814520799755,0.0159469695862,0.0429662108036
C002859,0,0.0413725489337,0.877890194764,0.00170204120671,0.00171183243152,0.00171183243152,0.0411948891926,0.0227247340058,0.0116919270343
C002860,4,0.320689631766,0.078126546164,0.0554065011289,0.04930842729,0.0175121946931,0.238212415433,0.0296600676271,0.211084215898
C002861,3,0.000604833468127,0.00624888984179,0.00152197489928,0.000945431107957,0.00158029009561,0.000995416139297,0.00188222824051,0.986220936207
C002862,4,0.0117530355689,0.553999198845,0.0132333159612,0.0129935226018,0.249111666654,0.0360898675611,0.0159624220269,0.106856970781
C002863,2,0.0267249161284,0.0238484014123,0.026323705551,0.0257961987273,0.027742922175,0.027763603734,0.0285154687016,0.81328478357
C002865,1,0.00248316949252,0.00982986037446,0.021553532122,0.00765323886313,0.205301554887,0.253175169519,0.0147409080894,0.485262566652
C002866,1,0.00561972330548,0.634120242337,0.104503059096,0.0129006337049,0.18006311188,0.0131671284743,0.0166141584779,0.0330119427252
C002869,4,0.00617220545551,0.00316014302331,0.0068308897068,0.0143567188014,0.00365700948097,0.0105871588828,0.00712503933024,0.948110835319
C002870,2,0.0395112347708,0.00187550165986,0.00177823289539,0.00168620897256,0.00187410456824,0.00187550165986,0.940476137279,0.0109230781941
C002871,2,0.00141136690143,0.0019966877769,0.882713415388,0.0523481559004,0.00199520041177,0.0515050316844,0.0021315149107,0.00589862702647
C002876,0,0.0113839989737,0.0114264537848,0.285172100808,0.0114438840888,0.0114438840888,0.0114438840888,0.0123502384569,0.64533555571
C002877,0,0.00171088189458,0.143800430745,0.00171004466116,0.736207969822,0.107036047109,0.00171988192693,0.00194557837705,0.0058691654647
C002878,3,0.0119815685138,0.0207243443677,0.00628451767328,0.00378964222694,0.0081369413025,0.00333474423517,0.00580578320484,0.939942458476
C002879,2,0.0152160875156,0.00759276453433,0.117092744415,0.0068264336728,0.0429809909401,0.149808193275,0.638549242787,0.0219335428601
C002880,2,0.0257441958395,0.0261816279269,0.280090323964,0.0230766501926,0.0261621248074,0.0261816279269,0.0280612192333,0.56450223011
C002881,4,0.00350867030845,0.00499436591156,0.114201545329,0.00504730153411,0.00476801235966,0.0146421198595,0.836222650172,0.0166153345258
C002883,4,0.0155412492268,0.123525622924,0.230946499325,0.442272557912,0.0444539221046,0.0173807570134,0.0209447003,0.104934691194
C002884,2,0.00226576585621,0.0106600520131,0.0549906940059,0.00208483788291,0.0623404403579,0.855315231774,0.0028276229929,0.00951535511751
C002885,4,0.0171982603917,0.0193047955369,0.777858906316,0.0188610589194,0.0192633462579,0.0191576486774,0.0257627182929,0.102593265608
C002886,0,0.00517636266644,0.0137172526742,0.00841039951834,0.00241630979626,0.0359581569131,0.0191207571048,0.0139533378306,0.901247423496
C002887,3,0.590963804337,0.00419249448422,0.00410022753251,0.365957388954,0.00411746697399,0.00405678606109,0.00469368159586,0.0219181500611
C002888,3,0.0921908563065,0.0409726138881,0.0178356647411,0.0264110125074,0.022973942471,0.00908298193028,0.041672527529,0.748860400627
C002889,4,0.00413950348764,0.00625883133885,0.0065125542822,0.0177710895818,0.821626478579,0.08040348683,0.0086791255324,0.0546089303677
C002890,4,0.0184472666388,0.000549067596704,0.000479887807652,0.0103749107863,0.000547888695019,0.967131062362,0.00062675316899,0.00184316294472
C002891,3,0.446275194729,0.0391379081345,0.420455325676,0.00918048693274,0.010115707275,0.0100647588619,0.0113714414279,0.0533991769634
C002892,2,0.00144280220185,0.100036660191,0.00131596646943,0.000966737930332,0.00199222604983,0.00185329339741,0.00207029445161,0.890322019308
C002893,0,0.0380615607416,0.01035737554,0.00628390924171,0.0144057493993,0.0107161809482,0.795777308859,0.0133920517772,0.111005863493
C002894,0,0.0332543709768,0.0341856757616,0.0332380976908,0.0334293043932,0.0334293043932,0.0334293043932,0.0331258448023,0.765908097589
C002895,2,0.932382187924,0.00265477913385,0.00248692510521,0.00231800522111,0.00265280154578,0.00265477913385,0.00314499898217,0.0517055229539
C002896,0,0.0159179398448,0.768006334715,0.0160781461226,0.0160016755919,0.085550147021,0.0160016755919,0.0193920253279,0.0630520557853
C002898,3,0.00421395523721,0.130032906817,0.00419631180858,0.804904323485,0.00229247306398,0.0321303014223,0.0048146318812,0.0174150962853
C002899,3,0.00915156330967,0.00911184122781,0.00797463251657,0.00822644988199,0.00915156330967,0.00910547086995,0.118615106401,0.828663372484
C002900,4,0.00629971867724,0.00701349896773,0.00781060338348,0.00685228792031,0.282113245366,0.651811096598,0.0117641873029,0.0263353617843
C002901,4,0.00461798930118,0.00525579002837,0.00524259964277,0.0051349813679,0.00520079503702,0.942353298704,0.00635807749648,0.0258364684225
C002902,3,0.00820297188867,0.00816736713898,0.422652680997,0.00746134244282,0.492563653583,0.0081616570909,0.0104427981889,0.0423475286697
C002903,2,0.0710280159374,0.0141293632098,0.0976656359116,0.0124591382046,0.0141188380179,0.01580635787,0.0170853716141,0.757707279235
C002904,1,0.0125606369587,0.0134945208236,0.00869407748186,0.0435145819884,0.0963353900685,0.0134678991454,0.0280912932398,0.783841600294
C002906,4,0.00502510177684,0.00198987287837,0.00152904652799,0.0011983919792,0.00173606312334,0.00181889250833,0.00247969261945,0.984222938586
C002907,0,0.0157678185531,0.0158266221212,0.015760102448,0.0569004245546,0.0103658164931,0.0414002211587,0.0588695699009,0.785109424771
C002908,4,0.00160070026382,0.15017752012,0.0512855741292,0.00172373499337,0.7871614537,0.00112898272084,0.00246984654288,0.0044521875298
C002909,2,0.0302071033183,0.0309448181714,0.0952779280682,0.0265045722219,0.0309217668742,0.0309448181714,0.0365068662842,0.71869212689
C002910,3,0.00297784168339,0.00295439485092,0.00286424822214,0.00267732711365,0.00297784168339,0.0029628435914,0.862148018375,0.12043748448
C002912,0,0.00426018119128,0.00544817557493,0.812761482542,0.00625625434503,0.00625625434503,0.132422925246,0.00727897875448,0.0253157480006
C002913,2,0.00810139340633,0.0122539122619,0.00328278066678,0.00265044521257,0.00335196977118,0.00203464956397,0.00389724991989,0.964427599197
C002914,0,0.0709402328712,0.0639190052285,0.00438790633834,0.00441314836961,0.012806125847,0.00183947901096,0.812196190778,0.0294979115561
C002916,3,0.00448033534483,0.00705225397296,0.0300177497204,0.00488908245376,0.00497546768779,0.0984695537609,0.805515430337,0.0446001267221
C002918,0,0.00690111154279,0.00597518687496,0.00689773442998,0.00682293358333,0.00693741459057,0.00693741459057,0.922021436036,0.0375067683513
C002919,1,0.00806063446186,0.00853601237854,0.00968966197402,0.00950053808104,0.00969679539386,0.0454608391366,0.0362935883027,0.872761930271
C002920,1,0.0021427071021,0.0205196300337,0.00171906723855,0.0016926803663,0.96506098485,0.0017276469016,0.00221019259806,0.00492709091003
C002924,4,0.0106334277147,0.011638379769,0.671315675993,0.0113708620292,0.0154199701579,0.198165661258,0.0151754318014,0.0662805912771
C002925,4,0.0442724632122,0.0310857266939,0.0158186584227,0.0155365889859,0.0156570058244,0.569960701184,0.0272955918121,0.280373263865
C002926,3,0.00207947802836,0.000801191244423,0.000976965084622,0.00089248299495,0.00115732541666,0.00136359407149,0.00113088440845,0.991598078751
C002927,2,0.000827767565262,0.82210053442,0.00226170043521,0.00203801131308,0.155818078528,0.00138483395116,0.00254478436652,0.0130242894211
C002928,4,0.00555214688421,0.00631401434683,0.00705200277185,0.00619989393779,0.00630045754216,0.862509422926,0.00677703813984,0.0992950234516
C002930,3,0.528044739793,0.0156388018117,0.0292688161983,0.0782500752147,0.0673700475981,0.0198726680583,0.0251997928094,0.236355058517
C002931,2,0.0425745382615,0.0291962590332,0.7430909322,0.00367141966967,0.130334490873,0.00421387120497,0.00461471662973,0.0423037721285
C002932,4,0.00701670735623,0.00792528704824,0.00781862143009,0.904879730972,0.00945576001471,0.00785497936555,0.0119772766749,0.0430716371381
C002933,0,0.650814438978,0.0138329900224,0.013252922326,0.0142529188215,0.107584518384,0.0168130232711,0.018302034135,0.165147154062
C002934,0,0.000498771391097,0.003697127566,0.00200601228987,0.00201755214989,0.000511018551123,0.00109335311774,0.00220954361049,0.987966621324
C002935,2,0.00293499787103,0.00301524646272,0.704749992518,0.00262869538158,0.246813562207,0.0279767138833,0.00359999645632,0.00828079522009
C002937,4,0.013423656616,0.157691358875,0.0145227996321,0.0143832837171,0.516732971359,0.0145910729641,0.0186924329744,0.249962423862
C002939,2,0.0125689110004,0.00498127085262,0.00372618957023,0.00339820125516,0.944829205035,0.00385375127923,0.00650980119458,0.0201326698131
C002940,3,0.00346112040955,0.00344609752182,0.00252824318812,0.525992264462,0.432763987853,0.00341011236325,0.00489594761022,0.0235022265927
C002941,3,0.00222922306581,0.0542267293336,0.00222281404071,0.00206529190987,0.00222922306581,0.908517840146,0.0236596465951,0.0048492318435
C002942,3,0.0157009649915,0.00563713385369,0.00545278236166,0.129398087618,0.00566170832628,0.575130179381,0.218381930704,0.044637212764
C002943,0,0.0568288310621,0.0570407651366,0.05680102143,0.0571277770734,0.0304809935107,0.0498239539314,0.0706514088046,0.621245249051
C002948,4,0.0109684993143,0.00430124479777,0.00392079482258,0.599804165539,0.00186728550178,0.00388677567156,0.356224737129,0.0190264972243
C002949,1,0.0642519652382,0.313436609918,0.0155707430595,0.0922886461609,0.117390400217,0.0154645792522,0.0175991434228,0.363997912732
C002951,4,0.0149209304385,0.0308448209685,0.0258995540366,0.0248643325994,0.427545876551,0.0221297919157,0.0327193222195,0.421075371271
C002953,3,0.00378800904961,0.942796877464,0.00371952865728,0.00220720714945,0.00254914800758,0.00376893049735,0.00427260219238,0.0368976969826
C002955,0,0.0363753646013,0.0365110207302,0.0258354133126,0.0365667158917,0.114698729628,0.0365667158917,0.0428705163802,0.670575523564
C002956,2,0.0519528358112,0.00248647112832,0.00254589595208,0.174613631099,0.755790694736,0.00202490519638,0.00262964212898,0.00795592394796
C002957,0,0.00812390345607,0.00820212434357,0.328736660863,0.0081666389565,0.0081666389565,0.0081666389565,0.56248951059,0.0679478838783
C002958,4,0.717835351859,0.0163219051601,0.0163186992241,0.0159467327335,0.0178742620621,0.14335537601,0.0207189023066,0.0516287706454
C002961,3,0.0461740712598,0.0160748452012,0.0163707417318,0.0148207402353,0.00979224539609,0.0214280167439,0.835217692292,0.0401216471404
C002962,3,0.0361967980311,0.0401164904005,0.0420661051138,0.0355981313581,0.0547990563398,0.0247552990645,0.0363908090647,0.730077310628
C002964,0,0.00854246989,0.879802216619,0.00853828956567,0.00858740724403,0.00714424511716,0.00858740724403,0.0112868624861,0.0675111018337
C002965,0,0.0729489411661,0.538670418724,0.0160851591006,0.016177691178,0.0158673091411,0.0908482283636,0.0162049007984,0.233197351528
C002966,4,0.0107583009084,0.0117750545734,0.257844310743,0.00898376831779,0.0117497723827,0.15777137164,0.369225436556,0.171891984879
C002967,2,0.00810878346411,0.00933327312364,0.0109752001021,0.00842957440186,0.201161899347,0.0116310114905,0.719989326765,0.0303709313058
C002970,0,0.00623304028741,0.00633143870032,0.00725952932704,0.268189177661,0.00626582897051,0.00626582897051,0.5561507044,0.143304451683
C002971,2,0.00420784303282,0.00432289370483,0.00272267844823,0.00281833264606,0.00431967351115,0.0903540955587,0.00456839436437,0.886686088734
C002972,4,0.0305126495815,0.0254943067743,0.361694865163,0.173428925813,0.0277930084233,0.0335028133434,0.0704269073384,0.277146523563
C002973,1,0.00301445272508,0.0359185720074,0.00546761017267,0.024918314359,0.00301580035432,0.0054811128988,0.00699363643489,0.915190501048
C002974,1,0.0248373467716,0.0130497541415,0.0123827217003,0.733074393128,0.00930762530518,0.0924164772751,0.0130825233737,0.101849158305
C002975,4,0.00449304264449,0.288416342954,0.00506180361563,0.00497154437514,0.00505218388715,0.01003889359,0.634300814293,0.0476653746403
C002977,0,0.0070583629621,0.00708468600261,0.00712940193256,0.00720800438568,0.869478737506,0.0325915982029,0.00724130351907,0.0622079054886
C002979,1,0.0273326566942,0.330124256201,0.0272542669243,0.0270676902466,0.0959928888426,0.027626840908,0.0375452196534,0.42705618053
C002985,0,0.015209833306,0.450713588864,0.0266279053352,0.0243200613981,0.0264953981487,0.0230661885413,0.022056343535,0.411510680872
C002986,2,0.859122635899,0.0628610253964,0.00900739563911,0.00902141284188,0.00514306995929,0.0102245563076,0.00955091620423,0.0350689877526
C002987,0,0.581384376424,0.0123073139273,0.0229018228745,0.285385534373,0.0123260879254,0.0123260879254,0.0139146522783,0.059454124272
C002988,1,0.00643120256771,0.00645035413484,0.00639300709742,0.00651005853755,0.0610828176818,0.841940988929,0.0118302226882,0.0593613483637
C002989,3,0.00250366278944,0.00908560181659,0.00395399404956,0.130498781875,0.00403115538626,0.00401085221177,0.00388141797539,0.842034533896
C002990,1,0.00568991524936,0.00668045881091,0.0558321388049,0.0258836895796,0.00524851665129,0.00460759070839,0.00675016659594,0.8893075236
C002994,4,0.0210639900136,0.0233052234208,0.013505406347,0.0236515475119,0.0232551848329,0.634231180885,0.0311704500031,0.229817016986
C002996,3,0.00354207395688,0.00352669969274,0.00340695715635,0.00319201759106,0.00354207395688,0.00340634631584,0.943105128999,0.0362787023309
C002998,1,0.622717636037,0.0125416642439,0.012594031358,0.0125078154074,0.0884955910064,0.0127661955349,0.0157991306782,0.222577935734
C002999,3,0.0374570677172,0.0372944864555,0.0360282214512,0.0338736787258,0.213248603468,0.0372684127762,0.0429614326448,0.561868096761
C003000,3,0.0828867637165,0.0289881353314,0.0280656162883,0.0370909325107,0.0225146347255,0.543458839927,0.0209533883475,0.236041689153
C003001,3,0.0129302956504,0.0370155490966,0.702040519154,0.14794769366,0.0093947379434,0.0128651713812,0.014865670943,0.0629403621709
C003002,4,0.659032655016,0.0210724746105,0.0214816856853,0.0194469046052,0.049813213175,0.019629165452,0.0399249289196,0.169598972536
C003003,2,0.0244190529376,0.267656236537,0.00458389908207,0.00702906010291,0.00554891524689,0.00498139741996,0.00966142415855,0.676120014515
C003004,2,0.00795387272437,0.0287504279753,0.0323960040223,0.00721802402405,0.0279367250107,0.00818564505972,0.00858867268839,0.878970628495
C003005,2,0.0262482976928,0.300654459873,0.0263896912474,0.0237783427625,0.452179827725,0.0260877720852,0.0288208219406,0.115840786674
C003006,0,0.0264683785092,0.0379322596182,0.0264554260015,0.605530068687,0.0266076144575,0.0266076144575,0.0292954151736,0.221103223095
C003007,2,0.0192469535006,0.159459964516,0.202455521906,0.0170593256665,0.0199452095711,0.0199600781572,0.021687390256,0.540185556427
C003008,3,0.309857115708,0.00329059829936,0.00325322730276,0.00302205059492,0.647081374935,0.0033000084874,0.0203288133599,0.00986681131295
C003009,4,0.829379169177,0.0072985239534,0.00724819511655,0.00798263451901,0.01038095169,0.00723377648077,0.00928926334625,0.121187485717
C003010,2,0.0374283806185,0.0383135603612,0.037494766349,0.0338962421188,0.0382850199682,0.0383135603612,0.0342650245786,0.742003445644
C003011,2,0.00671300893403,0.0068845977218,0.583116864854,0.0469681186698,0.320926206146,0.0068845977218,0.00829336528215,0.0202132406696
C003013,3,0.00332596323572,0.00765182483484,0.00765300500932,0.00880553989552,0.763064309041,0.177447872532,0.00888343126687,0.0231680541848
C003014,2,0.0328113325856,0.0345336897851,0.0358046662095,0.033203754887,0.0484406454645,0.641529571292,0.0339082487752,0.139768091001
C003015,3,0.0101803219195,0.0101361345422,0.0111550106379,0.00930091771496,0.0101803219195,0.00763260446062,0.788104518624,0.153310170181
C003017,2,0.010380289978,0.0206694582702,0.019597482323,0.335600279264,0.0206540612553,0.0206694582702,0.0226229221051,0.549806048534
C003019,0,0.0111345058694,0.130058003081,0.0106316420081,0.731601108861,0.0226755887664,0.0100497304589,0.012503698057,0.0713457228981
C003020,4,0.0980425796771,0.00495528860261,0.0410046459647,0.701032342872,0.00494464911464,0.13278056329,0.00599991446384,0.0112400160154
C003023,3,0.0065632105527,0.00695455282393,0.00506628425454,0.315746866975,0.00438130237709,0.00793787397431,0.00903326001605,0.644316649026
C003024,3,0.0138295317268,0.0137695050656,0.0135795186604,0.367597252613,0.248200950056,0.290311679241,0.016697581773,0.0360139808638
C003025,2,0.00624778062556,0.00640747788118,0.885906501131,0.00558264341307,0.00640270484692,0.0405831909826,0.00738731701375,0.0414823841054
C003026,4,0.00720240311477,0.0565755563428,0.758866027114,0.0095632319473,0.00559288470369,0.0911041690967,0.0109194074388,0.0601763202423
C003027,2,0.00836724084551,0.171079377529,0.0107413105253,0.00653773748901,0.00506884918325,0.00741416188147,0.718186535399,0.0726047871478
C003028,4,0.00400167561911,0.912958626205,0.00441774376349,0.0021607731534,0.0071621695937,0.030223331678,0.00554938069385,0.0335262992938
C003031,2,0.154516765008,0.0103440691964,0.00964382905054,0.00901247742633,0.0348840142254,0.0074605608796,0.0117291663235,0.76240911789
C003034,1,0.0109940264429,0.0093477590526,0.413954292109,0.00917011346738,0.50453666174,0.00935954503557,0.00940625469366,0.0332313474589
C003035,2,0.0127167129121,0.008272499655,0.01085800712,0.0113826312273,0.013054680863,0.862007606295,0.0141220767896,0.0675857851384
C003036,0,0.00781586611568,0.583294410612,0.0176314439694,0.0381460029,0.011671561178,0.0968594702949,0.0198036835901,0.22477756134
C003037,1,0.0480211204254,0.00932403850312,0.00925771147365,0.1264347077,0.00932003113163,0.73880846871,0.0111212221569,0.0477126999
C003038,4,0.0831604739448,0.009814822602,0.00513254940406,0.00963742807792,0.148444769647,0.0097400111222,0.00699501240394,0.727074932798
C003039,3,0.00148905831021,0.00128092262687,0.00247414684762,0.00219315541918,0.00293278082645,0.00326748808712,0.00500980911866,0.981352638764
C003040,1,0.0403537373967,0.0535604584224,0.0497528550434,0.0391505634294,0.175391797656,0.0536279893298,0.0610512435943,0.527111355128
C003041,0,0.00156896709144,0.00339454326017,0.00450354723784,0.00339972141272,0.00587550044012,0.00430844729431,0.00367644997848,0.973272823285
C003042,2,0.0822926927791,0.0856023789572,0.00241537569888,0.797680385082,0.00222103639628,0.00251135615453,0.0038303418808,0.0234464330512
C003043,3,0.776097284887,0.121752256215,0.0102338116624,0.00898692400395,0.0230995796217,0.00897820869174,0.0117160199469,0.039135914971
C003044,3,0.00162384582455,0.00189056300602,0.000872502290942,0.0018983477779,0.00597665629414,0.000609132240165,0.00101085760887,0.986118094957
C003046,1,0.0668270380122,0.0237878791602,0.0235763924158,0.0240080594926,0.0242137495326,0.0242137495326,0.0269535378431,0.786419594011
C003049,2,0.0245225057338,0.0290044598696,0.0319720619014,0.516541853081,0.0258117989311,0.0258310408927,0.139547045325,0.206769234266
C003051,2,0.00732707088681,0.00764578780972,0.00724925585799,0.0422840126394,0.774142510752,0.00764578780972,0.00810397011355,0.145601604131
C003054,0,0.0341456940591,0.0351019607789,0.0341289845971,0.0343253162482,0.0343253162482,0.0343253162482,0.0340137229736,0.759633688847
C003056,1,0.0331472339408,0.813460459481,0.0086936662266,0.0086192217793,0.00758410181595,0.0395539802628,0.0117019516765,0.0772393848173
C003057,0,0.102505753978,0.00501406641628,0.0123138318404,0.109932161829,0.0251209307455,0.00553506698273,0.0129084057581,0.72666978245
C003058,2,0.0061195895046,0.519934530022,0.00606827003951,0.00546809948781,0.0675882439998,0.00627601011346,0.362727464149,0.0258177926835
C003059,4,0.0851132460017,0.0254374799347,0.025600379579,0.210052685444,0.0850232507488,0.0164213821233,0.34985551951,0.202496056658
C003060,3,0.066082950493,0.226306484093,0.0496479339355,0.0803045334248,0.0498027034659,0.262908210812,0.0360795120605,0.228867671715
C003062,1,0.00326516876209,0.00328502777715,0.00305549024121,0.820337543348,0.00328361590753,0.00328361590753,0.124087317971,0.0394022200852
C003064,3,0.0296727297386,0.0157388585009,0.030417386006,0.0221077045395,0.361895517291,0.197240759634,0.0371104310973,0.305816613192
C003065,3,0.00331381956697,0.00395751345512,0.00390290918641,0.00365067508646,0.925477009879,0.00567576371528,0.00446815590543,0.0495541532052
C003066,3,0.00830058085674,0.0082645524383,0.00799427633478,0.208681231205,0.634490216613,0.0921746574453,0.00912556667761,0.0309689184294
C003067,0,0.0189376102042,0.0191199507115,0.0191282079872,0.0716280042429,0.019037230818,0.644063397464,0.0218668910484,0.186218707524
C003069,3,0.00650812117099,0.0510496291077,0.86390958929,0.00577230744745,0.00695877972402,0.00647534259834,0.00778259274558,0.0515436379159
C003071,0,0.219014232133,0.691280577411,0.00330444812814,0.00332345741789,0.0277048014749,0.00332345741789,0.0421177610513,0.0099312649656
C003072,1,0.00165629659853,0.00076239022839,0.00208703724407,0.000747901701511,0.000763351476771,0.00246782288688,0.000321006086731,0.991194193777
C003073,3,0.0280310996447,0.0269716253248,0.0270372435599,0.0248562043873,0.0271856790355,0.0261439593734,0.0299763868832,0.809797801791
C003075,3,0.0106735020427,0.0106271740322,0.509594089472,0.00964761607697,0.364742126259,0.054586867895,0.0119308388313,0.0281977853912
C003076,2,0.00252207248324,0.00267141174031,0.00284364386628,0.936617319071,0.0279467753672,0.00262721569091,0.00275483880247,0.0220167229788
C003079,3,0.00845639386208,0.244398197286,0.546507069475,0.0076318158617,0.110833254375,0.0406576080485,0.00968261355617,0.0318330475352
C003080,3,0.840673356007,0.00731596965442,0.00707671510477,0.00727341181635,0.0507735954286,0.00731085484353,0.00818289857788,0.071393198567
C003082,0,0.0380069277677,0.0324036114031,0.0344847581352,0.0346831364223,0.0154964897197,0.0346831364223,0.0298421634434,0.780399776686
C003083,1,0.0162571877775,0.0187918864515,0.0103493967011,0.193304056612,0.018815579922,0.530318793811,0.0219826206808,0.190180478044
C003084,0,0.014019054992,0.00221650971738,0.00223049951075,0.0243834880658,0.00221989085722,0.920688558191,0.00951289442715,0.0247291042386
C003085,1,0.139512363619,0.00729393675266,0.00728543843947,0.179508795979,0.397335806764,0.00937602471973,0.243159296742,0.0165283369843
C003086,0,0.00610115835528,0.00400087344596,0.349751445073,0.00613325327823,0.604354889605,0.00613325327823,0.00720554465352,0.01631958231
C003091,4,0.00652722553234,0.549743411775,0.00736921649016,0.0164633210589,0.0143977741761,0.297799930122,0.0114922995477,0.0962068212977
C003093,2,0.0674152362017,0.00566211487312,0.0123736550046,0.0169369740487,0.0105826801035,0.381792630834,0.0150961394387,0.490140569495
C003094,4,0.0124429205118,0.233584448508,0.109203014951,0.0125818945498,0.0151725652106,0.549965248724,0.0140503784734,0.0529995290722
C003095,1,0.169754299319,0.0457211802235,0.0454231235628,0.0448522911376,0.0457788270935,0.0457788270935,0.033353735743,0.569337715827
C003096,1,0.00379695922044,0.00383299351278,0.00382837179745,0.539804104233,0.00383782628565,0.00380325211109,0.408415453851,0.0326810389885
C003098,2,0.0282426892968,0.0290229647465,0.0288509354698,0.0272612277694,0.0293185103897,0.0293403665049,0.0306101894337,0.797353116389
C003099,0,0.0228375338853,0.0157295161271,0.0228263581597,0.144088430164,0.0973704616096,0.031015141703,0.0123829186495,0.653749639702
C003100,2,0.0132331414405,0.0122769524033,0.0383244013931,0.0106965406261,0.0122678071021,0.117401197789,0.0820418575047,0.713758101741
C003101,0,0.00277683241405,0.00264384650666,0.103843869577,0.149087984309,0.0338129202668,0.0149245318162,0.00976802391252,0.683141991198
C003105,2,0.0149619160571,0.0167790411086,0.0164204584485,0.115213219301,0.0263512373846,0.0121795793147,0.0198107936587,0.778283754727
C003106,3,0.00346021708342,0.0351284743739,0.916484200944,0.0031262963614,0.00346021708342,0.00340922234983,0.0156123667949,0.0193190050091
C003108,2,0.0144866900986,0.0977071954076,0.014864673774,0.309581567725,0.276996146898,0.177121941307,0.0164220334407,0.0928197513499
C003110,1,0.00105210561453,0.0010336012268,0.98398109995,0.00104316822771,0.00105210561453,0.00105210561453,0.00127772876458,0.00950808498696
C003112,4,0.0358043364927,0.547844500918,0.0226910126087,0.0238482580452,0.0189473057153,0.169756091399,0.0314265241475,0.149681970673
C003113,2,0.00119528894912,0.00202878335714,0.00326566488855,0.00176761812609,0.00158804862574,0.0136535131931,0.00236695629614,0.974134126564
C003114,2,0.00393187940332,0.00836087038262,0.00266464672811,0.00348110852168,0.00167184254492,0.00407303310371,0.00460281165867,0.971213807657
C003115,1,0.00996653327725,0.00411257542693,0.00414400058015,0.00269532986539,0.00744683904278,0.00788735921786,0.0263388365537,0.937408526036
C003116,2,0.00477645690096,0.00490711745025,0.00457493090218,0.00447252914505,0.0753585924663,0.00490711745025,0.00541163454491,0.89559162114
C003117,3,0.300871335848,0.0190658628621,0.00726657837162,0.00660356083885,0.00703695196585,0.615771090739,0.00815518183344,0.0352294375411
C003118,4,0.0038939172784,0.00445511725627,0.00439515629419,0.00435271271859,0.00444555168496,0.917670020059,0.00594105853605,0.0548464661728
C003119,4,0.00898446612425,0.0102685601276,0.0100061339623,0.0100325288198,0.0102465125274,0.835750877086,0.0120738809192,0.102637040433
C003122,2,0.0111042125324,0.0114079695931,0.0106357088763,0.844595155131,0.0113994716114,0.0114079695931,0.0126000031032,0.0868495095592
C003124,4,0.00513497739628,0.00571884943887,0.0330786824261,0.00257265036928,0.00565900913444,0.0155361781776,0.00697429617011,0.925325356887
C003126,4,0.0148110546553,0.0166692755502,0.0154178780527,0.668679866573,0.0156149596485,0.010555066924,0.0224337964936,0.235818102103
C003127,2,0.0166932495015,0.038706237451,0.037879051589,0.417774366781,0.0386774045466,0.179851248463,0.0423680184442,0.228050423224
C003129,1,0.0102642525769,0.0103092440209,0.597243009006,0.0101133262958,0.236218200141,0.0103222422778,0.0244308370982,0.101098888584
C003131,1,0.41231679122,0.161273294424,0.0273598369616,0.0691384146813,0.0353491977019,0.0490673187543,0.0397310707056,0.205764075552
C003132,2,0.0170416941829,0.0174578847321,0.0182538060122,0.0159117647106,0.0174448800705,0.0174578847321,0.684885066751,0.211547018809
C003136,2,0.0343902602236,0.0483081115151,0.0223287156412,0.285486430596,0.0486175348992,0.0483081115151,0.0299503799135,0.482610455696
C003138,3,0.356851947601,0.008182274989,0.00803723357667,0.0076348831954,0.0058191836626,0.565580712232,0.00943045567239,0.0384633090714
C003139,0,0.000819530989107,0.0976220686862,0.00113240872287,0.00112702278499,0.0326282165201,0.0210651411912,0.841268999069,0.00433661203617
C003140,0,0.189882925032,0.0507212652606,0.0123417733127,0.0124127710514,0.212995387628,0.432251950737,0.0140244827605,0.0753694442182
C003142,0,0.292726858671,0.0490461982276,0.0100615639497,0.0141886374933,0.553722231271,0.00717391026245,0.00701922198736,0.0660613781371
C003143,1,0.017505558613,0.0178495156887,0.0176309999405,0.47110017691,0.247006143996,0.017872020985,0.0298677462371,0.18116783763
C003144,2,0.0102814060994,0.234869663508,0.340783644566,0.00569681603591,0.00873324810603,0.300853709542,0.0111068642706,0.0876746478723
C003145,1,0.00463780833192,0.0024345480008,0.00243582433804,0.00336539705838,0.00149107696466,0.00147806890217,0.00281669268228,0.981340583722
C003146,4,0.023310222046,0.0256617567207,0.0253150941717,0.0150006203909,0.0516344713496,0.0254341033073,0.561106930257,0.272536801757
C003147,0,0.0339328922654,0.0342596146302,0.212847944704,0.410309397181,0.0341113950185,0.0341113950185,0.0368603699534,0.203566991229
C003148,4,0.000783857489689,0.00125902426513,0.00102982273552,0.00208414636877,0.00125632101722,0.00146353435168,0.00142726004254,0.990696033729
C003149,3,0.340291095021,0.00491711469097,0.00482995247016,0.00450511890249,0.00321117791926,0.612784911865,0.00581047042926,0.023650158702
C003150,3,0.721456342399,0.0241202510958,0.01064878327,0.00928776981804,0.0105191106657,0.0103640859278,0.127069083294,0.0865345735295
C003152,3,0.0115327538768,0.0273561313724,0.0116622825458,0.0104369075584,0.00707739973122,0.0113627906354,0.132506922477,0.788064811803
C003153,4,0.0339092785291,0.104100218559,0.213999779623,0.0282216369865,0.424246222618,0.0442154012935,0.0369989960589,0.114308466332
C003154,3,0.0210885080856,0.382031208161,0.0210229723162,0.0194327845694,0.282809928351,0.0149290939396,0.181517973308,0.0771675312695
C003155,3,0.0708257734716,0.0222530140356,0.0223071525418,0.0200661362954,0.0224296196413,0.0215701459544,0.0250458185069,0.795502339553
C003157,2,0.00388732541013,0.0245915089142,0.0039082655398,0.00341322993466,0.00186983006017,0.000982442967565,0.004280766049,0.957066631125
C003159,4,0.0159739317108,0.0268977195821,0.0268910728204,0.0641453520387,0.309814359363,0.0172694250226,0.0339280203177,0.505080119144
C003160,1,0.00364822634071,0.339479603344,0.00613459647843,0.00361285994422,0.030955613053,0.00368749257852,0.601856874735,0.0106247335268
C003162,3,0.0052721031341,0.00524921973099,0.918024979344,0.0199401225225,0.00286861555026,0.00524554984612,0.00671704064408,0.0366823692282
C003163,4,0.0665176782233,0.00969765512976,0.049792564733,0.00563174129263,0.0204246210871,0.00962373673508,0.0121918341275,0.826120168672
C003164,4,0.00189299415752,0.00642527581942,0.00701798592255,0.00627758556531,0.299483298401,0.00636827520218,0.654912011652,0.0176225732801
C003166,0,0.0127728315924,0.134468567429,0.0181659046185,0.0182704064691,0.649634195773,0.0182704064691,0.022756113064,0.125661574585
C003167,1,0.00386584748254,0.00723319959076,0.00726633688657,0.66605686648,0.00724231946288,0.00724231946288,0.242095080845,0.0589980297897
C003169,4,0.00629614915351,0.00551477727787,0.00714227256371,0.00697982635126,0.162970989925,0.720168535875,0.039008659441,0.0519187894134
C003174,0,0.00688194492372,0.0136018582707,0.0072158893912,0.078782236108,0.0872174046745,0.0537099618178,0.0146005050715,0.737990199743
C003176,3,0.0205523362928,0.0293993570967,0.0293658913026,0.630797193326,0.0295275203998,0.0369231339022,0.0745509737877,0.148883593892
C003177,0,0.00763842851043,0.0966283205449,0.0103571006065,0.010416681244,0.00547375625038,0.247604420564,0.575415253369,0.046466038911
C003178,1,0.00211087342481,0.00213090625258,0.0357166370548,0.00209041033411,0.91736091465,0.0275829973324,0.00375403803108,0.0092532229201
C003180,4,0.00371231436654,0.00274163873293,0.958171532519,0.00267861990968,0.00162554311671,0.00272074115188,0.0036320578591,0.0247175523438
C003184,0,0.291814014131,0.0137385509193,0.0136808074596,0.0103366041895,0.0348956303635,0.0137595081754,0.428460100841,0.193314783921
C003185,1,0.0541838240934,0.0208930021093,0.0116771458959,0.0204959497713,0.0209193447402,0.0209193447402,0.0992548326002,0.75165655605
C003186,0,0.036050813884,0.0361852596527,0.0364136476907,0.0285132806423,0.0362404578871,0.0362404578871,0.036115466967,0.754240615389
C003188,1,0.00326312328863,0.00327742658326,0.00323730396398,0.00325368281608,0.943181114971,0.00718340352541,0.00467437346653,0.0319295713852
C003189,2,0.0312634348847,0.0475174633729,0.138395204187,0.0406118591389,0.297513690923,0.0427524407291,0.0549869646124,0.346958942152
C003190,2,0.0122111922663,0.10457435133,0.0289372298785,0.0256554735303,0.0729736335319,0.596835008945,0.0403949485089,0.118418162009
C003191,2,0.00753922580699,0.481623122058,0.00757983788582,0.00682978749711,0.00773959336388,0.00774536301048,0.451288231188,0.0296548391902
C003194,0,0.00736066472264,0.913490517254,0.020620641049,0.00739938523332,0.00966695299501,0.00739938523332,0.00843968952245,0.0256227639902
C003195,3,0.0119204491132,0.00867631679159,0.440052128009,0.0215512361742,0.254068811325,0.00724215890477,0.201917263852,0.0545716358302
C003196,4,0.17854163158,0.0504455852348,0.0176211343876,0.0221014918509,0.0174714145126,0.0173755492245,0.519027446312,0.177415746897
C003197,4,0.00795553771744,0.00885692813085,0.609183435378,0.00865334434658,0.00883791144226,0.00878941800594,0.313158988596,0.0345644363824
C003198,3,0.00758083154187,0.0273919685422,0.618339012121,0.231527196217,0.0254653818946,0.0123204708387,0.0135819329717,0.0637932058725
C003199,4,0.14123458801,0.030446336023,0.0901005922045,0.047575484129,0.0287152172607,0.113233787043,0.0568678454646,0.491826149866
C003201,4,0.0421796928391,0.0523468436086,0.0489820177158,0.0514007191818,0.0545492187478,0.051882458502,0.0615897979593,0.637069251446
C003202,1,0.00979126595643,0.00983418415145,0.00973061844219,0.00964729450346,0.826949418998,0.00984658343628,0.0121642051252,0.112036429387
C003203,1,0.00220580424079,0.00274724847521,0.00271831666628,0.00269503953825,0.943359165391,0.00275071230259,0.00364114494252,0.0398825684429
C003204,2,0.00663581838875,0.0125162743843,0.0121019774473,0.044771868747,0.00731462965966,0.780412003458,0.0139412989083,0.122306129007
C003205,3,0.0124812694152,0.418739686347,0.439045390472,0.0100262370379,0.066580723874,0.010948416078,0.0122719636734,0.0299063131024
C003206,1,0.558821696195,0.0228576086891,0.0228695920294,0.0224232208053,0.207829552703,0.0340483283422,0.0252030506201,0.105946950616
C003208,4,0.0181002771376,0.0261315534999,0.025350935317,0.597858655231,0.119222898556,0.022984568846,0.0068541196637,0.183496991749
C003210,0,0.00381818832981,0.32074375517,0.534834355341,0.00383827377148,0.00299337610753,0.00383827377148,0.118467063407,0.0114667141013
C003211,3,0.0190325961798,0.0279410086647,0.027846059415,0.0257378583647,0.70148166991,0.0280209121114,0.032831635876,0.137108259479
C003212,0,0.0443708377514,0.614095962883,0.0501938571987,0.0267077419264,0.00928178226616,0.208380482298,0.013549898545,0.0334194371314
C003214,0,0.012699768174,0.0357769144028,0.0128275851283,0.0127665748453,0.149317731416,0.69331469234,0.0143835650093,0.0689131686842
C003216,0,0.00587044480376,0.287655082367,0.0079829575871,0.00802888064232,0.00512301034302,0.074647551123,0.536983304363,0.0737087687707
C003217,1,0.822997999367,0.124269164021,0.00493018919678,0.004896438213,0.00499758635828,0.00499758635828,0.00582746858539,0.0270835678996
C003218,3,0.00940587953751,0.0093650536038,0.838580695649,0.00862654455538,0.0417877839288,0.00935850621767,0.0109886566107,0.0718868798973
C003220,0,0.00562500235869,0.00564597990912,0.00562224971987,0.00469554082171,0.0226920881798,0.00742667036025,0.00581153640106,0.942480932249
C003223,0,0.0333464932789,0.040324214211,0.0401547305695,0.0403857261484,0.192011437992,0.0403857261484,0.0460842649093,0.567307406743
C003225,0,0.0278336574784,0.0281016534488,0.164042207412,0.0279800754274,0.0417895861074,0.0279800754274,0.174548868132,0.507723876566
C003226,1,0.465925835247,0.0131681346336,0.0163139325144,0.374464596846,0.0143891544355,0.0131847374803,0.0205169829481,0.0820366258953
C003228,3,0.0110600526718,0.159938351238,0.742948337251,0.0103618037145,0.00764954131305,0.0108970558349,0.011761533993,0.0453833239835
C003229,3,0.0240529703189,0.0238635828277,0.023135439959,0.0216168790662,0.686009558737,0.0231312919573,0.0270782498378,0.171112027296
C003231,0,0.00910249653181,0.039870767931,0.00985812590748,0.255991237695,0.00915037988573,0.00559281530171,0.00990926761158,0.660524909135
C003232,4,0.350057121641,0.0166832731919,0.426858596366,0.0162997944236,0.016647452577,0.0165574814974,0.0226343964658,0.134261883838
C003233,0,0.0472449941516,0.00912034092777,0.552169546888,0.00908088300024,0.315226900631,0.00838817391597,0.0102802855807,0.0484888749055
C003234,4,0.00809809744772,0.00901889073132,0.00895624453257,0.00413360476555,0.547770801167,0.00893962273232,0.301903790341,0.111178948282
C003238,2,0.0117586563606,0.0142580873925,0.0302347143064,0.673552147091,0.0120711623535,0.0286224004611,0.159708849318,0.0697939827171
C003239,3,0.00732479655003,0.00714952770625,0.846041604727,0.00630124899592,0.00659333177247,0.00716997334986,0.0135629161872,0.105856600711
C003240,1,0.0201997764991,0.0203914784925,0.0202235167432,0.0200039571508,0.588560244913,0.0204171887849,0.0238317103608,0.286372127055
C003242,3,0.00209484917694,0.00309272902232,0.00201826138296,0.00218650430534,0.00102534298828,0.00154027458896,0.00877304992732,0.979268988608
C003243,0,0.00443275017337,0.0405176616906,0.00623526584785,0.738360636294,0.0044560684954,0.16769543859,0.00470257649364,0.0335996024147
C003244,4,0.00432624006093,0.00489242949242,0.0204065053209,0.004779972973,0.901799498942,0.004849027231,0.00669360686546,0.0522527191147
C003246,2,0.00691588127754,0.00708478023774,0.00688309671969,0.00764400661533,0.00378869611642,0.925583251937,0.00764275315304,0.0344575339435
C003247,3,0.0029155907985,0.00294203682401,0.00566815499776,0.00669954823053,0.0029155907985,0.0168078268284,0.00464331836189,0.95740793316
C003248,1,0.00387891738129,0.00524407381134,0.252182903088,0.00382188151139,0.00390083200756,0.707176967744,0.00466118029524,0.019133244162
C003249,3,0.939170001021,0.00160940350572,0.00155677109619,0.00147549712551,0.00161641952545,0.00159259764343,0.0327665919348,0.0202127181474
C003250,4,0.0015793932022,0.00177038135143,0.930105870954,0.026230587843,0.00176658016999,0.00175703269573,0.0275895146895,0.00920063909454
C003252,1,0.711053729148,0.00873692628236,0.179015078595,0.00857088901356,0.00874794210593,0.00874794210593,0.0125050943509,0.0626223983983
C003253,3,0.0247965595191,0.00426198125889,0.00747293463415,0.184313995854,0.00699776556516,0.0521102977907,0.662888067768,0.05715839761
C003254,2,0.01759437329,0.0180553677503,0.0171189658527,0.730391188743,0.0180419180138,0.0180553677503,0.0198136793906,0.160929139209
C003256,3,0.00362067487399,0.346825365946,0.028096320212,0.00791198347908,0.561739250496,0.008617821284,0.0102324811246,0.0329561025844
C003257,4,0.0198724485435,0.016804891833,0.027826550937,0.0278309235784,0.0284245290711,0.0282353268339,0.0435187087793,0.807486620424
C003259,1,0.0144080644853,0.478466524564,0.0144908180013,0.0142683907717,0.014563139975,0.0176838660646,0.0912663729456,0.354852823192
C003260,4,0.0123063961643,0.014092376811,0.0134932028381,0.0130640456403,0.0140621191034,0.0139861204465,0.0205610952256,0.898434643771
C003261,0,0.00628526900289,0.00136093674944,0.00194585623907,0.00154749441148,0.00136301276897,0.000992830787449,0.000772036105683,0.985732563935
C003265,1,0.0115550332201,0.0083896825331,0.0124610107802,0.0137585746275,0.0196844708412,0.0112527345164,0.0169906059803,0.905907887501
C003266,1,0.0203835280482,0.00313142239363,0.107700336082,0.00392297199537,0.00400401076766,0.00400401076766,0.841984774737,0.0148689452085
C003268,3,0.00247771521471,0.00161960999468,0.0016249191953,0.002229429894,0.00358992335418,0.010278536238,0.00271480186049,0.975465064249
C003270,2,0.0113145103271,0.0117206990315,0.0113870441072,0.00961041400578,0.0117119680926,0.798634924265,0.0133581013517,0.132262338819
C003275,4,0.00460435655251,0.00685823454112,0.827901760248,0.00670059237436,0.0068435092426,0.115417257538,0.0109165187789,0.0207577707242
C003278,4,0.00600097068311,0.0958054006336,0.108542447021,0.0174254260132,0.0177080701464,0.0149096693912,0.026278532672,0.71332948344
C003279,2,0.00240302318294,0.0113281306067,0.00336178294854,0.00541315891193,0.00530930228815,0.00633360761567,0.00679029270851,0.959060701738
C003280,0,0.0359615739588,0.060933258513,0.0613178468092,0.0610262081924,0.0610262081924,0.0753975033613,0.0753924382992,0.568944962674
C003281,0,0.00543298061998,0.0258771920431,0.00543032194849,0.00672258035913,0.0305135978732,0.0135034738483,0.00646828396601,0.906051569342
C003282,2,0.0158270555158,0.0162135822811,0.0156769020143,0.12007334824,0.00915725353184,0.34261075325,0.0189565224485,0.461484582719
C003283,1,0.00732128993918,0.787366902752,0.00735723654036,0.00721363718469,0.122066582993,0.0140975752016,0.0059760816198,0.0486006937698
C003285,3,0.0398177982079,0.538376760648,0.0204315942472,0.0193582679946,0.0208077611539,0.255065224385,0.0238922963746,0.0822502969879
C003288,3,0.0270006289528,0.784666527621,0.00747684447644,0.00903993565347,0.0110789868944,0.0377349348838,0.0131547791266,0.109847362391
C003290,3,0.00967029350534,0.075956190284,0.0022775233767,0.00871924578468,0.0413513877722,0.0183475906395,0.010677036182,0.833000732456
C003292,3,0.114561754722,0.00777615938298,0.00755875193167,0.0170920903836,0.760303101474,0.0169975375584,0.00846845547233,0.0672421490751
C003294,2,0.00401515727467,0.00354879943749,0.00403678600525,0.378422834825,0.586446564459,0.00412493954057,0.00455893621272,0.0148459822457
C003295,3,0.159764005926,0.00155258881863,0.825402773855,0.00169584984974,0.0018667374834,0.00138440353766,0.00214965683191,0.00618398369774
C003296,3,0.00448644239634,0.893423650936,0.0550310986934,0.00406013906623,0.0109626927054,0.00495459393343,0.00501057403354,0.0220708082357
C003298,3,0.0254829103512,0.0051326421275,0.00809899844371,0.870808581802,0.0196037535783,0.0118471396918,0.00865936094412,0.0503666130613
C003299,1,0.0178737732136,0.0180739184611,0.0460255933652,0.0177005024537,0.138794141069,0.0220867010607,0.02362960035,0.715815770026
C003301,2,0.00595094197018,0.0061990320356,0.00606655334492,0.00438228457166,0.00619441427604,0.934656898205,0.00635373660859,0.0301961389878
C003302,2,0.0108481444542,0.0253637613323,0.682894656135,0.00982733814547,0.0804225669965,0.011144753976,0.12813258105,0.0513661979099
C003303,0,0.0277046598943,0.027807980011,0.0296342171439,0.0278503992561,0.0278503992561,0.0278503992561,0.0310995944512,0.800202350731
C003305,1,0.00536270379029,0.00211113193418,0.000582680459623,0.0161999578058,0.000565095963491,0.00211379372348,0.00234451529356,0.97072012103
C003306,4,0.012868485503,0.179091718462,0.119880841438,0.0134731826854,0.0137605520652,0.594665522499,0.0160021244754,0.050257572872
C003308,0,0.0109273878016,0.0110998939249,0.446267466749,0.0114385539452,0.01098487093,0.01098487093,0.466161538793,0.0321354169263
C003310,3,0.00681586404246,0.00203002662823,0.0013675159026,0.00125822272863,0.00367473136298,0.00101082321216,0.00167305581221,0.982169760311
C003311,1,0.0081269958136,0.00999422803399,0.00806269130385,0.00800749590412,0.850761111126,0.00817291070644,0.0142586703275,0.0926158967841
C003312,3,0.00409256837067,0.0041296902355,0.0012262937981,0.00367244248012,0.00910709659683,0.00279198849608,0.0181160027918,0.956863917231
C003313,1,0.0159825717917,0.0160301665134,0.0166668013297,0.0159869025197,0.0127844800402,0.0163171518701,0.0170614803648,0.88917044557
C003315,2,0.0160565373247,0.088193737277,0.0319585416843,0.0283045378141,0.032476480265,0.0509521930201,0.0362663578205,0.715791614794
C003316,1,0.0137960536825,0.0304909742315,0.91907027373,0.0045440357095,0.0125552761295,0.00463790410201,0.00275192288903,0.0121535595263
C003319,0,0.405569101337,0.143349445983,0.00515335196681,0.00518299732873,0.00310996617879,0.00518299732873,0.363538606978,0.0689135328996
C003322,2,0.877447383962,0.0441159622855,0.00497173533724,0.00459056152166,0.0052648912585,0.00526881608512,0.00437300334781,0.0539676462022
C003324,4,0.0362115547511,0.0601542817867,0.00432244226132,0.00775962821819,0.0138591537542,0.0187022957903,0.835522601451,0.0234680419871
C003325,2,0.0144369546151,0.0150750919384,0.0142932554844,0.0153828989915,0.0150638622577,0.0150750919384,0.0117663684769,0.898906476298
C003326,3,0.00373846193625,0.0257653081596,0.00714725962129,0.0064930709502,0.0044227473993,0.00491369725687,0.80858603373,0.138933420946
C003327,1,0.119972007116,0.00730120650359,0.00726182560332,0.814154145916,0.00729806852354,0.0121819394486,0.00914307332799,0.0226877335608
C003328,3,0.00741332402313,0.00489765046034,0.00267858041972,0.00341473483265,0.00242127434293,0.00323285846288,0.00868242901404,0.967259148444
C003329,0,0.134661843365,0.00323248761378,0.00375377629343,0.00274219093091,0.768618102114,0.0294431850956,0.00523587678816,0.0523125377991
C003330,0,0.0272437691453,0.0328615460409,0.252024385974,0.0329116741688,0.0329116741688,0.0329116741688,0.0395870415447,0.549548234789
C003331,3,0.00993109461065,0.202934248785,0.0111183993397,0.676515455637,0.0105756772404,0.0105224121588,0.0124709370739,0.0659317751544
C003332,2,0.00316294933825,0.00590021005066,0.0236324632646,0.721897893355,0.0745353736254,0.00590021005066,0.00649185728015,0.158479043035
C003333,0,0.00225078880626,0.369091739197,0.00227344189457,0.0022626289994,0.0022626289994,0.0022626289994,0.60300596724,0.0165901758644
C003334,2,0.00245337831741,0.0116024617045,0.0024551008118,0.125613230868,0.00618466741673,0.00418589635548,0.0580699075956,0.78943535693
C003335,3,0.00415269364163,0.0099241023024,0.00838931855577,0.00385482730576,0.00191589938264,0.00324941339178,0.00852292658047,0.95999081884
C003336,3,0.00363259588435,0.00518553470567,0.0323471545608,0.74290796924,0.116079637201,0.00367962279811,0.00573507237513,0.0904324132342
C003338,1,0.0251063896688,0.025216438863,0.367424789165,0.025033754907,0.247043320655,0.0252482326348,0.0611981945399,0.223728879567
C003339,4,0.3334777406,0.537509196657,0.0309047399916,0.0077199604089,0.00788461936784,0.0358340877323,0.0105161169673,0.0361535382756
C003340,0,0.00538706211823,0.00596264271605,0.00515986505736,0.00597173833547,0.783193094018,0.00597173833547,0.00593898402926,0.18241487539
C003341,3,0.00869611833146,0.0115254196093,0.0788348727437,0.177093215662,0.655876642675,0.01136429067,0.0127653762703,0.0438440640383
C003342,1,0.0122455042082,0.729726328573,0.00886577004148,0.161931531014,0.00887229692138,0.00887229692138,0.0116804230965,0.057805849224
C003343,4,0.799180390178,0.0558344115049,0.0147922385557,0.0144550660282,0.0147633779881,0.014663892284,0.0223515683244,0.0639590551365
C003345,3,0.00137879738739,0.000789611960878,0.00136181659269,0.00126189114002,0.00107082274423,0.000766899530553,0.00161932976266,0.991750830882
C003346,1,0.00834216058047,0.866831223506,0.00827615358862,0.00976165585304,0.00838929108452,0.00838929108452,0.0242331033854,0.0657771209171
C003347,2,0.00886873918425,0.0091112278881,0.00859749380604,0.00257038419751,0.0360399802407,0.0482247066874,0.0106090984757,0.87597836952
C003348,1,0.0136693497144,0.00345369153807,0.111444118847,0.00296710162755,0.00302839451301,0.123675420494,0.701812117756,0.0399498055095
C003349,0,0.00715579480283,0.886254621148,0.00722781437711,0.00662413411624,0.0465902258472,0.00719343760269,0.00793548805443,0.0310184840511
C003352,0,0.0074802686658,0.00598055972397,0.0445224777308,0.0344585120832,0.00598968267461,0.00598968267461,0.00694289727039,0.888635919177
C003353,1,0.0214367782469,0.0745846760248,0.0188529431313,0.0184849693042,0.0152969146515,0.696803621028,0.0253303064343,0.129209791179
C003354,0,0.0364078605032,0.00734457550637,0.82623825476,0.00726846711499,0.00726846711499,0.00591360470911,0.00824499294187,0.101313777349
C003355,2,0.0213612652947,0.674834452563,0.0128909704504,0.0116230951841,0.181380265821,0.013332277633,0.0149587536578,0.0696189193961
C003356,1,0.0147702442747,0.00989439206209,0.0148170992877,0.388419363637,0.00741557816561,0.457491738093,0.0196814218637,0.0875101626161
C003357,2,0.000473921938,0.000380211501117,0.00584518184051,0.00110321761325,0.000820969872943,0.000964687561876,0.00150563936366,0.988906170309
C003358,4,0.443220987971,0.0219143623832,0.0219089470711,0.0193039211856,0.234757106658,0.103306003702,0.028904722023,0.126683949006
C003359,0,0.0137679705286,0.00968681164138,0.0205403303014,0.00195213858386,0.00195307385884,0.00523563320938,0.00214214906431,0.944721892812
C003361,0,0.00899608180018,0.881350825761,0.00908662296287,0.00876503144517,0.00904340536326,0.00904340536326,0.0103827085094,0.0633319187947
C003362,2,0.0158905749081,0.0579352516254,0.0164702045141,0.00343543568405,0.00413847652181,0.0103528439511,0.00997840448175,0.881798808314
C003363,1,0.0386272405267,0.0388356765889,0.0257394438059,0.0204778841465,0.108282455181,0.216680173167,0.0233722190424,0.527984907541
C003364,1,0.00634807838466,0.693686082516,0.00637924664105,0.0590078150914,0.00326730230372,0.00638394297047,0.213574985608,0.0113525464846
C003365,1,0.163938765292,0.696822129062,0.00345578628889,0.00338833587029,0.0652184115149,0.0524628420007,0.0041168747294,0.0105968552415
C003366,0,0.00643902432605,0.00987411504606,0.00855132761818,0.522871484166,0.0307262757151,0.156557245037,0.239967033063,0.0250134950287
C003367,4,0.12054160371,0.0297555594158,0.0297482064463,0.0292177531289,0.0215187603975,0.0294940346092,0.438573211382,0.30115087091
C003370,4,0.0104388891277,0.0117458082774,0.677938035815,0.0119203552578,0.0117205888813,0.0116572450135,0.0154281747952,0.249150902832
C003371,1,0.016471301514,0.164401031564,0.0201251662555,0.515879702512,0.020174867057,0.200404667533,0.021270478037,0.0412727855275
C003372,3,0.00522426843896,0.00527165545103,0.102874566993,0.00444473581828,0.00594665049773,0.00869536090984,0.00590114916616,0.861641612725
C003373,3,0.0476135227108,0.0267417067513,0.276001633644,0.0241616593477,0.0268582843164,0.308102465409,0.0336429015281,0.256877826293
C003374,1,0.0167233131422,0.514169552379,0.0163751145113,0.209441760727,0.0168177944424,0.0168177944424,0.0236251487546,0.1860295216
C003375,3,0.00200266285379,0.045172795157,0.0337201719233,0.200609079421,0.00405392491492,0.698597472645,0.0044852657348,0.01135862735
C003376,1,0.558270552472,0.0401250103296,0.0213588204334,0.0723193210807,0.0213745445561,0.0645448218548,0.0939725238381,0.128034405436
C003377,1,0.0636245590991,0.0160270618763,0.63460259658,0.120754355273,0.0160201736174,0.0136063257876,0.0194768191968,0.115888108569
C003378,0,0.167352004174,0.0231505510801,0.792552259236,0.00199097852502,0.00199097852502,0.00314552510985,0.00215581370509,0.00766188964519
C003381,1,0.00819706381697,0.00824691900844,0.092991079532,0.809857386927,0.00441232178743,0.00824337457132,0.0115019489683,0.0565499053883
C003382,1,0.0235162671269,0.0261944449921,0.023998356172,0.0235226392275,0.0229647413772,0.0240085580171,0.0300400234179,0.825754969669
C003383,1,0.0127797667381,0.0174459474924,0.00947248005439,0.00930368237844,0.834471461766,0.00949587314568,0.0124201481813,0.0946106402433
C003384,1,0.0122711661653,0.018912212712,0.00734707682767,0.884351660484,0.0133135374341,0.00954154757392,0.0207690824102,0.0334937163929
C003385,4,0.00687935939461,0.865675418824,0.00760385121844,0.00783190869864,0.00770065824616,0.00765840489448,0.00951624945227,0.0871341492715
C003386,1,0.00636017594356,0.00636079814775,0.00630840514523,0.911608938731,0.00636881806549,0.00636881806549,0.00729329243506,0.049330753466
C003387,1,0.0172877918726,0.017363569696,0.0171807105607,0.0170335909832,0.0125363283033,0.0156342252057,0.0190831001816,0.883880683197
C003388,1,0.263630951295,0.0442295313422,0.00686100137353,0.00454489118748,0.651799670234,0.00690718722196,0.00755651293681,0.0144702544086
C003392,3,0.00926998110578,0.0234281251009,0.0091538928153,0.00844641943469,0.670010114566,0.15676713642,0.0171315574753,0.105792773082
C003393,3,0.0140339741453,0.0139730601079,0.0140910051158,0.0126822206655,0.0140339741453,0.834418143094,0.0270957810523,0.0696718416737
C003394,1,0.0196777867817,0.456826371684,0.170990324965,0.0212702642021,0.0232458994501,0.0855388170916,0.0246547189554,0.197795816871
C003396,1,0.00253018802801,0.00250327282758,0.0025331616887,0.00250566004519,0.00255742070371,0.0119840650635,0.957061878814,0.0183243528289
C003398,3,0.00758927280204,0.0272292511707,0.00762011393008,0.0069048921818,0.00758927280204,0.872075226598,0.0120461488254,0.0589458216896
C003399,1,0.00294631346838,0.0020367725806,0.0161530221498,0.00199469186156,0.220228670746,0.745656413751,0.00256434384927,0.00841977159339
C003400,2,0.408897664854,0.0229984167681,0.0217016573552,0.0200500465515,0.334187099702,0.0229984167681,0.0262204794345,0.142946218567
C003401,3,0.039710776163,0.0488905908793,0.0398189925001,0.035509256494,0.039710776163,0.0395107702739,0.0584324852954,0.698416352231
C003403,2,0.00441590264151,0.00456792172946,0.00433101652572,0.862826755599,0.00456451901043,0.00456792172946,0.00456221185655,0.110163750908
C003404,4,0.00558453153321,0.00624249027064,0.917545783752,0.0061296625981,0.02941460094,0.00618711120078,0.0136108921943,0.0152849275106
C003405,2,0.0324537390301,0.0332832772883,0.156245578816,0.029125034612,0.380426683787,0.0332832772883,0.0433682675409,0.291814141638
C003406,3,0.122402374353,0.0101825368848,0.0101119225631,0.639690326807,0.0152648103551,0.00830120314823,0.140880945475,0.0531658804141
C003408,2,0.0247668964745,0.0256845421967,0.194531707673,0.039666859447,0.0256654093644,0.0256845421967,0.0277141107782,0.636285931869
C003409,2,0.0329380492966,0.010661014379,0.0115835456703,0.0900825401498,0.00511928861566,0.00832112950873,0.812169938234,0.0291244941463
C003410,2,0.821735641491,0.0095059931219,0.00897000031056,0.00517090518035,0.00696908949807,0.00303855168554,0.0102195767744,0.134390241938
C003411,0,0.0606015112755,0.0600820451021,0.0106566094795,0.0215051036193,0.0195935933075,0.0283400957604,0.0182418167793,0.780979224677
C003412,3,0.00642204920001,0.00639417449102,0.112490243313,0.00582576777731,0.00642204920001,0.00632740465021,0.817853114087,0.0382651972816
C003414,1,0.00462553202201,0.299285384465,0.00462056078874,0.0045575178787,0.00465166477906,0.15898411013,0.512997611581,0.0102776183545
C003416,1,0.0369627411611,0.0119999390627,0.00922050458498,0.0163146220041,0.00515702974848,0.0107497004914,0.568740030736,0.340855432211
C003418,1,0.250786675865,0.0128653809651,0.00892024937512,0.014050009433,0.0229004844829,0.00650512232377,0.0215112831497,0.662460794405
C003419,3,0.00774370175058,0.835129725135,0.00759547765084,0.00703606558681,0.00774370175058,0.00762957942869,0.065825564644,0.0612961840535
C003420,4,0.00486933838995,0.209599195523,0.628625805309,0.00465386213081,0.0956395192577,0.00310592490681,0.0276390898132,0.0258672646693
C003421,1,0.0236391508669,0.0237095462214,0.0281423359086,0.023929001505,0.0241340142124,0.0241340142124,0.0287469032661,0.823565033807
C003422,2,0.00457449225132,0.00617831223233,0.00576007235236,0.00538625980724,0.243232080734,0.0219914603022,0.00523777497652,0.707639547344
C003423,2,0.064135228834,0.0664376709863,0.105846593777,0.0585585776882,0.102765708684,0.0664376709863,0.0301976797458,0.505620869299
C003424,1,0.0149277995717,0.0221265282593,0.0149117561039,0.0147083001725,0.642481061987,0.229282126416,0.0187648075681,0.0427976199219
C003426,3,0.00301244349204,0.503962127552,0.00817857183424,0.00741204684243,0.00365603550323,0.0306585339374,0.411140376612,0.0319798642261
C003427,2,0.00897931271787,0.230302073905,0.00959856667147,0.65124530032,0.00698527797732,0.033549730487,0.0110513479897,0.0482883899315
C003428,3,0.0152001981928,0.00550343017332,0.00550556354985,0.00512112827862,0.00423427120518,0.93069609377,0.00626842388191,0.0274708909483
C003430,1,0.00296665305589,0.129996584306,0.288049292425,0.00293789392243,0.00725696499067,0.554196133957,0.00365687619742,0.0109396011459
C003431,4,0.0241453688654,0.116675699597,0.0225388367823,0.663218469214,0.00819470774504,0.00814974355403,0.126467361198,0.0306098130449
C003432,1,0.00949786702589,0.0350953474672,0.0296046310444,0.0476926729923,0.00973931312935,0.483800347662,0.033495120765,0.351074699914
C003434,3,0.0138631869012,0.115700370037,0.0319397841314,0.124844217137,0.629422772587,0.0154999399478,0.0184656390863,0.050264090173
C003435,3,0.45181822062,0.0215340576119,0.21227773866,0.0864403833414,0.0216279329965,0.0213091926819,0.0230875216486,0.16190495244
C003436,4,0.0624995728439,0.385745914791,0.454596513741,0.0305544055059,0.0297185887093,0.0205024544479,0.00515413704975,0.0112284129108
C003437,2,0.0055725217771,0.00569434797406,0.00559935970516,0.528846766555,0.419544354188,0.00569434797406,0.00600350951484,0.0230447923119
C003438,2,0.486351112313,0.00745164215263,0.386768370056,0.0288065443649,0.0199248087456,0.0081561344569,0.00933096680223,0.0532104211087
C003441,4,0.00713009784902,0.00810034410825,0.838439847541,0.0138967632199,0.00906492957016,0.00803926760371,0.0111921783978,0.10413657171
C003446,2,0.159105047124,0.557386878407,0.0301861213813,0.0270581153212,0.0394109466775,0.030845312459,0.0334696148598,0.122537963771
C003447,2,0.00626446206867,0.00362613300057,0.00623476554687,0.00579134587073,0.920590126669,0.00641745213416,0.00719495656986,0.0438807581403
C003448,1,0.0013663951774,0.000709337119751,0.00595994351458,0.00238590469253,0.00138110183017,0.000526182749111,0.00150563318352,0.986165501733
C003449,1,0.0203557356565,0.593894275636,0.0958246490785,0.0201584044191,0.0205748265469,0.0173325337376,0.0719698105281,0.159889764397
C003452,4,0.0021726165983,0.872805619751,0.00302868973767,0.00295980421529,0.0205237608737,0.00216768803198,0.0839506759862,0.0123911448062
C003453,3,0.00598547366994,0.00595949390375,0.00591175863353,0.759541452861,0.00598547366994,0.0270461247422,0.00661078057834,0.182959441942
C003454,1,0.0100056700739,0.0160952809428,0.0220699499492,0.00812877699033,0.0211248850636,0.0145769083828,0.0157665657319,0.892231962865
C003455,3,0.00937663634676,0.0093028068941,0.00908346139483,0.85967068288,0.00937663634676,0.00932941031214,0.0103641388775,0.083496226948
C003456,4,0.0037938170881,0.725697521321,0.00426337125014,0.00419450967398,0.00428397432919,0.00425545890418,0.239296289979,0.014215057455
C003457,4,0.00449139585749,0.0706900694204,0.00564227537731,0.00634894268964,0.00474982459631,0.00459620421359,0.00609627238236,0.897385015463
C003459,1,0.376962364454,0.139121878261,0.019166059933,0.015170333257,0.00577941156091,0.0109227449949,0.0174981006122,0.415379106926
C003460,4,0.0033853157606,0.00393153319367,0.00385127483437,0.00384116366671,0.952862238537,0.0038969785263,0.00513230584544,0.0230991896355
C003462,1,0.00113350280979,0.0133892411896,0.00108039059819,0.000625146861285,0.00164742143059,0.00151732363075,0.00202218736039,0.978584786119
C003463,0,0.0130077981057,0.0190553524632,0.0316753993168,0.0380428823782,0.0819189607768,0.215575041341,0.0546948235637,0.546029742054
C003466,0,0.16604905454,0.00928486533133,0.00924584081921,0.0138851939618,0.00929902878292,0.0100163744261,0.00950430783274,0.772715334306
C003468,3,0.526241542012,0.231334561439,0.00246958575233,0.00463632261131,0.00397367099816,0.00517773598547,0.21441297034,0.011753610861
C003469,4,0.00128136182097,0.00149893894905,0.00148852715562,0.00641006363467,0.00416122988009,0.000747453862278,0.00172786228011,0.982684562417
C003470,2,0.575454892298,0.202982782116,0.0297137647501,0.0182308520451,0.027175991091,0.027196250019,0.0289699648997,0.0902755027809
C003472,1,0.00935448574536,0.132283408042,0.00938416057968,0.0625436275905,0.372395139637,0.00807867016031,0.392767551822,0.0131929564235
C003473,0,0.012023508888,0.0122133190187,0.31913744192,0.0120867581217,0.0100453034548,0.00711920334945,0.525387372977,0.101987092271
C003474,1,0.029696230795,0.00842184336069,0.0116410772756,0.011599794807,0.0116991765274,0.0116991765274,0.800446582319,0.114796118388
C003475,0,0.00867840768861,0.0201517601817,0.0323394534776,0.854618796797,0.00872406013851,0.00872406013851,0.00968255590156,0.0570809056766
C003477,0,0.657190619129,0.0199993464101,0.0199152886765,0.0244955735981,0.00792718277771,0.0140107133527,0.0969282144224,0.159533061633
C003478,1,0.0312800848524,0.00428423696588,0.0518298527021,0.00419572253191,0.495698885251,0.0042823956469,0.399154898407,0.00927392364347
C003479,4,0.00392076710303,0.050998539869,0.87351839734,0.00416920248604,0.00423682784118,0.0470101107613,0.00547113904611,0.0106750155535
C003481,4,0.124391724633,0.00410594716849,0.747011478348,0.00401156859273,0.00409713129943,0.0969535584601,0.00511800178057,0.0143105897177
C003482,2,0.0224509101687,0.00629980728365,0.0044629313202,0.00562616206028,0.426994149455,0.484561964704,0.00694344295306,0.0426606320548
C003484,0,0.345171979548,0.00738723407218,0.313258842379,0.00739850281203,0.00739850281203,0.281011418277,0.00754489064825,0.0308286294513
C003487,2,0.00761755539215,0.103024937711,0.00756679400395,0.320872954115,0.52839252991,0.00782583427996,0.00878923387022,0.0159101607172
C003488,2,0.00219773417216,0.00224010593921,0.0214829351402,0.000845076196407,0.00223843724794,0.00188200264209,0.00246434793602,0.966649360726
C003489,3,0.00432928139543,0.00431049028137,0.00419391975634,0.00394724792188,0.908340151547,0.00426547888071,0.0044197161619,0.0661937140556
C003490,2,0.0138484272893,0.0142270704215,0.824809317851,0.0123956200004,0.0412697802386,0.0163947921288,0.0143840464683,0.0626709456024
C003491,0,0.00695633631185,0.00203881655949,0.00518720452173,0.00150297159383,0.0020419266401,0.000954447660237,0.00223399456055,0.979084302152
C003492,3,0.0127235953968,0.0126683690185,0.0126732798469,0.0112960719589,0.0047226580252,0.421366940091,0.0150981251853,0.509450960477
C003493,1,0.0367463458587,0.103215820797,0.0364555919554,0.0366400357873,0.0379004950401,0.0369539508054,0.0475231199505,0.664564639806
C003494,3,0.00132749292415,0.00132173098154,0.916297300556,0.00119817703341,0.00132749292415,0.0013208069203,0.0636989991066,0.0135079995541
C003496,3,0.00996905131351,0.0149514229113,0.0110718463264,0.0137172381911,0.0150166020151,0.0149409699291,0.840825843101,0.0795070262126
C003497,3,0.0529749456967,0.0525578333014,0.0523216042091,0.0480377305587,0.0529749456967,0.13970591007,0.0601433445837,0.541283685884
C003498,2,0.0107484898513,0.0233591803095,0.0228599743681,0.0203521536098,0.715925825445,0.0370834212811,0.0348973802106,0.134773574925
C003499,2,0.00675133245066,0.035287268663,0.275621805894,0.016559846222,0.00490131093391,0.563573843236,0.0171975746154,0.080107017985
C003504,3,0.0259222541934,0.427024346929,0.0249334176835,0.0233062604993,0.0259222541934,0.0257916950857,0.0287819256767,0.418317845739
C003505,3,0.586815672978,0.0299959473116,0.0295820746146,0.0273384516261,0.0338759478298,0.036021521635,0.035314449416,0.221055934589
C003506,4,0.0209654385659,0.0237888088395,0.0237829303284,0.149822622474,0.397849290008,0.116160088937,0.0755467217928,0.192084099053
C003507,3,0.0130568622267,0.0129540555319,0.0130021943899,0.0624144432831,0.0106510246046,0.760134116766,0.0147583073737,0.113028995824
C003508,1,0.0550241482549,0.0106974396798,0.0106828833302,0.0104764253367,0.00922139552701,0.827396072636,0.0124473628797,0.0640542723559
C003510,0,0.841637874327,0.00563577916539,0.00561209185011,0.00564437617596,0.0379789636397,0.00564437617596,0.0827339544017,0.0151125842645
C003514,1,0.00647164038166,0.00654410790434,0.0732217135159,0.00648572857007,0.727457187086,0.00654129531713,0.1236225354,0.0496557918249
C003515,3,0.410095877038,0.026660311977,0.0112563265428,0.0103685257389,0.0102276029569,0.0113068646083,0.440325846316,0.0797586448224
C003516,0,0.552266724694,0.00662598722172,0.00662884876693,0.16269640434,0.00328975440902,0.00659732077979,0.19717465025,0.0647203095386
C003517,2,0.0098431941322,0.0102165696655,0.00952496058042,0.36503077734,0.265667917249,0.0739487367202,0.0127649492973,0.253002895016
C003518,4,0.00515593448087,0.506624589889,0.00571035359957,0.32671686774,0.128834783383,0.00566794088866,0.00461416950682,0.0166753605119
C003520,4,0.00664853010365,0.00760218700536,0.0387695687705,0.00742744447878,0.00459063508034,0.00753474564349,0.00679615692511,0.920630731993
C003521,0,0.00717747634917,0.0106949165172,0.0106346705031,0.00590161637275,0.00569854652871,0.750571008058,0.16016645865,0.049155307021
C003522,3,0.784690172827,0.0125692618819,0.106215573732,0.0116161956887,0.0126240562135,0.0125604743389,0.0141469146802,0.0455773506369
C003523,1,0.0035509944582,0.00606077533046,0.88388289038,0.00360726496406,0.00350221499945,0.00341006176478,0.0245891372421,0.0713966608612
C003526,4,0.00973043978358,0.0216347465731,0.0213435667581,0.00803947458292,0.541338346191,0.0170542736121,0.0320882841637,0.348770868336
C003527,4,0.00936018971525,0.0108194640863,0.0108478921714,0.356013989283,0.490689720194,0.0107234812603,0.0154812623924,0.0960640008975
C003528,4,0.00353203095393,0.916006704663,0.00387146427015,0.00378321857372,0.0132853295037,0.00384270960687,0.00503741771114,0.0506411247173
C003529,1,0.0234986136266,0.0078083686049,0.00929674208499,0.0478585789301,0.00931970117648,0.0510301045538,0.011579568412,0.839608322611
C003531,0,0.828131609747,0.0159207485824,0.0123335905594,0.0407559139541,0.0124045412257,0.0124045412257,0.014815732407,0.0632333222988
C003532,4,0.103077131023,0.84581249149,0.00479354586408,0.00568294714089,0.00580415866405,0.0057727901157,0.00721378893839,0.0218431467641
C003534,3,0.314610823352,0.00719657949278,0.380631025491,0.194281902011,0.0340548152631,0.00719154815108,0.00846207253906,0.0535712337001
C003537,0,0.00724642470148,0.927380930462,0.00399936798698,0.00398034627947,0.00398034627947,0.00398034627947,0.00452452640054,0.0449077116107
C003540,3,0.0315325467303,0.00841664093422,0.00841793906964,0.0348686880028,0.00639425114489,0.189265218952,0.0100449923186,0.711059722848
C003541,0,0.00237246522061,0.00240991834166,0.00167619484653,0.0131394469575,0.00166685884441,0.00113849051048,0.00141222578117,0.976184399498
C003542,3,0.00656071479454,0.00653223821176,0.00644210886801,0.196618799592,0.303312648689,0.382351070269,0.00756431341421,0.0906181061607
C003543,3,0.00485894014639,0.00483785006465,0.00477109924551,0.723606285837,0.00485894014639,0.217766901939,0.0051619611792,0.0341380214425
C003544,2,0.257809543123,0.00334503231148,0.00421837745303,0.657789046703,0.00430728554273,0.00185797819505,0.00456807919196,0.0661046574796
C003545,2,0.00466102524928,0.766498410366,0.0122990440017,0.00601346478417,0.00701556540451,0.138475132147,0.0102856071753,0.0547517508721
C003546,0,0.351996063264,0.0097580152516,0.174005212656,0.0153072413733,0.0153072413733,0.0153072413733,0.373989290467,0.0443296942417
C003547,1,0.0123989592643,0.0114700954568,0.0142313418039,0.476786796477,0.0304693543023,0.0142418187572,0.0156760976434,0.424725536295
C003548,3,0.00671809751576,0.0109218371046,0.0743519861366,0.0129754952702,0.0226562765546,0.00770310400289,0.115350921465,0.74932228195
C003549,3,0.0408029194984,0.0332588052099,0.0324746150921,0.0306502722775,0.0335227555867,0.03223820744,0.0366295947791,0.760422830116
C003550,0,0.0516979978274,0.0518907972765,0.0522183128864,0.0653988733154,0.239655051579,0.0625146904539,0.0601498982537,0.416474378408
C003551,0,0.0171691450249,0.0439475915386,0.00732350101239,0.863841375086,0.00358598013668,0.00296934241615,0.00695098396859,0.0542120808167
C003553,4,0.00593540745775,0.00661200325481,0.531472285376,0.00671026002652,0.403204917235,0.00655334612051,0.00903351953363,0.0304782609951
C003555,0,0.0476118919833,0.0179869296043,0.0971262826657,0.0552385536603,0.00676026050619,0.381347200228,0.0173313344067,0.376597546946
C003558,0,0.0020809089793,0.967437090674,0.00210185231026,0.00209185552576,0.00209185552576,0.00209185552576,0.00226484430405,0.0198397371551
C003559,3,0.0943436035823,0.0117605182016,0.77878594801,0.0139424965182,0.0151389423065,0.0150626940457,0.016005566698,0.0549602306376
C003562,0,0.00709955432557,0.920057440415,0.00709608010323,0.00713690127443,0.00713690127443,0.00664038217647,0.00880689510424,0.0360258453269
C003563,4,0.00819751873534,0.40090905381,0.0094351970437,0.294224916066,0.0315623162042,0.205833137029,0.0118952857822,0.0379425753294
C003564,4,0.049426635404,0.0187253541954,0.134221798363,0.0182949365142,0.0178514885922,0.0203366297727,0.645838141326,0.0953050158323
C003566,2,0.0049775782473,0.00601287853239,0.0110038117173,0.00405779219803,0.000873626422151,0.00294452719567,0.00522499826572,0.964904787421
C003567,3,0.00549327910121,0.391891944869,0.00542562576394,0.557791159204,0.00549327910121,0.0054656118462,0.00596330348151,0.0224757966327
C003568,0,0.501916852188,0.0263340270207,0.0128644048607,0.0260611398494,0.0260611398494,0.0260611398494,0.0907885183411,0.289912778041
C003569,0,0.00922069362372,0.00963695740315,0.00964111928699,0.00959526440396,0.00959526440396,0.00959526440396,0.849161320079,0.093554116395
C003570,1,0.00137448293841,0.00244599737174,0.00244727971143,0.00139393576678,0.00244908137115,0.00244908137115,0.953513661525,0.0339264799443
C003571,2,0.0284816671758,0.023386341068,0.0391607756229,0.249695128472,0.0504015655567,0.0252490117089,0.41212860172,0.171496908676
C003573,4,0.00492136970617,0.00545163681345,0.883449225331,0.0053263264534,0.00543993161745,0.0337443057345,0.00687274257429,0.0547944617696
C003574,1,0.253894902003,0.115262345232,0.0351026819943,0.0349781982087,0.0227407220351,0.0535530095422,0.0450784238814,0.439389717104
C003576,1,0.00331661517926,0.00333115294564,0.896372191602,0.061309344142,0.00333535298029,0.00333535298029,0.00511154718537,0.0238884429853
C003577,0,0.0040975382783,0.00411281939472,0.00413877799667,0.00411909323028,0.00411909323028,0.00411909323028,0.941596138933,0.0336974457062
C003579,4,0.26289272984,0.00300262617328,0.00150482619263,0.00289385772286,0.00294079671344,0.716232532369,0.00429815555149,0.00623447543698
C003580,3,0.0038682406684,0.00236126220293,0.0117902730537,0.00684661078618,0.00519179809917,0.00232375793226,0.00427497481583,0.963343082442
C003581,2,0.00236521004963,0.00386436739854,0.00313541649371,0.343660352495,0.585975353726,0.0189494416607,0.00163583595374,0.0404140222221
C003584,2,0.00180351113687,0.00400386289648,0.00223120870156,0.00497877216986,0.00444750902809,0.00279252410522,0.00192722148845,0.977815390473
C003585,2,0.00181119950698,0.00113817024913,0.00847277976338,0.00164668645055,0.000976440282885,0.000402010042684,0.00212700358646,0.983425710118
C003586,1,0.00378879350237,0.00383121929596,0.0068849595988,0.00375206442893,0.0368399976111,0.00132459619878,0.0050584740603,0.938519895304
C003587,1,0.31332146794,0.01107513286,0.0148101384059,0.0145828097586,0.0148840540704,0.503362917285,0.0177638161355,0.110199663545
C003588,4,0.00555538515506,0.00550197277921,0.00631530967581,0.00620238412232,0.0030096187027,0.00626840375327,0.771879202983,0.195267722828
C003589,3,0.00233714484879,0.00559082395794,0.00471762031784,0.00310700006641,0.0379931412354,0.00969533724214,0.00581795671392,0.930740975618
C003590,4,0.0232207113329,0.0246117885696,0.0246057066899,0.541136063543,0.024558944659,0.0222717245341,0.19536229423,0.144232766442
C003591,0,0.00170535360502,0.00227483159612,0.00105362918986,0.000451098414038,0.00225125858318,0.00225125858318,0.000515133701552,0.989497436327
C003593,2,0.0310544543599,0.032261413315,0.0326815110454,0.0299752812016,0.0322373812646,0.032261413315,0.0334395592107,0.776088986288
C003594,2,0.0105245226293,0.0107935361368,0.0100628693968,0.00922493622528,0.00649249885121,0.0107935361368,0.850113659265,0.0919944413586
C003595,0,0.0244675776711,0.0245588256051,0.0183689562325,0.0540873562316,0.0245962884788,0.0245962884788,0.0275716087192,0.801753098583
C003596,3,0.00692989578975,0.100657592748,0.00679724895006,0.00630397031699,0.00692989578975,0.784913298486,0.0082129702058,0.0792551277146
C003597,4,0.00576005576729,0.00641269035138,0.00645072684827,0.814084536015,0.0842513142059,0.0063638109295,0.00779881558659,0.0688780502959
C003598,2,0.00296960037146,0.00304212365444,0.0028361875696,0.0027350848637,0.967356980349,0.00304212365444,0.00342061632702,0.0145972832104
C003599,1,0.0149653455717,0.798837716369,0.0148726495901,0.0147452940936,0.0150498949248,0.0434434710888,0.0204506382953,0.0776349900666
C003600,4,0.00454393469507,0.00512040325573,0.00511913794027,0.856597472284,0.00510940925049,0.00214241258098,0.00646503462008,0.114902195373
C003601,2,0.0244686589119,0.316304270425,0.0319357071246,0.117828694879,0.0320487426306,0.0312047607582,0.046682124024,0.399527041247
C003604,0,0.534698498272,0.020948274317,0.205425258661,0.0208576444276,0.0424691942251,0.0208576444276,0.0230923602138,0.131651125456
C003605,3,0.0145925423996,0.0135104727054,0.0145314448165,0.539255846322,0.149255762768,0.0336498219293,0.0175989414841,0.217605167575
C003607,0,0.0314076924079,0.0251419920559,0.0250363196591,0.0251803445118,0.367493137602,0.107419240675,0.0304856824126,0.387835590676
C003609,0,0.0464193722178,0.0588621806893,0.0463966565356,0.0466635596472,0.0458296851222,0.0466635596472,0.0529233254486,0.656241660692
C003611,3,0.0247080876655,0.0570075374316,0.0394217194246,0.0799121184353,0.159145756463,0.066279760023,0.0687661704426,0.504758850114
C003612,1,0.00702632293028,0.00709300486175,0.00565360516667,0.488496876101,0.00710194797144,0.00710194797144,0.439767132755,0.0377591622429
C003613,3,0.0264981055107,0.0262894655941,0.0248989154501,0.0200093184435,0.0264981055107,0.0263646460908,0.0294110346766,0.820030408723
C003614,0,0.0289373201084,0.055654059027,0.0480330122036,0.0884232537579,0.0336025876215,0.0354624955759,0.0637081819853,0.64617908972
C003617,1,0.384738070516,0.0621955264694,0.0180666653097,0.0177140381401,0.413878368427,0.0180799657849,0.0230041856076,0.0623231797461
C003619,4,0.00141148961847,0.00160834160173,0.00158669509857,0.939112557813,0.0397643589793,0.0015940735039,0.00221002053717,0.012712462848
C003620,0,0.00599694449745,0.00631877882519,0.00632150769722,0.00629144147903,0.00232602254838,0.812379562243,0.00799950576897,0.15236623694
C003621,3,0.00654320701688,0.00651480642607,0.00633862358933,0.899610994861,0.00654320701688,0.00644677691129,0.00688154324873,0.0611208409299
C003622,2,0.0197251353347,0.0237366916577,0.0237314928069,0.00944182185194,0.0165016938651,0.0318677624009,0.505594991983,0.3694004101
C003623,1,0.000686520862552,0.000693036153347,0.000151285996626,0.000688015357715,0.000693909957673,0.00564599633388,0.000615558682875,0.990825676655
C003624,1,0.0320647220504,0.0740185396966,0.0325923092622,0.0285636700982,0.019627193155,0.0254050291183,0.0374906321174,0.750237904502
C003626,1,0.0119281920071,0.0120617603876,0.360514124243,0.103176718781,0.0120565763726,0.394435525865,0.0161585622847,0.0896685400596
C003628,2,0.0129545716586,0.015445756788,0.119818857465,0.00857022439808,0.0592212746533,0.0912827590609,0.019418717116,0.67328783886
C003629,0,0.0408553141992,0.0415002800409,0.0311973951061,0.0266535280256,0.0410702321025,0.0410702321025,0.0476519381562,0.730001080267
C003631,1,0.0126848066504,0.844906487082,0.0127356029375,0.0479909941356,0.0128213345377,0.0128213345377,0.0114941245408,0.0445453155785
C003632,0,0.22518924428,0.586040420974,0.00904704002441,0.0620040985595,0.0419130376105,0.0123020756211,0.0124380810375,0.0510660018926
C003634,4,0.00186874893687,0.00209548263182,0.00975408398507,0.133548007747,0.0022597867222,0.83433048875,0.00256349724645,0.0135799039812
C003635,1,0.318283029199,0.0641341463321,0.0897289028527,0.0220249442534,0.0224799244175,0.0224799244175,0.0253153887695,0.435553739758
C003636,3,0.341047777284,0.00579599290773,0.00580452376393,0.00739041081879,0.00582125990911,0.00250390724522,0.0068953862344,0.624740741837
C003637,2,0.0176211746889,0.109589170745,0.00415202123476,0.00369652968986,0.130190761566,0.716756774061,0.00270533420649,0.0152882338079
C003638,3,0.358434039668,0.00411916079657,0.00408530856242,0.00377985325565,0.00226377644479,0.606456003723,0.00446315460876,0.0163987029408
C003639,4,0.00574636940766,0.00426602954385,0.00296489658738,0.00723240134455,0.0195403400276,0.00489972988649,0.00646685009862,0.948883383104
C003640,4,0.00418674415048,0.0741904240142,0.00464854161437,0.00456565142987,0.684240577416,0.13378591162,0.080666625649,0.0137155241065
C003642,1,0.00456937513672,0.00656970835701,0.00660856690028,0.00655197729842,0.0666000991274,0.0066873247332,0.00835910594878,0.894053842498
C003643,1,0.0337196307445,0.0709162780336,0.0420782733029,0.0431061884218,0.0396071151032,0.0407056073841,0.0926234695821,0.637243437428
C003645,2,0.00951961355796,0.180621262818,0.02564700043,0.023389488755,0.327857368355,0.0265249952674,0.272803288846,0.133636981971
C003647,4,0.00271005713451,0.107488196006,0.244709472449,0.0108450210855,0.0166538271075,0.0385132994888,0.0134514543567,0.565628672372
C003648,4,0.177378388963,0.00714765455237,0.00705145500949,0.00698335982839,0.00458362327488,0.00708424548904,0.750576054261,0.0391952186213
C003649,1,0.00229761108483,0.00231941610952,0.0654624299206,0.00227533773417,0.917161509566,0.00232234051082,0.00303485502561,0.00512650004884
C003651,4,0.00648839487099,0.0273575318964,0.273833674994,0.0114957043609,0.0116430416985,0.585211905603,0.02145146332,0.0625182832561
C003652,3,0.00143604137706,0.00142980828319,0.00137976642328,0.001294120166,0.00143604137706,0.974972412102,0.00157107647609,0.0164807337958
C003653,2,0.0226393671545,0.166249518156,0.0224885043585,0.387918149825,0.0232410462661,0.0232583718047,0.0226471363636,0.331557906072
C003654,4,0.019201015185,0.0219226922303,0.282650252349,0.153982883408,0.022785361158,0.134364918881,0.243717881606,0.121374995182
C003655,4,0.0178527166326,0.0143190399617,0.0257760550438,0.0406178453468,0.0123135503593,0.0255859049271,0.0215675711652,0.841967316564
C003658,3,0.000487026660653,0.000491444262566,0.000477704363559,0.000157364865094,0.000137992634399,0.000443311114521,0.000586734770953,0.997218421328
C003659,1,0.070926717941,0.00441127247702,0.565847745226,0.00432744029046,0.00441683436431,0.295463905364,0.0430166483693,0.0115894359684
C003660,4,0.107427072802,0.0290735154479,0.0298522813968,0.499844399846,0.0510071614198,0.0288519085171,0.0493389859712,0.204604674599
C003661,4,0.00275054873704,0.00305477953579,0.00305402466169,0.348935275602,0.00243490471129,0.00302767963783,0.624434552783,0.0123082343308
C003662,0,0.247612474435,0.0203399321645,0.0204683103286,0.0203709593936,0.0203709593936,0.0203709593936,0.0196089296135,0.630857475278
C003663,4,0.156958053689,0.18825245232,0.0269774543662,0.0261896389569,0.331201046248,0.0266014704833,0.0624396766349,0.181380207302
C003664,2,0.00527952181023,0.00542387427952,0.00505670595874,0.00472565907856,0.215402801084,0.73970049465,0.00684121144488,0.0175697316938
C003665,1,0.00608493052959,0.0117762635303,0.0055651247204,0.0116909487712,0.19418194877,0.00537803972032,0.703897756457,0.0614249875013
C003666,1,0.025625751668,0.363119714213,0.00145626723361,0.00143031684647,0.00145986360882,0.00145986360882,0.599836789119,0.00561143370231
C003667,3,0.511121879607,0.370261444153,0.0109820370995,0.0100179544475,0.0110137015349,0.0109582303157,0.0137255132521,0.0619192395901
C003669,2,0.777438030579,0.00302300426449,0.00324742524598,0.00266565643229,0.00302075237956,0.16492413363,0.038278965095,0.00740203237338
C003672,0,0.0279727556643,0.0544262425333,0.100089257424,0.0545092661877,0.0302460262819,0.0545092661877,0.0577849232387,0.620462262482
C003673,4,0.00339111174918,0.00643664066416,0.00595456359202,0.00310970018364,0.00842879299088,0.00337398694706,0.00621257868016,0.963092625193
C003676,0,0.0024546618309,0.00294468242548,0.00705787735148,0.132533843844,0.00723148930171,0.00381053913838,0.00763831372326,0.836328592384
C003677,4,0.00445154339573,0.200530904416,0.0109786160869,0.0544315571463,0.00163225299114,0.00362115602197,0.71297607518,0.011377894762
C003679,0,0.00302310235893,0.00195606320602,0.0519276584059,0.00370987334011,0.00142004279055,0.00370987334011,0.874884180857,0.0593692057014
C003681,4,0.0613395442111,0.262979517728,0.0144285440547,0.0172678231476,0.0158732442269,0.00727773113458,0.010365023563,0.610468571934
C003684,0,0.00701436935457,0.00704052832792,0.365579459057,0.0480757311663,0.00705126819097,0.00705126819097,0.531236832954,0.0269505427582
C003686,4,0.0592560275017,0.0420213498318,0.0317130480064,0.0109921870916,0.0155872090688,0.0164398306401,0.0474618486447,0.776528499215
C003687,1,0.0144755331004,0.0199705493425,0.0149156154922,0.483268078278,0.0122026227161,0.353895965819,0.0232597448447,0.0780118904062
C003688,2,0.00456416658211,0.00525825241979,0.0107782452279,0.00464813517279,0.00349192620913,0.0212127769689,0.00920216433852,0.940844333081
C003689,4,0.00134398920117,0.0015240615087,0.000816377893247,0.00149651540043,0.0166268849414,0.00121922055901,0.00177658337255,0.975196367123
C003690,4,0.0495440849186,0.543470726654,0.00780149827032,0.00757328918634,0.00773481979622,0.0678804413969,0.298719978742,0.0172751610354
C003692,1,0.0229487687915,0.0300180135012,0.0345123862907,0.0582555150995,0.0373656431871,0.0345377939201,0.0398295199852,0.742532359225
C003693,3,0.010207467092,0.0101631618919,0.0100120834539,0.00896350985943,0.139089001924,0.00377257237434,0.0108578147529,0.806934388651
C003696,2,0.00282734705437,0.389356655449,0.00273612180427,0.580645740197,0.00289745587655,0.00289961584745,0.00318328920256,0.0154537745682
C003697,3,0.0142485030864,0.0141866578928,0.014192157278,0.0125555327609,0.0342066726123,0.175651732953,0.574678792377,0.16027995104
C003698,1,0.0102381188899,0.0102829957817,0.0101571102083,0.0100875768805,0.0102959609441,0.631514377958,0.273317471508,0.04410638783
C003699,2,0.0445982411669,0.0189410136483,0.900211715166,0.00448009057614,0.00551811493737,0.00552222853503,0.00638360126524,0.014344994705
C003700,0,0.000518044858604,0.00121697162413,0.00100062257242,0.00121882803434,0.00121882803434,0.985910240329,0.00140523938663,0.00751122516029
C003701,2,0.00664413113524,0.274925723713,0.02419641433,0.0222158095127,0.0100445542251,0.0959945852031,0.286438158862,0.279540623019
C003702,3,0.0323166447705,0.0672847151899,0.0502724799126,0.0267242308548,0.0232990757133,0.0480796310286,0.0574874923791,0.694535730151
C003704,1,0.0706567045516,0.0283315505074,0.0204503224309,0.0277462067982,0.0164881491765,0.129839052951,0.539208956589,0.167279056996
C003707,4,0.0114705578403,0.0231168882141,0.0193909852783,0.148889373001,0.106088429645,0.0562319805874,0.0238510412875,0.610960744147
C003708,0,0.000942434177023,0.00332416820261,0.00194826568553,0.00481956566585,0.00143009405943,0.00491536014265,0.0016079321802,0.981012179887
C003710,1,0.976979599435,0.00100721930131,0.00105892153733,0.000748689624375,0.00137961258982,0.0010252513779,0.00151905080396,0.0162816553298
C003711,1,0.0131545275888,0.0106259517231,0.486205737278,0.0149727564198,0.35762239593,0.0241256344794,0.0246327593453,0.0686602372354
C003712,3,0.0257528958143,0.0439979858939,0.108730215944,0.0382705501013,0.0572522589561,0.0330455865467,0.0627236937667,0.630226812977
C003714,0,0.0020846796937,0.0039121582944,0.00790368699072,0.00389523286807,0.760424203727,0.00389523286807,0.00442909350405,0.213455712054
C003715,2,0.0510938244597,0.00874809050569,0.533465045287,0.0113784480208,0.0130498831651,0.0480775650076,0.0139856272378,0.320201516316
C003716,1,0.00346264212483,0.00133208717693,0.000926449565884,0.00146942187157,0.000573823183409,0.00133376671923,0.000519179667307,0.990382629691
C003717,3,0.0415477642371,0.0212275232712,0.0352715482774,0.606450835042,0.0108443047343,0.00842750081517,0.0437548266324,0.23247569699
C003718,0,0.0201820304132,0.0259584092435,0.0258493054255,0.02599800709,0.445290322073,0.02599800709,0.0412620051177,0.389461913547
C003719,4,0.537574997274,0.0124331005437,0.329585154329,0.0121473154925,0.0155879101027,0.0123228026476,0.0156566820631,0.0646920375479
C003722,1,0.162401526524,0.036171755796,0.0362746366023,0.0354843447607,0.0218908655743,0.0454149866763,0.0419709025041,0.620390981562
C003723,4,0.683975367947,0.0128676732176,0.0161509225725,0.0156792714853,0.0109755849857,0.181768908784,0.0206671724911,0.0579150985164
C003726,0,0.0109973322456,0.130204212921,0.0050524345447,0.00223422735326,0.00496670006478,0.0287855017825,0.00523676217979,0.812522828909
C003727,2,0.0604565552435,0.00488523754597,0.0189051547817,0.430523348453,0.00488159845324,0.457770353775,0.00557494134413,0.0170028104036
C003728,1,0.392350977719,0.013429757623,0.0133342243486,0.0131522922532,0.348227074995,0.135479171428,0.0157269803313,0.0682995213031
C003730,0,0.00241272818657,0.00199308605138,0.00243701111553,0.0013745551376,0.796284059593,0.155071514853,0.00255868412535,0.0378683609375
C003731,1,0.00442794365792,0.622222469028,0.00441524436242,0.00438501857697,0.319758091138,0.00447560207395,0.00655860125228,0.0337570299113
C003733,1,0.000193374826052,0.000843108526292,0.000245636514951,0.00191386523956,0.00187860868413,0.000462281795748,0.000937891144948,0.993525233268
C003734,3,0.254879522328,0.00626469218882,0.0894216868621,0.00570705469084,0.482820437573,0.0062603123571,0.136825299082,0.0178209949184
C003736,4,0.361381405856,0.00378780705433,0.00373663788214,0.549645068182,0.0625220599631,0.00375420424161,0.00470883715795,0.0104639796625
C003737,2,0.0200301647095,0.0205193393868,0.0417497371595,0.260948624554,0.0205040541979,0.150510651302,0.270873856822,0.214863571869
C003738,2,0.0185782978456,0.0162633889467,0.0181803032881,0.201400373637,0.23099325011,0.0192666479407,0.417756527488,0.0775612107439
C003739,4,0.00226509701709,0.0039828271853,0.0177693260816,0.00275081680991,0.00397427566685,0.00981026541474,0.00463963538806,0.954807756436
C003740,1,0.352146179118,0.0289133038884,0.0187623352927,0.0183218369006,0.0187003201449,0.0199926748042,0.453804372631,0.0893589772205
C003741,3,0.498382881034,0.00819467220303,0.320699213197,0.00903993007674,0.00998939109666,0.0321076235508,0.0115201676783,0.110066121164
C003742,2,0.00161133737729,0.0288845199825,0.0325502404848,0.0189369084011,0.0123814500833,0.00464523345194,0.00702881234582,0.893961497873
C003743,3,0.00388806833505,0.544637532616,0.00561247550141,0.400368119695,0.00567630679006,0.00564771770426,0.0071882996143,0.0269814797442
C003744,2,0.110149416935,0.0458068008933,0.119731127544,0.0404166253665,0.0308633033344,0.0261686168191,0.0460311792195,0.580832929888
C003745,0,0.00045788217766,0.000720888076869,0.00225176789082,0.00985045933576,0.000697396116802,0.000572190998225,0.00246686765698,0.982982547747
C003746,0,0.0143346184499,0.00378619227379,0.860466685962,0.00379196786116,0.00379196786116,0.0296892418778,0.0725918695028,0.0115474562118
C003748,1,0.0228680784308,0.0225921612722,0.294982510394,0.316376400391,0.0135192473133,0.0226206462627,0.160908680089,0.146132275847
C003750,1,0.385400733574,0.0129829044853,0.0128461789887,0.0127361762959,0.0129992737872,0.0129992737872,0.033276414323,0.516759044759
C003751,4,0.182245070253,0.0256156464611,0.673480002165,0.00279809324107,0.00284347891129,0.101591555982,0.00369007263742,0.00773608034854
C003753,2,0.00716937729177,0.408382536066,0.349470825026,0.0169768303901,0.0188291015194,0.0188431380788,0.0219790967994,0.158349094829
C003754,1,0.00364557007961,0.00368016764318,0.00363511462324,0.00361022943328,0.112160887386,0.849729254243,0.00555869515588,0.0179800814357
C003756,4,0.364360862236,0.019397178054,0.0192624431395,0.0189513179484,0.0131502132629,0.0192250996635,0.110552077236,0.435100808459
C003757,2,0.0950108836782,0.0457446533895,0.11268777573,0.207401983512,0.0745006053017,0.0439493469839,0.0474718663373,0.373232885067
C003758,2,0.0125728935779,0.00617616700713,0.00604417696194,0.00548327518097,0.357165705633,0.340439790365,0.198303048456,0.0738149428182
C003760,2,0.0045016772207,0.020593929676,0.639889458974,0.237275213788,0.00625161055806,0.062627995596,0.00529312551257,0.0235669886742
C003764,4,0.107771708245,0.0231221839464,0.0373579509172,0.0365064182241,0.0372850632561,0.0370804808893,0.0470920604103,0.673784134112
C003765,2,0.00527442823399,0.00533047995939,0.0747149019997,0.416049574424,0.0545682132024,0.00426136599439,0.416049234683,0.0237518015029
C003766,3,0.0228350175606,0.0270937363678,0.026207688448,0.281919798303,0.0272118485679,0.0270747943349,0.0302058293125,0.557451287105
C003770,1,0.628000515498,0.00536435401104,0.321642022732,0.00526240938429,0.00537111757702,0.00537111757702,0.00713581957377,0.021852643647
C003772,4,0.00340430304719,0.00158649495136,0.00358161975444,0.00364944543989,0.00370864022468,0.00872256945539,0.00487882234448,0.970468104783
C003773,4,0.0262242629403,0.0288160819127,0.244724468097,0.029244299364,0.028754210974,0.509265298735,0.0459779108605,0.0869934671167
C003774,2,0.040388927192,0.0448297470175,0.0448638766507,0.190300751965,0.04726094521,0.0463997386002,0.391887937963,0.194068075402
C003775,4,0.00800510685961,0.00286353449902,0.00287371255824,0.00279771380124,0.00292833466646,0.00383740324826,0.00394137131719,0.97275282305
C003776,4,0.00425469503667,0.00469395730431,0.587899362292,0.0046091180407,0.00305635688461,0.373483070099,0.00592758640093,0.0160758539421
C003778,4,0.136966079138,0.0110183029672,0.0602948934393,0.0118450788309,0.0475862722538,0.0120313424484,0.0158459144084,0.704412116514
C003779,2,0.0279354941561,0.0256584449472,0.0117853493788,0.0110131844652,0.476426369878,0.0124895703741,0.200883120336,0.233808466465
C003781,3,0.724238405505,0.0125055109457,0.0124051241931,0.0113894446194,0.012560027362,0.012496767973,0.0140944443581,0.200310275044
C003783,4,0.0290367343647,0.0173476072416,0.016071546586,0.0163514125303,0.0126767415321,0.0159904984424,0.0212321397807,0.871293319522
C003784,0,0.00887877847234,0.667462005831,0.00896813903442,0.0238958087388,0.00892548496551,0.240508377658,0.0104778772159,0.0308835280844
C003785,4,0.0254443937783,0.00457557391602,0.380908215746,0.00646093968515,0.00670524452195,0.54476364249,0.0100671706961,0.0210748191662
C003786,1,0.00473751633177,0.00478247679579,0.26397241943,0.0018710694698,0.675111575956,0.00580552117995,0.00610875649961,0.0376106643373
C003788,0,0.00479150699176,0.00480937615396,0.0695940750741,0.00481671254107,0.287331862524,0.278054477407,0.337607595915,0.0129943933937
C003789,3,0.0129091697082,0.0198631684547,0.0198662320383,0.0177008520042,0.0199497597795,0.0465337453642,0.144631655424,0.718545417227
C003790,0,0.00135639948295,0.00136945955585,0.00135573571827,0.959901826946,0.0013635347734,0.0246941506257,0.00169512673393,0.00826376616414
C003791,1,0.0219721986935,0.113483722491,0.0217983446031,0.021908631393,0.0454295118914,0.0220963344962,0.0278258123815,0.725485444051
C003792,4,0.0063383316629,0.00764625159026,0.15574239391,0.00703531916731,0.127689908037,0.00714594941447,0.667756372313,0.0206454739047
C003793,2,0.00500285959226,0.00354680887186,0.325012407065,0.00451562169746,0.00329738133563,0.00313824633719,0.636087034821,0.0193996402801
C003795,4,0.00596354766073,0.00678063682683,0.00457370590571,0.00322252081047,0.00354942338569,0.766230630494,0.00825981688376,0.201419718033
C003797,4,0.0445415020545,0.0125370999876,0.185667860973,0.0122282289822,0.395360370063,0.01092504277,0.0133841723027,0.325355722867
C003798,3,0.00477386144605,0.00339984937341,0.0308945904814,0.00429561154694,0.001610554784,0.00130855002565,0.00523352418351,0.948483458159
C003799,0,0.0763618018003,0.648373807005,0.00882243462082,0.00961076273981,0.00887318688247,0.00887318688247,0.166086373054,0.072998447015
C003801,0,0.0160639814358,0.0161238894961,0.0162256575508,0.466403842551,0.0138938653786,0.0161484854293,0.0107328031559,0.444407475002
C003802,3,0.00791718924163,0.00788282492283,0.448681712311,0.00718385019526,0.00791718924163,0.00787731380663,0.471841768934,0.040698151347
C003803,3,0.0404325161951,0.0109010440763,0.0032083892009,0.0120307753823,0.0438583877687,0.0453764980891,0.0495938938336,0.794598495454
C003804,0,0.00786312835778,0.0100352536309,0.836739416891,0.00691699469396,0.0505845016876,0.00999183745665,0.0115049477881,0.0663639194936
C003805,4,0.276643248381,0.0175416884277,0.0174198419465,0.0171384782785,0.221582314453,0.35779350956,0.021404578062,0.0704763408903
C003806,0,0.00154179137469,0.00739476620348,0.00311384527052,0.000688866202876,0.00313175809127,0.00463545576098,0.00735140669499,0.972142110401
C003807,2,0.00543419691256,0.00558277850217,0.0345027448813,0.281224522975,0.179507107939,0.00558277850217,0.47000568543,0.0181601848577
C003808,3,0.038477869549,0.0381749037579,0.0370100835321,0.0350850637899,0.038477869549,0.0382840732736,0.0422788296234,0.732211306925
C003809,3,0.0252507716909,0.0251411714852,0.0243189784,0.0228930656251,0.0252507716909,0.0767330668519,0.62580753098,0.174604643275
C003811,0,0.00168851156174,0.895913193647,0.00168768527542,0.00169739391577,0.00169739391577,0.0727969119537,0.0149171416878,0.00960176804316
C003812,4,0.00501787275584,0.00715352224811,0.00739432246855,0.00684367998903,0.0234920587716,0.00709899598648,0.881402180586,0.0615973671944
C003813,2,0.00259744075753,0.00322576432845,0.00263130962277,0.00119573117657,0.0018995114185,0.937030450832,0.00374000650128,0.0476797853632
C003814,1,0.0245313933641,0.150850067184,0.0238804777338,0.0241706820565,0.583067352096,0.0246699877873,0.0359987229114,0.132831316867
C003816,4,0.00690742919373,0.00775537159966,0.129901818894,0.00761519989105,0.00773872006039,0.780527619143,0.0108635024714,0.0486903387467
C003817,1,0.958742439816,0.00247193338339,0.00244590097133,0.00242495655717,0.00247505008383,0.00829057369995,0.00296435370651,0.0201847917823
C003818,0,0.0212492860515,0.0594034094672,0.0125341879452,0.00851663524424,0.0126062925754,0.00853338771533,0.814947683274,0.0622091177276
C003821,0,0.0056988997451,0.00572015288406,0.71660117474,0.103675781855,0.0062110036784,0.112083668458,0.00576749082429,0.0442418278152
C003822,0,0.00373815145685,0.00375209229735,0.00373632216325,0.557352026384,0.00375781586744,0.396709983719,0.00417308240526,0.0267805257074
C003823,1,0.0243357235936,0.0245666769769,0.322111513402,0.0240998098183,0.0245976515061,0.0245976515061,0.0313045475758,0.524386425621
C003824,4,0.00452539194681,0.00543813667039,0.00536494535176,0.00533984700123,0.920479494135,0.00538989327112,0.00644993986352,0.0470123517603
C003826,3,0.0187184713865,0.0258113027542,0.0253537640122,0.099881519661,0.0259238243242,0.0257932573085,0.0284493510077,0.750068509546
C003828,2,0.00300600139197,0.932367683294,0.0043874276236,0.00390849238941,0.00632245734697,0.00543897852232,0.00479367847813,0.0397752809535
C003831,1,0.00309932419218,0.00312873771693,0.00196058605735,0.00242600994003,0.00313268253935,0.0228633764443,0.000962430768511,0.962426852341
C003834,3,0.0154940743914,0.00825640480754,0.121824821958,0.0289030222508,0.771615519242,0.0107059699892,0.00869219871706,0.0345079886442
C003838,3,0.00200890089726,0.0361366216548,0.00138087363221,0.0103955979584,0.929186331291,0.00199878293812,0.00236420404275,0.0165286875855
C003839,1,0.00643497671719,0.758336851665,0.0186730800708,0.0174660312183,0.0186868269817,0.0186868269817,0.014592957569,0.147122448796
C003842,0,0.00350779335205,0.0107044270413,0.0364917499314,0.0119883505967,0.0545465027039,0.00500708542339,0.0130177634231,0.864736327528
C003843,1,0.744041315382,0.00588946371304,0.00581736424589,0.00577753985813,0.143775244292,0.00589688935577,0.00825878761129,0.0805433955425
C003845,2,0.0213989967148,0.0286014347977,0.0281243299926,0.0189472201868,0.0194962611502,0.0286014347977,0.539064725793,0.315765596567
C003846,1,0.00692980954799,0.0144407068551,0.0144482775466,0.451873383109,0.125229222487,0.0144589142055,0.313411047665,0.0592086385844
C003847,3,0.199330473149,0.0072947315419,0.00730376381053,0.00661337546334,0.665692745661,0.00728963157919,0.00574815651851,0.100727122277
C003848,3,0.0209287466798,0.507641407468,0.132622168451,0.0577043495608,0.0210899189713,0.0388294213539,0.0463953275685,0.174788659946
C003850,1,0.00230936375661,0.217760255501,0.760816605215,0.00228697647398,0.00233421967783,0.00233421967783,0.00317230667163,0.00898605302581
C003852,1,0.0148703161685,0.0142650980767,0.014778208803,0.0146516620093,0.0149543286362,0.792850108644,0.0232327261127,0.11039755155
C003854,2,0.0176163455213,0.0180779156814,0.0171403443851,0.0162533279919,0.0180644491486,0.0180779156814,0.795139345085,0.0996303565054
C003856,1,0.00194798400258,0.962422898551,0.00193257066177,0.00194234833152,0.00195898948097,0.00195898948097,0.00241085513033,0.0254253643604
C003858,3,0.00636690221281,0.00633926686764,0.00625180006925,0.210429081007,0.235203439306,0.48582159672,0.00729976260313,0.0422881512142
C003859,3,0.100634334184,0.0506016542574,0.0830124261345,0.0222206994207,0.522812991419,0.0824956619342,0.0286148586226,0.109607374028
C003860,1,0.0102880469287,0.00629835490034,0.00203953645667,0.00617866044353,0.00671795271594,0.0437301467401,0.0190132820196,0.905734019795
C003862,2,0.00385223814679,0.00776874926345,0.00490107428931,0.00338543535797,0.00269011468813,0.0601397725417,0.896531962208,0.0207306535048
C003867,2,0.00710969156841,0.0142233255965,0.598701145987,0.0063397626185,0.0256620328766,0.0317208003905,0.275035380398,0.0412078605643
C003869,0,0.00706668589295,0.00721135382692,0.00994342919373,0.01000063013,0.01000063013,0.898849761281,0.010389344308,0.0465381652374
C003870,4,0.000858152404025,0.0244549517816,0.00287669443856,0.00188305519032,0.00235762787803,0.00106705427883,0.00367729465004,0.962825169379
C003871,2,0.00444909577249,0.00886305500667,0.908626776751,0.00517210705514,0.00420503164762,0.0102615820052,0.0063284427755,0.0520939089864
C003872,2,0.00777269077384,0.00798521136689,0.00672760755272,0.00695727530646,0.0153645726473,0.114849211307,0.0105265891121,0.829816841933
C003873,2,0.00169758523591,0.0017529804429,0.00165413912208,0.972924349995,0.00175167461932,0.0017529804429,0.00192334751654,0.0165429426249
C003877,4,0.015733481817,0.0177707795605,0.0178450118562,0.0180348598041,0.0177326239634,0.791212578721,0.022402529315,0.0992681349625
C003880,3,0.00522385081045,0.00379619006697,0.00216480178959,0.00564556679545,0.0147356368361,0.00417056014527,0.00429327388489,0.959970119671
C003881,2,0.0089841725669,0.516632184323,0.00974226821191,0.00863214028878,0.00990015703616,0.00990753732149,0.410049255433,0.0261522848185
C003884,1,0.00189223121779,0.00306343099083,0.00256527881143,0.00300013900622,0.961928035146,0.00216025312012,0.00437504496233,0.0210155867455
C003886,1,0.00955718296917,0.069385043478,0.00975007569208,0.818263349741,0.0196110362053,0.00975725358783,0.0149903638534,0.0486856944735
C003887,3,0.00957702375934,0.870534347985,0.00969508294256,0.00873190806486,0.00747447448496,0.00952878846058,0.0113736716955,0.0730847026074
C003888,2,0.878524271554,0.00902506351651,0.00887451508425,0.00795821524211,0.00742806828753,0.00761824489932,0.038886667393,0.0416849540238
C003889,0,0.793790458281,0.00877547890631,0.109917132845,0.0087888653224,0.0185226345321,0.0087888653224,0.00988826209389,0.0415283026965
C003891,3,0.0269109427982,0.0266990522968,0.0257531477314,0.0246602882213,0.0366910087203,0.0267754040966,0.0424326931248,0.790077463011
C003892,2,0.174214960676,0.335850598413,0.0828386521372,0.0386112585433,0.0506080539023,0.0506457807662,0.0569296429504,0.210301052612
C003894,0,0.0733182169436,0.431422226755,0.0285272478787,0.0337427933114,0.0286913547734,0.173099361635,0.0269961248421,0.204202673861
C003896,0,0.00683613502828,0.0120089517164,0.0161280983961,0.112220213925,0.0141255068135,0.767511381744,0.0121957138515,0.0589739985254
C003898,4,0.0582051495551,0.00683033328423,0.255253659327,0.0559163119894,0.430866861057,0.0541850792714,0.0896220145017,0.0491205910138
C003901,4,0.305586224789,0.575553451611,0.0116622760075,0.0115502402328,0.0268324715929,0.0117171016928,0.0163096593976,0.0407885746769
C003902,3,0.759566656597,0.00474989028635,0.0241805710265,0.00423939725705,0.0027006731231,0.130420335151,0.00532358117035,0.0688188953881
C003907,2,0.0436483805803,0.0180152235373,0.0258182997214,0.724614032878,0.0253293794371,0.0231685469192,0.0304826782066,0.10892345872
C003908,2,0.335755519243,0.0617164302963,0.0582365663246,0.0500694956773,0.0616704567258,0.0579271393299,0.0693073273273,0.305317065076
C003909,4,0.0161186204711,0.135009509412,0.736768169321,0.0127948463567,0.0130677475076,0.0126829179809,0.016244364116,0.0573138248342
C003910,2,0.00896739315168,0.00916343785963,0.00868819632934,0.5797337381,0.00409329735725,0.21673878069,0.0101448740969,0.162470282415
C003912,4,0.472435164778,0.0343169368545,0.0160193519798,0.0148399933139,0.165305414878,0.0451637908426,0.0486046124407,0.203314734912
C003915,4,0.00548465386867,0.00629801595792,0.00621325161296,0.00615325087649,0.00549716000619,0.88980743757,0.00906516407509,0.0714810660328
C003918,2,0.0155312029817,0.0035773831468,0.0033756733806,0.000945448963367,0.0290407373972,0.00195947917042,0.00224718840893,0.943322886551
C003919,3,0.00390185091901,0.00444446506843,0.0036038915813,0.00346943333226,0.00390185091901,0.922770960649,0.00519452022606,0.0527130273049
C003920,2,0.197519701642,0.0390239068295,0.0370000178172,0.0361233235821,0.0305022063652,0.0390239068295,0.0499053262163,0.570901610718
C003921,1,0.0252650204432,0.52699859314,0.00726167297131,0.0134929642121,0.0394641479468,0.0138790148673,0.0155868281207,0.358051758299
C003922,1,0.00418549087356,0.0121768100865,0.126751373541,0.0160370099946,0.00651899876835,0.0111724846805,0.00666166867312,0.816496163383
C003923,2,0.0614252543831,0.0232315637995,0.017932575043,0.299630528376,0.0107690865441,0.0806519696434,0.0212741549231,0.485084867288
C003924,3,0.00448952868204,0.00661868565072,0.00421270574503,0.00250140958253,0.00124644615855,0.00124223869542,0.151880117002,0.827808868484
C003925,1,0.00429843613929,0.00432457956839,0.364490514173,0.00423523163651,0.0438383716591,0.562977319589,0.0050951347936,0.0107404124412
C003926,4,0.0168253732047,0.0253215130398,0.295776596976,0.0247394772174,0.0252671452815,0.0251305891129,0.488699995396,0.0982393097716
C003928,1,0.00657457881894,0.00144713361994,0.869678847132,0.0014172351306,0.0332983648163,0.0824743259705,0.00172301997941,0.00338649453231
C003929,1,0.00149457274463,0.00150875669238,0.00149028632583,0.00710943322422,0.00151065898582,0.00151065898582,0.97538606757,0.00998956547163
C003930,2,0.0150946859575,0.0156539637019,0.0153194249217,0.544311715899,0.0147318585305,0.0424983743363,0.0461243443941,0.306265632259
C003931,1,0.00888056013979,0.00891948642508,0.00890873156022,0.0088548679802,0.843525480276,0.00753075229843,0.0318850549844,0.0814950663358
C003933,4,0.0174385952535,0.0194733513003,0.0210074274771,0.0190257402899,0.0118928520441,0.762990032626,0.023814750712,0.124357250297
C003934,4,0.00246106868831,0.00313193070445,0.00199065314385,0.00171936985536,0.00132978560062,0.00271521372536,0.00270384496538,0.983948133317
C003935,4,0.323491195204,0.00979864214275,0.00955553982928,0.00933820546695,0.526898655327,0.0490922016788,0.0127359039343,0.0590896564172
C003936,4,0.0109043345504,0.164576019406,0.428377872841,0.291339325502,0.00573115886241,0.00651604618117,0.016109577236,0.0764456654205
C003937,0,0.00227711290043,0.00326202226515,0.00292090184005,0.00215471950674,0.00439219773673,0.052210097837,0.91584798426,0.016934963654
C003938,2,0.0103351868508,0.00681273099738,0.156977703795,0.00936264965938,0.0100742634825,0.35010272499,0.418488192732,0.0378465474933
C003939,3,0.00823852956614,0.00817366130143,0.00582184858023,0.00749616444022,0.00823852956614,0.00792283988906,0.840544337111,0.113564089546
C003940,1,0.160172107068,0.0384584244636,0.0524810024186,0.0227829399111,0.013511317787,0.0332709198191,0.0663208018483,0.613002486685
C003941,4,0.0017793827027,0.975698762047,0.00198099996551,0.00196442326343,0.00191398987745,0.00199547926754,0.00297884525434,0.0116881176218
C003942,1,0.00502452439213,0.00646351761769,0.00646690618437,0.00634068439495,0.839364680534,0.00647166704775,0.0363325622825,0.0935354575462
C003944,1,0.00521245969812,0.00441512322441,0.124219515277,0.00516192941323,0.00526856194152,0.809691416118,0.0335941412256,0.0124368531017
C003945,3,0.0120443196149,0.635289231501,0.0198336857958,0.0149950820435,0.107473194307,0.0963934181064,0.0235361511445,0.0904349174876
C003946,3,0.537404053941,0.0024116070567,0.362656262155,0.00218458559689,0.00243074618654,0.00241850357636,0.0833389480128,0.00715529347475
C003947,3,0.00783115207935,0.0841452200593,0.00768125407135,0.517434510585,0.0298874136959,0.285234376304,0.00930839200191,0.0584776812034
C003948,0,0.012983753452,0.0295394707701,0.0301292183285,0.0449523014957,0.301803964831,0.0229616568388,0.0304551155757,0.527174518708
C003949,4,0.0396231429838,0.0445309470629,0.0453367879755,0.0433362828514,0.044435334776,0.251891101112,0.0682794528573,0.462566950381
C003955,1,0.00785374437494,0.0058141824129,0.565362040613,0.00443158379449,0.00431774969579,0.186297803566,0.00980616990789,0.216116725635
C003957,1,0.0143718570199,0.00342537618916,0.00631833766155,0.0056103940446,0.00379395377003,0.00304960971329,0.0266706314681,0.936759840133
C003959,2,0.00168108974816,0.428030886585,0.549725743955,0.00306568703138,0.00159742429173,0.00347454331416,0.00357908441704,0.00884554065695
C003961,1,0.734259128913,0.0528236706892,0.051918606559,0.0145044450047,0.0729239123032,0.014804070497,0.0186823237935,0.0400838422401
C003963,3,0.00315134091441,0.00519697539248,0.00303053069498,0.00469104131839,0.00860460965622,0.927193642728,0.00641599894937,0.0417158603465
C003964,4,0.0233165178575,0.0258947263705,0.0182235796644,0.0254267013387,0.194384509464,0.455316692083,0.0523993539185,0.205037919304
C003965,0,0.00666753068408,0.30998982149,0.627407927738,0.00419412833811,0.0266855752489,0.00419412833811,0.00633746562551,0.0145234225372
C003966,2,0.826473154443,0.00627056194265,0.00591699802974,0.00508720080818,0.0062658908993,0.0116814820452,0.00661196098253,0.13169275085
C003967,1,0.0231874127338,0.170534547838,0.536109995136,0.00745452094815,0.00479490984767,0.19600428125,0.00849091349511,0.0534234187512
C003970,3,0.013394860262,0.013336720279,0.0114583684727,0.0121716262633,0.237880774044,0.63247987257,0.029373800968,0.0499039771409
C003974,4,0.0127050255917,0.0110445535923,0.0129804572915,0.0329809217307,0.14823522892,0.458333361998,0.119822076547,0.203898374328
C003975,3,0.00306436849351,0.00412490738777,0.0513833771752,0.00311816973583,0.00360318065089,0.894618622187,0.00408990115084,0.0359974732186
C003976,0,0.00755108794101,0.00174049644038,0.00213867108832,0.00215097408623,0.00243956218985,0.00612830986773,0.00234771893439,0.975503179452
C003978,0,0.00374440933719,0.00375837351545,0.00324098792381,0.00207963329164,0.953500051135,0.00242709757226,0.0035830675061,0.0276663797188
C003980,2,0.0166391224218,0.0510495415765,0.0167287535549,0.0148935495975,0.114633105131,0.0170940686262,0.670795528203,0.0981663308886
C003981,2,0.632573301781,0.00613249277744,0.00600143608841,0.0053630610375,0.00572058729073,0.317405251649,0.00661194690986,0.020191922466
C003982,0,0.0178748507441,0.0182578344017,0.0148847353717,0.378636566562,0.178333186156,0.3159817672,0.0200720806998,0.0559589788655
C003984,0,0.137906888596,0.0347827679572,0.00388992980543,0.0134272179625,0.0255116430243,0.0054446711606,0.0133070131119,0.765729868382
C003985,2,0.0049043260061,0.056420440427,0.00596122023595,0.177001576387,0.00631272064609,0.0063174265997,0.697490310685,0.0455919790129
C003986,3,0.00599700451766,0.92274041909,0.00588097932738,0.00544554507814,0.00599700451766,0.00596680021705,0.00675341392468,0.0412188333274
C003987,0,0.00271104018806,0.00310626252307,0.00175199623429,0.0018254425765,0.00272151113084,0.0010383145353,0.0029598146471,0.983885618165
C003988,0,0.0166308112485,0.0166928332102,0.419236484985,0.19240127152,0.0167182970297,0.0688990368919,0.0213784481327,0.248042816982
C003990,2,0.0248826828975,0.0433319802022,0.0250930188868,0.0222336785016,0.725009763732,0.0255187001346,0.0273830851753,0.10654709047
C003991,1,0.0186308604724,0.093729148782,0.0336667043078,0.0333784140595,0.0340679284632,0.0340679284632,0.0474493669067,0.705009648545
C003992,2,0.0178276920373,0.0182947997389,0.0139675506545,0.0164483221375,0.0182811716457,0.0182947997389,0.801143826833,0.0957418372143
C003993,3,0.00576615479643,0.0314363353418,0.124671570735,0.00927856781155,0.0101832674741,0.776608701387,0.0116840201251,0.030371382329
C003994,2,0.0114482078688,0.00721766418027,0.0115507615443,0.0392069671804,0.0119372893448,0.040739851083,0.0134393927306,0.864459866068
C003995,2,0.00804719781412,0.823848966197,0.0132181753169,0.0119181182255,0.0136605004581,0.0426346027778,0.00896619053946,0.0777062486712
C003997,4,0.104617571011,0.26574103287,0.00989793773163,0.00972144326247,0.475509362046,0.0823475606735,0.0117645291051,0.0404005633
C003998,0,0.0132715256681,0.0143082804084,0.0147299571594,0.604714276934,0.0131440976865,0.0204090936099,0.0137247411464,0.305698027388
C003999,3,0.737675104121,0.0150681274631,0.0147128448071,0.013655015069,0.015187711973,0.0151112180807,0.017276556345,0.171313422141
