client_id,fold,cloud,gym,insurance,mobile,music,software,streaming,none
C000000,4,0.00792444788791,0.0220812481609,0.0107649724375,0.0530733953694,0.00707666794792,0.011110364931,0.00605519041483,0.881913712851
C000001,3,0.0928080683477,0.00548232340115,0.0281492945895,0.672789656078,0.00635656751671,0.00633813034582,0.169592449359,0.0184835103629
C000002,1,0.00714087782804,0.0146299889857,0.0146232965632,0.0540823066378,0.0146299889857,0.797805826267,0.0141925227127,0.0828951920197
C000003,0,0.00140625083495,0.00275381583971,0.00274436147898,0.00156565737585,0.00275541616803,0.00198662000536,0.00297143679583,0.983816441501
C000005,2,0.0135004856697,0.0370962462246,0.0135085747871,0.781044700074,0.0135004856697,0.0135004856697,0.0166132766382,0.111235745267
C000006,1,0.770508745952,0.0147367800498,0.0639214402736,0.0144603093417,0.0118472615588,0.0147367800498,0.025548604205,0.0842400785694
C000007,3,0.979282804561,0.00172415597486,0.0017202123626,0.00170236736172,0.00171202873068,0.00222973925305,0.00179733448225,0.0098313572735
C000009,3,0.0447838598242,0.00327685941804,0.00326563607736,0.00324996309237,0.00262756458151,0.338420156473,0.595292584473,0.0090833760603
C000012,3,0.00374539482985,0.00374539482985,0.00373256674148,0.00371465278502,0.00350928260019,0.945128372008,0.00501078929716,0.0314135469086
C000014,2,0.43832567961,0.0114033761545,0.00887921049611,0.00877719264853,0.020469042487,0.479248096296,0.0111694086152,0.0217279936922
C000015,2,0.00886331949695,0.00862605439654,0.517571014089,0.00880096065386,0.00886331949695,0.00886331949695,0.010414742621,0.427997269749
C000016,3,0.012983056507,0.023279371336,0.87353702336,0.0128189862026,0.0128917372187,0.012983056507,0.013598973646,0.0379077952227
C000017,0,0.0319941170548,0.014380808007,0.00995850442123,0.605359503343,0.012471383649,0.012385000892,0.195246135038,0.118204547596
C000021,3,0.0242980025384,0.0242980025384,0.0188568925671,0.563546303802,0.0243686837016,0.0200190973207,0.0503921447628,0.27422087277
C000022,3,0.00569207440484,0.00569207440484,0.0056725788812,0.0056453540951,0.00458469538153,0.90286201279,0.0469205302162,0.0229306798262
C000024,0,0.000985620222965,0.946808017098,0.00108172620931,0.00108634274758,0.0313000387916,0.00885239736066,0.00122249749927,0.0086633600704
C000025,1,0.929077157198,0.00485600366566,0.00481706000788,0.00509016682097,0.00485600366566,0.00324159047286,0.00223469221275,0.045827325956
C000026,0,0.00351455552659,0.328107417674,0.0337503062327,0.491170093711,0.002942806132,0.12164597175,0.00410478698737,0.0147640619863
C000027,3,0.0018852739767,0.0106095443493,0.00187881685741,0.14148844505,0.802065835248,0.0329485919701,0.00225767952889,0.00686581301904
C000028,2,0.327297562671,0.0749265750389,0.00477781304877,0.004711670369,0.00720004391576,0.558034258428,0.00449021820369,0.0185618583243
C000029,3,0.137527662403,0.00411043701084,0.00989305426911,0.0141704054583,0.51961023905,0.0605936863372,0.0376640269104,0.216430488561
C000030,2,0.00194559980451,0.0021097524986,0.00597300571025,0.00212919648026,0.000934952896923,0.00214428281396,0.00245593009454,0.982307279701
C000033,0,0.021538681277,0.0090857755344,0.00905458238119,0.00378992021413,0.00909105556209,0.0105684706941,0.093595915446,0.843275598891
C000035,1,0.0123816789017,0.0355318282415,0.0140136486117,0.756820050143,0.0205164142957,0.0101683883932,0.0168554948343,0.133712496579
C000036,3,0.0316557211476,0.0316557211476,0.0187052354675,0.0190260974566,0.0272185392629,0.0218986940091,0.0397416501438,0.810098341365
C000038,0,0.00921759253671,0.010343368873,0.0102316623958,0.0103493797275,0.301865736307,0.571211384774,0.0134944098239,0.0732864655619
C000039,0,0.0304281819897,0.0339753970111,0.0337744728204,0.0339951411746,0.0685499920176,0.0337596745975,0.0407138148241,0.724803325565
C000040,3,0.501323896791,0.45323335103,0.00466989275342,0.00601250340341,0.00607989688921,0.00433572065173,0.00700422480208,0.0173405136791
C000041,0,0.00145115008569,0.00163112000283,0.909549708824,0.00163206789757,0.0759220381337,0.00162076341616,0.00188182442282,0.00631132721737
C000042,1,0.163874175714,0.0133849627677,0.0133695043715,0.0166217864382,0.00743657620326,0.00658389018313,0.70793817644,0.0707909278821
C000043,1,0.00899185302781,0.00899185302781,0.0196477030273,0.00882316054783,0.0563477543034,0.0257402571153,0.0107855017987,0.860671917152
C000044,4,0.0341795004455,0.0323427890378,0.0299428058309,0.0313879497875,0.287010145317,0.0329087938464,0.039720365635,0.5125076501
C000047,1,0.0117582158537,0.567490839558,0.0115615409589,0.0117410663494,0.32978556812,0.0117582158537,0.0152182388375,0.0406863144687
C000048,0,0.00393922285897,0.0332213256329,0.230559184276,0.0094823900647,0.315099610186,0.00941671050424,0.298001956078,0.100279600399
C000053,3,0.00952396398932,0.825506363299,0.0108950582017,0.010794345435,0.0108556060985,0.0109325023465,0.0133869520135,0.108105208617
C000055,0,0.0239487598759,0.027743818725,0.0274441905967,0.0277599415238,0.0277599415238,0.355396069135,0.0308482229632,0.479099055656
C000057,1,0.00504689955598,0.00696107606501,0.00522311825784,0.0212325832789,0.101609597218,0.00803577876055,0.0142994028408,0.837591544023
C000058,2,0.0284316946418,0.0276705973027,0.0284144362725,0.0282316603785,0.0206764669333,0.0759068445264,0.0368445889792,0.753823710966
C000059,1,0.55200389268,0.383162526996,0.00738012337645,0.0073235571599,0.0030982522161,0.0073342542611,0.00679576748823,0.0329016258218
C000060,4,0.011130187419,0.0151195590922,0.789864880145,0.0141252016851,0.0118209977058,0.0151011486634,0.0183216043829,0.124516420906
C000061,2,0.867921636165,0.00919625722174,0.00923357390414,0.00480921299659,0.016596929271,0.00613985568818,0.0114335243473,0.0746690104063
C000062,4,0.0852741363334,0.0108988818878,0.0106016469425,0.0827456216774,0.0108856107939,0.0244455831543,0.0119381639366,0.763210355274
C000063,1,0.0272809476556,0.0125485102069,0.822996108804,0.0125302080484,0.0125485102069,0.0125485102069,0.0167128241846,0.082834380687
C000064,0,0.00619582012197,0.0125096369037,0.0933022844617,0.00345178721288,0.012516906644,0.788077886483,0.0133906750722,0.0705550031
C000065,4,0.00320248317753,0.668516184716,0.00428516981117,0.00241494019713,0.281908538292,0.0204895737098,0.00267215414773,0.0165109559485
C000066,0,0.0170530924632,0.0234794923893,0.0228255454161,0.023493137055,0.0599559843003,0.594543081048,0.025439286733,0.233210380595
C000068,0,0.194630135419,0.0257490391548,0.0856683486418,0.0337394177129,0.144205079347,0.0255855489423,0.027655291174,0.462767139609
C000069,3,0.00371298345511,0.00339141758444,0.0399527589992,0.00237005056818,0.00143914551686,0.00339141758444,0.00360151129203,0.942140715
C000070,4,0.0271081198905,0.00589458207203,0.00903298039706,0.557099855175,0.0112357077073,0.00792173147495,0.359052474018,0.0226545492648
C000071,2,0.792549452102,0.015097436266,0.0208590257762,0.0149845326824,0.00907348930947,0.0183158030821,0.0192313943848,0.109888866397
C000072,2,0.00144014378543,0.00144078616993,0.00144100667974,0.110213422128,0.00144014378543,0.846306337718,0.0103759381209,0.0273422216125
C000073,3,0.0131108900594,0.00813112811714,0.0838994689906,0.0130032764197,0.0713799395751,0.00278313645599,0.0154082965784,0.792283863804
C000075,0,0.00686132448768,0.00239177857296,0.00358083470654,0.00321229981792,0.00745649596735,0.00164264241909,0.00545543467692,0.969399189352
C000077,2,0.023127161549,0.0088574854954,0.00174140932875,0.000961242286,0.00113937111783,0.00149890609944,0.00212119906052,0.960553225063
C000078,3,0.000447324191827,0.000447324191827,0.962716537153,0.000443652573482,0.0316347182757,0.000447324191827,0.00268543979844,0.00117767962381
C000079,1,0.00223438270618,0.735707256802,0.00223180220045,0.0821503230615,0.00223438270618,0.14465962072,0.00282448872739,0.0279577430765
C000080,0,0.0135065870741,0.00567135191333,0.00573276953555,0.00567464771289,0.00567464771289,0.068299176528,0.00719574768523,0.888245071838
C000081,2,0.639878846718,0.00732937360309,0.233636659,0.00794714278806,0.00732610575114,0.0562571005244,0.00923929117817,0.0383854804371
C000084,3,0.0035396841326,0.0035396841326,0.0119420575906,0.02886265907,0.00351478695716,0.0035396841326,0.00413800066639,0.940923443318
C000085,2,0.011349408348,0.0113544708174,0.851247444423,0.0112695583579,0.011349408348,0.011349408348,0.0138320974245,0.0782482039328
C000086,4,0.0254828173468,0.025513884493,0.0149848453863,0.114736636911,0.0177759585229,0.238586370428,0.0709323617355,0.491987125177
C000087,2,0.00133110822104,0.531557076397,0.00385493197658,0.324228274758,0.04435243477,0.0399245032623,0.0433621546619,0.0113895159532
C000088,4,0.0319247254565,0.00717358049719,0.904689954317,0.00403585763859,0.00433334367174,0.00433334367174,0.00499869355888,0.0385105011879
C000089,3,0.17063013749,0.621297819857,0.11631840746,0.00844443244344,0.0205740954576,0.0085143176079,0.00917452700242,0.0450462626819
C000090,0,0.0042267554993,0.0788801246373,0.0139485494197,0.0187221933795,0.35049586643,0.163042862102,0.0157145687466,0.354969079786
C000092,1,0.0273998198077,0.0273998198077,0.0269415141648,0.0554878168106,0.0190915934836,0.0331789753461,0.0358239275613,0.774676533018
C000093,4,0.0010754130171,0.00154808857124,0.00802929836034,0.00192593077931,0.000629912743466,0.00247426995839,0.00169019982508,0.982626886745
C000094,0,0.84880607448,0.0116717636409,0.0106361526656,0.0116785464669,0.00639964747143,0.0115976552788,0.0128205425227,0.0863896174736
C000095,2,0.010588331422,0.00124288146014,0.00124792483937,0.952732589108,0.00418883162901,0.0252199710175,0.000946327628325,0.00383314289587
C000096,2,0.0448669507957,0.23823277248,0.0579068728776,0.0878431652468,0.180574547418,0.05972093224,0.0679464233818,0.26290833556
C000100,4,0.133443637099,0.451936230019,0.257258209353,0.0208272648788,0.0223624578824,0.0223624578824,0.0245819006134,0.0672278422719
C000101,3,0.0116328385906,0.0999974565391,0.0116889755938,0.0114858313456,0.0114895829527,0.0116328385906,0.0183568716324,0.823715604755
C000102,4,0.00461288102499,0.0158044664769,0.0045648609359,0.00440642372901,0.00461288102499,0.919349156552,0.00545367571936,0.0411956545366
C000103,1,0.00469850644367,0.00456344470965,0.267636385098,0.575699304369,0.0954198121366,0.0365995781855,0.00570921906856,0.00967374998856
C000104,0,0.00999772221411,0.0109961395903,0.74974240505,0.0110025297901,0.152057703971,0.0109263210163,0.0132575793947,0.0420195989737
C000105,2,0.00292889440332,0.226874747814,0.0175469447834,0.00290828784991,0.00292889440332,0.00292889440332,0.735798611164,0.00808472517858
C000106,4,0.0213674207663,0.00782749808396,0.00757895424241,0.00726698039565,0.00781796688037,0.00781796688037,0.897601635239,0.0427215775121
C000107,4,0.1552389789,0.0452780255155,0.0455420752298,0.0430929922757,0.0676396618542,0.0574435463001,0.0456605284392,0.540104191486
C000108,1,0.00644929915507,0.0427472399755,0.488526031548,0.0120060727893,0.0145517890562,0.189807228128,0.210812185605,0.0351001537422
C000109,2,0.520664922356,0.00503847180703,0.00502724167894,0.00496957467472,0.00503622536949,0.431585453103,0.00612896369659,0.0215491473141
C000110,2,0.00328405165201,0.036408149961,0.679223400646,0.257672252457,0.00619272582906,0.00328405165201,0.00402764260662,0.00990772519627
C000111,0,0.00326767656364,0.00361712222824,0.0568695521741,0.00361922425084,0.00361922425084,0.00359415577588,0.911839651563,0.0135733931937
C000112,4,0.0235804408991,0.00921171947365,0.370579514053,0.00423308662322,0.0110278056901,0.00870418229962,0.549717322403,0.0229459285583
C000113,3,0.0199280578677,0.0199280578677,0.0198598036784,0.7200621409,0.0518880973586,0.0199280578677,0.0253488403183,0.123056944141
C000115,0,0.0974831445573,0.0212087378295,0.0211308815449,0.0212210628889,0.0599949005179,0.442684168489,0.0258428461248,0.310434258048
C000116,4,0.0509113104354,0.000549274995795,0.943264366574,0.00051315121353,0.00054860616755,0.000423949126859,0.00217912382086,0.00161021766559
C000117,4,0.00312350410354,0.943254740035,0.00307675066447,0.00291157501887,0.00312350410354,0.00312350410354,0.00346262806703,0.0379237939041
C000119,2,0.822545392491,0.00282841532561,0.00282884820966,0.00280726350746,0.00282715425706,0.00282715425706,0.151015712589,0.0123200593632
C000120,4,0.00427261520252,0.934404358762,0.00416115905263,0.00400434048904,0.0049644836111,0.00427261520252,0.00943517433459,0.0344852533459
C000122,1,0.665750110213,0.015104629637,0.0154913238319,0.0685489051529,0.015104629637,0.015104629637,0.019299510839,0.185596261052
C000123,3,0.0101231339433,0.00375432738593,0.0269996943188,0.299087580623,0.0141445847495,0.0788351521115,0.0949444600628,0.472111066805
C000125,0,0.00134331827428,0.0128235547851,0.00364927557032,0.00138450614759,0.00466214947592,0.0176725435647,0.00510389726438,0.953360754918
C000126,2,0.0154090765893,0.0336391979557,0.192168678329,0.00908381707861,0.0516099337062,0.155964334473,0.0361162966866,0.506008665182
C000127,3,0.0122628374694,0.0057245425789,0.0123220146807,0.01216218461,0.012176584006,0.00739924898475,0.0280270524686,0.909925535202
C000128,4,0.000700814079389,0.00184288721436,0.953270842877,0.00175481393576,0.0294361727867,0.00184064321084,0.00207830296395,0.00907552293212
C000129,4,0.0373190400554,0.00319740703567,0.00311020716369,0.00297427751074,0.00319351369234,0.936459634404,0.00462102924981,0.00912489088806
C000130,4,0.00926781840398,0.727430775546,0.0105165431023,0.00899984020591,0.00926781840398,0.00926781840398,0.00990437772158,0.215345008212
C000131,4,0.564944224668,0.0658084633458,0.00716676078294,0.0121166586187,0.248770909864,0.039941259614,0.0131155215518,0.0481362015547
C000132,2,0.00784341996823,0.0116261645215,0.00787875989109,0.437514574374,0.160613682284,0.310036775435,0.0146309744538,0.0498556490722
C000134,3,0.0279111740505,0.00591305711017,0.629377620483,0.00385688729453,0.00593025777322,0.00591305711017,0.260343862542,0.0607540836363
C000135,3,0.0129083824817,0.00213819753187,0.0021333068943,0.00212064729555,0.000392784692561,0.000839867255492,0.00228987340891,0.97717694044
C000136,3,0.000818175065477,0.00197390547024,0.0182860381409,0.00240932464364,0.00427131134688,0.00278519417227,0.00136946787266,0.968086583288
C000137,4,0.233727130351,0.0269676214628,0.0244852616043,0.0231434497783,0.0752129185358,0.0185737480325,0.427284319145,0.17060555109
C000140,3,0.0172366852408,0.0164072173557,0.0279249431457,0.0170952072459,0.0172868255336,0.683161389391,0.0452895896117,0.175598142476
C000142,1,0.106066358006,0.0114474440084,0.00616302467976,0.732533485231,0.00621485283727,0.00621485283727,0.116777074043,0.0145829083568
C000143,2,0.0368722437905,0.0572087215528,0.0398355781935,0.22628772317,0.0558750319462,0.0695500225831,0.0700128673374,0.444357811427
C000144,2,0.00993679867602,0.00994123104269,0.00999333801799,0.00986688725404,0.00993679867602,0.836747910993,0.0113371373756,0.102239897965
C000147,2,0.0101433760081,0.0256478368337,0.0234083681119,0.0265731431909,0.735881723568,0.0321371388786,0.0317577802764,0.114450633132
C000148,0,0.039361178362,0.0394424906427,0.0053615881004,0.0134296368619,0.00538447002418,0.00534717461426,0.868702513004,0.0229709483902
C000149,0,0.00749361380356,0.00846474314495,0.0085833085265,0.00846966227134,0.00846966227134,0.00841099734706,0.838048269649,0.112059742986
C000150,2,0.022510039911,0.0219074612856,0.0224698861812,0.0223516680903,0.029358937435,0.694855450503,0.0287718657343,0.15777469086
C000152,0,0.809925268818,0.0145539795734,0.0145040130613,0.0138856972599,0.0162479765341,0.0122393904588,0.0143112120912,0.104332462204
C000153,2,0.00905626629191,0.009060305892,0.00905076903297,0.731412150615,0.00905626629191,0.00905626629191,0.00704719731857,0.216260778266
C000154,4,0.00362228515724,0.0198466796042,0.00602403110428,0.00399224676069,0.0117033076802,0.00123335335156,0.00159337309733,0.951984723245
C000155,1,0.00255414130611,0.00255414130611,0.00169656628036,0.00250622410485,0.0202569633247,0.00122054516942,0.00383693262642,0.965374485882
C000156,1,0.181486572783,0.0623069934523,0.154245271097,0.0311399685877,0.127052491263,0.0241161144579,0.040937204835,0.378715383524
C000157,0,0.0345735249957,0.0383325022114,0.0328157032371,0.0369011084614,0.0383547784247,0.0380891149187,0.0414112611531,0.739522006598
C000159,4,0.0946148219741,0.0122506350025,0.6983291266,0.0516316946571,0.0181014348641,0.0122357179376,0.0130449912846,0.09979157768
C000160,4,0.0792758175257,0.0322799311921,0.0345675014367,0.0318670840542,0.0328448359768,0.0328448359768,0.0363970729747,0.719922920863
C000162,1,0.0623031992849,0.00859287492058,0.0105482653829,0.00525167372452,0.00859287492058,0.156704508865,0.092858153971,0.65514844893
C000164,2,0.708905738579,0.00393046412523,0.0487854263652,0.00390107082444,0.216207375285,0.00392871170059,0.00469979740668,0.00964141571418
C000168,0,0.00194694011269,0.0118715615271,0.00338482005669,0.00386765746872,0.00334970359085,0.0179174802988,0.00400929622735,0.953652540718
C000169,0,0.00911419216588,0.00459617196454,0.0101194798795,0.132148528322,0.0471967761882,0.0115609256255,0.0531287075828,0.732135218271
C000170,2,0.00493457720332,0.0132441550298,0.0593062785803,0.0587446394778,0.0100206823258,0.0447535454387,0.0336867074288,0.775309414516
C000171,3,0.00362892369117,0.00362892369117,0.00364643591738,0.00282632093591,0.0419431082972,0.00362892369117,0.911834165516,0.0288631982597
C000172,4,0.0201028797521,0.0197571263749,0.0208231252886,0.019070318466,0.0201028797521,0.0174519109987,0.021090535441,0.861601223927
C000173,3,0.0127899206109,0.00903834346049,0.0726339590793,0.816482067893,0.00906463535951,0.00903834346049,0.0110254608058,0.0599272693308
C000174,1,0.0244520043078,0.0244520043078,0.0250793385129,0.024416340755,0.0158477586074,0.0156012144533,0.0511085439498,0.819042795106
C000175,2,0.0108777744757,0.0081619597692,0.754939022794,0.00805035139991,0.178481905383,0.00815832070293,0.0098145057103,0.0215161597652
C000176,0,0.00827046599163,0.0124571984953,0.225342873307,0.102056028655,0.0140261127757,0.53492912337,0.0154365816555,0.0874816157507
C000177,1,0.0547840786164,0.0134983036794,0.0319561596662,0.590824668567,0.00881220350483,0.0134983036794,0.0791356063712,0.207490675916
C000179,4,0.00938020463072,0.0987379366283,0.0113232236261,0.00520611066109,0.719508163224,0.0116265148231,0.0126462940668,0.13157155234
C000180,1,0.00964357329632,0.135277469983,0.0147486374919,0.00518711244844,0.0481198999211,0.627581792965,0.00941509364994,0.150026420244
C000181,4,0.0102888512509,0.0160905211536,0.0101817443146,0.00962391022467,0.843488012781,0.0113622477111,0.0100514064982,0.0889133060655
C000183,4,0.0136532671277,0.0517261346632,0.0132971057335,0.411069996725,0.372724602252,0.0136532671277,0.0167907126582,0.107084913713
C000184,0,0.00700206412645,0.00545106997514,0.00255606729946,0.00247241504899,0.0027775158021,0.0145786081684,0.00576620593679,0.959396053643
C000185,2,0.301453441635,0.644533003007,0.00390191179059,0.00385715333694,0.00390888451448,0.00390888451448,0.00482851491682,0.0336082062846
C000186,0,0.0169202534183,0.0196519246614,0.0824206726782,0.0196633450081,0.00800045194916,0.0201718139668,0.768565931433,0.0646056068854
C000187,2,0.00779604034657,0.00779951781557,0.445037089023,0.00769286555445,0.488064541087,0.00779604034657,0.0101135142406,0.0257003915865
C000189,0,0.0102884903407,0.00699184158378,0.00771312020087,0.00774418977607,0.0159261475883,0.861275230746,0.008492067046,0.081568912718
C000190,2,0.247730089146,0.0397962273307,0.0400531017867,0.0394986180808,0.0397784839073,0.0277733733305,0.0493086968258,0.516061409592
C000191,4,0.00361532614033,0.00334588538027,0.00457941876211,0.54246859087,0.0129054209166,0.00470207794853,0.385750338641,0.0426329413413
C000192,2,0.00105139764768,0.930530217008,0.020503309144,0.00103748318227,0.00107021242346,0.040673264395,0.00126401310398,0.00387010309557
C000193,2,0.035026432156,0.0236767554311,0.0499274814023,0.0234996928828,0.0285211354352,0.0236661989858,0.0268152960847,0.788867007622
C000196,1,0.874956059045,0.00627159056682,0.00643007675041,0.00615393181918,0.00456097290476,0.00627159056682,0.00885020619763,0.0865055721498
C000197,2,0.00854732049316,0.00855113307503,0.00858583196495,0.00848718489523,0.866911869106,0.00868982895306,0.0100611012275,0.080165730285
C000198,2,0.00599733643257,0.0130773645878,0.00778067547502,0.0124526213185,0.0134370657998,0.00604919994389,0.192269265957,0.748936470485
C000200,3,0.580045513949,0.00972327782821,0.0124962690624,0.2984060286,0.00761860674845,0.0125392162499,0.010758566251,0.0684125213107
C000201,0,0.00724656096236,0.848827435146,0.00788986016887,0.034445550332,0.00792164167851,0.00786677260647,0.0104622369927,0.075339942113
C000202,4,0.165411875886,0.611298645099,0.0147654740574,0.0050566164535,0.00540599125596,0.0827656985158,0.0941237326202,0.0211719661123
C000203,4,0.00725674067986,0.109352378732,0.0274326806341,0.00675856209955,0.00725674067986,0.806286595031,0.00815074286776,0.027505559276
C000204,0,0.00671157618139,0.0603152742579,0.00543049684205,0.00545237167683,0.00834233480891,0.00493552034055,0.884541628605,0.0242707972871
C000205,4,0.00146745360861,0.00221804913398,0.00261389858956,0.00146326313606,0.00221534831213,0.00302090615699,0.00234478179041,0.984656299272
C000206,1,0.00316613213188,0.00316613213188,0.00316247554159,0.0194170108549,0.833035526789,0.100322117532,0.00409925406581,0.0336313509536
C000207,4,0.965658314418,0.00776106001204,0.000940003143705,0.0182764391239,0.000965181016013,0.000965181016013,0.00151840722275,0.00391541404734
C000209,4,0.00827285963927,0.876336382982,0.0114112429908,0.0145077613966,0.00835324302174,0.0123029999007,0.014194288991,0.0546212210781
C000210,1,0.421588879316,0.0820268326748,0.104183182776,0.328536487616,0.0124851088594,0.0124851088594,0.0141504889421,0.0245439109567
C000212,2,0.651401904198,0.0350140866472,0.190262774058,0.085148223147,0.00450067109564,0.00450067109564,0.00559330440863,0.0235783653489
C000214,0,0.000281364409229,0.0013833990003,0.00137864953486,0.000815501226282,0.000339108288243,0.00282830081653,0.0014632826837,0.991510394041
C000215,0,0.0137073582639,0.305872082688,0.547416280168,0.0232744895405,0.0272418679882,0.00935082841652,0.00955223100414,0.0635848619309
C000216,3,0.0392902351039,0.0286580144146,0.0285598598653,0.0284227906253,0.0238735448903,0.319197541665,0.027917667876,0.50408034556
C000218,4,0.00504659266772,0.00165869161482,0.405162637721,0.00333262972889,0.0458316949833,0.00622187861071,0.512523663133,0.0202222115406
C000219,0,0.120996980655,0.590343376637,0.00365514239508,0.110365493245,0.157497174599,0.00364444659993,0.00446641303977,0.00903097282995
C000220,4,0.0825927850568,0.0255329546028,0.0250537187143,0.0174532161375,0.0254046810024,0.0156133680752,0.029479095341,0.77887018107
C000222,1,0.00177176862073,0.00177176862073,0.0017702929465,0.000401208659025,0.00280508231092,0.00135102624802,0.00225940517159,0.987869447423
C000223,0,0.933465761648,0.00347487353086,0.00402043348246,0.006632019865,0.004036628376,0.00400866876079,0.00948091956491,0.0348806947716
C000224,4,0.00953528276742,0.00903375974367,0.0102906951172,0.034370741357,0.0401832060801,0.011633179322,0.832715312733,0.052237822879
C000226,0,0.00107960817629,0.00120546526304,0.979202849512,0.00120616579653,0.00120616579653,0.00119781131639,0.00143400431583,0.0134679298234
C000227,1,0.0016886267195,0.00520341391226,0.0087382377938,0.854566245318,0.00290345859289,0.0520845613411,0.00856802163789,0.0662474346849
C000228,0,0.0046155811373,0.0589127346395,0.419171908724,0.0046816333645,0.476884067615,0.00511800571157,0.00555462091218,0.0250614478963
C000229,2,0.23785029603,0.0174107547843,0.00977004430846,0.0112848449484,0.597651698288,0.0121876812539,0.0195055587574,0.0943391216291
C000230,4,0.0221662807331,0.0817521607709,0.342396943849,0.0207744744668,0.0221662807331,0.0221662807331,0.0254185928505,0.463158985864
C000232,4,0.0419854457299,0.115034557427,0.0458310178727,0.044017324615,0.0864724635131,0.196681649654,0.0889820897094,0.380995451479
C000233,2,0.0064485633041,0.00645143972316,0.17941337792,0.00636322136784,0.764784287229,0.0064485633041,0.00975674958257,0.0203337975695
C000234,1,0.0651359244139,0.0035384758648,0.00941370491295,0.00757908369552,0.892682526733,0.0035384758648,0.00337907402648,0.0147327344885
C000235,3,0.0118751682153,0.0118751682153,0.011834495412,0.776971095104,0.0117289283457,0.0118751682153,0.0131894287545,0.150650547738
C000236,1,0.0125925619417,0.0125925619417,0.0125780186953,0.765987656663,0.00511351431815,0.0125925619417,0.104779557827,0.073763566671
C000237,4,0.961394273239,0.0014850308758,0.00146621338219,0.00138736589482,0.0209848761844,0.00524142126853,0.0014830633012,0.00655775585371
C000238,3,0.00976817955099,0.671053322596,0.00981531820271,0.133525891655,0.116121506988,0.00976817955099,0.0113308879639,0.0386167134919
C000239,4,0.00932321827301,0.0103774881732,0.00904785786528,0.0100740772259,0.00809594412722,0.71368459367,0.200895064026,0.038501756639
C000240,2,0.0170091662662,0.722049295805,0.0170858040882,0.016889496437,0.0151212412304,0.0170091662662,0.0204276789261,0.174408150981
C000241,0,0.0233345192094,0.63881807238,0.0252847315106,0.037807040978,0.015517295667,0.0196565139292,0.0273980876457,0.21218373868
C000242,0,0.00957753484242,0.0141098850542,0.010480747654,0.581409126927,0.010522965637,0.196914943786,0.088645536864,0.0883392592352
C000245,2,0.00225474366036,0.00136286259675,0.0013716595258,0.00134422652449,0.000519247305758,0.00103847952661,0.000742551070818,0.991366229789
C000246,3,0.716317936874,0.0128430339235,0.0109052536423,0.0108529153313,0.147967945068,0.0109427328268,0.019840243032,0.0703299393018
C000248,1,0.0615803632177,0.0208021834388,0.64805911837,0.048156765547,0.0208021834388,0.0208021834388,0.0270720947953,0.152725107754
C000249,2,0.0274650995686,0.0344944089159,0.0352261877694,0.0454554715899,0.0457775444559,0.0457775444559,0.0552038834083,0.710599859836
C000250,2,0.522555242512,0.0115389486137,0.0115857714971,0.0113811625826,0.0115338038936,0.361729581639,0.0144210802376,0.0552544090237
C000252,2,0.0578738129572,0.020153584718,0.00410813121498,0.0024081287174,0.00582530075685,0.082317198673,0.00303474464415,0.824279098318
C000253,4,0.423861570704,0.201611040825,0.0231088159651,0.0190497804816,0.0237277828499,0.0141577577938,0.02534301169,0.26914023969
C000254,2,0.0167483019568,0.0167557726341,0.0212443360369,0.0166304674667,0.0180199479694,0.0167483019568,0.298964404933,0.594888467047
C000257,0,0.613374054582,0.0120803831262,0.0120360366047,0.0120874034138,0.268622213967,0.0120036802872,0.0147877508464,0.0550084771733
C000258,2,0.0705864483599,0.767436859857,0.00941673174507,0.00922839840918,0.0312197276459,0.00935216738457,0.0118032070702,0.0909564595286
C000259,4,0.0140217752291,0.0159499740806,0.190582958488,0.015217553658,0.403218504296,0.0159305524917,0.0176473324191,0.327431349338
C000260,3,0.0910807919285,0.344364955924,0.0157092686758,0.027551488984,0.0989236874328,0.0233569493813,0.0414976777856,0.357515179888
C000261,3,0.0182337688839,0.0182337688839,0.0181713176848,0.018084106868,0.0200339220576,0.303034530466,0.0246546561374,0.579553929018
C000262,3,0.0030459133383,0.0030459133383,0.00303548099478,0.0291663593947,0.00300840364066,0.0030459133383,0.92267007798,0.0329819379747
C000263,1,0.977789388489,0.0120941445199,0.00135552114099,0.00110274952823,0.00177925446347,0.00135319898207,0.00144898140899,0.00307676146765
C000264,3,0.00765737006535,0.0479884473341,0.00763114334579,0.0215535089036,0.584497992954,0.00765737006535,0.00816225004976,0.314851917282
C000265,2,0.302449059239,0.0033469480734,0.00484720896498,0.004791516871,0.0023376642016,0.658113420279,0.00578013741382,0.0183340449572
C000266,1,0.0140886509376,0.0223699868393,0.0969022269953,0.0123902352212,0.0243831820801,0.0245213953547,0.0423656281613,0.76297869441
C000270,3,0.0283021416161,0.0283021416161,0.0282052059417,0.0280698388159,0.530502606017,0.0283021416161,0.0346445313314,0.293671393046
C000271,1,0.00436649372408,0.910292424973,0.0513378475748,0.00436012513859,0.00436649372408,0.0052550954777,0.00520230392484,0.014819215463
C000272,2,0.00280407108324,0.956458243887,0.00218615214569,0.00727784332827,0.001589374658,0.00280407108324,0.00345601930165,0.023424224513
C000274,0,0.0103574859077,0.0118777248662,0.0112930148142,0.119984375812,0.0118846273828,0.715220180154,0.0142891791769,0.105093411886
C000275,1,0.0310657787233,0.0358678196024,0.0597680774224,0.100486854341,0.0310657787233,0.0310657787233,0.0414813476031,0.669198564862
C000276,4,0.148712059648,0.00466479481511,0.00460568510361,0.72520761109,0.00465911469758,0.0756280482105,0.00524880841146,0.0312738780233
C000280,1,0.0181476240844,0.0196393591047,0.0686985487458,0.0563517801857,0.103536298008,0.380483989134,0.166548732353,0.186593668384
C000281,2,0.00223072444016,0.242964185439,0.739042715472,0.00221502993705,0.00223072444016,0.00192903443947,0.00264075222011,0.00674683361225
C000283,0,0.00326041467684,0.00365717529482,0.00364461953348,0.00285567558097,0.00365930059351,0.00363395453065,0.960183861959,0.0191049978309
C000284,3,0.00385606084022,0.00558889530505,0.00561586583604,0.430269685097,0.00554958453558,0.494870712853,0.0104086753152,0.0438405202185
C000285,4,0.013929272983,0.00467186646689,0.00593879798682,0.0598511841077,0.00362258633038,0.00263668593762,0.0122984608721,0.897051145315
C000286,1,0.00386805170694,0.00386805170694,0.00653375766574,0.203068798568,0.763034658984,0.00432265856232,0.0048938908078,0.010410131999
C000289,4,0.0174142529935,0.028589748547,0.303940443925,0.0162888162491,0.0174142529935,0.392829438578,0.14678294795,0.0767400987642
C000290,1,0.0100181506884,0.0100181506884,0.00985375696358,0.68799914662,0.0100181506884,0.0100181506884,0.0116736403266,0.250400853336
C000292,4,0.353155392989,0.00954733146441,0.00696677614998,0.00666802508993,0.00715338041985,0.0205354630113,0.00767757543222,0.588296055443
C000294,4,0.0168566959071,0.0269438817057,0.019625275871,0.103458120128,0.0291893793337,0.0150788927857,0.0368741492009,0.751973605068
C000295,3,0.0345168163099,0.163213046425,0.0244554428574,0.0342335037185,0.0342740344119,0.0328491615105,0.0477522370855,0.628705757682
C000296,3,0.019906849958,0.0134860236731,0.0198386684065,0.0196552818522,0.523553236142,0.019906849958,0.0604599221436,0.323193167867
C000297,1,0.0169951334308,0.0202176385523,0.0245636995407,0.0201881508746,0.474528862059,0.0202176385523,0.0243581305889,0.398930746402
C000298,1,0.0276988616814,0.0374530458728,0.0424015415314,0.0458550838102,0.0256672800302,0.121583978147,0.0361940129063,0.663146196021
C000299,0,0.00561654939053,0.00382296729653,0.251831242862,0.00382518894213,0.0106205856051,0.00536795775318,0.69825499291,0.0206605152399
C000302,2,0.0264645707263,0.0257561319713,0.0266472736245,0.0262783763763,0.0264645707263,0.0234667348271,0.030465222151,0.814457119597
C000303,4,0.00336041241275,0.0170668300275,0.010285318507,0.148524004346,0.00806424915869,0.0831841903485,0.0151990330581,0.714315962141
C000305,0,0.0181903481789,0.00645942559426,0.46964929303,0.00447166763432,0.00748108943977,0.456603921916,0.00875323891161,0.0283910152954
C000306,2,0.0939733634886,0.00693584895831,0.00698061808713,0.835751508097,0.00693275656204,0.00693275656204,0.00883313791566,0.0336600103292
C000310,1,0.000182452281658,0.00316147786588,0.00190921883618,0.00967565772939,0.00179029365182,0.00208992134859,0.00397049930249,0.977220478984
C000311,0,0.351182571099,0.0308150806962,0.0313947970249,0.0308329883012,0.0308329883012,0.0306194243047,0.0352447317303,0.459077418543
C000312,4,0.335996642919,0.0182414626942,0.0177629670124,0.0173431890157,0.015928793397,0.0182192508594,0.0289116351287,0.547596058974
C000313,0,0.348010231264,0.0114079518108,0.0113687861955,0.00915442069198,0.00954470215019,0.011335518488,0.536127344273,0.0630510451268
C000316,2,0.0163873602614,0.0415642854667,0.0072618004918,0.799235439356,0.00953456074382,0.00775350871801,0.0186687653213,0.0995942796412
C000318,0,0.0196404008132,0.109080293107,0.0920959658449,0.0339319811732,0.656587360426,0.0160662768236,0.0193001504685,0.0532975713429
C000319,2,0.692973283735,0.111661619785,0.0085298812218,0.012494327382,0.00854512413596,0.00854512413596,0.0107521796217,0.146498459982
C000320,4,0.00285459924113,0.00295875007087,0.0197228453385,0.654451370367,0.00219985765639,0.300542737026,0.00402631199851,0.0132435283012
C000322,0,0.00270511536781,0.00224063596619,0.00386968797176,0.00391327563068,0.95950328702,0.00388617041547,0.00427472569668,0.0196071019313
C000323,1,0.01539204622,0.000933404491251,0.976726764799,0.000932043109172,0.000933404491251,0.000933404491251,0.00130508716682,0.00284384523158
C000324,3,0.00204401563101,0.0174281742865,0.00676257730101,0.0178298108203,0.00583981014944,0.0024340427694,0.00684060406292,0.940820964979
C000325,3,0.014887565132,0.014887565132,0.00977404209491,0.0147653686173,0.650951811298,0.202427444714,0.0188612436123,0.0734449593997
C000326,0,0.0217364039744,0.0138120841691,0.0137646647214,0.0138201108021,0.779858729228,0.0137243861171,0.0178513623183,0.12543225867
C000328,1,0.00894619553899,0.0128301394873,0.659266232556,0.205072862047,0.013286907081,0.0171227971042,0.0470849115485,0.0363899546373
C000330,3,0.0117654566457,0.535907973788,0.411914392019,0.00235063257587,0.00236397301526,0.00238071834055,0.0275761536329,0.00574069998196
C000331,1,0.0290011029168,0.742003658643,0.0352569740331,0.105521086195,0.0123648703861,0.00840353207926,0.0108604181378,0.0565883576086
C000332,4,0.00621256778768,0.00622014178349,0.0060505057124,0.0718421670803,0.00313916808715,0.0298474184565,0.00412351450361,0.872564516589
C000333,3,0.145625970169,0.0239996974827,0.0320598775767,0.017315993136,0.134222458915,0.298421526747,0.0825015193869,0.265852956587
C000335,2,0.0117735825408,0.00662174645726,0.00677416638916,0.00432804645482,0.00762296775377,0.00279988286278,0.177568541394,0.782511066148
C000336,2,0.00208002781141,0.00208095561988,0.00691225035055,0.0188143119915,0.00208002781141,0.00208002781141,0.954804730985,0.0111476676188
C000337,1,0.115839303117,0.00423986429554,0.640102702146,0.00504796417405,0.144645853387,0.0161875839068,0.031141147528,0.0427955814469
C000338,2,0.505762503006,0.012208747686,0.0135633345631,0.126095285569,0.0192359520967,0.0473563139142,0.0224578800528,0.253319983112
C000339,4,0.018564732544,0.0185873655698,0.0180804498471,0.0173649433735,0.018564732544,0.443669140802,0.0216688128911,0.443499822429
C000340,3,0.0472104851744,0.0360142481384,0.0222087701754,0.0348648315672,0.101482221371,0.0230432151892,0.042062621466,0.693113606919
C000341,2,0.00325372264684,0.842612523057,0.00777110010321,0.00448193400873,0.00762233553955,0.00526588170834,0.0091582883419,0.119834214594
C000342,4,0.0174264566619,0.0174477019689,0.0145426121706,0.0382386218286,0.0143935022242,0.682882254994,0.0180240822479,0.197044767904
C000343,2,0.894896148818,0.0853460605212,0.00194804882089,0.00178957564087,0.00136066944217,0.00195152998787,0.00237751703861,0.0103304497305
C000346,2,0.0141110359324,0.0122745124444,0.0203861480891,0.0207897679195,0.177656062482,0.577052840534,0.0674207163382,0.110308916261
C000348,2,0.555831132345,0.0125305152848,0.35011619389,0.0127019313765,0.0100988268135,0.0128722865089,0.01619651768,0.0296525961013
C000350,3,0.1067901969,0.00873085371689,0.00870095028398,0.00865919123307,0.723149823675,0.113661239484,0.00930635439826,0.0210013903086
C000351,2,0.0316469038517,0.0445949368061,0.0292149299037,0.0439851361802,0.0445750538448,0.548700557764,0.0510507467178,0.206231734932
C000352,0,0.0173589718532,0.15715186091,0.0206303444357,0.0187459609301,0.135828356041,0.0186161174554,0.58234138437,0.0493270040048
C000353,1,0.00326348667637,0.00326348667637,0.00320769437242,0.961891545611,0.00425191038202,0.00324791392666,0.00481518656232,0.0160587757925
C000356,0,0.00280791828752,0.00499572851247,0.191401769476,0.768332658315,0.00484348617363,0.00480993787612,0.00573493230432,0.0170735690557
C000358,2,0.214547465537,0.0656967996314,0.0659633848896,0.0652054974007,0.049648310373,0.0353506020366,0.0758476117641,0.427740328368
C000359,2,0.041212674935,0.031365658522,0.138576623231,0.0311310958327,0.031351673926,0.031351673926,0.0378556866663,0.657154912961
C000361,3,0.0829432311849,0.00176845481372,0.0101101265428,0.00175393941023,0.00173088266432,0.892836051712,0.00179077912468,0.00706653454701
C000363,0,0.00503877614059,0.00373335494665,0.00438919867081,0.441002709936,0.0044068790044,0.515587691234,0.00472536017853,0.0211160298886
C000364,4,0.0140562910163,0.0140734276162,0.782473874187,0.0765088322849,0.0140562910163,0.0140562910163,0.015634065774,0.069140927089
C000365,3,0.0268561871736,0.0268561871736,0.0274543538321,0.0266357527073,0.0267910613383,0.0268561871736,0.0288052737096,0.809744996892
C000366,0,0.0124465558782,0.00830408594937,0.00695899815483,0.0288807364809,0.0980047321884,0.764678563974,0.00885027817379,0.0718760492008
C000367,4,0.0324878275632,0.46560434546,0.00465865968743,0.00434013376895,0.00312075776565,0.00412434379051,0.434357748744,0.0513061832204
C000368,3,0.0249297749289,0.0208579682606,0.0148515339117,0.785083773989,0.020711258985,0.0208579682606,0.0113082608086,0.101399460855
C000369,3,0.0224990097533,0.0156866903955,0.132323999233,0.0361952237796,0.0364062720918,0.0364947713434,0.0337247823585,0.686669251045
C000371,4,0.00172258616956,0.00225760810083,0.959271842041,0.00159392517513,0.00225485910976,0.00225485910976,0.00260173375474,0.0280425865391
C000372,2,0.0344641521846,0.0202212213761,0.0344432320436,0.0342216759139,0.0344641521846,0.0344641521846,0.548922751963,0.25879866215
C000374,4,0.00705490301679,0.0227673510887,0.0215978122935,0.00783310226513,0.897181340054,0.00837431170462,0.0086877682637,0.0265034113132
C000375,3,0.00664122079047,0.00664122079047,0.0055360369172,0.0036918218418,0.00450685095225,0.927653401987,0.00911491707857,0.0362145296426
C000376,1,0.03202561653,0.0162485909062,0.0321317757903,0.171870650629,0.03202561653,0.0764130065493,0.0409488832124,0.598335859853
C000380,4,0.00341845231831,0.00653324712304,0.0244969230439,0.0392546991001,0.00302330567227,0.0123527087477,0.162328861237,0.748591802758
C000381,0,0.00773063220574,0.016206751517,0.0165155854399,0.323391863569,0.0162161697661,0.0288273395096,0.0178121237267,0.573299534266
C000382,1,0.0124098660427,0.0174053693582,0.01248278811,0.485343423456,0.0852483234545,0.326134564665,0.0117203124063,0.0492553525075
C000383,0,0.00413904218369,0.762122718003,0.00514902760424,0.00484859802224,0.00275839396859,0.187074766269,0.00584150933198,0.0280659446177
C000384,4,0.00189881046839,0.00237422149079,0.931615600378,0.0381358804137,0.00302085288084,0.00205296189249,0.00232010550702,0.0185815669686
C000386,3,0.0310701632941,0.0198724533402,0.0309637470633,0.413842884725,0.0187212008028,0.0384176308247,0.286057381612,0.161054538338
C000387,2,0.00587658233499,0.00933028280217,0.0595831358184,0.00941627291136,0.00509558145386,0.00948299152403,0.060779371382,0.840435781773
C000388,2,0.0141843389182,0.247798451332,0.00874519278813,0.0140845434673,0.0103933374705,0.0141843389182,0.0167202629408,0.673889534165
C000389,1,0.0574862861628,0.0917100345591,0.0565247364326,0.0574024416984,0.0574862861628,0.0574862861628,0.140350023516,0.481553905306
C000390,4,0.00963548070641,0.00964722771554,0.00939416923656,0.00903047517625,0.0972730735344,0.00898229414743,0.806677220978,0.049360058505
C000392,2,0.00718811950234,0.00857359356247,0.0085544840869,0.00850947741578,0.00856977096643,0.00856977096643,0.873254516646,0.0767802668534
C000393,4,0.768717213419,0.0201276617955,0.0151080713823,0.0161401183929,0.0101546366648,0.0234434010313,0.0317278604647,0.11458103685
C000394,3,0.00689167738336,0.00689167738336,0.0069249347962,0.00683511078231,0.0805644179863,0.00604493635212,0.00893551039154,0.876911734925
C000395,2,0.0063414865366,0.431268273321,0.00887313714278,0.105049939766,0.00706962264663,0.155605975817,0.0263670296718,0.259424535099
C000396,1,0.001822766127,0.0601424395513,0.0399146511758,0.0412774773139,0.0317421233018,0.0925540366564,0.00760769878338,0.72493880709
C000397,3,0.591609164877,0.0250606777619,0.0251816139666,0.020957428757,0.0378484234968,0.0152085825877,0.0316294911322,0.252504617421
C000398,1,0.00495103561262,0.00773858449543,0.00778663455477,0.0447463739369,0.00773858449543,0.841065588678,0.00940991530463,0.0765632829223
C000400,3,0.00950012799182,0.00432576141351,0.00620909918528,0.0108392874524,0.00624856252566,0.010323256071,0.00683108315175,0.945722822209
C000401,0,0.0357437022873,0.00452084222359,0.00453818569992,0.0163394180994,0.00452346942608,0.00294759684225,0.00578941974929,0.925597365672
C000402,4,0.0133999085925,0.00856338023234,0.00974015965542,0.00932274642657,0.00559798656287,0.882403205752,0.0119135579627,0.059059054816
C000403,1,0.0221096770413,0.0221096770413,0.55759371232,0.0220774298018,0.0221096770413,0.119353689057,0.0274082383526,0.207237899344
C000405,2,0.0140787438158,0.051046156153,0.0158781961435,0.015560634411,0.0157693297547,0.0157693297547,0.370074655599,0.501822954368
C000406,4,0.0234600264997,0.0234886275787,0.0229415993029,0.0552368353109,0.0173659707483,0.0234600264997,0.690124934312,0.143921979748
C000407,0,0.00191866953561,0.560966280068,0.00186907504219,0.00209931241741,0.00183392338849,0.00217962056453,0.417791228337,0.0113418906466
C000408,3,0.0290182759424,0.0290182759424,0.121325723512,0.0286515643469,0.0289479070755,0.0290182759424,0.0422719476051,0.691748029633
C000410,4,0.00568472146341,0.242449054782,0.0713820814057,0.597821416208,0.0467089058471,0.00627990665338,0.00642810233417,0.023245811306
C000411,2,0.118212681142,0.0111912901909,0.0112367023419,0.0111075980497,0.577602842307,0.198287935892,0.0108073071092,0.061553642967
C000412,3,0.0900321102028,0.385103977075,0.00728810016734,0.00413757164535,0.0141127073405,0.00980332816316,0.0126399966674,0.476882208738
C000414,0,0.025709869754,0.0283412330115,0.0288813001656,0.467273771433,0.0196230365803,0.0281612839976,0.0579028180911,0.344106686966
C000416,2,0.00125779827634,0.0155645147308,0.0356119141137,0.011603496365,0.00536486767054,0.00359049287518,0.0160021337231,0.911004782245
C000417,1,0.0105689364301,0.0105689364301,0.0122271632739,0.144128479692,0.0105689364301,0.0105689364301,0.755770647061,0.0455979642527
C000418,1,0.0336183772502,0.0830345759169,0.0330560563258,0.0335693444282,0.0336183772502,0.262522916689,0.0436118157926,0.476968536347
C000419,3,0.317514963035,0.0593164616619,0.0340223225784,0.0173681687166,0.0506293846456,0.0423952437629,0.0284166563314,0.450336799268
C000420,1,0.0160568572186,0.534129072475,0.0160434837508,0.0352860832391,0.0109925407758,0.0368238993807,0.191106938731,0.15956112443
C000422,1,0.0143329765561,0.0143329765561,0.0209933358701,0.0143120717313,0.0101639846962,0.0174618753562,0.0939645282594,0.814438250975
C000423,2,0.0285431593033,0.0182801508442,0.0282941263131,0.281142668176,0.0281340465398,0.0134452900021,0.0346609012173,0.567499657604
C000424,2,0.00552094061738,0.598557194264,0.00552424861223,0.00548209744246,0.00552094061738,0.346267051133,0.00682784370756,0.0262996836055
C000425,2,0.0217361572204,0.0173057536273,0.0216973839535,0.0215832301349,0.00715932991909,0.0217361572204,0.743490884046,0.145291103878
C000426,4,0.00455229698731,0.957153188718,0.00330855484734,0.00318046456964,0.00339354290888,0.00339354290888,0.00388264546712,0.0211357635924
C000427,0,0.0041768697458,0.00451595988995,0.00452955329454,0.00454888430082,0.00454888430082,0.0821940283279,0.598835456802,0.296650363338
C000428,0,0.0277609763089,0.0311788679634,0.0310718251247,0.0311969869765,0.0311969869765,0.0546177062543,0.0330310758398,0.759945574556
C000431,0,0.00293397330195,0.895973805504,0.00323818276823,0.00325200252647,0.00325200252647,0.00322947760448,0.00381697621906,0.0843035795495
C000432,3,0.0300842647624,0.0469251161943,0.00993280215732,0.015253046339,0.0630489928936,0.648053555444,0.124391957148,0.0623102650612
C000433,1,0.0240470635694,0.0240470635694,0.627136424709,0.0240119906275,0.0112397871054,0.0238859036684,0.0308210494793,0.234810717271
C000434,3,0.0250633909487,0.0250633909487,0.0242353846186,0.0247466582763,0.0251362985723,0.0302859486269,0.030259127768,0.81520980024
C000436,4,0.774850141162,0.00138477156031,0.0313620789494,0.0148163639007,0.00245093894806,0.163437499269,0.00328134081523,0.00841686539501
C000437,2,0.0403192243825,0.0392399058692,0.0405486365393,0.0400355541179,0.0403192243825,0.0403192243825,0.0473218632432,0.711896367083
C000438,4,0.269604732408,0.257592018929,0.0197709181163,0.018831212798,0.0200928283454,0.0200928283454,0.317750209067,0.0762652519908
C000439,3,0.0269517088633,0.0101593151449,0.0101245191893,0.00255272645315,0.00432028645316,0.0592221503285,0.0131022163601,0.873567077208
C000440,1,0.044608640052,0.126236642654,0.0243750979904,0.515147303392,0.041627980634,0.0244032815274,0.0317539227612,0.191847130989
C000443,2,0.0922082822257,0.00205932429106,0.885233404128,0.0020439239881,0.00100856157594,0.00205840612707,0.00258544887781,0.0128026487861
C000445,3,0.0609111289507,0.0609111289507,0.0607025065276,0.0601413789722,0.0601610228984,0.0591031439935,0.0743375961655,0.563732093541
C000446,4,0.0056504220601,0.005641335023,0.782194556524,0.00528525034642,0.16023167057,0.00444048850376,0.00404560780037,0.0325106691728
C000447,3,0.00153671555137,0.117224380255,0.840622384795,0.0015241022541,0.00153298904011,0.00153671555137,0.0325370634804,0.00348564907257
C000448,3,0.11769381034,0.0188597077454,0.00382298769206,0.00377339934075,0.819006935529,0.00380462756541,0.0046382075329,0.0284003242549
C000450,4,0.0361201329573,0.264129284031,0.0255204900306,0.0264115344455,0.108295845575,0.419913959271,0.0284736630331,0.0911350906557
C000452,2,0.000327817803532,0.966940280859,0.000327233037463,0.000325511405913,0.0172745090605,0.0136184312255,0.000422144673498,0.000764071934945
C000453,0,0.0021848608413,0.00234597919961,0.0282284679015,0.00389678383927,0.0211433767003,0.00305407827846,0.923627465,0.0155189882395
C000454,0,0.00111845469416,0.0012257137488,0.0313670177067,0.00122642604931,0.00122642604931,0.958666028847,0.00148168779261,0.00368824511175
C000455,3,0.366078720455,0.141428513573,0.00740780197482,0.315517180812,0.00970748815915,0.00977625165427,0.0109583685573,0.139125674815
C000456,4,0.0051705968274,0.00517690051374,0.00503571577968,0.00484593843513,0.00732065317666,0.00552888223596,0.942064888217,0.0248564248143
C000457,0,0.165138779031,0.00761052478994,0.714001326239,0.00551848366764,0.0502836391183,0.00548026001524,0.00635311240311,0.0456138747361
C000458,4,0.0194195850414,0.0356013085538,0.615262189661,0.0185504286519,0.139732647692,0.0194195850414,0.022281761518,0.12973249384
C000461,0,0.0121187703938,0.0135713927628,0.815890683371,0.0135792795226,0.0135792795226,0.0134852229499,0.0164502761129,0.101325095365
C000462,0,0.00756913522515,0.00838968314986,0.0117061828765,0.00839455865655,0.00839455865655,0.855019424835,0.0711720546307,0.0293544019699
C000463,2,0.00817766153064,0.012877625911,0.0387250493332,0.0991744999688,0.0136366962241,0.0300716009843,0.256828641751,0.540508224297
C000464,3,0.0721938226749,0.0721938226749,0.0725422109745,0.0285990197827,0.134035435871,0.0721938226749,0.0595979047347,0.488643960613
C000465,3,0.146618862394,0.00440243123848,0.463824742877,0.350639271366,0.0044152375982,0.00440243123848,0.00628496542967,0.0194120578577
C000468,1,0.00433001300828,0.00433001300828,0.723284687063,0.00441021976059,0.0258298679353,0.218264063648,0.00525416871856,0.0142969668584
C000469,0,0.00389657789042,0.00423045257331,0.784962532183,0.149076005182,0.0033593223133,0.00413990944317,0.00489646440912,0.0454387360056
C000470,4,0.00833718331571,0.00819379046242,0.224476086274,0.00809611435379,0.509423209441,0.00833718331571,0.00938185009579,0.223754582742
C000471,3,0.121990577577,0.00683924243829,0.00681581783011,0.00675281313036,0.00679113706716,0.719978915016,0.0122068318684,0.118624665072
C000472,0,0.0424423327605,0.0470568394343,0.0467673932759,0.0470841856322,0.0470841856322,0.0467580580846,0.0506299693261,0.672177035854
C000473,0,0.0127343990472,0.296205679563,0.0143534788924,0.0572831631947,0.518455896555,0.0116364238938,0.0172424034122,0.0720885554416
C000474,4,0.0023383287644,0.00503672535678,0.592922890121,0.0689997902999,0.0113857526954,0.194973593162,0.00359573961993,0.120747179981
C000475,3,0.00535161273246,0.00710111896725,0.121783956214,0.824412304267,0.00705117162784,0.00710111896725,0.00801732956396,0.0191813876608
C000476,4,0.0372606402252,0.0344235171194,0.0320332704032,0.0466223924289,0.0599918904812,0.135967799069,0.0589253592797,0.594775130993
C000477,4,0.0162538047706,0.0406036562308,0.00216628890624,0.00176839801865,0.00219141957282,0.0376175982509,0.892613179921,0.00678565432897
C000481,3,0.534105328936,0.250121470795,0.0107741271883,0.0129228023064,0.01209896322,0.00690000780373,0.0151801870094,0.157897112742
C000482,4,0.00495905708212,0.00883245948221,0.00482969429534,0.00464768113208,0.00429042293056,0.00495905708212,0.92627449181,0.0412071361861
C000484,3,0.00101100018696,0.00101100018696,0.00100753748134,0.00052312214773,0.00100854852727,0.000328757497588,0.00362976533206,0.99148026864
C000485,4,0.0612529924185,0.0426882897072,0.0338678047537,0.0336671841409,0.0373604326347,0.148527904556,0.241595994435,0.401039397354
C000491,4,0.00654208138471,0.0125503444679,0.00417418300056,0.0117249547917,0.0172814979878,0.817754457816,0.0127359673118,0.117236513239
C000492,3,0.0240227732634,0.0239424788064,0.52744671286,0.00941208809966,0.00306044555082,0.0324997523889,0.00846365982934,0.371152089202
C000493,1,0.0179384886685,0.0465746621417,0.0179836528482,0.0272622794818,0.603713863725,0.0179384886685,0.0742748250925,0.194313739374
C000497,3,0.0472481228352,0.00912737878559,0.00279417387612,0.241484026413,0.00915392968204,0.0472764883116,0.0275053754072,0.615410504689
C000498,3,0.215758933728,0.00994699757297,0.0099129288113,0.598026859571,0.00997593268225,0.00994699757297,0.0402432519769,0.106188098084
C000499,2,0.037273854626,0.00403708214356,0.00235737863816,0.935871417351,0.00130966769477,0.00420000742979,0.00215020505733,0.0128003870598
C000502,1,0.00980775777815,0.00860631225521,0.373408086744,0.00859375984157,0.11607812628,0.00956841295874,0.450056882692,0.0238806614501
C000503,1,0.0226900403463,0.0039335750934,0.0111181740248,0.00392783792512,0.00207276750193,0.000772555273852,0.00488277790082,0.950602271934
C000504,4,0.0807459657183,0.0936120491062,0.078639613044,0.0756759793537,0.10753040176,0.130813550976,0.0860647382933,0.346917701749
C000505,2,0.00693476247041,0.00771675614867,0.0951752273647,0.745061222502,0.0882600836776,0.0129224781534,0.00895902599277,0.0349704436909
C000506,3,0.00364957133022,0.00364957133022,0.00337132165718,0.00361961580067,0.451883789448,0.511299948968,0.00376994453831,0.0187562369281
C000508,4,0.00203561482016,0.00129146115567,0.00165939770779,0.00744940283001,0.000325824429769,0.00991119279501,0.00183096801511,0.975496138246
C000509,4,0.0164296033448,0.270613416171,0.0160010179828,0.0152716949614,0.00751028152303,0.0686701947671,0.539708492155,0.0657952990955
C000510,2,0.0173110768363,0.0164968765779,0.0384214166831,0.0105083375931,0.0198093478002,0.728087938839,0.0187205439817,0.150644461689
C000511,1,0.0114630221383,0.0667616997184,0.011449783406,0.508626536378,0.0140459603567,0.335770594226,0.0211343713374,0.0307480324391
C000512,3,0.00701287667514,0.906836752763,0.00699683632447,0.00695531527534,0.00566762975669,0.00701287667514,0.00979755966361,0.0497201528671
C000513,0,0.0185300549242,0.0111703606596,0.054824452742,0.0111768521048,0.0111768521048,0.0654194697479,0.0139063784894,0.813795579227
C000514,0,0.0299805393423,0.107641005197,0.0252072276904,0.0281676320707,0.295109538049,0.108527492358,0.031516695747,0.373849869546
C000516,4,0.00854124277861,0.0128264824111,0.02358131487,0.0119699576225,0.2311684995,0.0128108641621,0.606428261515,0.0926733771402
C000517,3,0.00435129437236,0.00559671724272,0.00562372552031,0.933287209035,0.00259753529788,0.00559671724272,0.00692183121019,0.0360249700789
C000518,4,0.872814212343,0.00517066057269,0.00502964601467,0.00903399883496,0.017193531789,0.0499728422655,0.00524337033378,0.0355417378462
C000520,2,0.207515449568,0.032975816134,0.0329023171341,0.406145922576,0.0339324286385,0.0329611136381,0.0409463993236,0.212620552987
C000521,1,0.00818893381325,0.581915320204,0.00805455678363,0.00817699015128,0.34122447054,0.00818893381325,0.0105839496219,0.0336668450727
C000523,0,0.538220047937,0.297873054651,0.00802883782279,0.0131914290748,0.00806310290465,0.00800725400462,0.00964341869151,0.116972854913
C000526,0,0.0684163625886,0.0285215628245,0.0290650663221,0.0285381375947,0.0285381375947,0.0804077350083,0.0145045983097,0.722008399758
C000529,0,0.776550928422,0.016157823157,0.0159871359649,0.0161672129723,0.0161672129723,0.0160552311371,0.0144115141586,0.128502941215
C000530,3,0.0129513030693,0.0286809884688,0.0592754348641,0.0284455761094,0.266394805995,0.0121666155694,0.0180384853745,0.574046790549
C000531,2,0.00456823675753,0.231696587459,0.58992790302,0.00453609643365,0.00456823675753,0.139855048816,0.00554578250853,0.0193021082477
C000532,1,0.263980817415,0.00649753367729,0.00644334813055,0.647698171589,0.00649753367729,0.00649753367729,0.00795856782323,0.05442649401
C000533,3,0.136090681574,0.0193242798283,0.0192580935969,0.0274118925961,0.0103541906153,0.551874463819,0.0232133871346,0.212473010835
C000534,0,0.0651339978256,0.000754838467818,0.130946878957,0.000755277128006,0.780131217568,0.000750045718051,0.0176661793923,0.00386156494297
C000535,0,0.74352700564,0.00296612661205,0.217900856579,0.00221655366708,0.0107370303426,0.00294729357262,0.00306811536497,0.0166370182218
C000536,1,0.00467890529883,0.00623661427344,0.381234741411,0.00463952820483,0.00467890529883,0.008283920546,0.571283441586,0.0189639433813
C000539,2,0.00191762187589,0.0451313321341,0.0818853615157,0.00134458294193,0.00318266045931,0.00152057677765,0.000927553566408,0.864090310729
C000540,2,0.0341755825633,0.0341908267801,0.0649402785421,0.0537459311532,0.0341755825633,0.0201282936991,0.0736172330107,0.685026271688
C000541,4,0.526631669385,0.0230231924934,0.0170988484122,0.0186240843093,0.0172972085925,0.26180574804,0.018130043875,0.117389204893
C000542,2,0.0130086871931,0.00949078253357,0.773125416103,0.00846429557225,0.0130086871931,0.0130086871931,0.0168635684898,0.153029875722
C000543,4,0.00527802408309,0.134591989184,0.00521749698684,0.804626698605,0.00527802408309,0.00527802408309,0.00590936257442,0.0338203804007
C000544,1,0.00838239947246,0.00838239947246,0.0144033913903,0.00837017363841,0.00838239947246,0.469807339967,0.00962055555867,0.472651341028
C000545,2,0.00491562813191,0.0146041797244,0.121274524597,0.0148969585963,0.640048122895,0.0518976908451,0.0190061484775,0.133356746732
C000547,4,0.606316941307,0.0155351790286,0.133435503923,0.0145134878375,0.0163400170486,0.0111200012545,0.0161367018435,0.186602167758
C000548,3,0.00810370079347,0.0148893817184,0.0148383851445,0.0628174197772,0.172423488341,0.0584572048752,0.0172154997507,0.6512549196
C000549,0,0.206913126457,0.00974935819527,0.0097135687573,0.00975502385155,0.29750475086,0.372902780299,0.0119513410927,0.0815100504876
C000550,0,0.0274996067371,0.031020159882,0.0277013340408,0.0310381866649,0.0310381866649,0.0308232013665,0.0575575589535,0.76332176569
C000551,0,0.0150622463786,0.122208786071,0.324802430161,0.450845569955,0.0165989195362,0.0164839474952,0.0189225562303,0.0350755441718
C000552,0,0.0059971147837,0.00670991653288,0.00668688014445,0.0332622085624,0.00671381587475,0.00545665048516,0.00720332918211,0.927970084435
C000553,4,0.0188131965562,0.00953670193576,0.115538240846,0.0315364925897,0.0241928853494,0.0364025969913,0.00948634826936,0.754493537462
C000554,4,0.0107067398117,0.117558155031,0.00285828184793,0.00438725147745,0.00240822611398,0.227699230034,0.621453398317,0.0129287173669
C000555,1,0.393069831921,0.0325771420884,0.0323280260919,0.0260883410163,0.0613335275494,0.0325771420884,0.0414415635499,0.380584425695
C000556,4,0.00549940347398,0.00849176617798,0.0779534618311,0.0079247043758,0.00848142612405,0.835185608425,0.00896848211506,0.0474951474768
C000557,1,0.0680100732469,0.0494822573124,0.0449931451906,0.370195039208,0.0494822573124,0.0977247621334,0.0653758297494,0.254736635847
C000558,1,0.0181674717877,0.0197929892122,0.0123231160219,0.0197641208909,0.0197929892122,0.0197929892122,0.0251582686279,0.865208055035
C000559,0,0.0108812562464,0.0114554360124,0.0114161073752,0.295465036527,0.0086000495792,0.572996911652,0.018008889347,0.0711763132608
C000561,0,0.0424423327605,0.0470568394343,0.0467673932759,0.0470841856322,0.0470841856322,0.0467580580846,0.0506299693261,0.672177035854
C000563,2,0.00423211657238,0.00423400433251,0.00425118512587,0.888147948899,0.00423211657238,0.0589590568467,0.00557065420336,0.0303729174481
C000564,2,0.00229482242389,0.00223339157137,0.00229072888695,0.0284296695792,0.938520828942,0.00229482242389,0.0165202850064,0.00741545116592
C000566,2,0.0443512977158,0.0497850887684,0.139148279176,0.0494127795341,0.0549903670014,0.0318373624297,0.0615238862539,0.568950939121
C000567,4,0.98017976362,0.0015386259934,0.00148977053396,0.00146285864655,0.00153675247552,0.00153675247552,0.0018106675697,0.010444808685
C000568,2,0.0106049344553,0.738626430337,0.103927765083,0.00818250492996,0.00955449284719,0.00829224664314,0.00597166197274,0.114839963732
C000569,4,0.0034353749521,0.0151899528736,0.00547578459184,0.646265178096,0.263044987614,0.00859525520464,0.00464085660063,0.0533526100666
C000571,3,0.390042522692,0.038152054047,0.038336165772,0.024337710969,0.0262799170464,0.02507227447,0.0480224253176,0.409756929686
C000577,0,0.00462744480165,0.0191832985281,0.0022234115279,0.00813436802916,0.00347300099105,0.00968692728515,0.0082512398568,0.94442030898
C000579,4,0.00379467809216,0.820467083058,0.00673620520398,0.0189437597003,0.00313867147946,0.00593112948501,0.00747786802364,0.133510604957
C000580,2,0.816722169008,0.00342889376715,0.00345102639832,0.0489196395445,0.0934986355843,0.00342736497114,0.00415609191071,0.0263961788156
C000582,3,0.00388105858956,0.0107949003436,0.0508689824864,0.0106955910413,0.801294923471,0.00520300664854,0.0398852904837,0.0773762469355
C000583,4,0.00464183052431,0.441039015071,0.00452074296222,0.00434184139269,0.00529198261842,0.0785416030153,0.445447947522,0.0161750368947
C000586,2,0.037177620573,0.0371942038663,0.0371550533251,0.0366856024326,0.185686009496,0.037177620573,0.477861810121,0.151062079613
C000587,1,0.0026391073162,0.406015465663,0.031688495572,0.00443243896244,0.0263732469081,0.505017637862,0.00579713790338,0.0180364698129
C000588,2,0.237504192454,0.0283243749108,0.0292690504225,0.0288986943133,0.0291034548179,0.0842559647566,0.0504830403729,0.512161227952
C000592,4,0.0035547607682,0.00355909452262,0.00450096980938,0.146461029761,0.795872967887,0.0239968314397,0.00370073605117,0.0183536097607
C000594,3,0.299842489306,0.0523373531869,0.0402714844125,0.0100173625759,0.00518130480931,0.0129075931979,0.00992125107299,0.569521161439
C000595,4,0.0387141072832,0.02479698217,0.242313323858,0.104001258264,0.0167289276473,0.202994133981,0.0503974893968,0.3200537774
C000596,4,0.942971713141,0.00245334151995,0.00257598412811,0.00242196428378,0.00249627545173,0.00249627545173,0.00282375131518,0.041760694708
C000597,2,0.898064394055,0.00703687630885,0.0331129407025,0.00698425223816,0.00703373886884,0.00703373886884,0.00349437634864,0.0372396826089
C000599,2,0.0183668987433,0.0183750914051,0.53982321808,0.14338957875,0.0183668987433,0.0183668987433,0.0214430641082,0.221868351427
C000600,2,0.0200617808636,0.0154693632708,0.0117854708138,0.0157830279323,0.00851579471683,0.0158948579247,0.791461914362,0.121027790116
C000602,1,0.0199060527675,0.00475799499502,0.0263771172133,0.00475105540006,0.0105842690012,0.00556167886708,0.00620077576984,0.921861055986
C000604,4,0.00490593235048,0.00408816175453,0.00147852702828,0.0055800942448,0.00106914993536,0.00208295557573,0.00251530797237,0.978279871138
C000605,3,0.0982456447856,0.0100363439205,0.0100019691449,0.737791069525,0.0255773712076,0.0728396591854,0.0108330373609,0.0346749048701
C000606,0,0.00737648189647,0.00776878735918,0.00868164992895,0.00837368242063,0.00724961385848,0.00831568229861,0.868619718634,0.0836143836041
C000607,2,0.680384210465,0.0111109347096,0.0111691726881,0.0110278434929,0.00824692149829,0.0111059808224,0.0134928093148,0.253462127009
C000609,4,0.962796311586,0.00193094953023,0.0206483074709,0.00180750287165,0.00192859829706,0.00192859829706,0.00445435996081,0.00450537198653
C000612,4,0.00127020651665,0.944371775343,0.0333734716256,0.00119045108043,0.00127020651665,0.00127020651665,0.00142841330816,0.015825269093
C000615,3,0.00564529778557,0.0774384386675,0.00562596247324,0.00559896141637,0.0056055902964,0.437735082978,0.440889092931,0.021461573452
C000617,2,0.000578286349223,0.000725299487055,0.000500007647222,0.000740006027599,0.000745249309734,0.000770350700474,0.000851981514515,0.995088818964
C000618,4,0.00597069731335,0.00596109520798,0.0054123888436,0.00559580113498,0.00597069731335,0.916743856692,0.0056487852544,0.0486966782403
C000619,0,0.0126608557263,0.02911877505,0.0473808729168,0.0331138090256,0.0270565192149,0.147690577362,0.036610739482,0.666367851223
C000620,1,0.00732449910194,0.00836836189713,0.685767873902,0.00835615653705,0.0272754289437,0.0072538111667,0.194541388635,0.0611124798163
C000621,4,0.00659318041557,0.00660121843183,0.0151147209369,0.00617919893044,0.00659318041557,0.00659318041557,0.91384504189,0.0384802785644
C000622,1,0.0419782640579,0.0203228251198,0.0279738411926,0.0274613683927,0.662024664244,0.0203228251198,0.0669626609097,0.132953550964
C000624,3,0.0262908164186,0.492832609511,0.0262007695927,0.026075022492,0.029943320541,0.0262908164186,0.0358623400345,0.336504304991
C000626,3,0.504039566212,0.00412273586838,0.00410861537578,0.00408889662402,0.00409373766562,0.0478743648136,0.416245150152,0.0154269332885
C000627,3,0.00268118424191,0.00132742895835,0.00133383477952,0.00176869764985,0.000782485636549,0.000349364537038,0.00142429373629,0.99033271046
C000628,3,0.0289261345369,0.0576957001808,0.0147034806284,0.0146329132333,0.598696286207,0.0763206391282,0.0117443204925,0.197280525593
C000629,1,0.922985255758,0.049970833666,0.00151239464397,0.00934554745305,0.00151365534028,0.00151365534028,0.00192742040721,0.0112312373916
C000630,0,0.016258537475,0.0182370426701,0.0184515906224,0.0182476407846,0.0182476407846,0.0466016928844,0.623364089991,0.240591764788
C000631,1,0.0515140129417,0.0643611787556,0.440859572763,0.0297607773928,0.0885212614129,0.0349148360582,0.0469695648201,0.243098795856
C000633,3,0.00847119537441,0.911260999309,0.00766853343763,0.00840166415545,0.00984058762785,0.00847119537441,0.0111467845987,0.0347390401221
C000635,2,0.00492091373452,0.00826177083932,0.00546384310888,0.0173360613968,0.00254396195015,0.0057476263957,0.252130732567,0.703595090008
C000636,0,0.00527170093665,0.000301375465764,0.992027400859,0.000301550604452,0.000301550604452,0.000299461921007,0.000372852397046,0.00112410721137
C000637,1,0.0106951393932,0.147544064385,0.281983999056,0.0600177600162,0.0197711158315,0.00855714288075,0.0228646251098,0.448566153327
C000638,1,0.0716825243938,0.391910400862,0.00453780383553,0.00456929054379,0.00292713439306,0.500948105539,0.00597129805225,0.0174534423808
C000639,2,0.00903872557807,0.0118429958544,0.00554149298906,0.037694567074,0.016256777422,0.00997176215916,0.0113838025272,0.898269876396
C000640,3,0.0014242729518,0.0014242729518,0.97857436027,0.00140627403941,0.00140673336947,0.0014242729518,0.00163439583344,0.0127054176319
C000641,3,0.0058729460649,0.0703415919378,0.0192351662371,0.211936361611,0.448861366582,0.00737479946274,0.199666213203,0.0367115549005
C000644,2,0.042389891849,0.0100234221615,0.0103455272774,0.00838763053674,0.0102991227491,0.179359194026,0.713769336338,0.0254258750619
C000645,4,0.13307258606,0.373073926457,0.449891296035,0.00593663815917,0.00592957331174,0.00496752595144,0.00694984046155,0.0201786135639
C000647,2,0.0172112073729,0.0185972012699,0.0736937321053,0.70403740673,0.018588909579,0.018588909579,0.017332477421,0.131950155943
C000648,3,0.00544279018999,0.139020365478,0.00546905565633,0.0053981159947,0.792489800178,0.00544279018999,0.00586126814324,0.0408758141703
C000649,4,0.00315644086044,0.83426320109,0.00312024356449,0.100496632617,0.0438954460048,0.00315644086044,0.00330391535596,0.00860767964625
C000650,3,0.00670877089497,0.00782521557122,0.0207024727057,0.0844312581835,0.0186730612563,0.0106966849951,0.0240397112964,0.826922825097
C000651,1,0.00269794411407,0.00273034838075,0.00353987139048,0.00353879542595,0.00247824252625,0.623400058857,0.348784852598,0.0128298867076
C000652,1,0.124302045728,0.0171551852604,0.193815567124,0.0520594513073,0.0171551852604,0.362333511971,0.158098925066,0.0750801282829
C000654,3,0.00952926753796,0.0139089929446,0.0138613542313,0.0137948285096,0.629118584577,0.105529877399,0.0169622603793,0.197294834421
C000657,1,0.0317340058387,0.0317340058387,0.0317194892607,0.0316877213959,0.0317340058387,0.0317340058387,0.515914047665,0.293742718324
C000660,0,0.000259856055711,0.00087387415174,0.000313859526051,0.00034893631723,0.000701454952278,0.000696596340406,0.000755935886213,0.99604948677
C000664,2,0.00967170024697,0.371394532006,0.0206713578629,0.366461798715,0.0131997224632,0.0517142565856,0.0244582198593,0.142428412261
C000665,0,0.0864609368453,0.0394413764184,0.023673869466,0.28964896672,0.039464297033,0.0391909484716,0.0507755965876,0.431344008458
C000666,1,0.0162419325772,0.733406785741,0.0162345027783,0.0162182435162,0.0162419325772,0.0162419325772,0.0206229825323,0.164791687701
C000667,2,0.667073940026,0.00255726904846,0.0987746809483,0.210672341616,0.00156413784292,0.00255612887235,0.00287730243863,0.0139241992068
C000668,3,0.0149484334947,0.0149484334947,0.0148972346666,0.0157333267143,0.477753418039,0.0149484334947,0.38799645342,0.0587742666763
C000669,4,0.00879869665411,0.00880942350552,0.00857834164671,0.00557553030451,0.239669680385,0.00879869665411,0.00951818268921,0.71025144816
C000670,0,0.00565773410371,0.00631368917814,0.059052947647,0.00631735825994,0.00631735825994,0.00627360122073,0.86342571577,0.046641595561
C000672,4,0.89135330871,0.00183580381388,0.00183997103804,0.00178082902832,0.00186793072122,0.00186793072122,0.0909061135899,0.00854811237767
C000674,1,0.0131981455958,0.936870406038,0.0212715967154,0.0100564123513,0.00292396712404,0.00264804849916,0.00403820021725,0.00899322345904
C000675,4,0.016137161663,0.0161568351376,0.0159521046186,0.0150942599265,0.00886209254262,0.016137161663,0.743855061667,0.167805322782
C000677,3,0.0324279392817,0.0324279392817,0.0331502053263,0.0321617721061,0.0323493020344,0.0324279392817,0.0347813954681,0.77027350722
C000678,1,0.0289461980434,0.0100611371307,0.00987046200635,0.762454516372,0.125719692193,0.0100611371307,0.0131029733885,0.0397838837347
C000679,1,0.299275729172,0.0104215784772,0.00694460848969,0.349854873804,0.00696843049742,0.0229458767767,0.26409735114,0.0394915516435
C000680,1,0.138966924059,0.587046880079,0.0141608755092,0.0914182908105,0.0140781503754,0.0718295021282,0.0181626862916,0.0643366907472
C000681,1,0.156797426914,0.0267081731687,0.233558460308,0.0605505209076,0.0164223509084,0.0267081731687,0.255681021653,0.223573872971
C000682,2,0.623198145116,0.0677705529907,0.231023457578,0.00517101680691,0.0325238843748,0.00662455061596,0.00436294593576,0.0293254465825
C000683,2,0.0348191118172,0.158535163441,0.001441523986,0.0014215679395,0.00766664523747,0.00143164040039,0.789995773484,0.00468857369443
C000684,2,0.134796751153,0.0106352341655,0.0033293902936,0.8167635455,0.00331445642104,0.00331445642104,0.0040227977737,0.0238233682721
C000687,1,0.0457080355321,0.0151355603454,0.011879162883,0.0173363008643,0.624022500363,0.0173616230077,0.145729906488,0.122826910516
C000688,3,0.00532670752822,0.011317837816,0.00579004420232,0.00310810439451,0.00343927335926,0.00397441680126,0.00534779094267,0.961695824956
C000694,1,0.00390962360373,0.0129825682196,0.00620648037409,0.00630285341092,0.00484553174162,0.00265679401394,0.00795748867947,0.955138659957
C000696,1,0.00253269941476,0.00253269941476,0.458905324857,0.0025290054411,0.511182644836,0.00253269941476,0.00335669863806,0.0164282279838
C000699,2,0.00326614719607,0.00338318045034,0.00326810418109,0.0282624284276,0.00326614719607,0.00326614719607,0.943456627612,0.0118312177403
C000700,3,0.0143437020538,0.0183109096763,0.0754684986658,0.018160614492,0.355875058835,0.239015840968,0.0234100802054,0.255415295103
C000701,0,0.0124790024464,0.469364223313,0.0150363905827,0.0109800669516,0.341764776,0.0149923906132,0.0164674193685,0.118915730724
C000702,4,0.00149759503894,0.0022495248253,0.0645032341281,0.00217990152446,0.00224678567688,0.00123958374642,0.00262594243118,0.923457432629
C000704,1,0.0491478822491,0.0279343520055,0.0470263322457,0.0425380929613,0.12028402138,0.168284635044,0.0424799437805,0.502304740333
C000705,0,0.0254703649894,0.0144376902617,0.028592550202,0.0289146129459,0.474797417021,0.0550550365349,0.0318593278412,0.340873000204
C000706,3,0.0158398377064,0.362449966814,0.00443231302801,0.0255670400908,0.00441626317604,0.550790647297,0.00996671067113,0.0265372212159
C000707,3,0.00374006122408,0.00374006122408,0.00372725140347,0.00369279708538,0.00369400326048,0.942043500988,0.00388681134227,0.0354755134726
C000708,1,0.00356724664643,0.00474581432206,0.00442061753595,0.827031664195,0.00920173475112,0.00450770705583,0.124053121793,0.0224720937002
C000709,3,0.00383036140698,0.00447231954317,0.248277858722,0.00621875375164,0.00625501426742,0.632356301785,0.00422730872704,0.0943620817971
C000710,3,0.328521186542,0.0378562616712,0.0377696741352,0.0375455390514,0.0377249569302,0.20485058992,0.0685199344577,0.247211857293
C000711,4,0.00776962148083,0.00531037862548,0.0642285115772,0.0802126343853,0.00835264486901,0.00493049178616,0.815245283315,0.0139504339612
C000712,2,0.0938133542811,0.0221734955713,0.0141538574517,0.0139038952104,0.7828331671,0.0100282418759,0.0163659210074,0.0467280675022
C000713,3,0.00259978248044,0.0202274905399,0.00259087814835,0.605572831989,0.0370484188981,0.32240684257,0.00278790440787,0.00676585096596
C000715,0,0.0169015657965,0.206969209725,0.03282640814,0.0426001853839,0.0228456430749,0.0398401651897,0.045050442487,0.592966380203
C000716,3,0.00456082208283,0.918908293766,0.00651032344952,0.00647907802004,0.00648674891249,0.0081489073774,0.0061846402516,0.0427211861404
C000717,4,0.028790623667,0.0297957597902,0.585472284874,0.0278909005858,0.0297594787908,0.0297594787908,0.0313036293483,0.237227844153
C000719,0,0.153661212974,0.00498461115395,0.0325801227168,0.0167347727423,0.165505696605,0.0137956226839,0.550423371367,0.062314589757
C000720,0,0.453115235202,0.029436870497,0.0412847195993,0.029453977181,0.0202079672254,0.0288068418298,0.0557480113168,0.341946377149
C000721,2,0.00379414624573,0.00379583864666,0.00242151187064,0.00376745211939,0.00142514466305,0.00145508262225,0.00228208121993,0.981058742612
C000724,0,0.00712080843792,0.0485057291182,0.0116538142841,0.770117855145,0.0200930855204,0.0116197125182,0.012360721337,0.118528273639
C000725,3,0.126258492896,0.0198590273944,0.0197910096367,0.0196960253244,0.0960648223305,0.470975286141,0.0208921689535,0.226463167324
C000728,4,0.00901486861903,0.0588738911131,0.839455816093,0.00805027592667,0.00901486861903,0.00901486861903,0.0102679258128,0.0563074851979
C000729,4,0.0287265366966,0.0401804561181,0.121865123042,0.0252460674585,0.0270374296411,0.056917375689,0.0449136095299,0.655113401825
C000732,3,0.0119000816013,0.0152109648253,0.0128979731581,0.0150861138591,0.0151740784726,0.0139883725321,0.017117929774,0.898624485777
C000734,0,0.00360781535293,0.00404671137783,0.00403185608963,0.0040490630481,0.0040490630481,0.00402101730442,0.936349706618,0.039844767161
C000735,4,0.00567989774255,0.00740866844145,0.658828814321,0.0069139335665,0.00739964722847,0.00739964722847,0.253203515017,0.0531658764544
C000737,0,0.0307762397008,0.00222947879654,0.24720334999,0.00223077441624,0.00223077441624,0.706860299579,0.0027075334383,0.00576154966237
C000738,1,0.0161406435083,0.0193876507191,0.0198850551975,0.019359373589,0.0193876507191,0.0197987340095,0.0259940874419,0.860046804816
C000739,4,0.0205812798242,0.79145698748,0.0161884067407,0.0154505425792,0.0328332731206,0.0278939177267,0.0250796903301,0.0705159021986
C000741,0,0.00268258868879,0.0260935091708,0.00296610541846,0.00173126887594,0.00123924122668,0.927448633111,0.0243630118433,0.013475641665
C000743,2,0.000788543185007,0.00570017533383,0.00137106402581,0.000898999296788,0.00136491416243,0.000801445351095,0.00174107038943,0.987333788256
C000746,4,0.0179707941759,0.0131061858059,0.00872932827766,0.02058139564,0.0206990553437,0.0228424513681,0.0687440513605,0.827326738028
C000747,2,0.0151914260847,0.0147847618279,0.840369139716,0.0150845451632,0.0151914260847,0.0111417009027,0.01559979251,0.0726372077105
C000748,1,0.0148716848765,0.052382624157,0.0228353664203,0.0962838939322,0.685824845859,0.0148737678424,0.00969175913063,0.103236057782
C000749,1,0.570373127384,0.00987625752892,0.26151580298,0.0209236939493,0.0209542559927,0.021896356063,0.0273163083833,0.0671441977188
C000750,0,0.00251967914136,0.00177338544797,0.00885441147735,0.0017744160176,0.0019252019747,0.00106836119498,0.00218522894873,0.979899315797
C000752,0,0.0119005769836,0.0408400057003,0.0246948200245,0.0243868182853,0.0287164684452,0.0113400447581,0.027363026535,0.830758239268
C000754,3,0.00946141625883,0.117667741136,0.00599092153989,0.00555865129189,0.00562095759957,0.00560465405908,0.8169336776,0.0331619805148
C000756,3,0.0214100925605,0.0214100925605,0.0215134120062,0.0212343594121,0.685510039353,0.0214100925605,0.0327801163522,0.174731795195
C000757,0,0.120715114167,0.0281091680908,0.0285542853436,0.0673614180325,0.0308247629269,0.0878849133323,0.0370909259671,0.59945941214
C000758,2,0.00366633829624,0.00366797368769,0.00368285763513,0.00364054337655,0.00257724924702,0.00277311134761,0.00547455241071,0.974517373999
C000759,3,0.853922221354,0.0051289520915,0.0465879141262,0.00508685386625,0.00322482417343,0.00368999855637,0.00558039821964,0.0767788376128
C000761,1,0.951091131025,0.00288686949671,0.00286479373055,0.0241281304462,0.00288686949671,0.00288686949671,0.0036797951664,0.00957554114222
C000763,4,0.489798381756,0.0051726033871,0.00500835949936,0.00483242041876,0.00516630493318,0.00354860383009,0.463929817162,0.0225435090133
C000764,3,0.01487204985,0.0226362856024,0.710528061017,0.0249666918884,0.012523765368,0.0231533688069,0.0268559272095,0.164463850258
C000765,4,0.137016296533,0.030298119512,0.0293451561768,0.0288867521221,0.0129722479763,0.0303469235867,0.0375479479067,0.693586556187
C000766,2,0.0243214522401,0.0409642470948,0.0423815774191,0.0417948589613,0.0420909947077,0.0420909947077,0.10917082865,0.657185046219
C000769,1,0.0361768583138,0.0112476345133,0.0394493415541,0.0517616947295,0.0112476345133,0.0159041526612,0.0145695783854,0.819643105329
C000770,1,0.04653246394,0.119016982348,0.092729649594,0.0319305928765,0.0263576724627,0.00979883391304,0.0199375118917,0.653696292974
C000771,1,0.00367906519614,0.00367906519614,0.0036761970258,0.00367369923372,0.00367906519614,0.00367906519614,0.94513890948,0.0327949334762
C000772,1,0.00728472904854,0.00728472904854,0.430535992667,0.176924070341,0.00728472904854,0.00923985086409,0.336617850008,0.0248280489746
C000773,0,0.0363634021404,0.132255119217,0.765711998772,0.00614469857731,0.022872118433,0.0061021374615,0.00742502050176,0.023125504898
C000775,0,0.0164755049618,0.0354334994559,0.0391370141864,0.0354540909682,0.0354540909682,0.0352085190085,0.0374300456065,0.765407234844
C000776,1,0.00615561023572,0.00936808204969,0.00626910906759,0.198372489364,0.00615561023572,0.00615561023572,0.0159632605565,0.751560228256
C000778,1,0.792121778011,0.00487644868701,0.00662076559276,0.00666205355905,0.00667178443978,0.154417309146,0.00978518954319,0.0188446710219
C000780,2,0.00605510893661,0.012243337898,0.0384820025048,0.615525128123,0.0139652117527,0.0311504392134,0.0151028034055,0.267475968166
C000781,4,0.0069929879233,0.00593717933263,0.250993526423,0.64392211174,0.0069929879233,0.00356654283771,0.00803764708293,0.0735570167373
C000783,1,0.0875433214609,0.0247170359102,0.139384723882,0.0334747699777,0.0397812964813,0.0341147834891,0.0426477675905,0.598336301208
C000785,2,0.00290990006889,0.00240736063885,0.00232514154379,0.00504149646329,0.00241496939819,0.00240957034224,0.00246826866738,0.980023292877
C000786,0,0.00778192214518,0.0152188932786,0.757510378564,0.0152277374524,0.0208691226278,0.00853935292481,0.0173355339789,0.157517059029
C000787,3,0.012744201874,0.0139573418708,0.0128057020226,0.0126395979957,0.75741770592,0.012744201874,0.025678638462,0.152012609981
C000788,2,0.00192228946105,0.00359761594852,0.00267431387039,0.00357071179564,0.00639384066526,0.00359601192654,0.959729766362,0.0185154499706
C000791,2,0.0106211902534,0.707946340879,0.0201547459649,0.0105464637204,0.00634496884867,0.00463734186145,0.0125974391764,0.227151509296
C000792,2,0.0361160275898,0.0644550599181,0.036137667314,0.109893314783,0.0361160275898,0.222041887657,0.044082124835,0.451157890313
C000793,0,0.0082886402085,0.0128864192183,0.00944037699057,0.00526611020627,0.00947840420852,0.00932788407828,0.835786681874,0.109525483216
C000794,0,0.0104038927882,0.144512561148,0.011421081854,0.0158862484403,0.715493796992,0.0113876611173,0.029306018686,0.0615887389744
C000795,1,0.0219326007753,0.220994554086,0.0194227406978,0.01532090103,0.300989286653,0.32666468197,0.0236328633822,0.0710423714058
C000797,0,0.011208480784,0.0119352718638,0.196849835563,0.0119422078228,0.650700598716,0.0450712151945,0.0128578216251,0.0594345684315
C000799,3,0.0214725986776,0.0214725986776,0.0217833689057,0.0210850546646,0.0143472152581,0.0214725986776,0.0257031431489,0.85266342199
C000800,4,0.0181121185771,0.00969743056859,0.00960166423842,0.00926828097976,0.724237888961,0.175517678385,0.0110270336628,0.0425379046278
C000802,4,0.00524875454351,0.604005896694,0.00264186902855,0.2786191845,0.00769308930931,0.0631603427599,0.00811590819401,0.03051495497
C000803,4,0.0290644017895,0.330468055529,0.291386764953,0.0208709057496,0.0223625093817,0.0264188629263,0.0535315072195,0.225896992451
C000804,0,0.777534009622,0.0104351240151,0.00632222653287,0.00634769338516,0.10894748015,0.00539003226992,0.007701722875,0.0773217111497
C000805,1,0.0250657077087,0.618754833395,0.0127508091673,0.0130962126481,0.211418495871,0.0128580375138,0.0182491701318,0.0878067335637
C000806,1,0.00926781542148,0.00453695829038,0.0236218622711,0.0143891984703,0.298872212616,0.517815698895,0.0167747932505,0.114721460786
C000807,0,0.103616558317,0.010572877913,0.0105365792614,0.00793878301333,0.0395193646202,0.0156670464511,0.0128858358448,0.799262954579
C000808,2,0.00965953534612,0.0487472981931,0.00364256597617,0.00959157464029,0.00667944227598,0.132713758681,0.00719039518117,0.781775429706
C000810,4,0.00849609679893,0.00650877905623,0.00571199696036,0.00314630053979,0.00650085359938,0.0033676819594,0.920282149804,0.0459861412823
C000811,3,0.020262553856,0.363912303661,0.0305310197538,0.0331484715878,0.0190434638508,0.030635948787,0.0368984870065,0.465567751497
C000815,2,0.0142446189544,0.00587665578291,0.0143088006171,0.1030347933,0.00889916687913,0.0303603340334,0.017878247525,0.805397382908
C000818,0,0.0207770530024,0.00761108760709,0.0076935115001,0.0076155106476,0.732294665794,0.00756276198522,0.00922695407612,0.207218455387
C000819,2,0.563422930917,0.00607236592569,0.384291733164,0.00619549229938,0.0062393902041,0.00485620307481,0.00752603299893,0.0213958514164
C000821,4,0.00306757435231,0.00307131415783,0.329722109052,0.638522457357,0.00653574402636,0.00306757435231,0.00325479917375,0.0127584275281
C000822,4,0.00353545183874,0.00176208797492,0.00171586627103,0.00462151201612,0.00129284254064,0.00510521618864,0.00192334666663,0.980043676503
C000823,0,0.0936809895274,0.101582597746,0.00236003045481,0.0023701024775,0.0023701024775,0.00194578904176,0.788268578203,0.007421810072
C000825,0,0.00235193857262,0.006511943182,0.64934413768,0.00739466867743,0.00259460341232,0.00734344967197,0.00773626248405,0.31672299632
C000826,1,0.363437576321,0.0928186340902,0.107323697369,0.00860717909786,0.00861975111224,0.379528028111,0.0111580860846,0.028507047814
C000827,0,0.000758047339686,0.000576258794454,0.00124500121425,0.000464635142196,0.000848975118621,0.000257366908653,0.000896221671369,0.994953493811
C000828,4,0.00315280826156,0.00557911512134,0.169709946574,0.576576521089,0.00371947835628,0.00397320303496,0.220708879065,0.0165800484977
C000829,2,0.0332267124428,0.032337255703,0.0334157689508,0.0329929423132,0.0332267124428,0.0260699001434,0.0370407423351,0.771689965669
C000831,2,0.00144573433026,0.0384383304117,0.64593120063,0.0360967154977,0.0027735958089,0.261911743098,0.00194186823657,0.0114608119873
C000832,3,0.00841283842561,0.00433467839041,0.00317414337021,0.0420401864717,0.00324410405929,0.00404813311535,0.0104355266868,0.924310389481
C000835,2,0.349176079709,0.0129242491648,0.0130076718834,0.0184969996542,0.034163763552,0.259673730782,0.183003318474,0.129554186781
C000836,1,0.132577271946,0.00957191057106,0.00673564784834,0.00666486409407,0.0067922914991,0.0067922914991,0.776055657221,0.0548100653211
C000837,4,0.00491744924999,0.00446140096141,0.0434218460009,0.00461732829961,0.263363437095,0.643644696973,0.0201252812794,0.0154485601409
C000838,0,0.133562916828,0.00944988618615,0.00361605932428,0.27716336531,0.0151380035526,0.536383432769,0.00647333624292,0.0182129997864
C000840,0,0.000745010976187,0.00134203088837,0.00133742344733,0.00134281078441,0.977174032573,0.00133350983586,0.00163046243686,0.0150947190584
C000841,2,0.520193662041,0.0506563291594,0.0313347022335,0.0408846033654,0.057094856569,0.117305691127,0.0374406912464,0.145089464259
C000842,2,0.00600622810708,0.00600890721996,0.00599551411182,0.626512454117,0.0411402076103,0.20521179611,0.00771200102568,0.101412891698
C000843,2,0.0388473970934,0.0407070120188,0.0404061060208,0.0404025916219,0.0399628363522,0.0406888625156,0.0465778448946,0.712407349483
C000844,3,0.0980567210917,0.342384595046,0.017835352232,0.232916429114,0.0941078542779,0.0210478253305,0.0225522342249,0.171098988683
C000845,0,0.0151318488106,0.11687847179,0.0170835368693,0.017152351852,0.00994553193828,0.0124450298232,0.699726162396,0.111637066521
C000849,0,0.00566852165301,0.00607570286804,0.174522618241,0.00632255959411,0.753544771689,0.00627876652798,0.00691083760263,0.0406762218243
C000850,3,0.00576205549594,0.00576205549594,0.00574232028498,0.891715073514,0.00572152676479,0.00576205549594,0.00662467855758,0.0729102343909
C000851,1,0.0179932294369,0.331882395269,0.00589188983474,0.00711501412298,0.00473302180261,0.599492164021,0.00769168466075,0.0252006008521
C000853,0,0.0275653719465,0.0333597827119,0.438481022626,0.117265103975,0.0441608088069,0.0287170270177,0.0248137821941,0.285637100722
C000854,0,0.00418265928423,0.144726315217,0.151320491827,0.00492718730947,0.00498560603437,0.665198140047,0.00512861337951,0.0195309869015
C000856,3,0.147506601975,0.0534530454855,0.0361188072269,0.0312680124911,0.035434640113,0.235530430642,0.0425661796052,0.418122282461
C000857,2,0.400722481404,0.0207827825761,0.0100141816305,0.00987554815907,0.00994552094754,0.00994552094754,0.506781424381,0.031932539955
C000858,2,0.279790514517,0.0124858367274,0.0125365019048,0.593234664839,0.0124802698307,0.0124802698307,0.0205734639901,0.0564184783608
C000859,3,0.0111846317388,0.0111846317388,0.263192361758,0.637806444388,0.0112171670379,0.0122962364066,0.0132236160739,0.0398949108581
C000860,4,0.240663365619,0.0277262443637,0.0832883053284,0.0217382369287,0.121982659243,0.0261647445786,0.0651443079144,0.413292136024
C000862,4,0.00340800700769,0.00340252623374,0.00335340681414,0.120277077248,0.00340800700769,0.849935771142,0.00374810710655,0.0124670974394
C000864,3,0.418284726448,0.0204745993725,0.0161551304413,0.0186391821518,0.00759638230018,0.0129208000949,0.400608246042,0.105320933149
C000865,2,0.00132226201473,0.00203630239487,0.00113947352801,0.00206462198987,0.00219443596234,0.00341697904314,0.00270437850202,0.985121546565
C000866,3,0.0183011848616,0.625145425355,0.0114970759755,0.0175046277797,0.0404926573161,0.0154161857665,0.175494332115,0.0961485108312
C000868,0,0.0290536218496,0.0324953059256,0.0285173481057,0.0282679150938,0.0325141899619,0.0154578325474,0.0364881338638,0.797205652652
C000869,4,0.109123887756,0.0462008310416,0.0359332802806,0.0387143435794,0.0470093541566,0.0470093541566,0.0520203434803,0.623988605548
C000873,4,0.0326180448127,0.0159479840828,0.015174979019,0.0148350616203,0.015928564917,0.015928564917,0.757301617585,0.132265183046
C000874,4,0.00818793935253,0.784795465911,0.0382401915103,0.0335183696505,0.00710347495523,0.010327466158,0.0159550405152,0.101872051948
C000875,0,0.000900522887559,0.928547001688,0.00295355818306,0.00293042781661,0.00488166264384,0.00181223110382,0.00323056764583,0.0547440280311
C000877,4,0.00348592426458,0.0144949047784,0.0038959872434,0.00374151702153,0.00273476658001,0.794964925846,0.16288983499,0.0137921392759
C000878,4,0.0450417471727,0.0039629952879,0.00385491624826,0.00262229649491,0.00395816972109,0.681034085848,0.242817612398,0.0167081768294
C000880,3,0.00749091118332,0.00342003751941,0.00340832378947,0.00339196599382,0.00337792057154,0.00433839653677,0.952832651226,0.0217397931792
C000881,3,0.0104695842587,0.00475810592906,0.00304498425068,0.00505543323014,0.372980898047,0.00723824730222,0.576647661717,0.0198050852651
C000883,2,0.0154935397351,0.0195818338653,0.101839113045,0.0152884942672,0.0154935397351,0.0599284970482,0.67219114105,0.100183841255
C000885,2,0.346866074002,0.00289303162638,0.00290477100467,0.0242845518206,0.333075641775,0.268120469856,0.00358367694576,0.0182717829693
C000886,0,0.00314353900662,0.259965322637,0.00387488203389,0.00389049062493,0.00389049062493,0.00207261874125,0.707995556523,0.0151670998082
C000887,0,0.195856109585,0.00218043555244,0.781757074481,0.00218170267158,0.00218170267158,0.00216659115734,0.00260496352613,0.011071420355
C000889,3,0.0188354768415,0.00261505544035,0.00830685835052,0.00259359117415,0.951386290801,0.00261505544035,0.00286900970872,0.0107786622429
C000891,1,0.058438014401,0.0910323947229,0.139964796744,0.0109714523047,0.00911447956267,0.65226838858,0.0115041082941,0.0267063653904
C000892,0,0.0104099476022,0.0113649113824,0.857161721948,0.0259167682592,0.0113715158871,0.0112927513394,0.0123586851573,0.0601236984239
C000894,0,0.00792554466518,0.721988012136,0.00876317755081,0.0042750002816,0.0116526336147,0.00873753445902,0.0651059309672,0.171552166325
C000895,3,0.606531918768,0.015571150096,0.181592987702,0.0153743733714,0.0156164454654,0.015571150096,0.0119079481444,0.137834026356
C000896,2,0.0103482374695,0.0077652055342,0.0241697780287,0.0238920789324,0.540576246877,0.0240613652705,0.0300194653329,0.339167622555
C000897,4,0.0662644529153,0.0151504599596,0.0160435451028,0.017954733534,0.322158422645,0.475098269703,0.0235101595778,0.0638199565626
C000898,2,0.0121896168978,0.834867552433,0.00186665677461,0.00184081531116,0.00368422307977,0.126064103894,0.0022325889317,0.0172544426782
C000899,1,0.218767327221,0.293954776097,0.00594138154059,0.385350235653,0.0315354669619,0.00394074483643,0.00946533980768,0.0510447278817
C000901,0,0.0186894040116,0.0240463383023,0.020860545947,0.0209495735659,0.0522455197793,0.0820852778759,0.139474770663,0.641648569855
C000902,1,0.635476714967,0.0184960263583,0.0276461773954,0.0215802702759,0.0124018609517,0.0274846737001,0.0170579450955,0.239856331256
C000903,1,0.00571530891771,0.00571530891771,0.457558264413,0.00570697306845,0.00571530891771,0.47758449623,0.00744166989817,0.0345626696372
C000904,1,0.0347016484578,0.0223004772277,0.0222830919508,0.0218821070879,0.0229929975449,0.361717369609,0.0277383800225,0.486383928099
C000905,4,0.025159613228,0.0251191514119,0.66874103152,0.0234525388573,0.025159613228,0.025159613228,0.0290632435922,0.178145194935
C000907,1,0.00891345522316,0.00765993779412,0.0115671116211,0.564551788139,0.00765993779412,0.338393904101,0.00981646027883,0.0514374050485
C000908,0,0.00582096474951,0.0101657366011,0.00682591309433,0.0303462711518,0.0270649681052,0.075576672921,0.0330492065997,0.811150266777
C000911,1,0.0601574071705,0.533014020675,0.03368336679,0.0328052347353,0.0733658725813,0.0328531514659,0.0429263874683,0.191194559113
C000912,4,0.0248027883307,0.0234692495944,0.0141127167907,0.00400136147319,0.0043047469197,0.0121464606788,0.00466264818599,0.912500028027
C000913,1,0.0423018079971,0.0423018079971,0.0413242117118,0.0422401102831,0.0423018079971,0.0423018079971,0.0468187921367,0.70040965388
C000914,1,0.00766326236321,0.00766326236321,0.851486959377,0.00765208539959,0.00766326236321,0.00766326236321,0.0128312742213,0.0973766315493
C000916,4,0.307250460327,0.013866743517,0.0380660964625,0.539237279799,0.0138498585872,0.0138498585872,0.0158106466236,0.0580690560963
C000917,3,0.867742565321,0.00645434564793,0.00643223932267,0.0535084076306,0.00647312088088,0.00893295554406,0.00750000222809,0.042956363425
C000920,3,0.00382839680792,0.00382839680792,0.00381528443531,0.0037969734863,0.00380146890603,0.943610883916,0.0167463880486,0.020572207592
C000921,4,0.05131442379,0.0221168516391,0.0215136795656,0.0374846897951,0.0347209348832,0.0447357035822,0.118997538568,0.669116178177
C000922,0,0.0266945475721,0.068305670318,0.0323184109694,0.0324485942512,0.0434839169843,0.0296164817086,0.625195098845,0.141937279352
C000923,4,0.00665697308193,0.00664626730445,0.00655032071358,0.167374656369,0.00665697308193,0.0128962528424,0.727714837577,0.0655037190305
C000926,3,0.0101147510973,0.402387742034,0.337013352068,0.0177516598826,0.0180311627525,0.0179788635159,0.0214110100532,0.175311458596
C000927,3,0.554081526524,0.00393766395732,0.401015336396,0.00556392924145,0.00394911834202,0.00393766395732,0.00464333564287,0.0228714259382
C000929,2,0.00620243286918,0.00549812225025,0.00399650504907,0.00241770268895,0.013337651142,0.926023851185,0.00844421179509,0.034079523021
C000930,3,0.0707161618746,0.0309695967089,0.0308635249217,0.0305782257589,0.0310596850655,0.542110272637,0.105331210042,0.158371322991
C000931,1,0.0264259171392,0.0322206634273,0.0259741417998,0.0263873746099,0.0264259171392,0.0264259171392,0.0339020905653,0.80223797818
C000932,4,0.0216775720614,0.0250778466055,0.021134677842,0.0202766083716,0.774983107247,0.0216775720614,0.0461134353863,0.0690591804251
C000933,0,0.00293859224908,0.941789767201,0.00322873056657,0.00324173636509,0.00324173636509,0.00204163051949,0.00364839224631,0.0398694144871
C000936,2,0.0380664097044,0.0387396641517,0.224807328994,0.01194069563,0.545241840488,0.086048937377,0.0141148267592,0.0410402968965
C000937,0,0.0026724142796,0.000599263848256,0.0011419978478,0.00188864016461,0.00212900004822,0.00176074008618,0.00852907386747,0.981278869858
C000938,3,0.0240029262172,0.342906227874,0.0339687920288,0.0671696936104,0.0706875236958,0.0338056548768,0.037481217174,0.389977964523
C000941,3,0.00484567896822,0.926253742206,0.00610733781292,0.00607802645928,0.0193131823043,0.00591849616736,0.00669785029715,0.0247856857853
C000942,4,0.0169323982391,0.0687365515221,0.016490696886,0.139837891433,0.0169323982391,0.518843446326,0.174641160873,0.0475854564821
C000943,2,0.0134650825488,0.0131046313472,0.0104223144697,0.013370347504,0.0134650825488,0.774362228557,0.00885181457204,0.152958498453
C000944,3,0.00692303341975,0.246267424659,0.00715220975766,0.00479174397329,0.00383460121216,0.543281096097,0.158698522423,0.0290513684586
C000948,0,0.323605717255,0.0322696895694,0.0947619569018,0.296216953141,0.0322884424929,0.0320647973258,0.0335662571105,0.155226186203
C000949,4,0.0165678231217,0.0139640442949,0.0135977504835,0.0182411412269,0.0139470408863,0.0139470408863,0.822502210155,0.0872329489453
C000950,1,0.00226092223149,0.00226092223149,0.00102788637988,0.00216241322061,0.00051438189144,0.0105623646853,0.00272884760474,0.978482261755
C000951,4,0.0782950540883,0.00448498185137,0.00439250096053,0.00443632094935,0.857195679384,0.0030483040793,0.00527044440183,0.0428767142852
C000952,2,0.0526809690366,0.00727896888642,0.0222655264114,0.7355546011,0.0782577888739,0.0220008855213,0.0166228346128,0.065338425558
C000954,1,0.0104884142653,0.373243973394,0.0105108717526,0.0530633793778,0.00461856943082,0.488872136653,0.0129960973163,0.0462065578107
C000956,4,0.00363103105772,0.0925465033986,0.00352002236136,0.00340304099298,0.00363103105772,0.0937702430615,0.788148575318,0.0113495527518
C000957,0,0.00885485718632,0.835050491661,0.00086469141184,0.00537510925973,0.144834584994,0.000949184975486,0.00114056975859,0.00293051075295
C000958,1,0.00636139194023,0.00743676117262,0.00743335925972,0.0074259145638,0.00743676117262,0.85479854062,0.00947546577782,0.0996318054936
C000959,2,0.0372705728819,0.0483339427885,0.0372929043779,0.0370083517347,0.0616189719159,0.0372705728819,0.0514202827788,0.68978440064
C000960,2,0.141907519226,0.0410809945736,0.0119340577791,0.599951810364,0.00891060697545,0.0118805279486,0.0148762570716,0.169458226061
C000964,2,0.00455439517922,0.1431054327,0.00458583726105,0.00449412114844,0.00455439517922,0.0513184022208,0.774821453302,0.0125659630095
C000965,1,0.455636685336,0.0159502795232,0.120684016192,0.0159270158418,0.127968294358,0.0159502795232,0.0206937623787,0.227189666847
C000966,0,0.00857310982515,0.48306048266,0.0093491379666,0.0205101658619,0.00938903776092,0.00932400480308,0.425592564556,0.0342014965658
C000967,2,0.00558047176657,0.927932901367,0.00561899755167,0.00554120975379,0.00558047176657,0.00558047176657,0.00720803745861,0.036957438569
C000968,0,0.00170384024389,0.00190305192018,0.0170691283742,0.00190415784304,0.00190415784304,0.00189096873678,0.961190852983,0.0124338420562
C000969,0,0.022356213871,0.0222407120526,0.712449524724,0.0164064108134,0.0630483845841,0.0123998431286,0.0234538154467,0.12764509538
C000971,1,0.00812670538453,0.335868080504,0.00805893351966,0.00797424358592,0.602205235448,0.00677641742604,0.0101809757581,0.0208094083736
C000972,1,0.0285460759367,0.0285460759367,0.184851792279,0.0285044411293,0.535232068328,0.0285460759367,0.0594851109761,0.106288359477
C000973,2,0.0130364519877,0.621028153315,0.065592090833,0.013117221461,0.0132101629918,0.0132101629918,0.0162824944025,0.244523262017
C000974,3,0.529240041117,0.152531570713,0.0460176163748,0.0169971735128,0.0171729750404,0.0172147204692,0.0178721037123,0.202953799061
C000975,2,0.0464573063033,0.000889740630876,0.000893351031035,0.000877574128748,0.945667487619,0.000889343933857,0.00115161321677,0.00317358313662
C000977,2,0.00529253002317,0.00529489078688,0.00532264396375,0.00410670486403,0.00529253002317,0.0042733501307,0.947160653469,0.0232566967395
C000979,3,0.0154318172887,0.0195773497273,0.00660353347828,0.00828741372746,0.0158444096545,0.00212366427588,0.0101604455879,0.92197136626
C000980,2,0.00628045638509,0.00611233279264,0.895472388048,0.00623626955481,0.00628045638509,0.00582071383819,0.00728088998158,0.0665164930142
C000981,3,0.00748789436824,0.00748789436824,0.0031143718229,0.007426434043,0.00251191563171,0.0016612074978,0.00818808171044,0.962122200558
C000983,3,0.0836371325059,0.0120552713139,0.0260291828045,0.0119563221488,0.770130816891,0.0120552713139,0.014623019201,0.0695129838208
C000985,3,0.00389060279201,0.00151192596043,0.00387727736207,0.00133286607942,0.00211950343836,0.00231139711198,0.106789741965,0.878166685291
C000986,0,0.605233394216,0.00420766536522,0.00835540522172,0.169926844475,0.0412966201131,0.00686948821256,0.0111620969973,0.1529484854
C000987,3,0.0110805730316,0.00601388549905,0.0291116815707,0.00596452377724,0.0236518859408,0.00502146625743,0.01383063996,0.905325343963
C000988,2,0.0217403269512,0.0217500243501,0.0149073756363,0.0215873705292,0.626422631841,0.0217403269512,0.0255836362792,0.246268307462
C000990,3,0.0310484523662,0.0162924172678,0.154385840097,0.584939143814,0.0163398107521,0.0270363863704,0.0193741813019,0.150583768031
C000993,4,0.00326204765299,0.690628535807,0.0017729839913,0.00171070068807,0.178952472324,0.00187759040376,0.11641935678,0.00537631235278
C000994,2,0.0428342976923,0.0263181977492,0.0271639394527,0.635528771939,0.0341075029971,0.0270420964803,0.0365883384698,0.17041685522
C000995,0,0.00191684128081,0.0117921576903,0.0428275076204,0.0287567890721,0.00795037170165,0.00302914094404,0.00631251660804,0.897414675083
C000996,1,0.00613134442768,0.00794709566099,0.000592820988991,0.000592640797597,0.000593506434126,0.982196310389,0.000790477347745,0.00115580395383
C000997,2,0.000508608701751,0.992931618819,0.000511502631905,0.000505030330212,0.000296320934546,0.000408605119665,0.00055654655967,0.00428176690344
C000998,4,0.019221185576,0.741518353671,0.0187197785362,0.0179789715961,0.019221185576,0.019221185576,0.020527624204,0.143591715265
C000999,2,0.000540519890575,0.000219287906256,0.000429477005857,0.000536717004415,0.000235039263285,0.000762196163031,0.000666104998957,0.996610657768
C001000,4,0.0798059361087,0.013468588107,0.114061624424,0.012618442207,0.0081360166566,0.0134902832482,0.254212750272,0.504206358977
C001002,4,0.00500275483607,0.000960422550286,0.000934229850235,0.00749798976923,0.978229727421,0.000959253085564,0.00106313111542,0.0053524913725
C001004,4,0.0164689872819,0.0164890652988,0.0159654937068,0.644439632365,0.0225111564323,0.164159509211,0.018561202677,0.101404953027
C001005,1,0.00601066773382,0.00851112146345,0.902469812345,0.00849870788677,0.00821900905452,0.0127420530128,0.00973091352499,0.0438177149781
C001006,4,0.928520188514,0.00484728835409,0.00583446879197,0.00527301741654,0.00592946565425,0.00592946565425,0.00722930468956,0.0364368009254
C001008,2,0.0137374395127,0.848603262792,0.0138322783838,0.0135556347243,0.0137374395127,0.0137374395127,0.0204553168468,0.0623411887148
C001012,3,0.0104625781541,0.010098088281,0.00504785760169,0.0100152035928,0.00697876660996,0.849575494096,0.0191970799242,0.0886249317402
C001013,4,0.00903209245409,0.00842161373671,0.00876533042106,0.0086053565746,0.0241480490272,0.0752726026895,0.00972585952198,0.856029095575
C001017,2,0.0410402246544,0.0474586245251,0.0976830476422,0.0348208447815,0.0766743883591,0.0316821829874,0.0566174973566,0.614023189694
C001018,1,0.0270027608029,0.0264794990494,0.0271588501274,0.0253400859057,0.0264794990494,0.0303848636166,0.0327137727781,0.804440668671
C001019,3,0.00497161820537,0.533301999553,0.0736014563371,0.00714352203806,0.00601765839888,0.27536686864,0.0106930840111,0.0889037928168
C001020,2,0.00349383525575,0.00349539370123,0.00349592866516,0.00346925399986,0.00349383525575,0.701296192159,0.258182475513,0.0230730854504
C001021,0,0.000469851004861,0.0155525046671,0.00267332612389,0.00270343811952,0.00270343811952,0.00266050664614,0.00287126338716,0.970365671932
C001022,0,0.0143003367338,0.104797197572,0.0201427449842,0.0159675850312,0.0159675850312,0.0739302015429,0.276156573056,0.478737776049
C001023,3,0.420236448441,0.0150921652343,0.345665776277,0.00660662286527,0.0225038169415,0.0272457578451,0.0157669832649,0.14688242913
C001024,0,0.00515881951336,0.00544231434765,0.0255074352351,0.0116125882629,0.00544547704635,0.000996197195735,0.00554524644313,0.940291921956
C001025,2,0.0128368583781,0.73999699302,0.00404589173257,0.00425185601654,0.159429086829,0.00621089491328,0.00748187466955,0.0657465444412
C001026,0,0.0133095939477,0.0146686213308,0.0124378700936,0.0122360646455,0.0423492796317,0.0145754848064,0.0155787212445,0.8748443643
C001027,4,0.00963399610892,0.0342888636326,0.00938268208613,0.701871379085,0.196424971949,0.00963399610892,0.0106684266579,0.0280956843719
C001028,2,0.00528597549293,0.060772237362,0.00530979239511,0.00420712908124,0.00373978395419,0.847172887304,0.0602693836626,0.0132428107481
C001029,4,0.00655485427049,0.397393416448,0.00647968479625,0.00614327925893,0.00400514013078,0.550734903201,0.00735890608088,0.0213298158133
C001030,3,0.00205857707483,0.00574731219322,0.00572762747852,0.00570013849401,0.0173882063283,0.00294583153362,0.0365031516519,0.923929155246
C001031,1,0.0868676907121,0.253788115868,0.0333599880525,0.0563117955165,0.042570143415,0.0368924905498,0.0567238478216,0.433485928065
C001032,0,0.0611975064379,0.0295142013473,0.211117310293,0.0295313529707,0.0808378435577,0.0212422474658,0.47524505114,0.0913144867873
C001033,4,0.0672108490947,0.00662534831868,0.0065599201323,0.00621934902024,0.00663602039997,0.00663602039997,0.838044827442,0.0620676651918
C001034,3,0.312628827912,0.0564586260669,0.0207634499504,0.0265739397862,0.381393257046,0.0938264498,0.0297388114995,0.0786166379393
C001035,2,0.0151513264448,0.0173760831839,0.305791568591,0.0171384789365,0.017368335937,0.55523113532,0.0217947915811,0.0501482800061
C001037,0,0.00618073157107,0.02530316322,0.00689433892285,0.016608942582,0.00183875989582,0.0206690547291,0.00770485760504,0.914800151474
C001038,4,0.00103290534381,0.00300395226054,0.00229823387483,0.00233336190427,0.0143633531379,0.00300029447866,0.00333314426898,0.970634754731
C001040,4,0.00736963735881,0.00749545665365,0.0249882961741,0.0131192888805,0.00736963735881,0.848523911439,0.00805035112408,0.0830834210111
C001041,0,0.380180953274,0.0127899398696,0.0376208344656,0.012145782422,0.00893521847505,0.398394810059,0.0206711732907,0.129261288144
C001043,4,0.881193106721,0.00278747417209,0.00159538025541,0.0364688325212,0.00301734236343,0.0536207105454,0.00297195152255,0.0183452018994
C001045,1,0.0139795242005,0.018669758222,0.0158864307218,0.0183195025177,0.493015096798,0.0347767551667,0.0230627618602,0.382290170513
C001046,3,0.0236126477332,0.61450301189,0.0368072819456,0.0231066858263,0.0145741099875,0.0232979141356,0.12970815829,0.134390190191
C001049,0,0.00350975471824,0.00902592941447,0.00910245926529,0.849231251666,0.0128809174461,0.00896862043652,0.0131360525612,0.0941450144925
C001050,1,0.0427401639581,0.260867045562,0.0875348635629,0.0426778268965,0.188995556257,0.128438120419,0.055663922864,0.193082500481
C001051,4,0.0191589718716,0.0385823483092,0.0275015333954,0.194768898485,0.251542524645,0.0428062945786,0.170192168291,0.255447260425
C001054,0,0.00693960321405,0.0162419446936,0.0152332217638,0.187727274972,0.0186959391266,0.0209582896241,0.00651583789829,0.727687888708
C001055,3,0.020128137187,0.0306050262977,0.0310479690056,0.030353821516,0.030694054145,0.0306050262977,0.046472724977,0.780093240574
C001056,2,0.00254423877951,0.00137132076487,0.0860595808418,0.0395802742048,0.813282818422,0.0156044517221,0.0344963272544,0.00706098801058
C001060,4,0.0182954717032,0.0182660488339,0.266754819237,0.0174157448256,0.0182954717032,0.0182954717032,0.0213705258409,0.621306446153
C001061,0,0.167149206454,0.00856736603063,0.00853795267344,0.00857234479437,0.00845722998442,0.00815273322594,0.0145127371079,0.776050429729
C001062,0,0.0121469081378,0.0135379760786,0.0133917684323,0.013545843419,0.401915020655,0.028183366583,0.269596714987,0.247682401707
C001063,1,0.762018062775,0.00927102797182,0.00919667717529,0.00925750606203,0.0985172650371,0.00927102797182,0.0147849922111,0.0876834407959
C001064,0,0.00250398156327,0.0027185329142,0.175365362141,0.00272011273852,0.00159469095041,0.79892885798,0.00319866246973,0.0129697992429
C001065,1,0.0905887531728,0.0395027552821,0.585764377368,0.0871093699986,0.0758894830016,0.0188482058562,0.0222786057677,0.0800184495532
C001066,2,0.0169764793867,0.0169840518438,0.0170730737734,0.0168570395296,0.758744754787,0.0169764793867,0.020516815539,0.135871305754
C001067,0,0.0204928033912,0.00539610197207,0.0115352564178,0.144390062057,0.0115817221162,0.011397800616,0.0129115693579,0.782294684072
C001068,1,0.0118178732379,0.00318028821436,0.94547833144,0.00702448595087,0.00318028821436,0.00318028821436,0.00415433719405,0.0219841075346
C001070,1,0.273517847511,0.0120058077051,0.0117201692363,0.0183962474369,0.542222000006,0.0419880334797,0.0151787879925,0.0849711066325
C001072,1,0.547775960556,0.135673462221,0.0316029816706,0.031260793004,0.103049483243,0.0318584768691,0.0529692732683,0.0658095691685
C001073,0,0.0818404322691,0.0442917242864,0.021767052883,0.0532749060574,0.193823230587,0.0558814081295,0.0256843920094,0.523436853778
C001074,3,0.00934111203582,0.00934111203582,0.00930911845007,0.00926444057711,0.00936828466711,0.254202752024,0.658561270443,0.0406119097663
C001075,4,0.00256461567186,0.0025176336573,0.00191141762444,0.00239887139827,0.00669593331563,0.00259074627866,0.00279289587182,0.978527886182
C001077,3,0.0171903004304,0.737214560517,0.0107164265927,0.0128329516197,0.125718538358,0.0129391556708,0.0461379724854,0.0372500943256
C001078,3,0.023334242465,0.307829476395,0.424799148594,0.0207709455709,0.0207955372936,0.020942843559,0.0169322052793,0.164595600843
C001080,1,0.8651351558,0.00587124269196,0.00602187375354,0.00586267941135,0.0392063005892,0.00587124269196,0.00742314760449,0.0646083574579
C001082,1,0.0608010892786,0.0247768845305,0.0872391349648,0.0294719992414,0.29307667227,0.0232508732897,0.0207256594924,0.460657686932
C001083,1,0.178569962029,0.337125274138,0.0150770238559,0.0149670851927,0.00785308043209,0.319124176726,0.0180405632242,0.109242834402
C001084,0,0.00128378861709,0.00176966922489,0.00986284175246,0.00145702312853,0.0017706976349,0.939903360461,0.0336874835393,0.0102651356415
C001085,2,0.138984043701,0.771517613471,0.00526801155077,0.00415483699352,0.00285607650135,0.0348545492425,0.0064126919873,0.0359521765521
C001086,4,0.00185702134634,0.0120491774797,0.00169269872115,0.00281130909824,0.00302446411353,0.00136295614941,0.00322280944882,0.973979563643
C001088,1,0.529381422298,0.0945780682964,0.00607818808027,0.00603818904307,0.00592837512012,0.00592837512012,0.340831700854,0.0112356811872
C001090,1,0.212686749905,0.0287480816647,0.0281941684116,0.0254452186347,0.0287480816647,0.0287480816647,0.0145060977845,0.63292352027
C001092,0,0.00295303100182,0.00486371513556,0.854667794399,0.106234314519,0.0048665415922,0.00483283360185,0.00589564382594,0.0156861259253
C001093,2,0.00259044773792,0.00259160322215,0.935881896529,0.00257222236264,0.00259044773792,0.00259044773792,0.00319046060927,0.0479924740633
C001095,4,0.00159257567434,0.979295971744,0.00154388709343,0.00148965175433,0.00159257567434,0.00159257567434,0.00185648764822,0.0110362747371
C001096,4,0.0143018971809,0.0143193332094,0.0138646563707,0.0149365982306,0.0143018971809,0.646210877505,0.0158376430223,0.2662270973
C001098,3,0.512683639784,0.0042652766509,0.452464094369,0.00421137522653,0.00421275078436,0.0042652766509,0.00492388704461,0.0129736994899
C001099,2,0.00282716933679,0.0168922412089,0.00414731047309,0.00545719725719,0.00561004204345,0.00763292918745,0.0820447934709,0.875388317022
C001100,0,0.0122716823301,0.0137650261982,0.0134748666647,0.0137730254845,0.0137730254845,0.0136776269348,0.806248952098,0.113015794805
C001102,3,0.748245516844,0.0173898614915,0.0173303007001,0.0129210268478,0.0174404473631,0.0173898614915,0.0103396368321,0.15894334843
C001104,0,0.0766724949911,0.13019133299,0.0201307715102,0.0202166846335,0.322104741685,0.161837688681,0.0230272680287,0.245819017481
C001106,2,0.0419798971889,0.00686950143121,0.356036634084,0.463208421593,0.101509394449,0.00705845142757,0.00878713742513,0.0145505624014
C001107,2,0.720689849352,0.121360475551,0.00739421357715,0.00402607466013,0.0954746514742,0.00734351629874,0.0123266282977,0.0313845907893
C001108,2,0.00707975232832,0.890825442635,0.00711165141087,0.00702994196497,0.0532129909538,0.00707975232832,0.00465699026096,0.0230034781174
C001109,4,0.0142681030354,0.0219162205802,0.0139107719359,0.0133577393851,0.831287248793,0.0142681030354,0.0151710855601,0.0758207276752
C001110,0,0.0835143095313,0.111725433514,0.03391445483,0.0340510672096,0.0340510672096,0.0338152132623,0.0369472710225,0.63198118342
C001112,2,0.00463570675326,0.0120789659481,0.00466771018408,0.918017273543,0.00912187817487,0.0208545162668,0.00526819338624,0.0253557557435
C001113,3,0.021054135651,0.021054135651,0.0209820246119,0.0244631665246,0.197225963762,0.119421031979,0.0245108057031,0.571288736118
C001115,1,0.00159430423082,0.00159430423082,0.00644202783008,0.00156439414069,0.00213114252785,0.00159430423082,0.975435104344,0.00964441846507
C001118,1,0.0176843837543,0.505907956815,0.0180124761283,0.019682459454,0.216677795747,0.093948692869,0.0316904508786,0.0963957843538
C001119,1,0.0350895100162,0.0320830620546,0.0351778557496,0.11571289594,0.223555545031,0.0350895100162,0.0460280830323,0.47726353816
C001120,0,0.000568805274054,0.0116586262637,0.000628194363728,0.000630875340947,0.000630875340947,0.982533369783,0.000762050259244,0.00258720337454
C001121,0,0.00117844413602,0.0139301477589,0.500225724303,0.0671421805217,0.00128016154472,0.392261293318,0.00149762598222,0.0224844224355
C001122,4,0.00342356776298,0.00342774157465,0.00333782775746,0.00320231170572,0.139043461338,0.00369515012059,0.00370742389862,0.840162515842
C001123,4,0.0516025569665,0.18764861231,0.0128869193557,0.565799227847,0.0233633633243,0.0233633633243,0.0662625494759,0.0690734073969
C001125,4,0.804177156565,0.00937894252451,0.0043872666823,0.00912386195707,0.0128790097892,0.0207810111032,0.0178310146011,0.121441736778
C001128,2,0.00885519269713,0.0145607949668,0.293794340959,0.0486531196503,0.0127018076202,0.498260092048,0.0128075322991,0.11036711976
C001129,3,0.00952097612357,0.00952097612357,0.070520148693,0.00966088959554,0.222931963114,0.0968238776929,0.541720365598,0.0393008030599
C001130,4,0.00512124857543,0.0051274920993,0.0154823329928,0.00479968872762,0.00512124857543,0.00512124857543,0.931187521667,0.028039218787
C001132,3,0.0269286394065,0.0269286394065,0.0268670463059,0.0265883350982,0.407107255695,0.264775394805,0.0273159055662,0.193488783716
C001134,2,0.445102282349,0.0154273835504,0.408860199076,0.0153120125127,0.0109927342808,0.0154205051447,0.0165945026267,0.0722903804603
C001135,3,0.014587691695,0.014587691695,0.0147988175277,0.0096429664234,0.0129545289858,0.014587691695,0.01803301265,0.900807599328
C001136,2,0.00274825376721,0.00274947964175,0.8573142262,0.00272891813055,0.00306871688017,0.11413883147,0.00342062420757,0.0138309497028
C001137,1,0.0107393894515,0.0769696491628,0.0123451660087,0.758289864342,0.0485859607114,0.0125877037904,0.0165949668209,0.063887299712
C001138,1,0.00611059334674,0.00611059334674,0.00600838393687,0.831762844482,0.117258891649,0.00611059334674,0.00719585437214,0.0194422455197
C001139,4,0.0320235980924,0.0314728179393,0.0339751127972,0.030378742826,0.0320235980924,0.0320235980924,0.0334548302886,0.774647701872
C001140,2,0.700946593583,0.203929814339,0.00519392404172,0.0074426766205,0.00555240305108,0.0075424959411,0.0509680953374,0.0184239970862
C001141,1,0.00948606958185,0.00948606958185,0.00947867431648,0.00947223403119,0.0083804805034,0.372503132257,0.0114480413051,0.569745298423
C001143,3,0.00569304162528,0.293966337372,0.00591855073359,0.0455022837965,0.133267624601,0.492006293358,0.00662683474052,0.0170190337742
C001145,0,0.0350079981941,0.0234559950539,0.0147112120192,0.0144445083364,0.817102240215,0.0143444587759,0.0183269734707,0.0626066139344
C001146,3,0.00306213631591,0.00626770247726,0.530671982421,0.00707026772938,0.00281513516322,0.424299987012,0.00571192811392,0.0201008607672
C001147,1,0.0077310889489,0.0077310889489,0.865759949194,0.00771981305936,0.0077310889489,0.0077310889489,0.00952336766686,0.0860725142841
C001148,3,0.0460634862987,0.0114638694554,0.0114246053626,0.0113697744922,0.0333528656108,0.0114638694554,0.119088111356,0.755773417969
C001149,1,0.0126057797462,0.378073406578,0.0123942669554,0.505777983935,0.0126057797462,0.0126057797462,0.0156926602973,0.0502443429951
C001151,3,0.00802270800435,0.00402261532255,0.00400883774578,0.0023798625856,0.00954134206365,0.00639301225405,0.0044233474698,0.961208274554
C001152,0,0.00601697602972,0.00671192936073,0.00676883906267,0.00671582987233,0.00528684444651,0.553272111266,0.380462113686,0.034765356276
C001153,1,0.0331758081133,0.0331758081133,0.212554027956,0.0277349410882,0.00876638387106,0.163476352222,0.0427212795606,0.478395399075
C001154,2,0.00543516259128,0.00528966694505,0.616755133457,0.00539692291693,0.332863448964,0.00543516259128,0.00691381941655,0.021910683118
C001156,0,0.0239046853943,0.0438076554572,0.0375028745337,0.0438331134528,0.0438331134528,0.0435295043832,0.0766961168054,0.686892936521
C001157,0,0.00138115631942,0.0055674521837,0.00645446675884,0.0106570404497,0.0055706876039,0.0118103506459,0.0032979852412,0.955260860797
C001158,0,0.00289549922204,0.00384507039928,0.00498454141952,0.0050046198807,0.00605111948345,0.00496995549421,0.935906690906,0.0363425031944
C001159,2,0.0286324293321,0.0053318782856,0.0443930208729,0.807757052484,0.00319533060205,0.00179591713885,0.0665858113804,0.0423085599042
C001160,1,0.0168111910191,0.00434188912922,0.00430706851211,0.00433555642983,0.887823980345,0.00434188912922,0.0487598568482,0.0292785685877
C001161,4,0.0146309783888,0.916351834527,0.00718639693913,0.0032964709897,0.00776160541556,0.00776160541556,0.00800147845621,0.0350096298679
C001163,0,0.0144574189785,0.242048556036,0.020768271027,0.024094689867,0.0113277245253,0.0342014665194,0.0247224463289,0.628379426718
C001164,2,0.000674930336229,0.00159992276097,0.859619650583,0.0686193551301,0.0538616736689,0.00159920942434,0.00197706465743,0.0120481934388
C001165,2,0.958487769412,0.00221070402767,0.0022844355033,0.00225552938463,0.0022715108449,0.0022715108449,0.00266410229609,0.027554437686
C001167,1,0.0107541907816,0.00188545726488,0.0117787326134,0.763776844903,0.0107032173274,0.0107032173274,0.0131423355157,0.177256004266
C001168,3,0.00877775742688,0.00597311598401,0.00874769334737,0.00870570995935,0.00866966143383,0.0404399120505,0.840649496323,0.0780366534749
C001170,4,0.0313667631698,0.00176253259665,0.00171446470442,0.00163953510007,0.00176038643745,0.949736721952,0.00196105764423,0.010058538395
C001171,1,0.00862056298029,0.00579747428497,0.917639377105,0.0057890185965,0.00526635359163,0.00793554984673,0.00721897230036,0.0417326912942
C001172,3,0.830555551594,0.00403568855675,0.006291202715,0.00626100892628,0.11957367982,0.00631282432553,0.00685081090006,0.0201192331628
C001173,1,0.834959877643,0.13082499271,0.00429180713825,0.00432158693573,0.00432789923068,0.00448753762135,0.00556554339422,0.0112207553268
C001174,2,0.272005363612,0.652834783419,0.00268992666337,0.0118632831919,0.00267786108425,0.00267786108425,0.00351804990311,0.0517328710422
C001175,3,0.00124435576094,0.0137919545734,0.002703745842,0.00401164801063,0.00401639759388,0.000595471860096,0.0036081463919,0.970028279967
C001176,4,0.701213635009,0.0112269403284,0.193679947574,0.0108398375243,0.0290104578853,0.0116388499162,0.0124989420995,0.0298913896626
C001177,0,0.00936295056458,0.148566771894,0.00451646300519,0.0764223274547,0.0156190136428,0.0179174807116,0.695424573541,0.0321704191858
C001180,3,0.0470802320333,0.0303400563048,0.0302361407121,0.391342701251,0.146564874449,0.0303400563048,0.0217083116735,0.302387627272
C001181,2,0.0112915504688,0.0151072368365,0.189008976515,0.651850481411,0.0230010796581,0.0151005011703,0.0183983924177,0.0762417815229
C001182,0,0.00140053332114,0.00269778889238,0.00268852688256,0.0690145748787,0.00269935666169,0.853846302923,0.0029558268158,0.0646970896243
C001183,2,0.00368189320524,0.00175761706041,0.0595997164874,0.00174447302314,0.00511948746105,0.000650855913254,0.00202770968593,0.925418247164
C001184,1,0.008521737676,0.868477545476,0.00844604527355,0.00857765130315,0.00859018018797,0.00859018018797,0.0119045296215,0.0768921302739
C001185,2,0.00276727144478,0.00276850580225,0.00277973987816,0.00273064866663,0.115144543655,0.858204172547,0.00355481711411,0.0120503008921
C001186,0,0.00226243651047,0.749810997165,0.00705703258166,0.00416593019347,0.186263904397,0.00695326886818,0.0079817315085,0.0355046987758
C001187,4,0.00747474054336,0.0146113525534,0.00736620887552,0.00980769491486,0.0382213562436,0.866258646979,0.011287401492,0.044972598398
C001188,0,0.00821885268408,0.00921092049201,0.00917710763367,0.00921627324535,0.00921627324535,0.806077553857,0.011042034908,0.137840983934
C001190,4,0.0518959688576,0.0291050621503,0.028341601084,0.578461028717,0.0452598412281,0.0266240762392,0.0344916064278,0.205820815296
C001191,1,0.00755823636516,0.00846668983138,0.00755194124598,0.0074164393815,0.536089317579,0.391880242244,0.0093485592893,0.031688574064
C001192,1,0.0294402308096,0.0411129524903,0.0407854143853,0.0410529887369,0.220467943284,0.262829919853,0.0928833972334,0.271427153207
C001193,4,0.015781759018,0.1413092203,0.013712345364,0.017553683559,0.0201793905949,0.505384381532,0.0399206602957,0.246158559337
C001194,4,0.0211064816056,0.0165213085086,0.0105355448509,0.00697906629745,0.00625680498499,0.151168516427,0.0177398217497,0.769692455576
C001195,4,0.741814386047,0.0140630632855,0.015110278415,0.0145123119863,0.0149553769767,0.0101939493541,0.0164194164932,0.172931217442
C001197,0,0.0259293593275,0.00596399375564,0.00206109164386,0.0121892054993,0.00923260528992,0.00971751685036,0.0117169055822,0.923189322051
C001201,1,0.0290295972493,0.157856242477,0.0291026857895,0.0168311232165,0.0371001535168,0.0459306152061,0.0412204451769,0.642929137368
C001202,0,0.0227818417325,0.025916462527,0.0258274865026,0.144841261907,0.0130297009379,0.0357209020506,0.0291050419588,0.702777302384
C001203,0,0.0563331906048,0.00560624298584,0.00558566273005,0.0642698581302,0.0725709748786,0.757019707454,0.00671412512232,0.0319002380946
C001204,3,0.0762394436139,0.0162810514611,0.495097804223,0.0161474172685,0.0563892712694,0.091272461626,0.168985259246,0.0795872912918
C001205,2,0.142191322787,0.334512702472,0.00614791478047,0.00681605633946,0.0163179853647,0.313600643498,0.107654414953,0.0727589598051
C001206,0,0.00164550954853,0.00295957260291,0.00336135765291,0.962935209341,0.00296129250291,0.00294078117731,0.00313248589041,0.0200637912837
C001207,0,0.0424416531643,0.0470560859494,0.0467666444258,0.0470834317095,0.0470834317095,0.0467573093838,0.0506451708559,0.672166272802
C001209,2,0.025515601629,0.025526983011,0.0322036842606,0.0253360838536,0.35616994492,0.0741626493827,0.296057679038,0.165027373905
C001210,0,0.00422360611796,0.00585297926268,0.00563574868777,0.130756434511,0.00585638061157,0.00581581652363,0.805237793605,0.036621240681
C001211,1,0.748105897598,0.0158659259822,0.0162782243906,0.0167089598648,0.00722386557839,0.0158659259822,0.0197859497779,0.160165250826
C001214,1,0.0040711159227,0.202859069827,0.0385035951528,0.00406517814941,0.682645128352,0.0040711159227,0.00505306282286,0.0587317338502
C001216,0,0.00301923757242,0.0812315013862,0.00335875223013,0.00337308654883,0.00337308654883,0.276479039799,0.619645392759,0.00951990315545
C001217,3,0.569085166409,0.00524233469869,0.0313004160915,0.0941688293589,0.20287988573,0.0265675241728,0.00983386992427,0.0609219736143
C001218,3,0.00296195323351,0.0205530913349,0.00419091998448,0.00417080622272,0.0969702936377,0.00399584835997,0.846438798047,0.0207182891794
C001219,4,0.0128804854032,0.00592985870153,0.0125579058703,0.314162448835,0.0264464344839,0.0128804854032,0.0128574906105,0.602284890692
C001220,0,0.432702284627,0.504351890975,0.00668212587391,0.0067106435243,0.0067106435243,0.00666416240361,0.00806709855063,0.0281111505212
C001221,3,0.00405605245282,0.00405605245282,0.00404216035287,0.0120605529109,0.00404621658883,0.0514426498356,0.00515662738424,0.915139688022
C001222,0,0.0289348716122,0.00294177125698,0.703558499337,0.00294348081205,0.025443358083,0.191511415684,0.033719985062,0.0109466181524
C001223,0,0.0182395907223,0.485946221041,0.0201803122152,0.144407968021,0.0202616014616,0.0198164324274,0.02344330982,0.267704564291
C001224,2,0.00403637662807,0.00116228762124,0.000301757864723,0.0208200333776,0.00196447788684,0.00597175863908,0.00235347376704,0.963389834215
C001225,3,0.0188076727334,0.272559581087,0.0203412749996,0.0185699952197,0.0186753846789,0.0155157661379,0.0210790885639,0.61445123658
C001229,1,0.0125461846344,0.0469397007936,0.852474561355,0.0047013082394,0.0644080215461,0.00470817517154,0.00596096595681,0.00826108230304
C001230,4,0.022254773136,0.00677683970022,0.00627409595302,0.00367545472505,0.00392940146598,0.00392940146598,0.0044019018252,0.948758131729
C001232,3,0.00206064648208,0.0128219683048,0.00394425670943,0.00392532677519,0.00283720762925,0.00208044439093,0.0042516487716,0.968078500937
C001234,1,0.0361746513422,0.0361746513422,0.0353386538649,0.0361218901626,0.0361746513422,0.0361746513422,0.040037378117,0.743803472487
C001237,3,0.00522207686873,0.868128797998,0.00521013256284,0.00515608410802,0.00515776823527,0.00522207686873,0.00612565627572,0.0997774070824
C001238,0,0.0576299284003,0.0297184703634,0.0296164413406,0.0484639586245,0.399400802809,0.0295297767582,0.0323017550367,0.373338866668
C001239,4,0.493231601168,0.00448106298755,0.00435885517526,0.0041945861822,0.00447560659226,0.00447560659226,0.46542481208,0.0193578692227
C001241,1,0.00427736168385,0.00427736168385,0.00419629863301,0.00427112309855,0.00427736168385,0.940132531372,0.00587208351142,0.0326958783335
C001243,3,0.014410880053,0.014410880053,0.0143615223615,0.0142287659664,0.0142334134959,0.811763103147,0.0149982771522,0.101593157771
C001244,2,0.00224153829069,0.235759286711,0.00736352687755,0.00917731027852,0.00924233573134,0.124002558724,0.584535168626,0.02767827476
C001246,4,0.0211154840262,0.152772575251,0.0206142070799,0.489340462437,0.0390947989613,0.0377847772145,0.0495489430271,0.189728752003
C001247,4,0.0639269077075,0.062987296131,0.016031760912,0.0153821074184,0.020869237298,0.0258953500776,0.561396435558,0.233510904898
C001248,3,0.000644585729305,0.00146180431391,0.00145679759079,0.000945545139475,0.00289111563111,0.000831163559289,0.00175709266787,0.990011895368
C001249,0,0.0131480247374,0.0041661772309,0.16610984024,0.0041685983265,0.206641460822,0.57489417752,0.00440662554074,0.0264650955827
C001251,4,0.0221192589511,0.0133634635288,0.0076577747092,0.0095622270148,0.0380970810376,0.176847313208,0.211704152999,0.520648728551
C001252,4,0.822279752832,0.00823588450826,0.0080112749835,0.103274027521,0.00822585603029,0.00822585603029,0.00911583989536,0.0326315081996
C001254,0,0.00903084893064,0.0102371103052,0.0100213173886,0.781285338104,0.0102430594094,0.01017211109,0.0124765597399,0.156533655032
C001255,3,0.241931557865,0.0609234481571,0.0239509394994,0.0237295395457,0.456165178368,0.0240332541075,0.0268838167962,0.142382265661
C001256,2,0.696422505303,0.0165635244896,0.0676409753548,0.016439657017,0.0165561395276,0.0165561395276,0.109345187006,0.0604758717743
C001257,0,0.0052289600815,0.00849627090287,0.00928736620263,0.0120005241334,0.00742343892777,0.795536575283,0.00969924313982,0.152327621329
C001258,1,0.00418872708316,0.882713073913,0.00411999179769,0.00418261777253,0.00418872708316,0.00418872708316,0.00487986468797,0.0915382705793
C001259,3,0.840819193253,0.0143826289546,0.0140323320515,0.0111329188377,0.0084082365441,0.0119833392343,0.0164218711829,0.0828194799418
C001260,4,0.0234799946282,0.00557456364357,0.00542833608076,0.00273954360048,0.0129007475172,0.0518033342453,0.0060124645655,0.892061015719
C001262,2,0.0227792692502,0.139357996585,0.0322308395406,0.189485139995,0.0176821826113,0.0167802146173,0.0391668290244,0.542517528376
C001263,0,0.0181255700128,0.0664771230195,0.639650396029,0.1370082433,0.0559631648573,0.00437064279362,0.0153469442578,0.0630579157303
C001265,2,0.0090655145655,0.550531253634,0.00912809996699,0.326967427997,0.00411251811277,0.0298780265605,0.03891410576,0.0314030534033
C001266,2,0.910321865081,0.00643597091712,0.00780460548551,0.0041649385967,0.00385354345818,0.00643310139494,0.00773755020976,0.0532484248567
C001267,4,0.00823286748707,0.0298016892325,0.00798117041467,0.00765264007179,0.0065142302871,0.00609428341528,0.86995746675,0.0637656523415
C001268,1,0.00708390295673,0.00729508750791,0.00613364635751,0.121077962001,0.00729508750791,0.137340360757,0.00880200245784,0.704971950454
C001269,1,0.0105634894929,0.0105634894929,0.0105546913525,0.79785993076,0.0655499314319,0.0105634894929,0.0147581199918,0.0795868579852
C001270,4,0.0310208282748,0.00256176152782,0.00177667477492,0.771661444126,0.0170082784936,0.166961201898,0.00269369057736,0.00631612032756
C001271,0,0.00660745532707,0.00741151809781,0.00738607298103,0.00741582516226,0.886359865116,0.00671459523923,0.00893218311431,0.0691724849623
C001272,3,0.0527534183251,0.0150487421602,0.0151213634108,0.0149252227109,0.190267153332,0.00815489352246,0.196131873368,0.50759733317
C001274,0,0.00484844953411,0.00356751369927,0.00429925891144,0.0172495886498,0.00431657695455,0.000974166491508,0.00909621594454,0.955648229815
C001275,4,0.0471873996798,0.047111512667,0.0466961788736,0.0450754477589,0.0420418042545,0.370462459029,0.0609517458021,0.340473451935
C001276,3,0.00581618388359,0.00581618388359,0.0057962632813,0.0052385849741,0.00583310274932,0.921958775937,0.00779122322539,0.0417496820653
C001279,3,0.474075866289,0.428981297352,0.00913717096683,0.025072992257,0.00919524433259,0.00916857360334,0.0111089687004,0.0332598864984
C001280,1,0.00971776940993,0.0691394084274,0.00885301116122,0.00899385718832,0.00900699400127,0.0234916737078,0.840033092298,0.0307641938065
C001281,2,0.0220848432613,0.0314602999076,0.0484433595801,0.0239792005557,0.0170598829485,0.0208994369507,0.0381410276398,0.797931949156
C001282,0,0.808605850001,0.0120508442527,0.0120660655844,0.0120578473743,0.0132780439237,0.0132398926105,0.0121283229183,0.116573133335
C001283,3,0.0402233627586,0.330284208813,0.204106329641,0.0397150495299,0.0399404425652,0.0402233627586,0.0605422090461,0.244965034888
C001284,3,0.0161363797103,0.0161363797103,0.0156032904499,0.0160039329774,0.0161833192926,0.0161363797103,0.638884124358,0.264916193791
C001286,4,0.015207218428,0.0148593558727,0.0229350505998,0.00798611533255,0.420562971414,0.0128752427469,0.368444887843,0.137129157763
C001287,3,0.0106255628377,0.384557844102,0.167754946949,0.0295763712066,0.245974778788,0.00454079553458,0.0195632417345,0.137406458848
C001288,1,0.211652110465,0.31124611685,0.184633644317,0.0111054894094,0.00748958498815,0.230240299046,0.0140456484697,0.029587106455
C001289,0,0.0485453037224,0.0454208296858,0.0388838813478,0.0454472251474,0.0454472251474,0.0451324359695,0.0461427975491,0.684980301431
C001290,0,0.0168972946961,0.0189297380632,0.65231643472,0.0189407387247,0.0189407387247,0.014015947889,0.0210112408074,0.238947866375
C001291,2,0.266787408925,0.00759822538839,0.00713024874671,0.647199756306,0.00946338288227,0.00946338288227,0.0106904369621,0.0416671579075
C001292,4,0.00423139652019,0.00423655518898,0.00410203331618,0.00395793264403,0.00843855066702,0.00423139652019,0.927237032784,0.0435651023594
C001293,3,0.817491628119,0.0170226342888,0.00135458222664,0.00134808108983,0.00132324100775,0.00135923765592,0.156517551945,0.0035830436672
C001294,3,0.0134634921821,0.892520659084,0.00706486815546,0.00694208688018,0.00698148499378,0.00703093870432,0.0111779708415,0.0548184991587
C001296,0,0.0168705755489,0.0864658931844,0.00549127464602,0.781322464132,0.0228113332455,0.00566170611338,0.0060285836735,0.0753481694562
C001297,1,0.0117985722908,0.682521968889,0.135528326665,0.0477749662868,0.0205834143516,0.0161451317573,0.019989605395,0.0656580143646
C001299,1,0.00548147623788,0.00548147623788,0.753838556313,0.0378665774227,0.00548147623788,0.00548147623788,0.161735024489,0.0246339368238
C001301,4,0.00252498757284,0.00634333197645,0.0033415642804,0.0112189634872,0.00343106768188,0.00186554988113,0.0484767659079,0.922797769212
C001304,2,0.00760547259203,0.09981017566,0.00973444104491,0.0119200649845,0.126857282175,0.0152048512913,0.0191746684165,0.709693043836
C001306,1,0.000584410428123,0.000584410428123,0.992944584205,0.000583558058233,0.000584410428123,0.000584410428123,0.000740723787901,0.00339349223651
C001307,4,0.00243582363893,0.00243879325128,0.00682276206353,0.725971810229,0.0782126607269,0.0180374656891,0.159039740661,0.00704094374036
C001308,4,0.00330621702253,0.00330089994773,0.00332148117299,0.00315204797519,0.00330621702253,0.00430283243315,0.0037558975607,0.975554406865
C001309,0,0.0130508703449,0.0632797140494,0.0143177963322,0.0143754705079,0.727903652175,0.00919219195486,0.00772181251737,0.150158492118
C001310,4,0.102500974467,0.00503292143505,0.101176778436,0.006903765721,0.763598179068,0.00504972864208,0.00563351443165,0.0101041377992
C001311,4,0.016877681799,0.0223698820351,0.21943888515,0.015531544373,0.0297870987228,0.0462915315931,0.021886382726,0.627816993601
C001312,3,0.852367181112,0.00586510632824,0.00584501816514,0.0903356137345,0.0180068481131,0.00586510632824,0.00612838393105,0.0155867422872
C001316,2,0.0613669282986,0.0285072067991,0.0236295026297,0.0283169377982,0.028517576291,0.028517576291,0.453817766739,0.347326505153
C001317,1,0.00523709537462,0.00464251748321,0.00476162469332,0.00232814587906,0.0229612789474,0.00213647393023,0.00566757936375,0.952265284328
C001318,1,0.0201332821938,0.0221578753039,0.0222136627384,0.0221255577667,0.0221578753039,0.066442223999,0.3344825461,0.490286976594
C001319,1,0.0231537920573,0.0171873370915,0.628717330723,0.0178622314502,0.0179094087463,0.0800192234284,0.0499121666409,0.165238509863
C001320,2,0.741574125015,0.0165054060375,0.0229999455821,0.0482189661212,0.0228698187129,0.0228698187129,0.0285668582791,0.0963950615391
C001321,0,0.867285585974,0.00646879852046,0.00652364674306,0.082438583001,0.00441774865059,0.00642772571624,0.00729211293021,0.0191457984644
C001322,4,0.00709544722439,0.0150595951079,0.00428530877006,0.836302303345,0.0985148873746,0.00383987333303,0.00428136554022,0.0306212193049
C001323,3,0.0110593458618,0.0108858199143,0.00807389703228,0.0115320009375,0.402754279356,0.063959729404,0.14430346602,0.347431461474
C001324,4,0.034532230413,0.0066308179446,0.00271421876741,0.00619473360523,0.0403011060483,0.0117311168562,0.00716570044787,0.890730075917
C001326,3,0.0188023425081,0.0188023425081,0.0187379439274,0.0185647323539,0.0185707961363,0.70489746616,0.0233070418124,0.178317334593
C001327,0,0.903580836271,0.00834336053344,0.0077253785061,0.00414715576165,0.00775649745957,0.004279494508,0.0045231814921,0.059644095468
C001328,4,0.0382848530218,0.0404306141535,0.0448041926916,0.0344811762124,0.123830857295,0.0461677531002,0.0550764355943,0.616924117931
C001331,3,0.048617755062,0.0455119108027,0.0106304592736,0.0114456918808,0.208053964734,0.0321416342345,0.31341934804,0.330179235973
C001332,3,0.30024559948,0.0308135215712,0.030962219479,0.0305606054689,0.0432552362605,0.0308135215712,0.0353888528149,0.497960443355
C001333,4,0.00947767884241,0.654389735282,0.00924031937048,0.00880972091568,0.0104293285945,0.24667604435,0.0115244026057,0.0494527700401
C001335,0,0.962465843346,0.000716769012932,0.000714137787408,0.000717185549771,0.000717185549771,0.000712217980272,0.0312743060949,0.00268235467857
C001336,1,0.00132021659397,0.00132021659397,0.000766061282241,0.000844378618916,0.00295752959577,0.000159371879917,0.000238453413869,0.992393772021
C001337,1,0.00263197690449,0.114669337677,0.00130342316223,0.00125596462974,0.202844464267,0.673067709013,0.00153901686949,0.00268810747669
C001338,1,0.0437812491712,0.0155243301744,0.356297708391,0.0223256284416,0.434473728614,0.0121372101127,0.0260923430315,0.0893678020635
C001339,4,0.00239897693026,0.0056988146386,0.004709368564,0.00581129821361,0.00621955017452,0.0629462917726,0.884703771197,0.0275119285096
C001340,2,0.00318585994293,0.00694221327949,0.00697038347544,0.00456310246134,0.00693911804565,0.0346478861855,0.390373713369,0.546377723241
C001344,2,0.0173539998183,0.0954551664067,0.115304650882,0.155810194603,0.0106665325532,0.00591789453663,0.014274264161,0.585217297039
C001345,3,0.00477893939752,0.00394753689456,0.00102121052266,0.00391513567608,0.00655884122876,0.00307947465312,0.00463624372732,0.9720626179
C001347,3,0.124685933996,0.0206161926098,0.0205690377868,0.0204469757592,0.0521522190828,0.0206161926098,0.0392429492941,0.701670498862
C001348,0,0.00244464812676,0.000866450980473,0.00309566000116,0.00109209553705,0.00310812977199,0.00177779278717,0.00329488578369,0.984320337012
C001350,0,0.0170649484264,0.0130585099679,0.232663767743,0.605935442472,0.0148144974265,0.0173262573786,0.0122573264697,0.0868792501166
C001351,4,0.0361308417758,0.0361748903647,0.31362022294,0.0908480324412,0.0361308417758,0.170047060818,0.0411506875817,0.275897422303
C001354,3,0.660933773842,0.119236743199,0.016116446631,0.016039097894,0.0160635903329,0.0161718356478,0.0195334391178,0.135905073336
C001355,0,0.0233904474916,0.025873163648,0.23282970887,0.026385788804,0.026385788804,0.0258060648299,0.466786977274,0.172542060279
C001356,3,0.313880683545,0.00414604979432,0.00413184945082,0.623139719554,0.00411688760774,0.00414604979432,0.0186137620602,0.0278249981935
C001357,4,0.00730002727005,0.0037417553666,0.0075316073837,0.00457390228509,0.00274733150074,0.0118111235592,0.00532745737726,0.956966795257
C001358,0,0.0160735001762,0.105145498214,0.0268364042164,0.0459230457531,0.239173187319,0.0176860512598,0.241713002749,0.307449310312
C001359,2,0.00689925307492,0.0274434988238,0.00693033888601,0.00685071263359,0.00313088394314,0.00689925307492,0.903466256731,0.0383798028329
C001360,3,0.0176453677846,0.0695356195922,0.0254292557228,0.576088639538,0.0181679673191,0.0255166510092,0.0309135188027,0.236702980231
C001361,3,0.044666184254,0.044666184254,0.045661032183,0.0442995660732,0.0445578694535,0.044666184254,0.0479078305005,0.683575149028
C001363,1,0.00593615585455,0.0120936377702,0.018260667941,0.108637837184,0.0312846110409,0.150222391246,0.0150353068663,0.658529392097
C001364,2,0.0059669397345,0.00580720877189,0.00596331773271,0.765879079005,0.178364500521,0.0059669397345,0.00774636930194,0.0243056451986
C001365,2,0.00098170083739,0.000982138730741,0.000586258486952,0.000974793974955,0.000248006245845,0.000314322145267,0.000572842029164,0.99533993755
C001366,0,0.0140576270981,0.0213338940241,0.0167309146463,0.0213462918158,0.0213462918158,0.124814496765,0.0232024947707,0.757167989064
C001367,4,0.84985874059,0.00788345914871,0.00764130606722,0.00737946529765,0.063243762716,0.00787385980376,0.00849194893115,0.047627457445
C001368,1,0.138754642046,0.571297523728,0.0151222739647,0.0405234613183,0.0283565382806,0.019127362697,0.0291035486433,0.157714649322
C001369,1,0.0368618182716,0.00958330299788,0.0139692705815,0.218472821432,0.00760152302967,0.0417357386343,0.0281833579685,0.643592167084
C001370,1,0.0131652451718,0.0321538414175,0.073648523632,0.0328444507882,0.00788483398436,0.790382922772,0.00544318423392,0.0444769980003
C001371,3,0.0115461791442,0.0564528289657,0.00992137469753,0.0180036319239,0.0296371319592,0.395714375662,0.0199487342156,0.458775743432
C001373,2,0.000460558524818,0.00142108800617,0.00142685451405,0.0205808644078,0.0359883644824,0.00142045440424,0.932917400802,0.00578441485873
C001374,2,0.0743080932279,0.031593671887,0.0317976009481,0.0313574040389,0.0315795856296,0.0315795856296,0.0389041286969,0.728879929942
C001377,2,0.0021556279114,0.00215658944173,0.002156919504,0.00214046175805,0.00169882389679,0.00893014956053,0.00344836072294,0.977313067205
C001378,3,0.802101758449,0.0169701826336,0.133735628677,0.00460637389802,0.00461182760589,0.00464449572559,0.00522583680029,0.0281038962101
C001379,4,0.460005959781,0.055660206782,0.00829476487762,0.00796651209532,0.427270906452,0.0100458176869,0.00903866510428,0.0217171672209
C001380,1,0.0162518210364,0.0173642159873,0.0244357101871,0.017338890062,0.0173642159873,0.0225755948051,0.105774548615,0.778895003319
C001382,4,0.00267906324617,0.0026823294019,0.00465534007176,0.00250592253097,0.00267906324617,0.0022674687232,0.0155867295224,0.966944083257
C001385,1,0.0241951131076,0.0289441336628,0.0252691053628,0.0304795491739,0.0289441336628,0.0542861120794,0.0353533239227,0.772528529028
C001386,2,0.0123118605718,0.391388534806,0.469932067274,0.0296194821737,0.0078759284573,0.0123118605718,0.0146963546099,0.0618639115359
C001389,3,0.00571989342329,0.301812801319,0.011173898903,0.0051668646486,0.0112449171558,0.0272204334888,0.324368596951,0.31329259411
C001391,0,0.00747660657318,0.12409946858,0.00816631891951,0.00837011825031,0.76125190389,0.00823719806021,0.0102315892769,0.07216679645
C001397,2,0.379552955855,0.00589600872845,0.554699809507,0.00585191643999,0.0161896196789,0.00589337995215,0.00660304347122,0.0253132663669
C001399,0,0.00689444130354,0.00752690766954,0.00750106639896,0.867797162538,0.00753128179048,0.00595621118601,0.0257819085236,0.0710110205901
C001400,4,0.00419817599553,0.00359251368793,0.00406982841686,0.00382039280749,0.296562504004,0.00419817599553,0.669690409496,0.0138679995968
C001402,0,0.0221300792152,0.0247175108671,0.0246267740407,0.0247318749839,0.0619350849276,0.0245605702109,0.664347121364,0.15295098439
C001403,1,0.0156355527666,0.0657676049055,0.0101209556982,0.520780375148,0.0712158970478,0.0210981808104,0.0197764698104,0.275604963813
C001404,3,0.411418872976,0.0271291981043,0.00932804814376,0.00928327942026,0.148374022162,0.113406981231,0.0113548370145,0.269704760948
C001406,1,0.892244103088,0.00888998497263,0.0088191603625,0.0088770188188,0.00888998497263,0.01563303131,0.0117045683981,0.0449421480769
C001407,2,0.00899407010044,0.00901911155013,0.0105163014095,0.00771836973886,0.0190795085658,0.886234479963,0.0139003896687,0.044537769004
C001408,1,0.00410773334674,0.00157626108412,0.00243336055222,0.00439721953728,0.00114353150382,0.00113938957369,0.00308426830071,0.982118236101
C001409,0,0.0070992160299,0.0252465069796,0.0251598310369,0.0252611785126,0.0144357318249,0.0508908504061,0.0303607969371,0.821545888273
C001410,3,0.0125806526642,0.00804526017527,0.0441324939232,0.0124773911909,0.0124921637751,0.0437205875298,0.835027342032,0.031524108709
C001413,3,0.0127172388335,0.00211781411376,0.0610743440863,0.00686791417977,0.0186905672976,0.00330737711385,0.00719535246707,0.888029391908
C001414,2,0.00148341788977,0.0467774226914,0.104254813864,0.00147298114274,0.837876778721,0.000913277183688,0.00244077797924,0.00478053052744
C001415,2,0.00389504388245,0.00164831622997,0.00146175530352,0.00100420935591,0.00112941818077,0.0012624888894,0.00170474070215,0.987894027456
C001416,3,0.953838793566,0.00290527094376,0.00289532030461,0.00286855626969,0.00286949322373,0.00290527094376,0.00357433496517,0.0281429597829
C001417,3,0.00330805318304,0.672570242636,0.00329672300279,0.00328090082023,0.00331767607474,0.00330805318304,0.295833391434,0.0150849596658
C001419,2,0.313570273127,0.00849829950934,0.603294160304,0.00838209195909,0.00849451048367,0.00849451048367,0.0105769170923,0.0386892370406
C001420,3,0.014609735353,0.014609735353,0.0146802380729,0.0144898192535,0.719687607449,0.0465665368213,0.0268882714325,0.148468056265
C001421,0,0.166383020148,0.0137878743796,0.00950902707304,0.00954733082355,0.740080331383,0.00948120145239,0.0105318978354,0.0406793169053
C001422,0,0.00191066063735,0.00207409931959,0.0437910965602,0.00207530464343,0.940843513079,0.00206093009273,0.00256679634523,0.00467759932247
C001423,2,0.030153732992,0.493553691455,0.0234270290564,0.0231027119545,0.0288111383967,0.13094379355,0.031963674979,0.238044227616
C001424,3,0.0304437886993,0.0146846302813,0.0474569474906,0.0413308713327,0.0101204694326,0.737435664584,0.0161584631383,0.102369165042
C001425,3,0.0312985110256,0.842832407691,0.00681526498497,0.0804917278354,0.0016999129326,0.00500206571308,0.0200464155649,0.011813694252
C001427,0,0.761075369345,0.0202850290733,0.0202153868047,0.0202968173367,0.0202968173367,0.0296016002447,0.0221058648793,0.106123114979
C001428,3,0.00271458474484,0.0620732224833,0.891036554691,0.00262730612314,0.00265675530696,0.00264904941042,0.0221853891608,0.0140571380792
C001432,4,0.000265037742012,0.00717986077144,0.000606435287321,0.00291857935268,0.000641372676244,0.0010219788614,0.953310808808,0.0340559265013
C001433,1,0.000827674697665,0.959251579466,0.0142858066712,0.000826467523807,0.000827674697665,0.000827674697665,0.0218254746531,0.00132764759307
C001436,3,0.0143998624951,0.0143998624951,0.465852706161,0.0116203262596,0.0144417506721,0.0143998624951,0.41753932607,0.047346303352
C001437,0,0.29184594343,0.0426047508041,0.041996355085,0.0429153683372,0.035970565116,0.0426181160083,0.0465304738419,0.455518427377
C001438,4,0.00308032429647,0.00897225152092,0.0160733342516,0.0032798811204,0.00168366165112,0.00484606899257,0.00532537195032,0.956739106217
C001439,2,0.527882669597,0.0084117380027,0.00868205125499,0.384617211335,0.00864310819469,0.00864310819469,0.00968233790129,0.0434377755196
C001440,1,0.487648597918,0.031995237764,0.0313787588475,0.0319485723111,0.031995237764,0.031995237764,0.0439239704294,0.309114387202
C001441,3,0.00530855069987,0.18242803978,0.543461425657,0.00524146514658,0.00524317716178,0.240429808116,0.00558978937304,0.0122977440665
C001442,3,0.00161140693642,0.00161140693642,0.978247287989,0.00159818057538,0.00104752348936,0.00161140693642,0.0022799936494,0.0119927934876
C001444,4,0.0184260770056,0.0184485409906,0.0177547278101,0.0176013867495,0.0184260770056,0.0363319162256,0.0166726020407,0.856338672172
C001445,2,0.0205857161775,0.0200346504038,0.0207028467428,0.435466420783,0.0205857161775,0.0205857161775,0.0225201181734,0.439518815365
C001446,0,0.0290307850764,0.014329058457,0.014776651949,0.0121335805601,0.221442038074,0.0141097031921,0.0152602419988,0.678917940693
C001448,4,0.00513275154168,0.00512449702491,0.0050738903956,0.902794433851,0.00513275154168,0.00767449286291,0.00551014019134,0.0635570425906
C001449,3,0.00620681411677,0.563865103072,0.0890843347385,0.0061558688449,0.02473708848,0.00620681411677,0.270986055761,0.0327579208703
C001450,1,0.872024340071,0.00785578766308,0.00670215306732,0.00669544069277,0.00670522034016,0.00670522034016,0.00883934829039,0.0844724895353
C001451,1,0.00758770783912,0.847724094329,0.0111494822114,0.0111419066956,0.0111581810418,0.0064308094286,0.0183448482032,0.0864629702508
C001452,2,0.00610515667712,0.00610787991766,0.00444130095364,0.0561824899076,0.00610515667712,0.448887144969,0.451616461294,0.0205544096042
C001453,3,0.023141830938,0.0182417460042,0.0232535072952,0.405454624777,0.0230857123586,0.023141830938,0.0301001891073,0.453580558581
C001456,2,0.00648356706027,0.0127732100903,0.13616280162,0.00344235932571,0.00706448011671,0.474009537258,0.343516145314,0.0165478992153
C001457,4,0.539057072957,0.00869908946235,0.314769688991,0.00993163568245,0.0575110289359,0.00868849695988,0.00928224706214,0.0520607399498
C001458,1,0.290463511615,0.0395039401978,0.0676768647014,0.0394463232088,0.0395039401978,0.0395039401978,0.382751527938,0.101149951944
C001459,4,0.0584816150588,0.00348914464198,0.00339398848492,0.8119959241,0.108252665901,0.00348489606247,0.00389340298085,0.00700836276939
C001460,0,0.0403471499347,0.0216837035503,0.0204349601391,0.0205172751446,0.0210022712812,0.166327109975,0.0226877037909,0.686999826184
C001461,3,0.00821699505342,0.00821699505342,0.835265943813,0.00814955030011,0.00699868781941,0.00821699505342,0.0105239968894,0.114410836018
C001462,1,0.00378160228384,0.00378160228384,0.00377865417639,0.00377608676981,0.555821242696,0.0370542750884,0.37739280906,0.0146137276416
C001463,0,0.0265234934181,0.134385437389,0.0289249183696,0.0295578871889,0.0295578871889,0.0397660304305,0.0358061691904,0.675478176825
C001465,1,0.00561971323109,0.0098706855229,0.0929340589057,0.0386552684718,0.0261711561644,0.0071907602365,0.503282038213,0.316276319255
C001466,4,0.00207383302649,0.0103267252596,0.0111732557257,0.0103947537299,0.0430211897179,0.0102145824345,0.863912475209,0.0488831848965
C001467,4,0.960253260479,0.00270323305716,0.00250053720119,0.00262698573771,0.00270758741282,0.00270758741282,0.00310961223318,0.0233911964663
C001468,3,0.00440717739036,0.885983584291,0.00701204574889,0.00708206057609,0.00381391079039,0.0071406709056,0.0101233560214,0.0744371942761
C001469,1,0.0241817954136,0.679483894938,0.0142208662312,0.0167669189612,0.0241817954136,0.00888333629599,0.0296419436552,0.202639449091
C001470,4,0.161245342763,0.0232412677045,0.465897655693,0.0217127756002,0.0172008587836,0.0232129678247,0.176487232492,0.111001899139
C001471,2,0.0519519437857,0.0480186282154,0.123983644012,0.00887726539784,0.0137071427234,0.0116590814683,0.0127695399144,0.729032754483
C001472,1,0.00123554042675,0.00131134398301,0.00131032166953,0.00946068282445,0.00086631692863,0.00482666924429,0.00173070129368,0.97925842363
C001474,2,0.684410826671,0.0122763891765,0.0144703560499,0.0143040986356,0.0144054497356,0.199259427671,0.0172737927907,0.0435996592695
C001475,1,0.024595478573,0.024595478573,0.0241918769042,0.0685020188662,0.024595478573,0.024595478573,0.0319483249207,0.776975865017
C001477,2,0.0114464307243,0.172116999234,0.0153941077807,0.690553183782,0.0105637293986,0.0154216170809,0.0197177812059,0.0647861507934
C001482,0,0.0105116537307,0.0191530629205,0.737300847573,0.0151688830519,0.0256574995731,0.0316016433142,0.0217587926165,0.13884761722
C001484,2,0.00989582365501,0.290605185556,0.424464358891,0.00976485979348,0.00989582365501,0.00989582365501,0.221288439964,0.0241896848307
C001485,4,0.0120553212422,0.002440978831,0.000762845080319,0.00228044469331,0.00243800655737,0.0213249351231,0.00614736889521,0.952550099578
C001486,3,0.0286582771985,0.00231698534658,0.00230904960305,0.944848208217,0.00203405287256,0.00231698534658,0.00357262110481,0.0139438203107
C001487,0,0.00481205967499,0.366757604317,0.0643309994811,0.00538241238774,0.00538241238774,0.00547892648716,0.474551244465,0.0733043407987
C001489,1,0.00680480575344,0.00776880566436,0.00731865077914,0.0100669873263,0.00259143628283,0.0177266296603,0.0094558512821,0.938266833252
C001492,0,0.0142852945093,0.0214116340729,0.0159346285836,0.190567239707,0.0159988155958,0.265411734913,0.0199653525148,0.456425300104
C001493,0,0.113916082369,0.0118110819838,0.0355017983893,0.00849459131477,0.0398648954451,0.009494366685,0.0132287522058,0.767688431607
C001496,0,0.00522948879056,0.0186224289815,0.145535224924,0.0565372314529,0.0202045734291,0.0462492815775,0.0206455877142,0.68697618313
C001497,3,0.918018507141,0.00528575623756,0.0172042823977,0.00524237097041,0.00386795823189,0.00515416964935,0.00623770958021,0.0389892457917
C001498,1,0.493360838203,0.00550524933619,0.00545933884769,0.00549721986146,0.0553781316893,0.41593312831,0.00706369130991,0.0118024024425
C001499,3,0.00808701274114,0.867248414207,0.00805931448266,0.00802063487723,0.00811053728667,0.0118450076796,0.0609106354585,0.0277184432672
C001500,3,0.0161157076289,0.0161157076289,0.546982986776,0.0159120491872,0.0161625870774,0.266514118095,0.0204714734706,0.101725370136
C001501,4,0.651817378177,0.0178424164506,0.0300363096883,0.0166836571754,0.017820690517,0.017820690517,0.0183493335656,0.22962952391
C001503,3,0.00115524885877,0.00158581875212,0.00158038727586,0.00170881197102,0.00147620714081,0.000497130974013,0.00118142279219,0.990814972235
C001504,4,0.945472576937,0.00180431471556,0.00177324568133,0.0398365224201,0.0018021176801,0.0018021176801,0.00204058474598,0.00546852013958
C001506,4,0.0034776548485,0.00347129227263,0.00452156349734,0.45285723188,0.00253016088783,0.00464267303739,0.481450329258,0.0470490943191
C001509,0,0.00301567643956,0.00328937688017,0.0510043870084,0.818468626408,0.00348108547477,0.00345697381491,0.105610188782,0.0116736851917
C001510,2,0.0382402739616,0.28669933396,0.0123494159551,0.0779413567184,0.00674968717938,0.012294023049,0.101748129931,0.463977779246
C001513,4,0.018352191979,0.730652436885,0.0180774914948,0.0178058689282,0.018352191979,0.018352191979,0.021698241486,0.156709385269
C001514,3,0.0124693301491,0.015138973365,0.370181389159,0.513456709686,0.0151830115631,0.015138973365,0.0158109140994,0.0426206986136
C001515,4,0.00502206115645,0.00841970370113,0.00819884466525,0.00721470612753,0.0189902269461,0.00456746895858,0.00822902914098,0.939357959304
C001516,2,0.000783291956354,0.000783641348274,0.000694079485596,0.000465740852024,0.000783291956354,0.000201271484328,0.000438080935146,0.995850601982
C001517,3,0.00954174415116,0.0187141642178,0.131390125232,0.00946342591241,0.0111058747548,0.769977729959,0.00820335513573,0.0416035806368
C001518,1,0.00572510911897,0.501198329612,0.190356915802,0.0108962250429,0.0318890281726,0.0222132400746,0.0258750401167,0.21184611206
C001520,0,0.0054603747929,0.403342912806,0.00592192691151,0.00594578129843,0.00422359057328,0.543792603323,0.00700767179734,0.0243051384972
C001524,1,0.0144173508764,0.535326472942,0.0144007001673,0.187697181392,0.159108006518,0.0144173508764,0.0185264677906,0.0561064694378
C001525,2,0.0413220893432,0.0532243778103,0.0415082733619,0.0869318490059,0.240524719038,0.0708087821124,0.0507270316049,0.414952877724
C001526,1,0.00137135130095,0.981189292443,0.00134841326543,0.00136935116798,0.00137135130095,0.00137135130095,0.0026907401453,0.00928814907539
C001527,4,0.1315922487,0.275256908716,0.00834620042054,0.00501340477264,0.00399186904203,0.523897768437,0.00900281061851,0.0428987892928
C001530,1,0.0118058158191,0.0118058158191,0.0116083447391,0.721770323817,0.0118058158191,0.0118058158191,0.0169096482423,0.202488419925
C001533,0,0.00422264641726,0.165748918181,0.00600667848978,0.202338337585,0.00603087426844,0.544361892748,0.0147638854787,0.0565267668313
C001534,3,0.00416308256735,0.238942584923,0.00745577081142,0.651027710322,0.00768167576268,0.0151835303011,0.0428791828174,0.0326664624955
C001536,2,0.00203906587836,0.00198448145652,0.00205066794929,0.0020247198098,0.00203906587836,0.967773732819,0.00224848123912,0.0198397849691
C001538,2,0.00523226517085,0.00609535333667,0.00612008713423,0.00604977028379,0.00398677536478,0.00461511774195,0.919926226815,0.0479744041524
C001539,2,0.0114436591694,0.244608026268,0.0133246747585,0.0130581831014,0.532249920537,0.0672951204045,0.0157529814484,0.102267434312
C001540,4,0.0266163794359,0.183413414026,0.0259220601407,0.550094880705,0.0234880642767,0.0266163794359,0.0307959913651,0.133052830614
C001541,0,0.141426293741,0.00902535713691,0.0249663159938,0.0184444887532,0.188769133701,0.2923146095,0.21113743577,0.113916365403
C001543,3,0.0268863138626,0.020989267886,0.0933880543352,0.0250734853351,0.0106032606016,0.45095505717,0.0306549014131,0.341449659397
C001545,3,0.226576904821,0.0365564292017,0.179395842938,0.333601292955,0.0181176149299,0.0292645851622,0.0403136286262,0.136173701365
C001548,4,0.00343955130827,0.00132604703231,0.951747820667,0.0017467342598,0.0312107588873,0.00187548732605,0.00238470067162,0.0062688998479
C001549,4,0.00247309437943,0.00161796994211,0.00239748638305,0.96914230329,0.00247309437943,0.00247309437943,0.00264137559105,0.0167815816554
C001550,4,0.0324353390513,0.0781084196165,0.762913127617,0.0115452524573,0.0211966050076,0.00945441668888,0.0129057960226,0.0714410435392
C001552,2,0.0365662675923,0.0101876002413,0.0268382484572,0.0232639941327,0.00820606767801,0.00724207459917,0.793333606173,0.0943621411268
C001553,1,0.00394316781714,0.025847896895,0.159218826058,0.0248447954249,0.371854019448,0.0248810847971,0.0367787099225,0.352631499638
C001554,3,0.246767529859,0.18808989008,0.284808923801,0.0218595519739,0.02188543255,0.0372787333063,0.0266988976862,0.172611040744
C001555,2,0.00878803942974,0.00879195938569,0.0260638365418,0.00867173626801,0.00878803942974,0.0362478584976,0.0110593001515,0.891589230296
C001558,3,0.0141120421064,0.0112472537928,0.0609014725891,0.0164139886666,0.0312456564955,0.018202955593,0.00407792722877,0.843798703528
C001560,0,0.0109227780203,0.00709530992732,0.861011539674,0.00709943323332,0.00709943323332,0.0070502591695,0.0667931120272,0.0329281347148
C001561,2,0.0423862139368,0.0412515635037,0.0426273870472,0.0420880011435,0.0423862139368,0.0423862139368,0.0475531921553,0.69932121434
C001564,3,0.00262085941488,0.00346635016936,0.957689166934,0.00386977274367,0.00391314859844,0.00390179854368,0.00631772855403,0.0182211750421
C001567,3,0.00399785395876,0.799341059761,0.0323238241052,0.0039650397399,0.133416139765,0.00399785395876,0.004696264543,0.0182619641681
C001568,4,0.00562576765564,0.00582390859011,0.00446725217603,0.00556128315606,0.0113344357078,0.0964717780655,0.724266297393,0.146449277256
C001569,4,0.00124835037458,0.12795945751,0.00123403459615,0.00116593661755,0.848579632526,0.00124835037458,0.00143626281022,0.0171279751913
C001570,2,0.0750313063651,0.226712861485,0.00510578682397,0.00507892436609,0.00511491087484,0.643641229822,0.0295503640997,0.00976461616316
C001571,3,0.00132895839093,0.104880578344,0.00132440666903,0.0175292848399,0.00133282423647,0.84576809093,0.0230896359205,0.00474622066898
C001572,3,0.664499811428,0.0232168654398,0.0231373469871,0.0912620411205,0.022930955269,0.0232168654398,0.0244757157037,0.127260398612
C001573,4,0.0207084105072,0.00808927657514,0.00328131936518,0.00479357302676,0.264562233163,0.135692380129,0.00863805129277,0.554234755941
C001574,1,0.0371732027963,0.0371732027963,0.0364550114091,0.0371189852169,0.0811670676976,0.282906216761,0.0466300622061,0.441376251116
C001575,4,0.00580805549966,0.0059958874778,0.00583236728327,0.837891334452,0.00285940596776,0.00598858654668,0.00720070045349,0.128423662319
C001576,1,0.0287435811386,0.0287435811386,0.0282521832031,0.0189870650711,0.0472313862294,0.0357137312259,0.0347058278686,0.777622644125
C001577,1,0.0102766080531,0.332401615344,0.00904609428429,0.00729239901013,0.0498930307515,0.307656296497,0.216545502349,0.0668884537106
C001578,3,0.00705574845146,0.0132118520709,0.00703961004142,0.00696658310003,0.00707627312244,0.885630775879,0.00753301836296,0.0654861389718
C001579,4,0.0154163951598,0.921877318878,0.00285405117913,0.00450655301947,0.00453265134685,0.00593931678899,0.00561190403385,0.0392618095941
C001580,3,0.00912946518996,0.0050704439587,0.280678436167,0.00502882596578,0.547005237532,0.0350547411427,0.0937900140847,0.0242428359599
C001581,3,0.0018531964135,0.00120300586292,0.00437346061342,0.0103335942525,0.00440125713586,0.00438849132635,0.00469244350221,0.968754550893
C001582,4,0.067945520252,0.649820434539,0.00599471933875,0.00666150388386,0.0736732336127,0.127968870926,0.0072764716412,0.0606592458066
C001583,3,0.00519551160856,0.00519551160856,0.00522058377385,0.00515286706558,0.928882278189,0.00585367962574,0.00565893017095,0.0388406379576
C001584,3,0.0193088021291,0.0193088021291,0.0195882560011,0.0190647917114,0.0191729892667,0.0193088021291,0.0584905210107,0.825757035623
C001585,3,0.00776858907628,0.226446143861,0.0077419814283,0.00770482482055,0.023379687248,0.453773394754,0.236738456609,0.0364469222034
C001586,1,0.0533923434043,0.0131337940921,0.0131235550895,0.560395456912,0.00891427452245,0.200829285441,0.0159007557155,0.134310534823
C001587,0,0.00597517473456,0.00668801033671,0.00590876233345,0.0171090687695,0.0197916045046,0.00290283848159,0.0132936601688,0.928330880671
C001589,0,0.0231198200631,0.025820661114,0.156077893811,0.47814796291,0.0284766886055,0.0256567161473,0.0185064805988,0.24419377675
C001590,1,0.00520359444679,0.00520359444679,0.0226064800121,0.907131439524,0.00389085005027,0.00520359444679,0.00696205858203,0.0437983884911
C001591,2,0.00355724176137,0.00233622334013,0.904363297421,0.00273250881055,0.0182209447433,0.00136812133489,0.00436621214811,0.0630554504403
C001592,2,0.0458114513049,0.0450737296526,0.0460178629419,0.0454891398837,0.0572792681427,0.0458114513049,0.0746118447706,0.639905251999
C001593,2,0.0179608950487,0.0179689066101,0.76958804728,0.0177231959693,0.0179608950487,0.0179608950487,0.0456425605777,0.0951946044163
C001594,3,0.0186085179974,0.0145674018344,0.716818085807,0.0143833097408,0.0146097773714,0.0145674018344,0.0185651604264,0.187880344988
C001599,3,0.00313789409206,0.00313789409206,0.00313071687736,0.00291045594319,0.955943846918,0.00313789409206,0.00377340174855,0.0248278962367
C001600,0,0.0357760969483,0.0198240071672,0.0197512341642,0.544702602122,0.0198355275165,0.0196981371835,0.18060850657,0.159803888328
C001601,3,0.26147305389,0.34709473849,0.0096439973458,0.00955484925348,0.00970529196173,0.0096771418436,0.315420636885,0.0374302903298
C001602,0,0.0382421276855,0.0423999706206,0.0421391688169,0.0424246105667,0.0424246105667,0.0421307574606,0.0456194941641,0.704619260119
C001603,4,0.488913785333,0.0547106082557,0.0209290415953,0.0201008064088,0.0174817947028,0.113654769047,0.0553769845937,0.228832210063
C001604,3,0.0137564047107,0.0701021005597,0.0233367005983,0.0232246992149,0.0232521960547,0.0301943877755,0.491974840311,0.324158670775
C001605,0,0.00745465451804,0.00805693821318,0.748153598584,0.0766068550098,0.00552613708758,0.00772882990557,0.0931759988684,0.0532969878138
C001606,0,0.010209232868,0.00829595187252,0.00547010138113,0.00645771315855,0.00738821636616,0.00384460820541,0.924937671708,0.0333965044404
C001607,0,0.00475077931747,0.929950574454,0.005316101402,0.00533878919988,0.00533878919988,0.00530181019715,0.00652673179638,0.0374764244327
C001608,0,0.00141159038424,0.970588182315,0.00161283668494,0.00161971987055,0.00161971987055,0.00160850091748,0.00197488029773,0.0195645696594
C001611,2,0.00204490352859,0.00380630060043,0.00429555563883,0.679502212589,0.00188209306682,0.00391011788053,0.00463531429022,0.299923502405
C001612,1,0.0151357348837,0.0259033420345,0.0567296973998,0.48051805349,0.0285489201212,0.0148327039975,0.240882984,0.137448564073
C001613,4,0.00418757707965,0.0078558608368,0.130999356988,0.0073536313609,0.00784629509712,0.12441349032,0.702049075881,0.0152947124366
C001614,1,0.000875598916214,0.000875598916214,0.982897394043,0.000874321844287,0.000875598916214,0.000875598916214,0.00113355688248,0.0115923315655
C001615,4,0.000812740986956,0.00160725027129,0.852327559115,0.00235726033483,0.097469822044,0.00436435880283,0.00271066025261,0.0383503481921
C001616,4,0.0190446885228,0.297687938091,0.0188262886678,0.28200839721,0.0190446885228,0.207433049988,0.0214639649729,0.134490984025
C001617,4,0.00362466855204,0.00529559773013,0.00515117587863,0.712341115886,0.00528914951135,0.0708400101442,0.167526674866,0.0299316074316
C001618,4,0.00760278137245,0.150964659879,0.00740445395469,0.0651182724252,0.00564989463956,0.011096995777,0.00838737988564,0.743775562066
C001619,3,0.00794350517531,0.0140511503925,0.0666485314931,0.0732486929621,0.0148720061809,0.683781849564,0.0165879752749,0.122866288957
C001621,4,0.0053177031405,0.00972651196532,0.00755199814782,0.0072903117181,0.38239440902,0.00780246648028,0.547622480795,0.0322941187337
C001622,4,0.0648246069734,0.0115819639181,0.0137934940326,0.0129701086523,0.0216507970327,0.00776188407167,0.0210579327099,0.846359212609
C001623,0,0.223232917222,0.185254882498,0.299883711855,0.0092651565271,0.0795033736504,0.0132033324881,0.0359635252906,0.153693100469
C001624,2,0.845160495382,0.0136978201107,0.0136672893704,0.0135105132128,0.0136917128428,0.0136917128428,0.0115157935866,0.0750646626523
C001625,4,0.0180034890049,0.0176938434616,0.0183373342756,0.0168730617079,0.0180034890049,0.672865989217,0.0208249983913,0.217397794937
C001626,1,0.0334761519841,0.0334761519841,0.0329162100038,0.373203109033,0.0334761519841,0.0334761519841,0.0525652739786,0.407410799049
C001627,1,0.00896971872547,0.015769898316,0.0157516855395,0.20058054166,0.0307985969191,0.0851647703409,0.0203445349354,0.622620253563
C001628,4,0.00358641916014,0.237264964135,0.0107251224287,0.0435298330946,0.00967729253234,0.00667994490721,0.608534606297,0.0800018174444
C001631,3,0.0225457123826,0.0225457123826,0.140597205179,0.0222607962773,0.0222680673018,0.0225457123826,0.0257108313175,0.721525962776
C001634,4,0.0502492651236,0.00111697051805,0.00108650843266,0.929159512948,0.012158108824,0.00111561043169,0.00116188662133,0.0039521371009
C001635,0,0.547884900302,0.0252221167368,0.0231146403788,0.0232077495278,0.0178590145977,0.0135370630004,0.173134025628,0.176040489829
C001636,4,0.224522240179,0.00598017627221,0.512959858737,0.00555194306872,0.0205467556,0.212594897825,0.00636242085687,0.0114817074608
C001637,3,0.0279471713576,0.0348342345703,0.226957588056,0.0652038667971,0.0225063730854,0.0379202547452,0.0297616001433,0.554868911245
C001639,3,0.0142848375923,0.0106823410191,0.0107338911723,0.0105946608087,0.571241858277,0.0106823410191,0.012602775561,0.35917729455
C001640,4,0.0186616753108,0.0260360550905,0.0256601943839,0.0313749762732,0.565660497619,0.0392607289074,0.0281760730857,0.26516979933
C001641,1,0.0239967477178,0.0158453678688,0.0157191312097,0.0158222572023,0.011428280677,0.0158453678688,0.0189453739808,0.882397473475
C001642,4,0.014146463988,0.0217267606396,0.021487194357,0.0210126917755,0.0162779943355,0.0221069829818,0.0229800563057,0.860261855617
C001644,2,0.00474236763617,0.00291635491534,0.00476373521653,0.00179596804214,0.0140884755593,0.00245576076869,0.0057582735805,0.963479064281
C001645,0,0.0113193445673,0.559012301913,0.0123450122222,0.0124870440682,0.0124870440682,0.28756873248,0.0147625803606,0.0900179403197
C001646,4,0.572872570245,0.0207571604986,0.0202126750134,0.0194301438858,0.020731885408,0.0215967789736,0.112734501315,0.211664284661
C001648,4,0.00851348166895,0.00852386080311,0.00811765622778,0.00797892572435,0.00851348166895,0.795389548,0.00788657525392,0.155076470653
C001650,1,0.00470435563684,0.00814401741797,0.935993004644,0.00461609914324,0.00470435563684,0.00470435563684,0.00616220330476,0.0309716085796
C001651,0,0.173408882127,0.0462405414888,0.0460817891304,0.0462674133105,0.0560692591826,0.0459469431179,0.0364974624394,0.549487709203
C001652,1,0.0726827741202,0.67115467272,0.00818440103915,0.100783109397,0.0898983150915,0.0204402640359,0.0101280031591,0.0267284604374
C001654,2,0.0101298327242,0.013707922144,0.0126176867436,0.395123017406,0.477283481443,0.012610131102,0.0160973466543,0.0624305817825
C001655,4,0.00602520030674,0.00603254587519,0.0058680259307,0.102618551568,0.328950244895,0.00602520030674,0.448293970601,0.0961862605165
C001656,0,0.00159550489014,0.191493864162,0.76325251429,0.00175300256369,0.00175300256369,0.0320657328284,0.00191917894564,0.00616719975651
C001659,2,0.0024277047212,0.0655305181297,0.0136501028209,0.0129548389482,0.847589247649,0.00549545443952,0.00564623990667,0.0467058933846
C001660,3,0.0194705299608,0.0194705299608,0.0195644895903,0.639779377339,0.0193335795488,0.0194705299608,0.0240205161691,0.238890447471
C001662,0,0.00929162805074,0.00328479007649,0.00327273176574,0.0032866989705,0.935573399006,0.0253236682958,0.00381396941534,0.0161531144192
C001664,4,0.00902141922184,0.00900691093021,0.0088863842227,0.00860075004084,0.841785222951,0.0554486016135,0.00982692936925,0.0574237816508
C001665,3,0.00675469443636,0.00675469443636,0.00678729080572,0.0066693335838,0.00670718375288,0.84441972992,0.00711913166187,0.114787941403
C001666,1,0.00251867805483,0.00251867805483,0.00252407097495,0.00574478807151,0.00110622477244,0.000574443592751,0.00315537252079,0.981857743958
C001668,2,0.0043685083321,0.00437045693057,0.0043881914229,0.855499910795,0.106010234778,0.00369105942261,0.00547968164749,0.0161919566716
C001670,1,0.00928077592023,0.745812467743,0.0121846205998,0.102853498133,0.02249134502,0.0323578659759,0.0162769456899,0.0587424809178
C001671,3,0.00807963295543,0.245667841096,0.277364897647,0.2798064237,0.0161547823608,0.0162853830065,0.0213983563124,0.135242682923
C001672,3,0.00821568158428,0.00821568158428,0.00825532829131,0.643712233193,0.0267393176677,0.00821568158428,0.0102531726533,0.286392903442
C001673,2,0.00734175881612,0.00734503365021,0.47976723026,0.00724459610197,0.00734175881612,0.00734175881612,0.457133299881,0.0264845636584
C001674,3,0.00221779074146,0.00221779074146,0.0038889150808,0.856706532138,0.120957846696,0.00221779074146,0.00266876039367,0.00912457346682
C001675,0,0.0327079308131,0.0172036477779,0.00850704625366,0.0172136453544,0.00534282900019,0.0666735066525,0.0182987345901,0.834052659558
C001676,0,0.0110857285099,0.0123075216789,0.0122652676734,0.0105436467055,0.0123146739638,0.34189448103,0.563548239403,0.0360404410353
C001678,1,0.0129526165524,0.797848207872,0.0129425187942,0.0129337249998,0.0129526165524,0.0135053578171,0.0166900652017,0.12017489221
C001679,3,0.0088462900463,0.0178398982973,0.00964836019244,0.787968365359,0.0178917932941,0.0189310413723,0.0206894783992,0.11818477304
C001680,2,0.101113736327,0.194806999753,0.0311953843034,0.0308369643784,0.213802598971,0.0480008431765,0.0389354192871,0.341308053804
C001681,4,0.0146007540948,0.145283830076,0.0142350920652,0.0136839822968,0.0146007540948,0.0146007540948,0.414900760244,0.368094073034
C001682,3,0.0261429535973,0.0261429535973,0.0260831575731,0.032048025503,0.026219001592,0.0261429535973,0.0329451636829,0.804275790857
C001684,3,0.00928139128934,0.0183256185393,0.0182628527523,0.76949797382,0.0132253200386,0.0183256185393,0.0208003781464,0.132280846874
C001685,0,0.00993827456338,0.019219318178,0.0191533346928,0.303668091296,0.01618917318,0.0697361977186,0.0226120410214,0.53948356935
C001686,0,0.00125238500661,0.00140862735239,0.0158448685891,0.0014094459497,0.929948565168,0.00138706349129,0.0346943445149,0.0140546999277
C001688,4,0.763242158804,0.0134763626707,0.013319834986,0.0125113366088,0.00756601121289,0.107105459951,0.0139874711657,0.0687913646002
C001690,3,0.00263509470429,0.350313308963,0.0596158832041,0.00398106869981,0.00176130231683,0.536134235678,0.0046932144736,0.0408658919599
C001692,3,0.0113968386125,0.0113968386125,0.0113578041022,0.0112528137614,0.0062143788767,0.883467683913,0.0115830281719,0.0533306139501
C001694,1,0.00618260958166,0.0117410470294,0.0115104974257,0.0115207780441,0.0116926203859,0.879352342213,0.0171316530499,0.0508684522704
C001695,0,0.0495968675041,0.00580055636158,0.00505157049393,0.00702462576133,0.00844181065767,0.00219318839832,0.00800734842044,0.913884032403
C001696,0,0.00512563133766,0.00574688850837,0.419309776391,0.00760028973406,0.388036534513,0.0188780312984,0.0901886312576,0.0651142169598
C001697,0,0.00119886262595,0.00134306443079,0.000330931344954,0.000601408124492,0.000616618246244,0.00488664786684,0.00144524532463,0.989577222036
C001699,4,0.00306972114458,0.00158136801122,0.00566995682351,0.00496247169348,0.00359506985642,0.00193227489764,0.10727259903,0.871916538543
C001700,0,0.0263517090538,0.0297253061044,0.0254155306325,0.0297425804075,0.0297425804075,0.0295365690965,0.0310041933928,0.798481530905
C001702,3,0.00885471588301,0.00885471588301,0.00736505519319,0.00878203674368,0.00750575738616,0.00564132792431,0.84186258463,0.111133806357
C001703,3,0.00230378873318,0.0255901487349,0.941340537414,0.00228487933117,0.00231049029094,0.00230378873318,0.00345308511345,0.0204132816488
C001704,3,0.007830454144,0.0472774897999,0.00780363460634,0.840173583678,0.0413031119377,0.007830454144,0.00834688288451,0.0394343888054
C001705,0,0.261656324069,0.00581311815358,0.00579316064039,0.0248275650825,0.00581649633794,0.00382700635304,0.654394843803,0.0378714855607
C001706,0,0.901159553466,0.00396968472516,0.0641336842999,0.00403054532249,0.0039745467889,0.00400262784141,0.00475117419716,0.0139781833586
C001707,1,0.00241154693494,0.47473000609,0.00297246387711,0.00336906624237,0.493880103133,0.00297494165253,0.00387798125334,0.0157838908169
C001708,0,0.0058607424356,0.00669810982244,0.00802599337082,0.569140409426,0.00670200230306,0.0846447252238,0.00801459190364,0.310913425515
C001710,0,0.00919617424565,0.00624130717002,0.743984852101,0.0102951874133,0.0539593204456,0.0102238780304,0.0116335648475,0.154465715746
C001711,3,0.704826738804,0.0132539125341,0.00886898069118,0.183623122169,0.00551583821447,0.00916262980682,0.0143657111791,0.0603830666006
C001712,2,0.00172286634523,0.00373658828834,0.455923286012,0.516368018122,0.00262191998023,0.00262191998023,0.00333081113162,0.0136745901403
C001713,1,0.000863675697181,0.00151877618743,0.00154400221423,0.00151656103343,0.00123258254615,0.000501541755831,0.00351505863842,0.989307801927
C001715,0,0.0386776010544,0.891895827344,0.00170661441227,0.0017138978179,0.0231878817045,0.0368731405962,0.00206354153101,0.00388149553953
C001717,3,0.890288712644,0.00581530859329,0.0057953909889,0.00576757678246,0.0148326652762,0.00581530859329,0.00602791594342,0.0656571211786
C001718,3,0.00603630527377,0.0497935990358,0.0118912316976,0.733768360753,0.0482013188728,0.0110420164979,0.0115939400251,0.127673227844
C001719,4,0.000870131562825,0.989243406086,0.000887924786047,0.000844971781081,0.000870131562825,0.000870131562825,0.000936752796273,0.00547654986179
C001720,3,0.00323938854194,0.00498835978401,0.00251447255325,0.00321279977565,0.00317986121732,0.00323938854194,0.00539608600593,0.97422964358
C001721,3,0.00179714040239,0.00179714040239,0.00179098514322,0.00178238954879,0.00180236815615,0.00179714040239,0.973643843606,0.0155889923388
C001722,3,0.0193924775492,0.0195267404619,0.0289850148289,0.0224696133962,0.0154212160801,0.0146760535768,0.026922099518,0.852606784589
C001723,0,0.019325235577,0.0216769279751,0.0220900009277,0.0164884670155,0.0216895251144,0.021539293109,0.659879564605,0.217310985676
C001724,4,0.00248786276972,0.9654945736,0.00242296396825,0.00241380203738,0.00248786276972,0.00248786276972,0.00295012631552,0.01925494577
C001730,4,0.160725891003,0.0182696504634,0.0343003644978,0.109941713563,0.0154252362141,0.359202793066,0.0920403691491,0.210093982043
C001732,4,0.0226034318322,0.0211780011055,0.0423428506934,0.0210104108284,0.0677866070302,0.0126189120513,0.0258917656461,0.786568020813
C001734,1,0.341099092978,0.0199707941725,0.0204897633559,0.0199416665204,0.0199707941725,0.0199707941725,0.0247953437809,0.533761750847
C001735,0,0.0812982817067,0.203132114334,0.00528730067228,0.00530986555581,0.23883089551,0.00527308689205,0.446164328688,0.0147041266411
C001736,2,0.0281164123514,0.0203321275628,0.0283105190336,0.0279185962909,0.582592236371,0.011481490845,0.0331695105825,0.268079106962
C001737,1,0.405532428278,0.455295237381,0.0219601335843,0.0640267019893,0.00503928249774,0.00789870844581,0.0108772987203,0.0293702091033
C001738,2,0.11973012992,0.00436084041283,0.00350118167562,0.703633996537,0.00565103884126,0.00138979375789,0.139203223262,0.0225297955928
C001739,4,0.00493680546844,0.00324861723427,0.000944189427714,0.00170755541809,0.00283094054098,0.00642827278929,0.00217130809179,0.977732311029
C001740,1,0.847753997884,0.00558140690813,0.005534861311,0.00557326635663,0.0119283736755,0.00558140690813,0.00698927058921,0.111057416367
C001741,0,0.00446238941197,0.876540888872,0.00490590040175,0.00321124215681,0.00450098201333,0.00300988623299,0.0186259864914,0.0847427244196
C001742,3,0.0946449039054,0.0160068674354,0.0880854690153,0.0158754837339,0.0160534302756,0.686651032982,0.0174545480004,0.0652282646522
C001743,0,0.00470411316387,0.134994026613,0.0476487250518,0.0132515287292,0.00683483871871,0.0544873749199,0.668185693383,0.0698936994203
C001744,4,0.00698542655286,0.00351940621204,0.243674742396,0.00417921067695,0.00321221376431,0.559122318886,0.122776600415,0.0565300810967
C001746,1,0.00565751046166,0.60258816766,0.00636362097326,0.0063407628959,0.30696123102,0.00492946099537,0.00772391532608,0.0594353306678
C001749,4,0.57572164659,0.0061166125096,0.00490175466854,0.172578129383,0.00610916457687,0.00610916457687,0.169386800464,0.0590767272323
C001751,3,0.0164550359342,0.0171654437315,0.216396652915,0.0163199736842,0.0314404672731,0.0303528278289,0.136840090859,0.535029507774
C001753,3,0.0159966222656,0.0159966222656,0.0902659247989,0.015794468737,0.0158841063754,0.740753048769,0.0164167331765,0.0888924736122
C001754,0,0.00596100889589,0.0188993311482,0.0118020874115,0.839009738566,0.0161823765143,0.0340875118699,0.0127972022142,0.0612607433801
C001755,2,0.00321490477771,0.00321633880463,0.00322939010264,0.00319228596738,0.00287455354209,0.00241851207173,0.96537763337,0.0164763813634
C001757,1,0.985291779917,0.000693056594782,0.000687535161026,0.000692045763105,0.00704703782133,0.000693056594782,0.000793858465487,0.00410162968278
C001758,1,0.692329866446,0.0154870618866,0.0361015069955,0.0157739356061,0.0154870618866,0.0172798922585,0.0180018696634,0.189538805257
C001760,4,0.0319999556797,0.0314495821571,0.0339500296183,0.0303563147786,0.0319999556797,0.0319999556797,0.0341684121826,0.774075794224
C001761,4,0.112959698926,0.0316548146018,0.0725910197628,0.223753433395,0.0142266845902,0.0694838765862,0.0353244555747,0.440006016563
C001762,4,0.00113683700149,0.00195205423734,0.0085637124995,0.00182725834331,0.00194967730589,0.000937004542291,0.00215391615428,0.981479539916
C001764,1,0.00998571834457,0.513049301008,0.0144467724051,0.0137011138189,0.141091262033,0.00915214266279,0.0177375842573,0.28083610547
C001765,0,0.0125414923249,0.0168162479283,0.017002415197,0.130436934971,0.0131756335602,0.063378342742,0.0180417486188,0.728607184657
C001766,3,0.00687294368863,0.0100491534773,0.00388953098306,0.00681653085296,0.00689293659354,0.0293276586555,0.00936585467896,0.92678539107
C001768,1,0.0290132398351,0.0429680987933,0.0284542175585,0.0289709236635,0.326537018916,0.0290132398351,0.0521090914872,0.462934169911
C001771,4,0.00387068266419,0.00706841904178,0.749115573142,0.00544864760333,0.00705981213569,0.00351212767855,0.00702634644943,0.216898391285
C001772,0,0.00362252015621,0.00415485390669,0.00891466404305,0.00353257599891,0.939205700922,0.00412847319619,0.00429998600053,0.0321412257767
C001773,1,0.573653204235,0.0245908860923,0.0243949757588,0.0245550199785,0.0245908860923,0.0254898906554,0.0308414562028,0.271883680985
C001774,3,0.00420599175947,0.393566575286,0.00555002447018,0.00152456487459,0.0671023874151,0.01789964069,0.0308696733051,0.479281142199
C001777,0,0.0127482770612,0.0260836848089,0.277437349705,0.0157532720375,0.0149748537498,0.0197276360471,0.318285245698,0.314989680892
C001778,2,0.0289758778459,0.0719385145122,0.293386825618,0.0372775036744,0.0375416318865,0.36359314679,0.0436766376767,0.123609861997
C001779,1,0.00667976478453,0.568937152657,0.00833465065127,0.10527465062,0.00847961750546,0.108201888542,0.0123374765489,0.181754798691
C001780,4,0.00848900993565,0.0083430057865,0.0085423694541,0.025028273508,0.00848900993565,0.667691355497,0.00950110364562,0.263915872238
C001782,0,0.00921728067135,0.00604532378315,0.00641432902447,0.00604883690946,0.617588865576,0.319270810601,0.00639941354915,0.0290151398855
C001784,1,0.438626138159,0.275679439387,0.0132943161693,0.0210392038481,0.0100033339202,0.0333887555774,0.0244836542633,0.183485158676
C001785,2,0.0112872160661,0.0109850648851,0.0112670817693,0.0111378381614,0.865621924972,0.0112872160661,0.00997361416918,0.0684400439106
C001786,2,0.0180739144322,0.759817836109,0.0181986909336,0.0088154437604,0.0108679455854,0.0180739144322,0.0229875353173,0.14316471943
C001787,3,0.0862213778603,0.00665059749885,0.00491846069544,0.0358504425066,0.00264604051681,0.836812040911,0.00584702157765,0.0210540184338
C001788,4,0.917250601044,0.00840998680129,0.00455359283674,0.00435458091845,0.00467556027883,0.00467556027883,0.00541429992467,0.0506658179176
C001789,0,0.821869199231,0.0123435420268,0.0124857767994,0.0123507152442,0.0123507152442,0.0122651682943,0.0140995803681,0.102235302792
C001791,3,0.00803118085061,0.00803118085061,0.00806993720588,0.836430299183,0.00797469170888,0.00803118085061,0.0140327246012,0.109398804749
C001792,4,0.0180299001735,0.0180518811631,0.0177600238387,0.0168646757931,0.0180299001735,0.73418858835,0.0194579140983,0.15761711641
C001793,0,0.0218956478726,0.0147081229452,0.00586090036055,0.00588450892359,0.169487897433,0.755033297628,0.00815607274727,0.0189735520901
C001794,0,0.193081069943,0.00624950822441,0.0171002084916,0.0567504796637,0.00625314000866,0.391941662212,0.296897402069,0.0317265293876
C001795,4,0.00581928720164,0.00582638173298,0.00444315930623,0.0053207389238,0.00581928720164,0.00581928720164,0.936817410607,0.030134447825
C001796,1,0.00197203528423,0.106574194539,0.00234313686672,0.00336547121764,0.00165014870181,0.00326917250047,0.868965046447,0.0118607944434
C001797,3,0.00215271536264,0.00311285478878,0.00310219316881,0.00101443986603,0.00244518651863,0.0053378561277,0.00375024245883,0.979084511709
C001799,0,0.00483554803723,0.00538740085663,0.00536890490989,0.00209991181875,0.00629012533693,0.0391051558573,0.870118921745,0.0667940314381
C001801,3,0.00328871820791,0.0058964609772,0.00587626542348,0.00371010420469,0.0246632502104,0.0031692499007,0.00672663983756,0.946669311238
C001802,0,0.00206306264742,0.00235782758495,0.000464570609575,0.00235919779214,0.000755175521799,0.00794497252358,0.00259862087061,0.98145657245
C001806,0,0.00652857305095,0.00509615151382,0.00396654108333,0.00509911304649,0.948908048117,0.00506379415522,0.00527542386766,0.0200623551652
C001808,0,0.0795239102068,0.298923525143,0.269619974785,0.0413900008503,0.0310145919123,0.0426664684384,0.0633538534957,0.173507675168
C001809,3,0.173975643422,0.067465507227,0.109729184674,0.377588168102,0.0179568877847,0.0666486716148,0.0194275096814,0.167208427494
C001810,4,0.0049109653273,0.0889392606067,0.00485984218079,0.00456485545454,0.232367530331,0.00449400463887,0.00551066472439,0.654352876736
C001811,0,0.0936186570307,0.591187392609,0.0135811638853,0.0726898464224,0.0164915566365,0.103549357395,0.019649389859,0.0892326361628
C001812,3,0.0597544127738,0.0210709585265,0.0209987898687,0.0208980089762,0.732985124623,0.0148152716212,0.0237572315303,0.10572020208
C001813,1,0.00768362415156,0.00768362415156,0.275673503146,0.00767241749001,0.00768362415156,0.660403790155,0.0103589091028,0.022840507651
C001814,1,0.00428504015623,0.390487229777,0.0320643429435,0.00927028717661,0.00928382775504,0.00344559392892,0.0110468265066,0.540116851757
C001815,0,0.000894848016768,0.989207571306,0.000999418854626,0.0010034446598,0.0010034446598,0.000856232135613,0.00115273233324,0.00488230803444
C001816,4,0.00639621719431,0.00493194021001,0.00337310616413,0.00598284672941,0.00457146600144,0.546407790848,0.36983494106,0.0585016917922
C001817,1,0.0165878306015,0.0157972981787,0.0157849827291,0.0157742576226,0.28252715751,0.0253778792449,0.547501028558,0.0806495655549
C001818,2,0.0115034285236,0.0778133771297,0.5557111247,0.0114224949079,0.0181474649236,0.0115034285236,0.259765295462,0.0541333858298
C001819,3,0.0110815700429,0.0426368945525,0.0114708180934,0.0327646293354,0.0406002073501,0.0395903815554,0.0218082763705,0.8000472227
C001820,4,0.0088647794776,0.00887558689329,0.860046610524,0.0083081657734,0.0088647794776,0.00817121497868,0.00957273961732,0.087296123258
C001821,4,0.0178205986697,0.542578966085,0.0208971883192,0.0397256884359,0.0178430337236,0.0322555300651,0.0365037363177,0.292375258384
C001823,3,0.00474293031657,0.000831428044919,0.00715698953763,0.0258884560542,0.00724304142189,0.0256967858901,0.083069614588,0.845370754147
C001824,1,0.415443234425,0.00683836636658,0.507294802392,0.00671007456979,0.00683836636658,0.00683836636658,0.00914620787677,0.0408905816366
C001826,3,0.0119561233312,0.023185907731,0.0138867642267,0.0138201165531,0.0116299253146,0.0139344902691,0.83006986799,0.0815168045844
C001827,1,0.00783144720739,0.905504053622,0.00762398591122,0.00748960522975,0.012222902618,0.00763280109176,0.0102789440499,0.0414162602699
C001829,4,0.0123627301452,0.0245293145485,0.0241346865919,0.0242155946324,0.139132638189,0.024958582104,0.555307027971,0.195359425818
C001830,2,0.572308078502,0.0391081309886,0.0365124657953,0.0378140346418,0.0359800885675,0.0229747218312,0.0447807932796,0.210521686394
C001832,4,0.170501238405,0.0133979551366,0.060581480651,0.0124385437435,0.0157824699126,0.01338164103,0.562458555925,0.151458115197
C001834,0,0.0191033126657,0.0124113314522,0.0123687210485,0.751315670628,0.0124185440641,0.0123325272994,0.0379427529251,0.142107139917
C001836,1,0.0134943077065,0.191665550969,0.118483880252,0.0183676675509,0.0133513925098,0.0852132762257,0.0220710762911,0.537352848495
C001837,3,0.0104763170119,0.555269506684,0.0218750718721,0.0146352825427,0.0147993278065,0.0093131071313,0.00800778409141,0.36562360286
C001838,2,0.0109650428226,0.709707406417,0.0110144477721,0.0108199286411,0.183387835073,0.0109650428226,0.0125243692788,0.0506159271738
C001840,3,0.0123046339476,0.00453275585196,0.00316775593245,0.00315255271015,0.00316647206237,0.00241104158683,0.00344392721995,0.967820860689
C001841,2,0.00585580515537,0.0119196837989,0.00585931379177,0.00581460600475,0.90885842053,0.00585580515537,0.00711590765756,0.0487204579063
C001843,2,0.00817159581455,0.00817524080226,0.00783070849644,0.0141647524905,0.00510700603892,0.0879790175611,0.809210242125,0.0593614366715
C001844,2,0.0999622220858,0.0498858696053,0.00555157181525,0.769862365276,0.00554824745891,0.00554824745891,0.0467029623246,0.0169385139757
C001846,0,0.0171841732497,0.0191874463176,0.46227522096,0.0143146742625,0.0191985967413,0.237520386716,0.0521775002562,0.178142001496
C001848,3,0.204595909855,0.0308397421332,0.0213968125939,0.00976584650586,0.584552916352,0.0154039887028,0.101182442074,0.0322623417826
C001849,4,0.0313618364145,0.0308224380305,0.0332730234321,0.0297509717752,0.0313618364145,0.0313618364145,0.033487051174,0.778581006345
C001850,3,0.825510190108,0.00794925403643,0.00792202760561,0.00784879721959,0.00792997721929,0.0739341142918,0.00938353366123,0.0595221058582
C001851,3,0.69840919203,0.00246906293,0.00246060631624,0.00243786073148,0.0024516962129,0.00246906293,0.279518735801,0.00978378304871
C001854,0,0.00500265443989,0.831173536173,0.00567844370285,0.00570131730382,0.0326901021804,0.00566182725838,0.00939410026454,0.104698018677
C001855,0,0.0467653128487,0.0236212631817,0.0265848990414,0.0236349902349,0.322946408692,0.0105905738533,0.0236966418154,0.522159910332
C001856,3,0.811043605149,0.00550179253426,0.0055283427303,0.00449404149333,0.00365561817177,0.00397975700268,0.00719992696342,0.158596915956
C001857,4,0.00139108328107,0.00803927828723,0.0013751306764,0.0064287932006,0.105479999581,0.00139108328107,0.865125226498,0.0107694051947
C001859,0,0.0255695961221,0.00298632457666,0.0448396170025,0.00298806002306,0.909678640027,0.00296736329285,0.00372313891127,0.00724726004481
C001860,1,0.0217881236796,0.0217881236796,0.0214236825956,0.0217563454298,0.711468425439,0.0217881236796,0.0251357382032,0.154851437294
C001861,1,0.00735749490614,0.00769510387073,0.870526749164,0.00661718925991,0.00391938713482,0.00769510387073,0.00911978981383,0.0870691819794
C001863,4,0.0136873479947,0.101698725508,0.0133302975614,0.706766501695,0.0136873479947,0.0921316596729,0.015278305547,0.0434198140261
C001864,1,0.0044643191791,0.00733931712393,0.0336212714807,0.00549440329029,0.00161673310077,0.0158029892234,0.00647639002423,0.925184576578
C001865,0,0.00766635742435,0.00644867497625,0.00315573339111,0.879464846111,0.0292599546227,0.00875765023079,0.0114253846732,0.0538213985708
C001866,4,0.0342177399056,0.0541335227449,0.0171025764136,0.019206590681,0.0166565167324,0.0205155683081,0.0236414331793,0.814526052035
C001867,3,0.0505535548158,0.0152678185549,0.0152155258236,0.0214478819055,0.0153122315545,0.0395345236449,0.104210396746,0.738458066955
C001869,3,0.0185914498246,0.880155528067,0.0153049869892,0.00560903477805,0.00240736954858,0.00358205516331,0.00373187302999,0.0706177025993
C001870,1,0.0978028799432,0.026985996818,0.0549972484122,0.0264797235599,0.0289573521589,0.389700837941,0.0334963434074,0.34157961776
C001871,0,0.011650620371,0.0197666237141,0.0170437691923,0.0197781107161,0.0127714739622,0.0196411180793,0.0385478910771,0.860800392888
C001873,0,0.275987833053,0.0262207277903,0.028446398891,0.0262359654735,0.0262359654735,0.0260542426516,0.0324529254202,0.558365941247
C001875,4,0.0122571809186,0.00724636403964,0.523011159825,0.0116729753893,0.32775988067,0.012491159469,0.0133414388991,0.0922198407899
C001879,1,0.546454767284,0.0125216586403,0.315642950466,0.0148415460322,0.0148632242299,0.0105340672201,0.0255035034316,0.0596382826957
C001880,1,0.000573056577061,0.000573056577061,8.71096248859e-05,0.000129597448939,0.000230695176297,0.00119974883451,0.000731775833935,0.996474959927
C001881,0,0.00224268572266,0.00215274002636,0.189352983317,0.00215399105076,0.00215399105076,0.00210666556577,0.786501291291,0.0133356519759
C001882,1,0.0194154200256,0.0126906255302,0.0184211550246,0.028070179561,0.0152694293782,0.108544421459,0.117166466798,0.680422302224
C001883,4,0.0621109209416,0.00651482543304,0.485716659074,0.223791449578,0.00997904613368,0.156690805867,0.0102694838003,0.0449268091715
C001884,0,0.00594297440508,0.0065492046628,0.540342390031,0.368362362562,0.0108327787016,0.00650762133014,0.00726475789205,0.0541979104155
C001886,3,0.00166631007909,0.965133470474,0.00166060291766,0.00164525247977,0.00997596098813,0.00166631007909,0.00176726887075,0.0164848241117
C001887,1,0.00894522993677,0.308774156129,0.0382443993781,0.0132157227053,0.436209748036,0.0148235417196,0.00799145091419,0.171795751182
C001888,4,0.0271950111717,0.0704848060964,0.0675952033023,0.0705760574108,0.0476425055161,0.0717183032802,0.0767144274254,0.568073685797
C001891,4,0.00650562956475,0.629645764441,0.0983449034532,0.190779809209,0.00650562956475,0.00650562956475,0.00746719184289,0.0542454423604
C001893,2,0.00509114483202,0.00509341576669,0.00512629246108,0.900976058631,0.00509114483202,0.00509114483202,0.00617073193364,0.0673600667119
C001894,2,0.928172910932,0.00639445287433,0.0063802004328,0.00634985360287,0.00639160186326,0.00639160186326,0.00815733633513,0.0317620420962
C001895,2,0.0210106397236,0.0361235424002,0.255667579934,0.0368560016813,0.0371171433585,0.0143502291293,0.0466136641745,0.552261199598
C001896,0,0.233543285381,0.511644451611,0.00936000419565,0.0120066745367,0.0120066745367,0.0273256576529,0.12814841824,0.0659648338466
C001897,4,0.0499463235058,0.0508038615647,0.112423853517,0.0468102265271,0.0499463235058,0.0499463235058,0.209955740107,0.430167347766
C001898,4,0.00474344936274,0.716187395615,0.00529509197868,0.00509002250731,0.0395704193459,0.00543692038701,0.201286578002,0.0223901228007
C001899,1,0.00423623050806,0.0183078774951,0.0138878100911,0.0111901063025,0.00821191134834,0.112282188496,0.793859009011,0.0380248667473
C001900,1,0.00184721155297,0.794681009038,0.0977771628635,0.0018445173719,0.0901305372158,0.00184721155297,0.00243851066417,0.00943383974053
C001902,1,0.509761416877,0.0344678123541,0.0609264154558,0.0188871155173,0.0409962225428,0.0344678123541,0.0449010518467,0.255592153052
C001903,4,0.0125647134773,0.799681609302,0.00359423935286,0.15270607475,0.00251107289888,0.00370758858306,0.00398563511372,0.0212490665218
C001904,2,0.640462557797,0.00956262684866,0.119431861626,0.00949111438644,0.00437101941951,0.0262527038427,0.0225909557135,0.167837160366
C001907,1,0.0250669074585,0.0421312458244,0.0413194679915,0.0420697968776,0.109256118871,0.193176168165,0.0414118231326,0.50556847168
C001909,1,0.00206686951554,0.00270323691963,0.97474771268,0.0020638549606,0.00206686951554,0.00206686951554,0.00246707029411,0.0118175165995
C001910,3,0.0506572874764,0.0426090977814,0.0424631603579,0.307938596355,0.0381364684418,0.0300281666468,0.0264028167239,0.461764406217
C001911,1,0.845287275085,0.0778535153607,0.00156618357315,0.0016086095283,0.00157935444511,0.00157935444511,0.067441734777,0.0030839727853
C001914,0,0.0175563634669,0.0203552011749,0.330036977846,0.229037023746,0.0203670302176,0.0202259584431,0.254927567525,0.107493877581
C001917,2,0.0511588775823,0.0343870227335,0.444888564192,0.0242396494091,0.150756549431,0.0525652118441,0.081697781481,0.160306343327
C001920,4,0.00537650910546,0.0053830638279,0.492384487773,0.0740910328818,0.394567707259,0.00454559557725,0.0057282102118,0.0179233933639
C001921,3,0.000497372804028,0.00156987858805,0.00156450170732,0.00208045048205,0.000761183034136,0.00030172165407,0.00180668714951,0.991418204581
C001922,1,0.00217070059137,0.00217070059137,0.0443995025723,0.918489109406,0.0203555210071,0.00217070059137,0.00279107862488,0.00745268661574
C001923,2,0.00439658728756,0.00439854841081,0.00438874459252,0.0043656546221,0.946232831905,0.00439658728756,0.00439274445219,0.0274283014425
C001926,2,0.0346809165071,0.0352391126763,0.254401837095,0.0514800409922,0.126989001164,0.0357678674446,0.129425426694,0.332015797426
C001928,3,0.0177231392355,0.0418843437714,0.0181178859249,0.0121312301548,0.0175984794947,0.0177231392355,0.0245474958781,0.850274286305
C001929,3,0.0270532598687,0.0354120244624,0.0353789763386,0.0349200721388,0.338623481014,0.0352090666924,0.0462176212282,0.447185498257
C001930,2,0.180622287752,0.00615534336815,0.69872309289,0.0123902108355,0.0124780011624,0.0124780011624,0.0144398884398,0.0627131743897
C001931,2,0.0249348403726,0.0249459627028,0.016253334886,0.0247594086058,0.0249348403726,0.0249348403726,0.0579515938549,0.801285178833
C001932,2,0.0744826507806,0.0230453365569,0.0229939713631,0.0135691235025,0.0230350616341,0.188728105356,0.0245727873532,0.629572963454
C001933,1,0.00762638197557,0.0414513090972,0.00384861515129,0.112124247177,0.00762638197557,0.464412804386,0.224058150003,0.138852110234
C001934,3,0.0259886159691,0.00326473288691,0.00200534010875,0.00464103766126,0.00478857838065,0.0046794463622,0.00544115205944,0.949191096572
C001935,1,0.00472538443089,0.00472538443089,0.00464459964132,0.00471849239883,0.489838828054,0.00472538443089,0.460994660384,0.0256272662299
C001936,1,0.712807658208,0.0823146501145,0.0174835289548,0.0201406086848,0.0145510071065,0.0174461737156,0.0186107010174,0.116645672199
C001937,0,0.0131774898808,0.0203361555786,0.780039194281,0.0130087829383,0.101107675538,0.0129186778973,0.0133601027182,0.0460519211684
C001939,1,0.0548530909614,0.0272406479175,0.0259309965849,0.0272009170932,0.0272406479175,0.0272406479175,0.0311400341912,0.779153017417
C001940,2,0.00494732696446,0.00494953374835,0.00493850185215,0.650924548326,0.00494732696446,0.00494732696446,0.263370284144,0.0609751510363
C001942,4,0.0167207122471,0.0745837322807,0.207082590847,0.0156400971921,0.329881036681,0.229504651274,0.0172675548565,0.109319624622
C001943,4,0.00303933824605,0.700938460973,0.238242974441,0.00289887853986,0.00303933824605,0.00237780543992,0.00561657633711,0.0438466277776
C001947,1,0.0318097056222,0.0272669315786,0.213677002056,0.0277720090514,0.566492152891,0.0272669315786,0.0347241016706,0.0709911655516
C001948,3,0.00143316358334,0.00673244435146,0.0129348638996,0.00279689651172,0.0034360449028,0.00266832429952,0.00306454362397,0.966933718828
C001949,1,0.477520458422,0.230925486754,0.12729962607,0.0205212633009,0.0205777519107,0.0205777519107,0.0266788243035,0.0758988373282
C001950,0,0.00206400754352,0.657481236986,0.0168023919891,0.00226775269548,0.00226775269548,0.308833044905,0.0026359084671,0.00764790471841
C001951,2,0.0549200058771,0.0143278990483,0.0143860389681,0.0142207503164,0.794627271789,0.0101967870488,0.0180547482248,0.0792664987278
C001952,3,0.00888129069147,0.00888129069147,0.00885087200746,0.319198055289,0.00881882210834,0.0122255715232,0.00988344716679,0.623260650522
C001953,1,0.0218503768426,0.151113759239,0.0255095143767,0.0250260525669,0.0250626066909,0.0277111915788,0.0321354350755,0.69159106363
C001954,3,0.00200233861738,0.00383097796366,0.00381785675052,0.00379953345602,0.00378380038206,0.00383097796366,0.876313850046,0.10262066482
C001955,4,0.0143690412537,0.00916850943826,0.00891846531179,0.00852868938022,0.441461889615,0.365161508371,0.0098328123849,0.142559084245
C001956,4,0.00258136268004,0.041977138542,0.00675051220971,0.00185538213392,0.00144906008672,0.00258136268004,0.00280111806092,0.940004063607
C001958,4,0.375723180963,0.0801281321068,0.00742906566087,0.00717365951744,0.386212995789,0.100944746772,0.00830484193642,0.0340833772553
C001960,3,0.0200244239423,0.0230171938215,0.0580228518063,0.730733808162,0.0230841492031,0.0230171938215,0.0247700324566,0.0973303467866
C001962,0,0.000906827899194,0.00185609959193,0.0125179712247,0.00159803671895,0.00232563029745,0.00104001098126,0.0023829300564,0.97737249323
C001964,1,0.0166104339495,0.0177320905261,0.0177182667276,0.0177062280513,0.0177320905261,0.0177320905261,0.664139968023,0.23062883167
C001965,0,0.412503512545,0.00663877944328,0.00770623428506,0.485708370306,0.00773727612279,0.00768368405461,0.00931842003417,0.0627037232099
C001966,4,0.00692808023279,0.0106987152566,0.00681708441594,0.00672775536926,0.821616352068,0.00692808023279,0.00814396431094,0.132139968113
C001968,2,0.00457844360337,0.0094118209039,0.00627255369931,0.00794376643593,0.0444569655327,0.00611008555902,0.00956569934362,0.911660664922
C001970,0,0.0379960557753,0.0105041246046,0.0104680619959,0.275635435428,0.0560196273774,0.329623607075,0.219186655575,0.0605664321689
C001973,2,0.0191234804876,0.0191320106269,0.0191349387479,0.77273182348,0.0191234804876,0.0191234804876,0.0185325153628,0.113098270319
C001974,1,0.0148018393211,0.0148018393211,0.0145487882747,0.0911126036386,0.0148018393211,0.7749032822,0.0190800503952,0.0559497575283
C001975,4,0.00853096584257,0.0416492881843,0.00695398124626,0.0103627658378,0.00560741004602,0.00685723814016,0.00722987775505,0.912808472948
C001978,4,0.00290664059348,0.00291018419806,0.930856000772,0.00656975825618,0.00290664059348,0.039436399631,0.00317554003741,0.0112388359186
C001980,2,0.0234540494653,0.0230085750327,0.20147941079,0.234531608958,0.0722424395325,0.244242223555,0.0403728024554,0.16066889021
C001982,1,0.00372237404214,0.00372237404214,0.0492453736368,0.0534471091887,0.0123933591898,0.853742129021,0.00460989208855,0.0191173887913
C001983,4,0.00310337508739,0.00301504130407,0.00300849800777,0.00289032696243,0.683239191578,0.287307365045,0.00344230804166,0.0139938939741
C001984,4,0.0068685863312,0.905137593103,0.00669656910508,0.00642468790831,0.0068685863312,0.0068685863312,0.00762735593975,0.0535080349504
C001987,1,0.00414272019457,0.00554998854247,0.00556396188686,0.0328920212969,0.00343180947323,0.00400369135661,0.00688328407362,0.937532523176
C001988,3,0.0726276932929,0.0147123311021,0.548135557694,0.021934393015,0.03124504695,0.0247778814438,0.0953208694168,0.191246227086
C001989,4,0.874667155897,0.0315321269931,0.00508228999267,0.00630411054749,0.00346912907705,0.00678944298855,0.00774489118265,0.0644108533211
C001990,1,0.0184337728077,0.0631645767297,0.0186795266624,0.0102445935224,0.0263287009165,0.126533196318,0.268594905076,0.468020727968
C001993,1,0.000239051515415,0.000620386008161,0.000624265960553,0.00228544147168,0.000605082303003,0.00034396997993,0.000774656519207,0.994507146242
C001994,0,0.00254179958638,0.00285474231207,0.00284426268655,0.937800099023,0.00285640129191,0.00283661649292,0.00323038493622,0.0450356936707
C001995,2,0.0167950921231,0.0166733289162,0.0244246913038,0.00613479187339,0.0580594461616,0.00919402536748,0.013142315453,0.855576308801
C001996,3,0.0257274399789,0.0017637015999,0.459528145072,0.00204838162173,0.00089655998971,0.00156370243096,0.478284284841,0.0301877844659
C001997,0,0.219720278382,0.0156836639471,0.015816643988,0.0156927782136,0.564694012435,0.0125796724806,0.0213105093131,0.13450244124
C002000,1,0.98690815342,0.00113406744189,0.00110785910303,0.0011324133904,0.00113406744189,0.00113406744189,0.00137604876631,0.0060733229949
C002002,4,0.00627927944978,0.00112561628882,0.0031241570517,0.0292769411485,0.0104899799648,0.00165470664802,0.00343358129049,0.944615738158
C002003,3,0.0310306137723,0.0367850176957,0.0317217572483,0.0307759157863,0.184920869243,0.0310306137723,0.0332336900666,0.620501522415
C002004,2,0.00168649069535,0.00168724296431,0.0490061878859,0.00573127008618,0.930776631304,0.00168649069535,0.00211551147479,0.00731017489422
C002005,4,0.00145897475572,0.00174916031597,0.0760440947506,0.00163412451989,0.00199679003902,0.889924770004,0.0100946100982,0.0170974755167
C002008,2,0.00577913894096,0.0646817818696,0.228008979842,0.00573847918378,0.641419583136,0.00577913894096,0.0261247086166,0.0224681894705
C002009,1,0.0419720685332,0.00941610504825,0.0355145869517,0.00940237154173,0.667311991253,0.00604579058885,0.0111597868513,0.219177299232
C002010,1,0.00313760770707,0.00313760770707,0.442991085882,0.00319572700689,0.186495192855,0.339646560606,0.00479144329064,0.0166047749465
C002012,2,0.0346787415524,0.03375041497,0.0266857258926,0.0344347555148,0.0346787415524,0.0346787415524,0.0400252697322,0.761067609233
C002013,3,0.819974056879,0.00721343699681,0.0680165222413,0.00715422940625,0.0261245387936,0.0442616551943,0.00771038611082,0.0195451743777
C002014,3,0.0167259552339,0.438201487526,0.351323772049,0.0194200419707,0.0167746098494,0.0664439080457,0.0197065548924,0.0714036704334
C002015,3,0.483883056697,0.00789750314527,0.237383464389,0.00603386010403,0.0221562919322,0.00789750314527,0.212410582076,0.0223377385109
C002017,3,0.0414138212063,0.0236245907346,0.048026622288,0.0759034737444,0.0180220458569,0.0694826932567,0.221404339422,0.502122413491
C002019,4,0.56859144241,0.0043873681871,0.00922531190059,0.00897183640161,0.00530383992149,0.329661670576,0.00985233201487,0.0640061985884
C002020,4,0.0215501095617,0.483741760514,0.0254624701517,0.0250321037596,0.226902009251,0.0261444793838,0.0281930877268,0.162973979651
C002021,3,0.437939315327,0.00627881623985,0.00460845012939,0.286879196035,0.00629708087023,0.00627881623985,0.0605861264634,0.191132198696
C002022,2,0.599507563817,0.0184372537039,0.018533892593,0.0181851387857,0.0325846371693,0.0184290333268,0.259478532393,0.0348439482111
C002024,4,0.0045047585928,0.0356392578781,0.00438724671187,0.55910674621,0.249258668358,0.11898783181,0.00473307338862,0.0233824170503
C002025,0,0.00309126632153,0.487885114208,0.00354335624504,0.0237732753985,0.00501708998939,0.451047248875,0.00385448288758,0.0217881660747
C002026,3,0.005785525146,0.005785525146,0.00412515910354,0.00283055623975,0.00580235482763,0.00300356608852,0.00882698670523,0.963840326743
C002028,0,0.0117820998222,0.0131824901207,0.0521377807111,0.178538068884,0.0517265792915,0.0424147673151,0.0154809431058,0.63473727075
C002029,2,0.0143975243035,0.764950529936,0.013154685732,0.00963949052209,0.0136326843064,0.029373134388,0.0116609096584,0.143191041153
C002031,0,0.000324578167163,0.00233877396245,0.0023307445175,0.0011445585761,0.00234013309699,0.00163758457344,0.0305430924389,0.959340534667
C002033,2,0.00504877352118,0.361839248215,0.594846687345,0.00501325232892,0.00504877352118,0.00504877352118,0.00648953163685,0.0166649599113
C002034,1,0.0406358239693,0.0431043373749,0.0769159203008,0.0398734718823,0.198541314152,0.0498287522334,0.0597383892,0.491361990888
C002035,0,0.00300498207158,0.0113172228069,0.0061735790565,0.0024796385673,0.00111847029241,0.00564701830017,0.0832338640011,0.887025224904
C002037,0,0.0084697305491,0.0747013563226,0.00927660828973,0.00564086428793,0.803714770075,0.0092494627804,0.0101927132998,0.0787544943953
C002039,2,0.0115681153075,0.00426847260531,0.00429602450286,0.00423655156616,0.936277965921,0.00426656947724,0.00523419376772,0.029852106852
C002040,1,0.00422715768969,0.25908462781,0.00426999776571,0.0042996262333,0.672747022619,0.0043059064515,0.00613751276255,0.0449281486688
C002041,2,0.192232659391,0.00259541876408,0.00161023321988,0.729360371162,0.0425095339049,0.00259426157866,0.00199806185786,0.0270994601209
C002042,4,0.08653738623,0.00614909418018,0.10019244754,0.00575597922926,0.00614160669595,0.770167435429,0.00701236712375,0.0180436835724
C002044,2,0.00193037177466,0.0014748765229,0.00194369844152,0.965887089999,0.00193037177466,0.00193037177466,0.00235185892342,0.0225513607896
C002045,0,0.104580692316,0.0297549467889,0.0294406229922,0.579665076592,0.025180762486,0.0295660215812,0.0375777383485,0.164234138895
C002046,1,0.0151761263974,0.0139889224273,0.0240207562861,0.0189679308004,0.0241367737888,0.0241367737888,0.035124770477,0.844447946034
C002049,4,0.0043764627546,0.724038472174,0.00426229762022,0.00410166752125,0.00299899339771,0.0043764627546,0.237098867403,0.0187467763749
C002050,2,0.162880668317,0.0485782322647,0.0488917923135,0.0482149482995,0.0266740350119,0.0485565733236,0.058427281011,0.557776469458
C002051,2,0.00383588846774,0.0021077447111,0.00739002659892,0.00378512333856,0.0118114998182,0.00460577321133,0.00488047687429,0.96158346698
C002053,1,0.012107011997,0.0153128538962,0.0119045029311,0.0120893537693,0.281179795243,0.0324597131575,0.0159817853863,0.618964983619
C002055,4,0.00912583521422,0.25399173915,0.00875179821129,0.20460012725,0.453912798437,0.0167553338064,0.00629923457619,0.0465631333556
C002056,3,0.0157950949213,0.0157950949213,0.0157409962528,0.0156654494397,0.772076706666,0.0157950949213,0.018890649032,0.130240913845
C002057,2,0.00295043374229,0.00295174980037,0.00207315704357,0.0135445528268,0.950325100672,0.00295043374229,0.00370815844225,0.0214964137302
C002059,4,0.0111747337595,0.017527641486,0.0132748736024,0.0129807813085,0.0108841059743,0.834995512675,0.0152614698054,0.0839008813891
C002061,4,0.00215000005688,0.00215262121001,0.173239468965,0.00201500295981,0.0943420843776,0.717945340079,0.00238268419331,0.00577279815805
C002062,4,0.0075342565391,0.372194169683,0.0157118147645,0.0194069099009,0.246036123247,0.176277623808,0.0224104560685,0.140428645989
C002064,1,0.924229612413,0.00345582213218,0.00351855739545,0.00354297180255,0.00354814681889,0.00421256550231,0.0492151272691,0.00827719666665
C002065,3,0.0216671470271,0.0101879509844,0.882733326215,0.0060302847077,0.00301967284436,0.00608019065951,0.00443391771081,0.0658475098515
C002066,3,0.00261915867781,0.00493281213864,0.0273949684026,0.00489232382196,0.00266990001954,0.00331117745688,0.00570564322716,0.948474016255
C002067,0,0.865758466523,0.00355268879018,0.0387629849611,0.0300218951158,0.0035547533685,0.00353013144964,0.00428317675778,0.0505359030343
C002068,3,0.00960886853082,0.00279152167982,0.00957595787114,0.00952999933796,0.00954128236307,0.0120244749382,0.0137165988795,0.933211296399
C002069,3,0.946200001484,0.00179207657321,0.0150820268543,0.00177736728331,0.00184650468841,0.0244148664758,0.00198584756744,0.00690130907352
C002072,3,0.208857283119,0.740683853083,0.00470167863517,0.00461996754218,0.0046461870363,0.00467909854279,0.00653367107399,0.0252782609674
C002073,0,0.0289818543734,0.0283425139771,0.51719793084,0.0312516248738,0.11279567464,0.0227795852992,0.0835815542403,0.175069261756
C002074,4,0.00665115135769,0.0066592600487,0.56903663329,0.222625560226,0.154350993976,0.00665115135769,0.0075144210172,0.026510828727
C002075,2,0.0190729161855,0.0190814237704,0.0190388936459,0.0188205003339,0.0190729161855,0.0202293439234,0.759266253549,0.125417752406
C002076,3,0.0010428537589,0.0280034409572,0.00108160919123,0.000765678282942,0.000766584806331,0.000772014949508,0.956038859623,0.0115289584304
C002078,4,0.195226336644,0.00612738038549,0.708197035583,0.00247501298182,0.0404466684849,0.00611991934119,0.00637148635673,0.0350361602223
C002079,4,0.00971474192123,0.402458817503,0.102540183273,0.00908690405044,0.0142872900539,0.00971474192123,0.369844095296,0.0823532259808
C002080,2,0.295703001572,0.0136162908166,0.0125793988061,0.044663599399,0.0073885810018,0.551912871103,0.0148061594598,0.0593300978414
C002081,2,0.00207555881701,0.00202045079274,0.945757801015,0.00206095599843,0.0345334203056,0.00207555881701,0.003801168667,0.00767508558757
C002082,0,0.0358679465891,0.0403063259242,0.0494890314876,0.040329749188,0.0211848811564,0.0400504060918,0.0404416961135,0.732329963449
C002083,3,0.00296508167539,0.00399893376517,0.896641428866,0.00265497710572,0.00227630597227,0.00242679494603,0.0630550319579,0.0259814457115
C002084,0,0.0209568937285,0.0111908458678,0.00785625715205,0.600808998182,0.186847148971,0.0889398529453,0.0118652850237,0.0715347181293
C002085,4,0.0116976424072,0.0232409638707,0.0115758699558,0.0109416549645,0.0116976424072,0.0151147764894,0.0825453033529,0.833186146552
C002086,4,0.152603953783,0.729543722851,0.0649000301268,0.00725759098534,0.00774382040252,0.00774382040252,0.00913865340803,0.0210684080404
C002088,3,0.119014684094,0.0225532856411,0.261294709435,0.1008515531,0.0486590007745,0.0273838665246,0.227256315904,0.192986584527
C002089,3,0.00167667297566,0.00167667297566,0.00168476415612,0.00166291091368,0.978335619322,0.00136603895315,0.00218283600044,0.0114144847038
C002091,2,0.00136143741691,0.811858328424,0.0916323252913,0.0192768005483,0.0700265951813,0.00136143741691,0.00166680757462,0.00281626814648
C002094,4,0.0161012213938,0.0160753273287,0.0159165765036,0.432053453459,0.165562612749,0.0161012213938,0.27816669955,0.0600228876228
C002095,2,0.0499747874362,0.0499970789799,0.0452394561299,0.0496231844132,0.0868966069221,0.046848855915,0.0584873175035,0.6129327127
C002096,2,0.705877023969,0.0272885498782,0.135874426647,0.0146363737865,0.0194168981761,0.0264041245793,0.0145492178809,0.0559533850826
C002097,1,0.0187993520974,0.0219824699707,0.0184839171535,0.0187719330082,0.772956572221,0.0187993520974,0.0235893758076,0.106617027644
C002098,2,0.00272212261447,0.00264925322331,0.00271726685337,0.00268609734749,0.00236646540377,0.97095718161,0.00323783255875,0.0126637803886
C002100,3,0.00301779255522,0.00301779255522,0.00303235562417,0.950222507377,0.00298062915834,0.0117870258252,0.00357726087104,0.0223646360338
C002101,3,0.0133294244307,0.0133294244307,0.0265323308986,0.182852149211,0.435592731525,0.0133294244307,0.0104935105892,0.304541004484
C002103,2,0.0316772675372,0.00220968086068,0.0731719150949,0.00232401943037,0.0293504512716,0.00235518859873,0.854122655037,0.00478882216974
C002104,1,0.0446026026198,0.0446026026198,0.0438542140911,0.0445375491682,0.212816703839,0.0446026026198,0.0533251046731,0.51165862037
C002108,3,0.00727959978242,0.178297997799,0.708097259629,0.00718760556276,0.00722839705751,0.00727959978242,0.00991738927899,0.0747121511077
C002111,2,0.00660753851517,0.00661048584604,0.00663730995445,0.00455165286206,0.200373586084,0.00830298857984,0.0085349653468,0.758381472812
C002113,3,0.0314591706849,0.0485441319782,0.57275532834,0.0136143118241,0.0398006581012,0.0137269823236,0.203181044889,0.0769183718587
C002115,0,0.0424423327605,0.0470568394343,0.0467673932759,0.0470841856322,0.0470841856322,0.0467580580846,0.0506299693261,0.672177035854
C002116,3,0.0693027403029,0.00587766399827,0.743878657191,0.0048178728743,0.00533389675117,0.0316994006241,0.0063781409473,0.132711627311
C002117,2,0.639199215767,0.00636060473941,0.00501831791194,0.00499191564366,0.00502728565571,0.31038055138,0.00625757639557,0.0227645325066
C002118,0,0.00683005621753,0.00774888426639,0.00772043847465,0.00775338738484,0.863125311752,0.00769968372236,0.00925977315745,0.0898624650245
C002119,1,0.048266397943,0.0100243621993,0.746686262463,0.138538829271,0.0100243621993,0.0100243621993,0.0126470925473,0.0237883311781
C002121,1,0.610608818228,0.00529381326264,0.00697856742838,0.276910861099,0.00696365704866,0.0459628503242,0.00889325399154,0.0383881786181
C002122,3,0.56921015851,0.0290444175897,0.0429221616563,0.176203556812,0.028840127056,0.0290444175897,0.047554632914,0.0771805278726
C002123,4,0.0150580648672,0.00909965417394,0.0146652576857,0.373230042445,0.0200133477071,0.418427035549,0.016888044721,0.13261855285
C002124,4,0.0242413512813,0.0242709049054,0.0236342496445,0.0226746973757,0.0165342321415,0.0188853081259,0.0266043266319,0.843154929894
C002125,2,0.0705713971388,0.110371212877,0.0392271720681,0.0523069515075,0.359521265726,0.0526775702512,0.0660618948281,0.249262535603
C002126,2,0.470174068407,0.0150126383152,0.0149791770083,0.308791008529,0.0561752721489,0.0150059448265,0.0212376650965,0.0986242256685
C002127,1,0.0105294659429,0.00411384147697,0.00408106738122,0.941022226782,0.00411384147697,0.00411384147697,0.00540823238726,0.0266174830754
C002128,4,0.0313618364145,0.0308224380305,0.0332730234321,0.0297509717752,0.0313618364145,0.0313618364145,0.033487051174,0.778581006345
C002129,4,0.00632853664314,0.00633625202133,0.00616344938504,0.00661351705,0.840418315579,0.00596697820515,0.0073475538926,0.120825397223
C002130,2,0.020067919895,0.0240480383319,0.0443492431191,0.0672701074268,0.0269757219281,0.0240373163476,0.227070983335,0.566180669617
C002133,0,0.0968857280034,0.643482210902,0.0133751680358,0.0118518872225,0.127373662626,0.00903067423984,0.0157390803988,0.0822615885715
C002134,2,0.00379893318922,0.010706447926,0.0110480230565,0.0927749316368,0.0109984675062,0.696439956642,0.0132843145497,0.160948925494
C002136,1,0.00735741805643,0.00735741805643,0.0072343535167,0.007219388543,0.00735741805643,0.15390696384,0.758546557108,0.0510204828224
C002137,3,0.00684687336193,0.00575626457771,0.00574309843969,0.906911763968,0.00577300914243,0.00575626457771,0.00568058122546,0.0575321447071
C002138,3,0.11865748799,0.00570837900957,0.00568882764218,0.00566152487231,0.398353193196,0.438236676306,0.00629792326904,0.0213959877143
C002139,4,0.0101398602376,0.0101522221565,0.00988591706107,0.0094845481034,0.00974762602603,0.196117047528,0.0294556616437,0.725017117244
C002140,4,0.276978081451,0.00904954275903,0.59368855342,0.0205234339691,0.0211478295438,0.0311581994566,0.0101773139575,0.0372770454426
C002142,2,0.0109470339943,0.314187048241,0.0109275065191,0.57664092296,0.0064233908456,0.0109470339943,0.0140542279127,0.0558728355325
C002143,4,0.00768075157942,0.00705405749481,0.283400119259,0.0118625127736,0.619260094872,0.0334033323528,0.00988084396033,0.027458287708
C002144,2,0.00071694807643,0.000697755858729,0.000721027435769,0.987779831654,0.00071694807643,0.00071694807643,0.000816120040898,0.00783442078142
C002145,2,0.898832646665,0.0041354287807,0.00330969793363,0.00320778154576,0.00977039516483,0.0196563946677,0.0432269981413,0.0178606571015
C002146,0,0.0209859621787,0.0326634114851,0.0175674071213,0.0326823932129,0.18126310498,0.0150379347201,0.034342838752,0.66545694755
C002147,0,0.0146412216402,0.0164158252612,0.569288647824,0.109574003225,0.215103702323,0.01631159509,0.020279783728,0.0383852209082
C002148,1,0.0128689552645,0.0128689552645,0.0126250673607,0.0128501857329,0.50376823541,0.20705293935,0.0169022369707,0.221063424647
C002149,3,0.0174469521037,0.052530672279,0.0175311464814,0.625485130231,0.0174977040479,0.0174469521037,0.0229662846011,0.229095158152
C002150,2,0.057461373061,0.0400202749656,0.0536532184603,0.052910458622,0.0532853534906,0.0532853534906,0.0628803158606,0.626503652049
C002151,3,0.00724748580957,0.00724748580957,0.00722266295574,0.00715589742264,0.912412971718,0.0181676691467,0.00777160721384,0.0327742199234
C002153,3,0.00434214447922,0.00434214447922,0.00443885686946,0.00428727165586,0.00433161484654,0.912759348379,0.00492090942059,0.0605777098697
C002154,3,0.0211178114667,0.682678223678,0.0210454823361,0.0188049153847,0.0247753198636,0.0342878583172,0.101926305344,0.0953640836098
C002156,2,0.00774315091162,0.0138021481075,0.0138581546289,0.00706508459935,0.0137959943241,0.68151336165,0.0168711403071,0.245350965471
C002157,3,0.0220932770735,0.0217826605699,0.26880542858,0.0216038693987,0.021846024782,0.0217826605699,0.508687359772,0.113398719254
C002158,3,0.0332697749985,0.0259033342564,0.026278229965,0.0256907207673,0.0258405190746,0.0259033342564,0.0288412463864,0.808272840295
C002160,3,0.018388936009,0.0253151747267,0.473073767989,0.0182380003878,0.0184424281175,0.018388936009,0.353871874877,0.0742808818833
C002162,4,0.0960616595853,0.121674026889,0.640400429235,0.0200863279854,0.0214320312042,0.0214320312042,0.023058388979,0.0558551049189
C002163,2,0.0116790990612,0.114190212992,0.0117455519096,0.0115969294964,0.0116790990612,0.0116790990612,0.0134909184202,0.813939089998
C002165,1,0.110149994099,0.00415687760983,0.00343437096067,0.0034865751494,0.00349166779037,0.858771887678,0.00467675178933,0.0118318749242
C002166,4,0.00812132668838,0.7308501285,0.0078730396663,0.00774600842232,0.00812132668838,0.00812132668838,0.117698759718,0.111468083628
C002167,1,0.0215972834717,0.00995547977717,0.00375961633136,0.0114220096306,0.00995547977717,0.164456537842,0.0123625459066,0.766491047264
C002168,1,0.00612667510249,0.0279972593696,0.00817523573173,0.0934824272453,0.00133090058444,0.009333702362,0.0326039937645,0.82094980584
C002169,0,0.00397075904374,0.0502208242465,0.00505649806909,0.00435874188025,0.044610063225,0.00403859107264,0.840815915772,0.0469286066911
C002171,1,0.0154770917378,0.116355552796,0.029376493681,0.0278225010456,0.456943388676,0.0283544472429,0.0394134082066,0.286257116615
C002172,1,0.00622040668931,0.00460355925588,0.00452485717965,0.334790809706,0.615560353145,0.00460355925588,0.00598389798144,0.0237125567867
C002173,1,0.68106944944,0.00701563711637,0.00690051340208,0.00700540472224,0.244376040991,0.00701563711637,0.00942827709351,0.0371890401177
C002174,4,0.00206445205433,0.00206696891238,0.00200133716283,0.00196818656289,0.969413400141,0.00206445205433,0.00244819998261,0.0179730031299
C002175,0,0.0246830730201,0.0345043011442,0.0341547180701,0.0342922982652,0.102513570654,0.00686892082384,0.3817826545,0.381200463522
C002176,4,0.00112797186161,0.0011293470183,0.00109854740026,0.00800477802521,0.0985601651396,0.00112797186161,0.884168507895,0.0047827107984
C002177,4,0.00176282381483,0.00359101103421,0.00374723855613,0.00355204948612,0.887719364786,0.00365385439355,0.00379721628364,0.0921764416453
C002178,0,0.00158081614974,0.00292024149593,0.0797520801822,0.894730337733,0.0020200266752,0.00290169979813,0.00312335115665,0.0129714468088
C002183,4,0.0019235342087,0.00192587926803,0.0018647274892,0.900232668078,0.0483648409389,0.0019235342087,0.00223613488984,0.0415286809187
C002184,0,0.350252596028,0.287696072377,0.00295806720909,0.342193535702,0.00297069150383,0.00295011507627,0.00370845449011,0.00727046761339
C002186,3,0.00707364180149,0.504743577774,0.00501005510072,0.00670013943147,0.00719556156969,0.0557899303512,0.387441917364,0.026045176608
C002187,0,0.00259641785108,0.00311448449366,0.00310379189053,0.659978086163,0.31030530518,0.00309470947495,0.00392344306279,0.0138837618835
C002188,3,0.000775583019524,0.00265499504801,0.00170620841691,0.00172491561421,0.00317472514096,0.0050253421496,0.00346380468461,0.981474425926
C002189,1,0.0147945865717,0.427035636637,0.410969370881,0.0147730084829,0.0147945865717,0.0147945865717,0.0178416090506,0.0849966152332
C002190,3,0.0677476525872,0.0589308157743,0.0249696789757,0.0246457948011,0.308040263618,0.0248497606016,0.0517697082803,0.439046325362
C002191,4,0.0374743666308,0.0842481834547,0.406445757743,0.0350833479287,0.0553725692908,0.0234076934375,0.0410087465575,0.316959334957
C002194,3,0.00452368931545,0.00402521131337,0.017876400429,0.00609724929651,0.0151670878029,0.00779374163767,0.00138698565135,0.943129634554
C002195,3,0.0261453664094,0.490371002942,0.0246657821862,0.0259307663304,0.0262214214229,0.0261453664094,0.0664067296109,0.314113564689
C002196,1,0.0103273496678,0.184276596627,0.0103154225325,0.0105186477482,0.0231474374572,0.0103273496678,0.718471961394,0.0326152349054
C002197,3,0.0017466252581,0.00162677358567,0.00162120183791,0.000401524193367,0.000894114473004,0.00438557448742,0.00202557425482,0.98729861191
C002198,3,0.000521898319878,0.00154372075998,0.00130528685377,0.000475565187273,0.000513966572651,0.000353559418361,0.00139887523526,0.993887127653
C002199,4,0.0262416817261,0.00730454681355,0.00711293969482,0.0258611689367,0.00279788705529,0.0160669905946,0.0136891057647,0.900925679414
C002200,2,0.00741440639987,0.616946363134,0.302375538473,0.00736224154161,0.00741440639987,0.0159410460115,0.0121746641309,0.0303713339096
C002202,4,0.00582983892974,0.0333915929299,0.0105502953694,0.0101686510986,0.00522994151573,0.00574620345264,0.119535933509,0.809547543195
C002205,1,0.0489918926497,0.00980294604052,0.009794781343,0.00937582895324,0.780174234264,0.00980294604052,0.0333888215608,0.0986685491487
C002206,4,0.212668571624,0.00517175109862,0.0175918044492,0.00483162418215,0.0051654536825,0.0051654536825,0.728752867961,0.0206524733202
C002207,2,0.0249170389436,0.0137378716326,0.0138265460758,0.00805721826748,0.0103508281724,0.0276519432629,0.829619845856,0.0718387077895
C002210,1,0.0423278894985,0.00617107261079,0.0110999909769,0.493315802168,0.0234367081629,0.00908358327428,0.361383472391,0.0531814809176
C002211,3,0.147002853262,0.0380908656966,0.0379604033519,0.0377782174567,0.0293594763593,0.0380908656966,0.0628827455817,0.608834572595
C002212,2,0.0118264177366,0.128387799241,0.011879703764,0.00944748671157,0.763425039069,0.0118264177366,0.014638811657,0.048568324084
C002215,2,0.0325890425456,0.00581171952823,0.00579876592698,0.00576825758207,0.0179769959832,0.00396346916055,0.897140790741,0.0309509585322
C002216,2,0.0127282520311,0.336079909393,0.0127358784475,0.158616898496,0.0127282520311,0.0127282520311,0.406205022549,0.0481775350214
C002217,0,0.0132628578218,0.138294732261,0.0128680023195,0.0106035840858,0.079510619899,0.00704023533362,0.0202630601518,0.718156908128
C002218,2,0.00154865496313,0.336470309142,0.00115836482824,0.00153775923362,0.0261170366709,0.619736456279,0.00192534763249,0.01150607125
C002221,2,0.00735352229791,0.034443941973,0.0355845800441,0.0258496688521,0.0100030534085,0.00515024174531,0.0105627460249,0.871052245654
C002222,4,0.000534735477468,0.000654594297953,0.000493179543718,0.000237617148816,0.00877939983119,0.000218852555087,0.000730440505658,0.98835118064
C002224,1,0.0447084873637,0.044888495749,0.0227551252302,0.0302287341559,0.0272069424655,0.265754250388,0.46178667396,0.102671290688
C002225,4,0.865726216362,0.0104213421985,0.0103184269272,0.00632680838767,0.00883582013506,0.0104381288496,0.0110501844099,0.0768830727305
C002227,4,0.013351213512,0.0204299391897,0.019781234391,0.0404140092067,0.0644591444927,0.0775888838419,0.569385609858,0.194589965508
C002232,0,0.187825630129,0.599813141494,0.0093345971256,0.00788302407462,0.134022071934,0.00927491091142,0.0106783128184,0.0411683115128
C002234,4,0.000847779177269,0.000846415774546,0.000827435983131,0.000809835385618,0.000686656951432,0.000847779177269,0.000928162552333,0.994205934998
C002235,2,0.0149833917013,0.661872096859,0.0150868322263,0.0148779744282,0.0149833917013,0.0108676889825,0.206417749142,0.0609108749594
C002236,1,0.0093647543753,0.0118802998172,0.843773392162,0.00935109576438,0.0480067331206,0.0093647543753,0.0158040918929,0.0524548784922
C002238,0,0.00910200384071,0.00945804638918,0.00942557516106,0.00526354116616,0.00946354275508,0.0166860395009,0.0381486997915,0.902452551395
C002241,1,0.28061217589,0.00625302418972,0.00782130747461,0.0078730393575,0.00273741398415,0.00788453905594,0.417499268169,0.269319231879
C002242,2,0.00263239242341,0.00263356661731,0.00264425313539,0.0069975721275,0.828687730391,0.14523763236,0.00324322904401,0.00792362390204
C002243,2,0.00337779141849,0.00115791971065,0.00116539378586,0.00767025260789,0.00104438141016,0.0327572194475,0.93816961678,0.0146574248397
C002245,0,0.00306494691617,0.00270662307069,0.00273658722361,0.00155556060022,0.00125320970151,0.00431447189849,0.00646662358462,0.977901977005
C002247,2,0.0184772613967,0.0778713560129,0.162873613412,0.0183472626253,0.0184772613967,0.0184772613967,0.31917407826,0.3663019055
C002248,0,0.0127888862912,0.00669115715947,0.488321772969,0.00240818459513,0.00225275146596,0.2359770245,0.241451256696,0.0101089663229
C002250,0,0.00788325697677,0.0669782546974,0.583366420544,0.0785125918277,0.0330216629249,0.0409334798998,0.139977042063,0.0493272910664
C002251,4,0.0152249459935,0.00103390509485,0.00100107586368,0.000967806977189,0.00103264615363,0.976722520726,0.00109855694354,0.00291854224784
C002252,0,0.00114956932665,0.00281881134327,0.00908420971624,0.00116920398058,0.00639033090315,0.00140769635666,0.00283143696741,0.975148741406
C002254,1,0.00255723589419,0.86579824947,0.00334427813833,0.00590540728574,0.00349088237755,0.0415814991257,0.0070699782141,0.0702524694942
C002256,0,0.143738396401,0.0258077783143,0.0257130391671,0.0258227760196,0.0258227760196,0.595194838523,0.0318143855297,0.126086010026
C002258,0,0.00281667426819,0.00315152958109,0.00321081851097,0.00315336103328,0.00315336103328,0.93315289317,0.00360164029721,0.0477597221064
C002261,0,0.00424095804832,0.865566731045,0.00483334167509,0.00485396917458,0.0244102217814,0.0506805751218,0.00621241404657,0.0392017891075
C002262,2,0.0148669904787,0.012023786842,0.0435256201324,0.118652285318,0.336000728173,0.106921135731,0.0232974029939,0.344712050331
C002264,1,0.0772578844705,0.0206722910209,0.0212026538939,0.0269434791991,0.0149722963109,0.668162341695,0.0255875504662,0.145201502943
C002265,4,0.0386068919623,0.115642989654,0.0378345247184,0.0365206727977,0.0386068919623,0.0386068919623,0.0461503256099,0.648030811333
C002266,2,0.00160811609584,0.00113980679349,0.00161536174876,0.000726117686059,0.968662695103,0.00160811609584,0.00203500876975,0.022604777707
C002267,2,0.0242990229784,0.0166181692998,0.174995032202,0.0234078067692,0.108729822672,0.15648583268,0.0298618491087,0.465602464289
C002269,2,0.0868639265698,0.715110503109,0.017092461957,0.01689607781,0.00900209042962,0.00691945802051,0.0202908949286,0.127824587176
C002270,2,0.0123983511686,0.733821446786,0.00773092288523,0.196191135699,0.00392983642145,0.00768718361693,0.0140433323347,0.0241977910878
C002273,4,0.00425325326705,0.00523975241433,0.0042532722287,0.212192782735,0.74338137068,0.00524819258396,0.00552950926422,0.0199018668272
C002274,2,0.00257005037322,0.00250125185364,0.00258779317571,0.0303849975824,0.00257005037322,0.0023453374455,0.00307289287557,0.953967626321
C002275,1,0.00418967334195,0.936001796005,0.00557248750605,0.00560904603449,0.00561723884732,0.00561723884732,0.00736649006645,0.0300260293512
C002276,2,0.000687076829181,0.000599527885982,0.000620271073355,0.00101062718985,0.000616018280957,0.000562153568156,0.000737662176447,0.995166662996
C002277,0,0.00566553772688,0.00641169508108,0.00634244995604,0.00641542111717,0.0483102617173,0.862895917978,0.00819253403461,0.0557661823884
C002278,4,0.00285108819712,0.0025310212882,0.000991851676784,0.000952600645881,0.00101841830588,0.00176397125458,0.00110386599024,0.988787182641
C002280,2,0.0423862139368,0.0412515635037,0.0426273870472,0.0420880011435,0.0423862139368,0.0423862139368,0.0475531921553,0.69932121434
C002281,2,0.000882773160447,0.000334527952083,0.00542292236272,0.00127713104955,0.000593837153138,0.00212727851879,0.00169097089383,0.987670558909
C002282,0,0.506209288551,0.101993873839,0.0167177051365,0.277540409888,0.0167850464955,0.0136220648449,0.0202078274144,0.0469237838312
C002285,1,0.0260833887368,0.0307151328228,0.289251175178,0.0444862320508,0.0359666756593,0.0445512105464,0.0766599716455,0.45228621336
C002286,1,0.0202663454908,0.0264996634779,0.0116161166429,0.0277366000314,0.0321039616737,0.129053058047,0.0340331166825,0.718691137954
C002287,1,0.0463217308092,0.0495577382418,0.0675556359683,0.0494854576633,0.0775172755725,0.130974179332,0.0585540935172,0.520033888895
C002288,3,0.0998136027285,0.24278095885,0.00606641377943,0.617213271319,0.00592054997576,0.00596248849814,0.00698788906063,0.0152548257879
C002290,0,0.00204214215914,0.00642907784291,0.0025999095372,0.906579321352,0.00451357808181,0.00365903201516,0.00719163640469,0.0669853026074
C002291,2,0.377983656716,0.21170075433,0.181006784402,0.0305112710469,0.0309204805964,0.0309204805964,0.0519296631058,0.0850269092064
C002292,3,0.0108581344473,0.271375183181,0.0270298073,0.555992575851,0.0107817612829,0.0108581344473,0.0113613942283,0.101743009262
C002293,2,0.0263421505282,0.0286732702895,0.0536906849041,0.0284588421632,0.0286604861135,0.434603715369,0.0349045490535,0.364666301579
C002294,1,0.00807229806599,0.300813467293,0.0080686054296,0.00806052451869,0.305480082688,0.346119513901,0.00955503349157,0.0138304746132
C002295,0,0.00173978864872,0.35824634141,0.00519868244045,0.172663125003,0.406050100612,0.00852659213571,0.00564722886989,0.0419281408803
C002296,2,0.00452059408126,0.00501293415382,0.00190437164643,0.0013587483631,0.00189131461764,0.0104868709073,0.00237315641894,0.972452009811
C002297,3,0.00426874793442,0.0228565051542,0.00425412734615,0.00423371022909,0.00423872272249,0.0380528915641,0.908667833304,0.0134274617454
C002298,1,0.00533337272572,0.00937730345395,0.0735166651472,0.0103578681612,0.0146124851224,0.840102890157,0.0128734894142,0.0338259258183
C002299,2,0.0316427336489,0.039463669335,0.0295403024596,0.0291313549462,0.0293377639581,0.0279709578083,0.695488995118,0.117424222726
C002300,0,0.409286428682,0.00678308635779,0.00675979876377,0.224130009926,0.00308709883596,0.31054329864,0.00803623688632,0.0313740419083
C002301,1,0.0050290138811,0.0648603676273,0.00502509330136,0.899668069214,0.00248855952094,0.0050290138811,0.00656125167043,0.0113386309035
C002303,0,0.0103089069768,0.0115488847356,0.00927506000282,0.0115555961529,0.0348849917431,0.858615603077,0.0145317906556,0.0492791666564
C002304,1,0.135408209795,0.0199325432453,0.0182294595828,0.0190640767885,0.0199325432453,0.0579198704018,0.0277538045381,0.701759492403
C002307,2,0.035191563175,0.0352072605759,0.0351536077994,0.0349439691256,0.0273010289429,0.035191563175,0.040271503734,0.756739503472
C002308,3,0.0213534352759,0.101673646651,0.0197635482949,0.0278746984011,0.0276024047327,0.0262676250906,0.229710364812,0.545754276742
C002309,2,0.00222471720972,0.0939330070825,0.00653766192944,0.815680778149,0.00942567889056,0.0485179106768,0.00768847543112,0.0159917706312
C002310,2,0.0228963086037,0.0229065216348,0.0230543773658,0.0227352191476,0.0228963086037,0.0228963086037,0.264374152768,0.598240803272
C002311,3,0.00571575335754,0.00938487410045,0.851576446647,0.00566883869193,0.00573238007798,0.00571575335754,0.0078951444663,0.108310809302
C002312,0,0.0177515960807,0.265995593394,0.0251751002237,0.376978360732,0.0249779450444,0.0248049358726,0.0290402741633,0.23527619449
C002313,3,0.00615987856239,0.0137766682976,0.00613878079564,0.00310889718455,0.00611655165198,0.00456229441931,0.00724537499941,0.952891554089
C002314,1,0.00580280856166,0.00780502122165,0.0063883315473,0.136353924586,0.00780502122165,0.00780502122165,0.0103129799937,0.817726891646
C002315,2,0.706874029302,0.0188925167117,0.01364825717,0.0485163281001,0.00998584034089,0.0125905607654,0.0215518577184,0.167940609891
C002316,4,0.00165886887956,0.970711539657,0.0016155953504,0.00155470958782,0.00181206608163,0.00165886887956,0.00182442862977,0.0191639229341
C002318,1,0.325041188255,0.0470800270252,0.0462751506957,0.0824587984575,0.0470800270252,0.0470800270252,0.0591431075941,0.345841673922
C002319,2,0.0361059349859,0.00984067460904,0.70103929811,0.00710839176561,0.0259033436775,0.131906034217,0.0137179683013,0.0743783543331
C002320,1,0.00760009968435,0.292014365475,0.384665964126,0.0312859583941,0.193648353164,0.00760009968435,0.0558994102546,0.0272857492174
C002321,4,0.0199390453797,0.00630097950711,0.00491724129445,0.00325271579205,0.00497428518692,0.00497428518692,0.00577720574691,0.949864241906
C002323,2,0.729675761012,0.00906099192238,0.0091194783048,0.178142693834,0.012684283391,0.00905695201641,0.0113746007193,0.0408852388005
C002330,4,0.0231638800235,0.036566615183,0.0349218797783,0.0335040488982,0.0184116163806,0.0358189309095,0.050246030646,0.767366998181
C002331,2,0.00746310152099,0.00523027582576,0.00361069201379,0.00519116210645,0.00522794387109,0.941274827652,0.00656689365039,0.0254351033596
C002333,1,0.00263240296385,0.00407292593549,0.00404026232058,0.00406698552228,0.141902278018,0.00407292593549,0.819768820775,0.0194433985294
C002334,0,0.0159958959018,0.0200144714448,0.0102480899645,0.806408109568,0.0310662995662,0.0228037397829,0.0109597738765,0.0825036198957
C002335,0,0.0574283334093,0.0238678902293,0.0270050691869,0.0269866760055,0.625912935664,0.0548315762235,0.0299277960956,0.154039723186
C002338,2,0.00714778095164,0.00598531952525,0.929060400459,0.00709749196555,0.00714778095164,0.00714778095164,0.0057032823437,0.0307101628514
C002339,4,0.509582651915,0.0952544451787,0.013198091286,0.0560549602118,0.0158220165029,0.0216250182197,0.0313935653651,0.257069251321
C002341,4,0.777847838005,0.00751219307545,0.0074380069127,0.0400621655255,0.00639225323894,0.00657891362223,0.11934621685,0.0348224127704
C002342,4,0.227191616235,0.0237468818974,0.533069493953,0.0251445882557,0.0106196017049,0.0166774671175,0.0228849867455,0.140665364091
C002345,2,0.0880519862646,0.0374428491932,0.0470649343804,0.0704246180624,0.0378187395448,0.151910125328,0.081526613915,0.485760133311
C002346,0,0.0234439042917,0.0286441984145,0.122165354458,0.281532046777,0.0286608444521,0.0284623257608,0.0304361258482,0.456655199997
C002348,2,0.4132616613,0.00578751528337,0.00451172319037,0.00372100726293,0.38466091076,0.0881936302011,0.00735572220055,0.0925078298021
C002349,1,0.0355173724499,0.0355173724499,0.0346965647111,0.0354655699197,0.0355173724499,0.0355173724499,0.335826711138,0.451941664432
C002351,0,0.000439530965369,0.00112095357033,0.00111710512874,0.000648925049876,0.0081784632598,0.000329638805011,0.00119393283448,0.986971450386
C002352,0,0.334978445126,0.0100721932193,0.393781877423,0.00468919195575,0.166017955833,0.0406281726579,0.0158944206927,0.0339377430926
C002353,0,0.00140497012144,0.001533581702,0.961501685462,0.00153447291418,0.0191562894948,0.00152384442223,0.0019701845304,0.0113749713528
C002354,1,0.00235310044361,0.00235310044361,0.00235114058855,0.0023496684173,0.000944309320248,0.962969566042,0.00293687826128,0.0237422364837
C002355,4,0.00873996941725,0.00875062467189,0.00863974157407,0.302922547083,0.231888667814,0.00873996941725,0.125401531853,0.30491694817
C002358,2,0.00371533695705,0.00371699420465,0.0405314157705,0.69002782168,0.241485791968,0.00371533695705,0.00474790392511,0.0120593985381
C002359,3,0.0107263882402,0.0125071652084,0.0124643277967,0.0124045069171,0.0900981246986,0.00639787555475,0.808236600385,0.0471650111997
C002360,3,0.228098463935,0.005947898219,0.0059275264912,0.00589907811803,0.614199376749,0.005947898219,0.076417283396,0.0575624748731
C002361,0,0.00526642252682,0.00151557367186,0.00149956353162,0.00156389508827,0.00151645441901,0.000523742817129,0.000505402094728,0.987608945851
C002362,1,0.00503369894194,0.664703938264,0.00566753589801,0.296849210324,0.00358808668108,0.00526999404976,0.00680674635932,0.0120807894816
C002363,3,0.0191024949692,0.0191024949692,0.0337659887868,0.264262908332,0.123420231384,0.00745808969744,0.0216918729904,0.511195918871
C002365,4,0.00460332018323,0.00459591710063,0.00455053042718,0.00439729079892,0.938584556571,0.00735940547872,0.00517570306618,0.0307332763745
C002366,3,0.0924906863933,0.0132354012352,0.0259412261613,0.0131267656129,0.0477267165627,0.0132354012352,0.014093746405,0.780150056395
C002367,3,0.00252961971267,0.00252961971267,0.00252095569014,0.67756118324,0.00249846804813,0.00237442455012,0.264619103908,0.045366625138
C002368,2,0.534465077062,0.0017674725366,0.00103607421074,0.00175425479684,0.449234236837,0.00176668449673,0.00113944234275,0.00883675771757
C002370,0,0.00397783113797,0.00444155330085,0.00431784788638,0.00444413442607,0.926216300936,0.00441335222942,0.00488463061404,0.047304349469
C002371,4,0.000514026668627,0.000713088571586,0.00087463900143,0.000843913734646,0.00113140817355,0.000902221932834,0.00102166862027,0.993999033297
C002372,3,0.00407949399526,0.00352524875992,0.00261609671199,0.00349631366486,0.0779146435849,0.865953121216,0.00382429216398,0.0385907899032
C002373,2,0.0155226241095,0.0244332854061,0.337910174597,0.0200520796271,0.464314995705,0.00667649256661,0.0417521582741,0.0893381897148
C002375,0,0.0252126549541,0.006133146965,0.00611063246934,0.0879048910564,0.0133762149902,0.0215940914435,0.00754603103401,0.832122337087
C002376,4,0.00963216393236,0.0390630366304,0.0410979460022,0.00890942650518,0.009584944165,0.0112778115518,0.852520365845,0.027914305368
C002377,1,0.000721296596201,0.00123806375992,0.00122089196335,0.000543891550597,0.000534459023896,0.00211531536132,0.00144848546574,0.992177596279
C002378,4,0.00914091541709,0.0995747538347,0.00891198986555,0.00851338737577,0.00572566718542,0.00914091541709,0.115503203136,0.743489167769
C002379,2,0.0294874834762,0.0410262448519,0.0125996368899,0.0123771227458,0.0122680575173,0.79225359958,0.0149291852283,0.085058669711
C002380,1,0.00701461659047,0.00701461659047,0.00700651535595,0.901934265073,0.0140112783699,0.00701461659047,0.00930334870949,0.0467007427199
C002381,3,0.0532429233652,0.0183670878225,0.142219549821,0.575630406546,0.0237105374345,0.0612903556416,0.0224301395494,0.10310899982
C002382,2,0.00904064621166,0.00904467884432,0.00909208654013,0.0100286360817,0.00904064621166,0.312709781702,0.0137940864511,0.627249437958
C002383,3,0.597651895727,0.00962667846528,0.015443305601,0.0374580338114,0.0248940263101,0.0189132138519,0.0204594412901,0.275553404943
C002386,4,0.00483448262518,0.0250987501921,0.0347160466569,0.00452204290188,0.0431475169349,0.00483448262518,0.00549290676723,0.877353771297
C002387,1,0.00571500860548,0.891786390124,0.00585942968868,0.00546600408998,0.0111925525235,0.00384128198391,0.00757939079636,0.0685599421882
C002388,0,0.00238650074376,0.00292097223199,0.00272705166709,0.00245502088827,0.00264598443673,0.973680055262,0.00287313023992,0.0103112845299
C002389,4,0.00048028654541,0.00114538172292,0.00281293054861,0.00161282313563,0.00108232378004,0.00108232378004,0.00108943203876,0.990694498449
C002390,2,0.00381152837265,0.00642956441498,0.00645565437825,0.0217439720073,0.00253464910151,0.0168517884198,0.00872828854934,0.933444554756
C002392,3,0.698545820896,0.0107211586593,0.183459383685,0.0106331598353,0.0444862844349,0.00536490872862,0.0110325308589,0.0357567529019
C002394,2,0.0134100642924,0.0134160459294,0.0134704857207,0.350289954949,0.066195538425,0.0134100642924,0.27360353902,0.256204307371
C002395,0,0.161901791807,0.278229174214,0.0141937073308,0.00862216060414,0.17037257242,0.275145950128,0.0444479454799,0.0470866980164
C002396,4,0.0544944333802,0.0182618080034,0.0203781074407,0.331714083363,0.026072567254,0.0936265243286,0.180962098158,0.274490378072
C002397,4,0.0110601561159,0.0110736400052,0.851113087384,0.0103453677126,0.0110601561159,0.0110601561159,0.0125001338221,0.0817873027281
C002398,4,0.280063908145,0.00784589039153,0.00763191680918,0.00734429833164,0.00783633679242,0.656170915428,0.00843369731522,0.0246730367868
C002399,4,0.00390918718118,0.00477707377072,0.00364184769189,0.941117452809,0.00443602084248,0.00478476865967,0.00532838199407,0.032005267051
C002401,4,0.011519935319,0.00201285152165,0.00194893814291,0.00188047373154,0.00201040055999,0.00201040055999,0.970925953156,0.00769104700894
C002402,2,0.0302798979808,0.433014033641,0.0134966102168,0.0300668604831,0.0157685261356,0.0302798979808,0.0372967612617,0.4097974123
C002403,3,0.0114590211812,0.0370994490497,0.49562350931,0.0304132802939,0.0694550565531,0.0182867461014,0.0395559389153,0.298106998596
C002404,2,0.00562235483366,0.0396946320832,0.00561232559702,0.00554794715163,0.00293675988736,0.165215846959,0.00701631912022,0.768353814368
C002405,1,0.383337516906,0.00173540007693,0.486314725448,0.0971095229385,0.00173540007693,0.00173540007693,0.0226951035424,0.00533693093446
C002406,0,0.00277734951007,0.00309580364418,0.00297334580331,0.00358783947009,0.00298532287468,0.937418820716,0.00347142625081,0.0436900917313
C002407,1,0.00458120120621,0.0059947367102,0.0060117673652,0.00598599331203,0.0100785627161,0.00563543637631,0.915689364951,0.0460229373628
C002408,3,0.0327195093302,0.0432642466747,0.0431160653467,0.355516790437,0.0406094933185,0.136729689811,0.0530594672163,0.294984737865
C002409,4,0.0083960361864,0.648678544066,0.00699906108559,0.00785342275158,0.00908860494109,0.0347633519858,0.0091946676823,0.275026311301
C002412,0,0.0047644900032,0.00482278439756,0.000754900505767,0.0024243886848,0.00116879514177,0.00220295290975,0.00315095790807,0.980710730449
C002413,4,0.00661414193678,0.00719116856611,0.0538606111477,0.00671823204158,0.00213435218176,0.00718241219326,0.00834155812979,0.907957523803
C002414,3,0.0433295203447,0.0433295203447,0.044294596818,0.0429738734455,0.0432244469332,0.0433295203447,0.0464741582701,0.693044363499
C002416,3,0.00376821173977,0.793705476562,0.0155668516435,0.00630067142022,0.0321901201402,0.0719394160968,0.00927607241826,0.0672531799789
C002418,2,0.203074203596,0.00249016096221,0.00676281207038,0.13073175364,0.0144725510895,0.575954964223,0.00836303192189,0.0581505224977
C002419,4,0.00674498854342,0.00675321163518,0.00653877923999,0.725921684771,0.00674498854342,0.00674498854342,0.0251659943022,0.215385364421
C002420,0,0.0306989905925,0.0166440939675,0.520918796581,0.0152049449605,0.0431407414079,0.203739209429,0.0199239037031,0.149729319358
C002421,4,0.00799726482536,0.00117400069917,0.0011367230607,0.00109679102103,0.00117257116964,0.0227892596757,0.961236314772,0.00339707477673
C002424,1,0.0149799842156,0.0149799842156,0.0153692601808,0.014958135722,0.799913984575,0.0149799842156,0.0229440762803,0.101874590595
C002426,3,0.0225930981336,0.0154717286368,0.0225414215915,0.0224076549246,0.151214950138,0.0225930981336,0.0264374586518,0.71674058979
C002428,4,0.00760044683262,0.00927738783638,0.00465586156564,0.00863738886352,0.00926609116517,0.00926609116517,0.873904306336,0.0773924262358
C002429,4,0.0150669681164,0.0150853368743,0.606140656597,0.00996577329572,0.192318222973,0.0150669681164,0.0250747346673,0.12128133936
C002430,0,0.00383494841515,0.937881108545,0.00411667481395,0.00271069112857,0.00279482715299,0.0041046284678,0.004337229828,0.040219891649
C002431,4,0.914996620006,0.00338334676975,0.00329107593846,0.00316704756203,0.00393749352161,0.0033792270157,0.00278846345375,0.0650567257332
C002434,4,0.00578241838822,0.00797915348152,0.00776154554037,0.0143966184947,0.00701846166008,0.14893935505,0.033547228365,0.77457521902
C002438,3,0.025248608873,0.025248608873,0.0293270744906,0.655631676149,0.0239424132881,0.025248608873,0.0212370186321,0.194115990822
C002439,0,0.00513522849293,0.0109357209345,0.00479553235063,0.0109420760232,0.00990708347579,0.0161108618446,0.0223262691474,0.919847227731
C002441,0,0.00239847937507,0.0186417899621,0.767039625773,0.00268046451525,0.00268046451525,0.193230150013,0.00294359809513,0.0103854277508
C002442,4,0.00714412536379,0.38142106688,0.00695776252285,0.0881116946878,0.00714412536379,0.466969834197,0.00766996114297,0.0345814298422
C002443,1,0.00541896432084,0.0366446898888,0.0134035304423,0.529519842321,0.00617902383041,0.00528004930586,0.0100970833776,0.393456816514
C002446,3,0.0163979100645,0.119031610597,0.0228027460004,0.00853554123154,0.0236683483511,0.023904700705,0.0284473885256,0.757211754525
C002448,2,0.00265147350089,0.0223797529862,0.00224329707894,0.00967444017022,0.00466202706585,0.00374580767453,0.00551907491078,0.949124126613
C002449,0,0.0020119105773,0.00221949163888,0.00226178600668,0.00222078145473,0.00188731474731,0.969735310564,0.00711345400707,0.0125499510042
C002450,2,0.0751056762755,0.0748498538298,0.0366642835447,0.06269610014,0.0631403307672,0.0631403307672,0.0757119304477,0.548691494228
C002451,2,0.0164456630604,0.00858809673951,0.432728066774,0.0173695225145,0.0164456630604,0.370020018629,0.020845392263,0.117557576959
C002452,4,0.00206355284412,0.00399991274254,0.830505384671,0.0524605193715,0.00108757019379,0.0970631449009,0.00229650121275,0.010523414063
C002453,3,0.0141409557989,0.211086138662,0.020004869479,0.581612442583,0.0416010194011,0.0200736222303,0.0167288161389,0.0947521357071
C002454,3,0.573794214277,0.00999513857419,0.0539793221242,0.198820813744,0.00766285204716,0.0163870346028,0.018054449035,0.121306175596
C002456,2,0.0102189462305,0.00773718504999,0.00576854187838,0.119012115615,0.0102189462305,0.787927849535,0.012100149985,0.0470162654747
C002457,2,0.33678727706,0.586036070204,0.00863780841077,0.00851822905725,0.0085785846173,0.0085785846173,0.0105286599046,0.032334786128
C002458,4,0.00543531810344,0.00542657699761,0.916195126105,0.00509403803543,0.00608989128632,0.00543531810344,0.00585740085144,0.0504663305173
C002459,4,0.100515914061,0.596812083564,0.0116432483829,0.202341430881,0.00736745533063,0.0362262106585,0.0114147726084,0.033678884514
C002460,4,0.0621873310963,0.0616623703578,0.120924293971,0.0662046331556,0.0707166459875,0.0707166459875,0.0737233984199,0.473864681024
C002461,2,0.0120242601059,0.0120296235968,0.0534511918726,0.0119396621231,0.0365373075015,0.406859688279,0.0147289186661,0.452429347855
C002462,0,0.00777589912829,0.00855466295514,0.00852325918753,0.692702885402,0.00855963433674,0.188692463451,0.0103786241447,0.0748125713944
C002463,2,0.236307385321,0.0622089282465,0.00883043821985,0.0129360798848,0.0389409976746,0.102788367024,0.026963134295,0.511024669334
C002465,2,0.0151361297546,0.0118097068245,0.139490396596,0.0378079878493,0.00761178262323,0.0174106490496,0.565354120285,0.205379227017
C002467,3,0.0129622266563,0.774948812888,0.0181600517779,0.0180728950303,0.0161652810043,0.0209944615494,0.0162293885262,0.122466882567
C002469,2,0.0118574827424,0.00857321765056,0.0230990559927,0.0265834939046,0.137754717382,0.0367217978633,0.525773457378,0.229636777087
C002470,2,0.050646851685,0.00931603358835,0.0214422763427,0.0134597054159,0.0120560868485,0.0311937239778,0.0501505926689,0.811734729473
C002474,4,0.00181436115201,0.001816573114,0.00176703142562,0.231654145961,0.00181436115201,0.00951568508818,0.730509114794,0.021108727314
C002476,3,0.00504411366403,0.921252334991,0.00506845522287,0.0049803698712,0.00503188176701,0.00504411366403,0.00578595227904,0.0477927785406
C002477,0,0.205615331734,0.499867635097,0.00419857047147,0.240941978756,0.00237921392897,0.00306587236556,0.00675361618752,0.0371777814587
C002479,0,0.0376636415076,0.0409915948011,0.0417727257398,0.0313019053172,0.103209407548,0.0381976257515,0.053137808549,0.653725290786
C002484,1,0.000692062056259,0.000825778872592,0.988362228554,0.000824574463818,0.000438052792839,0.000942224735293,0.000892200775134,0.0070228777497
C002485,1,0.0148734643953,0.753521075043,0.0150497260098,0.0152957479525,0.0150175708244,0.0150175708244,0.0718539222402,0.0993709227107
C002486,3,0.00360589913928,0.0108061212185,0.00528716844266,0.168126776126,0.00282254642184,0.00575772332048,0.145416612267,0.658177153065
C002487,1,0.00761642051686,0.0138166289565,0.701051102399,0.017559376927,0.0137072837263,0.0645149265638,0.112719971381,0.0690142895288
C002488,4,0.00464766785689,0.0046533340191,0.00457320687016,0.0184066471723,0.00967566377426,0.00239973113004,0.00517817986625,0.950465569311
C002489,1,0.00605293003658,0.059832702497,0.0156695067397,0.00881915246343,0.830750770819,0.00545686395411,0.00770655002034,0.0657115234702
C002490,3,0.0037871709878,0.063831829259,0.435179812821,0.00373931151061,0.00376053305714,0.0277043033025,0.453655397041,0.00834164202125
C002491,0,0.3743081801,0.012764882435,0.0127210582252,0.0059374792182,0.0127723005065,0.0124916794168,0.111294475047,0.457709945051
C002492,3,0.00634413074037,0.00634413074037,0.00632240190444,0.747689557193,0.00636258536599,0.00634413074037,0.150739784307,0.0698532790086
C002493,3,0.0149805080042,0.0322051582009,0.133410006476,0.0319408196031,0.232277778312,0.0283326144568,0.0348428124168,0.49201030253
C002495,2,0.30991625839,0.00138042715567,0.00138602866946,0.638689676609,0.0102243141562,0.00137981168266,0.0299228573757,0.00710062596102
C002496,3,0.0290057732348,0.00630217490306,0.0415225953824,0.00274673236687,0.00997899609943,0.00493263516261,0.889418731275,0.0160923615755
C002497,1,0.0404527034017,0.0299134636418,0.0289536934979,0.0198413447367,0.533202298911,0.0273405756054,0.0353783458572,0.284917574348
C002498,0,0.00989029646223,0.00966418454974,0.0111596578006,0.592718067351,0.0105695658729,0.0109955707682,0.0135259233262,0.341476733869
C002499,2,0.174598775158,0.0132475731011,0.026336599887,0.555432114657,0.0130141738215,0.12563312516,0.0165185226596,0.0752191155561
C002500,4,0.0145583969179,0.637489801732,0.0131852694312,0.0136442846993,0.0145583969179,0.0253027901226,0.0199887913249,0.261272268855
C002501,0,0.1914497254,0.027057840992,0.0269649464035,0.0270735651477,0.593892185173,0.0268860407107,0.0291037934591,0.0775719027145
C002502,4,0.00764089778243,0.184052537071,0.0127907700092,0.00666486574759,0.116733542562,0.0117137895125,0.501051429244,0.159352168071
C002503,0,0.0215004551433,0.00995172618371,0.0127529284236,0.028705509723,0.00646475456608,0.038486579468,0.0158899439199,0.866248102572
C002510,1,0.00566619295902,0.00269221424065,0.00839301270982,0.00405633877366,0.0025612114557,0.00376439028044,0.00539468059709,0.967471958984
C002511,0,0.00589562563427,0.0116295730385,0.193449921565,0.0169431847746,0.00751089259414,0.00826802308414,0.656609937475,0.0996928418351
C002512,1,0.249652367518,0.298645553213,0.0106130674142,0.0105015365307,0.0754779196929,0.0107023183516,0.310922351109,0.03348488617
C002514,3,0.0208266171554,0.211911988536,0.510452104063,0.064674153345,0.0208872003051,0.0208266171554,0.0235699787798,0.126851340661
C002515,4,0.254836691856,0.0288243840121,0.0254256059021,0.0546367452518,0.107761967548,0.190427217662,0.0650495056998,0.273037882068
C002516,0,0.00248551001634,0.00278907391862,0.00284222217837,0.0028582550786,0.00279069473651,0.949049073857,0.00303364345168,0.0341515267625
C002519,3,0.00799689320893,0.00799689320893,0.0080354841011,0.00789583436332,0.00797750086753,0.00799689320893,0.859643316314,0.0924571847273
C002520,3,0.00415306529498,0.00830115405669,0.00619603662269,0.00823301852978,0.00824276599686,0.00830115405669,0.728278100032,0.228294705411
C002521,3,0.0619557082792,0.756557103827,0.0116305283759,0.0300914892782,0.0196740150214,0.0219691750387,0.0233926554961,0.0747293246836
C002522,0,0.00160349172139,0.00176517188351,0.00179837961624,0.00176619767997,0.0626340073667,0.921729648594,0.00211741117,0.00658569196793
C002523,4,0.00309389098505,0.0430599856801,0.583812132243,0.0028896380885,0.232496369004,0.122273620871,0.00336745974136,0.00900690338697
C002526,0,0.00876343835113,0.00662888089991,0.0101244286519,0.349400456188,0.163501235107,0.39591843552,0.0355433011361,0.0301198241459
C002527,3,0.0216864448038,0.00245567351709,0.00209983458615,0.00374559614486,0.00168101104297,0.00162398561021,0.00249681719469,0.9642106371
C002528,0,0.123878954293,0.0644742556332,0.0251678753359,0.0149756311288,0.0352989253205,0.281464933693,0.0265625840961,0.4281768405
C002529,2,0.00469138086988,0.00531667310635,0.0136578422746,0.00782789479996,0.0133796524934,0.895199037778,0.0102575619668,0.0496699567114
C002530,1,0.434577705352,0.00857526263827,0.305567343303,0.00873410603324,0.00857526263827,0.0686475517828,0.0105197451548,0.154803023098
C002531,4,0.0053822052762,0.00528963567057,0.00484780467007,0.846561706669,0.0900276781144,0.0053822052762,0.00795111952353,0.0345576448
C002533,2,0.0424372259997,0.041301210008,0.0426786893634,0.0421386543056,0.0424372259997,0.0424372259997,0.0476104227076,0.698959345616
C002534,3,0.0712977823386,0.101473832234,0.0125146070019,0.00191290629494,0.00212858863643,0.0021224146829,0.795350962992,0.0131989058194
C002538,2,0.0156557400077,0.017104122881,0.0349365071288,0.0621018065737,0.520251711106,0.0285531516493,0.0877356354062,0.233661325247
C002539,2,0.0552648279158,0.0537854256502,0.0500282419653,0.0548760062408,0.0373561476136,0.0552648279158,0.0626368123199,0.630787710379
C002540,3,0.00898604271401,0.036689992131,0.00127735350636,0.00378046125316,0.871814211052,0.0152745493334,0.0100733886422,0.0521040013683
C002541,1,0.0100100532721,0.010629231094,0.196008888606,0.00999545348472,0.0100100532721,0.668598373588,0.0133811783835,0.0813667682998
C002542,2,0.00439747840138,0.00439943992213,0.00442783718017,0.00436653946641,0.00439747840138,0.00439747840138,0.934677172007,0.0389365762206
C002544,4,0.00736202132519,0.00737099666688,0.00617840377366,0.0421346261383,0.00736202132519,0.806719818982,0.00813625310875,0.11473585868
C002545,1,0.0051194483702,0.0109847978236,0.0106697936157,0.0106274745315,0.845975792248,0.0140807162231,0.0144790398384,0.0880629373497
C002546,4,0.00523557937491,0.0111145543222,0.0110706288564,0.0103835912465,0.00793608986621,0.0111010206133,0.873259389159,0.0698991465615
C002548,2,0.00450075166593,0.0627336207843,0.314514424505,0.00446908614072,0.00239935188706,0.594279782834,0.00557453578796,0.0115284463949
C002550,4,0.00276511097047,0.00345279103357,0.0181490361904,0.00259149146153,0.00276511097047,0.957969704036,0.00293932571602,0.00936742962198
C002551,4,0.00962550470242,0.0128475396573,0.0715979163845,0.0419916873991,0.00460159185759,0.125058516634,0.0185000747247,0.715777168641
C002553,1,0.00434905292382,0.00383674690107,0.936047934645,0.00434270977596,0.0123247136531,0.00434905292382,0.00563610587145,0.0291136833059
C002554,3,0.010088941835,0.0575099356578,0.623926352647,0.0180499037352,0.0148942091845,0.0169310308735,0.0302910034912,0.228308622576
C002555,4,0.00400466021585,0.0761500193061,0.888556332627,0.00374028003803,0.00324038567442,0.00400466021585,0.00445308190922,0.0158505800132
C002557,1,0.00526324760013,0.73127153296,0.0820942768905,0.0123825997123,0.0340840226221,0.0489226662114,0.0146608520971,0.0713208019069
C002558,1,0.00641199594197,0.00920754876951,0.00923073084438,0.0484994045487,0.00347282668163,0.00461311250271,0.0104869596287,0.908077421082
C002559,0,0.0667905724222,0.0186390071248,0.739491514696,0.0186498388335,0.0186498388335,0.0185206611464,0.0234441696125,0.0958143973313
C002561,1,0.0728510051293,0.532501927073,0.0161889384191,0.180966693252,0.0136491516937,0.0165078727904,0.0956293453397,0.0717050663021
C002563,0,0.00998475286215,0.0091550199261,0.769583481452,0.0111922410417,0.0564477991058,0.0111147182371,0.0123156159913,0.120206371384
C002564,0,0.277747860302,0.00920336458798,0.0164757646391,0.00721831039294,0.00920871295034,0.00914492900823,0.00881562187488,0.662185436244
C002565,2,0.614321982086,0.0709026066518,0.00891826220595,0.00881579567303,0.00519956239994,0.0172994693323,0.236391116382,0.0381512052689
C002566,2,0.0173378279104,0.00305539610543,0.00176715352207,0.956635823245,0.00115311400268,0.00305403383592,0.00360918233067,0.0133874690474
C002567,3,0.320941077121,0.043318929824,0.0431705612046,0.0429633698514,0.263904433084,0.043318929824,0.0534482488458,0.188934450245
C002568,2,0.00362058787913,0.00782458566939,0.604277730391,0.0114986885872,0.0115801620701,0.0123053393043,0.314354005188,0.034538900911
C002569,1,0.00446074523497,0.519477751797,0.12545731368,0.174444192875,0.00446074523497,0.00974588136278,0.122970339272,0.0389830305432
C002571,1,0.744357374229,0.00476570999867,0.00488797780362,0.00475875915127,0.194502938846,0.00476570999867,0.00605753091452,0.0359039990576
C002573,2,0.0115172682435,0.450852082949,0.205197092659,0.00745602593933,0.0115172682435,0.0115172682435,0.0133672820181,0.288575711704
C002578,0,0.013054899861,0.00119860135847,0.876640527678,0.00467470442216,0.00119929790313,0.0918333565392,0.00126398106242,0.010134631176
C002581,0,0.0657239239207,0.00259996886573,0.127505698502,0.00260147978877,0.00260147978877,0.021235161959,0.763100474421,0.0146318127541
C002585,2,0.00147882666366,0.00199475159567,0.0190751183566,0.0014684222187,0.0010930173224,0.00147882666366,0.000909333452771,0.972501703727
C002587,1,0.00279360018187,0.00279360018187,0.00274775835398,0.107181503227,0.0621834446918,0.800188726296,0.00352601174132,0.0185853553263
C002588,1,0.000474540285414,0.0013876559275,0.00103857021573,0.00103060991687,0.000332897717589,0.000697679307218,0.00133734919374,0.993700697436
C002590,0,0.00171015609401,0.00383160701362,0.0111799407797,0.00769985330425,0.00119567769908,0.0012191903965,0.00419511770909,0.968968457004
C002591,1,0.290093271161,0.567302954406,0.0929582052825,0.00483358654362,0.00290677184732,0.00453177500613,0.00516922356161,0.0322042121918
C002592,4,0.00402239177005,0.00567100780181,0.00471937263686,0.00457244596309,0.00568014263569,0.00100590591688,0.0404183632439,0.933910370032
C002593,1,0.00309637653277,0.610710667281,0.00493181145705,0.00404350715722,0.00599412249224,0.185250387714,0.0573612419317,0.128611885433
C002594,3,0.0066256073029,0.0066256073029,0.00665758073187,0.0678786290538,0.811231469832,0.0066256073029,0.00700072582627,0.087354772647
C002595,3,0.0225674313148,0.0202759322174,0.0195341333536,0.631203905541,0.014370979601,0.0202759322174,0.126876146811,0.144895538944
C002598,3,0.106323779299,0.0321187651187,0.0320453007931,0.0318551356317,0.22387635192,0.0321187651187,0.120201348547,0.421460553572
C002599,2,0.00063909559444,0.00115301416058,0.00115769287521,0.000601843698709,0.00115250008124,0.00155629149855,0.00143389011109,0.99230567198
C002604,2,0.00265410409908,0.804797230715,0.0119302395545,0.0117931668539,0.00672111825763,0.0254584613255,0.0472198510107,0.0894258281836
C002605,3,0.0199617934122,0.0106304206725,0.0903103881655,0.0259351537366,0.0052631725863,0.645787350811,0.0159434697896,0.186168250826
C002606,2,0.0271043038095,0.0274567104216,0.167302321795,0.0272513801291,0.525839710145,0.0274444686572,0.0351370840817,0.162464020961
C002608,0,0.0666687983753,0.761142841348,0.0193182254116,0.0150000026657,0.0150000026657,0.0148961054863,0.0175197942318,0.0904542298161
C002610,3,0.0066687946886,0.614523079119,0.142788303795,0.156056755438,0.00853308123954,0.00850833110881,0.00947668241131,0.0534449721998
C002611,3,0.00722359237714,0.153438538924,0.00719885135901,0.0410434664932,0.00626177653562,0.00552062006842,0.00831327499985,0.770999879242
C002612,3,0.00264200188367,0.00767578284363,0.00764949305976,0.113960430446,0.0013858642043,0.00767578284363,0.00603830725004,0.852972337469
C002615,4,0.00257427088926,0.0248007169016,0.00253302810763,0.00245905503955,0.934962323272,0.00257427088926,0.00275640650945,0.027339928391
C002617,4,0.0365899954029,0.0727411035769,0.0149947121384,0.0144013190705,0.0477644537481,0.0153963437182,0.017197556079,0.780914516266
C002619,2,0.0166428920537,0.0310115867174,0.30520937545,0.0195782048236,0.0149018380368,0.0523152429196,0.0352678699171,0.525072990082
C002620,2,0.00386462345803,0.00386634729573,0.00389130357739,0.158621923005,0.0533718090396,0.754405999357,0.00484383741505,0.0171341568523
C002621,2,0.231528706517,0.0171962452912,0.28351624334,0.0779821478692,0.00897002926566,0.0135861337813,0.336154938697,0.0310655552389
C002622,3,0.390735068134,0.0421947630352,0.134588925478,0.0122601799409,0.0122746953583,0.0123616437987,0.340776267122,0.0548084571322
C002623,0,0.0154436698346,0.00219160458546,0.177350954423,0.712371168669,0.00219287819527,0.00217768927402,0.0789689450676,0.00930308995042
C002625,2,0.00106812235361,0.941417449556,0.050211695055,0.00105398654917,0.00106812235361,0.00106812235361,0.000889624324762,0.00322287745465
C002626,3,0.0159018896778,0.0173659297379,0.843138179469,0.0157713676294,0.0157900401109,0.0192596035426,0.0168520823967,0.0559209074353
C002627,2,0.00857713879427,0.00195659618015,0.00310836058201,0.00167667884297,0.00309441813109,0.000921590159474,0.115253574106,0.865411643204
C002628,2,0.0110845975284,0.0152579366202,0.0157858490754,0.0120544714257,0.821374414006,0.0156776158499,0.0195103702783,0.0892547452161
C002629,0,0.191467765525,0.00973046434937,0.00969705785986,0.00973611902585,0.00973611902585,0.00966868201748,0.00304726474271,0.756916527454
C002630,0,0.0377079691047,0.00426143478967,0.00390946184597,0.086718467995,0.00693126203021,0.832985991545,0.00460709639201,0.0228783162972
C002631,3,0.00277675337201,0.00277675337201,0.933280788383,0.00274166280835,0.00274255831528,0.00277675337201,0.00290173992419,0.0500029904527
C002632,3,0.0152846728118,0.00889054559147,0.0332519813219,0.00571303059608,0.0292663042235,0.020565876327,0.300480426811,0.586547162317
C002634,4,0.00886787263993,0.0127832655789,0.0124346396112,0.012177654608,0.0587375805734,0.0557326402133,0.0134066462907,0.825859700485
C002635,4,0.00115523628847,0.960902162416,0.0020654328807,0.0019578470099,0.002013960652,0.002013960652,0.00211141613524,0.0277799839661
C002636,1,0.00123910518899,0.00261657901013,0.000378412777849,0.0112188208427,0.00195739065328,0.00290000102856,0.0064332976625,0.973256392836
C002637,1,0.0249016312486,0.936233748615,0.00253272908597,0.0198976579285,0.00187645295767,0.00255306883973,0.00332901908212,0.00867569224215
C002638,3,0.558797426166,0.0130134982172,0.0148645752877,0.0129066839655,0.0130513535589,0.0130134982172,0.336862110016,0.0374908545719
C002640,1,0.0378501084964,0.0376944023096,0.0369681128391,0.0369872330323,0.0359956706817,0.346707470503,0.0449439155048,0.422853086633
C002641,2,0.0616516310668,0.0352052382912,0.08417739065,0.0156826174342,0.00515415769491,0.715379049464,0.0251569496495,0.0575929657489
C002642,0,0.00858751975273,0.0359712012097,0.0055618402269,0.820862828188,0.00640472835863,0.0756120297462,0.00708185118786,0.0399180013295
C002643,3,0.00333300035277,0.00376155359101,0.00332158472773,0.00330564322464,0.00474198445583,0.00410148740608,0.00421736883941,0.973217377403
C002644,1,0.0416325689854,0.0410517830436,0.0118196956205,0.0118116647283,0.0118289173516,0.0452507422422,0.014649003782,0.821955624246
C002647,3,0.00437603775832,0.00387666203761,0.00436104969921,0.919295446296,0.0336937933109,0.00271960831365,0.00601417290019,0.0256632296839
C002648,4,0.00165356393609,0.00238223536141,0.00304404009837,0.00154111079134,0.00387287246105,0.0041028737963,0.00522755692794,0.978175746627
C002649,3,0.00386772723167,0.00386772723167,0.0038544801512,0.00381884974401,0.00385834805342,0.947043247935,0.00496392924672,0.0287256904067
C002650,3,0.0158018243363,0.0158018243363,0.0157477026192,0.0156021325204,0.0157635051585,0.0158018243363,0.671341854641,0.234139332052
C002651,3,0.493295511359,0.0115492417148,0.0115096852194,0.00587998676044,0.324229163324,0.0206415408099,0.0398949759711,0.0929998948412
C002652,4,0.00142732319158,0.0457745070259,0.00382895059771,0.0390976360013,0.00183575699998,0.00287741251003,0.882958341132,0.0222000725419
C002653,4,0.0171272383646,0.0237380976199,0.0231154185401,0.014558661949,0.418703239503,0.227181885433,0.0263337796256,0.249241678965
C002654,1,0.0295853231706,0.574953798368,0.0295717894978,0.0295421726082,0.0295853231706,0.0295853231706,0.0354915885591,0.241684681455
C002655,2,0.00501107086665,0.00501330608387,0.00500802908837,0.0049758149355,0.76223472193,0.196672124487,0.00381911640971,0.0172658161987
C002656,1,0.0344636746154,0.00670978598083,0.00672667937612,0.0744508823664,0.00543746394879,0.806443459349,0.00871979538291,0.0570482589811
C002657,1,0.00215076278386,0.00377299637465,0.00376863891218,0.0792400110046,0.861332656679,0.00377299637465,0.00487746867025,0.0410844692005
C002658,3,0.00668360664729,0.301372458404,0.00766666918678,0.281532501554,0.0112716897659,0.0100542565245,0.0113940369546,0.370024780963
C002660,0,0.00109209626811,0.974185328777,0.00182466056264,0.00282839384091,0.001832010562,0.00181932118225,0.00207861422139,0.0143395745858
C002662,4,0.0081691601943,0.0165668189775,0.0110141351091,0.573646274447,0.312268236744,0.015321442906,0.0123140980681,0.0506998335535
C002663,3,0.00460266369748,0.00460266369748,0.00458689943781,0.00456488522545,0.00457028981288,0.00417218208251,0.904143857906,0.0687565581405
C002665,3,0.00714294357776,0.00872826650723,0.00517031447507,0.00618181332388,0.896171409318,0.00623297330932,0.00732624566723,0.063046033822
C002666,4,0.00529030845202,0.0186355273411,0.00456965966668,0.000632426118297,0.00286822734123,0.0377650240341,0.00314389292391,0.927094934123
C002667,4,0.00878779139379,0.688229776554,0.0114074038616,0.0110742687259,0.0115931392923,0.0115931392923,0.0129139391506,0.244400541729
C002668,2,0.0279999982514,0.0333143736097,0.0334495570728,0.0207821866311,0.0463375364266,0.564178663436,0.025089000238,0.248848684335
C002669,3,0.000910694323059,0.00204826627838,0.00593021488011,0.00294870734193,0.00132994398328,0.00644731680508,0.00501881845121,0.975366037937
C002671,3,0.00600295059877,0.00971310724721,0.00909531640938,0.00904134243284,0.00535230464189,0.00874754311343,0.0104604737529,0.941586961804
C002674,4,0.290826402162,0.590680334317,0.0112978672573,0.00703035092821,0.00611125866825,0.0228292126777,0.00960883952863,0.0616157344608
C002677,2,0.552174312382,0.141845639741,0.0161255610949,0.0259299479001,0.0102674868875,0.0262777138874,0.032991650603,0.194387687504
C002678,1,0.00658796679621,0.00658796679621,0.00658283086901,0.916488851418,0.00644961073556,0.00658796679621,0.00873440342252,0.0419804031659
C002679,0,0.0402219574535,0.0112918247994,0.0119485800727,0.0104917226961,0.107730680047,0.651397376805,0.0153393342401,0.151578523885
C002680,4,0.652493266732,0.234328682346,0.0476169173007,0.00470265114615,0.00503505613551,0.00503505613551,0.00564036327142,0.0451480069325
C002681,2,0.00209764279845,0.00343960240657,0.00791595086752,0.00121298413659,0.0240849372375,0.00539130142592,0.0063873925463,0.949470188581
C002682,0,0.0321383876724,0.014827045664,0.0257264592058,0.736590428627,0.0134026814576,0.0115058394211,0.0159697935204,0.149839364431
C002683,2,0.00286125447914,0.00286253075831,0.0010408301184,0.00204476824384,0.00286125447914,0.00145840155662,0.00127801099101,0.985592949374
C002684,3,0.0150040029363,0.00860943249024,0.00117760022732,0.236272246743,0.00171182117194,0.713120476093,0.00287744691522,0.0212269734225
C002685,1,0.709018797425,0.00889085344694,0.0167834117248,0.0163397252081,0.0163635917104,0.0996560227369,0.0197492949846,0.113198302763
C002686,4,0.00456149149273,0.634867353098,0.00444249966794,0.0820618123769,0.00456149149273,0.207444369025,0.00497772099515,0.0570832618521
C002687,0,0.439382414382,0.00575199247777,0.00573224482036,0.00440889202462,0.00434610385049,0.500351911622,0.00715824608175,0.0328681947411
C002688,1,0.00334120805166,0.00334120805166,0.00333967963109,0.655860637616,0.00334120805166,0.00334120805166,0.287317574034,0.0401172765131
C002689,4,0.00737559204867,0.18746313866,0.0107357273492,0.0103199517704,0.729525139362,0.0110232825283,0.0117379348917,0.03181923339
C002690,3,0.0351929299758,0.144643063744,0.300816999427,0.125932217321,0.0313250970711,0.0657901309475,0.0887463366325,0.20755322488
C002691,3,0.0082778870427,0.771587065756,0.0141700530689,0.041609633187,0.0423525788244,0.0307682878769,0.0170942007219,0.0741402935227
C002692,4,0.10367593529,0.0342012404609,0.0179033783327,0.031980072453,0.0341595950997,0.247187390844,0.0386799703703,0.492212417149
C002693,0,0.0515301013452,0.166039048303,0.0266486456245,0.0120117431903,0.0145093635005,0.0265706655011,0.0326895750438,0.670000857491
C002694,4,0.00255197832056,0.0133947169841,0.00252271285397,0.00239174127128,0.00191052032216,0.955604760761,0.00268301638026,0.0189405531064
C002695,1,0.0065801409086,0.0156884378966,0.0156703191994,0.0143077749534,0.17960766435,0.643721188359,0.0202829270797,0.104141547253
C002696,4,0.0135786755882,0.460549766824,0.0132244600012,0.0292119770924,0.0135786755882,0.139988447916,0.0111462173599,0.31872177963
C002697,2,0.0043187356929,0.00432066209,0.387711811247,0.572739322127,0.0043187356929,0.00351439910258,0.00554207475895,0.0175342592893
C002698,4,0.0274511055084,0.0321689893312,0.189630889757,0.025699612086,0.0274511055084,0.0274511055084,0.0299542641331,0.640192928167
C002699,4,0.633983809479,0.00285090017393,0.00281782290568,0.310109872349,0.0359433874869,0.00284742875692,0.00287797357147,0.00856880527643
C002700,4,0.166279458424,0.0481233020795,0.0468108805661,0.0364378022222,0.0480647044299,0.106685135496,0.156289271243,0.391309445539
C002701,3,0.0169364080565,0.0242111482209,0.0992343241231,0.0240124241242,0.0241524365638,0.011326137375,0.0322439224744,0.767883199062
C002702,4,0.00557922840347,0.00500448392482,0.00282808530389,0.0873373801734,0.00386381539035,0.00678967018091,0.00961050710114,0.878986829522
C002703,3,0.0235699669514,0.0235699669514,0.022112255751,0.0233765056439,0.0587129445365,0.0235699669514,0.0346289872062,0.790459406008
C002704,0,0.00660576758,0.0217951542588,0.00859939656656,0.00938609694639,0.0696096678365,0.0133102486326,0.0584168092103,0.812276858969
C002705,4,0.851500562784,0.00828734302612,0.0079897095222,0.0079136305913,0.008300692241,0.008300692241,0.00998993175742,0.0977174378368
C002706,2,0.00152476803924,0.00259473202462,0.00298042806245,0.0011582141227,0.00128854577591,0.00756360956682,0.00310739192375,0.979782310484
C002707,2,0.678461841193,0.0180708172113,0.0180305396034,0.017866185127,0.0180627602123,0.0180627602123,0.02198017638,0.209464920061
C002708,1,0.0164740190817,0.00906414160479,0.00732199622162,0.224946495978,0.282174574579,0.00372667660131,0.386468552467,0.0698235434663
C002709,0,0.087110269156,0.0187282678965,0.00266953399152,0.0141725898718,0.00383445082228,0.00315521545564,0.00571328931749,0.864616383489
C002711,1,0.00458389795841,0.0011268092377,0.00122879556179,0.00128577070543,0.000313928780177,0.00115844567135,0.00195012613328,0.988352225952
C002713,3,0.162285032233,0.0723176795245,0.0038464631281,0.618307365828,0.00390374489833,0.0496864859791,0.00669871347569,0.0829545149341
C002714,4,0.414311221179,0.411211308893,0.00556772387147,0.00908599146911,0.031372689148,0.019055590893,0.0746643483512,0.0347311261951
C002715,1,0.193839628048,0.685954212538,0.0176462922888,0.00843015602723,0.00844246947413,0.00794232828969,0.0405590349502,0.0371858783844
C002716,0,0.0239398147882,0.0263593984323,0.258542581423,0.0263747167013,0.213436938126,0.0302138439058,0.0293618625957,0.391770844028
C002718,3,0.0314055010655,0.00990507508945,0.220874248971,0.0153382573221,0.0326049854476,0.595092111015,0.011034945958,0.0837448751316
C002719,2,0.287380343799,0.00269263762387,0.00439565974173,0.0116651954621,0.652841254918,0.00346129687523,0.00640956599333,0.0311540455869
C002720,2,0.00285018391178,0.923071779872,0.0408267814451,0.00283013113455,0.00285018391178,0.00886497920425,0.00295763000642,0.0157483305138
C002721,0,0.0149601898539,0.0166880733821,0.0166307801298,0.0166977713423,0.2524056307,0.232325211963,0.188324219966,0.261968122663
C002722,4,0.00491672921937,0.01229449324,0.0119591971001,0.011706928076,0.824727048526,0.0754079769732,0.01031351677,0.048674110095
C002725,4,0.0127023658001,0.169148180297,0.0124988592846,0.0609040292255,0.214340826603,0.0127023658001,0.0131076875547,0.504595685435
C002729,3,0.367922118489,0.0339069590788,0.0447969036681,0.033478467907,0.0336684667509,0.0339069590788,0.0190177460305,0.433302378997
C002731,3,0.0167171207141,0.0192970177598,0.0166788841259,0.0200255748442,0.00779117379544,0.0167171207141,0.0196469202962,0.88312618775
C002732,3,0.0093646533049,0.0247120893543,0.0149045050652,0.350644255881,0.163177420983,0.0104051311846,0.349863651172,0.0769282930547
C002733,2,0.00407663070521,0.00407844910998,0.00409982630623,0.113759019508,0.00986350811338,0.833180841037,0.00523444909767,0.025707276123
C002734,3,0.125262497604,0.00253374011041,0.00400879016733,0.00398955051336,0.0319626920237,0.808104485531,0.00469046204418,0.0194477820058
C002736,1,0.00088103500829,0.00088103500829,0.985819644807,0.000879750007754,0.00088103500829,0.00313615111391,0.00118535233405,0.00633599671264
C002737,1,0.0503145277026,0.0115967462964,0.151375513029,0.00414962738119,0.504455828494,0.0115967462964,0.0143220004257,0.252189010374
C002738,0,0.0195317376031,0.969066906401,0.000622489911845,0.000625146543883,0.00632367086741,0.000620816480477,0.000753181594477,0.00245605059743
C002739,2,0.0130310735222,0.0130368861081,0.0131210358693,0.00941665901308,0.669962317678,0.0130310735222,0.0161690386371,0.25223191565
C002740,3,0.028935158861,0.756776986708,0.0205888657746,0.0203985444751,0.0207197229881,0.0186432722153,0.0222453028653,0.111692146112
C002741,3,0.036716900569,0.0415064261078,0.219634775165,0.177683724119,0.040030076548,0.0686083492156,0.0537293510587,0.362090397217
C002742,3,0.0680602879994,0.0127492895194,0.0127056228247,0.270784328236,0.0126596144846,0.163618359783,0.403752030342,0.0556704668111
C002744,1,0.14604527514,0.0511958597755,0.0328314868804,0.037085443098,0.0361443702535,0.0660641366828,0.362438270779,0.268195157391
C002746,4,0.0127552423893,0.0127707928277,0.0126224603226,0.0338907654546,0.0127552423893,0.0127552423893,0.840301402819,0.062148851408
C002747,4,0.822758402585,0.0269295762518,0.00783830465842,0.00757781324369,0.00808549626474,0.00808549626474,0.0121766879544,0.106548222777
C002749,2,0.0228032618565,0.0228134333837,0.0229330100242,0.530098224316,0.0228032618565,0.0228032618565,0.0285904069633,0.327155139743
C002751,1,0.002153881633,0.002153881633,0.00215930451444,0.00576372789418,0.002153881633,0.00133632664521,0.00276575172487,0.981513244322
C002753,2,0.0170113691971,0.0170189572169,0.0171081621031,0.353980547108,0.0170113691971,0.452738504686,0.0200164723804,0.105114618111
C002755,2,0.00974838803609,0.272691785731,0.00979231113119,0.594563408651,0.0347449348436,0.00974838803609,0.0305506428261,0.0381601407448
C002756,1,0.0653243100994,0.0307793422971,0.0219042896982,0.0666666126081,0.081072264965,0.0959761397076,0.0472153060604,0.591061734564
C002757,4,0.00439534379889,0.0959199109643,0.00428526658479,0.826471755027,0.0456287003184,0.00439534379889,0.00508375593322,0.0138199235748
C002758,0,0.0382421276855,0.0423999706206,0.0421391688169,0.0424246105667,0.0424246105667,0.0421307574606,0.0456194941641,0.704619260119
C002760,4,0.00236876499682,0.00367931332586,0.00356248536137,0.00343733851454,0.147719663929,0.810274744164,0.00474313615323,0.0242145535552
C002762,4,0.520903012416,0.0110623624879,0.0946356613655,0.0103551396093,0.0110488923307,0.0110488923307,0.310686134489,0.0302599049708
C002764,3,0.00637756540551,0.00637756540551,0.0457230212682,0.00901924041024,0.333411172193,0.577870451573,0.00666139380128,0.0145595899432
C002766,0,0.545743447081,0.121738970063,0.0140480263823,0.0198834569304,0.0496688420967,0.0092090520149,0.20528445595,0.0344237494819
C002767,0,0.00159893927083,0.00175861651705,0.669415578635,0.0016121131601,0.00175963850399,0.00174745040766,0.315930588353,0.00617707515262
C002768,3,0.0212451733982,0.0234550925005,0.0234014443436,0.0232625740778,0.0156313244484,0.0234550925005,0.0697195741204,0.79982972461
C002769,4,0.0102433032683,0.0104728827901,0.480490130111,0.0054683505662,0.018681709813,0.0103970906725,0.0187361989893,0.445510333789
C002770,2,0.018162071142,0.008124764106,0.00522902747388,0.00552672591341,0.0199522789223,0.0610488290084,0.0103857346936,0.87157056874
C002771,1,0.357430793934,0.00559946721717,0.51986878738,0.00559130032447,0.00559946721717,0.0707345070546,0.00699231929776,0.0281833575752
C002772,1,0.0104163836035,0.770279321525,0.0104116186759,0.0104011911783,0.0499160190215,0.0104163836035,0.0133917725428,0.124767309849
C002773,2,0.00114393120634,0.00267441039364,0.488144855108,0.392426663507,0.0859214997031,0.00274797174874,0.00349627756333,0.0234443907698
C002775,0,0.00830377427583,0.226053913556,0.0526611388669,0.00503213077483,0.00917552620627,0.0468078782025,0.0109046144148,0.641061023703
C002778,2,0.0250268056167,0.0728455725524,0.0249821624443,0.549968446573,0.0375525795072,0.0119669241485,0.0303206750394,0.247336834118
C002779,2,0.283952823076,0.00544882486085,0.0124900254912,0.115276417462,0.0124043895688,0.186807940724,0.323876248907,0.0597433299099
C002780,4,0.00298687152899,0.955750172737,0.00293901841037,0.00284759357628,0.00298687152899,0.00298687152899,0.00348108681374,0.0260215138758
C002783,3,0.946966880421,0.00598365888887,0.00559472012488,0.0055678690115,0.00456022544893,0.00320400061986,0.00587472191715,0.0222479235676
C002785,4,0.00518775648208,0.00547677910434,0.00532741606379,0.00244966979446,0.00350603097547,0.00738811150316,0.0117619056788,0.958902330398
C002786,0,0.00566649232399,0.895672241391,0.00635957948011,0.00643274771986,0.00643274771986,0.00638819143817,0.00760587965743,0.06544212027
C002788,0,0.0513008581177,0.0123175660784,0.0122752775887,0.0123247242004,0.565280972418,0.297163651192,0.0148386762644,0.0344982741402
C002789,3,0.00677996981289,0.0246863062614,0.00940594077398,0.016394236373,0.0761008470145,0.00719400385412,0.0234504550506,0.83598824086
C002790,2,0.00458519657773,0.849694848928,0.00460585599595,0.00452451491336,0.067275570738,0.0100468382495,0.00594095712482,0.0533262174724
C002793,3,0.0195864552857,0.0279258333536,0.0278301865461,0.0276966192761,0.0810445800683,0.671210974647,0.0313582540208,0.113347096802
C002794,2,0.0095580121502,0.0117274425396,0.0133368126284,0.0172231721225,0.0153312917996,0.820502602935,0.0217528778891,0.0905677879357
C002795,3,0.530276330942,0.0172159315584,0.0172990110921,0.0169983692971,0.0170948393783,0.130958855814,0.0247057664652,0.245450895454
C002796,2,0.00162297314985,0.00162369708644,0.00163417763531,0.00161155454669,0.976367112435,0.00162297314985,0.00195744300096,0.0135600689961
C002797,1,0.00134319944954,0.00386900680549,0.00214752248216,0.00635415213675,0.0125718834181,0.00227336620634,0.00590875735507,0.965532112146
C002798,0,0.0213653299839,0.0181799938994,0.378766806385,0.352637152231,0.104017360852,0.0240438422009,0.030079923085,0.0709095913628
C002800,0,0.063904302657,0.00543728050532,0.280019422518,0.00589084678571,0.0054404402787,0.00540275719208,0.00646886156341,0.6274360885
C002801,3,0.0231945145587,0.174675352016,0.00927175807896,0.0932319502144,0.0475783042492,0.435859204344,0.0129902738291,0.20319864271
C002802,4,0.0113314759612,0.00579979212912,0.0280628300625,0.514070750795,0.0113314759612,0.0113314759612,0.366756128961,0.0513160701685
C002804,1,0.0349573862322,0.0250665191842,0.570449940007,0.0245962564616,0.0250665191842,0.0187371460241,0.0318523511441,0.269273881763
C002805,3,0.0594175326791,0.0054522947471,0.00547860607991,0.0079003172871,0.00916588582775,0.0152423081004,0.00745307125383,0.889889984025
C002808,4,0.00325653189823,0.00307012414625,0.00345107351028,0.00331095967268,0.0354756048206,0.00273004197778,0.00381803718084,0.944887626793
C002809,3,0.0178504944495,0.0178504944495,0.0172781759868,0.753304634598,0.0110837068143,0.0178504944495,0.0217501976632,0.143031801589
C002810,0,0.239061194497,0.0160633882988,0.0160082397064,0.0943872953057,0.0130399872612,0.0159613958809,0.565982795214,0.0394957038356
C002812,4,0.348545436186,0.00386165484879,0.0639274101541,0.00361477714421,0.00385695267982,0.555521701668,0.00425026437565,0.0164218029436
C002813,1,0.00388384630927,0.00299348141315,0.0029909881963,0.944007344444,0.00299348141315,0.00299348141315,0.00374006524624,0.0363973115648
C002814,2,0.00492583119094,0.0198891073532,0.00491704442308,0.00489117497274,0.929960634294,0.00492583119094,0.00557153782891,0.024918838746
C002816,3,0.0424004523185,0.0424004523185,0.416616523219,0.0420524311711,0.247569762269,0.0633229207056,0.0449435821383,0.10069387586
C002817,4,0.00821600047606,0.127569695522,0.00812178138123,0.00770012318095,0.788033123674,0.00821600047606,0.00887216860768,0.0432711066821
C002820,1,0.270269357536,0.00743934627029,0.00738245791117,0.00959044257029,0.00743934627029,0.665411133446,0.00946818483103,0.0229997311651
C002821,3,0.691824801703,0.00668074277141,0.00724646376745,0.174912684001,0.00729252031408,0.0577437496582,0.00777173762754,0.0465273001572
C002822,0,0.82207983013,0.0157050495697,0.0124111561226,0.0124611500731,0.0124611500731,0.0123748381987,0.0135726586315,0.0989341672007
C002825,1,0.0169627213089,0.0224257477729,0.0917497105818,0.309339698572,0.107459294374,0.296955757981,0.0194535808273,0.135653488583
C002826,1,0.00704320339675,0.00704320339675,0.00703733723927,0.693681980812,0.00704320339675,0.100138354588,0.148241436091,0.0297712810796
C002829,4,0.0188732498925,0.00935694063223,0.0091017575992,0.216283228952,0.00934554709304,0.70338619835,0.0106021892087,0.0230508882722
C002833,3,0.00672108674354,0.924010364985,0.00382540203476,0.00666592034336,0.00978193077045,0.00484989015216,0.00579979969513,0.0383456052761
C002834,1,0.00552084890511,0.00564833477909,0.00551654489464,0.00562311403915,0.117864500719,0.00552084890511,0.828423911101,0.0258818966576
C002835,0,0.0390123750462,0.0157292012085,0.0258602210757,0.0137656348688,0.262005083098,0.00653301647868,0.0119072110268,0.625187257198
C002836,3,0.0360888018159,0.0119539820855,0.580680250496,0.0118558642982,0.0119887553702,0.0119539820855,0.279880667883,0.0555976959655
C002838,3,0.00382043242131,0.00330005594254,0.00396016186331,0.00394115559441,0.0138348629486,0.944890182946,0.00569906899974,0.0205540792836
C002839,3,0.030739591771,0.0424477950426,0.358595335916,0.0420993853081,0.0421492287975,0.0754250676817,0.261910013285,0.146633582198
C002840,0,0.00218532365427,0.000918412574438,0.00246336491681,0.00243613675609,0.00213187823518,0.000773831733903,0.00272419376997,0.986366858359
C002842,2,0.0342177929787,0.0342330560237,0.0344124886309,0.0339770499948,0.0342177929787,0.125397053118,0.0406900456353,0.66285472064
C002843,0,0.158851206848,0.0318456341406,0.00615654262723,0.0853009512899,0.00618281721912,0.554394340595,0.141521939566,0.0157465677153
C002844,0,0.0835526580367,0.0130819510629,0.0130339278324,0.0130895533929,0.744887449741,0.0129988888972,0.017796157232,0.101559413805
C002845,0,0.019601075021,0.0199149224535,0.459224759999,0.0144235650747,0.0137860339693,0.0111174812382,0.0191206789578,0.442811483286
C002846,2,0.0255958688167,0.0307784960338,0.0318050214763,0.0314025764418,0.0189090557756,0.0316250780998,0.036421033973,0.793462869383
C002847,2,0.0117097807505,0.0147484114659,0.0148257152835,0.0146381180043,0.033599113709,0.521794008558,0.0201982812788,0.36848657095
C002849,4,0.0210903214719,0.0211160335466,0.613743921797,0.0197660739836,0.0164980540247,0.180882681869,0.0236033385177,0.10329957479
C002851,2,0.0476166711375,0.0463420048838,0.0479454013445,0.0472816588969,0.101133229609,0.0476166711375,0.050419934671,0.61164442832
C002852,0,0.00749136761748,0.00787101246956,0.041341993965,0.653726549056,0.00582719549725,0.190957549214,0.00888574721824,0.0838985849626
C002853,1,0.0104931159429,0.0104931159429,0.780245624755,0.0305521789289,0.00642887813257,0.0104931159429,0.0140846973614,0.137209272994
C002855,1,0.0216457257099,0.726952519137,0.0150924943658,0.123335502804,0.0151042695357,0.0151042695357,0.0187173716329,0.0640478472782
C002856,1,0.0248865510932,0.0248865510932,0.0216449657208,0.0248502537484,0.133289688186,0.144219043737,0.290773856502,0.335449089919
C002857,0,0.00779032173253,0.148356432803,0.00854994144873,0.0212750869508,0.740767874541,0.0356563188263,0.0100489989259,0.0275550247712
C002859,1,0.0861929217421,0.778430588643,0.00279387587669,0.00284567931565,0.00284983583672,0.0703887281766,0.0356673484651,0.0208310219441
C002860,3,0.254637864628,0.0508268432373,0.0195845986449,0.0787782424808,0.0136364538154,0.433233014471,0.0180874909949,0.131215491728
C002861,3,0.000645454724004,0.0024231338634,0.00125724849414,0.000756540252517,0.00126523922255,0.000588431579049,0.0017171240487,0.991346827816
C002862,4,0.0207393967363,0.492333783258,0.0258097178727,0.019416137935,0.308353230421,0.0268885366099,0.021545437086,0.0849137600803
C002863,3,0.0335736450438,0.031217667905,0.0340595521985,0.0332980739631,0.0412559940372,0.0335736450438,0.0339393734143,0.759082048394
C002865,2,0.0038698622936,0.0085334561798,0.0353263104733,0.0133185089491,0.123429404764,0.366604236104,0.00986431336625,0.43905390787
C002866,0,0.00703588989304,0.596675029876,0.0493574997799,0.0146569560099,0.241958965229,0.0145554349354,0.0160470156606,0.0597132086165
C002869,1,0.00600019977055,0.0014433849416,0.0059932700938,0.00893922477093,0.00305388112746,0.0174370318532,0.0323900308152,0.924742976627
C002870,2,0.0298154637998,0.00244366552285,0.00251238454372,0.00249321452533,0.00251088009385,0.00251088009385,0.942969508529,0.0147440028919
C002871,4,0.00213211914489,0.00235898443426,0.861639116209,0.0659385035732,0.00235611200163,0.0511664953906,0.00256362745906,0.0118450417874
C002876,4,0.0219199905335,0.0218847386949,0.0917116944126,0.0208978603966,0.0219199905335,0.0219199905335,0.0248402607213,0.774905474174
C002877,0,0.000709981207123,0.0794652119229,0.000776750869295,0.870199666681,0.0445366333033,0.000774662740242,0.000927430571548,0.00260966270511
C002878,3,0.0268079101006,0.0144391178597,0.007894252116,0.00749337167415,0.00566069201413,0.00352270603765,0.00409292893894,0.930089021259
C002879,1,0.0237312793313,0.00692916980823,0.079804428819,0.00691906352774,0.0267245928816,0.166449693919,0.668877726895,0.0205640448186
C002880,0,0.0266248482834,0.0330376260428,0.314528075599,0.0330568252383,0.0330568252383,0.0323305314654,0.0346431358696,0.492722132264
C002881,0,0.00227362138421,0.00317194905837,0.159617426746,0.00273387630942,0.00285907753556,0.0108800093585,0.805071295535,0.0133927440736
C002883,0,0.00973003842048,0.0762202689728,0.12979174785,0.663537124173,0.0301988846494,0.0106164756896,0.0118682451889,0.0680372150558
C002884,2,0.0024033577318,0.00887555237272,0.0252888593158,0.0023864486485,0.0518466951131,0.900996410042,0.00295493877983,0.00524773799604
C002885,2,0.0108797216528,0.0105884788232,0.888678881056,0.0108031761942,0.0108797216528,0.0108797216528,0.0132803490079,0.0440099499599
C002886,1,0.00907195395156,0.0220642927921,0.0115672584542,0.00284420920989,0.0675578268963,0.0366497059983,0.026850713747,0.823394038951
C002887,1,0.715375619278,0.00487338174774,0.00356552626136,0.226383022188,0.00356830808632,0.00356830808632,0.00440833331507,0.0382575010371
C002888,0,0.0492895141492,0.026275833597,0.00491046935815,0.0135441748011,0.00550990877632,0.00222435434633,0.0132896901449,0.884956054827
C002889,2,0.00430800658148,0.00754559937834,0.00757621800162,0.00627529370856,0.827688840678,0.0887760144298,0.0143186773224,0.0435113498997
C002890,0,0.0139037821051,0.000607840284218,0.000532594019934,0.00991395984684,0.000608193519176,0.971813116044,0.000592929127722,0.00202758505296
C002891,1,0.377287019333,0.103522829818,0.438475541877,0.00688996980339,0.0067646649135,0.0067646649135,0.00913458410849,0.0511607252333
C002892,4,0.0021734487935,0.115889814331,0.00162013718076,0.00116681246624,0.00172049088701,0.00186918878155,0.00214432156019,0.873415786
C002893,4,0.0627025616287,0.0141351529043,0.0264313578292,0.0148542898419,0.0673238998537,0.655332227692,0.0180522592249,0.141168251025
C002894,1,0.0409190549256,0.0409190549256,0.039973414113,0.0408593739743,0.0409190549256,0.0409190549256,0.0452883887877,0.710202603422
C002895,1,0.954135772437,0.0015225272706,0.00151039762126,0.00152030664561,0.0015225272706,0.0015225272706,0.00189033980143,0.0363756016833
C002896,4,0.0133232905552,0.751025166115,0.0129757369847,0.0124086405399,0.127601776023,0.0133232905552,0.0147274061864,0.0546146930409
C002898,3,0.00547761025638,0.152088575139,0.00545884927881,0.705539239991,0.00764880705184,0.0976099952938,0.00652501358478,0.0196519094046
C002899,1,0.00820949506708,0.00820949506708,0.0065033301283,0.00805548008507,0.00820949506708,0.00820949506708,0.376968823582,0.575634385936
C002900,2,0.00472153195409,0.0047236380208,0.00236220709884,0.00465904599248,0.306879055917,0.654821404406,0.00590723057169,0.0159258860393
C002901,1,0.00610880379673,0.00469121733397,0.00468756009776,0.0046032073227,0.00469121733397,0.923755804254,0.00611596521306,0.0453462246474
C002902,2,0.0108719039628,0.0105808704075,0.336305048235,0.0107954135064,0.557326594242,0.0108719039628,0.0132100963123,0.0500381693707
C002903,4,0.0220117970512,0.00796054720929,0.0251607711595,0.00743701150075,0.00795085399757,0.00903005726435,0.00858509261113,0.911863869206
C002904,2,0.0169222641811,0.0141667640347,0.0144262211786,0.0461772012192,0.181897928393,0.0155597190551,0.0174983550276,0.693351546911
C002906,1,0.00691194166231,0.00135337039677,0.00100332709248,0.000839587011047,0.00169808969402,0.00179663806169,0.00235876933196,0.98403827675
C002907,0,0.0175342460536,0.019422543058,0.019355861864,0.0319835330258,0.0124797861715,0.0672896237735,0.0396426768024,0.792291729251
C002908,3,0.0012375470467,0.0544395588188,0.0172508416732,0.00122738931206,0.920967680101,0.000708540115056,0.00122501719989,0.00294342573336
C002909,3,0.027662938672,0.027662938672,0.104471942528,0.0273133548305,0.0277434081954,0.027662938672,0.034144797845,0.723337680585
C002910,0,0.00356301740497,0.00399660181909,0.00363633768011,0.00399892436912,0.00399892436912,0.00393542015432,0.874598515769,0.102272258434
C002912,2,0.00319046831426,0.0050940878734,0.839302561322,0.00622010383936,0.00626417612813,0.112476060048,0.00783318939587,0.0196193530786
C002913,2,0.00557204932498,0.00583130296889,0.00263361711319,0.00260478194405,0.00262180410874,0.00143169813249,0.00323947874406,0.976065267664
C002914,1,0.229384687485,0.101662777044,0.00660789701471,0.0066516031285,0.0179203702787,0.00292027215683,0.587654412964,0.0471979799275
C002916,1,0.00973252337891,0.011042223445,0.0295696183987,0.0133696309283,0.0100269929466,0.0257403374857,0.855621292819,0.0448973805982
C002918,0,0.00277756332381,0.00292631765819,0.00319422409903,0.0028907933678,0.00309926920545,0.00307780218734,0.957817459164,0.0242165709939
C002919,3,0.0169572852169,0.00673304100233,0.0144451095853,0.0143757822075,0.0145369187606,0.0559519690198,0.0373972638764,0.839602630331
C002920,3,0.0017674766155,0.0309945935706,0.00210949260374,0.00209936837521,0.949532709657,0.0021167425096,0.00258290990501,0.00879670676339
C002924,1,0.0120599727159,0.0120599727159,0.59209627747,0.0118337204963,0.0131624314269,0.291715889291,0.0161130894034,0.05095864648
C002925,1,0.0342752873259,0.0618975864026,0.0162930543735,0.0160058723436,0.016311893104,0.393581605559,0.017540960737,0.444093740155
C002926,3,0.0020761180185,0.000788334659895,0.00147489952104,0.00146782093741,0.00122520263659,0.00115996123849,0.00173203946685,0.990075623521
C002927,2,0.0003268010963,0.877310137575,0.0016379778574,0.00161915828155,0.0993296326251,0.000935154819755,0.00207512503077,0.016766012714
C002928,3,0.00533552392563,0.00533552392563,0.00397801103447,0.00529173016738,0.00526981821868,0.913934321057,0.00592688927023,0.054928182401
C002930,1,0.683758385345,0.0109647196194,0.0221490762297,0.0304143596207,0.0398714212416,0.0127786696975,0.0147323442476,0.185331023998
C002931,0,0.150665337457,0.0521351464708,0.452103813745,0.00943602264436,0.238198239365,0.0093706642468,0.0110072587888,0.0770835172823
C002932,0,0.00355732476562,0.00398879803734,0.00397510375359,0.951654740335,0.0056752495615,0.00396347167723,0.00496591448767,0.0222193973822
C002933,4,0.456091242459,0.0430762965564,0.0129383509996,0.0191806244114,0.223011750664,0.0210482771591,0.027425753704,0.197227704046
C002934,2,0.00107491208348,0.000993158226527,0.0014021521706,0.00138604211819,0.000306119776263,0.000895295439124,0.00172460140333,0.992217718782
C002935,2,0.00115006873399,0.00115058172883,0.765853538887,0.00114197730101,0.208059132163,0.0187446160793,0.00147757476324,0.00242251034322
C002937,0,0.00879934211557,0.262832835104,0.00843205350975,0.0083660190945,0.606763025064,0.00830807205234,0.00991088467056,0.0865877683895
C002939,2,0.00960106622326,0.0100552834294,0.00379203880029,0.00377208820579,0.917552086526,0.00379881518092,0.00465660383693,0.046772017797
C002940,4,0.00447251294851,0.0044779655722,0.00359117869669,0.502528720565,0.44777259623,0.00447251294851,0.00358709895238,0.0290974140861
C002941,4,0.00221136169675,0.119353469612,0.00215367574819,0.00207251174244,0.00221136169675,0.842670539478,0.0248483448177,0.00447873520856
C002942,2,0.0280284201115,0.00613522561677,0.00616012120856,0.161908678121,0.00613249018396,0.50565655867,0.200154677328,0.0858238287593
C002943,1,0.0314424027683,0.0314424027683,0.0346272888396,0.0313965436321,0.020913269084,0.0315728460023,0.0391881694745,0.779417077431
C002948,4,0.0144277804202,0.00755502955183,0.00900699450112,0.447792842587,0.00545639865332,0.00911148276904,0.469555572317,0.0370938991999
C002949,3,0.0624336196818,0.356830449898,0.0172517582633,0.151140911052,0.111769596429,0.00849797717223,0.0186042919532,0.273471395551
C002951,2,0.0348480660306,0.0590807341756,0.0366354009306,0.0360600694252,0.234825683186,0.0519111678355,0.0426861842541,0.503952694162
C002953,4,0.00519845503485,0.927176928367,0.0050628472733,0.00252217339365,0.00386558874619,0.00519845503485,0.00601487699781,0.0449606751522
C002955,3,0.037382508387,0.037382508387,0.0493230427906,0.0370756743143,0.0545314889407,0.037382508387,0.0444487558338,0.70247351296
C002956,0,0.0149201865696,0.00129555836806,0.00209249870042,0.129043043204,0.844684012757,0.0012130980173,0.00136535727988,0.00538624510397
C002957,2,0.00980872296298,0.00954615004777,0.27263554712,0.00973971263152,0.00980872296298,0.00980872296298,0.625837251942,0.0528151693702
C002958,4,0.633337553596,0.0126979627161,0.0123516631331,0.0121148741686,0.0120478640161,0.264408911303,0.0139822898695,0.0390588811977
C002961,3,0.0728573903379,0.0264303502099,0.0263398254765,0.0262134109957,0.0169481770767,0.0313608003357,0.666002308934,0.133847736633
C002962,1,0.0198975545962,0.0292970199401,0.0287417931456,0.0292542898716,0.0380393926287,0.0205672761252,0.0533736256997,0.780829047993
C002964,2,0.00375540976956,0.95085170945,0.00375313019217,0.0037289881779,0.00225310814099,0.00375540976956,0.00470050516762,0.027201739332
C002965,3,0.128778002649,0.307324777064,0.021572777934,0.0214692422622,0.00929172645201,0.043409093656,0.0266027141327,0.44155166585
C002966,4,0.0128728994533,0.0128885933322,0.2266043818,0.0189383510795,0.0128728994533,0.115184884663,0.179624192408,0.421013797812
C002967,3,0.012844305727,0.00631723198518,0.00671195065145,0.00679547725177,0.132734845735,0.00673501828882,0.80082524033,0.0270359300301
C002970,0,0.00638992179597,0.00712794990428,0.011485123362,0.344924014784,0.0071320921784,0.00708269190313,0.556321158187,0.0595370478854
C002971,4,0.00472090946927,0.00472666492334,0.00466037360084,0.00302287179089,0.00472090946927,0.111313454651,0.00548717391945,0.861347642176
C002972,2,0.0281405103617,0.0172377032467,0.52907351255,0.0810755313511,0.0183458905321,0.0281405103617,0.0544238046322,0.243562536965
C002973,1,0.00211787644183,0.0542199980684,0.00503743966825,0.0188087423515,0.00338932291228,0.00500801190652,0.00612076643048,0.905297842221
C002974,0,0.04800699252,0.0110138621096,0.0124633807175,0.654987330581,0.0135703418786,0.144028952136,0.0115773303499,0.104351809707
C002975,3,0.00733013972301,0.535369963214,0.00730503377708,0.00726997424133,0.00731236424844,0.00884779431474,0.274432955207,0.152131775274
C002977,2,0.0127846998572,0.0127904025467,0.0128423035949,0.00882289954588,0.762495471478,0.0433230188162,0.0147546027124,0.132186601449
C002979,4,0.0208542153817,0.37077948009,0.0206371230103,0.0193844738235,0.159849251981,0.0208542153817,0.0221602965381,0.365480943794
C002985,0,0.00501805092023,0.600231265875,0.00793126901989,0.0108379030994,0.0117840274543,0.0085889374861,0.011167135442,0.344441410703
C002986,3,0.696383794671,0.251545714981,0.0072989482553,0.00694589351238,0.00489845563894,0.00700337693873,0.00598775372055,0.0199360622821
C002987,2,0.597379976964,0.012214490969,0.0529174264247,0.257986508288,0.0122090450537,0.0122090450537,0.0144305771914,0.0406529300553
C002988,4,0.0108726505356,0.0106856496836,0.0112198255969,0.010569713127,0.197809792589,0.631809361248,0.0116000335431,0.115432973677
C002989,0,0.0019009134011,0.0108289889688,0.00350125731248,0.0603930860456,0.00351536088855,0.00345953581851,0.00287056188655,0.913530295678
C002990,4,0.0125316939726,0.00862676310644,0.0669614179319,0.0720314388298,0.0129078763832,0.00610671009422,0.00888111235452,0.811952987327
C002994,1,0.01619025096,0.01619025096,0.0149825352599,0.0161666372774,0.01619025096,0.74802680864,0.0207085281497,0.151544737793
C002996,3,0.0023842502142,0.0023842502142,0.00239575597531,0.00235411981631,0.00237846844458,0.0023842502142,0.958024150652,0.0276947544692
C002998,3,0.747428127931,0.0100787824978,0.0100442623689,0.00999605627067,0.103808255107,0.0100787824978,0.0118358436609,0.0967298896664
C002999,4,0.0297194236067,0.0296716286805,0.0292745753802,0.0283336055573,0.171768777693,0.0297194236067,0.0351670793883,0.646345486087
C003000,3,0.0374736952565,0.00694475647985,0.0138701670643,0.02339248429,0.0125981660812,0.77250167116,0.0133448574427,0.119874202226
C003001,2,0.00723479988517,0.0282394435992,0.767499584706,0.139754749197,0.00565848137942,0.00723479988517,0.00886464643472,0.0355134949127
C003002,1,0.821563464728,0.00968908653925,0.0110738836933,0.00981803442248,0.0393276587142,0.009832375064,0.0125319066923,0.0861635901468
C003003,4,0.0415735873729,0.343426121117,0.00417498229895,0.00667816125764,0.00568033727027,0.00575415614053,0.0138499175171,0.578862737026
C003004,2,0.00581015400839,0.0186208392824,0.068070350631,0.00573326094405,0.0600372779867,0.00581015400839,0.00788877694675,0.828029186192
C003005,4,0.0350576161561,0.263664388647,0.0346555839422,0.0327919358878,0.194561898478,0.0594826303101,0.0410681353595,0.338717811219
C003006,1,0.0127369236425,0.0199573215018,0.0125238783006,0.794700362244,0.0127369236425,0.0127369236425,0.0155792704595,0.119028396567
C003007,2,0.0101529802554,0.0636431872862,0.336056587258,0.0100186131177,0.0101529802554,0.0101529802554,0.0126062538369,0.547216417735
C003008,1,0.356747352634,0.00622885333976,0.00617690842643,0.00621976847957,0.541977404349,0.00622885333976,0.0636878957358,0.0127329636956
C003009,2,0.723853447054,0.0102063619487,0.0102477774461,0.00825131976024,0.0105735350847,0.0102018113716,0.0121356682679,0.214530079067
C003010,0,0.0218174761753,0.0240452336615,0.021097466041,0.0240592070971,0.0240592070971,0.0238925615429,0.0153251370867,0.845703711299
C003011,3,0.00537465262382,0.00537465262382,0.730680599038,0.0440296615616,0.182808442687,0.00537465262382,0.00572073149743,0.0206366073442
C003013,1,0.00865392711006,0.0162332718106,0.0159145119614,0.0206253452431,0.596762179918,0.284722764824,0.0197773908184,0.0373106083142
C003014,2,0.0480651173899,0.036603918111,0.0526551670943,0.026650150972,0.0679447863397,0.559462760723,0.0417414803076,0.166876619062
C003015,4,0.00353439999322,0.00352871595343,0.00368295193628,0.0033010655158,0.00353439999322,0.00310076724229,0.935474174715,0.0438435246504
C003017,3,0.0170291398249,0.0203608069712,0.0204590628421,0.294875012162,0.0204200351121,0.0203608069712,0.0275731298198,0.578922006297
C003019,4,0.00550877821094,0.0742606992264,0.0054456048825,0.864482181089,0.0151961827756,0.00629030936955,0.00530782366514,0.0235084207808
C003020,0,0.0775878908882,0.0084468122762,0.079490250549,0.511780308471,0.0084517209824,0.289013465925,0.00982438300169,0.0154051679062
C003023,4,0.0238137755102,0.00312477928345,0.00630971398811,0.335272718519,0.00687828995004,0.0107559094241,0.0115842577409,0.602260555584
C003024,1,0.0198081887728,0.0198081887728,0.0197853121435,0.332046632418,0.0820411629517,0.442072606619,0.025054795266,0.0593831130563
C003025,4,0.0101653937645,0.0101777868124,0.703713162043,0.00952711534011,0.0101653937645,0.136015291317,0.0117144477872,0.108521409171
C003026,0,0.00340979120441,0.0207695402572,0.89045480664,0.00889272940121,0.00317054504885,0.0434827627942,0.00539098403129,0.0244288406231
C003027,0,0.00590935789006,0.136081624174,0.0283000174983,0.00751985833476,0.00478974036328,0.00746777220597,0.701424165638,0.108507463896
C003028,0,0.000664766793838,0.98439058616,0.000969995647041,0.000398093262669,0.00124934057246,0.00512201222919,0.000987268846545,0.0062179364884
C003031,4,0.0734046101961,0.00569321604217,0.00553795032076,0.00531879430756,0.0270632549285,0.00616835011676,0.00610554325298,0.870708280835
C003034,4,0.00324001870094,0.00484115534192,0.15846277404,0.00451787344565,0.796001163823,0.00483526047785,0.00791345659153,0.0201882975789
C003035,3,0.0221912668398,0.0156667483983,0.0296882221189,0.0220091218454,0.0222558196585,0.691782096847,0.022679987665,0.173726736627
C003036,4,0.0090472239001,0.526484803463,0.0227389902109,0.0328440322219,0.0151742940869,0.201038305199,0.0235505061669,0.169121844752
C003037,2,0.0166572647722,0.00519329527898,0.00518172006859,0.320909353406,0.00519097981233,0.609626784152,0.00605384637501,0.031186756135
C003038,4,0.0362258959417,0.00689308937535,0.00325413086457,0.00643975641529,0.39067780715,0.00688469596056,0.00426229810341,0.545362326189
C003039,3,0.00149453606395,0.00301240064672,0.00432815800289,0.00407746747587,0.00460618054343,0.00439770978792,0.00798046350018,0.970103083979
C003040,2,0.0303650443039,0.0577631462216,0.0470879237498,0.040633515284,0.228672297933,0.0577373921231,0.0705659906442,0.467174689741
C003041,3,0.00293737790247,0.00581930378641,0.00827137526746,0.00577153918319,0.00479284842822,0.0180945673334,0.0062703376241,0.948042650475
C003042,0,0.122697092616,0.133885171067,0.00244039588098,0.664484356985,0.00229648234465,0.00351335924175,0.00490794639817,0.065775195466
C003043,1,0.826647028147,0.061422212563,0.00886416570952,0.00879952997384,0.0165790676953,0.0097190610717,0.0103273635484,0.0576415712913
C003044,0,0.00111503956381,0.00131837253158,0.00088201352852,0.000847272196701,0.00337768471351,0.000207488819621,0.00100968379838,0.991242444848
C003046,0,0.0854431192915,0.0286257608532,0.0284564734176,0.0286423961762,0.0286423961762,0.0284440052664,0.0307922687139,0.740953580105
C003049,2,0.0226876483195,0.0287514368779,0.0371596495189,0.426719641491,0.0226876483195,0.0226876483195,0.184894690324,0.25441163683
C003051,3,0.0149803413964,0.0149803413964,0.015052632563,0.119826167403,0.55948988887,0.0149803413964,0.0231471712423,0.237543115733
C003054,0,0.0424423327605,0.0470568394343,0.0467673932759,0.0470841856322,0.0470841856322,0.0467580580846,0.0506299693261,0.672177035854
C003056,1,0.0938220266518,0.542656656087,0.0211533820131,0.0216373179271,0.0229701589276,0.118678650489,0.0248969122688,0.154184895635
C003057,0,0.013208192868,0.00461042450328,0.00852669619126,0.0607001432945,0.0262647370168,0.00492009669961,0.0122252389282,0.869544470498
C003058,0,0.00439346720413,0.68362842359,0.00488408153863,0.00490375533272,0.0298560672279,0.00486978958225,0.252917412068,0.0145470034556
C003059,4,0.0684645928081,0.0273500401703,0.0266041482727,0.217590729554,0.0849804131339,0.0261483451369,0.439832850051,0.109028880873
C003060,0,0.0592041005433,0.112921805218,0.0413753112586,0.0582036489702,0.0415419770581,0.466116657158,0.0441300131641,0.17650648663
C003062,2,0.00177186317525,0.0017726535251,0.00192386002392,0.905599336151,0.00177186317525,0.00177186317525,0.0618038064087,0.0235847543657
C003064,3,0.0278026538092,0.00842428616985,0.0231009280671,0.0196211245812,0.424247958668,0.155210906726,0.0266761930868,0.314915948892
C003065,4,0.00368880943648,0.00417213850025,0.00405835569467,0.00398055452473,0.938497875742,0.00755049342875,0.00430131597726,0.033750456696
C003066,1,0.0101570577699,0.0101570577699,0.0101524114696,0.308335283147,0.512498154939,0.092581551567,0.0125615287058,0.0435569546314
C003067,3,0.011673671478,0.011673671478,0.011633688807,0.0593463523856,0.011707629359,0.706083207636,0.00753756250855,0.180344216348
C003069,3,0.00632878798687,0.0392853676219,0.897207580859,0.00627684155855,0.0059708079341,0.00632878798687,0.00783798945741,0.030763836595
C003071,4,0.402489596311,0.489126037619,0.00458753594642,0.00443507775796,0.0420708849475,0.0047322101367,0.0407241837052,0.0118344735766
C003072,3,0.00591515081288,0.00184669504829,0.00247079039925,0.00183153745221,0.00184221684157,0.00488959150528,0.00153418050072,0.97966983744
C003073,1,0.0312184529358,0.0329389212809,0.031343536177,0.0328908794538,0.0329389212809,0.0329389212809,0.0376539918586,0.768076375732
C003075,2,0.0136308496205,0.01363692974,0.455954210415,0.0134504554699,0.385669695865,0.0566472613405,0.0172403031003,0.0437702944484
C003076,3,0.00261165204535,0.00622048144859,0.0043325406985,0.914129245305,0.0489364738896,0.00261165204535,0.00321173042857,0.0179462241389
C003079,1,0.0101951629397,0.243882822948,0.50136895798,0.0101802931676,0.146306546942,0.0451322592486,0.0128467222489,0.0300872345251
C003080,0,0.816483527038,0.00607857763457,0.00614587161125,0.0127673607685,0.107073666768,0.00603998248767,0.00734275674004,0.0380682569514
C003082,2,0.0278754714109,0.0312000762043,0.0386805566097,0.0382361356638,0.0140103108093,0.0385070562232,0.0292940710993,0.78219632198
C003083,0,0.00906520221038,0.0263768031057,0.013386182222,0.14086278674,0.0263921314891,0.409810787471,0.0284131739389,0.345692932823
C003084,3,0.0211572532627,0.00233392923452,0.00232593545768,0.0267528680592,0.00231751301108,0.916404484307,0.0113375543341,0.0173704623334
C003085,1,0.0947871909373,0.00747729631765,0.00735222662299,0.338534967831,0.277218319077,0.00964452881943,0.241178389964,0.0238070804315
C003086,1,0.00735431728064,0.00585211618648,0.295798337526,0.00734359091726,0.649424611276,0.00735431728064,0.00877570063834,0.018097008894
C003091,4,0.00523173804283,0.677000607008,0.00415090346833,0.0112543812656,0.0128177775485,0.18113039683,0.00932090329183,0.0990932925449
C003093,4,0.159398601774,0.0107094309469,0.00922977492574,0.0294735128701,0.0126614371062,0.564130471741,0.00962765603877,0.204769114598
C003094,1,0.0181297481879,0.260978477208,0.130876220723,0.00877929814386,0.0101255786104,0.534786376849,0.0094609096763,0.0268633906014
C003095,2,0.109195124626,0.052987327314,0.0532023399237,0.0522627673601,0.0529637025474,0.0529637025474,0.0487883102803,0.577636725401
C003096,2,0.00251526222452,0.00251638417182,0.00252659518556,0.511818369412,0.00251526222452,0.00202007078078,0.456398358136,0.0196896978652
C003098,2,0.0456198755418,0.0344318206291,0.0458794478475,0.0452989119725,0.0456198755418,0.0456198755418,0.0515793402009,0.685950852725
C003099,3,0.0320683457554,0.014971785796,0.0319585107201,0.177775088888,0.124301082814,0.0521644364193,0.0157028405146,0.551057909093
C003100,1,0.0159027967759,0.0104851668015,0.0413855209962,0.0104698740551,0.0104851668015,0.167967850325,0.0833205475459,0.659983076699
C003101,2,0.00126371429496,0.00219844197833,0.111232505492,0.0670366113119,0.0373836563249,0.0050726088251,0.00835478937035,0.767457672402
C003105,4,0.0166483009975,0.0189659854086,0.0184487439435,0.122337995439,0.0433464881711,0.00921873799998,0.0196786461802,0.75135510186
C003106,3,0.00352984227926,0.0470412336887,0.895490275315,0.00348523473273,0.00354011033967,0.00352984227926,0.0184781249724,0.0249053363927
C003108,2,0.0165877028024,0.143624094618,0.0166624416459,0.311730298101,0.276578383682,0.117282285836,0.0206179582065,0.0969168351084
C003110,2,0.00110303633307,0.00107350879246,0.983662716456,0.00109527580163,0.00110303633307,0.00110303633307,0.00125561402122,0.00960377592904
C003112,2,0.0488603687055,0.517021158928,0.02234387802,0.0319995713988,0.0222333291651,0.111425441319,0.0382636286362,0.207852623827
C003113,3,0.00261019085211,0.00369076775263,0.0148291423267,0.00366047408457,0.0079762017562,0.0124416827918,0.00451384940891,0.950277691027
C003114,0,0.00214446187686,0.00362899115008,0.00224825510315,0.00245228119055,0.00137312870245,0.0024133381706,0.00280606660092,0.982933477205
C003115,3,0.00938518293703,0.00737931108649,0.00491343080383,0.00570917710861,0.0220204612696,0.00531028773164,0.0520468186057,0.893235330457
C003116,0,0.0033927846483,0.0038056533988,0.00379168302316,0.00380786498275,0.0649825879217,0.00374739485292,0.00432860504498,0.912143426127
C003117,0,0.199106472906,0.0289308846358,0.011243374419,0.011288664374,0.031153468593,0.566885461488,0.0132469018841,0.138144771699
C003118,4,0.00244203449055,0.00244501167482,0.00241402983307,0.00228421231191,0.00244203449055,0.955909487992,0.00255012012862,0.0295130690782
C003119,1,0.0122466340786,0.0122466340786,0.0120411474047,0.0122287722103,0.0122466340786,0.856912844845,0.013618284581,0.0684590487235
C003122,4,0.0072926252912,0.00730151602935,0.00706967351422,0.894000609636,0.0072926252912,0.0072926252912,0.00772838332221,0.0620219416243
C003124,2,0.0038068247601,0.00370575000876,0.0160264681026,0.00136859121926,0.0038068247601,0.00851533136713,0.00451734789511,0.958252861887
C003126,0,0.0151995969072,0.0124324855542,0.0177396448905,0.693077133577,0.0178111027722,0.0107875025189,0.0224782081004,0.21047432568
C003127,3,0.0252832826331,0.0477180618502,0.0476089177028,0.222343852208,0.0473824259817,0.140912490672,0.0512994789124,0.417451490039
C003129,4,0.00761824086171,0.00762752857114,0.543030600357,0.00713989650174,0.362706904108,0.00761824086171,0.00892747580607,0.0553311129324
C003131,3,0.569174278886,0.155407551352,0.0161348039857,0.0521580092972,0.0444415830571,0.0264395028235,0.0235608344265,0.112683436171
C003132,4,0.0121061737559,0.0121209328881,0.011480301038,0.0117457872807,0.0121061737559,0.0121061737559,0.798140745763,0.130193711762
C003136,4,0.0377159888182,0.0576751114523,0.0285347808051,0.288673031676,0.0580693343174,0.0576048829803,0.0483435628097,0.423383307141
C003138,0,0.518137391642,0.0112132523867,0.0111747552108,0.0112197687576,0.00785927402714,0.368078554667,0.0138184242561,0.0584985790534
C003139,0,0.00158094359527,0.323813873234,0.00184908608687,0.00185653447581,0.0268720323185,0.0255595145265,0.612287778296,0.00618023746723
C003140,1,0.341287679716,0.0796682510961,0.010733462791,0.0107302002926,0.226635627711,0.227623609564,0.0139748537843,0.0893463150452
C003142,1,0.47972544321,0.0543809377578,0.0252119637258,0.0101357717102,0.335877425879,0.00863766715155,0.0100143587999,0.0760164317659
C003143,4,0.0205951294223,0.0202409097464,0.0203589494881,0.481126268112,0.17666118908,0.0205951294223,0.0223174460695,0.23810497866
C003144,0,0.0123940192786,0.171201334736,0.314596440789,0.00970910535635,0.0103436730105,0.332145430378,0.0141677962118,0.13544220024
C003145,3,0.00592180310895,0.0032894112469,0.00327814491582,0.00299873099934,0.0016645538143,0.00132283819064,0.0040603564495,0.977464161275
C003146,3,0.0257581629834,0.0257581629834,0.0256699405113,0.0482720656243,0.0301388797094,0.0257581629834,0.220821614051,0.597823011153
C003147,1,0.0349614570373,0.0349614570373,0.281190853067,0.300194049512,0.0349614570373,0.0349614570373,0.0448606268832,0.233908642388
C003148,1,0.000388625075268,0.00115109373536,0.000810045845581,0.00221463154183,0.00115109373536,0.000831063102087,0.00145287459302,0.992000572371
C003149,3,0.319309665583,0.0061399668814,0.00611893731274,0.00608957028885,0.00428080944366,0.60252335779,0.00782063127037,0.0477170614306
C003150,4,0.679446111388,0.022055021447,0.00794169816524,0.00752938933811,0.00803382815218,0.00803382815218,0.208909228876,0.0580508944815
C003152,2,0.00929566680367,0.015652063177,0.00933755008279,0.00923026613434,0.00447889817637,0.00929566680367,0.16588993644,0.776819952382
C003153,1,0.0295824949678,0.0847742845934,0.204483814506,0.023894663763,0.501138462186,0.0396884553894,0.0288138597635,0.0876239648301
C003154,0,0.0185486218002,0.319828908185,0.0200868872339,0.0201678001509,0.281088882823,0.0140694418788,0.27244239074,0.0537670671883
C003155,2,0.054336879593,0.0280888516756,0.0290256720084,0.0286583954895,0.0288614533666,0.0288614533666,0.0312394398655,0.770927854635
C003157,0,0.00429351951014,0.0599536357478,0.00477485872577,0.00479409255443,0.00257194559837,0.000854728551094,0.00489283633838,0.917864382974
C003159,1,0.0164607791165,0.0202679248669,0.0197931511313,0.0705350770409,0.197918863943,0.0155636135626,0.0246275882185,0.634833002121
C003160,3,0.00365900253338,0.299023312165,0.00324747033916,0.00362896959291,0.0261490223018,0.00365900253338,0.647292147073,0.0133410734611
C003162,2,0.00141437367391,0.00137651184214,0.978515927073,0.0046168152224,0.00155341409666,0.00141437367391,0.00175482139905,0.00935376301915
C003163,2,0.140157302601,0.0146280209005,0.0639207653562,0.0105557627527,0.0367889857727,0.0146214988961,0.0172750957945,0.702052567926
C003164,3,0.00796581733055,0.0110629398377,0.010545925733,0.010972135688,0.289573958838,0.0110629398377,0.629297908189,0.0295183745463
C003166,0,0.0138235605754,0.269977889683,0.0218729398515,0.0217016450666,0.503773301698,0.0215513291124,0.0269644638493,0.120334870163
C003167,0,0.00237998048751,0.00360017234854,0.00358781228889,0.745424973146,0.00360226452104,0.00357731351726,0.217872906592,0.0199545770989
C003169,0,0.00317523765736,0.00296514147701,0.00355685568381,0.00357118321823,0.062889347879,0.889303665023,0.00825569384175,0.0262828752202
C003174,3,0.00905742462437,0.0192079267865,0.0113065531087,0.209661828655,0.0749711696822,0.0509771062662,0.0276905464708,0.597127444407
C003176,0,0.00887978900895,0.0134042086141,0.0131247863269,0.822151958092,0.013411998218,0.0216053845676,0.0182766656644,0.0891452095077
C003177,0,0.0152221703569,0.0858316273351,0.0284246555769,0.028539154243,0.0146339068956,0.387622105943,0.333184343961,0.106542035689
C003178,1,0.00238974752384,0.00238974752384,0.023074453632,0.00238626204731,0.932260659179,0.0250344134842,0.00432987714684,0.00813483946326
C003180,1,0.0104128616898,0.00868021437428,0.864606181467,0.00866755417348,0.00595643659786,0.00868021437428,0.0108879610687,0.0821085762548
C003184,2,0.301284546749,0.0132580565039,0.0137136973357,0.00678260650355,0.053828006104,0.0136196714972,0.345885816281,0.251627599026
C003185,3,0.0865875061565,0.0141257490375,0.0112163415635,0.0140098054774,0.0140263923608,0.0141257490375,0.194445874816,0.651462581551
C003186,3,0.0282756621187,0.0282756621187,0.0286848922307,0.0264484752407,0.0347457223141,0.0282756621187,0.0290124562563,0.796281467602
C003188,2,0.00233108228973,0.00230979237159,0.00232692407194,0.00230023215043,0.967098293583,0.00268634059842,0.0028726528992,0.0180746820359
C003189,2,0.0288144424994,0.0354756433672,0.19225498381,0.0361949655186,0.0879345479147,0.0347575361912,0.0423565266847,0.542211354014
C003190,2,0.00839131718231,0.0508092613165,0.0263136265797,0.025848918418,0.102209291792,0.630382798801,0.0284429896367,0.127601796274
C003191,0,0.0032094302472,0.55394378117,0.00346598856879,0.0034807805455,0.0034807805455,0.00345667099773,0.412402939638,0.0165596282868
C003194,3,0.00763574934405,0.900689784603,0.0189766956219,0.00757307543132,0.0138768091223,0.00763574934405,0.007930339331,0.0356817972024
C003195,0,0.00390745513273,0.00496646374265,0.478177876491,0.00729881525488,0.158610702684,0.00427874914573,0.305794515734,0.0369654218156
C003196,4,0.155774995882,0.130124153892,0.0177621944075,0.0129488449764,0.0180513985829,0.0180513985829,0.397820861749,0.249466151927
C003197,2,0.0089503029207,0.00871070933255,0.569565284085,0.00888733209631,0.0089503029207,0.0089503029207,0.346576851071,0.039408914653
C003198,3,0.00614298526287,0.0281578341953,0.667732873858,0.201081348258,0.0193630391505,0.0101444146861,0.011806502567,0.0555710020218
C003199,0,0.182046324956,0.0214444170892,0.0637722608529,0.0330627781641,0.0171047270423,0.155222730311,0.0372182719573,0.490128489627
C003201,2,0.0444933239766,0.0433022676252,0.0447464863221,0.0441802863828,0.0444933239766,0.0444933239766,0.0499171638176,0.684373823923
C003202,0,0.00777847999755,0.00876313734554,0.00873096827819,0.00876822987811,0.877549151051,0.00870749693204,0.010882535694,0.0688200008238
C003203,1,0.00400418334091,0.00464057639487,0.00456124147662,0.00463380805639,0.915363610805,0.00464057639487,0.0057974705433,0.0563585329876
C003204,3,0.0105510658802,0.0174034027438,0.0173437955733,0.0671682016771,0.00880496779975,0.668619490602,0.0227056764542,0.187403399269
C003205,3,0.0123840793066,0.432829565458,0.441646890316,0.00829153365024,0.0507058881679,0.00839765705411,0.0106093043702,0.0351350816769
C003206,0,0.348532836042,0.0257184952138,0.0256301988479,0.025733441034,0.372733503575,0.0418425860709,0.0271411645868,0.13266777463
C003208,1,0.0269782317636,0.0363136013446,0.0301273420893,0.284923503329,0.10932915936,0.0186815320005,0.00407975170277,0.48956687841
C003210,1,0.00312481393041,0.53595192199,0.400357214405,0.00312025635037,0.00289799437907,0.00312481393041,0.0464698891336,0.00495309588108
C003211,2,0.008833183214,0.0173632847326,0.0174542944119,0.0172334363904,0.717121098495,0.0173555431919,0.0199035732103,0.184735586354
C003212,4,0.0277438661436,0.480794346469,0.0856648428095,0.0367115498657,0.00827541432772,0.297616884771,0.0177301364618,0.0454629591521
C003214,2,0.0111264646424,0.0217336371586,0.0111765969067,0.0110481831969,0.335594979196,0.56091582241,0.0139038668842,0.0345004496048
C003216,2,0.00577833684684,0.5907131858,0.00777981039304,0.00769042412257,0.00629716546585,0.0775860857113,0.254511451459,0.0496435402007
C003217,1,0.797084489479,0.115557771615,0.00435211319903,0.0043491561557,0.00435550871943,0.00435550871943,0.00558925463184,0.0643561974808
C003218,1,0.00748309090948,0.00748309090948,0.843025581949,0.007342703699,0.0156945018196,0.00748309090948,0.00987095977866,0.101616980026
C003220,4,0.0069302677874,0.00693871676068,0.00685812370331,0.00553840758616,0.0342601027384,0.0162727168988,0.00753017100887,0.915671493516
C003223,2,0.0426056052568,0.046585372864,0.0477813477481,0.0475299615298,0.121843911986,0.0478667331085,0.0573519792558,0.588435088251
C003225,0,0.0242507201582,0.0277857708424,0.0681504312624,0.027801918021,0.0458576977582,0.0276093486642,0.218938604117,0.559605509176
C003226,2,0.168253247951,0.00982390099921,0.0099123466192,0.707475722304,0.0196366304659,0.00981952094495,0.0121843444766,0.0628942862392
C003228,2,0.00725615682326,0.245033098267,0.695367188532,0.00720510534701,0.00408170098075,0.00725615682326,0.00870861529525,0.0250919779314
C003229,0,0.0169144662251,0.0191905845273,0.0187860570695,0.0192017367748,0.690662390876,0.0190687363791,0.023381283097,0.192794745051
C003231,2,0.00691327562008,0.00594172622208,0.00710582074681,0.167469643746,0.00691327562008,0.00467438850782,0.00780823002341,0.793173639513
C003232,1,0.296974375485,0.012326785265,0.54745104834,0.0123088064951,0.012326785265,0.012326785265,0.0158649596806,0.0904204542043
C003233,1,0.0252971761213,0.00790795641859,0.310729112072,0.00789642256565,0.581539353786,0.0130474050335,0.0101467070271,0.0434358669757
C003234,3,0.00840740925168,0.00840740925168,0.00838817922686,0.00306832858078,0.663989942491,0.00840740925168,0.0390459904844,0.260285331462
C003238,1,0.0126843000658,0.0158136579449,0.0184536601266,0.602601611807,0.0126843000658,0.0695950969288,0.188124092197,0.0800432808639
C003239,1,0.0058047565704,0.0163346979408,0.573935401598,0.0163108735804,0.0115319815054,0.0163346979408,0.0103223089995,0.349425281865
C003240,2,0.0130390210585,0.0130448371894,0.0131290382728,0.0129472836154,0.644894082334,0.0130390210585,0.0165853955581,0.273321320913
C003242,2,0.00117053177118,0.00387750165221,0.00236511370055,0.00230988774948,0.00102653118617,0.000808258944831,0.00668038147871,0.981761793517
C003243,2,0.00586523955007,0.04431116313,0.00623035670178,0.756323056763,0.00586523955007,0.134260058128,0.00720827695348,0.0399366092233
C003244,1,0.00558317458969,0.00558317458969,0.0117909684891,0.00557503145999,0.880211989959,0.00558317458969,0.00738179024708,0.0782906960759
C003246,3,0.00475263036061,0.00475263036061,0.00473635246067,0.00490245047024,0.00360413168487,0.945019610829,0.00505345970441,0.0271787341292
C003247,1,0.00247628391928,0.00247628391928,0.00557513403183,0.0100819933484,0.00247628391928,0.0153816241956,0.00222399117608,0.95930840549
C003248,3,0.00327614389383,0.00428624462648,0.187087220398,0.00323474240061,0.00325310038874,0.780012040468,0.00356863862021,0.0152818692041
C003249,3,0.901241277188,0.00218513823599,0.00217765407273,0.00216720271232,0.00215822877882,0.00218513823599,0.0706435106807,0.0172418500958
C003250,4,0.00148994935175,0.00149176581002,0.926339717055,0.0378746635125,0.00148994935175,0.00148994935175,0.0215657911489,0.00825821441841
C003252,0,0.658716876022,0.0077756351856,0.265759617481,0.00778015384984,0.00778015384984,0.00760921555642,0.0100841580061,0.0344941900492
C003253,1,0.033022957421,0.00425645949605,0.00721831493391,0.0951744950339,0.00606222773534,0.0610220449541,0.752661391581,0.0405821088451
C003254,0,0.0124236527352,0.0140954585725,0.0143606328738,0.714163229675,0.0141036498834,0.0140059612711,0.0167975965926,0.200049818397
C003256,0,0.00462406027325,0.259945670252,0.0148345527597,0.00594922693754,0.67037107432,0.00590801975162,0.00653354085983,0.0318338548464
C003257,0,0.0331889226962,0.0258516780113,0.0333831679439,0.0393933701646,0.0393933701646,0.0391205128765,0.0472931350439,0.742375843099
C003259,1,0.0100523728707,0.690921147469,0.0100407633082,0.0100377113597,0.0100523728707,0.0230712797042,0.0975964849757,0.148227867442
C003260,3,0.0238763661607,0.0238763661607,0.0238217544367,0.0256387947008,0.0239458208137,0.0238763661607,0.0216936999131,0.833270831654
C003261,4,0.00456447202214,0.0020868911976,0.00180095709896,0.00215251170661,0.00208435008107,0.00394104996323,0.00128892996251,0.982080837968
C003265,3,0.0166651388764,0.00475320066366,0.00985013535949,0.0216020492514,0.010186045768,0.0202539414762,0.0123553670509,0.904334121554
C003266,4,0.0205874783578,0.00354021383891,0.210857416768,0.00516552598929,0.00554628070693,0.00554628070693,0.730728131141,0.0180286724917
C003268,2,0.00456318353523,0.00242075647848,0.00255364332827,0.00453107876386,0.00341800263738,0.0131278348294,0.00553419906851,0.963851301359
C003270,4,0.012856761068,0.012872435272,0.0125347756887,0.0356175279355,0.012856761068,0.743009550199,0.0158234499859,0.154428738782
C003275,0,0.0046030832457,0.00689565598161,0.805217002611,0.00689966326249,0.00689966326249,0.131528987268,0.0123213569593,0.0256345874102
C003278,4,0.00929067440773,0.0798668056344,0.124123724565,0.0165940875827,0.0174245834414,0.0142612205555,0.0217995410563,0.716639362757
C003279,3,0.0043117050565,0.0215377515555,0.00474783096519,0.00994036387357,0.0151100584433,0.0100226291968,0.0117195717428,0.922610089166
C003280,0,0.0283439159927,0.0403860109515,0.0561777366705,0.0404094805227,0.0404094805227,0.0356944198202,0.036842469915,0.721736485605
C003281,1,0.0102314399629,0.0853342211055,0.0102234636127,0.0146525056541,0.0348208941509,0.040076140846,0.012309876804,0.792351457864
C003282,1,0.0130897347228,0.0130897347228,0.0128707880534,0.0303419127105,0.00944655426645,0.319846089405,0.016954804192,0.584360381927
C003283,4,0.0128338160667,0.689364970834,0.012499031009,0.0120044007494,0.115066895659,0.0150920802065,0.0217324614962,0.121406343979
C003285,0,0.050083126283,0.549013363933,0.0148758978706,0.0149358201609,0.0149358201609,0.28583244026,0.0173503888526,0.0529731424786
C003288,4,0.0195302775364,0.854280433271,0.00521722393533,0.00610551806724,0.00536264051084,0.0351174068402,0.00994824917667,0.0644382506618
C003290,2,0.0123261224772,0.0324454922466,0.00516932510434,0.0122394007092,0.0274977207428,0.0110696249851,0.0157561477205,0.883496166014
C003292,3,0.0822438694934,0.0120019903284,0.0119608831556,0.0213599710785,0.772012622723,0.0150256989653,0.0143152928555,0.0710796714002
C003294,4,0.00397532964844,0.00367137095944,0.0038716285389,0.25605796448,0.70581751792,0.00397532964844,0.00462034941026,0.0180105093952
C003295,4,0.092568622401,0.00256663558236,0.88332829581,0.00240462123439,0.0025773815761,0.0017541647034,0.00276452993286,0.0120357487602
C003296,3,0.00390878387202,0.909879040732,0.05104565192,0.00387670073673,0.0133386881058,0.00349057345792,0.00417404173037,0.010286519445
C003298,3,0.0167615841608,0.00232781249172,0.00504495262956,0.924717684649,0.0123371763512,0.00711446637832,0.00538624987731,0.0263100734623
C003299,1,0.0143446536454,0.0143446536454,0.00926196883869,0.0143237317893,0.179113967006,0.03228398446,0.0175531269625,0.718773913653
C003301,3,0.00465182458436,0.00465182458436,0.0046358919472,0.00552034398832,0.00461910491547,0.94405045008,0.00557269115179,0.0262978687488
C003302,4,0.0183595429872,0.0330704357973,0.538434951529,0.0171730146707,0.126492400709,0.0183595429872,0.162004657606,0.0861054537141
C003303,2,0.059154967437,0.0591813538533,0.121357720877,0.0587387762646,0.059154967437,0.059154967437,0.0702889879871,0.512968258707
C003305,3,0.00766566092235,0.00298187545175,0.00121480525321,0.0235617541666,0.000929154902085,0.00298187545175,0.00323709335725,0.957427780495
C003306,4,0.0197796823505,0.117402896346,0.213876659789,0.0170957417279,0.0182608596716,0.527589555819,0.0194678899188,0.0665267143778
C003308,2,0.0170096513013,0.017017238555,0.54898924767,0.0134374216507,0.0170096513013,0.0170096513013,0.32239921802,0.0471279201998
C003310,0,0.00649375687913,0.00262922383665,0.00163003630432,0.00163660232874,0.00171556097156,0.000554319867644,0.00181965511053,0.983520844701
C003311,2,0.00842846676508,0.00628670271566,0.00848665419311,0.00836916737542,0.907855799575,0.00842846676508,0.00989631744232,0.0422484251681
C003312,2,0.00333199415999,0.00333348041531,0.00249923568463,0.00330855155465,0.0107016746779,0.00160462965958,0.00718714182137,0.968033292027
C003313,0,0.0262042747977,0.0295214051029,0.0254770477527,0.0295385609127,0.019854980371,0.0293339627381,0.0319898463846,0.80807992194
C003315,3,0.023787650247,0.123449894191,0.0366845280538,0.0365084655521,0.0369176849055,0.0895279669664,0.0434220374932,0.609701772591
C003316,4,0.0275064657298,0.0330542238824,0.882017768662,0.0042213719068,0.0285412463255,0.00454143866645,0.00291892060707,0.0171985642202
C003319,2,0.208959875241,0.0641687783166,0.00391072492248,0.00386579257863,0.00221641346861,0.00389318349224,0.660115838221,0.0528693937587
C003322,2,0.905041893867,0.0155763602814,0.00542293741545,0.00539440637158,0.00543262821505,0.00543262821505,0.00337505816405,0.0543240874704
C003324,2,0.037933123856,0.0817763149614,0.00879307921692,0.01425201976,0.0117374498132,0.0167032259714,0.768457482197,0.0603473042238
C003325,4,0.0459726014833,0.045898668115,0.0452844713733,0.0716823723478,0.0459726014833,0.0459726014833,0.0558492932522,0.643367390462
C003326,3,0.00263822633059,0.0102057794045,0.00411173499485,0.0040920012709,0.00540311956891,0.00379939196259,0.911097934641,0.0586518118271
C003327,0,0.0545650674048,0.00902416329117,0.00899318166424,0.83080017983,0.00902940751407,0.0204510577954,0.0104526281115,0.0566843143892
C003328,2,0.00549914878642,0.00498815349918,0.00291060296733,0.00371806286513,0.00608477121939,0.00245646501516,0.0129772124388,0.961365583209
C003329,1,0.150683921796,0.0094437609605,0.00671566529872,0.00587127847327,0.745654514352,0.0175531761644,0.0116264225901,0.0524512603651
C003330,1,0.01962383417,0.0186700290452,0.136564356501,0.0186427985752,0.0186700290452,0.0186700290452,0.0247173975391,0.744441526079
C003331,4,0.00448653489439,0.147196927954,0.0066941592817,0.792539441094,0.00618303656577,0.00618303656577,0.0068810812658,0.0298357823778
C003332,0,0.00486957014279,0.00710602898855,0.0157658604543,0.628974140364,0.103001487272,0.00699724690239,0.00843438728909,0.224851278587
C003333,4,0.00203661120408,0.180035523768,0.00201325584222,0.0019087337189,0.00203661120408,0.00203661120408,0.793402514637,0.0165301384224
C003334,3,0.00245752932209,0.0294111122092,0.00585441151539,0.0778594241252,0.00658964058612,0.00405149060222,0.0395091045887,0.834267287051
C003335,1,0.00248434919649,0.0136082124509,0.00716887025844,0.00194229036483,0.00308306514389,0.00125770702084,0.00497768942302,0.965477816142
C003336,2,0.00892180671317,0.0139030515859,0.0928105713371,0.5084314046,0.208771421568,0.0118765833467,0.0156340572539,0.139651103595
C003338,3,0.0257883615954,0.0257883615954,0.358425752703,0.025576691797,0.150624890885,0.0257883615954,0.0759229177234,0.312084662105
C003339,3,0.224623383044,0.665197006254,0.0261579132778,0.00552424062082,0.00561122071836,0.0431071648135,0.00588375008767,0.0238953211831
C003340,4,0.00604182430986,0.00644874469369,0.00540519624373,0.00627916580828,0.687030587977,0.00645913230265,0.00744631346695,0.274889035198
C003341,4,0.00782595130905,0.0139243876273,0.0612140945591,0.34237412389,0.495247904342,0.0139074325068,0.015364381494,0.0501417242714
C003342,2,0.00717234425173,0.795618740284,0.00769804184963,0.11405070486,0.00766351253171,0.00766351253171,0.00964691188221,0.0504862318092
C003343,0,0.846300845788,0.018899829107,0.0134703885784,0.0135246492718,0.0135246492718,0.0134309710943,0.0154165425145,0.0654321243739
C003345,3,0.00155808826268,0.00101443503887,0.00155275176417,0.00154529953909,0.000906701697889,0.000659480312259,0.0019631239808,0.990800119404
C003346,1,0.0068302930967,0.89083574226,0.00671568738536,0.00890915811107,0.0068302930967,0.0068302930967,0.00872270595955,0.0643258269938
C003347,3,0.00908381210044,0.00908381210044,0.0090526997746,0.00261117225861,0.0406954644907,0.077351691278,0.0104066094828,0.841714738514
C003348,0,0.012843439268,0.00293622630214,0.0953237410229,0.00360865986917,0.00360865986917,0.131555470043,0.720254249994,0.0298695536317
C003349,4,0.00394689456748,0.933992112915,0.00384393522018,0.00327763143274,0.0236394680173,0.00394689456748,0.00442439302189,0.0229286702582
C003352,1,0.0118452579422,0.0109957206215,0.05972592586,0.0515769815273,0.0109957206215,0.0109957206215,0.0262668618197,0.817597810986
C003353,3,0.0185613188882,0.040020820226,0.0140965744918,0.0140289198618,0.0128365896695,0.774976779788,0.0151535663347,0.11032543074
C003354,4,0.0714867278351,0.0106410422612,0.660113385126,0.00997814691011,0.0106581828042,0.0117202705422,0.0117838104105,0.213618434111
C003355,0,0.0314209629569,0.424357429554,0.0284715989228,0.0285862866835,0.311163433191,0.0283882844149,0.0362353565815,0.111376647695
C003356,0,0.0151951304862,0.013641670915,0.0165745308635,0.349635089454,0.0115432094919,0.512658964218,0.0177902525605,0.0629611520108
C003357,2,0.000562272435518,0.000235006771812,0.00720437219968,0.000938824970979,0.000606951153659,0.00102341298665,0.00113631495348,0.988292844528
C003358,1,0.402208267645,0.0197784063088,0.0196134662235,0.0184807418374,0.105081831625,0.274325692669,0.0247407667912,0.135770826901
C003359,2,0.0240978377824,0.0116208424476,0.0409195177338,0.00502867256797,0.00772064266691,0.0148471226538,0.00631221400851,0.889453150139
C003361,1,0.00825541871093,0.872991630779,0.0082485429211,0.00621975349861,0.00825541871093,0.00825541871093,0.0107338396812,0.0770399769877
C003362,3,0.0497701202927,0.0722265158225,0.0135172998951,0.0100459852139,0.0115529350431,0.0207810780222,0.0118392392342,0.810266826476
C003363,2,0.102761001823,0.0170947133248,0.0458816844192,0.0190180304937,0.119316003253,0.099686063304,0.0200960811846,0.576146422198
C003364,1,0.00776017082992,0.672600885508,0.00760779052652,0.106637780099,0.00763240494619,0.00776017082992,0.174247708494,0.015753088766
C003365,4,0.298800594422,0.426369038209,0.00769613092406,0.00735977635009,0.131960495134,0.0873693882397,0.0085935568327,0.0318510198884
C003366,3,0.00760674654791,0.00992351841698,0.00877731966556,0.566907321265,0.0196707617463,0.121795311755,0.23749695019,0.0278220704129
C003367,4,0.0504215075231,0.020356610763,0.019182250887,0.0192331428973,0.0111660941922,0.0203318234044,0.632692598242,0.226615972091
C003370,1,0.018405799628,0.018405799628,0.691930583808,0.01837895454,0.018405799628,0.018405799628,0.0257701173647,0.190297145776
C003371,2,0.00932601494423,0.142105237101,0.0135770993895,0.607485380787,0.0134840101137,0.167729045978,0.0139560562849,0.0323371554013
C003372,2,0.00583202628929,0.00583462769844,0.0831174725832,0.00420144726801,0.0156688921528,0.00292536724323,0.00696084476023,0.875459322005
C003373,2,0.0440303850964,0.0276363814651,0.246255875423,0.0274297075337,0.0276240595931,0.26888254152,0.034337322349,0.323803727019
C003374,1,0.0179479299791,0.525123905792,0.0176011735051,0.221362684414,0.0179479299791,0.0179479299791,0.0283630757741,0.153705370578
C003375,4,0.00322737219125,0.0389713604675,0.0394136076582,0.19057906474,0.00502360102983,0.704410054654,0.00552842555804,0.0128465137011
C003376,3,0.419181343476,0.0817493564899,0.0203404182803,0.066346382774,0.0204696964293,0.0974245886103,0.187155105045,0.107333108895
C003377,3,0.0598527460417,0.0135255633007,0.585686425167,0.157065057756,0.0134304281673,0.00925774458643,0.0145609052722,0.146621129709
C003378,1,0.180144156774,0.0193526023003,0.780318716078,0.0024856450858,0.00248927572547,0.00576963051913,0.00314046250985,0.00629951100788
C003381,1,0.00415935713714,0.00415935713714,0.0621389802263,0.882223584913,0.0027294259272,0.00415935713714,0.00519200070027,0.035237936822
C003382,4,0.0595082285494,0.0411334116794,0.0761302553432,0.0564031675383,0.0416197080224,0.0595082285494,0.0675598449327,0.598137155385
C003383,1,0.0270635101519,0.0203844238666,0.0104910327372,0.0105598595795,0.802110019142,0.0105752837626,0.0136077106162,0.105208160144
C003384,0,0.0045932073424,0.0123329911343,0.00370198052535,0.939124397418,0.0064522595545,0.00308227012289,0.0197385533898,0.010974340513
C003385,1,0.00429813741897,0.922791907649,0.00422624422232,0.004291868532,0.00429813741897,0.00429813741897,0.00488299972698,0.0509125676126
C003386,3,0.00681325585289,0.00728999309183,0.00726502464929,0.911488293584,0.00731119916383,0.00728999309183,0.0117530137643,0.0407892268023
C003387,2,0.0254647647601,0.0254761234661,0.0255795007841,0.0252856046529,0.0191635020753,0.0185490070439,0.0297780919646,0.830703405253
C003388,2,0.197621211798,0.0179904941524,0.00578004879008,0.00357079742086,0.752842943342,0.00574041878215,0.00701692820773,0.00943715750618
C003392,4,0.00692192548328,0.0635715216252,0.00671030682402,0.00659915578903,0.608450046958,0.176207899063,0.0183523761279,0.11318676813
C003393,1,0.00750771934228,0.00750771934228,0.00750428496988,0.00749676924009,0.00750771934228,0.87329714047,0.0204220797215,0.068756567572
C003394,4,0.0194705654151,0.154360761154,0.152350717788,0.0216695264707,0.0222320443658,0.408216519433,0.0233112891182,0.198388576255
C003396,2,0.00264131945047,0.00189892537587,0.00263971613885,0.00262273616175,0.00264131945047,0.0143207259006,0.954145132468,0.0190901250542
C003398,0,0.0138167447866,0.0666448817921,0.0154946116014,0.0155607387478,0.0155607387478,0.749015634646,0.019137404184,0.104769245494
C003399,3,0.006441125956,0.0020320447597,0.0109584793762,0.00200636527489,0.2836079864,0.683078148684,0.00218016314151,0.00969568640827
C003400,2,0.584081131767,0.0153769536986,0.0154393504849,0.0151666859717,0.276477797739,0.0153700977773,0.020595514421,0.0574924681401
C003401,3,0.0583577002293,0.0961044995837,0.0586393190603,0.057620218602,0.0579472280384,0.0583577002293,0.05592688353,0.557046450727
C003403,4,0.00663047744782,0.00661981428074,0.00652424957001,0.852200215599,0.00663047744782,0.00663047744782,0.00754288274349,0.107221405463
C003404,0,0.00393925865271,0.00433847652163,0.927243149406,0.00434099774572,0.0194255274854,0.00431092992296,0.0223477031281,0.0140539571379
C003405,3,0.0234377734883,0.0234377734883,0.20354330801,0.0232453972192,0.506358249087,0.0234377734883,0.0286184277496,0.16792129747
C003406,4,0.103328977699,0.00980750618742,0.00949609183286,0.660800332282,0.0154733252748,0.00932559063592,0.141516913378,0.0502512627101
C003408,0,0.0213547396602,0.023923334205,0.100467507752,0.0393571429955,0.023937236801,0.0237714360714,0.0268472417152,0.7403413608
C003409,2,0.00640378927827,0.00250361877726,0.00431063933275,0.0553988359158,0.00209060439749,0.00328227995357,0.912459757203,0.0135504751417
C003410,0,0.882828134394,0.00564504965224,0.00562566914939,0.00316646313153,0.00591793749194,0.00387982781184,0.00603964520159,0.0868972731672
C003411,3,0.0403534341412,0.0396803185008,0.0107048723033,0.019589723925,0.0140652069633,0.0522101250787,0.0140149605819,0.809381358506
C003412,3,0.0022414812926,0.0022414812926,0.0410572030862,0.00222308330746,0.00224800160244,0.0022414812926,0.935872176532,0.0118750915938
C003414,0,0.00301880827846,0.232259861249,0.00327483917865,0.00328881537732,0.00328881537732,0.336885067171,0.410026119655,0.00795767371292
C003416,4,0.0572017719471,0.0157130806039,0.0114690357544,0.0232019810651,0.00734006579753,0.0186296126302,0.459319430256,0.407125021946
C003418,3,0.231990736112,0.00939174019842,0.00954475986366,0.0160350032546,0.0339982948678,0.0109466201337,0.0252585851709,0.662834260399
C003419,1,0.0117054222264,0.723897730004,0.0116919035445,0.0116883497222,0.0117054222264,0.0117054222264,0.130650276709,0.086955473341
C003420,2,0.00547042698184,0.27887542859,0.615005337868,0.00543193920105,0.0547210712789,0.00267250687624,0.0236493622184,0.0141739269858
C003421,0,0.0342308680655,0.0379525901966,0.0358308412799,0.0379746456311,0.0379746456311,0.0377116151065,0.0408249884333,0.737499805656
C003422,0,0.0121359957053,0.0078435255665,0.0079100299467,0.00784808368396,0.280361206077,0.0118035904926,0.0103206155464,0.661776952982
C003423,0,0.0339541313389,0.0375298527824,0.0479924281715,0.0375516625509,0.0740772777707,0.037291561809,0.0455434643524,0.686059621224
C003424,3,0.0115310439562,0.013776723442,0.0114915497886,0.0114363976274,0.753891833882,0.157917891192,0.0104852961188,0.0294692639932
C003426,2,0.00301829351415,0.368186235015,0.00968071623765,0.0113660986652,0.00392713277055,0.0219277916398,0.547742778124,0.0341509540334
C003427,0,0.019863274906,0.482477571398,0.013374799769,0.242563847575,0.0116825144419,0.134139958171,0.014146244552,0.0817517891867
C003428,4,0.0160409819085,0.00964119186209,0.00937825671286,0.0090248251982,0.00854102543037,0.894321017853,0.010555336727,0.0424973643081
C003430,2,0.00126974382406,0.0891946799791,0.132536433885,0.00126081040403,0.00436644183487,0.765438586161,0.0015523667474,0.0043809371645
C003431,2,0.0452027919147,0.163260531712,0.0124406448851,0.595115980059,0.00836011170159,0.00836011170159,0.136351373818,0.0309084542072
C003432,4,0.0135821189818,0.0291426019763,0.0281068819599,0.104969781447,0.0166621280621,0.275680830102,0.0344836604801,0.49737199699
C003434,4,0.0267185604727,0.132952468155,0.095064875713,0.0699120064531,0.607244806201,0.0147529434872,0.0166393528981,0.0367149866206
C003435,2,0.556721450657,0.0124642449379,0.261598102186,0.0794050940795,0.0124586876679,0.0124586876679,0.0143920094694,0.0505017233341
C003436,1,0.0384654616993,0.490211203067,0.391971897895,0.0226152295774,0.0198332559365,0.0240800427238,0.00400558646035,0.00881732264077
C003437,4,0.00373786453853,0.00374242152227,0.0036779796478,0.792948814035,0.173168743467,0.00373786453853,0.00413993670738,0.0148463755436
C003438,1,0.463318569359,0.0106235905948,0.38111920628,0.0326213274204,0.0270650912541,0.0117701659653,0.0150599615175,0.0584220876089
C003441,1,0.00354302319018,0.00354302319018,0.911420260084,0.00609924658432,0.00288547136024,0.00354302319018,0.00441486486838,0.0645510875321
C003446,1,0.142079957416,0.513011227775,0.0369461468858,0.0371905169928,0.0573235268683,0.0372448390545,0.0492561758437,0.126947609164
C003447,0,0.00525335685416,0.00406831602342,0.00594738289534,0.00597133982268,0.921622552276,0.00592997947236,0.00744879971754,0.043758272939
C003448,0,0.00316144490198,0.00144664418667,0.0500112163955,0.00506321235357,0.00353003158133,0.000790047889849,0.00433487810454,0.931662524587
C003449,0,0.02686110357,0.545731828238,0.076557482865,0.0325460920563,0.0325460920563,0.0271279182066,0.109493462154,0.149136020854
C003452,1,0.0103627078909,0.750587039498,0.0101614046,0.0101512276983,0.0379763739981,0.00934098189663,0.137154206638,0.0342660577795
C003453,2,0.00473304343331,0.00460634304461,0.00475997395389,0.80955012238,0.00473304343331,0.0153839714203,0.00556061643655,0.150672885898
C003454,2,0.0161326607096,0.0124079734873,0.0155008385302,0.00546273447833,0.0314119245764,0.00985764908568,0.0117600311796,0.897466187953
C003455,2,0.0135229201613,0.0131609206857,0.0136162780597,0.788744404573,0.0135229201613,0.0135229201613,0.0164999187968,0.127409717401
C003456,4,0.00636577501141,0.590602684891,0.00617115910919,0.00596607216284,0.00636577501141,0.00636577501141,0.360273255218,0.0178895035849
C003457,0,0.00615632837946,0.094109580114,0.00431835446619,0.00437402412476,0.00553406299717,0.00556839791304,0.00780267085118,0.872136581154
C003459,0,0.335026646469,0.104616875793,0.0143522102596,0.0123966776686,0.00678291301825,0.00727687796213,0.013265529986,0.506282268844
C003460,1,0.00293729139035,0.00293729139035,0.00288162487933,0.00293300731426,0.961908934255,0.00293729139035,0.00366367246198,0.0198008869187
C003462,0,0.000588346034972,0.0240851958182,0.00205219504856,0.000993898128168,0.00152278772151,0.000660734781161,0.00160309154105,0.968493750926
C003463,3,0.0166337191868,0.023560504321,0.0423128201562,0.0484589365001,0.0552238389126,0.152938722955,0.0637866172838,0.597084840685
C003466,1,0.0860049166622,0.00696888780745,0.00691336816781,0.0255867432866,0.00696888780745,0.0076387731532,0.00882220742521,0.85109621569
C003468,4,0.585611234155,0.196900623089,0.00221376087693,0.00496701523744,0.00382086965401,0.00531019925848,0.188605987674,0.0125703100549
C003469,3,0.00130376869515,0.00130376869515,0.00129930324869,0.0100489049028,0.00151519248882,0.000669046150625,0.00143410877886,0.98242590704
C003470,4,0.466347047156,0.318578533285,0.021310819313,0.018559072921,0.0219828850068,0.0219828850068,0.0246314487318,0.106607308579
C003472,4,0.00676766544399,0.137302802371,0.00659112299905,0.055345188699,0.385109460922,0.00587513009854,0.39005062746,0.0129580020058
C003473,0,0.0181178757426,0.0206180968241,0.29935168707,0.0206300786435,0.0200133602291,0.0154910924653,0.463711779601,0.142066029425
C003474,1,0.022372953421,0.0102174597384,0.0100560270913,0.00998270053912,0.00999728169903,0.00999728169903,0.863892170101,0.0634841257115
C003475,4,0.00886127044731,0.0120132322646,0.0142112285256,0.901920087951,0.00886127044731,0.00886127044731,0.00922860069734,0.0360430392199
C003477,1,0.551317435611,0.0191315971558,0.018972051072,0.0265890428467,0.0119176875998,0.0166183268996,0.0770804644068,0.278373394408
C003478,4,0.015417352524,0.00371093918999,0.0820893079886,0.0034452033145,0.357642489783,0.00370642054092,0.524614740335,0.00937354632431
C003479,4,0.00269415363153,0.0516910898814,0.868393912996,0.00252498948748,0.00269415363153,0.0642296322267,0.00288610316229,0.00488596498308
C003481,4,0.149883865092,0.00364544228228,0.735368150017,0.00341238716523,0.00364100338594,0.0912284770908,0.00422988873758,0.00859078622858
C003482,2,0.0117935411188,0.00413745202522,0.00404730180264,0.00537075868071,0.16134507467,0.787099779873,0.00645911698087,0.0197469748482
C003484,4,0.292767923078,0.0094188815417,0.401319422312,0.00881672729806,0.00940741257975,0.237949201244,0.0107212878804,0.0295991440656
C003487,1,0.00659246389264,0.139118340266,0.00647975966379,0.445011766871,0.374764442883,0.00659246389264,0.00850536625123,0.0129353962793
C003488,1,0.00560703044641,0.00301871024772,0.0368945676436,0.00142919983965,0.00301871024772,0.00238846263715,0.00354305771051,0.944100261227
C003489,1,0.00559924295911,0.00559924295911,0.00559457945032,0.0055910763935,0.84396831209,0.00559924295911,0.00659505934182,0.121453243847
C003490,1,0.0325423601447,0.0325423601447,0.610125693364,0.032494896707,0.0426906283944,0.0357066089744,0.0489954525349,0.164901999735
C003491,1,0.0114178360046,0.00243814236869,0.00396704255604,0.00137390761869,0.00243814236869,0.00180389009654,0.0031396967596,0.973421342227
C003492,4,0.00725974527555,0.0072480701168,0.00718417133098,0.00680391061892,0.00307426344082,0.474958398297,0.0077680443875,0.485703396533
C003493,1,0.0227144932306,0.0478758854715,0.0223417577562,0.0226813638592,0.022558193937,0.0227144932306,0.0298526153777,0.809261197137
C003494,1,0.00118377395738,0.00118377395738,0.929156122928,0.00118204740831,0.00118377395738,0.00118377395738,0.0455851247389,0.0193416090951
C003496,4,0.0225830073024,0.0143264538734,0.0117185805332,0.013410555849,0.0143090091742,0.0143090091742,0.836901139687,0.0724422444068
C003497,4,0.0581552867343,0.0580617611106,0.0575498902295,0.0554435031181,0.0581552867343,0.167544885015,0.0640852119776,0.481004175081
C003498,0,0.0203536594794,0.0308149082571,0.031156050189,0.0308328157619,0.52695644415,0.0396968859457,0.103399008877,0.21679022734
C003499,4,0.00933132117856,0.087954033619,0.171568505797,0.0338458216238,0.00811213950644,0.518997506662,0.0251296738508,0.145060997762
C003504,0,0.0186947468036,0.53217881151,0.0209193403969,0.0210086189359,0.0210086189359,0.0208631032117,0.0242864455711,0.341040314635
C003505,3,0.617032682577,0.0308751303291,0.0308045105335,0.0306217085448,0.0217973859704,0.0385962580519,0.0340912044699,0.196181119523
C003506,2,0.0230169114614,0.0230271782882,0.023175812827,0.132994518099,0.444186616025,0.14244276927,0.0344317560099,0.176724438019
C003507,2,0.0194799818034,0.0194886709622,0.0195677523241,0.033284848763,0.0169505312919,0.746438620236,0.0237790793206,0.121010515298
C003508,1,0.0230872671901,0.00333872784074,0.00333594707436,0.00340057257804,0.0037899393627,0.937399220309,0.00378094274114,0.0218673829035
C003510,3,0.909938555979,0.00522286574371,0.00520497727365,0.00517999667913,0.0211013967376,0.00522286574371,0.0328406455432,0.0152886962995
C003514,4,0.00857477416861,0.0085609841738,0.12287586833,0.00803636970806,0.643706187139,0.00857477416861,0.130669101685,0.0690019406268
C003515,1,0.416320168201,0.0346512127432,0.0123591686873,0.0124449259286,0.00475932755733,0.0124631035204,0.436210437137,0.0707916562252
C003516,4,0.228162630939,0.00902980917818,0.00874308876797,0.208408599107,0.00497708859141,0.00901881397272,0.375152506573,0.156507462872
C003517,2,0.00576657141328,0.00561346355874,0.0057925537258,0.448616646371,0.327879050725,0.0443735301237,0.00768741259302,0.15427077149
C003518,1,0.00600399508578,0.631759844726,0.00599899446622,0.256953223207,0.06137612006,0.00600399508578,0.00751805881917,0.0243857685504
C003520,0,0.00429234972396,0.00479420791564,0.014329862273,0.00479699397947,0.00373494797303,0.0047637677091,0.00267367425285,0.960614196173
C003521,2,0.0129281589897,0.0168356062727,0.0169442757997,0.019239046971,0.0158213248701,0.651282722975,0.20238038884,0.0645684752813
C003522,0,0.69593418521,0.0112033189702,0.192989993481,0.0112098295685,0.0112098295685,0.0111321849373,0.0123403960068,0.0539802622573
C003523,1,0.00577766678935,0.00722683547435,0.844242917562,0.0074628781667,0.00435645521179,0.00498201127622,0.0223954153372,0.103555820183
C003526,1,0.00388623730054,0.012033996148,0.0118365232298,0.00951719752873,0.653473570218,0.0100048408497,0.0157043837878,0.283543250937
C003527,4,0.00583192701997,0.0109337054694,0.0106355208134,0.258480927854,0.622082526202,0.0109203919724,0.0118364302887,0.0692785703802
C003528,2,0.00393026299971,0.938723895265,0.00394797149828,0.00387824889384,0.0109639266182,0.00393026299971,0.00497070736024,0.0296547243646
C003529,2,0.0326553524214,0.0117564815891,0.0093188884485,0.0950147750973,0.00931330817197,0.0385397049418,0.012242913646,0.791158575684
C003531,2,0.758449962629,0.0172235763447,0.0181326776864,0.0352708143167,0.0180513441467,0.0180513441467,0.0212220568563,0.113598223873
C003532,4,0.0762748588998,0.827386684003,0.0163550650391,0.00980257973173,0.0105251350893,0.0105251350893,0.0110485627282,0.0380819794192
C003534,2,0.141225311601,0.00578815539152,0.633136595693,0.147868194965,0.0195554670847,0.00594736227882,0.00718974628301,0.0392891667028
C003537,3,0.0094234170103,0.925427520601,0.00495181100854,0.00490603699087,0.00493388000206,0.00496882939658,0.00603380311285,0.0393547018778
C003540,4,0.0597567710032,0.0129786302925,0.0126246763268,0.00662156814919,0.00590308297838,0.177675853951,0.0147498266867,0.709689590612
C003541,3,0.0040566767576,0.0040566767576,0.0022500715281,0.0134215239909,0.00179465042751,0.00103099189459,0.00256963931409,0.97081976933
C003542,1,0.00976764562569,0.00976764562569,0.00975636489681,0.283164740536,0.160007898811,0.402836069672,0.014023650241,0.110675984592
C003543,4,0.00699754454419,0.00700607553731,0.00681500543485,0.70793979697,0.00699754454419,0.222199157651,0.0074794309002,0.034565444418
C003544,1,0.144951990103,0.00189205855053,0.00139560194277,0.82827871675,0.00136120365573,0.00112088103775,0.00167230631895,0.0193272416421
C003545,0,0.00416305970857,0.878016457562,0.00489062049364,0.00288161217537,0.00390610325081,0.0759119507279,0.00951362726148,0.0207165688198
C003546,1,0.59945974355,0.00891426889136,0.189404724598,0.009199305222,0.00921274212115,0.00921274212115,0.145645661539,0.0289508119567
C003547,3,0.0145294805951,0.0142930479115,0.0201414350406,0.304943367421,0.0372336183642,0.0200447045962,0.022687351954,0.566126994117
C003548,0,0.00388578667024,0.00573259260412,0.0931870254995,0.0100355831769,0.0140563134002,0.00379560101925,0.193053404278,0.676253693352
C003549,4,0.017097438435,0.0191418507508,0.0201746523698,0.0184764313858,0.0194768366904,0.0194768366904,0.0206717132414,0.865484240436
C003550,0,0.0362491281161,0.039869128613,0.0397322504971,0.0459495716435,0.244805423287,0.0839568062445,0.0454561932348,0.463981498364
C003551,3,0.018085336958,0.0232780407222,0.0201761454185,0.876670973001,0.00351558665378,0.00294973676751,0.00785203860544,0.0474721418736
C003553,3,0.00819442648311,0.00819442648311,0.339602914864,0.00812716697167,0.585106772637,0.00819442648311,0.00905915578298,0.0335207102958
C003555,3,0.0295479869503,0.0127452326767,0.0368278584544,0.0372168321944,0.00813714713199,0.77105924866,0.0150486379181,0.0894170560138
C003558,3,0.00417350238634,0.937848708662,0.00415920801689,0.00412076073752,0.0041633817081,0.00417350238634,0.00445274923629,0.0369081868663
C003559,4,0.207378650384,0.00980123285978,0.671896287307,0.0111510134429,0.0117039873363,0.0117039873363,0.0173651430371,0.0589996982968
C003562,1,0.0146067567369,0.799806605816,0.0143670658775,0.014332725343,0.0146067567369,0.0187394924597,0.0199392585311,0.103601338498
C003563,4,0.00992419073809,0.388258020377,0.00966530665,0.310231074858,0.0457718952999,0.206982780779,0.0108753042675,0.01829142703
C003564,3,0.0346189309464,0.0177596905379,0.0803068485675,0.0176139197373,0.0125181800152,0.014739367315,0.748099756982,0.0743433058989
C003566,1,0.0163252558932,0.012292411498,0.03094418709,0.0141384384829,0.0034896732208,0.00489156241262,0.0291315385402,0.888786932862
C003567,2,0.00955843269905,0.403172185267,0.00961281917831,0.511855895929,0.00955843269905,0.00955843269905,0.0126011303969,0.034082671131
C003568,2,0.481408875342,0.033786211933,0.0237319924375,0.0335335475508,0.0337711481165,0.0337711481165,0.0986432414287,0.261353835075
C003569,2,0.00952840821399,0.0156531309971,0.0156182421115,0.0155360717458,0.0156461519403,0.0156461519403,0.688098053318,0.224273789733
C003570,3,0.00133566247742,0.00260575330705,0.00259979324262,0.00236710240145,0.0026133332583,0.00260575330705,0.971172452196,0.0147001498104
C003571,0,0.0141670886104,0.0110747303637,0.0183540698216,0.383283341639,0.0286403781612,0.0102149527436,0.389550042544,0.144715396116
C003573,0,0.0013174648683,0.00141529674187,0.879267074387,0.00141611921497,0.00141611921497,0.101079666286,0.0017939023502,0.0122943569372
C003574,4,0.222386633044,0.152932754373,0.0267266476966,0.0256689810119,0.0143688558257,0.186041177108,0.0301701282441,0.341704822696
C003576,2,0.00281211182621,0.00273683348438,0.937353154608,0.032610509835,0.00281211182621,0.00281211182621,0.00340755571236,0.0154556108815
C003577,0,0.00197158438813,0.00228401304071,0.00227562853566,0.00228534035196,0.00228534035196,0.00226951099366,0.968273806115,0.0183547762228
C003579,1,0.157589503444,0.00287359491758,0.000722912397916,0.002361731948,0.00236518159483,0.823923799309,0.00304991424576,0.00711336214274
C003580,0,0.00351952498108,0.00212460758402,0.027112193588,0.0101061148139,0.00852698531296,0.0050204924139,0.00474410898328,0.938845972323
C003581,4,0.00215260798754,0.007137505422,0.00822819526363,0.417891405884,0.438559646023,0.017784094817,0.00588555309614,0.102360991507
C003584,3,0.0043114187011,0.00671775941844,0.00245814507795,0.0101340108291,0.00459295255916,0.00681243876762,0.00411451257314,0.960858762074
C003585,1,0.00259510059232,0.00235598495968,0.0218515731478,0.00254641497063,0.00395369627476,0.000716662282198,0.00330018118137,0.962680386591
C003586,1,0.0037016873032,0.0037016873032,0.00582257037113,0.00377025529966,0.0247421023835,0.00135350915005,0.00448977573148,0.952418412458
C003587,2,0.206809531613,0.0094231033188,0.0112085753963,0.011053615222,0.0112018635496,0.661905548922,0.0125501605166,0.0758476014614
C003588,3,0.0194473016239,0.00969596552487,0.019380694039,0.0192876789818,0.0118564926552,0.0194473016239,0.443821994788,0.457062570763
C003589,2,0.00393321267054,0.0053000164734,0.00608540753434,0.00262205490466,0.0961736891131,0.0085660136944,0.00750667938519,0.869812926224
C003590,2,0.0162321320974,0.0159294181168,0.0160322384313,0.737648256821,0.0159223158754,0.0132850714831,0.0861700303654,0.0987805368098
C003591,0,0.000545453420208,0.00180922335311,0.000855309000605,0.00015577870636,0.00181027474925,0.00178152699962,0.00079599668015,0.992246437091
C003593,4,0.0218422630762,0.0214665937036,0.0213874613999,0.0206979253575,0.0218422630762,0.0218422630762,0.0226857078496,0.848235522461
C003594,1,0.00741974153523,0.00741974153523,0.00741634740788,0.00740891974977,0.00392156203891,0.00741974153523,0.884843728563,0.0741502176352
C003595,1,0.0177779149528,0.0177779149528,0.0168595369837,0.0762886436369,0.0177779149528,0.0177779149528,0.0229314399144,0.812808719654
C003596,2,0.0127734579064,0.299866162869,0.012765704269,0.0126835888616,0.0127734579064,0.504070022637,0.0156594141835,0.129408191367
C003597,1,0.0056968579596,0.0056968579596,0.00569425195758,0.806653653316,0.106620272847,0.0056968579596,0.00712044777708,0.0568208002234
C003598,4,0.00266216177922,0.00266540732967,0.0026195108844,0.00253802505663,0.968777462482,0.00266216177922,0.00314742681216,0.014927843877
C003599,1,0.0151960991922,0.821984257738,0.015189147805,0.0151739354922,0.0151960991922,0.0304318394244,0.0186964412482,0.068132179908
C003600,1,0.00823502051146,0.00823502051146,0.00809727667237,0.84524097319,0.00823502051146,0.00662033446779,0.0101780043553,0.10515834978
C003601,0,0.0245205612909,0.118048581515,0.041061446973,0.0990031037548,0.0242097100559,0.0409412916471,0.0534867210036,0.598728583759
C003604,0,0.754067804374,0.014814677227,0.0890905566413,0.0148232864982,0.0404774514031,0.0147206133394,0.0177443620634,0.0542612484536
C003605,3,0.0119474024905,0.00910626934945,0.0120050574959,0.472272819447,0.16434102306,0.0179380701099,0.0143637016977,0.29802565635
C003607,0,0.0296512513561,0.0444904112623,0.0443376674256,0.0445162660285,0.269756056989,0.114822536531,0.057523108344,0.394902702063
C003609,3,0.0241718546237,0.0298470804815,0.0247102332633,0.0239734530472,0.0474904474041,0.0241718546237,0.029787150015,0.795847926541
C003611,2,0.0331512575319,0.023462842123,0.043283611383,0.0590052979653,0.0770375875988,0.0602809302428,0.0966266194211,0.607151853734
C003612,0,0.00411372744027,0.00446561734622,0.00328205110366,0.553943096605,0.00446821245581,0.00443726348323,0.399603377522,0.0256866540436
C003613,2,0.0308535675561,0.0300276383083,0.0308202908658,0.0263237749659,0.0308535675561,0.0308535675561,0.0333771125776,0.786890480614
C003614,4,0.0212182486212,0.0273583324557,0.0182895805334,0.0593020631473,0.0144043580173,0.0203248147423,0.0306838560948,0.808418746388
C003617,3,0.483167402738,0.0422631573891,0.0159918966267,0.0159151456508,0.360142435963,0.0160468575899,0.0178409279883,0.0486321760543
C003619,2,0.00213701169323,0.00213796491969,0.00214664037928,0.934549497511,0.0421885416964,0.00213701169323,0.00260362018291,0.0120997119242
C003620,1,0.00727897301671,0.0102895986781,0.0101207506036,0.00984127799993,0.0109796688907,0.734290868571,0.0143168934839,0.202881968756
C003621,0,0.00545891857636,0.00614973619142,0.00612716079749,0.872022781394,0.00615330999503,0.00611068923243,0.00725343983042,0.0907239639825
C003622,4,0.0385362882513,0.0290017850591,0.0213922222055,0.0139444944674,0.025152956943,0.0388090725831,0.408338085724,0.424825094766
C003623,0,0.00081025502548,0.000924052829726,0.000137525045271,0.00092458982566,0.00092458982566,0.00468007552104,0.000896297875879,0.990702614051
C003624,4,0.0378541934471,0.0668468013936,0.0367361732704,0.0309391298635,0.0297974526126,0.029754330907,0.0498767146982,0.718195203808
C003626,4,0.011509307654,0.0114907983277,0.340308659283,0.101024850922,0.011509307654,0.384890574428,0.0121722668946,0.127094234836
C003628,2,0.0157919621012,0.0274171314296,0.209499686953,0.0107784178278,0.0286067027717,0.0450555119984,0.030170506625,0.632680080294
C003629,0,0.0318701012198,0.0353908191928,0.0227812439348,0.038913843075,0.0354113859023,0.0351661097382,0.0385892096349,0.761877287302
C003631,2,0.00844488562077,0.834017675737,0.0085031863993,0.0645670207799,0.00844488562077,0.00844488562077,0.0321777712606,0.0353996889607
C003632,1,0.212313159964,0.60423647662,0.009738077849,0.0829296434407,0.0414375376597,0.00970037183026,0.0113302928789,0.0283144397579
C003634,4,0.0023591590583,0.00236203520572,0.010391754122,0.113545610535,0.00400562746817,0.858129217306,0.00257593382607,0.00663066247868
C003635,2,0.391899796154,0.103381635016,0.0934361506856,0.0255145518078,0.0256953341105,0.0256953341105,0.0313298896037,0.303047308512
C003636,4,0.550430352069,0.00625369770201,0.00608965562949,0.010174216141,0.00624608284661,0.00339096659717,0.00677430391238,0.410640725102
C003637,1,0.0512510913607,0.170303172173,0.00919810266071,0.00936865188005,0.182379524044,0.523404693915,0.0094884487087,0.0446063152582
C003638,0,0.19532304448,0.00277400606841,0.00279752655708,0.0027756181299,0.00192697201261,0.777375727268,0.00334184168953,0.0136852637946
C003639,3,0.0086073251892,0.00626447339437,0.00423762593171,0.00903065372271,0.0232458357733,0.00334239839563,0.00564366991082,0.939628017682
C003640,4,0.00334728757482,0.0233406821095,0.00330890169517,0.00313096130275,0.707842440134,0.137748328161,0.113069970932,0.00821142809041
C003642,2,0.00508541693103,0.00936789167368,0.0093580310505,0.00929783550501,0.0555208120546,0.00936371493434,0.0106797026777,0.891326595173
C003643,4,0.0167805545584,0.106552821129,0.0493021898605,0.113001054913,0.0481811478614,0.04864231918,0.109382063943,0.508157848554
C003645,2,0.00550143575254,0.199905102702,0.0181065568732,0.0177444282335,0.130458969562,0.0179824120746,0.494191491213,0.116109603589
C003647,0,0.00101453550853,0.10071807033,0.156701942511,0.0065251758523,0.00875327493631,0.0320622735729,0.00763615543665,0.686588571852
C003648,4,0.02860564527,0.0049243623105,0.0048619635026,0.00460050523841,0.00471451407092,0.00491836612892,0.903941834633,0.0434328088454
C003649,0,0.00142155905452,0.00156352231684,0.0209452319989,0.00156443092845,0.966078718047,0.00153005870931,0.00197333290991,0.00492314603464
C003651,4,0.0194107003609,0.0537532657246,0.306690050688,0.0275463021468,0.0294495479158,0.42588703617,0.0324474984708,0.104815598523
C003652,3,0.00201650271766,0.00201650271766,0.00200959613605,0.00199101964174,0.00201161273,0.968760524577,0.00250450217149,0.0186897393079
C003653,2,0.0162062968184,0.0762433917786,0.0161964594079,0.468189538352,0.0162062968184,0.0162062968184,0.0203178273671,0.370433892639
C003654,4,0.0174736690773,0.0174949719428,0.154899978282,0.261245263952,0.0160389628822,0.137022349406,0.241568473765,0.154256330693
C003655,0,0.0211246621382,0.0179996731779,0.0335066756895,0.0573851045226,0.0167084310065,0.0336493931127,0.0864502228217,0.733175837531
C003658,3,0.000676102236193,0.000676102236193,0.000679364926817,0.000102633189862,7.97702210218e-05,0.000206457556557,0.000819312536571,0.996760257097
C003659,0,0.0718853712863,0.00258799970587,0.412081369197,0.00258950367325,0.00258950367325,0.443900506085,0.0574215189691,0.00694422741017
C003660,4,0.0551461678509,0.0286159107392,0.0278354959453,0.570107280188,0.0579798574543,0.0285810663908,0.0316725409339,0.200061680498
C003661,2,0.00424589046616,0.00424778437023,0.00424843448624,0.243216590876,0.00255244040218,0.00424589046616,0.715084453546,0.0221585153868
C003662,4,0.37535271224,0.0116229528301,0.0115204851993,0.0108893046099,0.0116416750303,0.0116416750303,0.0139113527142,0.553419842345
C003663,2,0.128373365258,0.305748043169,0.0226740418683,0.0223601489062,0.290913001121,0.0225185808175,0.0350490070077,0.172363811851
C003664,0,0.00401197716959,0.00450558237512,0.00449011387486,0.00450820070965,0.272254408631,0.686918338763,0.00465590880175,0.0186554696753
C003665,1,0.00428481964228,0.00818086224466,0.00489239521624,0.00816893035516,0.12433024481,0.00515989986688,0.796899515485,0.0480833323797
C003666,3,0.0673316241187,0.231481126163,0.00186663344349,0.0018493784812,0.00184998254208,0.0018730486908,0.686739895848,0.00700831071313
C003667,4,0.571130797456,0.381989245213,0.00470008981316,0.00445607543765,0.0047546145765,0.0047546145765,0.00548848859895,0.0227260743291
C003669,0,0.417461986483,0.00503686886872,0.00534271580703,0.00503979595041,0.00503979595041,0.487902919979,0.0617202938486,0.0124556231123
C003672,3,0.0355968453702,0.0476245917059,0.0829720701824,0.04723369104,0.0320945765513,0.0476245917059,0.060847537669,0.646006095775
C003673,4,0.00351366451745,0.0070607353454,0.00437657003302,0.00314831971133,0.00570623269254,0.00461420589571,0.0135957656631,0.957984506141
C003676,3,0.00418587420694,0.0173931586112,0.00991051937602,0.125117605142,0.0162355709199,0.00323636629462,0.0107332731218,0.813187632328
C003677,1,0.00390034941832,0.300979097983,0.00880489359104,0.169731662962,0.00266783019552,0.00412413205553,0.496246243432,0.0135457903619
C003679,3,0.00695609416385,0.00177164810491,0.038358020004,0.00465388256006,0.00190592008449,0.00469239756391,0.891572159292,0.0500898782273
C003681,2,0.0388136475502,0.155183169522,0.0194562771989,0.0123204057494,0.0107365403378,0.0112743187701,0.0220430575825,0.73017258329
C003684,4,0.00988797777715,0.0099000326158,0.301041192592,0.0682308778401,0.00988797777715,0.00988797777715,0.558052910289,0.0331110533318
C003686,0,0.0221531107337,0.0406112601425,0.0128129591382,0.00435972607544,0.0163874710554,0.0100414126468,0.0131655179465,0.880468542261
C003687,0,0.0125492305414,0.0139514283717,0.0136911409806,0.608482003561,0.0154074569076,0.244645714765,0.0149965430977,0.0762764817749
C003688,4,0.00261362213586,0.00524736439131,0.00708428171739,0.00446640724525,0.00457365974044,0.0378440270175,0.00841683357913,0.929753804173
C003689,4,0.00166223888853,0.00166426539204,0.00115237103137,0.00158472861497,0.0117611336173,0.00215719668958,0.00159713915321,0.978420926613
C003690,0,0.0409586365664,0.437575314973,0.0028727514001,0.0028850115882,0.0028850115882,0.101687756793,0.404057471948,0.00707804514369
C003692,3,0.0342465305406,0.0289160252806,0.0323835002774,0.0455809250101,0.0371577186244,0.0316779389566,0.0384161321214,0.751621229189
C003693,0,0.0119526479409,0.0132831313641,0.0135202427573,0.0133799744019,0.135320707918,0.0075267119775,0.0150542630351,0.789962320605
C003696,1,0.00283653916721,0.562745710286,0.00283417666473,0.40815229946,0.00283653916721,0.00283653916721,0.00356227132081,0.0141959247673
C003697,3,0.0122832805839,0.0122832805839,0.0122412099837,0.0121824599283,0.0204373608812,0.0863780290693,0.758164800531,0.0860295784385
C003698,0,0.0115156167158,0.0125720098209,0.0125258585608,0.012579315808,0.012579315808,0.357584133603,0.540884765364,0.0397589843201
C003699,2,0.0161154146609,0.00951606673875,0.964292655179,0.00151575361407,0.00152649342368,0.00152649342368,0.00194605822933,0.00356106473086
C003700,1,0.00116585031833,0.00118946249751,0.00142988777732,0.00116714747769,0.00118946249751,0.982976530977,0.00157739647226,0.00930426198212
C003701,4,0.0172499007594,0.303467711433,0.0356493990158,0.0342015559948,0.0227440720221,0.0932502192116,0.269128377353,0.22430876421
C003702,0,0.0195689519043,0.0302127747719,0.0344239430701,0.0152728628416,0.0150978291131,0.0387939527564,0.0400288371863,0.806600848356
C003704,1,0.0391917216577,0.0208960111883,0.0205838023307,0.0205039896619,0.0179649076666,0.0738850469685,0.6978598734,0.109114647126
C003707,1,0.00586591430206,0.0470186392833,0.0246481735278,0.123743173853,0.108645082472,0.062863029673,0.0271838506669,0.600032136222
C003708,0,0.000370753914393,0.00146532817499,0.00173754426683,0.00225962050558,0.000863193022914,0.0017292828678,0.00104311552706,0.99053116172
C003710,2,0.950826692381,0.00238228091143,0.00246470593363,0.00102769907442,0.00269868329455,0.00244780705972,0.00287476755259,0.0352773637923
C003711,4,0.0129194998425,0.030255051811,0.44421014539,0.0180629215763,0.350828550084,0.0269199423863,0.0313463754453,0.0854575134648
C003712,3,0.0230746061921,0.036883148643,0.095680235385,0.0296760093564,0.0469639327048,0.0273384083543,0.0798733627644,0.6605102966
C003714,4,0.00686656684669,0.0158667025025,0.0486576436838,0.0148232082404,0.275886950258,0.0158473823097,0.0169140875661,0.605137458593
C003715,0,0.0377707541836,0.00771512856497,0.585794638714,0.0141129852661,0.0141129852661,0.0720497296472,0.0154191591852,0.253024619173
C003716,4,0.00112885789122,0.00160437596615,0.0016607637249,0.0024351064228,0.00082817048795,0.00160242238739,0.000538952511082,0.990201350609
C003717,2,0.0817765223842,0.0244781619363,0.0663080660209,0.540054163978,0.0137089878314,0.0122121048697,0.0328602865436,0.228601706436
C003718,3,0.0168238604906,0.0221254815449,0.0222322532686,0.0219438765134,0.620814810986,0.0221254815449,0.0306869616957,0.243247273956
C003719,3,0.482964553953,0.0178904610245,0.288769737854,0.0177436168653,0.0157058318253,0.0178904610245,0.0198983269674,0.139137010485
C003722,4,0.14200772344,0.031894425526,0.0313452258825,0.0309072858606,0.0179465061596,0.0192698226528,0.0357546092783,0.6908744012
C003723,4,0.8583163183,0.00865961421151,0.0111747564855,0.0106538654474,0.00876647127682,0.0536106821574,0.0126595499869,0.0361587421346
C003726,4,0.0105646198689,0.069419185984,0.00857508577029,0.00550152114899,0.00835552845579,0.0133778213573,0.00916627565262,0.875039961762
C003727,3,0.0450781020517,0.00404292007427,0.0130030266948,0.549922196305,0.00405468064155,0.367923235561,0.004655170543,0.0113206681282
C003728,0,0.121508368894,0.0127203591195,0.012673663276,0.012727751317,0.582947226959,0.197972453195,0.015114532664,0.0443356445758
C003730,3,0.00607214455751,0.00448091340926,0.00605134728232,0.00475045921046,0.740802658697,0.181446061631,0.00818056944243,0.0482158457699
C003731,0,0.00196582436919,0.789168755773,0.00213602452797,0.00214514054911,0.183354352548,0.0020980095191,0.00248121255126,0.0166506801622
C003733,2,0.00022315033256,0.00113609448141,0.000211711199816,0.0025271689801,0.00300766825648,0.000763341985579,0.0013718629202,0.990759001844
C003734,0,0.16107803685,0.00289294803631,0.0826098161794,0.0028946292187,0.666528892028,0.00287457963483,0.0725579548598,0.00856314319307
C003736,1,0.34472466633,0.00214749959325,0.00213027730616,0.61561943212,0.0265421289252,0.00214749959325,0.00325113527738,0.00343736085495
C003737,2,0.0249467082393,0.0249578358631,0.0374089987899,0.206551205945,0.0249467082393,0.0972763387621,0.334134065631,0.24977813853
C003738,4,0.0148764666623,0.0145587744446,0.0145038996731,0.220798894729,0.252812513573,0.0148764666623,0.416986368098,0.0505866161572
C003739,3,0.00324423428738,0.00494227067283,0.0142379489824,0.00258126516543,0.0049566473871,0.0166432772509,0.00586329211017,0.947531064144
C003740,1,0.130551350319,0.0324824217169,0.015514453409,0.0155097377005,0.0155323918876,0.017239783505,0.657673491791,0.115496369671
C003741,1,0.313653633997,0.00511249234977,0.446549846357,0.0119592695638,0.011976737785,0.0624129214798,0.0156746809862,0.132660417481
C003742,1,0.00269990842141,0.0555778250007,0.0382949848343,0.00374030950262,0.0241623836903,0.00693839864972,0.0168642170667,0.851721972834
C003743,3,0.00369260669423,0.498628126741,0.00428051065087,0.457563735725,0.00428480606711,0.00429522191331,0.00623555044413,0.0210194417642
C003744,4,0.0490539653369,0.0340157347856,0.216549017325,0.0317786458841,0.0206203875163,0.0259771118527,0.0794713435824,0.542533793717
C003745,1,0.000234413312325,0.000373411831991,0.00152315671072,0.00348592588515,0.000638517150627,0.000335167730504,0.00199293233631,0.991416475042
C003746,0,0.0457389546731,0.00686427530399,0.713932204392,0.00686826434857,0.00686826434857,0.0324811424268,0.160724244621,0.0265226498855
C003748,4,0.0129600480919,0.0166134700654,0.358349422022,0.29195740105,0.0102959976484,0.0165932405663,0.150159658916,0.14307076164
C003750,4,0.609226742073,0.00716598739574,0.00693844827447,0.00682649663279,0.0071572616849,0.0071572616849,0.00806249896476,0.347465303289
C003751,1,0.212252938649,0.01965990568,0.541704931352,0.00368702812534,0.00369241355651,0.207230787068,0.00449589775816,0.00727609781058
C003753,4,0.00586257436827,0.529716289722,0.303898316918,0.0139422241718,0.0149861420378,0.0149861420378,0.0167843857758,0.0998239249693
C003754,1,0.0040994715957,0.0040994715957,0.00402048365924,0.0040934924653,0.0755589869623,0.877782757576,0.00533529701445,0.0250100391311
C003756,3,0.41410504928,0.0171989963418,0.0171400892692,0.0170578276959,0.0124627549276,0.0171989963418,0.0813028496792,0.423533436464
C003757,0,0.220797386638,0.0413800827092,0.0604487538606,0.137614129506,0.0802754274528,0.0546738867922,0.0425426009604,0.362267732081
C003758,1,0.0287127131504,0.00926262192341,0.00949669294304,0.00924911227394,0.234651625779,0.223062568773,0.352645291113,0.132919374045
C003760,0,0.00379050515193,0.00618016140488,0.599127267276,0.261481255423,0.00671217521617,0.0782465092256,0.00510507624731,0.0393570500548
C003764,4,0.155384365861,0.0777302949499,0.0246262079941,0.0242001942464,0.0258215099651,0.0258215099651,0.0286110724736,0.637804844545
C003765,4,0.00465429555435,0.00231414347762,0.0457631284774,0.351452712701,0.0963632017661,0.00354266728227,0.46602703328,0.0298828174612
C003766,0,0.0199351894862,0.0239469450057,0.0238647307003,0.364020481477,0.0239608613228,0.0237948969584,0.0258638855697,0.49461300948
C003770,3,0.675604313647,0.0054685610496,0.277900985749,0.00539945340337,0.00540121702214,0.0054685610496,0.00559921698107,0.0191576910986
C003772,0,0.00162339119157,0.00278562328105,0.00271513773181,0.00315546257125,0.00315546257125,0.00471665102323,0.00341008587082,0.978438185759
C003773,1,0.018746963119,0.018746963119,0.223895783915,0.0190942214355,0.018746963119,0.538626882202,0.11055434201,0.0515878810805
C003774,1,0.0323016686053,0.0330985393172,0.033794027718,0.139738780596,0.0343818164681,0.0343818164681,0.419628852171,0.272674498656
C003775,3,0.0189546584261,0.00305516890949,0.00217326483106,0.00303009221027,0.00427877124216,0.0061101909076,0.00399016904757,0.958407684426
C003776,2,0.00235914285406,0.00236019516342,0.366570570563,0.00234254484932,0.00130028956661,0.609838376164,0.00306442206007,0.0121644587795
C003778,0,0.0760752951591,0.00722496014174,0.036997509375,0.0101347386251,0.0414767112554,0.0100645405871,0.0108670025662,0.80715924229
C003779,0,0.02004604017,0.0551909895474,0.0127458703742,0.0127972126025,0.358556216247,0.0127085729987,0.290548766855,0.237406331206
C003781,2,0.513934931731,0.0201168008149,0.0202222430522,0.0199663607756,0.0201078316,0.0201078316,0.0224880124001,0.363055988027
C003783,2,0.0203514117698,0.0300042968335,0.0145077942575,0.0144314661565,0.0140007701696,0.0145337197137,0.0181791123401,0.873991428759
C003784,2,0.011740651556,0.722531240617,0.0118217052442,0.022703064744,0.011740651556,0.165618724042,0.0149843562359,0.0388596060048
C003785,3,0.0101478128801,0.00295760188019,0.422027399927,0.00418654648482,0.00423347302144,0.534128899021,0.00664169237414,0.0156765744116
C003786,3,0.00454612377296,0.00454612377296,0.324330131529,0.00411871730191,0.611533082511,0.00920811538049,0.00507009033497,0.0366476153968
C003788,2,0.0040174904961,0.00401928252103,0.07003143217,0.00398922500713,0.226954977173,0.502356329996,0.177427268596,0.0112039940401
C003789,0,0.00614134814188,0.0128679463915,0.0130193301218,0.0128754243567,0.0128754243567,0.0122797526104,0.127508980466,0.802431793555
C003790,0,0.00653541358471,0.00729952905862,0.007274468421,0.832635852582,0.00730377104275,0.091711232994,0.0156348150648,0.0316049172518
C003791,0,0.0268298697353,0.184154150852,0.029908601931,0.0300362444014,0.0373678314009,0.0298281990333,0.035494802489,0.626380300157
C003792,3,0.00929644173414,0.00824874574295,0.456957641519,0.0092201369274,0.115508633427,0.00929644173414,0.360404473882,0.0310674850327
C003793,4,0.0046033329468,0.0044002700885,0.500854453549,0.00430583181097,0.00496304187269,0.00416817652959,0.454768664198,0.0219362290036
C003795,4,0.00975943545765,0.00977133358509,0.00618208552335,0.00495321862715,0.00426521368467,0.67319907633,0.010690618816,0.281179017977
C003797,3,0.0347364500539,0.0198528036206,0.232982837766,0.00914368075725,0.198519094441,0.0132266990437,0.0136131848533,0.477925249464
C003798,2,0.00312064655844,0.00172945867977,0.0318141258688,0.00309869091201,0.00222585422133,0.0013606719044,0.00367074335611,0.952979808499
C003799,2,0.011082767468,0.928412185831,0.00271339260142,0.00153518387358,0.00269478864595,0.00269478864595,0.0358710441398,0.0149958487946
C003801,3,0.0109096206827,0.0109096206827,0.0108722549083,0.798700432655,0.00814528001757,0.0109096206827,0.0207054809337,0.128847689438
C003802,1,0.00669547824369,0.00669547824369,0.504097709174,0.00656986711258,0.00669547824369,0.00669547824369,0.417812019701,0.0447384910379
C003803,4,0.0696338589327,0.00874254230392,0.00341226668384,0.00184494034637,0.0754433209155,0.0683048778703,0.0271152594215,0.745502933526
C003804,3,0.00941757223969,0.0099081328871,0.851258774294,0.00636093195387,0.0382087748103,0.0099081328871,0.0126272826589,0.0623103982688
C003805,0,0.0754674240132,0.0136255558827,0.0135755371043,0.0136334741184,0.343478549999,0.483889035339,0.0161809225907,0.0401495009527
C003806,3,0.00347696058654,0.00963596561359,0.004500239074,0.000825098318373,0.00452884136575,0.00593528587557,0.00783544303682,0.963262166129
C003807,0,0.00471341853301,0.00525989009705,0.0333919083702,0.332302949551,0.176745541466,0.00522649310138,0.418557738205,0.0238020606768
C003808,0,0.0370631128667,0.0410927684146,0.0408400071987,0.0411166487046,0.0411166487046,0.0408318551667,0.0442130332034,0.713725925741
C003809,2,0.0390131265466,0.039030528578,0.039188907123,0.0387386454746,0.0390131265466,0.0946483622825,0.42761276975,0.282754533699
C003811,0,0.00157002938472,0.788250489465,0.00175088208152,0.00175835441054,0.00175835441054,0.151139940594,0.04748618405,0.00628576560307
C003812,3,0.00459941755728,0.00702140087961,0.00700534103179,0.00696376951351,0.0358632394581,0.00702140087961,0.864150255476,0.0673751752045
C003813,4,0.0023310817174,0.00347549963693,0.00249203174026,0.00118283684272,0.00209716697808,0.922296355983,0.00371220413613,0.0624128229654
C003814,2,0.0141514891317,0.0618480960475,0.00943441691779,0.014051924799,0.805979738015,0.0141514891317,0.0167593710251,0.0636234749323
C003816,3,0.00481167102541,0.00481167102541,0.0676357125361,0.00475086467142,0.00477782704013,0.883321675556,0.00578575420834,0.0241048239375
C003817,4,0.942328515657,0.00341419778129,0.00330578793907,0.00319592625154,0.00341004046131,0.019522879339,0.00380913743003,0.0210135151407
C003818,2,0.0202614632867,0.0831145933288,0.0112280445254,0.00807811417307,0.0111776814946,0.00869741056677,0.800619878296,0.0568228143287
C003821,3,0.0064146661862,0.0064146661862,0.663684551567,0.118401798958,0.00705231975445,0.155989832203,0.00732689086782,0.0347152742778
C003822,2,0.00642318688984,0.0062512424978,0.00642703548569,0.582208959278,0.00642318688984,0.352310808022,0.00793991555922,0.0320156653771
C003823,2,0.0225240787602,0.0219211243241,0.439882603937,0.0223656081675,0.0225240787602,0.0225240787602,0.026349835411,0.42190859188
C003824,0,0.00847121899741,0.0126666633108,0.0129080377352,0.0126740243041,0.842472705202,0.0125862379612,0.0137149329044,0.0845061795855
C003826,3,0.0273013034336,0.0378464378494,0.038689389871,0.0414072004226,0.0373803679772,0.0378464378494,0.0631196246123,0.716409237984
C003828,1,0.00671355540152,0.872610405744,0.00691160207913,0.00690690599108,0.0100318631807,0.011990894669,0.0080412979402,0.0767934749948
C003831,4,0.00345833293941,0.00346254913473,0.00267890512047,0.00436173627958,0.00345833293941,0.0470345130448,0.00105962003261,0.934486010509
C003834,2,0.00491787315626,0.00806039723058,0.207458717179,0.0322644407431,0.69021043245,0.0108400191775,0.00763337504447,0.0386147450195
C003838,2,0.00187680426104,0.0293510782638,0.00132436483102,0.0070911238519,0.937505025381,0.00187680426104,0.00237338066498,0.0186014184848
C003839,2,0.00410852562631,0.871726202242,0.0100808344088,0.00472425268002,0.0100356171518,0.0100356171518,0.0221403573179,0.0671485934211
C003842,4,0.00306132885762,0.0113862104881,0.0235604424507,0.0128815994797,0.0386744431189,0.0123574748712,0.0145004067575,0.883578093976
C003843,3,0.524376517854,0.011696140584,0.0116560809557,0.0116001391491,0.282558165637,0.011696140584,0.0417965627413,0.104620252495
C003845,3,0.0213301645271,0.0307650396369,0.0306946716486,0.0227745598667,0.0167252124897,0.0307650396369,0.228099633887,0.618845678307
C003846,0,0.00449508691852,0.00738787521425,0.00736251126788,0.123808954046,0.0945466003039,0.00734096685078,0.709902577294,0.0451554281046
C003847,1,0.1892956117,0.00614683341855,0.00616429617034,0.00613786818543,0.694646349658,0.00614683341855,0.004337457755,0.087124749694
C003848,3,0.0262941610441,0.519366439527,0.137354832847,0.0531971973942,0.0284306720655,0.0377205564243,0.0460328190301,0.151603321668
C003850,2,0.00108978305557,0.188121864536,0.802500856451,0.00107536058786,0.00108978305557,0.00108978305557,0.00121061921798,0.00382195004086
C003852,2,0.0125872427528,0.00954851428602,0.0126588628435,0.0124986838448,0.0125872427528,0.856598449747,0.0140606893242,0.0694603144489
C003854,4,0.0122855424958,0.0122657848247,0.012144654883,0.0117126671008,0.0122855424958,0.0122855424958,0.817957844523,0.109062421181
C003856,1,0.00274752311312,0.911869657241,0.00274626627103,0.00274351581643,0.00274752311312,0.00274752311312,0.00323166485932,0.0711663264728
C003858,3,0.00870752611108,0.00870752611108,0.00867770257591,0.1378263577,0.305878250421,0.472759240966,0.0105042058692,0.0469391902452
C003859,1,0.119404530104,0.0855925794171,0.0277739397277,0.0217746794539,0.539664007045,0.0694766583708,0.0259786612941,0.110334944587
C003860,4,0.0131293788886,0.00703993513726,0.00758944989187,0.00657694467526,0.00871068089252,0.0481728078076,0.0106888237189,0.898091978988
C003862,1,0.00812733432292,0.0137393870258,0.0106829854295,0.00811548050455,0.00521942812028,0.130280966402,0.766453733451,0.0573806847432
C003867,1,0.011840783584,0.0214082446865,0.523215351319,0.0140959975289,0.0235587216718,0.0812906175516,0.246090784992,0.0784994986657
C003869,4,0.00817940762257,0.00810575947459,0.0125665352798,0.012056165655,0.0129031284313,0.840367779797,0.0283517081568,0.0774695155831
C003870,3,0.000880793615609,0.0230879376034,0.00240212948103,0.00089215139422,0.00102399504156,0.00112038596607,0.002707169595,0.967885437303
C003871,4,0.00929653444506,0.00914444483467,0.813100230182,0.0175489241437,0.00820346943551,0.0159248425023,0.0165603518425,0.110221202614
C003872,2,0.00388720037621,0.00382460310407,0.00300565604558,0.0038357561721,0.0158453954971,0.0626565748937,0.0048504404336,0.902094373478
C003873,2,0.00208705816732,0.00208798911172,0.00210146654672,0.966051841135,0.00208705816732,0.00208705816732,0.00255390525167,0.0209436234534
C003877,1,0.0156605139231,0.0156605139231,0.0153977456476,0.0156376728684,0.0156605139231,0.803283018812,0.0195682078728,0.0991318130301
C003880,0,0.00930435744815,0.00703696643879,0.00299980788755,0.00603707781701,0.0119861951453,0.00539867975219,0.00745634622,0.949780569291
C003881,1,0.00668438951601,0.32322717291,0.00429995010788,0.00429864311299,0.00430492189521,0.00430492189521,0.640800413367,0.0120795871956
C003884,1,0.00256621692508,0.00312327742312,0.00214989639827,0.00306468289176,0.945103702262,0.00285453113265,0.00362652003949,0.0375111729273
C003886,3,0.0122737850942,0.115835177226,0.0122317470163,0.728917920222,0.0425777433377,0.0122737850942,0.0223617304328,0.0535281115765
C003887,3,0.00598884746302,0.919731958845,0.00601774805737,0.00593969125237,0.00487439909104,0.00598884746302,0.0194869423262,0.031971565502
C003888,4,0.723992499513,0.0144761814849,0.0140315223716,0.0137843514287,0.0144865708006,0.0154071388302,0.134275257526,0.0695464780458
C003889,4,0.828401002237,0.00595157941942,0.11071112106,0.00566714795327,0.010056935043,0.0059443324403,0.00669397335585,0.0265739084904
C003891,3,0.015035031386,0.015035031386,0.0152526315099,0.0148450297345,0.0189154188406,0.015035031386,0.015771008284,0.890110817473
C003892,4,0.137705064344,0.567672014598,0.0409051880985,0.0241947391327,0.0273517570764,0.0273517570764,0.0292232967602,0.145596182915
C003894,4,0.0338431865319,0.579072519509,0.0200975743269,0.0300692721264,0.020613828088,0.163280994009,0.0213441195855,0.131678505823
C003896,0,0.00642679050494,0.00992109484666,0.0100094160424,0.0662918445999,0.0237479146795,0.809254053575,0.0139218828435,0.0604270029084
C003898,3,0.0717696347059,0.00655472037314,0.140623682606,0.0573571784947,0.583873357351,0.0443866980635,0.0343825895232,0.0610521388829
C003901,0,0.317047255598,0.490993361167,0.0171977838345,0.0172711796963,0.0430959453098,0.0171515512605,0.0204487345702,0.0767941885633
C003902,1,0.58269168088,0.00531554735198,0.00960732530205,0.0052158245404,0.00387743634481,0.35592944564,0.00880803488074,0.02855470506
C003907,1,0.0801037512843,0.0301175317646,0.0306925606371,0.599754821085,0.0309506707291,0.028883784489,0.0419056541217,0.15759122589
C003908,0,0.247658320184,0.0611326659684,0.0622976027557,0.0611681920682,0.0611681920682,0.0834265868394,0.0654664303441,0.357682009772
C003909,4,0.0113506529323,0.11179379134,0.797396711021,0.0101513726807,0.0108645210428,0.0114804747274,0.0123753370418,0.0345871392148
C003910,1,0.00636973948867,0.00636973948867,0.00636477368977,0.741906403962,0.00763436865767,0.142566647785,0.00791348991368,0.0808748370145
C003912,0,0.404173106936,0.0630928816986,0.00436437106691,0.0107975667468,0.234813907135,0.0508061122598,0.0191370630817,0.212814991075
C003915,3,0.00339307171893,0.00339307171893,0.00346864545393,0.00336522152752,0.00240749880372,0.95258169005,0.00469914535487,0.0266916553722
C003918,1,0.00411677100277,0.00264496682868,0.00266136675766,0.000780980929944,0.0239476867863,0.00158026165616,0.00337968965559,0.960888276383
C003919,1,0.00382914205094,0.00386367395507,0.00382595282738,0.00375730508177,0.00382914205094,0.939741715715,0.00477022805493,0.036382840264
C003920,2,0.16209769564,0.0294997281944,0.0304836041286,0.0300978796567,0.0251268830687,0.0303111369395,0.0323848837385,0.659998188634
C003921,3,0.0574034876815,0.265935773034,0.0123488524228,0.0216096839132,0.0737873559707,0.0395001285343,0.0260282680017,0.503386450442
C003922,4,0.00180657571048,0.00809233326523,0.0626595845849,0.0130957036218,0.00535939288175,0.0102737117986,0.0120248884266,0.886687809711
C003923,2,0.0544859473491,0.00991460425818,0.0111505211119,0.209380209843,0.00627523303479,0.0307923793969,0.0130735697324,0.664927535273
C003924,1,0.00350054420825,0.00511543509804,0.00656305549469,0.00266006042484,0.00183076748366,0.00167662340794,0.115900372644,0.862753141238
C003925,4,0.00305559155542,0.00305931675222,0.202448355425,0.00284582379187,0.111292874737,0.66660577527,0.00316724247299,0.00752501999608
C003926,0,0.0210691143874,0.0330358572954,0.23612946642,0.0330550554629,0.0330550554629,0.0328261003684,0.501091451038,0.109737899565
C003928,0,0.00956346691236,0.000604139683869,0.812099133905,0.000604490768291,0.0236522897418,0.151417489455,0.000708631508011,0.00135035802631
C003929,2,0.000725085444857,0.000725408873425,0.000728352446215,0.00670137358914,0.000725085444857,0.000725085444857,0.984498649631,0.00517095912567
C003930,4,0.0209253225227,0.0209508334403,0.0206853560143,0.551645514607,0.0128645881777,0.0512745501785,0.0560793517384,0.265574483321
C003931,0,0.0110115140071,0.0124292427013,0.012386570805,0.0124364657222,0.776639596026,0.00986039481645,0.0449416744879,0.120294541434
C003933,3,0.0169650732387,0.0169650732387,0.0152595985724,0.0168258246239,0.00945438398326,0.807459596239,0.0226698413272,0.0944006087771
C003934,0,0.00289983111235,0.0141225318665,0.00442107612544,0.00440156400415,0.00247174822242,0.00374681225817,0.00548014604223,0.962456290369
C003935,4,0.218741424016,0.0106961255946,0.0136267512761,0.0130516838268,0.483973664946,0.0761177037972,0.0150921604402,0.168700486103
C003936,1,0.0151741386728,0.108291629666,0.335444452339,0.431247109162,0.00652194560176,0.0080250007447,0.0200565636068,0.0752391602075
C003937,0,0.000416590589329,0.000639779667964,0.000616074276883,0.000544878909413,0.000631416201331,0.0201974486669,0.972377758212,0.00457605347645
C003938,4,0.00822113806331,0.0103462582019,0.121170582971,0.00764173730207,0.0117912770943,0.574685688951,0.231622791474,0.0345205259426
C003939,4,0.00679470585362,0.00667784237314,0.00764748689781,0.00659823749918,0.00679470585362,0.00679470585362,0.86721435317,0.0914779624988
C003940,2,0.0646513006342,0.0436296971772,0.0626553126074,0.0254885266443,0.0152121673803,0.0249027148054,0.0513504326235,0.712109848128
C003941,1,0.00132048131023,0.983808188868,0.00129839415636,0.00131855537179,0.00125674460806,0.00132048131023,0.00170129454284,0.00797585983261
C003942,1,0.00674688946843,0.00811354071775,0.00797782882175,0.00796132589606,0.846826659163,0.00811354071775,0.0689976241212,0.0452625910938
C003944,4,0.00356132492029,0.00277676191135,0.0442569788804,0.00333771165831,0.00356132492029,0.899968929388,0.034447828012,0.00808914030965
C003945,2,0.00508823286118,0.826459105468,0.00632053599765,0.00732178872259,0.056784290043,0.0533868152966,0.011558871364,0.0330803602468
C003946,2,0.66270734988,0.00157953008821,0.275392551957,0.00156771784378,0.00157882584379,0.00157882584379,0.0515035557419,0.00409164280211
C003947,0,0.00413464213258,0.109049053773,0.00458528677226,0.593361218034,0.0202057839522,0.253270404202,0.00540555333333,0.00998805780102
C003948,2,0.00942312643989,0.0244867500187,0.0355456197925,0.0254576958723,0.485041811908,0.0148687636764,0.0417168338258,0.363459398467
C003949,0,0.0385636295753,0.0427166217246,0.0353697867997,0.104072335131,0.0427414456865,0.329069403926,0.0508027990089,0.356663978149
C003955,1,0.00621628145399,0.00504757354673,0.489595561915,0.00459533257822,0.00458804984444,0.158955441982,0.00741954416438,0.323582214515
C003957,1,0.0225589083339,0.00584138506759,0.00831618482397,0.00730476083662,0.00703526748708,0.00427677616394,0.0160924059156,0.928574311371
C003959,1,0.00319928997995,0.476752597648,0.494521532604,0.00414863007435,0.00259042810772,0.00422794889578,0.00527814530106,0.00928142738948
C003961,1,0.556058276634,0.0408586213449,0.0984309753779,0.0222801007429,0.161046868528,0.022706080235,0.0289173555288,0.0697017216087
C003963,2,0.00218632926767,0.00343684873225,0.00255342377318,0.00350653602161,0.00666896494019,0.94131418825,0.00402107983013,0.0363126291847
C003964,4,0.0236827909325,0.0236447041493,0.016727318126,0.022013699988,0.187039622088,0.440903709168,0.0932253112636,0.192762844285
C003965,0,0.00613782388169,0.310404015614,0.553486279479,0.00740268774729,0.0834724372048,0.00735141319792,0.00955698285547,0.0221883600201
C003966,1,0.675517660011,0.00727826647928,0.0072198970178,0.00726765103696,0.00727826647928,0.012646287953,0.00958199405462,0.273209976968
C003967,1,0.0206555324869,0.140292684541,0.506985877797,0.00913787069591,0.00714191781393,0.177131795001,0.0113572911679,0.127297030497
C003970,0,0.00604605344432,0.00660069236026,0.00647291192829,0.00660452822858,0.427330769017,0.498796293162,0.0147953037199,0.0333534481399
C003974,1,0.0108732304268,0.0107843659399,0.0165070265878,0.0161310940862,0.0653467436441,0.6670540234,0.104573810784,0.108729705131
C003975,2,0.00965482568656,0.00835365575994,0.0735253692982,0.0109393524853,0.00541452525066,0.795246664519,0.0131567136956,0.0837088933051
C003976,0,0.00361524561907,0.000731361767013,0.001322657207,0.0013279850635,0.000669104493888,0.00419864566336,0.0014737509238,0.986661249262
C003978,4,0.00371546387662,0.00370948864898,0.00365177240222,0.00491788459048,0.941873876758,0.00332494350118,0.0044626693196,0.0343439009034
C003980,4,0.0150764329073,0.0623831813192,0.0146988579532,0.0141020832424,0.138768361033,0.0150764329073,0.664092010072,0.0758026405656
C003981,0,0.66105076389,0.0102454838031,0.0102103091562,0.0102514377734,0.0103967230983,0.228574296958,0.0126346802705,0.0566363050513
C003982,3,0.0117771494582,0.012767324618,0.0172470421479,0.498638234439,0.227524656917,0.185399497734,0.0145725447652,0.0320735499208
C003984,4,0.0752998672545,0.0297198510516,0.0068007912598,0.0121861854145,0.0118252469227,0.00825308389019,0.0136374568897,0.842277517317
C003985,0,0.0057370268627,0.0522084311548,0.0078832290369,0.229801496513,0.00791498383537,0.00786016087873,0.636292262588,0.0523024091302
C003986,3,0.0063997785565,0.923055092808,0.00637785912514,0.00631890286939,0.00632096680713,0.0063997785565,0.0072226496589,0.0379049716184
C003987,1,0.00349227278336,0.00241819418575,0.00110114103023,0.00187123396935,0.00228884139899,0.00123660226731,0.00295983904589,0.984631875319
C003988,1,0.0185421135597,0.0185421135597,0.356259169306,0.343789104097,0.0185421135597,0.0975928956085,0.0294700063423,0.117262483968
C003990,1,0.033063850358,0.0216590114161,0.0330380740398,0.0330156263203,0.655513304559,0.033063850358,0.0431890309981,0.147457251951
C003991,1,0.0187279741897,0.0558339560148,0.026816727126,0.0272331321214,0.0272729100003,0.0272729100003,0.0365774377663,0.780264952781
C003992,3,0.014838466453,0.014838466453,0.0137306043381,0.0147166729382,0.0147340967159,0.014838466453,0.774904912,0.137398314649
C003993,2,0.00292533784293,0.0139439749113,0.140769568547,0.0101116956106,0.0101833416122,0.773636186382,0.0114418334218,0.0369880616728
C003994,1,0.00966769779738,0.00774871533248,0.00966016093609,0.0559124682718,0.00966769779738,0.0673978490739,0.0130806196137,0.826864791177
C003995,2,0.0126489800911,0.671731827497,0.030540740775,0.0301904108845,0.0305953171376,0.041810386539,0.0141230301721,0.168359306904
C003997,2,0.0405677815747,0.227805025347,0.0139065313562,0.0137140133065,0.505662353949,0.100990720608,0.018292984676,0.0790605891826
C003998,0,0.0114830173849,0.0142583171155,0.0206659112663,0.694672258309,0.0252046563215,0.0140239499968,0.0153965108131,0.204295378793
C003999,2,0.721896351457,0.0178295025238,0.0184463891112,0.0181910225668,0.0183199143056,0.0183199143056,0.0219964810819,0.165000424648
