client_id,fold,cloud,gym,insurance,mobile,music,software,streaming,none
C000001,2,0.01108721511,0.01576179245,0.03057179683,0.5027513003,0.01325812493,0.009767028543,0.2803840827,0.1364186591
C000005,0,0.008108198673,0.1147811168,0.008881601865,0.7787700931,0.00983340808,0.009073452133,0.009362842749,0.06118928664
C000007,1,0.7736508174,0.01171598871,0.01070097661,0.01059240729,0.01375208033,0.03554791317,0.01377932098,0.1302604956
C000009,1,0.03537123564,0.005172356403,0.004461504955,0.004426532114,0.006056597993,0.5120264426,0.3846904697,0.0477948606
C000012,3,0.003234627562,0.003591637449,0.003585602032,0.003175692339,0.004369731656,0.8990572542,0.004210244114,0.07877521062
C000014,1,0.5683589499,0.006766956158,0.005827085953,0.005791245828,0.007976672075,0.3429868749,0.008010757996,0.0542814572
C000015,3,0.01142519932,0.01269016774,0.3166411031,0.01112238348,0.01433524819,0.01291029257,0.01384884089,0.6070267647
C000016,2,0.01958709581,0.07336778348,0.3876853662,0.01921995961,0.02395373765,0.01636110948,0.02361824748,0.4362067003
C000017,0,0.005738993773,0.04006674071,0.02001810132,0.7377540054,0.006716882207,0.006547948762,0.08745120435,0.09570612347
C000021,0,0.02260332394,0.02513897181,0.02393238711,0.4848615061,0.02579808084,0.07949844627,0.1178812167,0.2202860672
C000022,0,0.0108714504,0.01134681983,0.0114297109,0.01089973526,0.0121860729,0.6447393396,0.2243863648,0.07414050634
C000024,4,0.01435024068,0.663431252,0.01458175101,0.01393040963,0.1187228315,0.05191000331,0.01584997743,0.1072235344
C000025,3,0.8466844763,0.006002821861,0.005932459519,0.009863524752,0.006900281338,0.005523580163,0.006747809669,0.1123450464
C000026,1,0.002718668429,0.7271789653,0.02720499592,0.02784236117,0.004176398298,0.1508928373,0.005657114219,0.05432865928
C000027,4,0.002470391964,0.0262952228,0.002594138627,0.08647820247,0.2938956816,0.0211124645,0.003018369943,0.5641355281
C000028,4,0.3539968595,0.2419635745,0.0106189475,0.01040881114,0.02082097226,0.1426957638,0.01262142845,0.2068736429
C000029,4,0.09811164939,0.005592853311,0.005318280246,0.01308443157,0.6812278969,0.07353199542,0.007636680217,0.115496213
C000030,2,0.01099913551,0.004749912301,0.03835801025,0.004163289819,0.003297980338,0.003820635893,0.005363252797,0.9292477831
C000033,4,0.1311984393,0.01691411652,0.01525359424,0.01475510781,0.01915738363,0.01629709455,0.4609638389,0.3254604251
C000035,2,0.02484386264,0.04288397276,0.02685960006,0.2465967289,0.09248178587,0.02319249376,0.04285740659,0.5002841495
C000038,3,0.01091503569,0.01182795524,0.01271176072,0.01069220289,0.4095160794,0.09275669131,0.2364113886,0.2151688862
C000039,0,0.02491946497,0.02663022462,0.02627850819,0.02457949261,0.0268352313,0.02635155851,0.02667537328,0.8177301465
C000040,4,0.8045563336,0.1210258983,0.004703315158,0.003866578032,0.004358011372,0.004060102074,0.004301811009,0.05312795047
C000041,3,0.002166338931,0.002260602263,0.9401237032,0.002140039571,0.03346770558,0.00230183069,0.002310002466,0.01522977729
C000043,1,0.002838791363,0.003312877687,0.002886776411,0.002807864415,0.01624502282,0.002088686151,0.01120966164,0.9586103195
C000044,0,0.02415081851,0.02717376897,0.02637988533,0.023880651,0.01943476589,0.02690450699,0.07484422916,0.7772313741
C000047,0,0.007689498543,0.6473784797,0.008369133585,0.007739686078,0.2306850178,0.008550569475,0.02186772675,0.06771988806
C000053,3,0.02037095869,0.7836354566,0.0112401902,0.009961896432,0.01171159242,0.01081623048,0.01180633695,0.1404573383
C000055,3,0.01930375171,0.02008595036,0.02176749026,0.01893189926,0.02150683294,0.1626640226,0.01930624893,0.716433804
C000060,0,0.01640450595,0.01924149012,0.7129567631,0.01625148191,0.02032036249,0.01897455613,0.0210980864,0.1747527539
C000062,4,0.006263736796,0.002917500361,0.002567041986,0.008286816334,0.003313141182,0.002690289934,0.003225178017,0.9707362954
C000063,0,0.01414937673,0.01488540542,0.7897860697,0.01394858367,0.01491736793,0.0149214147,0.01467846591,0.1227133159
C000064,1,0.01123209927,0.0127640989,0.1066467445,0.04348115222,0.01663589903,0.564731415,0.01577237029,0.2287362208
C000066,3,0.02586269831,0.01294591838,0.01381297826,0.01200990374,0.01444090398,0.45898722,0.07091452225,0.3910258551
C000069,4,0.00598166696,0.003224372634,0.009572015951,0.0170008313,0.001383926453,0.002949861662,0.002657748225,0.9572295768
C000072,2,0.002857522487,0.003172041788,0.00281064715,0.4414919815,0.003312486346,0.414642689,0.02359355763,0.1081190741
C000073,0,0.01661950112,0.01916633125,0.1991299247,0.01649379815,0.07574420919,0.03344010935,0.03369154186,0.6057145843
C000077,0,0.05094040635,0.0159432056,0.00512357971,0.004894004129,0.005842069092,0.005525939001,0.00581426102,0.9059165351
C000078,2,0.003448288554,0.003774240427,0.7265926916,0.003368483201,0.1673668031,0.002963766049,0.03094226886,0.06154345821
C000079,4,0.002269158096,0.5601563491,0.002311175949,0.124547284,0.002561336161,0.2648675626,0.002534511275,0.04075262286
C000080,3,0.004888110798,0.003967954934,0.003855515626,0.01360520634,0.004408905816,0.01718819835,0.05858381726,0.8935022909
C000084,1,0.006345775856,0.007486824735,0.1454625831,0.03956448173,0.01005622539,0.007107508408,0.009850668782,0.774125932
C000085,0,0.01432554661,0.01649061102,0.7816873196,0.01454341351,0.01687526102,0.01617067781,0.01752415613,0.1223830143
C000088,3,0.1069312685,0.01621854457,0.6501806427,0.008775769658,0.01052753774,0.009979134719,0.01040819714,0.1869789049
C000093,3,0.007185860506,0.002994914452,0.01021367681,0.003788314181,0.006640729098,0.003004186075,0.004357524015,0.9618147949
C000094,4,0.7822928449,0.006517609685,0.006976967977,0.005780399015,0.003973072251,0.006181616658,0.003845269916,0.1844322196
C000095,2,0.03762889618,0.005341100438,0.00502270696,0.6443208547,0.01608063476,0.2424370989,0.01526082669,0.03390788138
C000100,1,0.01065639602,0.7894533959,0.06149475064,0.01002367466,0.01581851289,0.0104517543,0.01503023761,0.08707127797
C000101,4,0.01185247073,0.01527697104,0.01181079699,0.01153579188,0.01417544333,0.0119012387,0.01375801868,0.9096892686
C000102,0,0.004816805558,0.06081274962,0.005163074195,0.004801843115,0.005407727631,0.809469004,0.005319016794,0.104209779
C000103,4,0.00626950495,0.006691638548,0.3838319671,0.2417255436,0.1548255582,0.1232932058,0.006706822784,0.07665575911
C000104,3,0.008324148262,0.008772920491,0.4044723506,0.008239158538,0.4335703296,0.008916312,0.01055016248,0.117154618
C000105,0,0.003768232344,0.1537545183,0.03766402021,0.003707634791,0.00469384512,0.00430595014,0.763440267,0.02866553211
C000106,3,0.01269145305,0.01327228175,0.01394193178,0.01245355138,0.01418273254,0.01350058215,0.7930492341,0.1269082332
C000109,1,0.6277685996,0.005697929867,0.005102395358,0.004908701459,0.006986553593,0.2660188324,0.00710540774,0.07641158
C000110,0,0.004715378702,0.1084832111,0.2781793357,0.4272618044,0.03391553298,0.005554747914,0.01683366602,0.1250563232
C000111,1,0.003797917466,0.004147459841,0.2592843499,0.003761460127,0.004920716557,0.004079711765,0.6785388009,0.04146958344
C000113,0,0.01395730651,0.01500960338,0.01458254757,0.802933892,0.01886483097,0.01475044812,0.01587586237,0.1040255091
C000115,0,0.04306745382,0.01465468215,0.01369617129,0.01312494414,0.03022523643,0.4307597603,0.2164320394,0.2380397125
C000116,2,0.112142386,0.002444005547,0.8314079531,0.002260306165,0.002488187447,0.001988304532,0.01345487501,0.03381398224
C000117,2,0.01030728134,0.6746268593,0.01173857151,0.01062632145,0.01497304257,0.009516337153,0.01394793395,0.2542636527
C000119,1,0.4541457942,0.009543231197,0.008572225931,0.008258686168,0.01216767188,0.009168524435,0.3568480858,0.1412957804
C000120,4,0.007335696557,0.7305122873,0.007052647877,0.006926111335,0.008309963042,0.007356705694,0.14630563,0.08620095816
C000122,0,0.7033844659,0.01789704035,0.01708211598,0.02469664389,0.01927817388,0.01763076457,0.01959405458,0.1804367408
C000127,0,0.01729876887,0.07981760657,0.01884781898,0.01748032425,0.02146334441,0.01584709806,0.1359184441,0.6933265948
C000128,4,0.003078258131,0.003352458781,0.8599620461,0.003054929584,0.09078324679,0.003281345432,0.003540223461,0.03294749172
C000129,0,0.2668921858,0.009081033263,0.008869691863,0.008324599481,0.009432279676,0.6332844908,0.008274166481,0.05584155262
C000130,2,0.01494618637,0.1233512254,0.01501076913,0.01499659892,0.01805005646,0.01330716928,0.01797578217,0.7823622122
C000132,0,0.007741093335,0.01216594217,0.004761739056,0.3593962299,0.1769457944,0.3634661272,0.005574122394,0.06994895162
C000134,4,0.03460426355,0.003023889662,0.5604998776,0.002792458674,0.003238616616,0.002932275034,0.2769114258,0.1159971931
C000135,3,0.003972931368,0.003956262027,0.003886232845,0.003476079655,0.001520231749,0.003813717187,0.001470949772,0.9779035954
C000136,2,0.01269675174,0.004521940257,0.01597176026,0.004038154034,0.004545537395,0.003947096155,0.005180791676,0.9490979685
C000137,1,0.2655132029,0.01218832599,0.01112600793,0.01086903437,0.01636596212,0.01206358491,0.4418746208,0.2299992609
C000140,2,0.007665419697,0.006437751363,0.007997284924,0.01780312881,0.008928501687,0.3129931208,0.3608456949,0.2773290978
C000142,0,0.09841248112,0.005166990848,0.004798550961,0.6244963351,0.005999087313,0.005166143789,0.08466625805,0.1712941528
C000144,3,0.00437609356,0.004852992006,0.004781857419,0.004311752306,0.005234872204,0.8630846887,0.004794399914,0.1085633439
C000148,4,0.05309903511,0.1030714484,0.005786001337,0.01565228058,0.006636193247,0.006264563581,0.7377980836,0.07169239417
C000149,2,0.008665715809,0.009010027074,0.009256700987,0.008868461374,0.01041799654,0.00764539618,0.8862575919,0.05987811016
C000150,3,0.007028536786,0.007295472561,0.007910168502,0.00685384417,0.02511174026,0.7726686638,0.01848968799,0.1546418859
C000152,1,0.6825930241,0.01892637431,0.01717724805,0.01695153858,0.03131336406,0.01454609586,0.03647099927,0.1820213558
C000153,0,0.003622005966,0.004303083713,0.004086006183,0.8664714723,0.004647698951,0.004270609882,0.004567198096,0.1080319249
C000155,0,0.003693460431,0.004282940019,0.0114529332,0.00370059708,0.005071732028,0.004245760322,0.005284835731,0.9622677412
C000157,3,0.02325592609,0.02510177591,0.02573228274,0.02351164073,0.0271964902,0.02439098265,0.02572825071,0.825082651
C000159,2,0.2341531517,0.0122123614,0.4925224304,0.06066871123,0.01413164157,0.009202596367,0.09385274561,0.08325636176
C000160,4,0.02307910616,0.0239018134,0.02388838627,0.02238651983,0.02755604466,0.02353274748,0.02749016931,0.8281652129
C000162,3,0.008592548178,0.006029761383,0.009993503251,0.005187050771,0.006508761695,0.06465498425,0.06462919973,0.8344041907
C000164,2,0.1053761242,0.01812451416,0.1322737143,0.01665116247,0.4796881294,0.01407312134,0.01926169329,0.2145515408
C000168,0,0.003312849567,0.0331077675,0.003536290343,0.002131962944,0.004053646626,0.007220666735,0.003997213671,0.9426396026
C000169,1,0.006875203093,0.03152776638,0.007005881373,0.7508415015,0.009144171184,0.007616975773,0.00972392152,0.1772645792
C000171,0,0.002020424321,0.002379986548,0.002331998656,0.002023165619,0.002625883121,0.002407741825,0.9209820037,0.06522879625
C000172,0,0.02628695383,0.02833506834,0.02775720308,0.0259990874,0.02890441152,0.02805109577,0.0285648529,0.8061013272
C000173,0,0.1410711356,0.003372764748,0.1972388246,0.6196065157,0.003489329206,0.003346021143,0.003509055163,0.02836635383
C000174,2,0.02610402606,0.02762415738,0.02778627379,0.02570286689,0.03057212411,0.08835258268,0.03038607734,0.7434718917
C000175,4,0.01090169594,0.01286164046,0.3044069319,0.01201106273,0.5352736735,0.01264461917,0.01371953664,0.09818083968
C000177,0,0.03648443333,0.003859762014,0.1186006342,0.66126902,0.003220437341,0.003805409905,0.1178387073,0.05492159591
C000179,1,0.004532146914,0.2875578444,0.004988469764,0.009121971399,0.5651207123,0.005490996431,0.00730324012,0.1158846187
C000181,4,0.01202640303,0.0120404509,0.01206549707,0.01142937409,0.7749283254,0.01205972783,0.0431556301,0.1222945916
C000183,4,0.004849131587,0.01787767546,0.00476681395,0.6346077594,0.08934672882,0.004705478595,0.06197593448,0.1818704777
C000185,1,0.3713017032,0.49377158,0.008368850815,0.008149458698,0.01104000058,0.008935340282,0.01109228291,0.08734078357
C000187,0,0.008593825414,0.01015829208,0.2640235695,0.00865064478,0.6230521584,0.01006196907,0.01154427495,0.06391526588
C000189,2,0.007380743365,0.00592819056,0.00535413774,0.005256939673,0.007038614582,0.752328072,0.007314669322,0.2093986327
C000190,3,0.6432985355,0.01270338656,0.01341641681,0.01180175558,0.01342421042,0.01274810284,0.01305162061,0.2795559717
C000191,1,0.003643472713,0.00446853485,0.003806150774,0.4398131992,0.08694138252,0.00433888933,0.3695665244,0.08742184624
C000192,1,0.003263635006,0.7514482173,0.0359670348,0.003249577602,0.007252105553,0.1441286011,0.005122198861,0.04956862978
C000196,3,0.6285979077,0.01242156339,0.01235771385,0.0109633217,0.0305614549,0.0122471487,0.0189392307,0.2739116591
C000197,0,0.02430803126,0.0271522278,0.02657269457,0.02469546646,0.6285175826,0.0259325468,0.02784479665,0.2149766539
C000198,4,0.005499318771,0.006217838481,0.005535669656,0.004724883486,0.006767403138,0.005854406193,0.02414162464,0.9412588556
C000201,0,0.01865054028,0.4555313658,0.02015974409,0.01849305187,0.09688528092,0.02099644163,0.1196530772,0.2496304982
C000202,4,0.2321453013,0.4514905418,0.04484645096,0.005928030651,0.007009997035,0.1374858187,0.03932145434,0.08177240518
C000203,2,0.01311677589,0.2645953023,0.01357560926,0.01296594272,0.01450975691,0.5465897916,0.01434543774,0.1203013836
C000205,4,0.03887905494,0.002926625429,0.002581617654,0.009151780737,0.003286471451,0.008598855376,0.003181101315,0.9313944931
C000206,0,0.002839948027,0.01726614981,0.008648183097,0.03441314128,0.7150973892,0.1648282859,0.003504486737,0.05340241599
C000207,0,0.7849819078,0.07896098167,0.002793751422,0.03558475324,0.003219633878,0.002947116117,0.002998700071,0.08851315578
C000210,1,0.3536348643,0.01387386579,0.1075917954,0.3906402607,0.01288047124,0.01025991129,0.0112244012,0.09989442997
C000212,1,0.2128183995,0.5310764156,0.09418117981,0.007552068393,0.01225516072,0.008507110879,0.01238232987,0.1212273352
C000214,3,0.005915130271,0.00341859846,0.005331284652,0.0176044492,0.006956875764,0.01653686581,0.004676100911,0.9395606949
C000218,2,0.00703273732,0.01003764127,0.5470092158,0.004385941721,0.04983477641,0.006301466101,0.2687347444,0.106663477
C000219,2,0.1394079404,0.4910799291,0.006558371923,0.1009535947,0.1714066295,0.005543682964,0.007981549841,0.07706830162
C000222,1,0.003770977442,0.004253922821,0.003804317916,0.003908219402,0.007300643237,0.03486545718,0.004009180001,0.938087282
C000223,0,0.886957964,0.003929057136,0.003666791882,0.006381390669,0.004033281776,0.003861205085,0.01977805436,0.07139225505
C000226,1,0.002414398738,0.002690850172,0.9545612208,0.002404119492,0.003224257338,0.002665225096,0.003281198871,0.02875872953
C000228,3,0.002005123121,0.003251358506,0.8347540506,0.00288607071,0.1019348793,0.002163251928,0.002297239005,0.05070802679
C000230,0,0.01739907858,0.06056674351,0.2781678206,0.01755043198,0.01978964056,0.01976375699,0.01963564615,0.5671268816
C000233,0,0.008204668295,0.009162792558,0.1536201965,0.008229112919,0.7461436975,0.008989897588,0.009797067568,0.05585256709
C000234,0,0.02125535719,0.002465333933,0.002323567064,0.006273307651,0.8937913577,0.00246705934,0.002767386357,0.06865663076
C000235,1,0.008359073256,0.009386260107,0.008325544428,0.7875041364,0.01454809374,0.009342453454,0.01491067567,0.1476237629
C000236,4,0.009058109294,0.009289770442,0.009001540149,0.8565557905,0.003707803163,0.009134526761,0.03501423183,0.06823822789
C000237,4,0.6601233123,0.005031256285,0.004543245059,0.00432710098,0.1722484175,0.01694911255,0.007053098735,0.1297244565
C000238,2,0.0132019619,0.1794369145,0.01394020133,0.5929059587,0.07761947112,0.01183246856,0.0145925345,0.0964704894
C000239,0,0.003284415577,0.003813327439,0.003527417294,0.003264440488,0.003586693619,0.1355171901,0.007973761202,0.8390327543
C000240,3,0.0191022123,0.4340069073,0.021367648,0.01873210392,0.01604070748,0.02038543413,0.01763513201,0.4527298549
C000242,4,0.01111643486,0.2840840549,0.01145203606,0.04020553697,0.01273835305,0.02746131193,0.4449407507,0.1680015215
C000245,4,0.0143788808,0.004598872797,0.004186537738,0.004069905711,0.009715085643,0.004477429462,0.0123913004,0.9461819874
C000246,3,0.8740176483,0.007038749678,0.007456520843,0.006591068855,0.007680411802,0.007104704522,0.007399312987,0.082711583
C000248,0,0.02627557092,0.004315026675,0.9115209745,0.005631669666,0.004590033821,0.004262468345,0.004537892017,0.0388663641
C000249,4,0.02266802674,0.02673063958,0.02588077588,0.02476589425,0.02809402329,0.02623221995,0.02813412531,0.817494295
C000250,3,0.1053131358,0.01231934985,0.01237736814,0.011057986,0.01220513222,0.7010497709,0.01152164384,0.1341556133
C000252,2,0.2498543264,0.2476945809,0.07998317866,0.05103634193,0.01504652048,0.1238242668,0.0150121002,0.2175486846
C000254,3,0.01259662362,0.0138260607,0.04716554789,0.01239707393,0.01590996995,0.01391039129,0.2238221078,0.6603722248
C000257,1,0.6531237304,0.01023503552,0.009460102716,0.009341571635,0.2072432746,0.01021305581,0.01421076047,0.0861724688
C000259,2,0.01916943464,0.01544765951,0.1572301448,0.01412227244,0.503457132,0.01425712453,0.01713031955,0.2591859126
C000261,3,0.0076393494,0.008353330288,0.008435117446,0.0215445701,0.2632243447,0.008273873875,0.05711911109,0.6254103031
C000262,3,0.005125392027,0.005688751777,0.005612594437,0.03055814399,0.006595844147,0.005761959541,0.7557605374,0.1848967767
C000263,3,0.3393664852,0.188860753,0.01317148512,0.0120488613,0.2387115599,0.01356250661,0.01510286688,0.179175482
C000264,0,0.005467525624,0.1356871514,0.005935338184,0.03694538278,0.6293152408,0.006760962298,0.007202838968,0.17268556
C000265,3,0.3398377805,0.007432053893,0.007443210286,0.006957243747,0.007910829321,0.5670301993,0.007928566477,0.05546011646
C000270,2,0.007623852359,0.007927226586,0.008817010652,0.007625649529,0.7751565086,0.007278354651,0.009146634159,0.1764247635
C000271,4,0.01110757212,0.6985330437,0.1628551344,0.01085935622,0.01175431489,0.007070630324,0.01183016375,0.0859897846
C000272,3,0.004786502472,0.8682354501,0.005058220779,0.07401564773,0.005013975946,0.005092722587,0.004837830812,0.03295964958
C000274,0,0.01507296948,0.01698953478,0.01619700842,0.06674705308,0.0171596623,0.4142243375,0.01696165922,0.4366477752
C000275,2,0.02529446134,0.02731670757,0.0285839731,0.2040721608,0.03019752184,0.02216408935,0.03001785858,0.6323532274
C000276,4,0.01259092836,0.005080979285,0.01729183522,0.7585868032,0.00553346319,0.08022111302,0.005454989359,0.1152398883
C000281,0,0.003486405193,0.1382622787,0.8108116032,0.003458061194,0.004198070008,0.003119156309,0.00416842025,0.03249600515
C000283,3,0.003183967906,0.003635815719,0.003495433425,0.003243920484,0.00441544207,0.003663656892,0.791412241,0.1869495225
C000284,3,0.006164736652,0.006385230119,0.006870441068,0.3852246979,0.006709347746,0.4941519047,0.006006960665,0.08848668117
C000285,4,0.002996599182,0.003269343987,0.002911965992,0.004612722582,0.003693676282,0.00663063283,0.00853469664,0.9673503625
C000286,4,0.003370783853,0.003358993136,0.001987140768,0.1971276336,0.7674528557,0.003264658282,0.003389654661,0.02004828008
C000290,2,0.02348545453,0.02578538671,0.02378316193,0.6081198007,0.02878146076,0.01945368956,0.02810289084,0.242488155
C000292,1,0.04063781487,0.005828160353,0.005132805228,0.004679559642,0.007948926581,0.04469176084,0.007979237336,0.8831017351
C000295,1,0.01967194823,0.02377768084,0.02017264548,0.01977073146,0.02631342459,0.02158522071,0.02610053113,0.8426078175
C000296,0,0.009810750591,0.07251671089,0.01083573066,0.00973271297,0.5033628494,0.01098404919,0.01223328146,0.3705239149
C000297,0,0.02128474658,0.02351647816,0.03713456017,0.02089855789,0.2272954281,0.02318336503,0.0261930838,0.6204937803
C000302,1,0.02150040994,0.02411167905,0.02204199007,0.02160354091,0.02653904644,0.02359520819,0.02631791656,0.8342902088
C000306,4,0.5998867805,0.015287852,0.01448358772,0.1872612445,0.01644614335,0.01455362038,0.01649647366,0.1355842978
C000310,3,0.005514093759,0.003812258711,0.008012118255,0.002428523089,0.002714818836,0.005224908521,0.005189251403,0.9671040274
C000311,2,0.2726391607,0.02287875604,0.0225103254,0.02137893927,0.02820058721,0.01829923799,0.02811252998,0.5859804634
C000313,2,0.2789504099,0.01009265944,0.009560053337,0.009359165008,0.01030634217,0.008196883217,0.5859572055,0.08757728139
C000319,0,0.7366147794,0.04096564975,0.00554596607,0.0173739085,0.006748322537,0.006258696078,0.006631798444,0.1798608792
C000322,4,0.003650654813,0.009701502932,0.00657233025,0.00648287717,0.8412891092,0.006567620881,0.007710914855,0.1180249899
C000323,0,0.02598562232,0.001820956262,0.948118051,0.001626171975,0.001882544811,0.00180217906,0.001866750623,0.01689772394
C000324,0,0.001861189379,0.01539497794,0.004108519225,0.006329112521,0.04522085242,0.003363347575,0.03792538096,0.88579662
C000326,3,0.01363691186,0.01446877283,0.01519745477,0.01347452282,0.7679874502,0.01456356808,0.01746098678,0.1432103327
C000330,4,0.02568263681,0.3147236626,0.4345828513,0.009220921791,0.01139437168,0.01008004142,0.05526546743,0.139050047
C000332,2,0.005993358629,0.00729246283,0.006368489632,0.02399411244,0.02494692302,0.01585305909,0.0245495724,0.891002022
C000336,4,0.005246688123,0.005780628686,0.07829467408,0.04592831062,0.005958211563,0.005513020984,0.8111603181,0.04211814786
C000338,0,0.5930832306,0.01429381324,0.01273504926,0.007399266389,0.01487382411,0.006627062517,0.01476769092,0.336220063
C000339,2,0.01631227941,0.01737317909,0.01680682405,0.01632320004,0.01825178655,0.4967632703,0.0181354524,0.4000340082
C000342,1,0.008783960825,0.009856034533,0.008851026623,0.005471009902,0.02469160569,0.8207068754,0.01158198002,0.110057507
C000343,2,0.4853675791,0.308580684,0.01149772666,0.01058112419,0.01285918681,0.009382076884,0.01281615721,0.1489154651
C000348,0,0.2399843257,0.0179896237,0.5506993472,0.01657034582,0.01970034046,0.01798956825,0.01782255822,0.1192438907
C000350,4,0.1416525947,0.009910484399,0.009942677348,0.009960341339,0.5286419651,0.2237858589,0.009998333959,0.06610774423
C000351,3,0.007330353922,0.00461846921,0.004432370411,0.003998274673,0.005109923174,0.8764512402,0.004658472893,0.09340089556
C000352,0,0.01014380146,0.01632956928,0.01072406799,0.02545267468,0.1340241985,0.03273061602,0.7074673507,0.06312772138
C000353,1,0.008577043304,0.009711153867,0.008745933642,0.8038821643,0.009795252169,0.009654086603,0.009894040333,0.1397403258
C000356,1,0.004100614,0.004741843005,0.1420573906,0.7213441889,0.005773542899,0.00464128175,0.005694621671,0.1116465172
C000358,0,0.09834369515,0.04491648418,0.04137442541,0.03915576427,0.02480923254,0.04403780492,0.02805828202,0.6793043115
C000361,3,0.05081931709,0.00204661987,0.02807157939,0.001798088908,0.0007027576788,0.8861552417,0.002343883511,0.02806251183
C000363,4,0.00409269293,0.007395821402,0.006827680964,0.3959122832,0.007771335988,0.4543005519,0.007676636574,0.116022997
C000364,1,0.008282735588,0.009439075748,0.8186577207,0.01580499502,0.01102829793,0.009106803211,0.01111118188,0.1165691899
C000369,2,0.003832543342,0.01414937111,0.05790854327,0.003722639115,0.004244625408,0.003324967608,0.0028294488,0.9099878614
C000372,1,0.009488238201,0.0104812314,0.009613150637,0.009530524057,0.01274014811,0.01040515648,0.6195832977,0.3181582534
C000375,4,0.003716945363,0.003894844262,0.003920341355,0.003685968493,0.004182173056,0.8624316696,0.004172254277,0.1139958036
C000376,0,0.01880809939,0.05183281645,0.04590631413,0.2170553951,0.02583746278,0.1026782736,0.02498488333,0.5128967553
C000381,0,0.004699620468,0.01392291359,0.013452393,0.8076151061,0.01517691274,0.0264077129,0.01532567155,0.1033996696
C000382,2,0.007523527302,0.04113158085,0.00784425109,0.4066269827,0.09952308371,0.3289801503,0.008752614393,0.09961780967
C000387,3,0.0114333284,0.012072713,0.1645344837,0.01045258091,0.01396738984,0.01185217205,0.02348950354,0.7521978286
C000388,2,0.01861801836,0.07500094789,0.01792461363,0.01829608465,0.0235523385,0.01526825286,0.022872316,0.8084674281
C000389,2,0.03182596797,0.03431130005,0.03298827372,0.03225745543,0.04648948418,0.02723587423,0.0892479611,0.7056436833
C000390,3,0.006726466463,0.006655919053,0.007513528567,0.006688338198,0.02115713274,0.006848565185,0.8864556996,0.05795435022
C000392,0,0.01591849938,0.01312840353,0.01277551306,0.01192201614,0.01343980788,0.01293290549,0.8204084742,0.09947438034
C000394,3,0.006874410512,0.00777063694,0.00758419479,0.007236311916,0.2754509982,0.007675522515,0.08247826318,0.604929662
C000400,0,0.06803031931,0.02242550252,0.01538605062,0.2525747238,0.01693980572,0.01603372066,0.01623442857,0.5923754488
C000401,4,0.07319640667,0.01562833023,0.01402817492,0.01334604679,0.01748247185,0.01448215267,0.01678363607,0.8350527808
C000403,0,0.007073066218,0.008305798015,0.6002746287,0.007085371632,0.008481291567,0.05431464747,0.008284965639,0.3061802308
C000406,3,0.014228269,0.01645025768,0.01661488013,0.07365691003,0.01896458916,0.01642598139,0.5681322024,0.2755269102
C000407,4,0.006568549522,0.3519850637,0.006576638026,0.006368334967,0.007047999482,0.001948128059,0.5661846114,0.05332067488
C000408,4,0.02393243537,0.02440763613,0.08324493981,0.02281836278,0.02566672542,0.02402687556,0.02569857794,0.770204447
C000410,1,0.00681201402,0.5556643162,0.1961265989,0.00673868172,0.1369327233,0.004129066673,0.008963069761,0.08463352934
C000414,3,0.01713049633,0.01879673749,0.01867108413,0.3267658933,0.01971268579,0.01899151308,0.02442312955,0.5555084603
C000417,3,0.007558148621,0.008062840739,0.008494604312,0.1821910415,0.008774055562,0.008231354552,0.7159417076,0.06074624713
C000418,1,0.004704544444,0.005398941169,0.004749748684,0.004654338642,0.007283660477,0.01057600899,0.00756036264,0.955072395
C000420,0,0.007212912338,0.418009336,0.007792946395,0.01770823503,0.01824152615,0.3369637135,0.09429469373,0.09977663688
C000422,1,0.01391567657,0.01617375622,0.02657706807,0.01363676119,0.03147583266,0.03087653719,0.177267298,0.6900770701
C000424,2,0.006754004219,0.4607824943,0.006670126937,0.006681726849,0.008775297113,0.4194252349,0.008593536847,0.08231757885
C000425,3,0.01987103982,0.02032651849,0.02248940156,0.01993177679,0.02043588472,0.02094159488,0.7065174561,0.1694863277
C000426,4,0.003526480483,0.9328654526,0.00385363313,0.003644136616,0.004347079095,0.003882468433,0.004235502914,0.04364524675
C000427,0,0.0134445423,0.01558939184,0.01451969914,0.01339491018,0.01772872898,0.5003569368,0.07878632634,0.3461794644
C000428,4,0.02421382907,0.0252282627,0.02473925916,0.02339811263,0.02842116229,0.01477214149,0.02835573681,0.8308714958
C000431,2,0.005300489466,0.9289812762,0.005357119368,0.005221754555,0.006235079164,0.004600960931,0.006150985288,0.03815233503
C000433,1,0.007468728773,0.008406015753,0.5489243755,0.007214633894,0.003715824422,0.349839483,0.003685986329,0.07074495229
C000434,4,0.0243830443,0.02525643899,0.02459734184,0.0233454007,0.02804335009,0.02475064489,0.02797233475,0.8216514444
C000436,0,0.7008541414,0.002432761013,0.04465396169,0.01809935626,0.001444489991,0.215565787,0.001414904341,0.01553459831
C000437,3,0.02490550907,0.02597849703,0.02710507505,0.02451708855,0.02705473499,0.02592849119,0.02522561455,0.8192849896
C000438,3,0.0192635098,0.4976984682,0.01130097744,0.009742113188,0.01145013969,0.01046078249,0.3384997901,0.1015842191
C000443,4,0.1765705146,0.004488875237,0.7236873797,0.004013098217,0.004758889619,0.004357570858,0.004707466826,0.07741620486
C000445,4,0.02859197325,0.03000927171,0.02902704139,0.02848566674,0.03220646971,0.2581558162,0.03186681542,0.5616569455
C000446,1,0.008009463536,0.009373756652,0.6098457824,0.007896141605,0.2012083297,0.009123381928,0.03745610824,0.117087036
C000447,4,0.002592323959,0.05661740243,0.8855280524,0.002517559506,0.002702035608,0.002590162421,0.02911416637,0.01833829729
C000448,3,0.1472999281,0.002880660986,0.002718465074,0.002532102841,0.7786001624,0.002911051382,0.01216056848,0.05089706076
C000452,3,0.003146414929,0.8340169075,0.003424290947,0.003079953817,0.05249791878,0.07358747012,0.008468121219,0.02177892269
C000453,3,0.003443401548,0.003780223121,0.04566765282,0.005900428351,0.06083288215,0.003714597697,0.7924164191,0.08424439523
C000454,3,0.002724679326,0.003049705213,0.1432872115,0.002704584969,0.003581560246,0.778089915,0.003504113878,0.06305822987
C000455,0,0.2205522345,0.4552516494,0.00370491292,0.2498421972,0.004213897375,0.003892804266,0.00413782233,0.05840448207
C000456,4,0.0129883093,0.01337410359,0.01276113132,0.01240621568,0.01398058346,0.009793446014,0.8049633771,0.1197328336
C000457,3,0.2010587373,0.04628247059,0.6540374531,0.005218174971,0.005946099316,0.005750540735,0.005791279377,0.07591524459
C000458,1,0.01506639452,0.3649604513,0.03283211044,0.01474126991,0.2446408797,0.01644974434,0.02142122852,0.2898879213
C000461,2,0.01612233563,0.01744626865,0.716789142,0.01578147247,0.01920307117,0.01368195763,0.01900414097,0.1819716115
C000462,0,0.005783344072,0.006495183096,0.0287724802,0.005737703358,0.006835393612,0.2303335063,0.5183478749,0.1976945145
C000464,3,0.03151585938,0.03423650376,0.03336745562,0.03317149167,0.1909201618,0.03606483784,0.03856348027,0.6021602097
C000465,3,0.1011487978,0.002401876941,0.7616788436,0.1081176324,0.002409583114,0.002417873194,0.002311831508,0.01951356142
C000468,2,0.008129293363,0.00829445079,0.572950653,0.008006437986,0.089349458,0.2524445834,0.008517278497,0.05230784494
C000469,1,0.003283413058,0.003531941955,0.8614281351,0.07575946242,0.004925233835,0.00332574246,0.005014973591,0.04273109759
C000470,3,0.002953176815,0.003221671729,0.7152324449,0.002908718707,0.003506286215,0.003222281765,0.1609966726,0.1079587472
C000471,2,0.1552933632,0.01136700594,0.01062057063,0.01050272293,0.01271643187,0.4803660895,0.01272747698,0.3064063389
C000472,4,0.02277903337,0.02304154075,0.01879868082,0.02190957441,0.02489969773,0.06969208862,0.02492521131,0.793954173
C000473,1,0.008063241574,0.298988848,0.008205697296,0.02892168673,0.4730346863,0.009039793818,0.01211697639,0.16162907
C000475,2,0.01067184605,0.01128729651,0.2405896941,0.5974754435,0.01265778023,0.009426640416,0.0125505381,0.1053407612
C000477,0,0.002529229476,0.05965255098,0.002636787284,0.002450601332,0.002692780247,0.01627394643,0.8993447323,0.01441937195
C000481,4,0.3376723913,0.3443613623,0.0168643477,0.01609088674,0.008936744414,0.03647076652,0.01035101993,0.2292524811
C000482,0,0.003028629627,0.003064920892,0.003364217972,0.003093533215,0.02665624952,0.003545002605,0.7801396219,0.1771078242
C000484,0,0.006278875708,0.008031757612,0.007014796968,0.02777641024,0.008634286838,0.008030586621,0.05809099197,0.876142294
C000492,0,0.1338694716,0.1256606243,0.5172500613,0.004356019615,0.02766957584,0.04325922082,0.005837480483,0.142097546
C000493,2,0.009029470481,0.140350021,0.009232237392,0.005792265368,0.3275151147,0.007700491601,0.01421512795,0.4861652715
C000497,2,0.009300722617,0.009878465617,0.03199959027,0.5669334047,0.01040486624,0.0431609808,0.1279326696,0.2003893002
C000498,1,0.3107946679,0.008478416098,0.007757477832,0.5130210876,0.009960900579,0.008485548522,0.009980571933,0.1315213296
C000502,1,0.004605607821,0.005218712968,0.2791827117,0.004416235962,0.05713694282,0.1001387847,0.4991690088,0.05013199523
C000503,4,0.03016208247,0.004170438389,0.01647887188,0.02149304743,0.006771424853,0.00391108643,0.00236178572,0.9146512628
C000504,3,0.01211201054,0.02285150773,0.01313124655,0.01189497304,0.6246919877,0.09451722069,0.01607802528,0.2047230285
C000506,3,0.002779898387,0.002980749672,0.002572221848,0.002762010347,0.4039119833,0.5532723526,0.00335262852,0.02836815538
C000508,1,0.00406057409,0.005667580386,0.002675872495,0.004541739171,0.005975856382,0.01425662884,0.003697611162,0.9591241375
C000509,0,0.008358670652,0.2215131885,0.009331804741,0.008516638884,0.009557669039,0.009738754988,0.6804069897,0.05257628349
C000511,0,0.008679554656,0.06525589329,0.009400617196,0.3950218771,0.007516631974,0.4436793081,0.01004525651,0.06040086121
C000512,1,0.003498266977,0.9352890112,0.0035065591,0.003502627045,0.00425495366,0.003806531032,0.004287545594,0.04185450539
C000513,4,0.02411605245,0.02498823786,0.1497729668,0.1078318323,0.02758042211,0.1277798097,0.02739099752,0.5105396813
C000516,1,0.002290307228,0.002624658713,0.001710826477,0.002279068546,0.1030071196,0.002582779869,0.8239361174,0.0615691221
C000518,1,0.6461071904,0.008304414767,0.006783246703,0.04802588658,0.02902184029,0.03225526167,0.0065014066,0.223000753
C000521,0,0.006560473777,0.380100016,0.007250626516,0.01255671884,0.3633748132,0.007752968164,0.01446515965,0.2079392239
C000523,2,0.4096961377,0.4672392986,0.0077620747,0.02328407855,0.01024365732,0.006627436055,0.009743218824,0.06540409831
C000526,3,0.02723399973,0.02962588592,0.03038401885,0.02694325185,0.03371669593,0.07531260217,0.0554312408,0.7213523047
C000529,3,0.8540798897,0.01017014211,0.01107319444,0.009812257136,0.01129285347,0.01035001076,0.01086942976,0.08235222263
C000531,4,0.008651056375,0.1933566947,0.4804002198,0.008564409645,0.01009294034,0.1861836057,0.01001381912,0.1027372544
C000532,3,0.3030160861,0.003764937641,0.003782729668,0.6537223639,0.003839366314,0.003819168434,0.003670359318,0.02438498862
C000534,2,0.1359458441,0.002913049249,0.1856134377,0.00259796632,0.5436325197,0.002403500975,0.05570170875,0.07119197324
C000536,3,0.006826131327,0.1052911865,0.6391390731,0.006764170736,0.009104072199,0.009231038515,0.159679996,0.06396433168
C000539,1,0.01185388595,0.6823929978,0.05469715902,0.01156856982,0.02933163412,0.01300145313,0.01708609429,0.1800682059
C000540,1,0.01699982087,0.01853857051,0.1965782463,0.0167551671,0.02176658224,0.02214515736,0.127254736,0.5799617196
C000543,4,0.01772362487,0.2824885181,0.01691623924,0.1763832857,0.01912992955,0.0171723366,0.01884814975,0.4513379162
C000544,0,0.02280711456,0.008488419346,0.007738100447,0.00710305782,0.008952509446,0.57651761,0.008796528477,0.3595966599
C000548,3,0.01468180851,0.005067438573,0.00482088817,0.02305225065,0.05571959323,0.03311369851,0.005232392191,0.8583119302
C000549,3,0.2015318295,0.005607974775,0.005459908121,0.02417942801,0.1277953771,0.4940879234,0.005919585925,0.1354179732
C000550,3,0.02084440889,0.0219306432,0.0235278232,0.02041969512,0.02545464971,0.02204230352,0.05823406439,0.807546412
C000551,1,0.006368257528,0.2486071213,0.3409019956,0.3112779826,0.009340115942,0.006990934926,0.009442594269,0.06707099782
C000552,4,0.002784842546,0.003200409785,0.002866555296,0.002010489832,0.004746036802,0.003004313461,0.004652388199,0.9767349641
C000555,4,0.6287333415,0.01190122734,0.01139917824,0.01231460205,0.03156177796,0.01170066609,0.0172129129,0.2751762939
C000556,1,0.00646585556,0.007236471295,0.3030525123,0.006476731851,0.008663620702,0.5920623163,0.008709318574,0.06733317341
C000557,4,0.06121571807,0.01254898699,0.01250327092,0.3844242941,0.01364766117,0.236147501,0.01350384358,0.2660087242
C000558,1,0.01834545877,0.02047895838,0.02363009834,0.01821311578,0.02373829456,0.0202133723,0.02450328491,0.850877417
C000559,2,0.00900831907,0.009968330044,0.009983336628,0.2533213932,0.01065583277,0.6380545934,0.008628503545,0.06037969137
C000561,2,0.02627832285,0.02749366506,0.02663671022,0.02538756189,0.03216820081,0.02184572478,0.03276034337,0.807429471
C000563,2,0.00164307095,0.001778046453,0.001619641256,0.9523391831,0.002108768003,0.01893335233,0.00206151039,0.0195164275
C000564,3,0.001795398978,0.001944239262,0.001844969448,0.01908783686,0.9240484687,0.001996425588,0.008173979836,0.04110868131
C000567,2,0.913970507,0.006882158052,0.007056983731,0.006444440531,0.007673761141,0.00545658018,0.007170724149,0.04534484523
C000579,2,0.01127847124,0.6665971173,0.01141349724,0.05041465407,0.01550160766,0.01036257838,0.05003982134,0.1843922528
C000580,3,0.8337776686,0.002246097103,0.002325042934,0.04325491265,0.07217956471,0.002311734659,0.002308148198,0.04159683113
C000586,0,0.01308747952,0.01513851724,0.01438986318,0.01320304895,0.08373133044,0.01523310148,0.4975656018,0.3476510574
C000587,1,0.004833714804,0.1195440684,0.1196222644,0.004756008689,0.06255074593,0.5782147137,0.05590597401,0.05457251003
C000588,1,0.4402632005,0.01191457721,0.0103888181,0.01014528074,0.01465409027,0.01130568398,0.0148917609,0.4864365883
C000592,0,0.003169484471,0.003637806853,0.01459132496,0.1971749243,0.6696198415,0.04706121851,0.004028834576,0.06071656479
C000596,1,0.5243520356,0.01249561165,0.01150077742,0.01123923814,0.01592518832,0.01223047555,0.01621098313,0.3960456902
C000597,0,0.8622451171,0.00368932312,0.04696137576,0.003350535153,0.003684060525,0.003591899123,0.003218777681,0.07325891157
C000599,2,0.008939897751,0.009907596143,0.4413953517,0.2986599117,0.01003267027,0.008670864523,0.009968480156,0.2124252278
C000600,2,0.01490262521,0.00803140621,0.007763444769,0.007566275784,0.007730437253,0.007375898181,0.7335634188,0.2130664938
C000602,0,0.09320576577,0.01721818987,0.2164653011,0.01449491183,0.01813884487,0.04637981994,0.01864540939,0.5754517573
C000605,1,0.05140178438,0.005800095949,0.005084023286,0.7070515542,0.0714008329,0.02064325799,0.00811575361,0.1305026977
C000606,1,0.009831821711,0.0106718096,0.009777913875,0.00968205797,0.01450512769,0.01034743605,0.8164530943,0.1187307388
C000607,3,0.8382558291,0.007927303488,0.008703597718,0.007381428908,0.008434423563,0.008062212694,0.00757434251,0.113660862
C000609,2,0.8324764327,0.005606471638,0.0367641759,0.005179992666,0.00601956966,0.004899401612,0.02210333086,0.08695062493
C000612,3,0.002876911848,0.8234103711,0.08406167824,0.002879057679,0.003650776022,0.003227978373,0.003475680008,0.07641754674
C000615,3,0.004876054596,0.2505095881,0.005150471206,0.004824822293,0.005128968452,0.1576724175,0.5372218746,0.03461580321
C000617,0,0.005991557791,0.004440277423,0.00589659951,0.003685119607,0.004632533107,0.004384030284,0.01079320768,0.9601766746
C000618,2,0.00267794986,0.00289107916,0.002623110789,0.002595530623,0.002995964329,0.9281500597,0.002335526422,0.0557307791
C000620,2,0.03036512182,0.01589505574,0.6908761393,0.01444562316,0.01813039416,0.01447578356,0.06455868162,0.1512532007
C000621,2,0.01882238352,0.01990066127,0.01907404484,0.01898396674,0.02052507526,0.01675040051,0.7247810922,0.1611623757
C000622,0,0.06313504321,0.01560289874,0.0390946254,0.1426228398,0.2836537457,0.01544485097,0.09766424253,0.3427817537
C000624,4,0.01293273536,0.430162312,0.01611136102,0.01286695684,0.01569251152,0.01323304883,0.01559090551,0.483410169
C000626,1,0.4166738481,0.007466351123,0.00693381998,0.006659337609,0.009671796349,0.07209826933,0.4209058697,0.05959070779
C000627,4,0.01234911466,0.003405533217,0.003201063449,0.003060558812,0.003469662946,0.003187463825,0.003527579484,0.9677990236
C000629,2,0.644001317,0.2537195913,0.003849577425,0.03229264456,0.004303072449,0.003383142872,0.004291054917,0.0541595995
C000630,1,0.007347282797,0.008327444811,0.00752257704,0.007194573105,0.01153852784,0.01215985077,0.6154415069,0.3304682368
C000633,1,0.005389244165,0.9122332478,0.00548797533,0.005407264818,0.003489742421,0.005969201128,0.005140442422,0.05688288196
C000636,2,0.04246369562,0.003413912086,0.872016696,0.003096500546,0.003733515939,0.002718600908,0.003719521962,0.06883755694
C000638,0,0.3889114427,0.2716665102,0.006684710626,0.006104030623,0.007702660751,0.08417444415,0.007486590508,0.2272696105
C000639,4,0.01595803853,0.04243309563,0.03851779836,0.2591129363,0.063833852,0.01695835882,0.01860720715,0.5445787132
C000640,2,0.007636906636,0.008142813941,0.864935698,0.007583976181,0.009452853439,0.006450594155,0.009247787997,0.08654936961
C000641,4,0.01249006644,0.02185164837,0.008482057058,0.590233173,0.1653550198,0.01248644805,0.1059699833,0.08313160395
C000644,3,0.06190083859,0.01150324954,0.01096943778,0.01030063081,0.01159161974,0.1679080525,0.5947230783,0.1311030927
C000645,4,0.132522687,0.3061431682,0.4860037787,0.007471436724,0.00770898799,0.007582132033,0.007670889154,0.04489692021
C000647,0,0.04401073681,0.02754494425,0.06339866511,0.4883039809,0.02856607034,0.02725585182,0.0304726739,0.2904470769
C000648,2,0.01241129412,0.04785033793,0.01262039435,0.01248926586,0.3460479938,0.01358154375,0.008763205381,0.5462359648
C000649,4,0.002099020577,0.7065910193,0.002111328871,0.2255719076,0.01808051789,0.002165493745,0.0008769355001,0.04250377654
C000651,4,0.01123388579,0.005090040486,0.004935379115,0.00495508449,0.005354416732,0.3083722623,0.5944614791,0.06559745205
C000652,3,0.06238173087,0.006279145542,0.1241384158,0.01729694219,0.006935412353,0.1663665919,0.5387094169,0.07789234445
C000657,0,0.0148424064,0.01628386352,0.01584282498,0.01459326893,0.01759476244,0.01618400149,0.7584005521,0.1462583201
C000660,3,0.01557776697,0.005036217176,0.00631371308,0.008021993689,0.003287648165,0.002800275435,0.003175256762,0.9557871287
C000665,2,0.01014076269,0.01074485426,0.01131747789,0.750531304,0.0122591758,0.009202466589,0.01239479153,0.1834091672
C000666,1,0.01240573379,0.7626044382,0.01236814476,0.01250701549,0.01881704583,0.01373078805,0.01936772849,0.1481991054
C000667,4,0.6086133274,0.005205434566,0.2201146802,0.08394889872,0.01462456789,0.005019975341,0.01201998298,0.05045313288
C000668,4,0.006826403802,0.007089420682,0.00684114163,0.006719404486,0.6337970714,0.007037210743,0.2621802436,0.06950910363
C000669,3,0.007414603531,0.008334710586,0.008304733041,0.04055803991,0.4522824382,0.00824447696,0.009680167529,0.4651808303
C000670,0,0.005149123573,0.005869626585,0.4057795231,0.005142541856,0.005850822713,0.00580133485,0.4383729051,0.1280341222
C000672,3,0.84938688,0.00191368446,0.001931699996,0.001747378253,0.002014669002,0.001922547801,0.0968146083,0.04426853222
C000675,0,0.01320375269,0.01534430387,0.01482739011,0.01331448966,0.01528466795,0.01520227085,0.7210797108,0.1917434141
C000677,2,0.02688317025,0.02825937789,0.02689761484,0.02616756024,0.03261342226,0.02285635998,0.0325534139,0.8037690806
C000678,4,0.008814458479,0.009162850663,0.008940940112,0.4652173919,0.4048672761,0.009126089106,0.009900171924,0.08397082174
C000679,0,0.2124622862,0.008110222384,0.007924407604,0.2444210322,0.008293284326,0.01314457373,0.4556026164,0.05004157714
C000680,4,0.1954428311,0.1355292323,0.01672231669,0.06306447332,0.01859453164,0.3266284344,0.01828370628,0.2257344743
C000681,1,0.03008926398,0.009004605105,0.263993735,0.03784464088,0.01005818447,0.008895663855,0.3703262261,0.2697876806
C000682,4,0.4942908471,0.07801883403,0.2495809382,0.005578581374,0.0305736295,0.005903513999,0.01133596725,0.1247176886
C000683,3,0.07112520237,0.2579637476,0.004863939718,0.004459269549,0.005804463217,0.004823121797,0.6169142383,0.03404601754
C000684,3,0.6762617489,0.04938282899,0.003296007127,0.2179032556,0.003426632259,0.003160159856,0.003293749378,0.04327561794
C000694,1,0.02328055917,0.1590724121,0.01938730358,0.03039442579,0.02399706959,0.01030634374,0.07709195753,0.6564699285
C000696,3,0.00230167773,0.002593376453,0.6499171215,0.002281583806,0.2910550736,0.002627226715,0.002787422981,0.04643651725
C000699,2,0.007943977724,0.04052150473,0.008090022742,0.08647700476,0.01082057276,0.00705155706,0.7164212857,0.1226740745
C000700,1,0.009707284233,0.01221049162,0.08428581746,0.009980330131,0.3908880785,0.01090494419,0.01555907918,0.4664639747
C000701,2,0.01827350141,0.506453363,0.01369336012,0.01325970805,0.3373473989,0.01169889618,0.01470201261,0.08457175974
C000702,1,0.003073966795,0.003783632408,0.008635758881,0.003053883333,0.003924384727,0.002267676368,0.0039808672,0.9712798303
C000705,4,0.03805834103,0.07664297775,0.01483930385,0.01444567517,0.2864090724,0.05545356846,0.1985450561,0.3156060052
C000707,1,0.01014103938,0.01117911672,0.01057235725,0.01024198802,0.01281803239,0.8343461167,0.01290412172,0.09779722779
C000709,2,0.002352567328,0.00263299413,0.4333556668,0.002375192497,0.002850413156,0.3840424802,0.0008971902949,0.1714934956
C000712,3,0.1593908887,0.01847516139,0.01336854627,0.01163113057,0.6863872851,0.01311245026,0.01488090989,0.08275362788
C000713,0,0.005975914453,0.07440462998,0.006418850823,0.3073732188,0.0778801741,0.4129427274,0.06200259878,0.05300188565
C000717,4,0.006096723275,0.01785037964,0.7258573735,0.01675517767,0.01906640574,0.01763276307,0.01903213795,0.1777090392
C000721,1,0.02037315542,0.02401956983,0.02072713599,0.02023770672,0.1551164654,0.02243637957,0.2727497812,0.4643398059
C000725,3,0.01549953945,0.005184387817,0.005368122379,0.004804466461,0.08252887625,0.8334644263,0.006214430396,0.04693575091
C000728,0,0.006088051874,0.09229712256,0.8282726499,0.004280799325,0.006938815926,0.006740580231,0.007050275239,0.04833170493
C000732,3,0.1548025439,0.03358795292,0.07178189216,0.03056574529,0.03784053966,0.03375782856,0.03887583136,0.5987876661
C000734,0,0.004989850808,0.005296006176,0.005224522817,0.005014773241,0.005676957781,0.005226852971,0.9229355233,0.04563551293
C000735,4,0.00359651272,0.004144344393,0.8252020264,0.003509027001,0.004267378201,0.00386400743,0.07330360355,0.08211310034
C000737,4,0.06041887349,0.00234628646,0.07501370909,0.002400860166,0.002460352125,0.8383564586,0.00236219184,0.01664126822
C000738,2,0.027193059,0.0283037349,0.02789600855,0.02647069811,0.03330781113,0.02289001789,0.03277548734,0.8011631831
C000743,1,0.2299862914,0.02323626841,0.01106381492,0.1761607583,0.01480451344,0.01249138575,0.01490641303,0.5173505548
C000746,0,0.01762435221,0.01228781219,0.01151293358,0.07720796645,0.01345100608,0.01231477959,0.04849225986,0.80710889
C000747,4,0.01889877349,0.01945426376,0.7413219177,0.01872692392,0.01961393258,0.01938058951,0.01967319953,0.1429303996
C000749,3,0.316023942,0.009839124498,0.5618973536,0.007848386883,0.009054125269,0.008633889667,0.009129137134,0.07757404098
C000750,3,0.01215999281,0.01380987961,0.1484969624,0.0185699501,0.03042708388,0.01343504766,0.1451862393,0.6179148443
C000756,0,0.00919933003,0.01028591175,0.01008116007,0.00920067862,0.6754191708,0.01016942739,0.01016662058,0.2654777008
C000758,4,0.002730304287,0.00307867331,0.002844062254,0.002766536452,0.001270716947,0.001069136271,0.00108708999,0.9851534805
C000761,3,0.7877932296,0.004741573436,0.005066575734,0.1482094351,0.005459553451,0.00482593284,0.00525356202,0.03865013778
C000763,4,0.5603757187,0.00748604498,0.007236317765,0.0070567527,0.008102711551,0.007382782619,0.3478698976,0.05448977412
C000764,2,0.01390269475,0.01418161564,0.8235549404,0.01376456429,0.01473989355,0.01487075191,0.01849902238,0.08648651713
C000766,1,0.02098573689,0.02340348681,0.02137212349,0.02093998766,0.03513923501,0.02294963627,0.07620828233,0.7790015115
C000769,3,0.005943156041,0.006824670338,0.04907984479,0.03099385235,0.03501951635,0.02105847043,0.08993143851,0.7611490512
C000771,2,0.005997411336,0.006366627285,0.006174557346,0.005997382942,0.007182877947,0.005238909326,0.9016273913,0.06141484253
C000772,0,0.008305578054,0.009078062073,0.52255001,0.1475187584,0.009728784612,0.00904038713,0.2371516953,0.05662672448
C000775,4,0.02598616428,0.02663371699,0.02623220769,0.02440230051,0.03069490518,0.02568118396,0.0306165834,0.809752938
C000776,0,0.004026274375,0.008692243055,0.004399642254,0.2750986505,0.005226972794,0.004787255588,0.0363609537,0.6614080078
C000778,2,0.6007876424,0.008252616736,0.007151518767,0.006893597395,0.007911369978,0.2976605104,0.007818482335,0.06352426197
C000781,3,0.001786586051,0.02491982186,0.4049434294,0.5069338921,0.002379098401,0.001170577378,0.002362352107,0.05550424277
C000783,3,0.01213147561,0.1703486708,0.01483397733,0.218035401,0.01401628344,0.2387035071,0.01306606658,0.3188646182
C000787,2,0.003127774754,0.001294626027,0.003216814843,0.003094275664,0.8773493018,0.002850939963,0.003778806269,0.1052874607
C000792,3,0.01697565745,0.08087228059,0.01812281444,0.1453337918,0.02065805315,0.3738589823,0.02025136962,0.3239270507
C000793,4,0.00357149797,0.03098300568,0.003497591964,0.002322896025,0.005810206463,0.004953123314,0.7772128512,0.1716488273
C000794,4,0.009509718138,0.1985417948,0.009794186463,0.005791065843,0.6453748973,0.01002925776,0.01053928204,0.1104197977
C000799,1,0.02352201109,0.02607283016,0.02380829107,0.02330127205,0.03099592683,0.02530777004,0.03344129344,0.8135506053
C000800,1,0.00968881225,0.01115072238,0.01018848047,0.009789257987,0.3958847662,0.1321117185,0.1882504424,0.2429357998
C000805,1,0.03426886643,0.4899739698,0.00357806751,0.003566302592,0.4275718822,0.003932474057,0.002908731271,0.0341997062
C000807,1,0.03766118897,0.006157114347,0.005428219672,0.005286481902,0.05076810412,0.005920618558,0.005483223477,0.883295049
C000808,4,0.005058874956,0.005342234492,0.02432701059,0.01579483945,0.006379822591,0.03325146991,0.007881371822,0.9019643762
C000815,4,0.002923784824,0.003303954111,0.002928195141,0.002698765905,0.003710642616,0.008725541021,0.003617179844,0.9720919365
C000819,1,0.4420077506,0.00748041932,0.4521343586,0.006615068899,0.009657175239,0.007128522619,0.009750812745,0.06522589192
C000821,3,0.002832834329,0.003122569294,0.6520089917,0.2469922075,0.003605112299,0.003151046496,0.002987813303,0.08529942501
C000822,4,0.01011065439,0.003208047051,0.002816311977,0.008471452679,0.003732553467,0.004797840216,0.01932757214,0.9475355681
C000823,2,0.1630400439,0.2115408259,0.004566646266,0.004453181315,0.005475813546,0.03027734148,0.5075052408,0.07314090681
C000826,0,0.3389283979,0.06161694199,0.2345216867,0.005085056638,0.005564106253,0.3160185352,0.005453005065,0.03281227028
C000827,4,0.002203170168,0.002548512767,0.009730337252,0.0007907923862,0.002747355618,0.00233242654,0.002630597502,0.9770168078
C000829,4,0.02415029508,0.02500974543,0.0241438084,0.02318603838,0.02747259723,0.02459050441,0.02740046254,0.8240465485
C000831,0,0.002460827879,0.01962552346,0.82836678,0.002416522837,0.002924956987,0.1261293363,0.001781575392,0.01629447721
C000832,3,0.1030632315,0.03102176398,0.1274658246,0.02783781786,0.04293209243,0.0773747339,0.07669725299,0.5136072827
C000835,1,0.218169728,0.008743857444,0.007005830931,0.07270131273,0.07757639761,0.4140309843,0.06445409757,0.1373177914
C000836,4,0.08302182261,0.2244633137,0.007742292653,0.007424415165,0.009352408969,0.008079057389,0.5413512075,0.118565482
C000837,4,0.005071826524,0.004946510955,0.192223252,0.005094517835,0.3176416403,0.4046376934,0.03535905839,0.03502550057
C000840,0,0.001898090571,0.002272749591,0.00204753315,0.00190692612,0.8908458341,0.002270204566,0.004322269458,0.0944363924
C000841,0,0.470008637,0.3057429087,0.01226107365,0.0203549672,0.01263068439,0.01418000977,0.01255136759,0.1522703517
C000842,2,0.004032608631,0.00450763031,0.004037612618,0.7232690251,0.004193054633,0.1611040439,0.003238411217,0.09561761354
C000843,0,0.01432418721,0.01712444298,0.01622395963,0.01439815241,0.5466534151,0.01683078383,0.01787601836,0.3565690405
C000844,1,0.2041120788,0.04244172408,0.007941517346,0.2789802374,0.1374978322,0.008680980711,0.01681172097,0.3035339085
C000850,1,0.006673840067,0.007417861369,0.006725780487,0.8716086524,0.009576269523,0.007238228327,0.009650134279,0.08110923358
C000851,4,0.009249689349,0.3932255385,0.009124210418,0.008844416756,0.005254680949,0.3751623672,0.005230641848,0.193908455
C000854,3,0.005584608158,0.3828169388,0.1771550121,0.005551477798,0.006787338809,0.3095492811,0.03978243683,0.07277290647
C000856,4,0.005684234749,0.01068402532,0.009464657325,0.009012659358,0.01027092554,0.6998152085,0.01004273834,0.2450255508
C000857,2,0.4149104244,0.1905831838,0.006261911282,0.006058683543,0.007173255131,0.005371947274,0.3162663997,0.05337419492
C000858,0,0.1688595783,0.008459636508,0.008520044474,0.6444109224,0.05889623878,0.00834832387,0.04926004407,0.05324521157
C000859,4,0.01196563845,0.01219157096,0.1129804919,0.7280177491,0.01318995177,0.01199282277,0.01304908389,0.09661269117
C000862,4,0.009945453908,0.01036407689,0.01002016675,0.1820517951,0.01089256304,0.6834156848,0.01083473374,0.08247552581
C000865,4,0.002754169616,0.00312743745,0.001425641733,0.002702275774,0.00237681019,0.006419416185,0.003470598002,0.977723651
C000868,1,0.01997226074,0.0223607167,0.02064511035,0.0201838407,0.02475619084,0.03080798149,0.0245650849,0.8367088143
C000873,1,0.00717261389,0.01219082341,0.01069647572,0.01032295648,0.01322682429,0.01156983867,0.8023791016,0.1324413659
C000874,3,0.008452802966,0.3928956297,0.3362646829,0.1246013567,0.005309598647,0.004604664192,0.01229312737,0.1155781375
C000877,1,0.003496677692,0.1302640765,0.004103771992,0.003930063001,0.005127796563,0.7107057888,0.1032166941,0.03915513127
C000878,4,0.1406084415,0.009798406897,0.00950001412,0.006846670899,0.0105824078,0.3681395679,0.2983727343,0.1561517566
C000880,4,0.008131492955,0.00838025283,0.008125202507,0.007838141153,0.008687667686,0.0162155307,0.8506898938,0.09193181841
C000883,0,0.00848210538,0.003823797945,0.3418012416,0.008528242734,0.009848057646,0.07383349231,0.4896207018,0.06406236055
C000885,3,0.1856580386,0.005617844901,0.005794454366,0.06863263828,0.3535884715,0.3404622577,0.005277150192,0.03496914451
C000886,2,0.00234751809,0.2508612366,0.002311742255,0.00230057855,0.002434037376,0.004961808589,0.7024336436,0.03234943488
C000887,3,0.09116507374,0.001837293351,0.8589021441,0.001608498751,0.002079403169,0.001800436811,0.002024726494,0.04058242355
C000889,2,0.0146057534,0.003639310201,0.002635434384,0.003448711587,0.9387155004,0.00300302924,0.00369619544,0.03025606536
C000891,4,0.1159175477,0.1134170231,0.2788598769,0.01567784222,0.02172330196,0.276021307,0.02143212449,0.1569509766
C000892,1,0.004791526963,0.005508373748,0.9033582256,0.006243166411,0.007093276047,0.005443803587,0.007632584663,0.05992904295
C000894,4,0.005751419696,0.4149907647,0.005880462882,0.00451544657,0.007372596849,0.005904319633,0.4007468149,0.1548381748
C000895,1,0.4737165044,0.01156155823,0.0835539274,0.009972703536,0.01465492257,0.01110098162,0.01452739491,0.3809120074
C000901,4,0.01932787638,0.02027750862,0.01962610717,0.07528318333,0.03498825092,0.2583974202,0.1237780631,0.4483215902
C000903,3,0.006423987324,0.006859018686,0.6418367073,0.006331276301,0.007590122936,0.2578876234,0.007353846347,0.06571741779
C000904,2,0.0291925774,0.02151940121,0.02127519513,0.02072495316,0.02385828137,0.3022991811,0.02336725758,0.5577631531
C000905,3,0.02558886473,0.02770987226,0.3009363867,0.02539439482,0.03547801999,0.02736780126,0.03454400263,0.5229806576
C000907,1,0.006203438202,0.006995612029,0.01440918288,0.3413620729,0.008028799583,0.5333022085,0.008045048903,0.08165363701
C000911,0,0.1472521825,0.4769555792,0.03019619346,0.02822369783,0.07626332679,0.03054191086,0.03343920026,0.1771279091
C000912,2,0.01510440908,0.1075065732,0.06909956355,0.01466687507,0.01828361664,0.09389982428,0.01739875628,0.6640403818
C000914,3,0.003136588635,0.003369845077,0.9564635288,0.003081319997,0.003727117425,0.003411960736,0.003501783306,0.02330785604
C000916,3,0.09635875443,0.007344344077,0.1662417263,0.6338350629,0.008446408918,0.007354493895,0.00825856342,0.0721606461
C000917,1,0.7729118822,0.01032501676,0.009425426426,0.03403832325,0.01172301892,0.01028886777,0.011773109,0.1395143557
C000920,3,0.01145394942,0.01191393588,0.01247562139,0.01128385193,0.01275149075,0.6673199336,0.1962087487,0.07659246827
C000921,2,0.02134133858,0.02316014712,0.02187225155,0.2899485197,0.0505358278,0.01897733837,0.08150206774,0.4926625091
C000922,3,0.019389398,0.1056561801,0.07418711178,0.1605681826,0.02153049095,0.0195271745,0.2711013719,0.3280400901
C000923,2,0.004429939575,0.004772899908,0.004364027891,0.1024515707,0.004884370962,0.003929665008,0.8037106136,0.07145691244
C000926,3,0.01801936785,0.3667656873,0.4688102091,0.01000019063,0.01208169575,0.01090725205,0.01150684174,0.1019087556
C000927,1,0.3180343808,0.003274809718,0.6081110951,0.02193899751,0.004155263155,0.003283634678,0.004206392277,0.03699542675
C000930,4,0.08388447155,0.03252562369,0.03129877612,0.03051154272,0.03492993937,0.1555496386,0.03483858279,0.5964614252
C000931,1,0.02183277959,0.02524832693,0.02267674328,0.02179382544,0.03071939439,0.02384123136,0.03049877593,0.8233889231
C000932,4,0.01484093284,0.01662930262,0.01483067231,0.01446075551,0.426454947,0.01669950081,0.1261634835,0.3699204054
C000933,0,0.01097777127,0.8512773299,0.01208642515,0.01114547219,0.01267436188,0.01125060505,0.01333178453,0.07725625005
C000936,4,0.3619222816,0.04122908066,0.1217564157,0.008021892571,0.2684697701,0.1291506254,0.007975080876,0.06147485314
C000938,1,0.008874267048,0.3598075255,0.009309775548,0.03804272339,0.02909309935,0.01002329659,0.4085594042,0.1362899083
C000942,0,0.02000794501,0.08623487426,0.022568594,0.1332295589,0.02425752421,0.425225597,0.1383423999,0.1501335068
C000948,3,0.2773908991,0.01811467472,0.03317461937,0.4280156364,0.01934305165,0.01842518096,0.01860607025,0.1869298675
C000949,3,0.05284745539,0.009529400775,0.01057465568,0.0128251714,0.01055482555,0.009805010743,0.8293735716,0.06448990883
C000950,3,0.005116175563,0.005893232884,0.003824609209,0.00508378036,0.006107701338,0.02194288093,0.005710770075,0.9463208496
C000951,2,0.2306299339,0.005283394198,0.005445865704,0.00499901462,0.6083329764,0.004469328717,0.005762125846,0.1350773606
C000954,3,0.006478939831,0.4493846753,0.006892582294,0.1214826214,0.006353279059,0.3184007128,0.005109774146,0.0858974152
C000956,0,0.005894619025,0.1379383674,0.006305477132,0.005931238636,0.006682059759,0.1869119551,0.5974355919,0.05290069103
C000957,4,0.03704587472,0.7099468891,0.002922190914,0.01803957432,0.1836566726,0.002964500283,0.003130438251,0.04229385975
C000958,2,0.003303066828,0.003483345048,0.003352056511,0.003266343829,0.00403648931,0.9455875712,0.003900368509,0.03307075876
C000959,4,0.01961203441,0.02762393818,0.01961193644,0.01871105087,0.2767525491,0.01981920517,0.05014166403,0.5677276218
C000964,0,0.003226397134,0.05185795913,0.003423230619,0.003189540356,0.003733603123,0.03155770142,0.881766713,0.0212448552
C000965,0,0.6863324872,0.009649555131,0.1254657215,0.008476492373,0.02960738247,0.009531026311,0.02240388615,0.1085334488
C000966,4,0.01151475373,0.3920986546,0.01108096573,0.05567349822,0.01485652676,0.01187069429,0.303177523,0.1997273837
C000967,3,0.003209161375,0.9448141616,0.003521976072,0.003147627911,0.003578549108,0.003381991603,0.003437708455,0.03490882387
C000968,0,0.003759504851,0.004117047424,0.1391294125,0.003758769513,0.005252147345,0.004004262842,0.7992418178,0.04073703769
C000971,1,0.02183206547,0.201088136,0.02218232976,0.02195428639,0.337465071,0.02452456157,0.1072650331,0.2636885167
C000972,3,0.01443577465,0.01520994328,0.1885492849,0.01408349649,0.4841284403,0.01530537162,0.1345388117,0.133748877
C000974,4,0.2319428611,0.2468033743,0.3131143244,0.01641384242,0.01772892506,0.01723770712,0.01772995752,0.1390290081
C000975,0,0.07473750935,0.002344951517,0.00220199805,0.002055884393,0.8756069984,0.002346064257,0.002356440284,0.03835015376
C000977,4,0.004268491873,0.00467474649,0.004275301378,0.005497065412,0.006159218105,0.004665619463,0.8408819396,0.1295776176
C000980,3,0.006928378239,0.007402218635,0.7993548054,0.006789472945,0.007967766836,0.009931776082,0.007837873267,0.1537877086
C000981,1,0.008742982298,0.04493081257,0.01937409713,0.02768006236,0.04049442414,0.06398490395,0.01569314981,0.7790995677
C000983,0,0.03823023392,0.003786655896,0.02492162891,0.003327584171,0.9022377114,0.003747475916,0.003964343826,0.01978436597
C000985,1,0.005321224922,0.00834314364,0.005413189221,0.04204506928,0.01376147873,0.005974591493,0.02629429263,0.8928470101
C000988,3,0.009351085794,0.01027788923,0.01071637387,0.009257155097,0.6873488928,0.01028108149,0.1497439891,0.1130235326
C000990,3,0.01493827346,0.009552108901,0.1740893344,0.5271653607,0.01124349759,0.05222982536,0.01062348286,0.2001581168
C000993,0,0.002027237365,0.618361072,0.002223169222,0.002016205438,0.2900621893,0.006032852318,0.04803158536,0.03124568904
C000994,0,0.01726975652,0.01948840672,0.01919394043,0.7394857184,0.01940530072,0.01904295329,0.0170423312,0.1490715927
C000996,1,0.0186064899,0.01292289071,0.001281140908,0.001253589703,0.001859606183,0.9425140043,0.001844399371,0.01971787897
C000997,4,0.002093941929,0.9089538777,0.002128620253,0.002018894791,0.002483281344,0.002183184072,0.002469026981,0.07766917291
C000998,1,0.01423681912,0.7638054346,0.01485091505,0.01440423282,0.02019220183,0.01569983488,0.02002216119,0.1367884005
C000999,4,0.003452007491,0.00361716435,0.003412465385,0.003490549697,0.009535169909,0.003995169378,0.008090026597,0.9644074472
C001000,4,0.01570926397,0.01646419182,0.03495572123,0.01514790437,0.01800149335,0.01595790188,0.1235718266,0.7601916968
C001002,3,0.005236544947,0.001475944415,0.001405010046,0.003505921851,0.945976698,0.001436073297,0.002394378373,0.03856942902
C001004,2,0.01263874197,0.01304581692,0.0126698708,0.7171223652,0.01542641812,0.09430165075,0.01529775697,0.1194973792
C001006,3,0.8563894051,0.003072648195,0.002989144363,0.002670450869,0.003728139308,0.002996617816,0.003721121925,0.1244324724
C001008,0,0.017669472,0.437559505,0.01876581804,0.01763876416,0.02066326979,0.02032990045,0.06959117837,0.3977820921
C001013,1,0.006613014258,0.0076505129,0.006619119466,0.006452905315,0.01581195548,0.0975632161,0.0161882378,0.8431010387
C001018,0,0.02848594529,0.03351682264,0.03256609263,0.02866348297,0.03557964956,0.1253619046,0.03517741506,0.6806486873
C001020,2,0.002702279097,0.002848496757,0.002767412535,0.002591055253,0.003167134348,0.8537565164,0.1124068247,0.01976028083
C001021,0,0.0009746042175,0.01272437604,0.002799121043,0.002539480406,0.003450134829,0.003103564512,0.05128767159,0.9231210474
C001022,0,0.002847278678,0.02348763603,0.003127337007,0.002860212266,0.003626357009,0.005985115346,0.01427440816,0.9437916555
C001024,3,0.03072225483,0.01324303466,0.3822495172,0.1248370691,0.0152253583,0.016490029,0.09533197117,0.3219007657
C001027,1,0.005912348089,0.1292943092,0.006098872177,0.672264734,0.1133920409,0.006392283727,0.00833297327,0.0583124386
C001028,2,0.007884535881,0.2906691537,0.008115183259,0.007784170507,0.006820428,0.4457231958,0.1855723673,0.04743096559
C001029,4,0.01747759349,0.0182089136,0.0176376943,0.01699453129,0.007695749034,0.7320780814,0.007180279341,0.1827271575
C001030,4,0.01221574329,0.0138106078,0.012080657,0.01177111578,0.2492015094,0.01295529603,0.1157856731,0.5721793976
C001033,2,0.2632415817,0.01645625204,0.0154092815,0.01509180412,0.01758520756,0.01338116381,0.5534147775,0.1054199318
C001035,2,0.0187156047,0.01952440413,0.2977022874,0.01787019687,0.0995798006,0.2379398251,0.1074620257,0.2012058555
C001037,1,0.008731470692,0.1611019598,0.0466325527,0.04155634687,0.007519853382,0.01003095885,0.007155425005,0.7172714327
C001038,4,0.0007383256147,0.004252743542,0.002816867028,0.003993933661,0.05520138152,0.004206279541,0.007578855199,0.9212116139
C001040,0,0.003624752219,0.004067627586,0.05996123688,0.01521219773,0.004444685715,0.8164291991,0.004403359994,0.09185694081
C001043,2,0.8334312408,0.002477293971,0.002319436766,0.03631697334,0.002089709645,0.07270927729,0.001754391311,0.04890167688
C001046,3,0.005708510885,0.8760216202,0.006246769839,0.005579806994,0.01706451239,0.006060723651,0.02431429568,0.0590037604
C001050,3,0.01548464912,0.1650368798,0.06714244105,0.01537650157,0.2920335585,0.03878676875,0.2225919441,0.1835472571
C001051,4,0.01537476075,0.01760410244,0.0160965768,0.1474168581,0.4699114141,0.05828710396,0.02537505044,0.2499341334
C001055,2,0.02830160723,0.02991349687,0.02975705453,0.02821492653,0.03159825995,0.02562676005,0.03139826243,0.7951896324
C001056,2,0.004019090196,0.004144059286,0.02174313908,0.1732776658,0.7629582618,0.005372413106,0.005196567821,0.02328880285
C001060,1,0.01222408526,0.0138911874,0.5245358598,0.06536424404,0.018059347,0.01321206003,0.01836654763,0.3343466689
C001061,1,0.2380914633,0.01969879137,0.0168266934,0.01662543398,0.05523626078,0.01850090881,0.1304537854,0.504566663
C001062,3,0.002774242272,0.003133984724,0.003084915752,0.002729896289,0.04882103497,0.009074936556,0.1799774726,0.7504035169
C001063,0,0.8799882682,0.004806311955,0.004377890411,0.004035112954,0.01098438963,0.004828132554,0.004813329739,0.08616656452
C001064,4,0.005464634811,0.006005171871,0.4805222317,0.005364164966,0.006445248261,0.4249919157,0.006393546907,0.06481308584
C001066,0,0.0232800878,0.02437238151,0.02406383748,0.02280530024,0.6378173081,0.02433556795,0.02441363262,0.2189118843
C001067,3,0.003945156499,0.009074915568,0.006696499671,0.006530839659,0.004905476662,0.006797557496,0.004695472647,0.9573540818
C001068,4,0.2814718689,0.02435880336,0.317992619,0.02163962632,0.02568982075,0.0228823733,0.02516823133,0.280796657
C001072,4,0.5381940272,0.3319616884,0.009366802613,0.009039559425,0.00987621649,0.009539881731,0.009819093321,0.08220273085
C001074,0,0.009558967402,0.01048498963,0.01047068721,0.009580553533,0.01052632677,0.3484988536,0.5097689743,0.09111064756
C001075,3,0.008357448019,0.02004141552,0.0140944494,0.01246351655,0.04286847765,0.009183621228,0.02694098742,0.8660500842
C001077,1,0.03594643584,0.5780379426,0.01041265482,0.01030618252,0.06991228691,0.0113947033,0.1432863287,0.1407034653
C001080,0,0.7408666386,0.01613393455,0.01578936792,0.01440809068,0.04374134074,0.01598119666,0.02421102992,0.1288684009
C001084,0,0.001382516318,0.001664758796,0.01802274237,0.001380306369,0.001758223024,0.8989542492,0.03734609292,0.03949111095
C001086,0,0.005205643861,0.02010517617,0.008413167076,0.003915550176,0.004911053968,0.02152223454,0.00475319345,0.9311739807
C001088,2,0.231463302,0.2301004197,0.01046472711,0.01049400773,0.01079549205,0.009281901335,0.3598240709,0.1375760792
C001090,2,0.08659073681,0.02903471024,0.0292704279,0.02726187988,0.03331431617,0.02437353633,0.02955617551,0.7405982172
C001092,4,0.005313137947,0.005960568976,0.5884619297,0.2830692383,0.006640695181,0.005573576672,0.006539833585,0.09844101965
C001093,4,0.002939542575,0.003245177601,0.8514131791,0.002850617598,0.003395231629,0.003090714242,0.003380474221,0.1296850631
C001095,0,0.002882336605,0.9488592928,0.002973635189,0.002880941959,0.003215059951,0.0032160351,0.003188980335,0.03278371803
C001096,3,0.009175825524,0.009612850871,0.01004930492,0.008740957381,0.01059413449,0.8530564727,0.01075075517,0.08801969897
C001098,4,0.2951430184,0.007004015516,0.5620714376,0.00643594482,0.007217802853,0.006747860187,0.007139186316,0.1082407344
C001100,2,0.009474861551,0.01026394681,0.01028794431,0.009658801364,0.0103514224,0.008864966901,0.7012543668,0.2398436898
C001102,4,0.7267960148,0.007794822542,0.007444787356,0.007059483404,0.008650466558,0.007662833191,0.0086247767,0.2259668154
C001106,1,0.0170002443,0.00254411986,0.7188601987,0.1445643021,0.04661989492,0.002529262144,0.03336765252,0.03451432549
C001108,4,0.00892933463,0.5681499283,0.008905085702,0.008571037356,0.1063825416,0.009268085436,0.01048295955,0.2793110274
C001109,2,0.01698950744,0.08462167659,0.01756635299,0.0170341585,0.6513683679,0.01492679035,0.01791435338,0.1795787929
C001110,2,0.4378468422,0.08051396639,0.01442678996,0.01376607276,0.01685279042,0.01191616521,0.01657774688,0.4080996261
C001112,3,0.003445214558,0.004676058472,0.003879406159,0.888808541,0.002707308025,0.05993827271,0.002618210903,0.03392698814
C001113,1,0.01442287349,0.01607491221,0.01427751204,0.01430198435,0.5519967673,0.1957376808,0.01894360576,0.1742446641
C001115,2,0.005184582346,0.005554301038,0.005620702793,0.005279519228,0.006549056247,0.004613915878,0.9005803471,0.06661757532
C001119,3,0.0223563297,0.02306701667,0.02519916765,0.1139484581,0.219460682,0.02318255068,0.02510441198,0.5476813832
C001120,2,0.003838449526,0.06826701947,0.003785303041,0.003799963008,0.004337132198,0.8860666581,0.004262851655,0.02564262297
C001121,0,0.004129848265,0.03451963391,0.1635847028,0.1397201143,0.005353773018,0.4740684373,0.00514649219,0.1734769982
C001122,0,0.009852583747,0.01228088873,0.01076417069,0.009869113125,0.1921866468,0.01227045828,0.1140700664,0.6387060722
C001123,0,0.04284433214,0.1727834216,0.01024611832,0.6606865499,0.01074890954,0.01057918869,0.0143552663,0.07775621346
C001129,3,0.007584001181,0.008020008916,0.09068097244,0.007527327221,0.09563805324,0.01201879003,0.7099664435,0.0685644035
C001130,1,0.003166020328,0.003463148588,0.004186673951,0.00314876797,0.004514480767,0.003439189419,0.9211684149,0.05691330405
C001132,0,0.03013836166,0.03291139913,0.03173114137,0.03029789859,0.4547622652,0.1616041326,0.03334815658,0.2252066449
C001134,2,0.2718503986,0.007616422818,0.6415475251,0.007143175287,0.00773933637,0.00639675025,0.007740696708,0.04996569483
C001135,1,0.01914451101,0.02114131493,0.01959698517,0.03558587135,0.005893795796,0.02078500832,0.005741373191,0.8721111402
C001136,2,0.003185120661,0.00357785396,0.7411346999,0.003220778738,0.02700818371,0.1638503108,0.004218378903,0.05380467339
C001138,4,0.005589154447,0.005948281804,0.005433708697,0.6692726559,0.1863579549,0.005657483858,0.006193419582,0.1155473408
C001139,0,0.02416525047,0.02651082147,0.02606057812,0.02435125216,0.02624607158,0.02623435261,0.02592932811,0.8205023455
C001140,1,0.5097875932,0.1316354017,0.1842969105,0.00543531737,0.006743661759,0.005480522995,0.109078948,0.04754164448
C001141,4,0.008059536008,0.008749347444,0.008032982473,0.007839912019,0.009232080859,0.3707134062,0.009112745843,0.5782599892
C001143,4,0.003806413628,0.1793400734,0.003818485414,0.1015670252,0.003910529304,0.6772383805,0.003890484369,0.02642860826
C001147,0,0.005490393018,0.006081352363,0.9115328827,0.00550528001,0.006088190449,0.006039948852,0.005965150067,0.05329680254
C001148,2,0.1114961548,0.01231406153,0.01129258158,0.01146148332,0.338123597,0.009693495539,0.03010426473,0.4755143615
C001149,2,0.009375269142,0.3166351175,0.009424585262,0.3343173374,0.08347625657,0.008041220885,0.1732115829,0.06551863041
C001151,1,0.1263013538,0.01573563913,0.01374263717,0.01338449191,0.1090463458,0.01527036469,0.01783809131,0.6886810762
C001152,2,0.005150967188,0.005612645208,0.005344426249,0.00518584125,0.006309579396,0.277886224,0.5632402155,0.1312701011
C001153,2,0.01526944841,0.01593196759,0.088216478,0.0153483879,0.02047560218,0.4160598018,0.01595043248,0.4127478817
C001154,0,0.009364857845,0.01012317759,0.5464736482,0.009276037972,0.3343420789,0.0100066522,0.009945158826,0.0704683885
C001156,2,0.03241983774,0.03450607495,0.03518695548,0.03287141022,0.03862975972,0.02934887447,0.03838987845,0.758647209
C001157,1,0.00117303031,0.003473136702,0.00286963401,0.002036861092,0.004558919688,0.005348996226,0.007527588637,0.9730118333
C001160,2,0.06183300182,0.01267688803,0.01200654337,0.0115451639,0.6187177238,0.01044488665,0.09344649361,0.1793292988
C001164,1,0.005225917509,0.006390251214,0.6793232235,0.02657617398,0.1961511275,0.005900970946,0.007587915224,0.07284442014
C001165,0,0.8937799494,0.006453504039,0.006169258277,0.005762059191,0.006838034796,0.006447211116,0.006922915261,0.06762706788
C001168,0,0.006339144675,0.1582555543,0.00686959222,0.00638138483,0.007374329337,0.007079897552,0.7497473659,0.05795273123
C001170,3,0.1989630163,0.005595652913,0.005520685978,0.005006591262,0.006206623288,0.6851169607,0.005956180443,0.08763428906
C001171,2,0.01585120731,0.01517372381,0.787513386,0.01423672884,0.01438814204,0.0119487188,0.01558081016,0.1253072831
C001172,1,0.6597686473,0.01049611455,0.009216313769,0.009112671544,0.1979298366,0.009992497618,0.01172276696,0.09176115162
C001173,3,0.7875542433,0.1319146729,0.003969113968,0.003613616702,0.004581499065,0.004037205056,0.004333420504,0.05999622851
C001174,3,0.1045885386,0.7806118232,0.002052744444,0.06693166767,0.002396197805,0.002140733978,0.002272516516,0.03900577785
C001175,2,0.009971505197,0.05052797973,0.004664212418,0.004503760784,0.00653454657,0.003166287826,0.004401478077,0.9162302294
C001176,0,0.790372814,0.004301401926,0.09502162972,0.003957859934,0.04211384615,0.004223800679,0.03544882548,0.02455982209
C001181,2,0.006560433134,0.003355692521,0.1090740913,0.8062224103,0.003381869654,0.002930207533,0.003374714988,0.06510058055
C001182,3,0.002234440056,0.002592509966,0.002456862667,0.1194209361,0.002986341325,0.8144850113,0.003005048865,0.0528188497
C001183,1,0.006281129153,0.004623773516,0.01548426938,0.005088924442,0.005750614719,0.009515651054,0.005287803794,0.9479678339
C001184,2,0.004558174887,0.8637364725,0.004723529524,0.004810097141,0.005729118798,0.004049652371,0.005622685507,0.1067702693
C001185,2,0.01642424409,0.01738239783,0.01708896121,0.01649036652,0.3415969293,0.466696496,0.004685413857,0.1196351912
C001188,3,0.008170822217,0.008464195524,0.00918302893,0.007970948771,0.009099098952,0.7476006123,0.008723461736,0.2007878316
C001191,3,0.004779534002,0.005014623846,0.005224814573,0.004672605382,0.5355966658,0.4016712934,0.005026056283,0.0380144067
C001192,0,0.009547247039,0.01093641653,0.01069985107,0.009626330024,0.0107211774,0.6448082396,0.01057147797,0.2930892604
C001194,4,0.0218403581,0.02393367025,0.02193075078,0.01593517238,0.01417207202,0.09966335172,0.02638643703,0.7761381877
C001202,4,0.01299636188,0.01401337337,0.01291877628,0.02109263283,0.04538915154,0.06214633205,0.03736902374,0.7940743483
C001203,4,0.04785166388,0.005604064058,0.005392620526,0.04462433762,0.1110726909,0.5946528717,0.004923297842,0.1858784534
C001204,2,0.01636910447,0.1530499238,0.05390547574,0.01618033666,0.07310101693,0.1589595293,0.1095153324,0.4189192807
C001207,1,0.01817959672,0.02076013303,0.01847584669,0.01804990983,0.02886378144,0.02007907672,0.02864207836,0.8469495772
C001209,4,0.01750450883,0.01839428566,0.1405749594,0.01902516608,0.1746642422,0.01020549615,0.2753857588,0.3442455829
C001210,3,0.008001750518,0.008049236139,0.008508351077,0.2046450188,0.008468798431,0.008047176204,0.5604231091,0.1938565597
C001211,3,0.6614800673,0.01827491228,0.01928708713,0.1029471136,0.01098918614,0.01840759027,0.01952605006,0.1490879932
C001214,2,0.01240152256,0.4161587874,0.2809646164,0.01228162685,0.02185904121,0.01079642795,0.01431955347,0.2312184242
C001216,2,0.001910619756,0.1008826572,0.001919568557,0.001889471927,0.00207887038,0.001663816946,0.8784089213,0.01124607386
C001220,3,0.5418170059,0.3542478429,0.006957371242,0.006229602053,0.007274175546,0.006810452289,0.00712404791,0.06953950215
C001221,1,0.01019521223,0.01273339392,0.01013791526,0.100529921,0.01478797482,0.08669890089,0.01473662052,0.7501800613
C001222,3,0.04655616992,0.003884132734,0.3140907845,0.00338265678,0.03163238875,0.4077649661,0.03305007344,0.1596388278
C001223,1,0.01113219441,0.6041340168,0.01133228708,0.04677840088,0.01563784019,0.0126164471,0.01653526113,0.2818335524
C001224,1,0.03626297772,0.01892706337,0.08478788783,0.1919219299,0.03321299175,0.01691858529,0.02359919862,0.5943693656
C001225,2,0.004364810824,0.01854998258,0.05390023789,0.004305718426,0.005421601153,0.007940033055,0.005176138343,0.9003414777
C001229,3,0.003419790019,0.05852292126,0.7749216655,0.003377462896,0.1174744951,0.003531796352,0.01391936186,0.02483250702
C001230,0,0.00850779268,0.01737894604,0.01454232039,0.002599287629,0.003520744352,0.003124793286,0.003623612284,0.9467025033
C001232,3,0.008936909292,0.0143932006,0.005515452784,0.02354393914,0.01019968379,0.01475854572,0.005915391352,0.9167368773
C001234,4,0.02453360816,0.02503471635,0.02448709884,0.02344017046,0.02672093108,0.02461713515,0.02665935186,0.8245069881
C001237,4,0.005930396904,0.8974953148,0.005906165127,0.005817245923,0.006761585182,0.006096745299,0.00674858742,0.06524395932
C001238,3,0.166532775,0.02078455668,0.02128022738,0.2784144199,0.2639441819,0.02089478011,0.04023191166,0.1879171474
C001239,1,0.2322785464,0.003204232392,0.002947850132,0.002953226212,0.004014278671,0.003226181665,0.7165509286,0.034824756
C001241,1,0.006645407989,0.007359691222,0.006754490412,0.006599154914,0.008544938367,0.7131727232,0.008706448697,0.2422171452
C001243,4,0.01790356325,0.01863066788,0.01824576063,0.01754688362,0.02048659576,0.6855523279,0.02026218416,0.2013720168
C001244,0,0.01283698742,0.230853926,0.01032317889,0.01311600794,0.01636168176,0.1826426433,0.07804563904,0.4558199356
C001248,0,0.001128565651,0.00252597767,0.002242866323,0.002065270231,0.006642961904,0.0006940473576,0.006586848081,0.9781134628
C001249,4,0.003881376539,0.003614448005,0.07960909571,0.003356122755,0.3795347468,0.4711692249,0.004098351158,0.05473663413
C001252,0,0.6287726793,0.01619095924,0.01560278708,0.1779599154,0.01631929631,0.01602470357,0.01620553514,0.112924124
C001254,0,0.0111988424,0.01269822389,0.01194173803,0.7748804402,0.01270551622,0.01281637422,0.01286878554,0.1508900795
C001255,4,0.3094200172,0.07953223438,0.0224296377,0.02214488464,0.1492619562,0.02368825276,0.02459730306,0.368925714
C001256,4,0.4323299519,0.01804198954,0.1218141257,0.01647897698,0.01983376324,0.01769241118,0.1927040366,0.1811047449
C001258,3,0.003990198695,0.9388528231,0.004361247891,0.003966584769,0.004397153374,0.004292267105,0.0042086423,0.03593108278
C001260,2,0.04380178268,0.02076645587,0.01851950983,0.0185876051,0.0307745163,0.112123966,0.02232319533,0.7331029689
C001265,3,0.01252982453,0.5650805094,0.013941084,0.09767563055,0.01450955351,0.1363743328,0.05831526571,0.1015737995
C001266,2,0.8574708045,0.004774748949,0.01098474166,0.003560759685,0.00529919909,0.003909018572,0.005314595404,0.1086861321
C001267,4,0.01547714619,0.05043351081,0.0153719318,0.0148386994,0.01388209268,0.01550555558,0.6760393584,0.1984517051
C001268,1,0.008287349966,0.01017328953,0.03047606772,0.2598245409,0.01313640945,0.2999992293,0.01294676148,0.3651563517
C001269,0,0.01133295491,0.01327012587,0.01296365149,0.4571701247,0.1333814448,0.0128161548,0.01334031144,0.345725232
C001271,1,0.01198629472,0.01350366733,0.01196486903,0.01215113535,0.7764777286,0.01317334509,0.01801178208,0.1427311778
C001272,2,0.04319543858,0.02217205248,0.02051742366,0.02087072353,0.2687083124,0.0186485504,0.1683608456,0.4375266533
C001275,4,0.01696804705,0.01770641101,0.01712592914,0.01668318014,0.01979392164,0.1107882728,0.4683578261,0.3325764121
C001276,1,0.004168954164,0.004585952093,0.004253894789,0.00462706249,0.006065033,0.9222213174,0.006129974843,0.04794781119
C001279,4,0.7689437495,0.1826113509,0.003791228,0.005004757246,0.004316785084,0.003881293992,0.003363076121,0.02808775914
C001280,2,0.02219793323,0.4014346186,0.02297730176,0.02699957858,0.03116692507,0.02022865961,0.1088698967,0.3661250864
C001283,1,0.02601588094,0.07021537761,0.1367602133,0.02535640746,0.03959254452,0.02891523409,0.04060029213,0.63254405
C001284,3,0.02276492695,0.02374400485,0.02533189806,0.02240914565,0.02695037918,0.02369985627,0.02596816752,0.8291316215
C001288,2,0.05218788358,0.008188320202,0.537339107,0.01440880113,0.006626567287,0.3419672881,0.006546467749,0.0327355649
C001289,0,0.02222697252,0.02491089205,0.02445726141,0.02237477673,0.02563007179,0.02442119304,0.02549929612,0.8304795363
C001290,3,0.008095054365,0.008604976203,0.7264193574,0.007963513399,0.009200903297,0.01209655454,0.009239340238,0.2183803005
C001291,0,0.235646084,0.0129166071,0.01240767055,0.5936832251,0.01338838458,0.01297513667,0.01316877036,0.1058141217
C001292,4,0.01260576979,0.01347720925,0.0127847591,0.01230713876,0.03901962669,0.01313065831,0.7593827369,0.1372921012
C001293,4,0.7130074962,0.02873587321,0.003043445843,0.002899422436,0.00499322642,0.003105603092,0.2177060733,0.02650885955
C001294,4,0.01470786697,0.7903711581,0.01499267861,0.01447019839,0.01599493378,0.01526318746,0.01604220584,0.1181577709
C001299,0,0.01414913042,0.1103786697,0.6046576581,0.1231992356,0.01647252934,0.01545910709,0.01639221591,0.09929145386
C001301,4,0.002845764542,0.003592078089,0.01027078874,0.0237595215,0.003709961638,0.003210693637,0.08991024142,0.8627009504
C001306,2,0.003679682349,0.003961241614,0.8286002279,0.00362559628,0.004444186635,0.003261943047,0.004474731521,0.1479523906
C001307,4,0.01166464848,0.01180716666,0.008150226757,0.4641234248,0.1211243126,0.05327365535,0.2275020294,0.102354536
C001308,1,0.004358447303,0.00489080772,0.004022691984,0.003945421222,0.005938517289,0.003756018276,0.006108850398,0.9669792458
C001310,0,0.1539810206,0.008283636373,0.05174177174,0.00598002245,0.7158615378,0.008024851152,0.008973219157,0.04715394075
C001312,4,0.6299503231,0.009429129567,0.00940966336,0.1086326005,0.158913814,0.009365874404,0.009575831128,0.06472276391
C001316,0,0.01516326012,0.01288784151,0.04128310929,0.01515132792,0.01706189297,0.01676651329,0.7469683033,0.1347177516
C001317,0,0.004359054359,0.004764768899,0.004381765758,0.003957499637,0.03540784215,0.004712049101,0.004925136688,0.9374918834
C001318,3,0.01522096586,0.0168347241,0.01658303481,0.01505058643,0.01864156924,0.04541707435,0.2711181336,0.6011339116
C001320,0,0.5745862768,0.01531845378,0.01510582672,0.220797732,0.01507018711,0.01528777679,0.01492130445,0.1289124424
C001321,4,0.8204200532,0.006326250393,0.005801598888,0.05870976934,0.006496657145,0.005996719089,0.006400637681,0.08984831425
C001322,0,0.002859014236,0.007435793574,0.003093322075,0.8057296412,0.03794584511,0.003474451357,0.03774586875,0.1017160637
C001323,2,0.00763258024,0.007992402132,0.007905349847,0.007633474297,0.3513183575,0.3060646662,0.1015531887,0.209899981
C001324,1,0.01028615071,0.01209350283,0.007654713777,0.01032257678,0.406754535,0.01169078936,0.01435943238,0.5268382992
C001326,4,0.01598763139,0.01689560409,0.01628898895,0.01583387368,0.01786943994,0.7592850895,0.01776999087,0.1400693815
C001328,2,0.03421212729,0.03451125467,0.03894945724,0.02648668135,0.07553010348,0.0325729364,0.03831341408,0.7194240255
C001331,0,0.1318575703,0.07631209155,0.02000426188,0.007715089851,0.1194040154,0.009246844674,0.3176721075,0.3177880189
C001335,3,0.8667738508,0.002967104586,0.00305152579,0.002764079096,0.003158942572,0.003004719481,0.08706184423,0.03121793342
C001336,0,0.003826289742,0.00462486751,0.00584415771,0.0037651523,0.01713695762,0.009731513367,0.001691747173,0.9533793146
C001337,3,0.02323383933,0.05400986936,0.002154560414,0.001988068182,0.2395159328,0.6624228053,0.002182967907,0.01449195674
C001340,1,0.003116825615,0.003918502037,0.003089219773,0.003024712381,0.00531498553,0.01691482207,0.03358415918,0.9310367734
C001345,1,0.02483679228,0.005259757199,0.007925126262,0.004180036886,0.009173412503,0.004786487151,0.006833729232,0.9370046585
C001347,1,0.3779827328,0.01244143523,0.01063369487,0.01025148876,0.01304711352,0.01167839389,0.0131365805,0.5508285605
C001348,3,0.1460525933,0.02848479634,0.01570662861,0.1486184075,0.01787965873,0.01591403665,0.0170563883,0.6102874905
C001351,0,0.01176760654,0.01302610484,0.2908261958,0.01027546726,0.01309032415,0.325607855,0.01287274197,0.3225337044
C001354,3,0.9073815614,0.01077367324,0.004366595441,0.003854048688,0.002665127967,0.004104924125,0.002778541186,0.06407552799
C001355,2,0.02050895096,0.02183223846,0.07731068452,0.02145831567,0.02534257789,0.01816409089,0.5277934994,0.2875896422
C001356,1,0.2361731438,0.009257936457,0.008445633292,0.6104575137,0.01235053095,0.008956604865,0.01235442787,0.102004209
C001359,4,0.001512609927,0.0131489248,0.00151400782,0.001521900656,0.001904862583,0.001684812957,0.9339290679,0.04478381335
C001361,2,0.02880209847,0.03005920538,0.03044788388,0.02929764146,0.03420707002,0.02604048661,0.03442074901,0.7867248652
C001364,1,0.005368565707,0.005865024136,0.00534220656,0.5687596842,0.3338267576,0.005879717344,0.006754812332,0.06820323217
C001366,4,0.02182368057,0.02320520381,0.02220017547,0.0215377554,0.02458480678,0.2169225586,0.02431457576,0.6454112437
C001367,0,0.6311877394,0.02472719244,0.02306761314,0.02092187803,0.06063128067,0.0244165007,0.04276109328,0.1722867023
C001374,4,0.1970199617,0.02481049032,0.02431287146,0.02312422756,0.02581558414,0.02441203897,0.02586413145,0.6546406944
C001377,4,0.01126631543,0.01265597402,0.01104050906,0.011201834,0.02984322898,0.01201411143,0.01290947253,0.8990685546
C001378,0,0.6814397502,0.00629490433,0.2420184476,0.005623459052,0.006447275358,0.006283120416,0.006545986868,0.0453470562
C001380,2,0.105615583,0.03054497976,0.02833564252,0.02821197869,0.04024324931,0.02486541459,0.2306647085,0.5115184436
C001382,4,0.009793526259,0.01075827667,0.3910892265,0.009226166905,0.01098080169,0.1251464384,0.1157641204,0.3272414432
C001385,2,0.006041921977,0.003485550263,0.003261990449,0.003126673718,0.003829996258,0.0133922363,0.01632265773,0.9505389733
C001386,3,0.004035694325,0.1996039547,0.6923019296,0.01002906791,0.005374174115,0.004455450601,0.004811786957,0.07938794176
C001389,3,0.003748967843,0.08248093281,0.007105103391,0.004510220702,0.008156733805,0.01197656029,0.07548133807,0.8065401431
C001391,0,0.00725210499,0.1950132836,0.007890330804,0.007268559762,0.4459979392,0.009194469418,0.01029085452,0.3170924577
C001397,1,0.2261173259,0.001715782516,0.7261621435,0.001419524049,0.001583636541,0.00157030566,0.006711519877,0.03471976196
C001399,2,0.00483910231,0.004936056705,0.00518732851,0.9337811997,0.005125634127,0.008403213079,0.007269903264,0.03045756233
C001400,1,0.006052108843,0.006699653875,0.02760172064,0.04369589192,0.4031660112,0.006669478375,0.454176991,0.05193814419
C001402,1,0.01029232349,0.01154959612,0.01041605995,0.01016813272,0.2577150464,0.01117814249,0.4881228665,0.2005578323
C001406,1,0.9099929668,0.00340535724,0.003008344233,0.003022353856,0.004771395683,0.02798960999,0.004914751242,0.04289522097
C001408,0,0.03318438643,0.02275240127,0.04006837855,0.03346353042,0.009122915631,0.008645996183,0.008821582555,0.843940809
C001409,2,0.005776450953,0.01608548038,0.005599011495,0.01239764705,0.006852063037,0.008038584045,0.006820720598,0.9384300424
C001410,3,0.008050831894,0.009804757542,0.1356880692,0.007969664233,0.01112635931,0.02071181057,0.6689640215,0.1376844858
C001413,2,0.002570265498,0.01161243297,0.02401643313,0.004136553201,0.003363842059,0.00414441887,0.005002392575,0.9451536617
C001414,0,0.002253597291,0.03348716089,0.1658819024,0.002269493631,0.7538396584,0.002637697412,0.003082827708,0.03654766229
C001415,3,0.001859001075,0.003084823465,0.003049923414,0.007525840563,0.003572518253,0.003040018597,0.003360732936,0.9745071417
C001416,1,0.7628766756,0.01536637327,0.01388887882,0.0135906773,0.01596005199,0.01538150138,0.01605688848,0.1468789532
C001417,0,0.009513776333,0.5529949548,0.01048056849,0.009779615655,0.01286068369,0.01170154611,0.2238340477,0.1688348072
C001419,0,0.1242151127,0.005509502736,0.7959467624,0.004866001462,0.005891611642,0.005473769357,0.005968314494,0.05212892519
C001420,0,0.01004375959,0.01117068523,0.01072897634,0.009939441513,0.2991070504,0.07069757589,0.2622719946,0.3260405164
C001421,3,0.3136402405,0.007011322487,0.007105347304,0.006449909654,0.6016585433,0.007044891467,0.006795383788,0.05029436147
C001422,3,0.009454568461,0.01045027574,0.1836999683,0.009592971324,0.5481806147,0.01025361479,0.1451239133,0.08324407336
C001424,1,0.009096115188,0.01013003191,0.02108059085,0.2963846817,0.01159598151,0.427161551,0.01087034715,0.2136807007
C001427,3,0.6615024462,0.02061500141,0.02234568077,0.02014282136,0.02120680329,0.04672241648,0.01895746582,0.1885073647
C001428,4,0.003817264018,0.03747111686,0.6670398679,0.005543458471,0.006587810499,0.005765693106,0.04520578813,0.228569001
C001433,4,0.00147982834,0.9288095111,0.02268319219,0.001460604207,0.001652669277,0.001551812905,0.031569818,0.010792564
C001436,1,0.007153206757,0.00826835955,0.5995743304,0.00733159839,0.009327767256,0.008069024819,0.2790051238,0.08127058903
C001437,2,0.3322765969,0.0295016098,0.02747496693,0.02600554495,0.07616056029,0.02291647929,0.03187458623,0.4537896556
C001439,4,0.5120935895,0.007486662571,0.007137641282,0.3876804878,0.007809348852,0.00731748921,0.007753323628,0.06272145712
C001440,1,0.01314724914,0.1207424361,0.01326729798,0.08939187393,0.01929943393,0.1130188364,0.01971844691,0.6114144257
C001441,2,0.007346702008,0.117614998,0.5885263335,0.006987989664,0.008332248825,0.2151201451,0.008223879335,0.04784770354
C001442,0,0.002791434571,0.003235344654,0.9576270134,0.002722061041,0.003530821248,0.003191546588,0.003799434555,0.02310234396
C001444,0,0.002582189423,0.003108711787,0.00279757216,0.002558676196,0.003253260223,0.00673514369,0.003177135,0.9757873115
C001445,4,0.0156534699,0.01603763742,0.01565950585,0.4215080747,0.01773572942,0.01577305285,0.01769505565,0.4799374742
C001446,2,0.007787222457,0.0082000394,0.00759356126,0.002182424972,0.04086184427,0.00684199623,0.008381727822,0.9181511836
C001448,2,0.0350174284,0.03696891496,0.0358206381,0.4152652479,0.03986769681,0.1084769956,0.03991339825,0.2886696799
C001449,3,0.002391326445,0.4069918585,0.04856625327,0.003464513123,0.02613877399,0.002723483563,0.4526271327,0.05709665841
C001450,1,0.7588674381,0.01421074553,0.01325054347,0.01273288363,0.01706093212,0.01393470891,0.01719291568,0.1527498325
C001451,4,0.0113242938,0.6613233561,0.0113510764,0.01095899126,0.01229113397,0.005933130141,0.1155970907,0.1712209276
C001452,1,0.006364252702,0.00763156578,0.006564005067,0.08096457604,0.009116940615,0.5035255434,0.3227912793,0.06304183709
C001453,4,0.01091100838,0.01131172624,0.01107647369,0.5858006204,0.01257873245,0.01112486769,0.01239224362,0.3448043275
C001457,3,0.4316976569,0.02204276483,0.1709601069,0.02053633147,0.1438844123,0.02159684215,0.02182230198,0.1674595835
C001458,2,0.3345663906,0.03043054562,0.02881919335,0.02808942124,0.03560675428,0.02400054826,0.1056889857,0.4127981609
C001459,4,0.09520133465,0.01249836274,0.01183567352,0.6114779782,0.1372142212,0.01193297563,0.01250368878,0.1073357653
C001460,4,0.09501743787,0.06132678663,0.03171085146,0.02986033028,0.02007295936,0.07286297884,0.0168421027,0.6723065529
C001461,3,0.01557490158,0.01628101557,0.6912335129,0.01538000512,0.01847438822,0.01658218075,0.01626370564,0.2102102902
C001462,4,0.007610152747,0.007966498004,0.007419803469,0.007354399166,0.3926068617,0.08358033181,0.3065892571,0.186872696
C001463,3,0.01200781868,0.5230062331,0.01339152593,0.01176539539,0.01394295099,0.01263045084,0.01328392839,0.3999716967
C001467,4,0.2670964392,0.01658720732,0.01514590942,0.01457981887,0.01897813848,0.0158812904,0.0183987979,0.6333323984
C001469,3,0.01225856087,0.7143059907,0.01100060183,0.05447179593,0.01534461999,0.007269267581,0.01532570422,0.1700234589
C001470,1,0.06247654763,0.006051155026,0.652136824,0.005477270595,0.007942961283,0.006108572534,0.1999881201,0.05981854888
C001472,0,0.002458759494,0.002903922136,0.002720056193,0.02065233929,0.02700112648,0.007111656309,0.01968942853,0.9174627116
C001474,2,0.6785526773,0.01027743325,0.01010839402,0.009843589956,0.01136970843,0.1912709703,0.01120563007,0.07737159662
C001475,3,0.0173528299,0.01829675025,0.01944819495,0.3100429587,0.02022455211,0.01826426088,0.01924973776,0.5771207155
C001484,0,0.01025497555,0.1344734273,0.4901054601,0.01031302498,0.01231383932,0.01162835684,0.2722138974,0.05869701857
C001485,0,0.05126987451,0.004818401729,0.003092846227,0.004182260739,0.00517792045,0.02957773995,0.02000386491,0.8818770915
C001486,2,0.005951132531,0.006802258525,0.006431155481,0.8903259653,0.007223080999,0.005523123539,0.006884947912,0.07085833573
C001487,4,0.009926030205,0.05578155016,0.5331660439,0.009593654077,0.01091907674,0.009933115843,0.1408868776,0.2297936515
C001492,4,0.01561700741,0.04400142066,0.01819590917,0.3503431408,0.01820207648,0.1404138031,0.01785515799,0.3953714844
C001493,1,0.08486752225,0.06179401804,0.02771923936,0.09245692082,0.1159180237,0.06199870419,0.01987198804,0.5353735836
C001497,4,0.1573420644,0.003621396007,0.01762914505,0.003161243011,0.00387711042,0.001503700849,0.003804665357,0.8090606749
C001498,0,0.1590277189,0.008576494676,0.008751665124,0.007947371764,0.06257288496,0.6935336233,0.008858255311,0.05073198603
C001499,0,0.001938890287,0.8851994468,0.002141454434,0.00194133189,0.00243187647,0.006010340367,0.05336360409,0.04697305566
C001500,3,0.004126791547,0.004462928018,0.1562237373,0.004053262912,0.004712575258,0.7793414899,0.004579217105,0.04249999795
C001501,3,0.7253063809,0.01704967912,0.01757993033,0.01587047015,0.01873835946,0.01666533013,0.0183564074,0.1704334425
C001503,3,0.002770536517,0.003082185216,0.002979704889,0.01082736219,0.004389742589,0.0108524438,0.00497917992,0.9601188449
C001504,2,0.9103064949,0.003428376187,0.003348126646,0.0390072744,0.003852436968,0.002706530509,0.003767856063,0.03358290432
C001506,2,0.008001490375,0.00890687697,0.007961528367,0.3615018679,0.01002397139,0.006993670934,0.4635003288,0.1331102653
C001509,4,0.007386537366,0.01752627446,0.04041372061,0.683068729,0.009151791703,0.007392800536,0.1738086619,0.06125148445
C001513,1,0.01068555304,0.7262230966,0.01089775114,0.01063883556,0.01431683112,0.0117305711,0.01456751043,0.200939851
C001514,3,0.008556255089,0.009859781859,0.204042156,0.6704384311,0.01069062183,0.009944745431,0.01005223141,0.07641577725
C001516,3,0.003358549355,0.003841728444,0.003780595667,0.00478885483,0.004525429071,0.004742863114,0.001744046867,0.9732179327
C001517,1,0.002348544512,0.2478004961,0.06722554189,0.002276365495,0.003483341716,0.6509874029,0.002820844243,0.02305746315
C001520,4,0.02826440898,0.5772251068,0.02959130227,0.02762007974,0.03148157831,0.02902772056,0.03141224982,0.2453775535
C001524,3,0.00467400291,0.7797355051,0.005159949065,0.1050877414,0.05652884363,0.004981192131,0.005245338435,0.03858742735
C001525,4,0.02684498395,0.2105625707,0.0269268356,0.02353113353,0.05537964448,0.02624443565,0.0285244346,0.6019859615
C001526,3,0.001996539661,0.9686003364,0.002144025926,0.001967659816,0.002167732083,0.002094275181,0.002082154801,0.01894727618
C001527,4,0.4403353615,0.1064022888,0.008115548058,0.008147028547,0.006240905712,0.2758365905,0.006015505539,0.1489067713
C001530,0,0.01150770525,0.01310375349,0.01295943321,0.5338836722,0.01250279713,0.01270695441,0.01250191096,0.3908337733
C001533,4,0.004006794059,0.08840729861,0.003970796047,0.3673775115,0.001476492382,0.4175816104,0.005275187163,0.1119043099
C001536,3,0.004082142098,0.004379076217,0.004497182206,0.004020497601,0.00542229476,0.8198281485,0.005164848554,0.1526058101
C001540,2,0.02631294361,0.1004780495,0.02573185289,0.3429017987,0.02882284834,0.02363618026,0.02835952772,0.423756799
C001548,3,0.003022655844,0.002083197253,0.893412723,0.001825907129,0.06552655369,0.002046339599,0.001898145447,0.03018447808
C001549,0,0.007421622796,0.007409340197,0.008071494082,0.8370453965,0.008893939874,0.008285593778,0.008909461339,0.1139631514
C001554,1,0.3723825809,0.0235038071,0.1522606617,0.01474327196,0.020917288,0.04706756461,0.02067481618,0.3484500096
C001555,0,0.009499210978,0.01138779326,0.06356929525,0.009551397952,0.0119174648,0.1079352666,0.01177746569,0.7743621054
C001560,4,0.005425171841,0.005717941875,0.7041237573,0.005268802986,0.005820594476,0.005678822371,0.2062839454,0.06168096378
C001561,0,0.02159671867,0.02326749806,0.02269638936,0.02117834799,0.02624838785,0.02314851029,0.02596037575,0.835903772
C001564,3,0.01308466717,0.01360654101,0.8258836783,0.01291657303,0.01483133364,0.01372318691,0.01411073774,0.0918432822
C001567,2,0.006910544092,0.4984379914,0.06748072346,0.006860787405,0.3090930517,0.005766278379,0.008074634382,0.09737598927
C001569,0,0.002372347588,0.1427832844,0.002567090628,0.002383124079,0.7363375181,0.00277540313,0.002846371799,0.1079348602
C001570,0,0.0698829676,0.3811832663,0.006757694886,0.006139048923,0.007230214551,0.4636559463,0.02623868592,0.03891217545
C001571,1,0.003531838316,0.09900495174,0.003640026599,0.02552322508,0.00462170661,0.4019762069,0.03723013304,0.4244719117
C001572,4,0.3482592332,0.02068165656,0.01883393408,0.281515928,0.0269970775,0.01997414256,0.02679295887,0.2569450692
C001574,1,0.007611453506,0.008469960489,0.007823041803,0.007645935673,0.009183774993,0.7474764744,0.009218423677,0.2025709355
C001575,0,0.002821706581,0.003479452054,0.003070427205,0.8746624564,0.003753443178,0.003485735654,0.003690129046,0.1050366499
C001576,2,0.003747864635,0.004306483276,0.003817655479,0.009073819677,0.01175435759,0.003246652499,0.004787380726,0.9592657861
C001577,4,0.01196772252,0.4204157864,0.0123737976,0.01266683005,0.05331876019,0.1347117946,0.04503565291,0.3095096558
C001578,0,0.01067051217,0.01558608249,0.01226753594,0.01094436819,0.01323119623,0.5577656337,0.01323118549,0.3663034858
C001581,2,0.02317460895,0.001108433687,0.003263646925,0.00322939009,0.003788239332,0.002807015338,0.003804241724,0.958824424
C001582,2,0.02720563871,0.7331816875,0.006581335282,0.00223210159,0.1795116421,0.00198226613,0.00131339039,0.04799193832
C001583,1,0.004795362918,0.005254678852,0.004786113962,0.004682846493,0.6762844482,0.00701863668,0.2233274809,0.07385043201
C001584,0,0.0258974445,0.02951874483,0.0287678497,0.02622422783,0.02957621091,0.02910483836,0.0874175643,0.7434931196
C001585,1,0.003395008837,0.03567049305,0.003379372281,0.003312458129,0.01955359662,0.6661747054,0.2183441713,0.0501701944
C001587,1,0.002339823289,0.002976647801,0.002381868955,0.007582552602,0.0048435342,0.002777796388,0.04515091962,0.9319468571
C001589,3,0.01164408644,0.01265118217,0.0936441405,0.6248190383,0.01515279683,0.01269138615,0.01972501485,0.2096723547
C001590,4,0.00135230228,0.001413066838,0.01575632886,0.9671383972,0.00145349903,0.001407063973,0.001449446538,0.01002989525
C001591,2,0.003200474986,0.003334623171,0.87258799,0.003252462837,0.02206909261,0.008281778137,0.003719187547,0.08355439067
C001592,1,0.01834887627,0.02086802485,0.01853404052,0.01860562951,0.09883145643,0.02018612149,0.4349308175,0.3696950334
C001593,4,0.02586298779,0.0269939247,0.5614188229,0.02488364301,0.02849083361,0.0264757815,0.0642050852,0.2416689213
C001594,4,0.01478301403,0.01528565609,0.54297649,0.01402445958,0.01698456685,0.01478722843,0.01703350475,0.3641250803
C001599,3,0.003407823787,0.003603132795,0.003848850852,0.004501582709,0.9391806302,0.003673865151,0.004050315717,0.03773379877
C001600,2,0.2453159518,0.009747947361,0.009837602339,0.3525360083,0.01083652065,0.008659084701,0.2904055629,0.07266132203
C001601,4,0.2899817386,0.07112745316,0.009085426115,0.008893664554,0.01017720528,0.009314497242,0.3802526192,0.2211673958
C001602,0,0.02508948782,0.02664865264,0.02591976088,0.02457633002,0.02620030407,0.02663040064,0.02606110232,0.8188739616
C001604,4,0.009568392196,0.5728905677,0.009546574446,0.009139773281,0.0112695023,0.005937308779,0.1171581745,0.2644897069
C001607,3,0.009356354759,0.7938327504,0.01043988784,0.009192595987,0.01064392025,0.009843538761,0.01025065231,0.1464402997
C001608,4,0.002837733864,0.839683681,0.002842201002,0.002758802697,0.003683239474,0.003058529917,0.003615002622,0.1415208094
C001613,2,0.037303669,0.01583647153,0.1658580599,0.0148521172,0.01646087543,0.1598729987,0.3501454719,0.2396703364
C001614,2,0.01505426191,0.0158112658,0.7876946454,0.01449223433,0.01749025584,0.01220332771,0.01722485298,0.120029156
C001615,1,0.001534025362,0.0018398033,0.9107042453,0.001548512558,0.02798347278,0.004747416783,0.0192328782,0.03240964573
C001616,3,0.006363312681,0.3495018537,0.006864324455,0.441216001,0.006873332686,0.0826298358,0.006519571263,0.1000317684
C001617,2,0.00324798685,0.00356615075,0.003230985154,0.7213241517,0.003490573755,0.04841405726,0.1588633616,0.05786273298
C001618,2,0.004479262705,0.6904493827,0.004592588802,0.0636239456,0.005762295396,0.003832948766,0.005765927393,0.2214936487
C001621,2,0.01065997253,0.007342176282,0.01060154444,0.01046903678,0.543956982,0.009075548882,0.1994955847,0.2083991544
C001624,1,0.7581679296,0.01037762975,0.009511916493,0.009345448549,0.01290018355,0.01011325583,0.01921989346,0.1703637428
C001625,0,0.3733414168,0.02265144828,0.03345754876,0.02026425439,0.02239871933,0.02242018625,0.02204908633,0.4834173399
C001626,3,0.01908033778,0.02011254409,0.1350409534,0.08181664864,0.02273846526,0.02007224478,0.0218259969,0.6793128091
C001627,0,0.01041996028,0.01235606831,0.01161583794,0.6105012822,0.04474224434,0.08633708217,0.01275591372,0.211271611
C001631,3,0.02380621987,0.02457137643,0.02658827105,0.02343706631,0.07236244403,0.02452406298,0.07402080965,0.7306897497
C001634,0,0.04616612909,0.003917359404,0.00364981353,0.7365353591,0.05216016588,0.003896303316,0.004008137657,0.149666732
C001635,2,0.1630730273,0.1507490638,0.01984119056,0.01959782875,0.02190039075,0.01589935911,0.3895044319,0.2194347078
C001639,2,0.0474197142,0.01984967437,0.0189806211,0.01790576727,0.5541852464,0.01583229243,0.03684228513,0.288984399
C001640,0,0.02490794219,0.1303789587,0.02687315103,0.2166933847,0.03077877985,0.1724390863,0.03028489306,0.3676438042
C001641,1,0.01978274442,0.02249290298,0.02009766952,0.01968376676,0.02711076987,0.02158115186,0.02683675282,0.8424142418
C001642,3,0.02800848162,0.0297210657,0.03081951235,0.02744995427,0.03226398784,0.02966214791,0.03039548539,0.7916793649
C001644,0,0.002601478953,0.003074651983,0.002876113444,0.001372928563,0.04983168126,0.005536395037,0.005020712887,0.9296860379
C001645,4,0.02127383777,0.2960401222,0.02147220895,0.02090169269,0.02329430001,0.3487901996,0.02319663964,0.2450309991
C001648,1,0.003254929449,0.004076747204,0.002332161621,0.003191438684,0.005500528429,0.8434209837,0.002814123237,0.1354090877
C001650,1,0.006511497889,0.01272929926,0.8824711753,0.006592637638,0.009145692931,0.007149080118,0.009278860569,0.06612175625
C001655,4,0.0023796542,0.002580351205,0.002363571461,0.06084398943,0.6959093066,0.00253542306,0.1331660188,0.1002216852
C001656,1,0.006709445078,0.5808806154,0.1642149484,0.006565588771,0.01077868822,0.1439374667,0.01094825084,0.07596499656
C001660,2,0.01190579707,0.01266028254,0.01202130274,0.5957047865,0.01430699364,0.009882358477,0.01439769665,0.3291207823
C001662,1,0.1046966544,0.004103657317,0.003710744579,0.003674879279,0.7530329813,0.03709384985,0.02344604327,0.07024119
C001664,1,0.00274564385,0.003203248258,0.002779081732,0.0027657467,0.920424963,0.007834335687,0.004246310916,0.05600066986
C001665,1,0.01247393316,0.01371966137,0.01240892566,0.01239382031,0.01754164226,0.7703691215,0.01757725849,0.1435156372
C001666,0,0.00299888832,0.003577358314,0.003268102742,0.01050049662,0.004485311886,0.003547648724,0.005472576224,0.9661496172
C001668,3,0.006296824342,0.006420343219,0.007006874914,0.6790867725,0.2240538913,0.006453694916,0.006725926693,0.06395567213
C001670,4,0.01127793092,0.4631849618,0.0897695451,0.03224307556,0.01363721807,0.06617872021,0.01349143598,0.3102171124
C001672,3,0.002415935512,0.002685698752,0.002656372619,0.8657410282,0.003169302847,0.002610911595,0.003062725684,0.1176580248
C001673,1,0.006825919815,0.007729853996,0.3067864824,0.006912500468,0.009549072997,0.007555095471,0.5900742198,0.06456685503
C001674,0,0.00290767613,0.003343108863,0.01159734501,0.5845415559,0.147224402,0.003391665161,0.1184285527,0.1285656943
C001676,2,0.01391553474,0.01457488779,0.01434170941,0.01162702363,0.01643119896,0.2679585464,0.5529319977,0.1082191014
C001678,3,0.01323243887,0.7961863007,0.01476492041,0.01303999909,0.01503030515,0.01384321478,0.01456085397,0.119341967
C001680,1,0.06861461611,0.3966752648,0.008871616671,0.008536576591,0.01310591818,0.009541847705,0.05854299901,0.4361111609
C001681,3,0.01322128871,0.09900818503,0.01457983471,0.01300732477,0.01433152724,0.01380973161,0.4235273384,0.4085147695
C001682,3,0.02237055755,0.02384261561,0.02551580326,0.0285887875,0.02669720204,0.02395219337,0.02540652983,0.8236263108
C001686,4,0.002112431773,0.002405857884,0.062278688,0.002075965433,0.8200626838,0.002321845603,0.01507731068,0.09366521678
C001692,0,0.01075111928,0.01253502458,0.0119320713,0.01089903108,0.009440960534,0.8582766344,0.01335802889,0.07280712993
C001695,0,0.007388912853,0.009101513762,0.009096109388,0.05765655637,0.09442772481,0.008945623383,0.05106579874,0.7623177607
C001697,2,0.002908151489,0.003263940626,0.005924198015,0.01160220797,0.003507607476,0.006452041481,0.003504548351,0.9628373046
C001699,3,0.005342610729,0.009786896097,0.03697448943,0.01990145726,0.04197707687,0.02576106503,0.07161917494,0.7886372297
C001700,2,0.02402464816,0.02551408279,0.0555446564,0.0239919385,0.03042400171,0.02086121864,0.02994016459,0.7896992892
C001703,4,0.00292071749,0.003140991225,0.8763174794,0.002826646809,0.003419988585,0.003025651217,0.003398232103,0.1049502932
C001704,0,0.01432516369,0.04143119302,0.01573142855,0.6003220772,0.148031801,0.01600832624,0.008109844864,0.1560401654
C001705,4,0.2164910911,0.01027615634,0.009578844142,0.08824994748,0.01065082189,0.009820557517,0.4441409861,0.2107915954
C001706,1,0.7898405437,0.006383554376,0.1214830706,0.006218013795,0.008764815754,0.006474797491,0.008650278831,0.05218492548
C001707,4,0.001725865955,0.706552407,0.00170618845,0.001663091016,0.2700022158,0.001786058134,0.001845731899,0.0147184418
C001708,0,0.01168114037,0.0137095844,0.03430662154,0.4966727245,0.0140683558,0.1399782188,0.01387929165,0.2757040629
C001710,3,0.01335421566,0.01739527831,0.5570028613,0.01308693172,0.01597490725,0.0144479767,0.01644531134,0.3522925177
C001712,0,0.00204967516,0.00238223967,0.3876369955,0.5571164182,0.004811324997,0.002347379352,0.002626758241,0.04102920891
C001713,4,0.02173748009,0.00376075155,0.02901469812,0.003386887783,0.03694971027,0.003707925996,0.008097394635,0.8933451516
C001715,1,0.098102603,0.6554669644,0.002394781087,0.002389361074,0.04802704436,0.1566466385,0.003180537847,0.03379206977
C001717,3,0.7721188436,0.006569346517,0.00653690936,0.005801751969,0.007935984327,0.006510292649,0.00748177631,0.1870450952
C001718,1,0.0062743293,0.07350030043,0.0136870888,0.6753343549,0.09202180899,0.006995108314,0.008317495539,0.1238695137
C001719,0,0.008105887055,0.8507776511,0.009134641151,0.008202682935,0.009209854659,0.009153327679,0.009057157649,0.0963587978
C001720,4,0.005780690462,0.005367864919,0.007031892425,0.005774081871,0.09196068598,0.00611952315,0.006960901294,0.8710043599
C001721,4,0.004188685878,0.004171789975,0.004159642218,0.004054594707,0.004480352452,0.004166506936,0.9301401803,0.04463824756
C001723,4,0.01829838724,0.01918811012,0.01852784174,0.01812898833,0.01957691522,0.01907171135,0.7181289562,0.1690790898
C001724,3,0.007090495747,0.8340470424,0.007928027321,0.006908597787,0.008579213773,0.007760244127,0.008207202917,0.119479176
C001732,1,0.005155804774,0.008811359064,0.01413128106,0.005045494172,0.01524096552,0.005743676532,0.007790841093,0.9380805778
C001734,2,0.3374868056,0.01943464744,0.01804275295,0.01772796859,0.02214240143,0.01495512114,0.02206956568,0.5481407372
C001735,2,0.1292905832,0.3260651477,0.006632401578,0.007776596766,0.1634675046,0.005819416577,0.2593696922,0.1015786575
C001736,3,0.03226799587,0.03323317814,0.03498742154,0.03214035987,0.1779501835,0.05064756057,0.02917370115,0.6095995994
C001737,3,0.2340926259,0.5380092076,0.09005148094,0.05632956128,0.007250385861,0.006899741287,0.007013433731,0.06035356338
C001740,0,0.7305729368,0.02461943108,0.02270237033,0.02086503069,0.02039608688,0.02354759328,0.01987953788,0.1374170131
C001742,0,0.01536906096,0.06209351961,0.01603160133,0.07289571101,0.01604173415,0.6919801479,0.01577816587,0.1098100592
C001744,4,0.009041959605,0.003394035618,0.3146504181,0.008715252844,0.0110916492,0.2904140168,0.1278627415,0.2348299263
C001749,0,0.4286302783,0.003329521637,0.001909929625,0.09715193405,0.006608777769,0.00329321146,0.386023906,0.07305244115
C001751,1,0.003721083583,0.004679981083,0.01901896795,0.003603026164,0.01709469947,0.00415085951,0.04972359094,0.8980077913
C001753,0,0.011980241,0.01381662846,0.02141768066,0.01217236567,0.01464472724,0.7713581721,0.01440516289,0.1402050219
C001755,0,0.01822312432,0.02054536981,0.02012634316,0.0182464436,0.01668763731,0.02025781271,0.7070785505,0.1788347186
C001757,0,0.713390288,0.00303661446,0.002867672936,0.002760308787,0.05197237087,0.003001782679,0.1869143631,0.03605659916
C001758,1,0.839030063,0.009519668266,0.01256100367,0.008332952464,0.01119453702,0.01286014785,0.01125209571,0.09524953204
C001760,2,0.02965123106,0.03105960684,0.03146781983,0.030260839,0.03448374407,0.02709138393,0.03468690666,0.7812984686
C001762,1,0.03356747901,0.00377090094,0.02122958235,0.002858397982,0.00451817716,0.003361715189,0.004556151172,0.9261375962
C001765,1,0.04101950203,0.0479993488,0.02370139596,0.03077199853,0.2093245776,0.05446075254,0.03812012376,0.5546023008
C001766,3,0.003918233381,0.01936167218,0.004367088716,0.003867913157,0.005307620915,0.1018122557,0.005103937063,0.8562612788
C001768,2,0.02684257177,0.02941953653,0.02943273904,0.02664400473,0.2019369041,0.02413561862,0.04210396246,0.6194846628
C001772,1,0.08850493826,0.006562145046,0.006096430425,0.0168271672,0.7761634642,0.006405320695,0.009382002133,0.09005853203
C001773,4,0.4829358624,0.03069878371,0.03021335367,0.02963021288,0.03192784521,0.03069213482,0.03197520084,0.3319266064
C001778,3,0.02005833291,0.03902997251,0.1738929937,0.02264509905,0.02821089377,0.4302685828,0.02897470588,0.2569194194
C001779,3,0.004951929455,0.5358713601,0.005709423479,0.1252646606,0.005973297003,0.2224714448,0.005573468703,0.09418441587
C001785,4,0.01686416917,0.01742673928,0.01692282739,0.01623226191,0.7140852595,0.01707574051,0.05027996824,0.151113034
C001787,1,0.08074317834,0.01459743538,0.004424830007,0.01322260856,0.006678664888,0.8024331894,0.006585278692,0.0713148147
C001788,4,0.7873408609,0.01205033867,0.004748415337,0.004621981013,0.005736669402,0.005081264086,0.005675367132,0.1747451035
C001789,2,0.8303480088,0.005405560726,0.004966145435,0.004823301179,0.005710380564,0.004306336092,0.005607620602,0.1388326466
C001791,2,0.004979424532,0.005375013091,0.005436522504,0.9040330595,0.006426801894,0.004511183558,0.00649923689,0.06273875802
C001792,2,0.01743529488,0.01817406616,0.01728567194,0.01725159205,0.02197249403,0.7232661722,0.02154120663,0.1630735021
C001793,4,0.2045385014,0.01376099577,0.01304204084,0.01276820514,0.07999668716,0.37474471,0.01355358503,0.2875952746
C001794,2,0.07492759885,0.008875484092,0.1164609843,0.06354001877,0.006632921176,0.4035006659,0.2713025102,0.0547598168
C001795,2,0.01066761281,0.01097785558,0.01540004793,0.0091526519,0.01147503898,0.009119185231,0.8376508816,0.09555672596
C001797,2,0.01170778836,0.01221036742,0.01126432641,0.4236715097,0.01093594118,0.0336507584,0.01118846963,0.4853708389
C001799,0,0.002731682885,0.00326117968,0.003037643326,0.01851509358,0.009038314396,0.06277343432,0.748322641,0.1523200108
C001801,4,0.006403280961,0.0120408421,0.01083190208,0.0100064478,0.1315606007,0.06394697519,0.01788045095,0.7473295002
C001802,4,0.003886473488,0.004076934776,0.001555556747,0.00386463781,0.009579026563,0.003998916923,0.008015488566,0.9650229651
C001806,1,0.002099940165,0.002333648496,0.002818741945,0.002123711609,0.9573688256,0.002320165006,0.003030934697,0.02790403245
C001809,0,0.3679328164,0.2526604158,0.008732050115,0.05043225663,0.00833588077,0.2335949115,0.008155588154,0.07015608067
C001810,3,0.008382780504,0.03777880328,0.009775909016,0.03411761645,0.2150433965,0.06161246842,0.09156804271,0.5417209831
C001813,0,0.009093723284,0.01034428612,0.3469727453,0.009132392431,0.01043360545,0.2286611749,0.3118304013,0.07353167124
C001815,1,0.002979713386,0.8924128008,0.002964769178,0.002933400455,0.004385303399,0.003254819831,0.004345262664,0.08672393032
C001817,2,0.01816433626,0.007509398407,0.007666614595,0.007389068072,0.5820708717,0.005791047169,0.3122729455,0.05913571838
C001818,1,0.004266586234,0.2024282192,0.5054790182,0.004197706645,0.00635087616,0.00468276564,0.2219643839,0.05063044401
C001820,0,0.01314837983,0.01398844345,0.8185668005,0.01305509,0.01398998647,0.01390402505,0.01414326312,0.09920401163
C001824,4,0.1361516671,0.005833281836,0.6822869058,0.005031123733,0.006238916453,0.005561805616,0.006114817698,0.1527814818
C001826,1,0.01227810795,0.01338026711,0.01234454703,0.01214365599,0.02969892778,0.01327067045,0.7494887655,0.1573950581
C001827,1,0.008906615461,0.8063135576,0.009017957303,0.008945931236,0.03039669198,0.009819839024,0.02505895802,0.1015404494
C001832,1,0.1657650295,0.009185232283,0.1519299758,0.007080900394,0.05333390478,0.007969686167,0.4393272683,0.1654080028
C001834,1,0.01939396073,0.009567687235,0.008671870359,0.8245634741,0.01276718817,0.009274053476,0.01292487822,0.1028368877
C001838,3,0.006848598244,0.6607518947,0.007671936093,0.006823185826,0.1394113231,0.007170309794,0.1085525409,0.0627702114
C001840,3,0.01050622481,0.02400009572,0.005283480273,0.003282211191,0.003381049162,0.008602275244,0.008724883709,0.9362197799
C001841,3,0.002498756701,0.002798204569,0.002987360324,0.002464559746,0.8799958458,0.00278314585,0.0030231896,0.1034489374
C001843,1,0.005708087567,0.006650267116,0.005759961173,0.02883407671,0.01055500368,0.07309529536,0.7698940796,0.09950322884
C001844,4,0.08605251301,0.1812746269,0.00896922478,0.3096817489,0.009227137575,0.008764456046,0.3302392344,0.06579105843
C001846,3,0.00876976823,0.009138871778,0.4975580308,0.008779391534,0.01019786644,0.2680709525,0.009590280436,0.1878948383
C001848,1,0.04356650431,0.006057243664,0.001133179597,0.001117203261,0.9350120896,0.001212238043,0.001630244097,0.01027129746
C001849,0,0.02241366475,0.02367358386,0.02394621059,0.02223022733,0.02381010728,0.02337368529,0.02354936454,0.8370031563
C001850,4,0.4362845103,0.0134639435,0.01293427053,0.0125154827,0.01417896285,0.3633065943,0.01414646964,0.1331697662
C001851,2,0.456205504,0.01167709669,0.0110490238,0.01084570434,0.01297597451,0.009394959976,0.4105605249,0.07729121173
C001854,1,0.003187927322,0.7368480812,0.003176094569,0.003040690448,0.0133925134,0.003593415775,0.004451064468,0.2323102128
C001855,2,0.01347062278,0.06970104677,0.08418935127,0.05422406106,0.05276617192,0.04380402487,0.3800379073,0.301806814
C001856,2,0.813852792,0.004586307174,0.004420471859,0.003566294437,0.004649386523,0.003710728126,0.004683706026,0.1605303139
C001857,3,0.002553247932,0.03091375888,0.002702875914,0.02251685521,0.133724074,0.002839540708,0.7688280169,0.03592163046
C001859,4,0.2508227693,0.02059526892,0.1058197113,0.01921903184,0.2914225717,0.02510031999,0.02545923107,0.2615610959
C001860,3,0.01420074519,0.01466845845,0.0156373885,0.01392787193,0.7760048303,0.01475562226,0.01540430611,0.1354007773
C001863,3,0.01397730879,0.05728164066,0.0156325932,0.5009718047,0.01783475306,0.02312586418,0.01664557324,0.3545304621
C001864,4,0.01914236289,0.02199557525,0.2505601201,0.01869955798,0.06847139641,0.02008534203,0.02376073871,0.5772849067
C001866,0,0.157802241,0.02051190559,0.02770957244,0.02522790143,0.02796982302,0.02760715908,0.02762101546,0.685550382
C001867,2,0.01665122166,0.004044842477,0.003476666787,0.005954071242,0.004474290603,0.008640328802,0.002600923857,0.9541576546
C001871,0,0.01965777603,0.02246154637,0.02190090935,0.01981694725,0.02060127092,0.02226173438,0.02073874724,0.8525610685
C001873,3,0.1549399587,0.02794950784,0.02997306698,0.02600906397,0.0312586725,0.02804678561,0.03029039536,0.671532549
C001875,1,0.003816961215,0.004190177042,0.6776278476,0.003800054459,0.218971225,0.004175437185,0.005512922185,0.08190537538
C001879,2,0.03824892096,0.1380743756,0.5545491957,0.1195959005,0.01286990665,0.01156338449,0.02203569786,0.1030626183
C001880,1,0.002763349746,0.003337056919,0.00280522837,0.001531284744,0.01428851377,0.02915632211,0.01132608502,0.9347921593
C001881,3,0.002426671212,0.002707419732,0.07129920348,0.002398886528,0.003257519366,0.002627830663,0.8651430732,0.05013939578
C001884,4,0.007138900085,0.007400473768,0.4241133575,0.4761679137,0.008143359811,0.007294251857,0.007856892318,0.061884851
C001886,2,0.007851057234,0.8645772659,0.007940085146,0.007625016446,0.03246425754,0.006527537334,0.009466737018,0.06354804343
C001891,1,0.005876476612,0.4894333879,0.08791530099,0.2606741324,0.008116539663,0.01165406673,0.00796307654,0.1283670191
C001893,4,0.01159343003,0.01216376678,0.01140414491,0.8183049154,0.01226293926,0.01212055041,0.01223924699,0.1099110062
C001894,1,0.8626675998,0.008515333902,0.007798296732,0.005635219256,0.01084949969,0.009035410994,0.01088067057,0.08461796901
C001896,1,0.376373547,0.3726503679,0.008159475132,0.007994208183,0.01199887276,0.03783143077,0.08139518311,0.1035969151
C001897,1,0.02963713325,0.07978405888,0.1084049524,0.02913238867,0.043937615,0.03271869806,0.09801384467,0.5783713091
C001898,0,0.01122126782,0.4630660039,0.00783430801,0.007260049689,0.1106046875,0.007780554629,0.3324602986,0.05977282981
C001900,3,0.002899688043,0.7698831746,0.03641513762,0.002928614048,0.1098024034,0.003221411154,0.003563468688,0.0712861025
C001903,3,0.02813281366,0.585159643,0.004726296311,0.2809657365,0.00533365212,0.004837779081,0.005210009201,0.0856340701
C001904,0,0.3127284316,0.01090437312,0.3193517952,0.009453052861,0.01541256109,0.1014230958,0.01619846882,0.2145282214
C001909,0,0.005610133563,0.0060333471,0.8092761621,0.005624201805,0.005978948434,0.005848669842,0.005976611322,0.1556519259
C001911,3,0.748792947,0.1538063913,0.004647303606,0.004405005153,0.004899595391,0.004540472674,0.04994661424,0.0289616706
C001914,0,0.01675474769,0.01877422384,0.4993586802,0.1056648524,0.02005022131,0.01853390267,0.1554241825,0.1654391893
C001921,4,0.001798379131,0.002684841155,0.002318565823,0.003747248365,0.001715463003,0.002429381406,0.003452496937,0.9818536242
C001922,0,0.006038099758,0.007128746417,0.1524864746,0.7285545927,0.04571825467,0.006999835515,0.007536285819,0.04553771054
C001923,2,0.02190096714,0.02404821881,0.02310972753,0.02164345845,0.2390695902,0.01843314269,0.3543604881,0.2974344071
C001928,2,0.02661793089,0.02832331485,0.02811564187,0.01780892291,0.02986877048,0.02416816894,0.02967683229,0.8154204178
C001929,1,0.01104446403,0.01226139454,0.01113863198,0.0109092484,0.3706435621,0.01186871793,0.2004161928,0.3717177882
C001930,0,0.01007726253,0.07642161015,0.7364800005,0.01575985456,0.01886003208,0.01774148465,0.01990096506,0.1047587905
C001931,1,0.01764706292,0.01974436364,0.05395773591,0.01773003477,0.02552165178,0.01953938573,0.04018322962,0.8056765356
C001932,2,0.2094665046,0.01507129081,0.01422618917,0.02513556237,0.01546396717,0.4089456196,0.01554553547,0.2961453308
C001933,1,0.003392774712,0.04826677314,0.003396395952,0.04136543669,0.004181216886,0.5447231742,0.2086652871,0.1460089413
C001934,1,0.004160211548,0.01906098289,0.002231578502,0.004007701656,0.01047140027,0.004520187875,0.005863175621,0.9496847616
C001935,4,0.005546500518,0.005847080869,0.005573228402,0.005457405075,0.2335872922,0.005728515384,0.6951912716,0.04306870591
C001937,1,0.004811405072,0.005438321423,0.5903939819,0.004868871142,0.3323338092,0.005441161574,0.00646445117,0.05024799846
C001939,4,0.02390915887,0.02462855379,0.02389059154,0.02265293929,0.02726083994,0.02429972991,0.02685652198,0.8265016647
C001940,0,0.003789598872,0.004468010424,0.00422505317,0.5859226841,0.004808420879,0.00447402282,0.3118386033,0.08047360644
C001942,1,0.005018597495,0.5134358293,0.2610497925,0.004926882483,0.1047887579,0.005443396252,0.006147415859,0.09918932829
C001943,4,0.003638307272,0.2286728692,0.4830167771,0.003519738115,0.004248739499,0.003785979196,0.004188691708,0.2689288979
C001947,4,0.03596828505,0.03727062699,0.1489861032,0.03512065703,0.1925953035,0.03647567435,0.03993872893,0.4736446209
C001948,1,0.007001504656,0.2203424698,0.15600915,0.006984973952,0.01792557431,0.008126962174,0.1362094828,0.4473998822
C001949,0,0.2591638503,0.1350088899,0.4255880012,0.06881548653,0.01163250977,0.01144315157,0.01151777402,0.07683033672
C001950,0,0.005616113287,0.06145813142,0.03984958582,0.005562565992,0.006716614386,0.6269268042,0.006636201836,0.2472339831
C001951,1,0.009867286533,0.1314819937,0.0512892651,0.009878482692,0.6676355225,0.01068804287,0.01309097102,0.1060684357
C001952,3,0.007448241381,0.008344369129,0.008412713228,0.186753942,0.00996737033,0.07503407656,0.009451771992,0.6945875154
C001953,3,0.03245174929,0.2104590881,0.01917549706,0.01664636775,0.02074528764,0.01822966227,0.01995918743,0.6623331605
C001955,3,0.03623019751,0.008212641477,0.007677933254,0.007136850754,0.5540146085,0.216723711,0.00964313036,0.1603609272
C001956,3,0.01769613759,0.02625814442,0.08965924161,0.1053467035,0.01935133405,0.01874529326,0.01263809489,0.7103050507
C001958,2,0.151004473,0.06279200298,0.008276582422,0.01000262027,0.4814154439,0.1396857895,0.01098198787,0.1358411001
C001960,3,0.01180273473,0.01242916801,0.2540160034,0.594101556,0.01424488824,0.01259960267,0.01375343882,0.08705260807
C001962,3,0.002887490461,0.005884132787,0.01267268995,0.004290956081,0.005587409967,0.004922361312,0.005504123928,0.9582508355
C001964,1,0.008856580153,0.009944578894,0.00873804675,0.008923482368,0.01363028437,0.009835093541,0.8283256816,0.1117462524
C001965,2,0.7274411693,0.005283444413,0.005266471491,0.1647672845,0.005840661528,0.004699779633,0.00586285217,0.08083833695
C001966,2,0.005492844089,0.00601633974,0.005592955025,0.005372588052,0.7512584348,0.004597975872,0.00648187489,0.2151869876
C001968,1,0.009034066616,0.01101840642,0.05139510025,0.01395280894,0.01918437874,0.01027061426,0.130552724,0.7545919008
C001970,3,0.013178063,0.01343902673,0.01284610224,0.06206731968,0.1527879578,0.01770507735,0.461017175,0.2669592782
C001973,4,0.01289232235,0.01349296912,0.01302928365,0.8118017083,0.01368461273,0.01341356549,0.01372465744,0.1079608809
C001974,3,0.01529965654,0.01672773089,0.01657625377,0.08718667779,0.01858856808,0.5489925253,0.01762224462,0.279006343
C001975,4,0.001961823212,0.03019607373,0.003922508554,0.02963127928,0.00282815028,0.005350298922,0.002104034958,0.9240058311
C001978,3,0.003562754309,0.003801632323,0.8743901778,0.003506409572,0.004170468654,0.0786627938,0.004041241247,0.0278645223
C001983,0,0.001672793003,0.001992275197,0.001858256656,0.001688900732,0.7233715731,0.2417594013,0.002247951685,0.0254088483
C001984,3,0.009460421591,0.8268817304,0.01021027352,0.009316992614,0.009930329769,0.009584923091,0.008917480801,0.1156978482
C001987,3,0.006866600907,0.008762793654,0.008923316992,0.4405556783,0.01027961672,0.008522299791,0.004683759953,0.5114059337
C001993,0,0.002689021423,0.003415390356,0.003093132042,0.05364596176,0.004947525493,0.003419498696,0.004437946008,0.9243515242
C001994,1,0.003279181972,0.003589957591,0.003317954268,0.9157088276,0.004268887366,0.003581783707,0.004242774532,0.06201063298
C001995,0,0.03120702222,0.04592095856,0.02922845651,0.006943657638,0.6451694674,0.006251879631,0.04878020303,0.1864983551
C001996,1,0.02413090881,0.001521466075,0.2789332977,0.001291923486,0.00105769798,0.00143629616,0.664760146,0.02686826376
C001997,3,0.09019488823,0.007088238517,0.006881893643,0.006288403164,0.5951524572,0.007059927185,0.01245956597,0.2748746261
C002000,2,0.6724538072,0.007636639873,0.007473281737,0.007015695347,0.008113256349,0.006347613365,0.008106027418,0.2828536788
C002002,3,0.008493676747,0.003429996476,0.005395423594,0.05155902636,0.008888771931,0.005096364481,0.005583452049,0.9115532884
C002003,1,0.02336256693,0.02645059766,0.02414147573,0.0236451264,0.03028193233,0.02632981165,0.02485640625,0.8209320831
C002004,3,0.001672274596,0.001854383895,0.03069589286,0.031080914,0.9002773743,0.00186054438,0.002094993994,0.03046362193
C002005,2,0.003116527242,0.003315341534,0.05380756236,0.003009088813,0.007056578843,0.847243355,0.02036581951,0.06208572671
C002008,3,0.006532407467,0.09157744702,0.19552418,0.006489605924,0.6036323134,0.006883502975,0.02402075758,0.06533978567
C002010,3,0.003464952778,0.003657770242,0.5842692134,0.003286649144,0.1903028538,0.1293607434,0.003970061698,0.08168775552
C002012,1,0.0196535386,0.02217770747,0.01270977673,0.0197122891,0.02707000099,0.02198024955,0.02756781122,0.8491286263
C002013,3,0.5729029847,0.01096221169,0.06062576239,0.01001639993,0.0304768796,0.2013000251,0.01138381582,0.1023319207
C002014,4,0.009729498179,0.3696852416,0.4561566601,0.005829493931,0.01092539292,0.04131853393,0.01062386762,0.09573131174
C002015,2,0.6340449156,0.003966296007,0.1266165952,0.003740384627,0.04553860315,0.003360683961,0.1417211247,0.04101139676
C002020,3,0.01478217467,0.3865280165,0.01559963656,0.05363799695,0.1360048177,0.01648766527,0.02451819774,0.3524414946
C002021,1,0.4583914827,0.01020363518,0.007988056983,0.162419453,0.0118807423,0.008901602616,0.05380474146,0.2864102858
C002022,2,0.1938098079,0.01608092326,0.01491144998,0.01455821973,0.06394784455,0.01308347349,0.2758509379,0.4077573432
C002024,1,0.004708904066,0.06750585512,0.004619822471,0.4910878938,0.239811074,0.1135510738,0.006784322018,0.07193105479
C002025,4,0.003136876327,0.3340916075,0.003091192475,0.03172274525,0.008079875037,0.5392913331,0.003540826045,0.07704554426
C002026,1,0.004465021578,0.005120383669,0.007750127566,0.007515908193,0.005888884856,0.001558513658,0.04791596369,0.9197851968
C002028,1,0.0102702421,0.08151512329,0.06588094503,0.02044909374,0.3231028215,0.04961570578,0.01585857163,0.433307497
C002031,1,0.004508567172,0.00658224659,0.005239838054,0.01766651185,0.009459154335,0.00593890018,0.5918965214,0.3587082604
C002033,3,0.001678412937,0.2077371233,0.7617968159,0.001653947324,0.001792482198,0.001774933255,0.001704880622,0.02186140449
C002037,3,0.01184031241,0.3739948187,0.01316582249,0.01290241855,0.4614909659,0.01285602508,0.0140919551,0.09965768171
C002039,3,0.003112949459,0.003314497977,0.003430487107,0.003046939721,0.9451303944,0.003374563427,0.003516619299,0.03507354859
C002040,3,0.01541037371,0.1361439859,0.004128943959,0.003872848941,0.7178247364,0.004097710137,0.004970643252,0.1135507577
C002041,3,0.2439096386,0.001987265027,0.002001506744,0.6487582534,0.0513707792,0.001953542969,0.01778356326,0.03223545084
C002042,1,0.008894517798,0.01002886771,0.2315485661,0.008980831847,0.01242923086,0.6254678506,0.01248419037,0.09016594474
C002044,2,0.002695831443,0.003067757,0.002671849256,0.8952007564,0.003355897974,0.002261818797,0.003332805132,0.08741328401
C002045,2,0.0125455406,0.01397241683,0.01320827036,0.7915357874,0.01566509433,0.01091316303,0.01491936538,0.127240362
C002046,3,0.02495129751,0.04111288606,0.02880490795,0.02471777648,0.03019986167,0.0270749587,0.02899118613,0.7941471255
C002049,4,0.006541716866,0.4254798952,0.006407983191,0.006394916762,0.006870962527,0.006672181374,0.4882599062,0.05337243789
C002050,2,0.2633192308,0.02841523339,0.02595436591,0.02568094628,0.03097144891,0.02255693423,0.03081665123,0.5722851892
C002051,2,0.02623753063,0.05352772823,0.1948513038,0.02715024697,0.1034822311,0.02662394571,0.05736013537,0.5107668781
C002053,4,0.008913953029,0.009940825647,0.008897675854,0.009125516236,0.120195483,0.01088141625,0.0874006635,0.7446444665
C002056,1,0.004519623222,0.004956512371,0.004548211709,0.004497597943,0.90188174,0.004925840147,0.005606232486,0.06906424214
C002057,4,0.003861266193,0.004137029401,0.01350160135,0.003881743387,0.9360862448,0.004027169198,0.004670554368,0.02983439128
C002061,3,0.002982383007,0.003101572997,0.07727505374,0.002943522174,0.3104421843,0.5804770001,0.002909183345,0.01986910038
C002064,3,0.4575313704,0.008852695508,0.009304928763,0.01193341917,0.01530601899,0.008821144469,0.3463565652,0.1418938574
C002067,0,0.7928759105,0.003892156709,0.063223353,0.01062720271,0.006453732893,0.00385209846,0.006338758938,0.1127367868
C002068,0,0.004443043776,0.005164467722,0.004898964573,0.004483517523,0.01010372147,0.00831518751,0.006466988343,0.9561241091
C002069,2,0.8117726728,0.005504157874,0.03921443567,0.004943713212,0.00619087187,0.08206319702,0.006049849629,0.0442611019
C002072,1,0.2440826895,0.6476940188,0.005136495354,0.004998296668,0.006838902497,0.005713714599,0.00704308934,0.07849279329
C002074,2,0.01613448369,0.01857233468,0.07476102807,0.3102914143,0.2956441118,0.01422495164,0.01926862485,0.2511030509
C002075,2,0.01188179859,0.01249576899,0.01237834833,0.01186163116,0.1570054083,0.02631113341,0.6260519474,0.1420139639
C002076,3,0.004211885491,0.02230525227,0.01138392733,0.001589235229,0.001938789281,0.001787764722,0.9240076763,0.03277546942
C002078,4,0.2007779834,0.007061634293,0.6270518892,0.001778014529,0.009160766089,0.006745234765,0.04121285516,0.1062116225
C002079,2,0.003274999607,0.01480360212,0.08167230333,0.003270328391,0.003167704253,0.003650294498,0.8287291111,0.06143165669
C002081,1,0.001113194455,0.001257235786,0.9068678946,0.001120386045,0.07411661076,0.001232850139,0.001487261223,0.012804567
C002082,2,0.02462828006,0.02624435098,0.04350772402,0.02486205991,0.02805338705,0.02189034601,0.02757503713,0.8032388148
C002084,0,0.03157740566,0.007027140644,0.005658072292,0.3471678867,0.257969036,0.30094961,0.007897557704,0.04175329097
C002085,0,0.01930633721,0.008117932819,0.02155439021,0.0510099106,0.02235945463,0.0217444529,0.09680223799,0.7591052837
C002086,0,0.1083222745,0.7901932781,0.03787053816,0.00294313111,0.003776767181,0.003417546043,0.003857730851,0.04961873407
C002088,0,0.3896406376,0.01608619463,0.02935630468,0.1177180565,0.0560085345,0.01554161582,0.1656480803,0.210000576
C002089,4,0.003551050119,0.003667363997,0.003511908873,0.003401902064,0.8636280045,0.003569590797,0.003864083787,0.1148060959
C002091,4,0.001779460303,0.8046813857,0.03996868942,0.03685613653,0.1014001813,0.001848225861,0.001874020464,0.01159190039
C002094,4,0.009284413263,0.009499762102,0.009478764915,0.2299032015,0.3662232577,0.009379910818,0.240875189,0.1253555008
C002095,1,0.01992651728,0.02267106917,0.02073814652,0.02003534106,0.0268584661,0.01716483202,0.02697521356,0.8456304143
C002097,4,0.01894466933,0.01955723886,0.01922422857,0.018539171,0.7287139557,0.0194937015,0.02066576023,0.1548612748
C002098,3,0.004233132154,0.004433684978,0.004710183304,0.00416597149,0.002993229005,0.9353655281,0.002882981528,0.04121528943
C002100,4,0.004933866902,0.005392679378,0.004877717737,0.8464240477,0.006016825977,0.01092837237,0.005937002207,0.1154894877
C002101,1,0.01116073571,0.01304610634,0.03683288348,0.1972139281,0.4108306341,0.0128482086,0.01698315501,0.3010843487
C002103,3,0.002350238326,0.002512869453,0.02800385416,0.002317715438,0.04486411169,0.002511030106,0.9002267665,0.01721341435
C002104,2,0.03106829962,0.0354755546,0.03165295879,0.03135335134,0.1312505438,0.02772733495,0.03705191621,0.6744200407
C002108,2,0.009995077665,0.1405953076,0.7085302589,0.009799015431,0.01170740093,0.008618135956,0.01156880754,0.09918599595
C002111,1,0.009900752673,0.01195711422,0.01024984044,0.009279893561,0.09024449381,0.02083188392,0.06107101631,0.7864650051
C002113,4,0.01883927512,0.02763133209,0.426050353,0.02174380249,0.06738952413,0.02309680984,0.2335202678,0.1817286356
C002115,2,0.02871770999,0.03044214975,0.03026770768,0.02817471758,0.03426275477,0.02589759974,0.03436505018,0.7878723103
C002116,3,0.3039202836,0.006405103587,0.4797884536,0.01328960995,0.004723132535,0.06419727926,0.004790957232,0.1228851803
C002117,3,0.4476294355,0.0208952182,0.008645855176,0.006879564362,0.009323779135,0.4053293941,0.009572500423,0.0917242531
C002118,1,0.007201880168,0.007778602331,0.007215140499,0.007207236484,0.881069535,0.007875584818,0.01065154069,0.07100047996
C002119,1,0.02024022448,0.002885415939,0.8649986816,0.05909841168,0.003406327459,0.002809092664,0.003416644993,0.04314520114
C002121,3,0.6350233655,0.005045596027,0.005228937842,0.215142763,0.005545114605,0.08765651904,0.005342650219,0.0410150537
C002122,1,0.869100907,0.006876253712,0.0241903911,0.0167789373,0.007788085532,0.006829865025,0.01470614805,0.05372941232
C002124,0,0.027291489,0.03045344696,0.03090723104,0.02742908368,0.01101444759,0.04916237125,0.01252058708,0.8112213434
C002126,2,0.3429712034,0.006627848061,0.006317187584,0.4843954372,0.1017659997,0.005220082617,0.007516580462,0.04518566108
C002127,4,0.009883036747,0.00399184426,0.003735992192,0.9340012241,0.004262837632,0.003911195663,0.004181063181,0.03603280622
C002128,3,0.02704170778,0.02869627169,0.03048827813,0.02649633817,0.03017321306,0.02863963295,0.02871858364,0.7997459746
C002129,1,0.006093133695,0.006693736276,0.006057089883,0.007906654497,0.677562544,0.007142823414,0.009657815354,0.2788862029
C002134,3,0.00190744999,0.002700012981,0.002577189985,0.00651256036,0.003116823773,0.8832151726,0.003208055679,0.09676273467
C002136,4,0.01093806114,0.0112220703,0.01068645674,0.01061945802,0.01149305641,0.6521207168,0.1844512468,0.1084689337
C002138,3,0.5412226773,0.00676910912,0.00691288087,0.006149993214,0.00679147094,0.381817364,0.007092299661,0.0432442049
C002139,3,0.01273415402,0.01400647508,0.01402124082,0.01340181545,0.01743613244,0.4670486716,0.1529051906,0.30844632
C002142,4,0.006397087822,0.1035293058,0.006458048689,0.8022377961,0.007167737029,0.006608613228,0.007127287337,0.060474124
C002144,1,0.002930251857,0.003345005318,0.00300643676,0.8615576115,0.003767286206,0.003247262915,0.00373197692,0.1184141685
C002146,0,0.02733257835,0.03226310523,0.05611452816,0.0276712211,0.03296837302,0.04695682982,0.03454381916,0.7421495452
C002147,4,0.0366055323,0.01239077255,0.3976594199,0.04489730985,0.3796252417,0.01229793691,0.01301483035,0.1035089565
C002148,0,0.006760075854,0.007766635904,0.00744304178,0.006840542306,0.4048723134,0.4522326877,0.007620149255,0.1064645537
C002149,0,0.01228037858,0.2533321415,0.01327699315,0.5561260442,0.01365956243,0.0137248679,0.01350879421,0.124091218
C002150,0,0.1506448973,0.02685281906,0.02663998519,0.02388327771,0.02693196125,0.02646248863,0.02661415282,0.6919704181
C002151,2,0.003121821111,0.003370301307,0.003249883388,0.00315000125,0.9446011416,0.009696311788,0.003908235717,0.02890230385
C002153,4,0.01047722585,0.009236457672,0.008505679954,0.008234915482,0.01088554564,0.5702472009,0.01311504674,0.3692979278
C002154,4,0.009004222802,0.7000646252,0.008928985449,0.008611952606,0.003169296787,0.07583367851,0.05341064137,0.1409765973
C002157,3,0.02327117127,0.02468818258,0.09555556382,0.0230557263,0.02626438841,0.02482093895,0.5516799765,0.2306640522
C002158,4,0.02351252694,0.02379561265,0.02399864334,0.0221262271,0.02711348657,0.02339984274,0.02705001859,0.8290036421
C002160,4,0.009465453458,0.02488644376,0.6639405497,0.08844058894,0.01052041188,0.1220056604,0.01053354165,0.07020735023
C002162,2,0.247268852,0.01876242769,0.6165650241,0.009205985539,0.01123401302,0.007913273785,0.01109577909,0.07795464475
C002163,2,0.01942925729,0.2152635877,0.01986711605,0.02027572261,0.02344526133,0.01656470107,0.02361781543,0.6615365386
C002165,1,0.449281629,0.008927735568,0.006564304906,0.006401981044,0.008876729827,0.4183704125,0.008946120494,0.09263108669
C002166,4,0.004313602353,0.3682663137,0.00425085936,0.00414224302,0.004629136868,0.004314733872,0.4758937193,0.1341893915
C002167,2,0.107298301,0.02667559162,0.03985208551,0.02447878431,0.06524159261,0.05924243741,0.04365256737,0.6335586402
C002168,3,0.007832476235,0.02009547607,0.00870126558,0.04710121705,0.006212278468,0.02027625985,0.05950647095,0.8302745558
C002172,1,0.005518650091,0.007162195056,0.006510539598,0.04931820307,0.7966245697,0.007074910755,0.007376357806,0.1204145739
C002173,4,0.5412087553,0.01285071607,0.0123549483,0.01203409001,0.2784617872,0.01279399203,0.01398513907,0.116310572
C002174,0,0.00195422395,0.002324751964,0.002177315788,0.001970090316,0.9048167034,0.002336082229,0.002379794529,0.08204103785
C002175,4,0.004604968914,0.008674967731,0.004541400102,0.006855668413,0.00129832953,0.005470830981,0.02867624247,0.9398775919
C002176,2,0.002496059553,0.002723425769,0.002484749832,0.01729070699,0.06849895387,0.002161841311,0.8668669645,0.03747729819
C002177,2,0.006688189356,0.007332162207,0.008007457294,0.006798893034,0.7359487303,0.006736734245,0.00750985676,0.2209779768
C002183,2,0.00803273806,0.008857404434,0.008196560061,0.6377384946,0.1163459119,0.006862236993,0.009716219544,0.2042504344
C002184,0,0.2921721578,0.3700265365,0.005409951897,0.2769881603,0.00588627211,0.005542016949,0.005864585926,0.03811031855
C002187,1,0.002930753609,0.003419280437,0.003018008119,0.2064669516,0.6952078599,0.003306941591,0.005857944356,0.07979226035
C002188,3,0.01266970552,0.01322930823,0.2719158321,0.01297063244,0.01762818166,0.1210771761,0.01469292719,0.5358162367
C002189,4,0.006325884509,0.5961859604,0.287780512,0.006378853673,0.007390121691,0.00666263774,0.007312814395,0.08196321564
C002191,4,0.01563355942,0.396337677,0.1581673454,0.01499509415,0.01626734616,0.01604618946,0.0208846454,0.361668143
C002194,3,0.00616440795,0.006810659752,0.01936526206,0.006121516247,0.06801497325,0.02016346217,0.01612204392,0.8572376746
C002195,2,0.02541783574,0.2453767831,0.02880934603,0.02554489895,0.03007809998,0.02490768594,0.03049074911,0.5893746011
C002196,1,0.00640550642,0.2518068457,0.006528379028,0.006707120119,0.01002244482,0.00787478009,0.5899135955,0.1207413283
C002197,0,0.002489779034,0.002889215843,0.002677281869,0.00536927253,0.003228369409,0.1278873754,0.00302865061,0.8524300553
C002198,2,0.003133504148,0.008443840964,0.003155396011,0.01805256676,0.004573978768,0.01436352842,0.004182411591,0.9440947733
C002199,4,0.02302756115,0.005098754957,0.004831843046,0.003214272619,0.005642063449,0.005992139027,0.004967387345,0.9472259784
C002200,0,0.009735747199,0.2093968658,0.3721988617,0.009795331382,0.01208800111,0.1154993216,0.01350874979,0.2577771215
C002206,1,0.3016353182,0.005635184232,0.004980440613,0.004930127033,0.00755157902,0.005435489885,0.5770954082,0.09273645284
C002212,3,0.004515160468,0.3400354258,0.00544064102,0.04695544599,0.5590666295,0.004751645786,0.004713689145,0.03452136233
C002215,4,0.06809859705,0.01378426683,0.01292287258,0.01282477601,0.09464770054,0.01326093561,0.5825186502,0.2019422012
C002216,1,0.008038454032,0.544413025,0.008388585032,0.1279647276,0.0108678545,0.008674041783,0.2186572823,0.07299602972
C002218,1,0.002676977818,0.3877279575,0.002821730456,0.002694474889,0.03281328192,0.4766289274,0.003732688743,0.09090396132
C002222,2,0.09208353762,0.01415910219,0.02373120414,0.01298751255,0.0280440111,0.06883557286,0.02829318516,0.7318658744
C002227,2,0.007371591245,0.008360141829,0.008098838279,0.03213323364,0.1216356814,0.006284022597,0.7626380303,0.0534784607
C002232,0,0.1063886704,0.3955364555,0.01472453386,0.01077299541,0.3302948028,0.01497117165,0.01507766336,0.1122337071
C002234,4,0.003059639153,0.003371724523,0.001558627375,0.002962873595,0.00155654586,0.003251706853,0.003574696022,0.9806641866
C002235,2,0.01918295863,0.5622637077,0.1098845551,0.01955712097,0.0229377828,0.01743803401,0.0223283362,0.2264075046
C002236,3,0.004112728438,0.004923345847,0.8532727222,0.004054604781,0.02931216211,0.004379844165,0.06352338561,0.03642120684
C002238,0,0.27868616,0.02066089418,0.01936925176,0.05461046672,0.02169935019,0.02060603042,0.1800971058,0.4042707409
C002241,0,0.07723738951,0.002903648116,0.00243504872,0.002315209035,0.01320806438,0.002663202554,0.8377606434,0.06147679425
C002242,0,0.002857308716,0.003338851773,0.003164335869,0.02381591352,0.8577517821,0.0841864773,0.003610576902,0.02127475384
C002243,3,0.03472687967,0.008363743824,0.00813844585,0.06695161564,0.01010733957,0.3152019343,0.4287107026,0.1277993386
C002245,1,0.02197197141,0.02549369291,0.0225270587,0.02177532497,0.01590104316,0.03379701366,0.1244763333,0.7340575619
C002247,1,0.004666698998,0.01090057164,0.02221844713,0.004673578851,0.006112074124,0.00512244935,0.06069497353,0.8856112064
C002250,1,0.005908442235,0.09387679289,0.4794856531,0.06064270177,0.05438089256,0.05724162363,0.145551075,0.1029128189
C002251,2,0.1482443953,0.01297051938,0.01229257384,0.01214614183,0.01528018301,0.6211529367,0.01517341905,0.1627398309
C002256,1,0.2993788515,0.01705013022,0.0150566893,0.01467956161,0.01994612984,0.399315642,0.01998370477,0.2145892908
C002261,0,0.005884629456,0.7053845929,0.00655628394,0.005989949275,0.02556754595,0.006814801249,0.09207611042,0.1517260868
C002265,1,0.01855568857,0.04269319182,0.01884971897,0.01846626686,0.02739884888,0.02022145967,0.02718893452,0.8266258907
C002266,0,0.00430661436,0.004890765163,0.004570485228,0.0142182612,0.9026178408,0.004840176312,0.004939646269,0.05961621065
C002274,0,0.007199437152,0.008976908289,0.007574912391,0.3170847903,0.009182424904,0.009008009965,0.009081270551,0.6318922464
C002275,4,0.003737986004,0.91530879,0.004906436394,0.004625113543,0.00542007752,0.004885435791,0.005358973121,0.05575718764
C002276,2,0.001696030755,0.002953943403,0.002678861313,0.001537776786,0.00313051769,0.002322781467,0.003133630676,0.9825464579
C002277,1,0.00503744739,0.005587014393,0.005059795567,0.004954047544,0.01444691702,0.8599342191,0.00600459235,0.09897596663
C002278,4,0.1619009736,0.01916548015,0.004673782231,0.004487508165,0.005548679271,0.4773833182,0.005369640492,0.321470618
C002280,3,0.02502877987,0.02705547205,0.02739437692,0.02497600905,0.02879156093,0.02613771351,0.02763628269,0.812979805
C002281,2,0.003525351838,0.001939987203,0.009490197967,0.00187584644,0.002373709426,0.003088293566,0.002286505547,0.975420108
C002282,2,0.6551787059,0.01457166351,0.01419220095,0.1639307648,0.015732025,0.01278083726,0.01554770721,0.1080660954
C002285,3,0.02078789224,0.03373905795,0.2423853647,0.02064451323,0.02599999747,0.02340434975,0.07889793618,0.5541408885
C002286,0,0.01131543795,0.0142384993,0.01142163636,0.01140612823,0.0845014951,0.3324610144,0.01382937393,0.5208264147
C002288,2,0.04188593407,0.3252148314,0.00610634077,0.5669341517,0.006523932572,0.005595219391,0.006352976552,0.04138661352
C002291,1,0.1798417383,0.1118374128,0.5848105661,0.007980696461,0.01149358687,0.008696011449,0.01137196982,0.08396801826
C002292,1,0.01088489968,0.4180358202,0.03219480159,0.3154495738,0.01588419901,0.01175774316,0.01608172097,0.1797112416
C002293,1,0.006444537691,0.01098266994,0.009446158367,0.009956060673,0.01193326429,0.6067847024,0.01182288354,0.3326297231
C002294,2,0.01133767218,0.09600046931,0.01139819961,0.01089246814,0.2240422529,0.5318308527,0.01315603832,0.1013420469
C002296,4,0.02536459856,0.125630285,0.01483428119,0.01442647157,0.01848808803,0.1168841947,0.01828544208,0.6660866389
C002297,3,0.00196563041,0.03349563818,0.00215648546,0.001997350652,0.003721718717,0.02019033704,0.8983357038,0.03813713575
C002299,0,0.01842675656,0.1080934015,0.01965064071,0.01839411006,0.02108336518,0.02015071675,0.5829342525,0.2112667567
C002300,2,0.2413907155,0.009481660463,0.01005879582,0.2470444775,0.01057348819,0.4146870384,0.01031066972,0.05645315436
C002301,3,0.002468183171,0.07467812575,0.002749807941,0.8883565678,0.002145487633,0.002646824609,0.002361835955,0.0245931671
C002303,2,0.006945927168,0.007544537314,0.007310250772,0.007197354721,0.2621986803,0.2886688803,0.2730855903,0.1470487791
C002304,2,0.196117649,0.02906111939,0.02881540591,0.1153618226,0.1413114964,0.02390549077,0.1107135493,0.3547134667
C002307,1,0.01683428812,0.01907291573,0.01698817361,0.0165903875,0.0280841212,0.01847992758,0.07761098249,0.8063392038
C002310,4,0.02093696048,0.02185781089,0.02077001338,0.02029748888,0.02372323103,0.02178860643,0.2567800498,0.6138458391
C002311,2,0.0116415095,0.01304564541,0.4884297698,0.01152777965,0.01397639664,0.009885982523,0.01395752456,0.4375353919
C002312,2,0.006099932494,0.08460575438,0.006534161338,0.04059514869,0.06302992053,0.6328458957,0.05470056917,0.1115886177
C002313,1,0.01099700411,0.1565971285,0.06810076585,0.01185148087,0.01875379707,0.01228902783,0.01906582781,0.702344968
C002316,4,0.003925810921,0.8701813534,0.003983033705,0.003783257075,0.01828503652,0.005109162311,0.0388851724,0.0558471737
C002318,3,0.7725623669,0.01447011823,0.01569506965,0.03726173643,0.0160495702,0.01462015877,0.01506226508,0.1142787147
C002320,0,0.01127090146,0.08786282726,0.09710384098,0.0489380714,0.5756075446,0.01245615275,0.05997477036,0.1067858912
C002321,4,0.005207234943,0.002902313195,0.04108743486,0.002455121208,0.006361599465,0.005485971846,0.006273361211,0.9302269633
C002323,1,0.6538827171,0.009820759476,0.009026805207,0.2021454432,0.01259362334,0.009755847173,0.01267820249,0.09009660194
C002331,4,0.007419450457,0.007811023367,0.007424683487,0.007289670268,0.008152519744,0.8702188909,0.008066318997,0.08361744283
C002333,0,0.001872154234,0.003106646195,0.003001316575,0.004565676892,0.3543300934,0.00307132588,0.6102721734,0.01978061345
C002335,3,0.01152918846,0.01299468866,0.01279650844,0.01136082099,0.01635936801,0.04826669749,0.01559373008,0.8710989979
C002338,4,0.01525927973,0.01592093103,0.7653226559,0.01468560423,0.01676187993,0.015662206,0.02930465916,0.127082784
C002346,3,0.02863707788,0.01958687066,0.373769015,0.02494760141,0.02131489534,0.01957639861,0.02015217641,0.4920159647
C002349,2,0.02896058348,0.02952886748,0.02892707287,0.02741492576,0.03512934811,0.02422520776,0.0359229598,0.7898910347
C002351,1,0.001013387031,0.002690349089,0.002151092977,0.002099219252,0.02845336165,0.009097793972,0.01996768423,0.9345271118
C002353,1,0.00152290738,0.001710672401,0.9248333133,0.001499192147,0.0490028309,0.001663293099,0.00226775415,0.01750003664
C002354,1,0.004251153652,0.004790379006,0.004335476083,0.004182560695,0.001664257367,0.9375918562,0.001630684123,0.04155363292
C002355,4,0.006993812586,0.00796454951,0.006910616263,0.2702168143,0.2809754954,0.007450550531,0.2675426105,0.1519455509
C002358,1,0.006433998941,0.007273694525,0.132524929,0.5920000903,0.1795991103,0.007216127926,0.008509545707,0.0664425033
C002360,0,0.1688577908,0.01145445978,0.01104876942,0.01054323449,0.6269903028,0.01144800162,0.08668350506,0.07297393602
C002361,3,0.01693839235,0.01735552904,0.01718780277,0.01533736844,0.01891664951,0.04498146699,0.03448480605,0.8347979849
C002362,4,0.008622229846,0.5462536785,0.01231409972,0.3197084138,0.01295892294,0.01192849983,0.01271517895,0.07549897641
C002363,3,0.01222137592,0.0141677794,0.1020593953,0.3576287506,0.118169282,0.0136898069,0.01455746874,0.3675061411
C002365,4,0.01428473615,0.01466045229,0.0143521777,0.01397323545,0.8025653869,0.01501237624,0.0153399827,0.1098116526
C002366,2,0.1653154139,0.017815605,0.09675153011,0.01577858862,0.2536186328,0.01420919244,0.01913288771,0.4173781494
C002367,2,0.004804601546,0.005282377439,0.004903001467,0.5193482374,0.005893915417,0.004121865582,0.2392782438,0.2163677573
C002368,4,0.5016612004,0.002345315931,0.002122340122,0.002076506527,0.4398261627,0.002308797905,0.002999881924,0.04665979449
C002370,1,0.004127278511,0.0047575599,0.004198778144,0.004099356781,0.785466425,0.004617550494,0.005550241564,0.1871828096
C002371,4,0.00356998282,0.002369177497,0.002867105747,0.002822499233,0.0361696992,0.003086699126,0.00812822793,0.9409866084
C002372,1,0.001771840474,0.002169053376,0.001787627899,0.001760192019,0.06853898082,0.8436501137,0.002496568726,0.07782562295
C002373,4,0.01043609888,0.01762146885,0.4701158002,0.01737380815,0.2918416468,0.04844742651,0.01782772782,0.1263360227
C002375,0,0.1171940822,0.01448490859,0.01348546146,0.2562181535,0.09610463351,0.01435658007,0.01523027987,0.4729259008
C002376,4,0.01648143541,0.06102134879,0.01665203396,0.016039219,0.01747131999,0.1721357204,0.5873171807,0.1128817417
C002378,2,0.01795224055,0.06933267273,0.01900785158,0.01855763421,0.02213136676,0.01655384399,0.1317350605,0.7047293297
C002379,0,0.004932868478,0.1523235293,0.005477722374,0.004972308438,0.005830562423,0.40362081,0.006557128656,0.4162850704
C002380,0,0.01339871467,0.0154186084,0.01451076857,0.8093813514,0.01398671749,0.01503995706,0.01629396109,0.1019699213
C002382,4,0.003502909073,0.003992234311,0.003485936971,0.005076215223,0.004382130305,0.02446156921,0.004302565198,0.9507964397
C002386,4,0.01492299885,0.02432602142,0.06119647343,0.01455049384,0.06349842737,0.01565509582,0.03855437585,0.7672961134
C002388,0,0.003316287732,0.002522928188,0.003703223342,0.003357079405,0.003748359348,0.946689304,0.003701275652,0.03296154234
C002389,2,0.006463859597,0.007222288055,0.007062816017,0.006972962968,0.007654734473,0.005754670579,0.007572446102,0.9512962222
C002394,4,0.015764476,0.01651864669,0.01559506319,0.2687836195,0.04060275743,0.01617982794,0.3600947102,0.266460899
C002395,4,0.1202516487,0.1472837287,0.05223073174,0.01088053208,0.1512438205,0.1914282815,0.1075150595,0.2191661973
C002397,0,0.02122454635,0.02519285047,0.3676715821,0.02142919751,0.02676082959,0.025175402,0.02620705542,0.4863385365
C002398,3,0.2377631416,0.0086404044,0.008691825727,0.007990098653,0.00911451392,0.6426582925,0.009005774475,0.07613594879
C002399,2,0.001918839632,0.002141949932,0.001955099653,0.9314105281,0.002374552056,0.001676941046,0.002385983314,0.05613610625
C002401,0,0.01170883522,0.01350297424,0.01312382093,0.0118130688,0.01394966358,0.01366519988,0.5054444499,0.4167919875
C002402,4,0.2201126097,0.02995093729,0.0329771784,0.02856780735,0.03296829968,0.02944319114,0.03306745951,0.5929125169
C002404,2,0.005697257422,0.05620765512,0.005899440536,0.005651736244,0.006690909705,0.6884119458,0.006658478609,0.2247825766
C002405,3,0.189747822,0.002482808054,0.6251113237,0.05854361193,0.002971209902,0.002424672303,0.056500927,0.06221762513
C002406,1,0.004833635459,0.007383192988,0.004939304936,0.01841297955,0.00665229153,0.9023226181,0.006729078151,0.04872689928
C002413,0,0.003014168917,0.003647588632,0.01951081624,0.002971386911,0.002546557726,0.003608089174,0.004176268195,0.9605251242
C002414,1,0.02007140984,0.02263195241,0.02038322346,0.01996931267,0.03101398985,0.02206420459,0.03156417064,0.8323017365
C002419,4,0.005944089533,0.006870241221,0.006241949212,0.7664085702,0.007700952391,0.006405707524,0.0144160346,0.1860124553
C002421,1,0.008634027114,0.002300353911,0.002101207715,0.002002857797,0.003337129775,0.03357823771,0.9297072082,0.01833897773
C002424,1,0.006501611544,0.007396050957,0.006558998952,0.006575196573,0.869603777,0.007183614071,0.009918377468,0.08626237346
C002426,4,0.02608899435,0.02642701154,0.03010129691,0.02498381993,0.08633958387,0.0257500188,0.2209217766,0.559387498
C002428,3,0.008125440763,0.008917259393,0.008746837814,0.00818530992,0.009113763249,0.00869337994,0.8678411456,0.08037686328
C002429,2,0.008082685496,0.008981815785,0.3963650263,0.01282982982,0.381750455,0.007378984056,0.009354842603,0.1752563609
C002430,4,0.01261879622,0.7569872883,0.0123603355,0.06748832755,0.01002255065,0.01241075292,0.009731471923,0.1183804769
C002431,2,0.9290344116,0.002817151805,0.002560286164,0.002550171445,0.003108831659,0.002211377546,0.003105828182,0.0546119416
C002438,1,0.009832061054,0.0109028907,0.01493252834,0.7474142624,0.02582337222,0.01061272289,0.01581860777,0.1646635546
C002439,4,0.01471799415,0.01997375598,0.01472084929,0.01694414311,0.0163619305,0.0190048442,0.2533605323,0.6449159505
C002441,4,0.002891973367,0.03221148472,0.8420867664,0.002847933494,0.003177364432,0.08996175661,0.003060412438,0.02376230852
C002442,2,0.009162536881,0.3030767574,0.009341489613,0.08622763069,0.01157283983,0.3893192419,0.01127407231,0.1800254314
C002448,3,0.003532448113,0.006597308607,0.004041739133,0.01566956206,0.004324478416,0.003780471534,0.004111765342,0.9579422268
C002449,4,0.006641447192,0.006878629102,0.00661692762,0.006355630761,0.007190935466,0.8918390198,0.008622816907,0.06585459319
C002450,0,0.03258328272,0.02871486938,0.0214249105,0.02934177615,0.03310169564,0.0324892225,0.03272687914,0.789617364
C002451,4,0.01170207367,0.01288521919,0.3627424371,0.009644120935,0.01366211996,0.3810120285,0.01355193311,0.1948000675
C002452,1,0.004120338113,0.01043418859,0.5380285405,0.2675626164,0.005344140772,0.1088405208,0.00533637469,0.06033328011
C002456,2,0.01675860603,0.01771960265,0.01762694673,0.1350986749,0.01946021087,0.6611761161,0.01829529943,0.1138645433
C002457,1,0.5330736579,0.3492608269,0.006940538393,0.006951912514,0.009438956328,0.007639616703,0.009486960451,0.07720753081
C002458,4,0.01470192824,0.0153364757,0.7410366716,0.01435585463,0.01656407564,0.01527343303,0.01652575528,0.1662058058
C002460,3,0.02833251415,0.03086797663,0.2018592406,0.02791233168,0.03392150273,0.03038389468,0.03292186735,0.6138006721
C002461,1,0.01932226806,0.02406550996,0.3387932231,0.01893869738,0.05568981828,0.03995445347,0.06315340934,0.4400826204
C002462,1,0.004598568182,0.005702100644,0.00456657175,0.695005186,0.009534863232,0.1021349695,0.006829375845,0.1716283649
C002463,3,0.4527570975,0.05422338933,0.005417040051,0.03243934463,0.1326690389,0.1166455228,0.01418143556,0.1916671313
C002474,1,0.002041095339,0.00243590123,0.002008295266,0.09527107848,0.00415746946,0.007402297711,0.8310553516,0.05562851092
C002476,2,0.005105155109,0.8349188547,0.005556298624,0.005196200783,0.006064642096,0.00467506268,0.006026632235,0.1324571537
C002479,2,0.03032186154,0.03250937691,0.03092224374,0.09119762551,0.03667099612,0.02595035502,0.03535726395,0.7170702772
C002485,2,0.01463292339,0.5938738863,0.01447426526,0.01427632456,0.01776009642,0.01227995885,0.09889541882,0.2338071264
C002488,1,0.003780993587,0.004575034405,0.00385878923,0.7801901489,0.07893853654,0.004279789476,0.009008166008,0.1153685418
C002490,4,0.006907536455,0.1731976186,0.1924736777,0.006622567928,0.008076688221,0.05356693082,0.4901677065,0.06898727371
C002491,2,0.3459012123,0.01311799041,0.01182733931,0.01021016958,0.01399651718,0.01004075546,0.3553237665,0.2395822493
C002492,3,0.005715206029,0.006015202651,0.006283667295,0.5917768031,0.006415340175,0.005991936554,0.3302963023,0.0475055419
C002493,1,0.01426215225,0.01623605492,0.03121381958,0.02343910353,0.1304167367,0.01582258039,0.0837714165,0.6848381361
C002495,0,0.3258016948,0.006586665134,0.006188601143,0.321255213,0.05197603115,0.006641241303,0.1763683996,0.1051821539
C002498,0,0.004668877369,0.005563079969,0.005225568671,0.7632518804,0.005588160061,0.005475811902,0.005512327492,0.2047142942
C002499,1,0.184721564,0.01105877454,0.1142839058,0.3264393356,0.02760773784,0.1804137818,0.02297113035,0.1325037701
C002500,1,0.01337203589,0.2499806891,0.09011682854,0.01327966959,0.01754464619,0.02875981978,0.01784203524,0.5691042756
C002501,0,0.08131453764,0.0223154226,0.02086120546,0.01894327562,0.188430683,0.02249237286,0.02439287345,0.6212496294
C002503,2,0.006997292112,0.006002810675,0.005900829573,0.008306468427,0.006067518233,0.01035939041,0.00812230932,0.9482433813
C002512,0,0.2128195295,0.1455122925,0.01047896927,0.009341445331,0.07454288382,0.01023526257,0.4697837763,0.06728584071
C002514,3,0.004193702799,0.004253580532,0.8586550545,0.007705993669,0.005462287434,0.004665474031,0.005238890616,0.1098250165
C002516,3,0.005543469636,0.005921901775,0.006182708548,0.005437143045,0.00650550612,0.8794266259,0.006247650418,0.08473499454
C002519,3,0.005244465162,0.005618983247,0.005794585326,0.005303024722,0.006168081584,0.005458723567,0.8157597497,0.1506523867
C002522,0,0.001318913959,0.001539399985,0.00144200172,0.001326643645,0.01759983728,0.9638666283,0.001607017858,0.01129955727
C002523,4,0.003966315797,0.1222864037,0.08838947092,0.003843949787,0.0546207106,0.03085294106,0.004221557358,0.6918186507
C002526,3,0.006909988007,0.007419066092,0.007415101791,0.5509246795,0.1124774815,0.1757622097,0.05561225716,0.08347921628
C002527,3,0.02440992188,0.009948868665,0.1637008126,0.007859799731,0.01402377815,0.009248728925,0.00952800558,0.7612800845
C002528,1,0.06272289553,0.03252138635,0.007393392664,0.005506358499,0.07421989439,0.03235494182,0.6400989887,0.1451821421
C002530,3,0.3151219599,0.009230988288,0.1507972443,0.007850807514,0.01028183005,0.06161370364,0.009784768259,0.4353186981
C002531,3,0.001986866028,0.002107690835,0.002226754935,0.1908925666,0.739011503,0.002119848915,0.002116704154,0.05953806554
C002533,4,0.02346777815,0.02388442679,0.02275411415,0.02249386887,0.02558962428,0.02353514625,0.02552643632,0.8327486052
C002534,0,0.1269535034,0.275960881,0.04899752071,0.001817951045,0.002398199593,0.002144545473,0.4726932571,0.06903414167
C002539,4,0.02485584726,0.02558920128,0.02565911065,0.02380164971,0.03010125906,0.02475238213,0.0300188835,0.8152216664
C002541,3,0.008456219062,0.008790605888,0.3755426612,0.008318884531,0.009995477973,0.4484876206,0.01012462178,0.1302839089
C002542,3,0.006670918702,0.006956672385,0.007708002477,0.006726070226,0.007513320347,0.007092208165,0.8019091675,0.1554236402
C002544,2,0.005144159476,0.01429277933,0.005289556538,0.1179128861,0.005908023479,0.7246438951,0.01188273619,0.1149259637
C002548,1,0.004738824218,0.005410363471,0.6247631331,0.004730197379,0.006634866565,0.302778752,0.00667551944,0.04426834385
C002550,0,0.002370341304,0.005429929951,0.01053065703,0.00239609389,0.002820482902,0.8910399646,0.002809815492,0.08260271481
C002553,1,0.00289813085,0.003399931538,0.9096678158,0.00287238052,0.01295836327,0.00320682047,0.003992722485,0.06100383507
C002555,3,0.006115290698,0.3431455934,0.5760457048,0.006075891654,0.006872350166,0.006508998894,0.006454218929,0.04878195148
C002559,1,0.02079248365,0.02446918451,0.1161158863,0.02063853932,0.1331156537,0.02359224611,0.1442629657,0.5170130406
C002563,2,0.005582748599,0.006618832951,0.7500124663,0.005480371199,0.0363039121,0.004843896287,0.01369335678,0.1774644158
C002564,1,0.691793195,0.008686996692,0.03809262819,0.01612042028,0.01128317712,0.008135385763,0.03856230507,0.1873258919
C002566,1,0.003100122993,0.003453325547,0.002954755189,0.9404823796,0.007316565793,0.003400067138,0.006072905105,0.03321987864
C002567,2,0.1774779681,0.04039387369,0.0372458276,0.03744054158,0.1458727199,0.03165161843,0.04469890619,0.4852185445
C002569,2,0.006909175177,0.02194166482,0.007827155628,0.07865131965,0.007702628214,0.01388258437,0.05894300478,0.8041424674
C002571,0,0.6802101127,0.01081722709,0.01041442873,0.009724980646,0.1779525266,0.01075136266,0.01091230977,0.08921705178
C002573,1,0.02190681841,0.06016930623,0.4860056371,0.02920049393,0.03278211939,0.02395470641,0.03292186364,0.3130590549
C002581,2,0.04553373962,0.0050622316,0.2267500274,0.004717997649,0.00555270867,0.01969402346,0.6011504913,0.09153878031
C002585,1,0.003343332994,0.01098884273,0.004601530999,0.009321697275,0.004706872766,0.003714737538,0.003705127655,0.959617858
C002587,1,0.003884358004,0.004094778634,0.003629445063,0.4446823884,0.2059523361,0.2753683598,0.007123949798,0.05526438423
C002590,4,0.002121256197,0.003922730144,0.01367702466,0.008768421382,0.004311136266,0.003709849516,0.002684607061,0.9608049748
C002594,0,0.002528494596,0.003202814172,0.002769787332,0.06259493948,0.8448697223,0.003189960287,0.003367447856,0.07747683393
C002595,0,0.01359556146,0.01430443006,0.01412993574,0.8071684664,0.01385260186,0.01414801461,0.01365409278,0.109146897
C002599,0,0.01379189649,0.0161270427,0.01479192879,0.1729120968,0.03606905082,0.009093115768,0.03574189667,0.7014729719
C002606,4,0.5705017141,0.01117123627,0.004988685001,0.01056909439,0.2736060218,0.01109249717,0.01129783927,0.106772912
C002608,2,0.3662488545,0.2567613381,0.02322343621,0.02240659814,0.02806580463,0.01900116087,0.02737108195,0.2569217256
C002610,3,0.006117354237,0.4600541089,0.1399632955,0.1989343616,0.007888488821,0.006634093329,0.007699398447,0.1727088992
C002611,2,0.005905237105,0.04405448835,0.005767590623,0.02105308781,0.01464127248,0.005076561485,0.01255434444,0.8909474177
C002612,3,0.005018608905,0.005924289775,0.005825924323,0.6558350042,0.002652099311,0.005836991914,0.002486067835,0.3164210137
C002615,0,0.01263491608,0.08489829248,0.08179156731,0.01259846673,0.6819219074,0.01317130394,0.02014615833,0.09283738774
C002617,4,0.003359598787,0.1505792876,0.007217153231,0.006926765684,0.008303577743,0.007321749784,0.01978186113,0.796510006
C002620,2,0.006740564265,0.007286963261,0.006767652525,0.06701773647,0.09268014549,0.5215437311,0.007933951857,0.290029255
C002621,1,0.006810455277,0.008484294261,0.04701265088,0.2611808394,0.0117344382,0.007388126721,0.587438216,0.06995097922
C002622,0,0.4050577706,0.05785195782,0.2001488368,0.006178604069,0.007930529319,0.007169953015,0.2059835301,0.1096788183
C002623,2,0.004958851014,0.005121918717,0.3177131407,0.5305396249,0.005778587165,0.00412878818,0.09749166685,0.03426742247
C002625,1,0.001731711182,0.9079476197,0.03344806707,0.001716471441,0.002255678325,0.001943371553,0.002235580742,0.04872149996
C002626,2,0.01739154163,0.01890883873,0.6176946152,0.01741925126,0.02238844888,0.04229244487,0.0220052573,0.2418996021
C002627,0,0.01392819864,0.003142746492,0.003027882315,0.002793069591,0.00375877981,0.003437411108,0.03806536445,0.9318465476
C002628,1,0.008213861964,0.009487168112,0.00842961628,0.008200600203,0.5542440596,0.009205056214,0.1249667423,0.2772528954
C002629,1,0.3779673035,0.0115442842,0.009929477607,0.009692613912,0.01419157524,0.01091524863,0.01122572025,0.5545337766
C002634,0,0.0080343392,0.01139783459,0.01082711643,0.01005992232,0.4497209858,0.1555615944,0.01133550486,0.3430627024
C002635,1,0.00539763544,0.8211370826,0.005577643578,0.005461732492,0.008438967279,0.006287097813,0.008575172096,0.1391246687
C002636,3,0.004411137568,0.005086938987,0.006429749889,0.009665396782,0.005224355693,0.0401643328,0.004365759773,0.9246523285
C002637,0,0.07814443119,0.8411396426,0.002381306225,0.04796180812,0.002658382488,0.002449698655,0.002718264738,0.022546466
C002638,2,0.6831287446,0.01463115261,0.01498331794,0.0143355051,0.0153329449,0.01297145964,0.1508642624,0.09375261278
C002642,0,0.04320940847,0.1321687684,0.01041065727,0.3236970966,0.01216374002,0.1527215453,0.01218083689,0.3134479471
C002643,2,0.004094046564,0.005408866966,0.004080295241,0.01095884448,0.002464507606,0.003528895086,0.002141062364,0.9673234817
C002644,0,0.008385499037,0.02774283414,0.009578635713,0.008662849005,0.01057475148,0.0763511928,0.01039915748,0.8483050804
C002647,4,0.007806861184,0.008223426908,0.007662899034,0.8273622584,0.01319287661,0.007794161654,0.008430377851,0.1195271384
C002649,1,0.007055707422,0.007774618561,0.007023989757,0.006909198875,0.01014157828,0.8595221221,0.01050138956,0.09107139541
C002650,2,0.02519790374,0.0266127125,0.02661186024,0.02530272871,0.0300643422,0.0222020676,0.1482279626,0.6957804224
C002653,1,0.01222785431,0.01382957489,0.01264199649,0.0123719994,0.3445598467,0.3225057823,0.1419574424,0.1399055035
C002655,1,0.006278019871,0.007204858777,0.006498437531,0.006509263101,0.4408761152,0.4309501026,0.009799422347,0.09188378063
C002656,4,0.01119610422,0.002854612557,0.01066295957,0.006544999911,0.003111140267,0.8714999735,0.003178850149,0.09095135987
C002657,1,0.004208847962,0.005277432866,0.004341289023,0.1208904102,0.7483076818,0.004692186061,0.00656165057,0.1057205015
C002660,0,0.004175486222,0.8470679313,0.005703951382,0.0309658607,0.006285629106,0.005989449196,0.006238106827,0.09357358526
C002663,2,0.01343936568,0.01471813749,0.01401537709,0.0137810668,0.03131874725,0.01146232589,0.7664204531,0.1348445267
C002665,4,0.003486342838,0.006597836129,0.004706114534,0.005556870083,0.5443761297,0.006337488198,0.007230635903,0.4217085826
C002666,1,0.01829969133,0.01665849296,0.0531358167,0.0533318962,0.03122704413,0.3956348827,0.02651189647,0.4052002795
C002667,4,0.02112338157,0.7017054718,0.02107556885,0.02085695509,0.02367731294,0.02165725905,0.02370529547,0.1661987552
C002668,2,0.03582541167,0.01638977856,0.01546007254,0.01220558251,0.01028442447,0.7139935046,0.01742071496,0.1784205107
C002671,0,0.01214288615,0.3748223337,0.01334698231,0.01223452089,0.02316810577,0.05129287466,0.02264071676,0.4903515797
C002677,3,0.6589405028,0.1704255506,0.0140127885,0.01257684211,0.01437344295,0.01348767392,0.01393004227,0.1022531568
C002678,0,0.007324660733,0.008433793739,0.008267360246,0.8828423033,0.003451441427,0.008352771328,0.003249734164,0.07807793507
C002680,4,0.5626389211,0.3261057835,0.02212496122,0.004174090147,0.004953682426,0.004521590632,0.004899710445,0.07058126053
C002683,2,0.00371723209,0.004235494855,0.007272258929,0.01102570327,0.004746967911,0.004039401608,0.01531496192,0.9496479794
C002686,4,0.006027077993,0.2673798276,0.005943402676,0.1177235411,0.007652119484,0.4471592639,0.007546806897,0.1405679604
C002687,2,0.3559368376,0.01056568392,0.01057148789,0.01033534213,0.01172182828,0.5116390702,0.01173071007,0.07749903989
C002688,2,0.005157143621,0.005511335334,0.005117400774,0.6018925256,0.006080984657,0.004263491106,0.308307787,0.0636693319
C002689,0,0.007225913174,0.2843038818,0.008712331607,0.008110249008,0.5331837174,0.009205008536,0.009555859799,0.1397030387
C002692,1,0.007679238597,0.01154194677,0.01666303403,0.009824235093,0.01510061075,0.4130614264,0.01484162547,0.5112878829
C002694,0,0.01675828682,0.1017444722,0.05013835959,0.01691404251,0.05628687794,0.5252871745,0.05630636069,0.1765644258
C002696,0,0.01396965243,0.6456613236,0.0161824097,0.1260691755,0.01781138662,0.01676155444,0.01810790161,0.1454365961
C002697,1,0.006423747703,0.007099630235,0.1038960234,0.7853760638,0.00811901069,0.006923320295,0.008134776675,0.07402742716
C002698,0,0.01985022021,0.0223507112,0.02924224785,0.01972018885,0.02304530995,0.02199776969,0.022711401,0.8410821513
C002699,0,0.6930418377,0.004453818923,0.004212233993,0.1779785955,0.05948262661,0.004390190831,0.004799000954,0.05164169552
C002700,1,0.196407656,0.01897709706,0.01667650839,0.01625992802,0.02397285518,0.1193167914,0.02823935364,0.5801498103
C002703,0,0.004660325871,0.005331871205,0.01974658374,0.004665751567,0.005897620675,0.005287037431,0.006032314878,0.9483784946
C002705,1,0.8327897673,0.009304203554,0.008244837356,0.008031583843,0.0116791009,0.008933580505,0.01169849185,0.1093184347
C002707,4,0.5757614663,0.01955334783,0.01748483179,0.03082358187,0.0207562162,0.01779926187,0.0204691523,0.2973521419
C002714,4,0.2456483761,0.57458257,0.00706848974,0.007036836873,0.02454105295,0.00697649741,0.08662549619,0.04752068077
C002715,1,0.2957615037,0.4979167402,0.07146449641,0.007191565605,0.009877794478,0.008015606342,0.01541627976,0.09435601347
C002719,0,0.1919281975,0.003586063504,0.00343720836,0.0183933618,0.628135643,0.01275062145,0.04240658639,0.09936231799
C002720,2,0.008087047208,0.02044121039,0.0677560228,0.007962078199,0.008578776627,0.006960032988,0.008567156011,0.8716476758
C002721,2,0.005836549578,0.006275608442,0.005961321296,0.005886003918,0.1487584757,0.005098215517,0.6882339888,0.1339498368
C002725,1,0.007816391223,0.5516426905,0.00808174025,0.04034170814,0.2176847331,0.008701383006,0.01045438994,0.1552769639
C002729,2,0.1714369686,0.02659799569,0.02757581754,0.02338752373,0.03036182752,0.01939747569,0.04569197606,0.6555504152
C002731,1,0.02027757991,0.0190985026,0.02050089478,0.01314518438,0.02578915999,0.02178582446,0.02480098669,0.8546018672
C002733,1,0.002855755318,0.003103676665,0.002842757606,0.3309438731,0.1655886116,0.460187549,0.003958077006,0.03051969972
C002734,0,0.1394662829,0.00600488231,0.005760182837,0.005175178876,0.06456180388,0.7192886081,0.006341854402,0.05340120665
C002736,4,0.004580143592,0.004859446952,0.7930014179,0.004495839555,0.005241324398,0.06684436263,0.005208983825,0.1157684811
C002737,4,0.007181166753,0.007510026089,0.3249481582,0.003327768433,0.5592254985,0.007384954461,0.007933818278,0.08248860925
C002738,4,0.04724432697,0.8728902778,0.01080868638,0.003532022654,0.03184568821,0.003544123077,0.003847044544,0.02628783036
C002739,4,0.01351251156,0.01397755557,0.01338510771,0.01368124165,0.7750717174,0.01444210412,0.0145065702,0.1414231917
C002740,1,0.009414560774,0.8226164278,0.01049564923,0.0101951691,0.01347149445,0.0121743044,0.01356877612,0.1080636181
C002742,0,0.1213231602,0.009929778145,0.009673452743,0.2261886963,0.01072204012,0.1178860183,0.3075608535,0.1967160006
C002746,0,0.03226401477,0.03599419582,0.034805323,0.1234595325,0.03491142797,0.03574275698,0.3943058018,0.3085169471
C002747,0,0.5907658438,0.02174812585,0.01279585568,0.01170486289,0.01437594602,0.01404856966,0.0142625232,0.3202982729
C002749,0,0.01662037871,0.01766958616,0.01746408905,0.7652522042,0.01853362079,0.01745094886,0.01814021028,0.1288689619
C002751,3,0.0149885967,0.01709204838,0.01648321165,0.1754299502,0.02163235164,0.0170767627,0.02062400676,0.7166730719
C002753,4,0.008321640695,0.009004020757,0.009178259396,0.008315479499,0.0102923256,0.8743187701,0.01032290855,0.07024659543
C002755,4,0.01236610331,0.1329332965,0.01336275123,0.6572191197,0.01533497661,0.01292926648,0.01047029928,0.1453841869
C002757,3,0.008902871187,0.1638367749,0.009760264682,0.5851508969,0.1136016511,0.009547055625,0.01083530489,0.0983651807
C002758,3,0.0247295653,0.026106752,0.02766040863,0.02421984917,0.02892438015,0.02606411178,0.02775680795,0.814538125
C002760,1,0.006630698013,0.007780824037,0.006896807775,0.006681420241,0.2180370951,0.5853472675,0.01768724821,0.1509386391
C002762,4,0.4232056986,0.009430159842,0.01228528578,0.008861251228,0.009692856646,0.009302643172,0.4626153672,0.06460673748
C002764,4,0.01155239077,0.01205433426,0.0843528266,0.01128674322,0.1654194875,0.5281500305,0.09970218427,0.08748200293
C002767,0,0.003175087182,0.003850041199,0.3758672109,0.00317962022,0.004253838338,0.003807973427,0.5405157311,0.06535049762
C002768,0,0.02337469327,0.02613432497,0.02524768549,0.02333298536,0.02537521995,0.02610857049,0.01263035543,0.837796165
C002769,4,0.01614960471,0.01670590985,0.7958511428,0.009862688288,0.01718716865,0.01657316602,0.01722940473,0.110440915
C002771,0,0.2371583494,0.004167139179,0.6025163685,0.003517616025,0.004722033889,0.0556297583,0.004852954324,0.08743578044
C002772,4,0.02813198402,0.4623262371,0.02818337432,0.02722385016,0.0491849926,0.02925801902,0.04060474618,0.3350867966
C002773,1,0.002427857395,0.002952486613,0.5902927046,0.197635757,0.1587811385,0.002658246249,0.003472253646,0.04177955606
C002775,3,0.004786461238,0.8053342536,0.04070847412,0.00475626486,0.005574394051,0.01056966169,0.005813309759,0.1224571807
C002779,4,0.5929450063,0.008024784742,0.008038138274,0.01478207916,0.00848431652,0.07511908462,0.2370416891,0.05556490135
C002780,2,0.003653586941,0.7965197426,0.003589718888,0.00356363986,0.004440737546,0.003028385036,0.004399459077,0.18080473
C002786,3,0.003932592019,0.8649167146,0.004369405038,0.003880442188,0.005020563758,0.004337068368,0.004762966779,0.1087802473
C002788,3,0.06201969179,0.01923141746,0.01912981039,0.01704339112,0.1277632103,0.3704971776,0.01894655787,0.3653687434
C002793,3,0.02391648002,0.02591063866,0.02689291669,0.02421678724,0.08171391263,0.4562269799,0.1705662158,0.1905560691
C002794,2,0.01987150521,0.02108057647,0.01368877547,0.02061593626,0.02299133765,0.7254133116,0.02287509234,0.153463465
C002795,3,0.1701892949,0.02005128149,0.0212142082,0.01799940153,0.02219964758,0.2130178487,0.02261015284,0.5127181647
C002796,4,0.002857552236,0.003044497546,0.002847854791,0.002733957425,0.8160432867,0.003169787388,0.003690608291,0.1656124556
C002798,4,0.01514203739,0.01591436964,0.6237959917,0.04960419751,0.06196216089,0.0155154242,0.01710025774,0.2009655609
C002800,0,0.01179159691,0.003601655519,0.01089760705,0.008758324036,0.004090206536,0.003613988785,0.003953269984,0.9532933512
C002801,1,0.001239875686,0.01898471389,0.01007865539,0.01351673565,0.004066886884,0.01659547626,0.00469056832,0.9308270879
C002802,0,0.00880164873,0.007887858216,0.0567608817,0.2382148288,0.010841781,0.01011057108,0.5958886092,0.07149382132
C002804,4,0.3143571976,0.02336327531,0.1960688239,0.02104998778,0.02561202162,0.01744888403,0.02523436324,0.3768654465
C002805,2,0.04021869353,0.007097986746,0.006368177879,0.006405983087,0.008193192528,0.006706665366,0.008122378715,0.9168869222
C002808,0,0.002341201124,0.009674830015,0.002561489966,0.01796514914,0.01019586384,0.01334444637,0.01089993211,0.9330170874
C002809,3,0.008680051963,0.009167384823,0.00947887051,0.8742990866,0.009672590508,0.009032901362,0.009815251463,0.06985386279
C002810,4,0.02264779036,0.02305350551,0.02283103956,0.2867042024,0.02350204562,0.02301261041,0.4407290094,0.1575197968
C002812,0,0.3996236195,0.005312426571,0.09100384352,0.004941066176,0.005561216645,0.4552712317,0.005566122715,0.03272047318
C002813,2,0.005518125021,0.006008286802,0.005848460804,0.9022693932,0.006657733515,0.004882275486,0.006579499285,0.06223622589
C002814,1,0.002931027082,0.006331872873,0.003030390443,0.002966589213,0.943196326,0.003322000752,0.004005790093,0.03421600353
C002816,0,0.01750904926,0.0194116813,0.07402097025,0.01719495266,0.3365415959,0.04123603838,0.01966707153,0.4744186407
C002817,2,0.009010551111,0.3411374448,0.009090882015,0.008909956766,0.5280708675,0.007718327248,0.01032212828,0.08573984232
C002820,0,0.1801321913,0.01131037347,0.01101208016,0.01019466403,0.01137639244,0.6819513234,0.0114879791,0.08253499609
C002821,2,0.2749341172,0.01459412129,0.01946280928,0.3300955867,0.02208511312,0.05536051125,0.02200860153,0.2614591397
C002822,0,0.6836579734,0.01580121782,0.01808816756,0.01654979535,0.02040101739,0.01854504055,0.02072599508,0.2062307929
C002826,0,0.004797501333,0.00555867605,0.005342423743,0.4764808716,0.009709870028,0.0574473778,0.3727104679,0.06795281161
C002829,1,0.09310714783,0.009903650969,0.009150076203,0.7109390195,0.01176742494,0.07175068485,0.01183228525,0.08154971042
C002834,0,0.003036888241,0.003296363619,0.003226025274,0.00307725451,0.003238027674,0.003233645852,0.9544209006,0.02647089419
C002836,0,0.008673004416,0.009826484363,0.5826614285,0.008708070914,0.009919278273,0.009726229571,0.2741963411,0.09628916278
C002838,3,0.004018995638,0.003818615873,0.003948335406,0.003557752703,0.009931129424,0.936073099,0.00403704128,0.03461503069
C002839,1,0.02200322655,0.02524196933,0.1530321514,0.02159895656,0.03200815563,0.03352179525,0.3335480196,0.3790457256
C002840,4,0.007005373904,0.6218774566,0.008759681355,0.006757001994,0.008682955382,0.1036897273,0.00608758567,0.2371402179
C002842,0,0.01968029942,0.02109311666,0.02133334419,0.01996689542,0.2370989696,0.02558548924,0.2285920101,0.4266498754
C002843,4,0.1112005965,0.07057313613,0.01104938628,0.02759803235,0.01196458451,0.6003272328,0.07779076033,0.08949627112
C002844,0,0.2160855007,0.01130061386,0.01070080942,0.01018561892,0.6401276781,0.01130364658,0.01166302324,0.08863310909
C002846,0,0.02532892623,0.02745751582,0.02738119474,0.02558847366,0.02733432443,0.02716787962,0.02716617225,0.8125755133
C002847,3,0.00543087355,0.006035630948,0.005913337871,0.005367996997,0.01050528426,0.023228805,0.009669056954,0.9338490144
C002849,1,0.02062271675,0.02220355035,0.5098589776,0.02020975692,0.02103400917,0.1330331461,0.02748649852,0.2455513445
C002851,4,0.02585888394,0.0271361781,0.02632873359,0.02483883927,0.02499400217,0.02658957709,0.02281174201,0.8214420438
C002852,1,0.008227255627,0.009701604622,0.2470399609,0.4744887165,0.01232984461,0.09369334562,0.01126767233,0.1432515998
C002853,0,0.006955153899,0.008528763803,0.3559154179,0.3943218356,0.0068526305,0.00855759952,0.006631023432,0.2122375753
C002855,2,0.08963368418,0.4145698226,0.01225542544,0.3364746909,0.01305730006,0.01035012392,0.01291154185,0.1107474111
C002856,3,0.008632408639,0.009874224152,0.009586474211,0.01224130596,0.05730857487,0.07675061407,0.4849009852,0.3407054128
C002859,1,0.07580244705,0.8124022099,0.001713545635,0.001664303881,0.00250011546,0.02060908877,0.04482578907,0.04048250027
C002861,1,0.001769729074,0.01757658969,0.002402421838,0.006039612722,0.00322372276,0.002732245521,0.003250758874,0.9630049195
C002862,2,0.006065598682,0.6067131786,0.005590625854,0.005965522835,0.2911283579,0.00604181739,0.007391156308,0.07110374241
C002863,1,0.02123787818,0.02357635875,0.02140651238,0.02097535543,0.03340992406,0.02264862072,0.03404317542,0.8227021751
C002866,2,0.009914477536,0.6887865303,0.01132355259,0.009839436385,0.1941172587,0.008665304026,0.01030013134,0.06705330912
C002869,2,0.01085010381,0.01219718164,0.01108774148,0.5152402528,0.006981464633,0.01048573152,0.06998145511,0.363176069
C002870,0,0.07609772956,0.002717594747,0.002603227682,0.002424476368,0.002791153946,0.002698735572,0.8740951079,0.0365719742
C002871,0,0.002266065235,0.002604612633,0.7971751777,0.07334647126,0.002814371283,0.08215489041,0.002816489303,0.03682192222
C002876,0,0.004003902581,0.004557902316,0.01863396044,0.003975639023,0.004678447882,0.00456539629,0.004602207988,0.9549825435
C002877,0,0.005007689098,0.1224213369,0.005459858974,0.4338560111,0.3292110144,0.005842954543,0.006364863815,0.09183627116
C002879,1,0.07939691507,0.006830332751,0.09465183763,0.00606553547,0.02082531324,0.2333876157,0.4758700193,0.08297243082
C002880,2,0.1962814643,0.01844548443,0.01925233675,0.1009473839,0.02126533795,0.109140421,0.0211328604,0.5135347114
C002883,1,0.005594132259,0.01679585442,0.2446980074,0.6140815843,0.02272877386,0.006085016193,0.02238945663,0.06762717494
C002884,2,0.006292357849,0.04420782912,0.2179593042,0.006293443106,0.0764339147,0.5632443778,0.00705851895,0.07851025424
C002885,1,0.01073490975,0.01178941062,0.7972203567,0.01076317241,0.01422447074,0.01181528831,0.01425103657,0.1292013549
C002889,0,0.003557299942,0.003839123916,0.003720503715,0.0474302273,0.7483822294,0.1642950242,0.003878738822,0.02489685271
C002890,1,0.02752373645,0.00146489515,0.001223189321,0.01272615878,0.001869070838,0.9273303393,0.003314277367,0.02454833276
C002891,4,0.2203657182,0.09913575548,0.4572384139,0.005692753139,0.007245117324,0.006141809194,0.006950935527,0.1972294972
C002892,2,0.004654469128,0.08048436271,0.003719105877,0.003645752787,0.004541615153,0.003125685156,0.004545282738,0.8952837264
C002894,1,0.01881654084,0.02101597502,0.01911994126,0.01868204773,0.02975067142,0.02041516216,0.03031780733,0.8418818542
C002895,0,0.7269128546,0.003236254758,0.002898485771,0.00261842029,0.003525108345,0.003211750956,0.00346607554,0.2541310497
C002896,1,0.01047042469,0.7858578243,0.01054148649,0.01042455767,0.03271912726,0.01155712593,0.01518714445,0.1232423092
C002898,0,0.0119113674,0.2569367038,0.01321806066,0.5935103063,0.009961972166,0.01328650072,0.01359057336,0.08758451559
C002899,3,0.01182325822,0.01300932109,0.02144523197,0.01163763903,0.01435851599,0.01288552579,0.03806012018,0.8767803877
C002900,3,0.005327294261,0.005354491452,0.08328842404,0.005575801733,0.2938871224,0.413545686,0.1407447713,0.05227640878
C002902,1,0.004697575856,0.005273571808,0.4849660904,0.004768201916,0.4434953179,0.005611808713,0.007292880635,0.04389455271
C002903,3,0.01194218394,0.004637991959,0.007236598946,0.03184285985,0.004975248989,0.02026756103,0.004593811742,0.9145037435
C002907,2,0.02188407053,0.02326741102,0.02148606799,0.08917521736,0.0796049266,0.01790120318,0.1327750374,0.6139060659
C002908,0,0.002498581427,0.1709507291,0.1146061963,0.00252602639,0.6545585292,0.004751651873,0.004696704109,0.04541158156
C002909,3,0.02574009285,0.0272378608,0.08613010555,0.02533549095,0.03115980418,0.0273676244,0.0307721523,0.746256869
C002910,3,0.002640679616,0.00296470592,0.002877146636,0.002579563888,0.003516130483,0.002928866868,0.8236193715,0.1588735351
C002912,1,0.01053312874,0.01179538024,0.03829570451,0.01065481758,0.01542472129,0.7962900675,0.01532507211,0.101681108
C002913,4,0.00771440308,0.01000161755,0.002617204239,0.002594479786,0.003417496215,0.002741239401,0.00331212726,0.9676014325
C002916,4,0.006864101576,0.007396158699,0.1079909315,0.006561918445,0.008123624788,0.04015039179,0.6849292276,0.1379836456
C002918,2,0.01847627788,0.01921556136,0.01962820911,0.01021041757,0.02202683616,0.016297045,0.7347250865,0.1594205664
C002919,3,0.007417932085,0.004602595214,0.004621149965,0.004102632587,0.008835522719,0.02396354969,0.003867413715,0.942589204
C002920,2,0.004624012582,0.07271185958,0.003431555076,0.003378484069,0.8482730644,0.003077355644,0.009118263877,0.05538540477
C002924,2,0.003742154619,0.003972877604,0.7292081347,0.003635794692,0.00411702035,0.1937716665,0.004092690536,0.05745966106
C002926,2,0.01435099779,0.004329288259,0.004588109866,0.004472462509,0.004140688775,0.002044771069,0.003826206881,0.9622474748
C002927,3,0.001763531448,0.9090557202,0.001906413202,0.001742476405,0.02001560985,0.001941934022,0.01169863375,0.05187568116
C002928,1,0.007348371047,0.008136604024,0.007409006418,0.007235068071,0.01102892698,0.8671027581,0.01098627127,0.0807529941
C002931,3,0.1009758635,0.01517964732,0.624301762,0.003891154596,0.1094028187,0.00420950362,0.07302729321,0.06901195704
C002932,0,0.01656934248,0.01816508798,0.01812949654,0.7401811024,0.01806170234,0.01805078229,0.01767575765,0.1531667283
C002934,0,0.01882506514,0.006305483084,0.003584964281,0.003448448169,0.002156260492,0.01491706049,0.00216910886,0.9485936095
C002935,0,0.0009809936214,0.001190399284,0.7425535788,0.0009827200921,0.2056576999,0.01395493076,0.001350624359,0.03332905324
C002940,2,0.003377748395,0.003468432956,0.003420010741,0.8132275702,0.1493510367,0.002984157737,0.005200139216,0.01897090413
C002941,2,0.008384803193,0.112185491,0.008368446004,0.008372295273,0.008796887068,0.7525187159,0.04803836202,0.05333499955
C002942,0,0.03047047922,0.005707843015,0.005015566251,0.1430594486,0.006357599158,0.3839851113,0.2858846724,0.1395192801
C002943,4,0.02518007623,0.02624934851,0.02528704506,0.02412186979,0.02829334248,0.02538674765,0.02822747244,0.8172540978
C002948,3,0.01277309846,0.007228467852,0.007344135815,0.3314895484,0.007829504767,0.007217748454,0.5503782245,0.07573927183
C002953,0,0.005743371954,0.9175022161,0.006202855039,0.005790402727,0.004008653699,0.00635860025,0.002943675776,0.05145022442
C002955,3,0.02892399152,0.03030225665,0.03209258127,0.02871514638,0.06737582656,0.03048262679,0.05240114923,0.7297064216
C002957,4,0.01069735114,0.01125383892,0.09037525603,0.0104585175,0.01274701244,0.01122855551,0.6772005258,0.1760389427
C002958,3,0.1240481016,0.003853013861,0.003938695203,0.003514231651,0.004112368358,0.8279830176,0.003962024982,0.02858854677
C002964,2,0.008991704211,0.6489558792,0.00938092988,0.009352312455,0.01021467438,0.008090565553,0.01023970799,0.2947742263
C002966,3,0.0110503369,0.01217322552,0.1138122866,0.01068149946,0.01366240023,0.3622321252,0.1743385075,0.3020496185
C002967,1,0.1231275404,0.002255112767,0.00211523665,0.002107748467,0.2881844338,0.00230119677,0.5598502401,0.02005849104
C002970,1,0.004927903761,0.005567857026,0.04788606524,0.5464678683,0.006652718241,0.005596476389,0.2938076561,0.08909345492
C002971,3,0.02028170785,0.02315807026,0.02254993506,0.2080836187,0.03364754297,0.07033074884,0.03286427016,0.5890841061
C002973,3,0.01721000248,0.1018672632,0.00486345922,0.02244289901,0.005878958938,0.004964729178,0.005638383013,0.837134305
C002975,1,0.002351394508,0.5048787679,0.002392914634,0.002296511775,0.003428610648,0.002531061981,0.4272145414,0.0549061971
C002977,4,0.01423649123,0.01476296884,0.01415548848,0.193110012,0.5659312713,0.03246183727,0.01570573721,0.1496361937
C002987,4,0.706372116,0.008172947608,0.05263007996,0.1419724694,0.008600216945,0.008073189917,0.00855627726,0.06562270288
C002988,2,0.01229690796,0.01298210329,0.0139012178,0.01217515333,0.01418491348,0.1153280481,0.5762408356,0.2428908204
C002989,1,0.0157817813,0.1252452206,0.008005534266,0.09274010155,0.01367110455,0.009307733948,0.0134929524,0.7217555714
C002990,2,0.00756318362,0.006539146661,0.04141174359,0.06540404947,0.008783255264,0.006003778492,0.007029387948,0.857265455
C002994,2,0.01492099558,0.01613426751,0.01566462735,0.01526286646,0.01795476138,0.6674723478,0.01750969219,0.2350804417
C002996,1,0.001521795932,0.001788303119,0.001587708411,0.001528588174,0.002381343902,0.001724289899,0.9190584307,0.07040953987
C002998,2,0.571517187,0.02379859643,0.02299913493,0.02117908375,0.123652413,0.0190883574,0.05640543269,0.1613597948
C002999,0,0.0227653587,0.02558092703,0.02500132866,0.02258338883,0.03881269863,0.02497878661,0.0259665793,0.8143109322
C003001,1,0.006704976209,0.08737105542,0.6552025657,0.1459102727,0.01496176185,0.007284828631,0.01469055204,0.0678739875
C003004,3,0.01661837912,0.01842454851,0.2142928799,0.03294334177,0.08981213216,0.06189936998,0.06736545136,0.4986438972
C003006,1,0.01459142928,0.02526210922,0.01486336118,0.3759363403,0.01866941145,0.01592295545,0.01850847751,0.5162459156
C003007,2,0.01258385476,0.08001659676,0.1022429278,0.01230797551,0.01521990785,0.0103396395,0.015267572,0.7520215258
C003008,4,0.3604490107,0.00804385705,0.00759925416,0.00744111897,0.4689000267,0.007939709074,0.08559594808,0.05403107527
C003009,2,0.7550044509,0.01775699132,0.01727057891,0.01319914557,0.01983578636,0.01412753833,0.01978328225,0.1430222264
C003010,0,0.02330269243,0.02411882602,0.02405554186,0.023078976,0.0262522564,0.02399639358,0.0259776844,0.8292176293
C003011,0,0.005841868173,0.006743311432,0.5911110379,0.04269061157,0.1584405669,0.006868471857,0.01274869373,0.1755554385
C003015,0,0.008054402309,0.009289992834,0.008899519738,0.008195661465,0.009235258582,0.009083475146,0.8817349427,0.0655067472
C003017,0,0.008317189078,0.009825392894,0.009287123758,0.5899169216,0.01084004897,0.009911527453,0.01104418784,0.3508576084
C003020,3,0.2412643154,0.01128846254,0.06649798771,0.4006821877,0.01387170299,0.100347494,0.01347647221,0.1525713774
C003023,1,0.05443359049,0.01934725607,0.0156771873,0.6151046841,0.01861419053,0.01458356057,0.01870567924,0.2435338517
C003024,3,0.008689980308,0.00883792479,0.009700572905,0.4974434852,0.2677686489,0.133490789,0.009271489942,0.06479710899
C003025,1,0.007348504453,0.008208621626,0.6280749073,0.007383745508,0.009541398505,0.2237871974,0.009560156557,0.1060954686
C003026,3,0.003924264366,0.004185539341,0.8288071051,0.02149761858,0.004621704414,0.04476488914,0.004354829817,0.08784404924
C003031,2,0.04723232915,0.01195682695,0.01065152463,0.01075027121,0.05000272103,0.009208036018,0.01235386988,0.8478444211
C003034,0,0.004146890323,0.006018477055,0.5746184661,0.005563546003,0.3633814673,0.005978133801,0.003414432252,0.03687858716
C003035,0,0.01790509724,0.01979055768,0.0144144454,0.01740879515,0.02117821517,0.761456178,0.0214018061,0.1264449053
C003037,0,0.04915942891,0.005583782334,0.005558892794,0.5746280247,0.006185845656,0.3179050247,0.00620038314,0.03477861772
C003038,1,0.1193734649,0.007088976081,0.005001297144,0.005622158181,0.5136673796,0.006700727726,0.006261183221,0.3362848132
C003041,0,0.005118278867,0.006077128946,0.006166374492,0.005107056392,0.03991921151,0.02625384748,0.006174960991,0.9051831413
C003044,1,0.00712332381,0.005449094487,0.003300333636,0.006355661806,0.004555163891,0.001899507257,0.004505579025,0.9668113361
C003046,0,0.02469132278,0.02675285601,0.02641663971,0.02470827728,0.02651010158,0.02647165748,0.02634737057,0.8181017746
C003049,0,0.02085397161,0.2183431183,0.02226668726,0.3562441713,0.02247522221,0.02222381424,0.1920209342,0.1455720808
C003051,2,0.008655731236,0.009710346712,0.008890627872,0.1541481436,0.5540238275,0.007272579338,0.01042520128,0.2468735425
C003054,1,0.02067351516,0.024162753,0.02090056806,0.02093974321,0.03193895668,0.02363790568,0.03315404445,0.8245925138
C003058,2,0.004331842586,0.6416024207,0.004429166561,0.004331798092,0.005249301935,0.003790448436,0.2139426934,0.1223223282
C003060,2,0.1351323077,0.3117829658,0.02510476394,0.02660800779,0.02700588885,0.2143393866,0.02713600918,0.2328906702
C003062,3,0.00365564586,0.003864462652,0.008396888836,0.8327706702,0.004435229832,0.003888466494,0.1068905894,0.03609804672
C003065,4,0.003193109254,0.003499522129,0.003225880455,0.003105714029,0.8490742708,0.002708620982,0.003931586433,0.1312612959
C003066,2,0.01242151535,0.01292248723,0.01276580282,0.1968287178,0.5600809754,0.1014015431,0.01551828686,0.08806067141
C003067,1,0.00743565425,0.008246945966,0.007269979356,0.06986631238,0.01080003791,0.7970592247,0.01084872118,0.0884731243
C003071,2,0.3834440391,0.3752637432,0.009229308083,0.008876748891,0.1041480538,0.007552931432,0.01047952473,0.1010056508
C003072,0,0.02604545826,0.002552828664,0.02643747558,0.002207495603,0.002649528135,0.002559473706,0.005539568354,0.9320081717
C003073,4,0.02806763484,0.02889397052,0.02799566717,0.02642454821,0.03323200111,0.02791905721,0.03313074757,0.7943363734
C003075,2,0.005337517142,0.006134026701,0.5528911742,0.005342344449,0.3244028636,0.0563195499,0.003800616488,0.04577190758
C003076,0,0.003441039525,0.00224890328,0.003701093111,0.9202623482,0.03822341035,0.003831477801,0.004325654028,0.02396607366
C003079,4,0.006192725948,0.254933956,0.4690352193,0.006104339588,0.05140996014,0.08611042253,0.007540960549,0.118672416
C003083,2,0.01524432068,0.02270183247,0.02102870606,0.376389644,0.02529161541,0.217141825,0.02344134613,0.2987607102
C003084,4,0.02664297007,0.004590680864,0.004097323615,0.02802937441,0.00490736323,0.003560529088,0.0242172332,0.9039545255
C003085,2,0.2257765681,0.009241902933,0.008555024082,0.1454105446,0.4192980621,0.007222627591,0.1097940982,0.07470117234
C003086,1,0.009712522628,0.01126220554,0.2249592802,0.009670736314,0.6226177293,0.0107578175,0.01240769035,0.09861201818
C003095,2,0.1232506643,0.04208592901,0.04165063417,0.04132842325,0.04929526766,0.03629657637,0.03846056865,0.6276319366
C003096,2,0.002898416979,0.003189429393,0.002874881505,0.411499809,0.003422609465,0.002511538901,0.5054694747,0.06813384003
C003098,0,0.02460653088,0.02665951148,0.02653417472,0.02482035859,0.0263351851,0.02638067372,0.02601750188,0.8186460636
C003099,0,0.003890626211,0.004579004226,0.004139161243,0.06774882334,0.04022489675,0.009462129891,0.009457877811,0.8604974805
C003100,1,0.04149898049,0.01580943716,0.1030830355,0.01361487476,0.02021057962,0.3162149053,0.06228808577,0.4272801014
C003106,0,0.001439184222,0.03600690277,0.9068144709,0.001445666818,0.001808126279,0.001715568051,0.007817541607,0.04295253939
C003108,3,0.007129944625,0.1105185756,0.00784670858,0.2723315619,0.2747191024,0.2589712873,0.007933949965,0.06054886954
C003110,4,0.008004221698,0.008342072596,0.7021407985,0.007629470502,0.008913337763,0.008130036752,0.008882940172,0.247957122
C003112,4,0.01809445664,0.7025292496,0.01870826104,0.01781877156,0.01925775742,0.0896200126,0.01908964629,0.1148818448
C003113,1,0.004207973766,0.0048148732,0.005871878983,0.005819310045,0.01799672388,0.004534444034,0.01692401658,0.9398307795
C003114,3,0.003513429745,0.004666289635,0.003859559115,0.003158207751,0.004769517901,0.003899470667,0.004623051195,0.971510474
C003116,4,0.002845943738,0.00317800272,0.002835137958,0.002797606373,0.02465618845,0.002986458949,0.003372719589,0.9573279422
C003118,0,0.005308750703,0.006130812024,0.005893339885,0.005376514553,0.006258980778,0.8974334133,0.006213774953,0.06738441376
C003119,3,0.009876847378,0.01039964667,0.01063924441,0.009672841903,0.0114130696,0.8592825032,0.01097635547,0.07773949133
C003122,0,0.006928821543,0.00819923434,0.007723874438,0.890452041,0.008292704913,0.008086261199,0.008216145506,0.06210091704
C003124,0,0.01125006073,0.01334351748,0.01178517578,0.02067236838,0.01415098463,0.2508239362,0.01397317832,0.6640007785
C003126,3,0.01188242612,0.01357743827,0.01458114249,0.7671182306,0.01432965381,0.0138000096,0.01370630167,0.1510047975
C003127,1,0.007597124823,0.008913559705,0.007836766171,0.8014890932,0.01236038685,0.01162274331,0.01213933869,0.1380409873
C003129,4,0.01082232541,0.0108919879,0.6775227706,0.01090289066,0.1901389844,0.01094394019,0.01118542289,0.07759167796
C003132,2,0.01453837015,0.0152191049,0.01486702199,0.01424974546,0.01682763144,0.01252617564,0.664249197,0.2475227534
C003138,3,0.3345047052,0.00664802318,0.006699907692,0.00616455519,0.006738817819,0.5801313184,0.006790464327,0.05232220817
C003139,1,0.002948112126,0.07278766894,0.002971347428,0.002940561229,0.02060540717,0.01690327617,0.7939164696,0.08692715737
C003140,1,0.7848080298,0.01705556872,0.003619615934,0.003556837755,0.02702464478,0.07551517804,0.004557986262,0.08386213875
C003143,4,0.008314780704,0.008679764335,0.008438524903,0.8765029817,0.009203955901,0.008615549704,0.009232401112,0.07101204163
C003144,1,0.00461881622,0.005361631167,0.8455745846,0.003639755106,0.00741374426,0.01921012482,0.006783442743,0.1073979011
C003145,0,0.005534542708,0.004460543533,0.004156292331,0.0168393713,0.003208919196,0.004431928349,0.004281004437,0.9570873981
C003146,4,0.01221544119,0.01323845775,0.01234611584,0.00568733397,0.05998356806,0.01254591447,0.5652998684,0.3186833004
C003147,4,0.03808060905,0.04212329634,0.1402476666,0.2292058817,0.04358458899,0.04114583882,0.04178208538,0.4238300332
C003148,0,0.01645847084,0.003024552308,0.002788965373,0.005691158218,0.00314850181,0.004843794558,0.003109354139,0.9609352028
C003149,2,0.2870861439,0.00435677068,0.004151299226,0.004149049072,0.004772200803,0.6033320133,0.004760570903,0.08739195218
C003150,0,0.6607273419,0.03676230361,0.009805939135,0.009051086993,0.0103644843,0.009532890388,0.2042471873,0.05950876633
C003152,1,0.003150425932,0.00860616035,0.003274053915,0.003194539328,0.004705579987,0.003640946691,0.009454668118,0.9639736257
C003153,1,0.006290241787,0.1405038955,0.4312102346,0.006293585779,0.0324747492,0.006898636249,0.2827551556,0.09357350137
C003154,0,0.01809100338,0.09146635804,0.01967889269,0.01800027214,0.3391796675,0.02019621248,0.2371179828,0.256269611
C003155,2,0.0263436507,0.0276802207,0.026821,0.0257570507,0.03272907843,0.02189627325,0.03222693546,0.8065457908
C003157,1,0.02063215487,0.2955241815,0.02085716672,0.01996434096,0.01247323744,0.009473651732,0.03332693216,0.5877483346
C003160,1,0.005196300809,0.5759714924,0.004150953363,0.005190981105,0.07683916419,0.005961224563,0.2279278721,0.09876201143
C003162,3,0.004107191454,0.004520914884,0.8825537881,0.055887081,0.004887800442,0.004427139122,0.005339973171,0.03827611178
C003163,0,0.3836809088,0.01691864692,0.2521695507,0.01190523984,0.1005134203,0.01653841184,0.01688149885,0.2013923228
C003164,0,0.007246448446,0.01044393834,0.01053989166,0.01007737685,0.3144444817,0.01013577293,0.5736378763,0.06347421369
C003167,2,0.00268299448,0.003037566146,0.002877241719,0.7089204709,0.003492020355,0.002261894348,0.2520875469,0.02464026515
C003176,1,0.005987352485,0.00655093243,0.005963421875,0.821130274,0.008314364898,0.0285957127,0.05491568201,0.06854225965
C003178,4,0.007014469904,0.007207544656,0.1253848181,0.006781909678,0.6926026201,0.0385218588,0.007605661297,0.1148811175
C003180,1,0.003389204233,0.006146592973,0.9458310097,0.004581686732,0.00209968953,0.005491852322,0.002116265459,0.03034369906
C003184,1,0.3257373866,0.009642757442,0.008683895654,0.008052391989,0.01728877658,0.00902870413,0.5053789356,0.116187152
C003185,3,0.2076391115,0.02745989445,0.03249435237,0.02409508448,0.03108853043,0.02670066602,0.110262303,0.5402600577
C003186,2,0.02616060583,0.02691238024,0.02597764678,0.02527555674,0.03146933207,0.02207418923,0.03139760216,0.810732687
C003188,4,0.004356779792,0.004544762311,0.00428903256,0.004256298978,0.9235859298,0.02143800353,0.004651793623,0.03287739944
C003189,1,0.02099537349,0.02333404265,0.07665690277,0.02079493009,0.03529400143,0.02270402116,0.03265210546,0.7675686229
C003191,1,0.003710280439,0.4876131684,0.00381496743,0.003714187238,0.005613029776,0.004183392564,0.4502703318,0.04108064231
C003194,3,0.005198858919,0.914919951,0.01412315797,0.005114232595,0.006373872405,0.005621072167,0.005529111637,0.0431197433
C003196,1,0.09171576808,0.0316564538,0.006304278993,0.01638312595,0.005633702752,0.006828709259,0.7519445129,0.08953344826
C003197,0,0.008577357542,0.009693976273,0.3444783643,0.008611559599,0.00971905834,0.009598701031,0.5269269177,0.08239406525
C003198,4,0.04074773264,0.0207984863,0.6423124046,0.1867663634,0.01111675285,0.009112969606,0.01209599752,0.07704929305
C003201,2,0.02862921215,0.03056135208,0.02936551072,0.02789269944,0.03516591152,0.02372095554,0.03564950422,0.7890148543
C003202,4,0.01451512963,0.01506246865,0.01436965971,0.01412286911,0.7805574876,0.01484992387,0.01517720964,0.1313452518
C003203,4,0.003994647389,0.004183815986,0.00400844654,0.003874378317,0.9385801418,0.004128375905,0.004379973856,0.03685022026
C003205,4,0.004046525296,0.4239844002,0.3698027583,0.004011157437,0.1562833891,0.004226463791,0.004540543102,0.03310476284
C003206,1,0.6667513941,0.0089273259,0.008231694949,0.008225463385,0.07900343408,0.1224956153,0.01033937985,0.09602569247
C003210,0,0.003568568834,0.5190181047,0.3260671799,0.003556462268,0.004647034523,0.0041467721,0.07526171352,0.06373416413
C003211,4,0.01606371955,0.01684414248,0.01623746083,0.0157996729,0.7356237278,0.01676130722,0.01761088369,0.1650590855
C003214,1,0.009620177832,0.04719438841,0.009781423233,0.009528113953,0.4197328251,0.3483767379,0.0131659585,0.1426003751
C003216,0,0.003889323432,0.1434462994,0.004084458412,0.00389851705,0.04357544609,0.004095547466,0.7732357868,0.02377462127
C003217,2,0.4316880843,0.2361108528,0.008068550393,0.007966699534,0.01020968348,0.00681265008,0.01007467943,0.2890688
C003218,0,0.002591990857,0.003078712915,0.9089859954,0.002581802209,0.01494595991,0.003065332749,0.003170766018,0.06157943999
C003220,4,0.01587898303,0.01445869017,0.01346434199,0.2072797548,0.01563411547,0.06433801303,0.05503780086,0.6139083007
C003223,4,0.01570390587,0.01862633581,0.01788081065,0.01716359055,0.3674779278,0.01830010865,0.1228986078,0.4219487129
C003228,2,0.0112702347,0.4008687802,0.4735028439,0.01088624092,0.0122581837,0.009685291144,0.01212157273,0.0694068527
C003229,2,0.01130053524,0.01205969335,0.01204797006,0.01129719428,0.4234031857,0.009970080522,0.1886799243,0.3312414165
C003231,0,0.00491494217,0.03538543808,0.1490052171,0.06062791766,0.005867772972,0.003026260318,0.005775028775,0.7353974229
C003232,1,0.3815637809,0.008433046529,0.485406975,0.007784172953,0.009900719312,0.008460338781,0.009973500852,0.08847746573
C003233,3,0.01007636599,0.0109987503,0.4351948614,0.009915546776,0.1856784714,0.01521961927,0.1926266717,0.1402897131
C003234,4,0.005024040563,0.005208169718,0.004961009247,0.004796866,0.6580659983,0.005406326063,0.08696503141,0.2295725587
C003238,2,0.008649171376,0.0111695216,0.1008508673,0.5550178378,0.009418082122,0.0563994171,0.1067284576,0.1517666451
C003240,2,0.0076503636,0.008388503598,0.008040376413,0.00804149391,0.6788266244,0.006947095714,0.08941537738,0.192690165
C003242,3,0.00367667608,0.003698347018,0.004011367651,0.008598965696,0.004401168948,0.01400591891,0.0359289511,0.9256786046
C003243,0,0.00899037536,0.139718598,0.009962848754,0.3614167748,0.01081454468,0.2422641568,0.01069185854,0.216140843
C003244,4,0.002576325848,0.002837761047,0.002057744272,0.002588522682,0.865025088,0.002701000395,0.003296034845,0.1189175229
C003246,1,0.004362577921,0.004895139399,0.004440677964,0.00438193473,0.003937908181,0.8541446557,0.003764736548,0.1200723696
C003247,2,0.01374901381,0.01556641324,0.08488200878,0.03885825241,0.0165873205,0.1381372662,0.1042466323,0.5879730928
C003248,1,0.002886482363,0.004551007762,0.2073517598,0.002827160585,0.003904676078,0.7355280586,0.003888503199,0.03906235163
C003249,0,0.8613854618,0.003003252726,0.002931120169,0.002740283497,0.01144389292,0.002911852143,0.09421359621,0.02137054052
C003250,2,0.004723160277,0.005031633419,0.7286812456,0.05670978864,0.005441732789,0.003934109509,0.1344579579,0.06102037194
C003252,1,0.5073619212,0.009124069764,0.263692834,0.008104770904,0.01352908977,0.00887397631,0.01422967258,0.1750836655
C003254,3,0.009814801877,0.01048363042,0.01081903385,0.84277278,0.01150691925,0.0105183967,0.01128979057,0.09279464733
C003256,4,0.01139868035,0.1771642764,0.04221067482,0.01068268903,0.6307804493,0.01145881507,0.01256291293,0.1037415021
C003257,2,0.0268308061,0.03706413895,0.02867883741,0.02714975175,0.03215282491,0.023416438,0.03194194728,0.7927652556
C003259,1,0.004132337209,0.6569687696,0.004328570993,0.004111054021,0.004816417616,0.1072490304,0.1619252965,0.05646852367
C003260,2,0.02741767681,0.02960169066,0.02781816616,0.02710051991,0.03342594517,0.02331043702,0.1189656129,0.7123599514
C003261,1,0.03686605624,0.008358474118,0.02485098726,0.06801578085,0.01054058315,0.007952877383,0.008812389888,0.8346028511
C003266,4,0.08478858369,0.003815983105,0.1430645548,0.003586316449,0.003912129824,0.003756491638,0.7298819183,0.02719402226
C003268,4,0.005069321029,0.003622347508,0.005179209079,0.005263247287,0.00466463807,0.0111611073,0.003838677689,0.961201452
C003270,0,0.004860991783,0.005487973993,0.005378213164,0.1127372975,0.005337298009,0.6842641535,0.00532727226,0.1766067998
C003278,0,0.02092945002,0.1813599218,0.08983492007,0.01284619013,0.01500568653,0.01473237035,0.01503506616,0.6502563949
C003280,1,0.01840035422,0.02120574939,0.01895451185,0.01826293369,0.02672745542,0.02558392571,0.02684936958,0.8440157001
C003281,0,0.01355865176,0.03066693635,0.01467812638,0.01345535161,0.2153406288,0.01601642478,0.2310275971,0.4652562831
C003282,2,0.01222160102,0.01375072132,0.01267072651,0.01266847604,0.01513900116,0.1850637677,0.0151942622,0.7332914441
C003283,1,0.006849399219,0.5809708477,0.006923733581,0.006806007586,0.1370040766,0.01421011673,0.1614277624,0.08580805611
C003285,4,0.008896156468,0.3628021619,0.0093717198,0.008928199932,0.2118010226,0.2255503375,0.1022900764,0.07036032545
C003290,1,0.01494845759,0.05874840212,0.008040037856,0.01477812007,0.02179822138,0.01484086608,0.02172789012,0.8451180048
C003294,4,0.007421780487,0.007574901037,0.007333284408,0.7113299942,0.1952938042,0.007435788015,0.00746920977,0.0561412379
C003295,4,0.2527889314,0.004696495483,0.6888051406,0.004299406973,0.005136701323,0.004440121245,0.004808610116,0.03502459284
C003299,3,0.004508022929,0.005136316852,0.00421938343,0.004400813828,0.03735087916,0.02026933906,0.005537373089,0.9185778716
C003301,1,0.007644348212,0.008583506607,0.007563640071,0.006248445604,0.01087798247,0.809119555,0.01081139686,0.1391511251
C003302,1,0.007240879232,0.04763693352,0.4651047312,0.007310227131,0.1781659818,0.008475079441,0.09512455392,0.1909416138
C003303,4,0.02398380939,0.02491151629,0.03326496317,0.0228437732,0.02644238156,0.0244964818,0.0263825927,0.8176744819
C003305,3,0.004253702044,0.03342175573,0.01251396732,0.0481360583,0.005780436091,0.004799491979,0.003252462071,0.8878421265
C003306,4,0.005936495111,0.2681765204,0.2300377855,0.01130413201,0.01312078724,0.3775734067,0.01244487023,0.08140600282
C003308,4,0.01602593578,0.01711487985,0.2770763026,0.01575083136,0.01894205392,0.01669825644,0.5268747963,0.1115169438
C003310,3,0.04883883629,0.01185469336,0.003771462168,0.003292304356,0.005320995509,0.003744481667,0.003966811723,0.9192104149
C003311,3,0.01138513607,0.01206874868,0.01222632131,0.01124121325,0.8397454174,0.01216919605,0.01221056105,0.08895340621
C003312,2,0.004465037191,0.004858300925,0.002482718932,0.004320043483,0.02888678936,0.003885170818,0.006090287856,0.9450116514
C003313,1,0.02020057119,0.02248914799,0.02058060291,0.02016259123,0.02640352875,0.02196227715,0.0254813426,0.8427199382
C003315,4,0.02248244109,0.1754086494,0.02297395819,0.02125290665,0.02567223484,0.01431482635,0.02528533412,0.6926096493
C003319,2,0.2017615893,0.0905793685,0.004316048272,0.004262201755,0.003412674066,0.004007153785,0.5927753718,0.09888559255
C003322,2,0.9151304132,0.03723381638,0.003622084132,0.003502106375,0.004115305041,0.003201734369,0.004060309891,0.02913423058
C003325,2,0.02640730374,0.02773153521,0.02722171835,0.03416142722,0.03024926522,0.02359280047,0.1177348204,0.7129011294
C003326,0,0.002658051581,0.007116208265,0.002907517027,0.00270755772,0.01241080003,0.003122260685,0.8664268599,0.1026507448
C003327,4,0.324856837,0.02134728374,0.02104727085,0.4141766234,0.02270537189,0.02100272275,0.02257836563,0.1522855247
C003330,3,0.009441392797,0.009807882789,0.7109300389,0.00931272988,0.01048113725,0.009843308134,0.01005759313,0.2301259171
C003332,2,0.001967915402,0.002141739412,0.01447903475,0.8668443414,0.06761808814,0.001848098852,0.00240900186,0.04269178016
C003333,0,0.003131934988,0.2626896111,0.003408862937,0.003084084354,0.007992322315,0.003688131143,0.6412894634,0.0747155897
C003334,0,0.002757806994,0.325223645,0.005070749627,0.36056698,0.005816680691,0.005562264791,0.2163405516,0.07866132138
C003338,2,0.1216805141,0.01691191886,0.1035986743,0.01545648823,0.090217481,0.01310576789,0.1923385585,0.4466905971
C003339,3,0.1577568208,0.5830867872,0.02642891369,0.007897290812,0.009996370618,0.05635451158,0.009321114369,0.1491581909
C003340,1,0.00191689332,0.00235133085,0.00187421427,0.001867844134,0.8836686017,0.002108061309,0.003203753565,0.1030093009
C003342,2,0.004698578123,0.7272722286,0.007675005497,0.1731901423,0.008482920982,0.006679457203,0.0084915627,0.06351010456
C003343,3,0.7555739555,0.0214196076,0.01530108526,0.01350474598,0.01545492518,0.01469690451,0.01382877531,0.1502200006
C003345,3,0.003684922891,0.009217075931,0.004021478119,0.003625595118,0.002051764281,0.002026044741,0.002170307891,0.973202811
C003346,3,0.009077841155,0.8753563151,0.0108608125,0.009322124259,0.01124260953,0.009908354731,0.01061165147,0.06362029127
C003347,1,0.009583351301,0.0109725423,0.009775764512,0.08432475265,0.2915578096,0.05371559014,0.07579917332,0.4642710161
C003348,4,0.01194058108,0.001358690224,0.001242745011,0.001202678815,0.01755379719,0.03202336784,0.8512734049,0.08340473491
C003349,0,0.01347196475,0.6078209065,0.01463736889,0.01333284927,0.1440907106,0.01486361618,0.06410343404,0.1276791497
C003352,1,0.008251906929,0.01059168317,0.008365702892,0.1706159001,0.1275868874,0.06791852272,0.09093897519,0.5157304216
C003354,2,0.01183725144,0.00337881958,0.8782210445,0.003197048742,0.003792664951,0.002793241804,0.003804059135,0.09297586985
C003355,0,0.009097563037,0.5088047738,0.009786178634,0.009178046942,0.3330293424,0.01007916973,0.009919086949,0.1101058385
C003356,1,0.0104680635,0.01179433969,0.01055628259,0.2009992073,0.01582637578,0.6209306229,0.0156966009,0.1137285073
C003357,0,0.0009880662176,0.007910246999,0.02736009815,0.001989151428,0.002706813032,0.002064199434,0.002759754079,0.9542216707
C003359,3,0.007555723714,0.1810436941,0.1042455833,0.007446098865,0.02009065199,0.01151658507,0.1818887515,0.4862129115
C003361,0,0.01752395176,0.7560226913,0.01894165613,0.01028027187,0.02002505182,0.01878924367,0.01988475179,0.1385323817
C003362,2,0.01626812279,0.09480767219,0.01884192392,0.008923508292,0.00458752327,0.0160673763,0.006909603022,0.8335942702
C003364,0,0.008274293267,0.6229162417,0.009137783159,0.07415577664,0.009773800962,0.07967794259,0.1447673279,0.05129683385
C003365,1,0.1851722242,0.5386190763,0.003718248523,0.003640210449,0.1273665708,0.05102438009,0.004925402723,0.08553388687
C003371,2,0.01698777054,0.104006995,0.0167629027,0.5347094258,0.01827264398,0.1130488114,0.08678148069,0.1094299699
C003372,2,0.004113317889,0.004612528387,0.03331818578,0.00103677633,0.005169486107,0.00373323388,0.002281039591,0.945735432
C003373,1,0.008555948404,0.006668849164,0.3224218846,0.006190210509,0.007028426255,0.470586353,0.006965575104,0.171582753
C003374,2,0.03048803936,0.03213147966,0.03432306755,0.1431714289,0.03597749795,0.02838860903,0.0360809386,0.6594389389
C003375,2,0.01049511269,0.09016937173,0.07460926049,0.06663142619,0.01158048934,0.6582067632,0.01154487731,0.07676269907
C003376,3,0.01555051348,0.307561567,0.1123585055,0.04436002057,0.01833765129,0.09529992224,0.2887616923,0.1177701276
C003378,2,0.07353624289,0.03026059051,0.8660641593,0.001471277635,0.00173351041,0.004745566313,0.001696932432,0.02049172052
C003381,2,0.005930281061,0.006305430716,0.7426250874,0.1657621555,0.004531969821,0.004966382228,0.00792438334,0.06195430998
C003382,2,0.02955987996,0.04489843377,0.03310726287,0.02915734392,0.03238187197,0.02593283828,0.03310692612,0.7718554431
C003383,3,0.007389339207,0.01033931428,0.006193652073,0.005406457302,0.9077284865,0.005674625908,0.007069807592,0.05019831711
C003385,4,0.003284501246,0.8638026801,0.003140235055,0.003206325736,0.003805942354,0.003422707346,0.003786216453,0.1155513917
C003386,4,0.01749929728,0.01870416041,0.01749680945,0.7378365031,0.01961887243,0.0186168773,0.01952267728,0.1507048027
C003387,1,0.01895249441,0.02085962604,0.01910593656,0.01871873193,0.02727563808,0.03733379754,0.01623926554,0.8415145099
C003388,0,0.09055223782,0.02797602365,0.00856615999,0.007655781818,0.6361285403,0.008792529839,0.009255196153,0.2110735304
C003392,4,0.00504326303,0.1129106797,0.005205210894,0.005363498172,0.3108676665,0.1964405468,0.0178130681,0.3463560668
C003393,3,0.01067076764,0.01126066306,0.01190077864,0.01050831432,0.01280054358,0.7921878498,0.02963302764,0.1210380553
C003396,2,0.002452545818,0.00254236236,0.002813628081,0.002480704386,0.002827644833,0.1048666715,0.8181952642,0.06382117884
C003398,2,0.01060085089,0.1918212628,0.01067184885,0.01054143314,0.01144927021,0.6482464121,0.01134604599,0.105322876
C003399,2,0.007523460482,0.00217502724,0.01128302687,0.001938510345,0.4077435196,0.5224563656,0.002516352105,0.04436373776
C003400,2,0.3231221187,0.02209328549,0.1079474364,0.02052878837,0.2667384381,0.01763957514,0.02504002371,0.2168903341
C003401,1,0.02891624141,0.08464643539,0.05791223006,0.09353949258,0.04428868266,0.07092094814,0.04578363916,0.5739923306
C003403,1,0.002177473316,0.002422246043,0.002178632622,0.9657569008,0.003039103833,0.00240906266,0.003059276137,0.01895730459
C003404,0,0.007978299098,0.009068342606,0.7309638656,0.008188421465,0.05500824249,0.00901725616,0.04777872417,0.1319968484
C003405,2,0.01891593045,0.02056023839,0.187174565,0.01886348327,0.5056707027,0.01620003934,0.02391425131,0.2087007895
C003406,1,0.1165212619,0.009272554174,0.007778922525,0.4260957457,0.02404377458,0.008843167378,0.1971235272,0.2103210464
C003408,4,0.003817707767,0.004420792159,0.6718041225,0.2173379901,0.00500371297,0.004093790435,0.004955620501,0.08856626362
C003409,3,0.001510262298,0.001894275258,0.002957071323,0.04253386211,0.002010276251,0.00191063926,0.9328770717,0.01430654182
C003412,3,0.007572769705,0.008042379221,0.282084751,0.007463069595,0.008790440355,0.008092599985,0.6047444897,0.0732095005
C003414,4,0.005854384462,0.4540879449,0.005900626352,0.005792503128,0.006776195651,0.2089477364,0.2722495453,0.04039106382
C003419,1,0.006374772454,0.6987576507,0.006366766625,0.006190862046,0.008827517818,0.006828345391,0.1996287343,0.06702535062
C003420,2,0.006269013129,0.07954438499,0.3431745111,0.006127402028,0.007676284976,0.005499518937,0.3952617616,0.1564471232
C003421,2,0.02927035085,0.0305520903,0.03122317767,0.0291270672,0.03428936168,0.02679955152,0.03407107305,0.7846673277
C003422,4,0.01323736738,0.0157769167,0.01681827284,0.01280103883,0.5812953677,0.01445642438,0.03132321014,0.314291402
C003423,4,0.02482699119,0.02582877422,0.02477003048,0.02363898356,0.02706965222,0.02534739513,0.05229908868,0.7962190845
C003428,2,0.01578418323,0.01524526373,0.01467319922,0.01424271459,0.01697061014,0.7663635484,0.01681893141,0.1399015493
C003430,1,0.002813603655,0.07071214058,0.05605109246,0.002743844716,0.05663995994,0.7584956067,0.004179601228,0.0483641507
C003431,4,0.03360185003,0.3358097745,0.02691554352,0.5318811523,0.005277823721,0.005071740982,0.02542010284,0.03602201216
C003435,4,0.6536697248,0.01069515724,0.1964190181,0.03130207502,0.0110707931,0.01065403939,0.0110292573,0.07515993503
C003437,4,0.005897014662,0.006211691429,0.005944231808,0.6326122819,0.2805746191,0.006139268415,0.006712792652,0.05590810004
C003446,2,0.08275181393,0.5162507709,0.0240315643,0.1459229677,0.03296002153,0.02078334176,0.02762922422,0.1496702956
C003447,2,0.002717469096,0.003002727422,0.00278553039,0.002649268657,0.8634644871,0.002243153898,0.0033574438,0.1197799196
C003448,2,0.01431332779,0.119873181,0.02505289154,0.05377605218,0.0177393065,0.01300646236,0.01708041742,0.7391583612
C003449,3,0.008116051683,0.2388747806,0.5299259978,0.008023839892,0.01033742726,0.008862138884,0.01045472194,0.1854050419
C003453,0,0.00223992836,0.002504227139,0.002401806792,0.8971745893,0.002527787667,0.01149787716,0.002488843849,0.07916493973
C003455,0,0.01162066922,0.013347693,0.01306084208,0.7532599932,0.01429901793,0.01326268304,0.01406026333,0.1670888382
C003456,1,0.004400233729,0.5917887056,0.004405825228,0.004413759437,0.00609988778,0.004894451939,0.3387532615,0.0452438748
C003457,4,0.004725446873,0.05927197529,0.0129586891,0.006698131102,0.004971086085,0.05311868817,0.004936552625,0.8533194308
C003460,2,0.003548681404,0.003862385776,0.003549747141,0.003594086911,0.6503915253,0.003031925059,0.004768664293,0.3272529841
C003462,4,0.007999056097,0.1931445258,0.01130688853,0.03528745141,0.02264795645,0.07821464006,0.02209603764,0.629303444
C003466,0,0.07839260865,0.0134492406,0.01243099988,0.08379351828,0.0139019257,0.01323351393,0.01345969334,0.7713384996
C003468,2,0.5774432407,0.1209714174,0.007185720984,0.007085311168,0.008495536849,0.005966844669,0.2163928456,0.05645908261
C003469,2,0.003171817483,0.003514511925,0.003086183994,0.0026282441,0.003336430482,0.002375030174,0.003663350289,0.9782244316
C003470,0,0.4060053529,0.1174799393,0.03904191653,0.03598654144,0.04103685344,0.04047005859,0.04258295216,0.2773963857
C003472,4,0.009749518533,0.1097297512,0.009988786798,0.1657965204,0.2993096807,0.01013525058,0.3228915557,0.07239893611
C003473,0,0.004117107466,0.004847372587,0.09258551516,0.004171712097,0.005020271708,0.004871772493,0.7003644494,0.184021799
C003474,3,0.1889048064,0.03834971887,0.007710218388,0.006748258253,0.008507253375,0.007393322267,0.5957215023,0.1466649201
C003475,2,0.003382255504,0.004899586231,0.003559229288,0.9371940459,0.008957846827,0.005522816592,0.01032415208,0.02616006763
C003478,2,0.06665097127,0.01094306985,0.07488710818,0.01235784031,0.2203260804,0.00957629113,0.4859817502,0.1192768886
C003479,0,0.004309010447,0.1081328421,0.8092570118,0.004343270301,0.004720496642,0.03074553984,0.004701885891,0.03378994307
C003481,3,0.2016335491,0.006790922846,0.6289861162,0.005904240677,0.007697519605,0.04141846333,0.007433464868,0.1001357234
C003482,4,0.060953504,0.005884801796,0.003795231824,0.005155528498,0.3011553143,0.4629519686,0.006147371759,0.1539562792
C003484,3,0.2458558995,0.007176183484,0.6642598834,0.006751252267,0.007584322247,0.007169668724,0.007351941609,0.05385084884
C003487,1,0.006293930711,0.09688790875,0.006538901396,0.2618871239,0.5235710769,0.007163199426,0.009345836191,0.08831202273
C003488,1,0.002280442641,0.002876708473,0.03639473389,0.002091445889,0.003385439697,0.002511746112,0.003359521795,0.9470999615
C003489,4,0.003871183715,0.004054722,0.003871454289,0.003801752154,0.9429773322,0.00398038335,0.004247075924,0.03319609641
C003490,0,0.01278304213,0.01385654359,0.5838572779,0.01294894664,0.182315356,0.01372190519,0.07780392638,0.1027130022
C003491,3,0.009518851771,0.01091640316,0.03076168746,0.07050505268,0.01442872974,0.03685503185,0.01390006011,0.8131141832
C003492,4,0.03033974919,0.03373739345,0.03058108636,0.02935558588,0.01285516678,0.1186115912,0.01248300464,0.7320364225
C003493,2,0.02918659394,0.1362573619,0.03279776188,0.02852543836,0.03340583085,0.02657136789,0.03319195394,0.6800636913
C003494,2,0.004676216246,0.005326119078,0.6385444109,0.004665475888,0.005467158923,0.004119820201,0.235021206,0.1021795928
C003496,1,0.00616804185,0.01304525133,0.01193982561,0.0117623796,0.01357714808,0.0130871232,0.7913217687,0.1390984617
C003497,4,0.03250443043,0.03520592861,0.03220947679,0.03166073659,0.03722233411,0.1234240855,0.03668307603,0.671089932
C003498,4,0.02961765252,0.03060456721,0.03014657429,0.02859547555,0.01903018879,0.1915622237,0.02758136355,0.6428619544
C003504,3,0.02447244848,0.2260086999,0.02667440853,0.023674907,0.02666719623,0.02600609091,0.0252917114,0.6212045375
C003506,4,0.01844575797,0.0194367256,0.01824646927,0.3211902905,0.1704982483,0.2408001754,0.02308117758,0.1883011554
C003507,4,0.00820482971,0.008409295878,0.008148362508,0.04941507788,0.00416713211,0.8445524951,0.004264442758,0.07283836407
C003508,2,0.0577722928,0.02699686807,0.09133160858,0.02477526705,0.03145551485,0.5641998771,0.02923207696,0.1742364945
C003510,1,0.450986015,0.008114269006,0.007480697801,0.007281922493,0.0141677445,0.007918915298,0.4322563942,0.07179404169
C003514,2,0.01759649238,0.01951579867,0.06154540291,0.01683826874,0.01971452621,0.01484800228,0.4388986758,0.411042833
C003515,4,0.4286720405,0.02053679027,0.01660732355,0.01587475965,0.04420824875,0.0171284116,0.2786690544,0.1783033713
C003516,3,0.2521935573,0.006779391423,0.006990055061,0.1170678257,0.007622083519,0.00683901286,0.5511541596,0.05135391455
C003517,1,0.004961456114,0.00578446787,0.004975755129,0.3107041733,0.3480505107,0.06493717132,0.006765977794,0.2538204878
C003518,0,0.007414318699,0.3759310028,0.007748121882,0.4975498169,0.008354905566,0.007970330304,0.0344832853,0.06054821857
C003520,3,0.003978130593,0.004634389405,0.06340192073,0.003961525693,0.004803393035,0.004600786762,0.004338102034,0.9102817517
C003521,4,0.009302975234,0.01742737941,0.01584788473,0.01083450689,0.02925112554,0.4122914266,0.2241543621,0.2808903395
C003522,3,0.8312500644,0.008704351651,0.0369593384,0.008054370628,0.009746235641,0.008723435951,0.009094534919,0.08746766841
C003526,2,0.00578681642,0.01446509748,0.01419925354,0.01093655226,0.8022799347,0.01147203927,0.01643139345,0.1244289129
C003528,3,0.002763324049,0.902300169,0.00303690619,0.002718312599,0.01861027033,0.00297310871,0.003375335038,0.06422257409
C003529,1,0.009464363983,0.01089700905,0.009253537813,0.2795694495,0.01363500979,0.01573614398,0.01352274037,0.6479217455
C003531,2,0.8759947384,0.01230517298,0.006344376368,0.03904930293,0.007471622908,0.005260925889,0.007362268054,0.04621159251
C003532,3,0.1024074997,0.783738288,0.006167619919,0.004055366147,0.005114195923,0.004584622086,0.004936094353,0.08899631391
C003534,1,0.1887115239,0.01039358819,0.1683197903,0.3454574897,0.04150343313,0.009991549144,0.01284575044,0.2227768752
C003537,2,0.01187993014,0.7843220846,0.01219199756,0.01168550051,0.0148182867,0.01004789618,0.01446008246,0.1405942219
C003540,3,0.0727169087,0.0143219496,0.01388875428,0.0364303645,0.01484588392,0.576982685,0.01365710875,0.2571563452
C003542,3,0.007211353042,0.0075118825,0.007903358874,0.2403334129,0.2483182938,0.3285829264,0.01049502555,0.1496437469
C003543,4,0.01448663844,0.01567128718,0.01443883288,0.2425637427,0.01693088395,0.5218502047,0.01648466199,0.1575737482
C003544,3,0.1970389842,0.002660616447,0.002385110191,0.7269252816,0.002948777709,0.002419596572,0.003014775932,0.06260685737
C003546,0,0.4123075803,0.01302837542,0.1874980394,0.01236875569,0.01393604666,0.01296031578,0.2651807831,0.08272010365
C003549,2,0.02683693925,0.02816927825,0.02817463844,0.02635767015,0.03250887817,0.02333856254,0.03200480173,0.8026092315
C003550,3,0.0184678027,0.01990195894,0.02070421522,0.02117570929,0.5413360725,0.1065142777,0.009601219204,0.2622987444
C003553,4,0.009232064474,0.009863834723,0.464337135,0.00904078336,0.4206657876,0.009592227563,0.01035249488,0.06691567247
C003558,2,0.003604708269,0.93827613,0.003692600328,0.003516865393,0.004234760542,0.003130625469,0.004188528888,0.03935578113
C003559,1,0.007278649442,0.0492856172,0.7358848384,0.03913307192,0.009146790362,0.04573102241,0.00906794297,0.1044720673
C003562,1,0.007106630102,0.8550431268,0.00709255685,0.006970688604,0.009633409237,0.006100385428,0.00965161296,0.09840159005
C003563,1,0.006213300997,0.3233922149,0.006280788176,0.4364131995,0.04107530633,0.07266487627,0.02567805925,0.08828225452
C003567,0,0.01063044116,0.4859646323,0.01161746941,0.3704747525,0.01182557458,0.01162650395,0.01163673117,0.08622389493
C003569,4,0.01106192612,0.01742964523,0.01665094507,0.01615506999,0.01856272048,0.01710656917,0.7228735809,0.1801595431
C003570,2,0.002246098611,0.002478093768,0.002312858183,0.0009888790886,0.002830544047,0.002041121159,0.9347456501,0.05235675506
C003573,0,0.01119501287,0.01196911882,0.347879732,0.01109012432,0.01204231163,0.4899463477,0.01198173909,0.1038956136
C003576,0,0.002054455234,0.00235689754,0.9298860906,0.03540075165,0.002436633387,0.002354442517,0.002410437623,0.02310029144
C003577,0,0.005088306599,0.005668087111,0.005603793993,0.005038921762,0.005715833659,0.005612682388,0.9217593661,0.04551300837
C003579,0,0.3255031042,0.006067160886,0.01288841593,0.005497458423,0.006639035969,0.5416410244,0.006922353789,0.09484144635
C003580,4,0.01797003316,0.01193284308,0.06888141555,0.2385174562,0.03892793206,0.01530755053,0.01923902055,0.5892237488
C003585,4,0.002298704214,0.002599479392,0.002437550373,0.002212702914,0.003022878502,0.004688024786,0.002877360269,0.9798632996
C003586,1,0.0033278978,0.004283326145,0.03241081726,0.00322425193,0.02885626198,0.001101879558,0.005730937029,0.9210646283
C003590,0,0.006361029557,0.01322702382,0.1469217546,0.3743717406,0.01360770273,0.01297007819,0.3537553633,0.07878530722
C003591,1,0.01492924124,0.003424294436,0.001087290996,0.002666998036,0.00394612961,0.005190833056,0.001616208522,0.9671390041
C003593,3,0.02637667285,0.02764212217,0.02905898895,0.02588683197,0.0295755547,0.02768125583,0.02724922445,0.8065293491
C003594,3,0.008053118238,0.008655863921,0.008933953397,0.007871015227,0.01203034586,0.008695519417,0.8586708968,0.08708928712
C003595,1,0.01385628911,0.01522130025,0.01389044437,0.3453011233,0.01665654633,0.01517646829,0.0169277249,0.5629701035
C003596,3,0.003722073177,0.05615250456,0.004156166624,0.003742345781,0.005489031926,0.8206478904,0.005264367927,0.1008256196
C003597,2,0.006461124783,0.007375340469,0.006957305591,0.7482393481,0.1548712767,0.005696398218,0.007692079833,0.06270712626
C003598,1,0.006651661305,0.00751858769,0.006622595631,0.006562061738,0.6493097248,0.007324809662,0.01068657246,0.3053239867
C003599,0,0.01253636602,0.7595018591,0.01337260783,0.01253972677,0.01464004317,0.01539594963,0.01475553653,0.1572579109
C003600,4,0.009740248694,0.01004175285,0.009805618547,0.7065295697,0.01060150771,0.00757301626,0.01037280912,0.2353354771
C003607,1,0.02891713932,0.03531087197,0.03038534718,0.02991341899,0.06126354134,0.2137715723,0.04593513495,0.554502974
C003609,1,0.01373438377,0.0125483582,0.01395648131,0.01367141344,0.2803038617,0.01492561946,0.135573018,0.5152868641
C003612,2,0.003581003644,0.003912080778,0.003631430868,0.2088789909,0.004309282615,0.003175153708,0.7108476659,0.06166439166
C003613,4,0.02333868692,0.02412074396,0.02342279962,0.03946337045,0.02689217054,0.02391871139,0.02647415864,0.8123693585
C003614,2,0.03035294259,0.03143486846,0.03179872895,0.02931609047,0.01674036754,0.02627024464,0.01460913151,0.8194776258
C003617,1,0.2917087602,0.00550565929,0.004789737136,0.004785187886,0.634542784,0.005169759159,0.006622491346,0.04687562094
C003619,1,0.002351481924,0.002625509911,0.002400000934,0.8721684709,0.08517814029,0.002575868578,0.003030484005,0.02967004349
C003621,2,0.02629097311,0.02749991494,0.027173653,0.624296422,0.0306852065,0.02311125668,0.02987097366,0.2110716001
C003623,4,0.003759602022,0.004124426662,0.001885619519,0.003768946836,0.004186300654,0.05719395909,0.007000731715,0.9180804135
C003624,1,0.02666592298,0.03382251794,0.02772521723,0.02697352202,0.02154697741,0.0291791257,0.02343352884,0.8106531879
C003626,2,0.01424212501,0.0145781268,0.3417554136,0.04650452981,0.01646434816,0.4096798021,0.01655030485,0.1402253497
C003629,2,0.02715200247,0.02919228688,0.04018494235,0.02206572,0.0317465079,0.02444031924,0.03216138596,0.7930568352
C003631,0,0.007766938806,0.743233651,0.00809470941,0.06410801408,0.008939203628,0.008442133039,0.0730693609,0.08634598912
C003634,4,0.002291886006,0.00237395265,0.01738308357,0.2371526861,0.003158920298,0.7166586862,0.001768316207,0.01921246904
C003635,4,0.01690919456,0.04380098661,0.01598377844,0.002696510266,0.004271773596,0.002864094214,0.003327144684,0.9101465176
C003636,1,0.01859082362,0.01369196495,0.01130934986,0.4399550882,0.01732150184,0.01439085241,0.01737281701,0.4673676022
C003638,4,0.2009356431,0.003634341372,0.00354460697,0.00346898921,0.003850922305,0.7539696506,0.003808452706,0.0267873938
C003639,3,0.0450132993,0.01097269304,0.005300660779,0.003840874143,0.01041602052,0.007292010796,0.01002159787,0.9071428436
C003640,0,0.00501618654,0.1103099449,0.005642180468,0.005002958409,0.5495842554,0.02401171118,0.1748698799,0.1255628832
C003642,1,0.007035697079,0.008777359052,0.006941838218,0.006831825423,0.01827821786,0.007918449956,0.01289820417,0.9313184082
C003647,1,0.002731509499,0.06397074622,0.4047149416,0.005403839758,0.007362625203,0.1379356863,0.007289727668,0.3705909238
C003648,4,0.1160288212,0.007022861005,0.006690234098,0.006672564238,0.01258669298,0.006940263147,0.7897890863,0.054269477
C003649,4,0.002372421393,0.002628294743,0.03171889687,0.002351733819,0.8906409199,0.002578881518,0.002883092751,0.06482575903
C003652,2,0.004813882771,0.005306613719,0.005037806392,0.00473329103,0.005683714242,0.7835644361,0.005674261933,0.1851859938
C003653,4,0.0179027831,0.1033058214,0.01801983477,0.4182358371,0.01974218538,0.01876587061,0.01945840836,0.3845692593
C003654,2,0.01757191171,0.07917049458,0.3782020629,0.0953574657,0.02772498034,0.01548735457,0.01926744442,0.3672182857
C003658,3,0.002868617127,0.003451965242,0.004808117017,0.002564935006,0.002730596991,0.003371683185,0.002440873543,0.9777632119
C003659,4,0.03640589592,0.009058239312,0.577487164,0.007764440307,0.01004500482,0.14989049,0.03690524165,0.172443524
C003660,1,0.04277144165,0.008307585292,0.007477902611,0.515948795,0.006707626973,0.007952238448,0.03822978412,0.3726046259
C003661,2,0.002884246658,0.003043838508,0.002903808583,0.140201481,0.003311215572,0.002507493462,0.8200776397,0.02507027648
C003662,3,0.00816568343,0.003957527979,0.00381494502,0.003420320856,0.004953662107,0.00384222267,0.004628631151,0.9672170068
C003663,0,0.05951370164,0.1340851192,0.01927470089,0.01807861568,0.2572806131,0.02039166037,0.3135100526,0.1778655366
C003664,1,0.005465928365,0.006012145106,0.005529373574,0.005411849398,0.5338937234,0.3822553299,0.005902254579,0.05552939561
C003666,0,0.02802513955,0.4565923283,0.002264387554,0.002096958219,0.002648137316,0.00238283901,0.476173676,0.02981653405
C003667,2,0.4610794334,0.425774486,0.007013367152,0.006794076136,0.008374694112,0.005742368758,0.008248289856,0.07697328455
C003669,1,0.6243617823,0.003766268054,0.003580255255,0.003410074988,0.005663291463,0.2897755679,0.03651063181,0.03293212817
C003672,4,0.03308145158,0.03397145177,0.03855211423,0.03223665669,0.03530820991,0.03339374676,0.03541428502,0.758042084
C003676,4,0.009864288064,0.004770165429,0.01009880825,0.5563914147,0.2063011297,0.03268623111,0.01153069612,0.1683572666
C003677,0,0.005115366282,0.3035513803,0.09494189825,0.2181931551,0.01862513525,0.005495271788,0.3128024482,0.04127534489
C003684,0,0.00839840915,0.009714982829,0.121044852,0.2169523108,0.01012860869,0.00972636543,0.4490445535,0.1749899176
C003687,0,0.008456344263,0.009218455045,0.008947011942,0.6744155784,0.006344055166,0.2192862238,0.006759215843,0.06657311561
C003689,4,0.01525041172,0.01717854802,0.1212268913,0.0150483148,0.4286156761,0.01594806281,0.01744215855,0.3692899367
C003690,0,0.007694357392,0.5856113856,0.008080281829,0.03014276437,0.008447382865,0.01569571631,0.298617907,0.04571020463
C003693,4,0.009214501913,0.009373078312,0.008793721727,0.08537113382,0.2385415608,0.009024460428,0.003897864025,0.635783679
C003696,4,0.002694042826,0.7693259391,0.002700291133,0.1743425741,0.003022474625,0.002793719634,0.002992926375,0.04212803215
C003697,1,0.01174902043,0.013646156,0.01170177947,0.01150299658,0.0315449604,0.01266238328,0.7633144178,0.143878286
C003698,1,0.00786811128,0.008703634035,0.007845206662,0.007840176879,0.0101194485,0.5271628395,0.3396281855,0.09083239767
C003699,4,0.1038546619,0.01638892381,0.7637901851,0.003891096509,0.004619170718,0.004149144276,0.004556268738,0.09875054902
C003700,2,0.002143625454,0.002328254831,0.002130459975,0.002088971124,0.002794408011,0.9602344803,0.002730261929,0.02554953842
C003708,2,0.001221633448,0.01619633805,0.05768036252,0.00863067224,0.003003492637,0.002219638725,0.003017732047,0.9080301303
C003710,0,0.8505336616,0.003582187487,0.003390302372,0.002831798538,0.003638503025,0.00355625599,0.003632810209,0.1288344808
C003715,4,0.1394669334,0.008864554327,0.4499965247,0.009986097187,0.01221298237,0.01034449998,0.01186679573,0.3572616123
C003716,1,0.003428901595,0.003418399677,0.0007371249973,0.00269250868,0.00209987591,0.003050541359,0.005938244035,0.9786344037
C003717,3,0.0499069659,0.04898884614,0.1109961262,0.4449953645,0.01119741872,0.06357511339,0.128890172,0.1414499931
C003718,0,0.006916772498,0.007951823589,0.007681049597,0.006979349946,0.7435507732,0.007863993527,0.008030707666,0.2110255299
C003719,3,0.3370818088,0.01706423832,0.2816516355,0.01549941715,0.04158405675,0.01699042805,0.02301166819,0.2671167472
C003722,4,0.03380852859,0.03453603331,0.03458343792,0.03191475396,0.02298875677,0.02456937446,0.02234364978,0.7952554652
C003723,0,0.4968566824,0.01145855032,0.0110281256,0.009978154558,0.007813857992,0.3476126448,0.01163804876,0.1036139356
C003727,3,0.07405921907,0.004996405527,0.008282142185,0.4642530689,0.005324952841,0.4047051228,0.005111780338,0.03326730836
C003728,4,0.2637424586,0.01190786527,0.0107356261,0.01037165829,0.2856139921,0.2400392099,0.01199363452,0.1655955552
C003733,0,0.003831438353,0.007432914058,0.006503905336,0.03605642804,0.06703218658,0.03053464247,0.03175126518,0.81685722
C003734,4,0.283958072,0.005468876461,0.06545643967,0.004836207147,0.3958688661,0.005211082952,0.1450718487,0.09412860697
C003736,2,0.5313477829,0.007568280065,0.007282469143,0.3176672939,0.06962328384,0.006066252321,0.008138601035,0.05230603678
C003738,4,0.01434121673,0.01494715283,0.014624063,0.150919819,0.2394438817,0.01488515323,0.4514826524,0.09935606121
C003739,0,0.130965007,0.01707190561,0.1119103402,0.01441105629,0.01838937698,0.1070641441,0.01816625143,0.5820219183
C003740,2,0.4525093366,0.2460455861,0.01489244094,0.01465754425,0.04215156673,0.01278010946,0.09895883669,0.1180045792
C003741,0,0.06826799579,0.0141032791,0.5910345058,0.009951511358,0.01173078327,0.02538923326,0.02478864996,0.2547340415
C003743,3,0.003542000363,0.5456291627,0.004098605803,0.3961504346,0.004772745477,0.003845458029,0.004658499186,0.03730309389
C003745,3,0.0101877798,0.004539675342,0.002955784051,0.002607760509,0.003771261185,0.005123723275,0.00367744669,0.9671365691
C003746,0,0.03633923281,0.008790502821,0.664441888,0.00770139711,0.009533320616,0.07560811899,0.1513395066,0.04624603307
C003748,3,0.004451541748,0.005045252711,0.5469640488,0.2241557169,0.005770167697,0.005006027638,0.1107348506,0.09787239384
C003750,3,0.2170538645,0.0157626947,0.0169156635,0.01410171125,0.02218757533,0.01602779837,0.02141561468,0.6765350777
C003751,4,0.2812455187,0.04591121915,0.5916142059,0.007262302855,0.007569596773,0.00725760393,0.00752262436,0.05161692826
C003753,1,0.01583524198,0.01888136859,0.3152532267,0.01552416751,0.02351584564,0.01770529653,0.02348902239,0.5697958306
C003754,2,0.005151667754,0.005415795716,0.005028674307,0.004906305821,0.1311103343,0.7076069499,0.005777978542,0.1350022936
C003756,2,0.04638089718,0.005075488976,0.004621694756,0.004414378537,0.005454400405,0.004001736396,0.005917989293,0.9241334145
C003764,3,0.1492369204,0.08446458415,0.0295580763,0.02602073758,0.03087143271,0.02893307392,0.030271607,0.6206435679
C003765,2,0.005980872036,0.004935939125,0.06011046194,0.3376814595,0.08022894228,0.005900019228,0.3507829318,0.154379374
C003766,0,0.01834981011,0.02165427457,0.02035832464,0.2518879575,0.02142925584,0.02119979531,0.02081475876,0.6243058233
C003770,2,0.1910289412,0.005176617426,0.6318054727,0.004696005474,0.005352912314,0.004367339112,0.005270928266,0.1523017836
C003773,2,0.02001519511,0.02011416823,0.2643942735,0.01927063486,0.01995803328,0.51259391,0.01989991472,0.1237538704
C003774,2,0.01409279336,0.01428074341,0.01376927606,0.6515528471,0.01459458368,0.01232045759,0.1794644007,0.09992489817
C003775,0,0.01727705884,0.004238390104,0.004083683864,0.003679437026,0.01493425808,0.01869520316,0.01575428938,0.9213376795
C003776,0,0.002654063515,0.003098078559,0.7683725292,0.002679855561,0.003123125685,0.1939242955,0.003120807833,0.02302724411
C003778,3,0.05790989107,0.007242787834,0.01180592162,0.006308275123,0.0461517178,0.006964871261,0.05612026623,0.8074962691
C003779,3,0.02438076855,0.05239252078,0.0229796818,0.02088410444,0.09481513406,0.02315642859,0.2135195485,0.5478718133
C003781,2,0.7290360399,0.01784525038,0.01793545876,0.01715087818,0.01926176286,0.01518330219,0.01878418202,0.1648031257
C003784,0,0.007555864227,0.7146082876,0.007572177901,0.04101750184,0.00802376603,0.1567752355,0.007998462426,0.05644870451
C003785,1,0.003904917312,0.004449757733,0.3532599082,0.003822787972,0.005571566794,0.5572849259,0.005589007723,0.06611712842
C003786,0,0.009780196107,0.01152539356,0.409543197,0.00848396838,0.3293820575,0.05580217895,0.01193152899,0.1635514794
C003788,4,0.00778044477,0.007747774057,0.0594885583,0.008000525706,0.3622878196,0.2108419835,0.2902781858,0.05357470825
C003789,3,0.01329621802,0.01448536897,0.01478671149,0.0133982861,0.3197598785,0.01421499646,0.02897990692,0.5810786335
C003790,3,0.002702904914,0.002958195452,0.003031762576,0.835839503,0.003095654093,0.107452858,0.001537244053,0.04338187795
C003791,1,0.008757222631,0.3715238001,0.0090605817,0.008699357769,0.2290433243,0.009655462739,0.01146346965,0.3517967811
C003792,4,0.007200833427,0.007608817914,0.2060062141,0.006971761737,0.1834423219,0.007403548728,0.5103785869,0.07098791525
C003793,4,0.004788167439,0.00487498506,0.3638002001,0.004810529188,0.003380714339,0.004822317716,0.5790460668,0.03447701936
C003799,2,0.1878732603,0.7101139859,0.003563190498,0.002078449277,0.004408482615,0.002876105081,0.05200554579,0.03708098056
C003801,3,0.01332428698,0.01460371985,0.01466159674,0.6633316667,0.014531223,0.01499368939,0.04984418715,0.2147096302
C003802,3,0.006291097898,0.006769948234,0.3512100041,0.006167420316,0.007359778778,0.006779047624,0.550631232,0.06479147112
C003805,0,0.1469275591,0.01502496622,0.01428421459,0.0142988583,0.01505408085,0.3654656478,0.313989594,0.1149550792
C003806,0,0.003985587498,0.02052278996,0.004038598024,0.01415366383,0.004490728134,0.09673049891,0.0252106409,0.8308674927
C003807,1,0.003706402598,0.004205825498,0.06342194875,0.4234574115,0.3791012748,0.003901796406,0.08042301775,0.04178232269
C003808,4,0.02607876747,0.02696327476,0.02584972033,0.02488283061,0.02977375635,0.02651515475,0.02969754385,0.8102389519
C003809,3,0.00453587036,0.005225700461,0.005271616873,0.004610580351,0.006286385014,0.01144543287,0.8896865837,0.07293783036
C003811,2,0.01331843139,0.4441036953,0.01344877529,0.01303970988,0.0158243263,0.1264395565,0.1992100395,0.1746154659
C003812,4,0.008772121793,0.009064551629,0.008598708071,0.008394263696,0.02618351746,0.008997263076,0.8274254185,0.1025641558
C003813,4,0.002839881573,0.003197193374,0.002900512809,0.007577383484,0.003652069109,0.9077127641,0.003590331525,0.06852986407
C003814,1,0.00784277819,0.2394320559,0.008235628411,0.007709569974,0.6328499063,0.008362435995,0.01141905292,0.08414857233
C003816,2,0.01428245942,0.01560330572,0.1765670759,0.01423840402,0.0165546712,0.5960132783,0.01627155403,0.1504692514
C003817,2,0.8784769133,0.005074928236,0.004655505334,0.004621930932,0.005487350216,0.01535020419,0.005481122744,0.080852045
C003818,4,0.01009353255,0.3273481018,0.01202187524,0.01174012648,0.01347844598,0.0149488381,0.4903774001,0.1199916797
C003821,3,0.003558201289,0.003924064024,0.5674298638,0.07387966968,0.005921164584,0.2869101068,0.003789937867,0.05458699197
C003822,3,0.007431669318,0.007960753704,0.008201687566,0.3386262175,0.00967065675,0.4254978544,0.00938709196,0.1932240688
C003823,2,0.00362831225,0.004022957198,0.01000815406,0.003518908253,0.004364998167,0.003039669481,0.004303401791,0.9671135988
C003824,2,0.01745061961,0.01064764693,0.01026391952,0.009998711879,0.8417058802,0.008619320577,0.01123034791,0.09008355343
C003826,4,0.02861623462,0.03220077329,0.02826629239,0.1627819511,0.04307668676,0.03065872666,0.04156225255,0.6328370826
C003831,3,0.003140886172,0.003590813621,0.003515341614,0.007810004491,0.004221520165,0.0337944676,0.005110677161,0.9388162892
C003838,2,0.005831343174,0.1055791925,0.005879128376,0.09229682242,0.7287241481,0.004927470696,0.00657453489,0.05018735992
C003843,4,0.7869620188,0.004242536429,0.003853011224,0.003784239718,0.1110015443,0.004043564904,0.004580932451,0.08153215209
C003846,3,0.01581711793,0.009821891562,0.009909446968,0.2313460741,0.1723103567,0.009837287451,0.4686950595,0.08226276576
C003848,0,0.02301428082,0.5218656269,0.1148456993,0.07273125544,0.01288067314,0.02429639005,0.01270524236,0.2176608321
C003850,0,0.003475533146,0.1891472823,0.7529143622,0.003487700178,0.004077985912,0.003835702369,0.004015588023,0.0390458458
C003852,3,0.01728274741,0.01817708129,0.0192397312,0.01702817504,0.01852271153,0.715648059,0.01661856768,0.1774829268
C003854,2,0.0125931618,0.01360622654,0.01372543846,0.01285417984,0.01589306642,0.01128683419,0.790100536,0.1299405567
C003856,3,0.005150231818,0.9146246101,0.005730672101,0.005025488621,0.005992551089,0.00556924115,0.005883897883,0.05202330724
C003858,2,0.009642955413,0.01081374286,0.01017901555,0.1591514085,0.1336020375,0.4611746839,0.01140778641,0.2040283699
C003860,2,0.002770967395,0.00305786698,0.009445654299,0.002671780456,0.003203486793,0.005214991425,0.004823615735,0.9688116369
C003862,1,0.005339389846,0.008918889435,0.01063945077,0.005333372272,0.008740480848,0.194346711,0.7170455271,0.04963617882
C003869,1,0.006830066297,0.00739085001,0.006796047621,0.006789751887,0.008897547386,0.8080634886,0.07356664254,0.08166560564
C003870,0,0.002996134934,0.02981527257,0.003318150762,0.006139350729,0.002593885606,0.00379719443,0.003927695381,0.9474123156
C003872,3,0.007910495036,0.009015940089,0.008622725979,0.007939887452,0.01638639801,0.3861113441,0.009456074387,0.554557135
C003873,1,0.001595674819,0.001751321635,0.001576903964,0.9715358575,0.002179551696,0.001733737599,0.002161892045,0.01746506071
C003877,4,0.007665532826,0.008567027871,0.007603828439,0.007526919374,0.008816969326,0.7942854967,0.008687616757,0.1568466088
C003880,0,0.0178729393,0.02063223379,0.06404333452,0.109306946,0.1333878008,0.143733767,0.02476548852,0.4862574901
C003881,1,0.007167957304,0.5915928252,0.007314794255,0.007240361822,0.009850829674,0.008203789559,0.2946682377,0.07396120446
C003886,4,0.01445986596,0.01459632652,0.3219328511,0.4186803872,0.04361129953,0.01453902193,0.06561387109,0.1065663766
C003887,4,0.01505889766,0.7718720279,0.01538614752,0.01497929631,0.01668476267,0.01564561744,0.01664326404,0.1337299865
C003888,0,0.8507672682,0.009528605373,0.009308142089,0.008700129003,0.0135961584,0.004177591206,0.03550190174,0.06842020399
C003889,2,0.588614881,0.009933632892,0.28583605,0.009187662756,0.01120994813,0.008137862108,0.01117965609,0.07590030705
C003891,3,0.02166549972,0.02289061732,0.02469482797,0.02132338246,0.01667629529,0.02301490381,0.02499969985,0.8447347736
C003892,0,0.05916942939,0.08122337339,0.2241417853,0.0322422359,0.01756874244,0.04458392736,0.01725204954,0.5238184567
C003894,2,0.006960002176,0.205370773,0.007792403045,0.006454740139,0.00886549071,0.7012979978,0.008316740015,0.05494185305
C003898,0,0.07525090086,0.0083743092,0.1930530289,0.1137811029,0.2708346781,0.07035560615,0.009214576779,0.2591357971
C003901,4,0.6371907629,0.02086750759,0.02058408866,0.02008124349,0.04451823865,0.02060693958,0.03200695923,0.2041442599
C003907,0,0.007139565515,0.004779553356,0.005467373291,0.8392645299,0.005437791269,0.03667521903,0.06675535597,0.03448061167
C003908,3,0.2315600882,0.03946799118,0.04110213399,0.0371285058,0.04416768142,0.05676923659,0.04326939343,0.5065349694
C003910,2,0.003792693753,0.004183124919,0.003825116183,0.7891586368,0.003385014988,0.0993900191,0.004362521184,0.09190287311
C003912,0,0.2229202189,0.2106710613,0.004011421499,0.004052021653,0.1557689971,0.04183772962,0.2837644069,0.07697414299
C003918,4,0.007406277559,0.004044685635,0.003583925541,0.002761747434,0.04346558306,0.004427234547,0.003103044303,0.9312075019
C003919,1,0.006683717237,0.05951028501,0.006786622107,0.006643316398,0.009613332738,0.5089057482,0.009740137766,0.3921168406
C003920,2,0.02855736126,0.03000837376,0.03087120369,0.02871119635,0.03401259852,0.02576671499,0.03379644128,0.7882761101
C003921,0,0.0171236202,0.5454079631,0.01082663885,0.01323271612,0.01250375643,0.09741363584,0.01687960634,0.2866120631
C003924,2,0.008751570893,0.00934161164,0.005891275738,0.007821503152,0.007730697127,0.005384852348,0.05328773823,0.9017907509
C003925,0,0.00956593332,0.01094457254,0.2364565566,0.009578729068,0.1270602028,0.3346429306,0.01647938508,0.25527169
C003926,4,0.01817866834,0.004316791054,0.01925095532,0.003952746297,0.004775728985,0.004349410072,0.8297306077,0.1154450923
C003928,0,0.03219539142,0.001810506884,0.8312566174,0.001564910759,0.04002967441,0.06775905485,0.001846408428,0.02353743581
C003929,1,0.006303559348,0.007166656144,0.006375807331,0.1121075085,0.008450122133,0.006858613876,0.7528884827,0.09984925001
C003930,2,0.01132605364,0.0126876894,0.01224347407,0.7956246834,0.01399617847,0.02804134341,0.01837972712,0.1077008505
C003931,2,0.00253937458,0.002752342536,0.002616627809,0.002569363242,0.9525322072,0.002153515162,0.005698724605,0.02913784482
C003933,0,0.01008845936,0.01148524904,0.01126589739,0.01022113694,0.005282310689,0.7628036179,0.005841966382,0.1830113623
C003935,0,0.1202128916,0.01228587115,0.0114328455,0.01070328853,0.5572713959,0.06444954996,0.0137547902,0.2098893671
C003936,1,0.004218338259,0.07377793755,0.7085886848,0.1405551326,0.002651473152,0.01272293833,0.002443006023,0.05504248934
C003938,4,0.003680026063,0.00373314308,0.06513237099,0.00364062889,0.002995757926,0.1311321025,0.7263281379,0.06335783257
C003939,0,0.005161413135,0.005618772338,0.005534712812,0.005181066577,0.005653589682,0.005565981346,0.7744210233,0.1928634408
C003941,4,0.004463204513,0.91358817,0.004541557393,0.004394640447,0.005037494481,0.004638301607,0.005026884638,0.05830974696
C003942,1,0.004230935318,0.004787866041,0.004284068368,0.004155371775,0.9092130917,0.004565109648,0.005639620809,0.06312393638
C003944,1,0.002967796587,0.003505674873,0.1039712295,0.002994364954,0.00454567088,0.7827974158,0.04923278493,0.04998506246
C003946,3,0.7990694148,0.003125525312,0.1156730957,0.002754953158,0.003512395131,0.0030934774,0.03072036941,0.04205076914
C003947,0,0.01173769748,0.1426597734,0.01254399672,0.6121173531,0.08129120704,0.03497857116,0.01277656483,0.09189483629
C003949,4,0.03081909726,0.0320788355,0.02025174499,0.1421901358,0.03352355879,0.4631845842,0.03340579731,0.2445462461
C003959,1,0.00722405542,0.3235696715,0.5361986705,0.007140059678,0.009138166346,0.008025086386,0.009001182521,0.0997031077
C003961,4,0.6114152146,0.04516990285,0.06993088861,0.0585360943,0.01538506551,0.07826147595,0.01543238305,0.1058689751
C003963,4,0.00536963178,0.006017163161,0.005316756356,0.005137401585,0.01481396269,0.7688793721,0.005802599052,0.1886631133
C003964,4,0.02161081663,0.02189705847,0.02176344771,0.02277658173,0.1980569772,0.2585562542,0.02080310454,0.4345357596
C003965,0,0.01229858489,0.1749670488,0.4277081963,0.01216120329,0.09282751353,0.01434596943,0.05495047558,0.2107410082
C003966,4,0.8675773454,0.004504579312,0.003935888039,0.004037901382,0.004912034564,0.003561288311,0.004782645024,0.106688318
C003967,4,0.01325294513,0.1156845496,0.562757402,0.005382505195,0.005705227279,0.1955152789,0.005632343811,0.09606974814
C003970,1,0.006992500103,0.007998015207,0.005540782777,0.006983163937,0.2726575041,0.5239094441,0.100849265,0.0750693247
C003976,4,0.01518993042,0.007449512194,0.003889049406,0.00370272411,0.02243307091,0.02201353363,0.004086681263,0.9212354981
C003978,0,0.009048119816,0.009944789767,0.009673228933,0.005392508757,0.8877227043,0.009835409001,0.009440458129,0.05894278128
C003980,2,0.02369969207,0.01566761424,0.0239726713,0.02387903542,0.2170974469,0.02021298144,0.4783869298,0.1970836289
C003981,2,0.4227790273,0.01280154519,0.01203635502,0.01165746535,0.01405486768,0.4152329353,0.0138619841,0.09757582008
C003982,1,0.005590481602,0.006382691487,0.005705109569,0.622813552,0.1464710635,0.1420432232,0.008214145739,0.06277973301
C003985,1,0.008527979881,0.05812458725,0.008373634869,0.3779968456,0.01283947041,0.009858638013,0.3764279857,0.1478508583
C003986,2,0.008990865535,0.732425452,0.009386691709,0.009252954189,0.01124522281,0.008017469484,0.01099874583,0.2096825985
C003987,4,0.006947510603,0.004750023098,0.0203454389,0.002685382829,0.003815220371,0.00418161084,0.003720756199,0.9535540572
C003988,3,0.008296375917,0.008741259013,0.08037231016,0.2402523842,0.009646672891,0.3858027702,0.00917862912,0.2577095985
C003990,2,0.01726659681,0.06886241042,0.01783592596,0.01697357765,0.6313306659,0.01474508786,0.01972260664,0.2132631288
C003991,3,0.02959620098,0.1052069272,0.03307024187,0.02913003716,0.0335926457,0.0314373454,0.0325724895,0.7053941122
C003992,3,0.009637981222,0.3987644877,0.09795766649,0.009458746803,0.01057576976,0.01007548269,0.3525119438,0.1110179215
C003993,0,0.00957347107,0.01090077694,0.1911354514,0.009504082183,0.01061821422,0.6938716571,0.01058772174,0.0638086254
C003994,2,0.003805963522,0.004200686844,0.003781589319,0.01979086897,0.005576507482,0.007603146336,0.005497985217,0.9497432523
C003995,2,0.01788767773,0.5207491801,0.01914646914,0.01802353305,0.02093515622,0.1750346771,0.02002321632,0.2082000903
C003999,4,0.656666497,0.01763024631,0.01712363112,0.01650248653,0.01926758957,0.0175683551,0.01922763439,0.23601356
C000000,2,0.007925664084,0.5153372421,0.05298665995,0.2620098039,0.008861273017,0.01417311783,0.03168635669,0.1070198824
C000002,4,0.01589200674,0.01669585461,0.09414585767,0.03407733086,0.0174224924,0.6527872584,0.01712638094,0.1518528183
C000003,3,0.003871257784,0.004264209776,0.004226339294,0.01030223384,0.004889702511,0.004265707528,0.004396366266,0.963784183
C000006,1,0.5965442876,0.007461782017,0.2806133234,0.00677069886,0.008723467513,0.007483016224,0.00878725027,0.08361617409
C000036,0,0.02334153693,0.02473765953,0.02435071873,0.01495399074,0.02419231498,0.02449846218,0.02390948103,0.8400158359
C000042,3,0.3698557005,0.01728696693,0.01856166408,0.01340270588,0.01895315208,0.01748144614,0.4112356621,0.1332227024
C000048,4,0.006606247731,0.007184365252,0.401086645,0.006684093383,0.07697933256,0.006846361871,0.3762536036,0.1183593507
C000057,1,0.005059429574,0.005832785767,0.0470785143,0.009325860715,0.03552109395,0.00279486075,0.00706873732,0.8873187176
C000058,0,0.0121470521,0.01307390549,0.01254326626,0.0121417859,0.01284067632,0.4584901949,0.01282894552,0.4659341735
C000059,1,0.6446812092,0.2188969323,0.007377400972,0.007206070625,0.0106958898,0.007916976055,0.0106067393,0.09261878175
C000061,3,0.7329896925,0.09653491147,0.02716187696,0.004396595485,0.005803284538,0.004693972122,0.005537387491,0.1228822794
C000065,3,0.003113708243,0.6954265688,0.02927828634,0.00309145819,0.00394354708,0.02111467781,0.1876309744,0.05640077913
C000068,4,0.2473427047,0.03726023087,0.09898452472,0.109679723,0.04434900504,0.03578676329,0.04140340802,0.3851936404
C000070,0,0.1059343425,0.008204761889,0.007805021724,0.08805129339,0.008177342717,0.008156359363,0.7114784981,0.0621923803
C000071,2,0.7147520411,0.01571452558,0.0147888518,0.01447582771,0.01669002926,0.03502629226,0.01633406314,0.1722183692
C000075,2,0.004293023151,0.009279876827,0.002480743408,0.002281120571,0.003069330273,0.01096895508,0.00307448973,0.964552461
C000081,1,0.4185856156,0.005708973555,0.2695856865,0.225383556,0.006982075149,0.005536435718,0.007018313573,0.06119934399
C000086,2,0.02142097315,0.003742970174,0.01882769133,0.006812868219,0.02407735623,0.02764952718,0.00234603445,0.8951225793
C000087,1,0.003919613143,0.4266134102,0.004022654357,0.3562696659,0.0924602782,0.00421071166,0.05965806881,0.05284559776
C000089,4,0.2830800326,0.5606367385,0.0583924624,0.007769805619,0.008749615988,0.008284880061,0.00871604172,0.06437042305
C000090,2,0.005910611997,0.1475706831,0.005997352713,0.006122256935,0.4324582044,0.1888149533,0.006975996536,0.206149941
C000092,4,0.02443409332,0.02529897521,0.02488686477,0.02353935441,0.02865912064,0.02487832427,0.02823000882,0.8200732585
C000096,0,0.01322410324,0.5380150696,0.01459521189,0.1242386257,0.0154117796,0.03150569086,0.01513164363,0.2478778755
C000107,1,0.016282259,0.01886306928,0.09505016772,0.01602846845,0.1646545296,0.05000376425,0.1769931055,0.4621246362
C000108,2,0.003880868728,0.04543157649,0.2116464565,0.03454352155,0.08725041576,0.4228610246,0.1440435152,0.05034262109
C000112,1,0.01196377579,0.005008309166,0.4519221461,0.00449291342,0.01294441838,0.00486521244,0.4541711707,0.054632054
C000123,4,0.01025795529,0.03253159414,0.01374683833,0.2815785304,0.0154957269,0.07094459855,0.1267832754,0.448661481
C000125,2,0.001887071798,0.0006496570744,0.01041508124,0.0008621299672,0.003176098593,0.0005988083991,0.003147214438,0.9792639385
C000126,4,0.0147481418,0.01504008229,0.2558756541,0.09973422237,0.01643194602,0.1410460885,0.01638653438,0.4407373306
C000131,1,0.33936688,0.1592220038,0.004566558042,0.004463933489,0.2866562514,0.1603627399,0.006204739162,0.03915689421
C000143,0,0.01480248343,0.01648916247,0.01596433452,0.6235952786,0.01797688699,0.06815386523,0.0170820766,0.2259359122
C000147,1,0.01086281071,0.4814353324,0.03290882517,0.01087601199,0.2839213392,0.03022981127,0.01216137726,0.137604492
C000154,2,0.003304966204,0.006585224274,0.003524053216,0.003289253126,0.04734211152,0.0433744957,0.01379671003,0.8787831859
C000156,3,0.3434867957,0.01829512635,0.03095412662,0.01272812291,0.02375276654,0.1858531143,0.02401219559,0.360917752
C000170,0,0.007170047185,0.007905633823,0.05906550079,0.3790673677,0.168831038,0.007903170414,0.1180387475,0.2520184946
C000176,2,0.02200961842,0.02538334257,0.02168803846,0.1717232754,0.02534708356,0.4950994366,0.02471130403,0.2140379009
C000180,0,0.00353456247,0.1949897713,0.03819731703,0.003637712865,0.04643658404,0.5655030384,0.007159388429,0.1405416255
C000184,4,0.003467812309,0.004010104159,0.003501411648,0.003433858011,0.003273927927,0.003161548461,0.004186122118,0.9749652154
C000186,4,0.01621741085,0.05361802695,0.02963332703,0.04791925957,0.01761148993,0.01688550266,0.6941553479,0.1239596351
C000193,1,0.007438371975,0.008458860896,0.1515266414,0.007277384578,0.06097827986,0.008261163686,0.08437414256,0.6716851551
C000200,3,0.4503494462,0.01237389897,0.01300177654,0.2606459817,0.0418452174,0.01257317139,0.02037947411,0.1888310337
C000204,0,0.009793073464,0.08202942564,0.01042642841,0.009852231717,0.007908044312,0.01062551062,0.769733932,0.09963135381
C000209,1,0.002730204996,0.9389063791,0.002759697993,0.01320596977,0.00352670246,0.002974847169,0.003581788814,0.03231440967
C000215,0,0.009366772763,0.2038986122,0.491588276,0.09840534741,0.01351312027,0.01097161357,0.01093290488,0.1613233529
C000216,0,0.007433200133,0.008256533473,0.008046920245,0.007508761059,0.008440270237,0.6674487162,0.008293673969,0.2845719247
C000220,2,0.1471974738,0.02361902026,0.02324587522,0.02197735025,0.02601629717,0.01944079625,0.02592043709,0.7125827499
C000224,3,0.01098823109,0.01164970865,0.01235532517,0.01077268553,0.2620303577,0.01171259805,0.5780732283,0.1024178655
C000227,0,0.002564034953,0.002985611115,0.002817711828,0.8455506793,0.007130592699,0.08761157737,0.003934988418,0.04740480432
C000229,2,0.2427751341,0.005382844311,0.005091123537,0.004914772705,0.64557643,0.004200002267,0.005773274584,0.08628641853
C000232,2,0.009340836053,0.08713547535,0.01791922659,0.004250784075,0.005039075135,0.8004944065,0.005293246812,0.07052694951
C000241,1,0.01135910999,0.6618124428,0.01146995572,0.01089353385,0.01538719973,0.0124808096,0.01541648095,0.2611804673
C000253,4,0.1227404449,0.3509466929,0.02348382651,0.02272363609,0.02661839559,0.008044523819,0.02654679054,0.4188956897
C000258,4,0.0633263896,0.8127068071,0.002010262542,0.001938561438,0.02024685393,0.01728796775,0.03428599335,0.04819716429
C000260,1,0.003113598228,0.892586416,0.002018341122,0.001996970851,0.02607694039,0.004397422066,0.02298212464,0.04682818667
C000266,3,0.0256133311,0.02687415709,0.028646463,0.02538653169,0.02810412282,0.02684963976,0.02658140226,0.8119443523
C000280,2,0.01408299217,0.01534171509,0.07852251404,0.3437736199,0.03024582686,0.318348654,0.01644155254,0.1832431255
C000289,0,0.007418131285,0.0285504133,0.2674064959,0.007313073011,0.00816819526,0.5768601377,0.05116195649,0.05312159708
C000294,1,0.01881973938,0.02108643103,0.01912987469,0.01868656603,0.02764190689,0.02070704375,0.0274319411,0.8464964971
C000298,4,0.03238183264,0.03375806079,0.03526242551,0.03118632035,0.03837321225,0.1711103508,0.0289380435,0.6289897542
C000299,2,0.004234225077,0.004578002648,0.002563993485,0.004350823243,0.005943783478,0.003867330913,0.9409755936,0.03348624752
C000303,4,0.006524004436,0.01264977223,0.006544490972,0.3006970883,0.007687730902,0.09294579431,0.007466717942,0.5654844009
C000305,1,0.008699247128,0.009586541901,0.273444918,0.008562527675,0.01234374999,0.5887938992,0.01252151434,0.08604760173
C000312,3,0.01242045096,0.1430425842,0.01368236614,0.1967380441,0.01450030921,0.2439250258,0.01373469201,0.3619565275
C000316,2,0.0103385979,0.01114770792,0.01051129794,0.7605950528,0.01326170923,0.008649728116,0.01278669356,0.1727092125
C000318,0,0.00944949981,0.0104809135,0.1331902267,0.0393904106,0.4365800647,0.06902169166,0.1841275778,0.1177596152
C000320,2,0.001708184811,0.001807956821,0.01769923278,0.8556653584,0.002055432904,0.1037920406,0.002858669651,0.01441312408
C000325,4,0.009202640512,0.009493717999,0.004512518789,0.00879592447,0.6094689609,0.276218236,0.01034363231,0.071964369
C000328,3,0.01474403265,0.01540808598,0.0419213448,0.7028823253,0.01607578271,0.01572029203,0.06189004499,0.1313580915
C000331,4,0.009429783176,0.5528854533,0.1858786858,0.1448261348,0.006784212954,0.009718806692,0.01018114945,0.0802957738
C000333,0,0.04597552737,0.01908904329,0.1269612185,0.0164540975,0.1952022855,0.0192269623,0.08331729516,0.4937735704
C000335,3,0.009936925719,0.01033371743,0.005461738091,0.004825579515,0.006534724375,0.005377663023,0.1258454552,0.8316841966
C000337,2,0.04437967272,0.005517174551,0.4153636395,0.005234361851,0.4866226722,0.004628443198,0.006710306773,0.03154372918
C000340,2,0.01450838321,0.01616231776,0.01560188401,0.0756058295,0.05413568756,0.01282692521,0.3705709223,0.4405880505
C000341,2,0.002110614362,0.920490525,0.002124148199,0.002124146244,0.002531718665,0.00182823963,0.002522004902,0.06626860295
C000346,1,0.01783951832,0.04217045106,0.01859264639,0.002498297919,0.003398677261,0.8439960326,0.04369858778,0.02780578863
C000359,0,0.01742932932,0.01933349343,0.2093167219,0.01719850173,0.01869777084,0.01926402747,0.0184182202,0.6803419351
C000365,0,0.02150641359,0.02300633867,0.02193070992,0.02110028916,0.02350473322,0.02310067312,0.02336927838,0.8424815639
C000366,3,0.009262277681,0.002975771292,0.002922264813,0.6561625132,0.04551411053,0.250979237,0.003102308058,0.02908151736
C000367,2,0.03967351628,0.1233876726,0.005222951373,0.02070451974,0.006224316053,0.004611219616,0.5757353312,0.2244404731
C000368,0,0.005661977554,0.006792358647,0.01992878368,0.8190086615,0.007100825615,0.006839747029,0.006986269758,0.1276813762
C000371,2,0.002460790488,0.002712493521,0.8593497705,0.00239789471,0.00294679771,0.00199974318,0.002920770672,0.1252117392
C000374,4,0.009421744979,0.006248207538,0.3083080949,0.05500125533,0.468730458,0.04766084027,0.01026728548,0.09436211354
C000380,4,0.01292719789,0.0136196692,0.01464140881,0.1094201024,0.008837450032,0.01333111468,0.537843307,0.28937975
C000383,0,0.007297929069,0.4390055417,0.00794277547,0.007254920364,0.009016330104,0.4205436454,0.009346577504,0.09959228036
C000384,1,0.002032665311,0.002312310434,0.9167913793,0.03710114349,0.003000894628,0.002244120116,0.002970631643,0.03354685506
C000386,0,0.09626458027,0.02395128951,0.02381491112,0.5523228937,0.02464319107,0.02346033635,0.02905566708,0.2264871309
C000393,4,0.7253141948,0.01719949653,0.0161617188,0.01607218497,0.01772524854,0.01692024351,0.01775231015,0.1728546027
C000395,2,0.0203484844,0.2990682567,0.02905837531,0.03050582721,0.0238832314,0.02668744986,0.1748083126,0.3956400625
C000396,0,0.00527410672,0.3599414322,0.3055293725,0.04008764309,0.05585074762,0.006195159021,0.05334833651,0.1737732024
C000397,2,0.298318654,0.2729131977,0.07154613326,0.02349898367,0.02691431756,0.02030239092,0.02990275912,0.2566035638
C000398,0,0.01036417421,0.01184816802,0.01150565003,0.02267630323,0.0117448893,0.7883008456,0.0117368827,0.131823087
C000402,3,0.009932279212,0.01070825072,0.01091826779,0.009722498297,0.01121002557,0.7935871026,0.01077828368,0.1431432921
C000405,2,0.01405164362,0.01481357984,0.01532977525,0.01443867478,0.01619456207,0.01316356119,0.7029233656,0.2090848377
C000411,3,0.483063008,0.006816856614,0.006807504188,0.006350981314,0.2557573347,0.1862403002,0.006620511147,0.04834350376
C000412,0,0.32284888,0.4652656347,0.005729472694,0.005400796412,0.01601430176,0.01361884561,0.03935429308,0.1317677757
C000416,4,0.004191939026,0.01826873878,0.004325856293,0.003368126135,0.004912050519,0.03254947638,0.004813428095,0.9275703848
C000419,4,0.2803817181,0.02193376827,0.006495126412,0.006523736926,0.5145819655,0.02278347933,0.007003008504,0.140297197
C000423,1,0.007893149052,0.009104248328,0.007959733257,0.6880798697,0.0125561869,0.0089012383,0.01308479587,0.2524207786
C000432,1,0.01556348695,0.04234843533,0.01028359277,0.05084867053,0.1732401563,0.5784954677,0.01476643382,0.1144537566
C000439,4,0.004645255814,0.00369902577,0.003372694716,0.003705082233,0.004198046793,0.01733889582,0.00417864494,0.9588623539
C000440,0,0.007297510601,0.2393902012,0.007961173279,0.65742023,0.008455914341,0.008134429219,0.008485681275,0.0628548601
C000450,0,0.3157116982,0.2827317766,0.006407726152,0.006502134808,0.006682995303,0.3339893788,0.00661032422,0.04136396593
C000463,3,0.01220637341,0.008967333649,0.2314264522,0.01603894098,0.01069267713,0.01716248083,0.3595833356,0.3439224062
C000474,0,0.006634657429,0.1178898365,0.2449340275,0.006615114603,0.00808563746,0.3800900742,0.007908551718,0.2278421005
C000476,1,0.008201858716,0.009226910978,0.00842667927,0.008225404337,0.0120095349,0.6317583444,0.01189557464,0.3102556927
C000485,3,0.008172528257,0.008484926911,0.009215433952,0.008071717765,0.009237338543,0.6870429071,0.0645772523,0.2051978952
C000491,4,0.004490950211,0.04262633935,0.01681188522,0.004374455592,0.005118377234,0.8027434375,0.005023521725,0.1188110332
C000499,1,0.3976682721,0.01034470784,0.009293312986,0.3400967416,0.01321630815,0.07806144177,0.02072795175,0.1305912637
C000505,4,0.004853759546,0.005080165066,0.1249014206,0.7225614846,0.09654169564,0.005005080526,0.005218129867,0.03583826411
C000510,1,0.01312221158,0.01431915492,0.08825696607,0.01295983864,0.01631383868,0.6858948095,0.01664713923,0.1524860414
C000514,0,0.01269969448,0.1409231696,0.05444941212,0.07523683157,0.1698676916,0.0506233335,0.1865711993,0.3096286678
C000517,4,0.003968941586,0.004150019395,0.004007777235,0.9310670602,0.004492217753,0.00413422257,0.004443709971,0.04373605132
C000520,0,0.08874882236,0.01570905985,0.01540477712,0.6632789532,0.01625463743,0.0156938502,0.0159213759,0.168988524
C000530,3,0.004480923154,0.005111929069,0.252622914,0.004607513005,0.6491547289,0.005837301448,0.006253922356,0.07193076811
C000533,2,0.008585949352,0.00929622591,0.009700151182,0.2495650076,0.009725909199,0.5072990712,0.009696316225,0.1961313693
C000535,2,0.453583153,0.00560287731,0.4700265869,0.00529392832,0.006517469474,0.004359114031,0.006364511062,0.04825235983
C000541,4,0.5346405025,0.01333871325,0.0133392997,0.005934206428,0.01438957577,0.313854446,0.01377832277,0.09072493356
C000542,4,0.01169211328,0.01224041959,0.8036635145,0.01139840717,0.01338904112,0.01219570802,0.01317391966,0.1222468766
C000545,4,0.0107584473,0.01165366045,0.1349847662,0.01048432993,0.68991041,0.03910635163,0.01303681785,0.09006521661
C000547,2,0.672165351,0.01090907172,0.05524332475,0.01032846308,0.01119993865,0.008977671025,0.01123494745,0.2199412323
C000553,2,0.007116393908,0.00725896115,0.03366272487,0.002610495099,0.03505105008,0.05989902196,0.03246604269,0.8219353102
C000554,3,0.005254995266,0.1302066481,0.1737860867,0.005162386788,0.04139665724,0.2160089491,0.3772601788,0.05092409805
C000566,0,0.02298752476,0.02388965906,0.2129614144,0.06835473197,0.02574867122,0.02338426017,0.02554303088,0.5971307076
C000568,4,0.007361376531,0.6282430989,0.1198934044,0.007237696442,0.01691656228,0.008014950546,0.008629131474,0.2037037794
C000569,1,0.002760360667,0.03013660832,0.002780159918,0.7928346498,0.1228684032,0.003107029473,0.004012742879,0.04150004571
C000571,0,0.02777171165,0.02943674946,0.02990530062,0.02757223727,0.02978970468,0.02894056593,0.02964225181,0.7969414786
C000577,3,0.01176020018,0.04906970688,0.0199566973,0.01990376477,0.01640051889,0.01944036856,0.06026322288,0.8032055205
C000582,1,0.006223947805,0.02251081181,0.006180222582,0.01921729564,0.8421214359,0.0220507575,0.008755277582,0.0729402512
C000583,0,0.009138270635,0.5963523451,0.01001537042,0.009207117096,0.01013346536,0.07561722205,0.2315563489,0.0579798604
C000594,4,0.5206370102,0.06385520845,0.04901684159,0.1068229928,0.008902315112,0.003662336057,0.05617223329,0.1909310625
C000595,1,0.004875975228,0.005561931194,0.004976913342,0.7634607525,0.007284326134,0.005374500248,0.007309768653,0.2011558327
C000604,3,0.08685849806,0.03687058463,0.06915240339,0.01320828784,0.08738716364,0.06186191442,0.2549904057,0.3896707424
C000619,4,0.008685773202,0.008960640445,0.008594897614,0.01218791508,0.009483201965,0.6640425985,0.02964852792,0.2583964453
C000628,1,0.008084586093,0.4460505119,0.00795954383,0.008127951842,0.284327428,0.009254762412,0.06766073365,0.1685344822
C000631,2,0.02929260117,0.01626297799,0.7887122788,0.01573631155,0.0168421067,0.01420186906,0.01660675004,0.1023451047
C000635,4,0.009366835319,0.01021321183,0.01455327839,0.05389832749,0.01181879573,0.009606639088,0.01357042545,0.8769724867
C000637,1,0.003565171562,0.0772893279,0.737725608,0.003534710209,0.008746611168,0.004009297295,0.005461080842,0.159668193
C000650,3,0.01536482419,0.07715723268,0.2137488617,0.0918516125,0.120149803,0.07441914271,0.01873496487,0.3885735583
C000654,2,0.0132221032,0.01443751342,0.01414283379,0.01355853131,0.7858728028,0.02858362483,0.01696817212,0.1132144185
C000664,1,0.009720890921,0.6288675771,0.009818947795,0.00976766566,0.008378464728,0.01065219212,0.01307142011,0.3097228416
C000674,2,0.003762353351,0.8883095333,0.05555624254,0.0130847347,0.004424075604,0.003431241337,0.004328442469,0.02710337673
C000687,1,0.004770350184,0.005240931568,0.004796086786,0.004764755861,0.9102643314,0.005212037222,0.006154553512,0.05879695347
C000688,2,0.00407333693,0.007951596336,0.002244682414,0.002205788015,0.02342967563,0.001884672041,0.02446671419,0.9337435344
C000704,3,0.003045494245,0.007231972787,0.004660196986,0.005972699192,0.04011895904,0.004648538453,0.007968035158,0.9263541041
C000706,3,0.006928738377,0.6695885678,0.007616394971,0.1847418749,0.007740811202,0.007400787827,0.06699923571,0.04898358923
C000708,1,0.001942293475,0.002321116905,0.002006773811,0.6976768049,0.003264370469,0.002406275899,0.2577531006,0.03262926397
C000710,4,0.02255879667,0.02313013718,0.02264047726,0.02127981712,0.02592416,0.09372941094,0.02586629864,0.7648709022
C000711,4,0.005995883001,0.006186732914,0.2920911934,0.1491703392,0.006365300349,0.006108539786,0.4926284904,0.04145352098
C000715,4,0.01441082945,0.01486357592,0.01483954686,0.01397366859,0.09469730143,0.0792730378,0.3285302368,0.4394118031
C000716,1,0.003108559327,0.9363663662,0.003106118714,0.003060801396,0.004117181444,0.003373787824,0.004081836802,0.04278534834
C000719,1,0.223987763,0.01172938987,0.02289972122,0.0251249592,0.2819651976,0.01124064819,0.2074342748,0.2156180461
C000720,2,0.373281694,0.02641825128,0.1435985774,0.02422430307,0.02744698836,0.02156101883,0.02723519729,0.3562339698
C000724,2,0.01461686347,0.01822505471,0.01492800299,0.6176717999,0.01766115187,0.01274390152,0.01764106613,0.2865121594
C000729,4,0.02265581834,0.02349633901,0.02305732806,0.02167823338,0.02686610222,0.02310519397,0.0267981055,0.8323428795
C000739,3,0.371083336,0.5017504779,0.009129908702,0.007851354589,0.009763557822,0.008525668591,0.009494018243,0.08240167816
C000741,1,0.001469710186,0.03549331339,0.008720892022,0.001471463578,0.002143939011,0.9177763816,0.002119329336,0.0308049709
C000748,2,0.006414890023,0.01772241312,0.006572415213,0.09820992004,0.8045866307,0.00553472847,0.008346017766,0.05261298466
C000752,3,0.02654822085,0.02777398924,0.02985097889,0.02613404072,0.03112091149,0.0277248782,0.02986780927,0.8009791713
C000754,2,0.001299724641,0.02505244491,0.001282160588,0.001251145287,0.00152366744,0.001107532818,0.9394998086,0.02898351569
C000757,0,0.009414693789,0.01158723966,0.01000699819,0.009407257407,0.1933434439,0.01162880416,0.2200825266,0.5345290363
C000759,2,0.5146674916,0.01296286465,0.1470949407,0.01181192619,0.01359278385,0.01015372069,0.0135410469,0.2761752254
C000765,0,0.2869030803,0.01790598196,0.01710646877,0.01601318037,0.01950420671,0.01807871715,0.0199924422,0.6044959225
C000770,4,0.01679880521,0.02272513889,0.09611697379,0.171053819,0.02107297135,0.01731800676,0.02036807498,0.63454621
C000773,3,0.1322293444,0.00558370154,0.4187374122,0.005130575836,0.2120552679,0.005379461523,0.1606997393,0.06018449738
C000780,2,0.009905684875,0.01107767161,0.1549739566,0.4272685476,0.01220371285,0.09124207329,0.01203260478,0.2812957484
C000785,0,0.002347434869,0.002922463539,0.004076974956,0.002802385137,0.002969388423,0.002907413235,0.001917966601,0.9800559732
C000786,4,0.02443616042,0.0257259115,0.6065169262,0.02446661724,0.02807785936,0.02542364389,0.02737800696,0.2379748744
C000788,4,0.004962210525,0.005331434352,0.005076449584,0.004880683901,0.005839649348,0.00512198216,0.7379143433,0.2308732468
C000791,0,0.01310189221,0.2449726625,0.01429826079,0.01311885284,0.05174944634,0.0154292947,0.05838683584,0.5889427548
C000795,1,0.007776601525,0.1006380845,0.02035994192,0.007732570465,0.486626051,0.1892155175,0.1105343179,0.07711691529
C000797,2,0.009352004383,0.07993742499,0.5419962197,0.009811804158,0.2598458623,0.02428488858,0.01219304022,0.06257875563
C000802,1,0.002204047814,0.8473252277,0.002289182704,0.08108236751,0.002929615516,0.03841996491,0.002993843852,0.02275575
C000803,3,0.007710691497,0.5660876836,0.3383977209,0.00887407091,0.008421973813,0.008077675873,0.008215563257,0.05421462009
C000804,3,0.8270584523,0.004095674284,0.004056935755,0.003612730401,0.07892844067,0.004096977471,0.004559595887,0.07359119325
C000806,3,0.00702159973,0.004593171163,0.01241896423,0.003839554201,0.08266972767,0.84500852,0.004817622731,0.03963084022
C000810,3,0.009443341948,0.01003052026,0.01036280139,0.009387535634,0.01103369691,0.01016105503,0.8683277292,0.07125331963
C000811,2,0.02524244226,0.02827862556,0.02728221179,0.02558376379,0.02997381624,0.0222829144,0.02947848758,0.8118777384
C000818,1,0.002291239289,0.002833809568,0.002274330119,0.002222323473,0.8651911927,0.002601554424,0.003374301174,0.1192112493
C000825,0,0.002483562092,0.002987793064,0.8745310831,0.002426860114,0.003239596151,0.002958486172,0.003210654296,0.108161965
C000828,0,0.003066461317,0.003235230501,0.04557608922,0.8501806796,0.01069556884,0.02268218057,0.04488583835,0.01967795158
C000838,4,0.1708019772,0.01127050499,0.01055729025,0.1511966469,0.1682215771,0.3019140453,0.05924071734,0.1267972409
C000845,2,0.003009630401,0.7704921463,0.002995186406,0.003022710145,0.003614916202,0.01063481993,0.1278930056,0.07833758502
C000849,0,0.006510041103,0.007819888497,0.2534601629,0.006682504447,0.6586761562,0.01202933925,0.008247922793,0.04657398474
C000853,4,0.0154174203,0.01599635825,0.5463966018,0.01527640618,0.01652767651,0.2628063841,0.01646582302,0.1111133298
C000860,1,0.01925293478,0.02171191443,0.02407063536,0.01902909815,0.02886090882,0.02121302635,0.03011681185,0.8357446703
C000864,4,0.030074711,0.02798243969,0.02715182003,0.02655448404,0.03013202066,0.09603755063,0.5346461246,0.2274208494
C000866,0,0.005776833948,0.710015597,0.02966171789,0.04038152363,0.006609365927,0.04560797237,0.09180665281,0.07014033647
C000869,0,0.02476787113,0.02643556378,0.02625859709,0.02459853775,0.02671487874,0.02615814234,0.0263972634,0.8186691458
C000875,4,0.01044331033,0.7189815591,0.01034400627,0.01010792514,0.01261548025,0.01118305224,0.01249484048,0.2138298262
C000881,3,0.04183576544,0.01056545739,0.01074593531,0.01000989347,0.3300202901,0.03461983809,0.4814548654,0.08074795485
C000896,0,0.0224017145,0.02517121082,0.02489411372,0.0225918308,0.1789248893,0.02492403421,0.02477498768,0.676317219
C000897,1,0.005616200942,0.006219110056,0.005723536239,0.005562543425,0.3464169198,0.5322988287,0.04599482553,0.05216803532
C000898,4,0.05533932973,0.5993088521,0.00496698693,0.004893884755,0.005650611734,0.1989157064,0.005594040522,0.1253305878
C000899,0,0.3054936847,0.3385303447,0.01405178753,0.1244807667,0.09833469987,0.005118767475,0.005504382722,0.1084855664
C000902,1,0.6579041148,0.01342179908,0.1332904078,0.01205175872,0.01789253419,0.01307906311,0.0181499428,0.1342103795
C000908,0,0.07210292272,0.02111866222,0.01878568768,0.02822795397,0.02190460528,0.4426471411,0.02773102205,0.367482005
C000913,2,0.02836855328,0.02957296004,0.02930859797,0.02791963801,0.0331326976,0.02534589299,0.03334359956,0.7930080605
C000929,1,0.005074426131,0.005952698337,0.00521127379,0.003900949789,0.005424039844,0.719290787,0.005400924642,0.2497449005
C000937,4,0.008562321815,0.008806738941,0.008554436649,0.008186490881,0.01145785233,0.009186623642,0.01418425514,0.9310612806
C000941,2,0.00453140011,0.9469963003,0.002757467643,0.004439887871,0.003152543903,0.004000451028,0.00500246101,0.02911948818
C000943,2,0.01367894008,0.01486688884,0.01409091712,0.01365082027,0.01772998085,0.5980645481,0.01878390467,0.3091340001
C000944,1,0.003617878613,0.639973199,0.01081174928,0.003670987707,0.004901536792,0.2322546295,0.06234408682,0.04242593228
C000952,4,0.01454174845,0.01500182374,0.1864257362,0.6277805599,0.01580032795,0.01495877574,0.01571652309,0.1097745049
C000960,0,0.001727331188,0.09897696932,0.001790990161,0.7591506113,0.05584911865,0.001778932747,0.02760968939,0.05311635727
C000969,3,0.01333012895,0.008851131472,0.6697763681,0.00808976278,0.05905804079,0.008909111174,0.1605456742,0.07143978255
C000973,2,0.006269651956,0.5713326101,0.1176386483,0.005018875405,0.006027903324,0.004295096481,0.0059704148,0.2834467996
C000979,4,0.00167527087,0.00849134486,0.00119039592,0.002519008306,0.002312680916,0.00276249973,0.002590139209,0.9784586602
C000986,2,0.7666067039,0.003573442972,0.00326996485,0.05647112234,0.0478717311,0.002803572655,0.06573072183,0.05367274038
C000987,0,0.06969623573,0.006976718904,0.01310865037,0.006351201553,0.03660485263,0.06617488923,0.01480607865,0.7862813729
C000995,0,0.00696006401,0.02957122829,0.3533969842,0.3300427319,0.008220583113,0.007753748868,0.008183938597,0.255870721
C001005,3,0.009111992683,0.1774543632,0.5780835416,0.009028691274,0.01138322913,0.04811933422,0.01086449818,0.1559543497
C001012,4,0.003659305197,0.003839196083,0.003516181755,0.003408984618,0.004241791846,0.8844717722,0.005669555954,0.0911932123
C001017,0,0.02031261905,0.03365723328,0.02215132341,0.02468689891,0.03973060468,0.1177321721,0.06969003483,0.6720391137
C001019,2,0.005295236991,0.1660619513,0.2599586592,0.005409231337,0.006516208919,0.379499384,0.006381849145,0.1708774791
C001023,3,0.04206945299,0.007000139099,0.8168131502,0.00768035741,0.01331078305,0.02687661786,0.008502584883,0.07774691455
C001025,1,0.007788836375,0.9255822634,0.002407692588,0.002398401408,0.003335113275,0.002694438074,0.003269914606,0.0525233403
C001026,2,0.02873720406,0.0302276753,0.02907727364,0.02821388637,0.03427294468,0.02461614844,0.0344986042,0.7903562633
C001031,3,0.01979690677,0.1429315251,0.02567150835,0.299109958,0.01922490559,0.1086997679,0.01910306499,0.3654623634
C001032,0,0.01577621296,0.01804342752,0.09377213326,0.015833156,0.01990563007,0.01812887179,0.5383973155,0.2801432529
C001034,1,0.03011852231,0.00871333242,0.02112143374,0.007628581923,0.0542231317,0.7598707131,0.01852902011,0.09979526466
C001041,2,0.2747821713,0.009849399823,0.006851746603,0.009085029273,0.05202370435,0.5235593518,0.05130912356,0.07253947324
C001045,4,0.01131705431,0.01211127226,0.0111905662,0.01108028992,0.03401435447,0.01192817958,0.02917619077,0.8791820925
C001049,4,0.005283852594,0.005592238694,0.0053558107,0.7298451449,0.006394413022,0.005440409185,0.006316922962,0.2357712079
C001054,3,0.003514066916,0.004108998818,0.003918347245,0.8258589295,0.00465970127,0.004031216713,0.004210243292,0.1496984962
C001065,1,0.01038911351,0.01170096617,0.7674405257,0.05033789965,0.01409283657,0.04187371236,0.01428344324,0.08988150284
C001070,0,0.2554093526,0.01027798199,0.09261152687,0.01829263168,0.263873035,0.01002436831,0.2612555375,0.08825556614
C001073,0,0.486398913,0.008215098524,0.00769850063,0.007030353524,0.215335523,0.008330569512,0.03856715412,0.2284238877
C001078,3,0.01003607455,0.4934647996,0.3369324628,0.009866729025,0.01186371871,0.01066927555,0.01162923909,0.1155377006
C001082,0,0.02713165668,0.004809448866,0.0238481152,0.004231838773,0.7518667048,0.004823922392,0.04709312275,0.1361951905
C001083,1,0.3266723079,0.1526118178,0.01671298569,0.008588503299,0.009693815981,0.3874926522,0.00971135161,0.08851656552
C001085,2,0.1245431787,0.8019953018,0.003319083766,0.00318746231,0.004317976195,0.0312769782,0.00427202615,0.02708799288
C001099,0,0.003422158619,0.002384907113,0.003071509656,0.00341795128,0.005658830325,0.003992268524,0.04013012518,0.9379222493
C001104,2,0.03011814227,0.05567033289,0.01112387534,0.0126197828,0.342483646,0.1238801191,0.1921615682,0.2319425333
C001107,3,0.7697453371,0.1412261978,0.003602478951,0.003015157328,0.05389707092,0.00338109029,0.003783761365,0.02134890628
C001118,2,0.01926178507,0.7410535809,0.0106626092,0.02022137645,0.02214983524,0.01715575455,0.02155653106,0.1479385275
C001125,0,0.6293837008,0.01977976407,0.05282837992,0.01679136399,0.02064026748,0.01962700159,0.02034232608,0.2206071961
C001128,1,0.007232572389,0.008369816589,0.2868004639,0.007285966841,0.04999149275,0.4806994561,0.0420295786,0.1175906528
C001137,1,0.005522913161,0.2801589374,0.005674818163,0.4598782912,0.09354537083,0.006126092488,0.08053637892,0.06855719779
C001145,3,0.01148217045,0.0422663714,0.07180218753,0.01147620816,0.6902358161,0.01216359102,0.06663496426,0.09393869106
C001146,0,0.005807686397,0.006523760321,0.1772997458,0.005886425706,0.006623331904,0.7540460178,0.006916221154,0.03689681093
C001158,2,0.009345298071,0.01019980052,0.009979358798,0.009486652031,0.01154062049,0.008433251506,0.7947291349,0.1462858836
C001159,4,0.02538584844,0.004111299789,0.00333492887,0.7877304689,0.04980475086,0.003929908507,0.05422374575,0.0714790489
C001161,0,0.01184246053,0.8000227827,0.0132248938,0.03387217757,0.01335763491,0.01332139086,0.01314909758,0.1012095621
C001163,0,0.005565532227,0.1160686734,0.005888801258,0.05647952355,0.006774223139,0.006762620013,0.006694102332,0.7957665241
C001167,4,0.01104841615,0.01006091874,0.06349162314,0.6267976624,0.01337195911,0.01116650742,0.01279177957,0.2512711335
C001177,1,0.004442617395,0.1674384979,0.004531692447,0.2118871133,0.003683556314,0.01476375826,0.5446411914,0.04861157297
C001180,4,0.01657236626,0.0182839377,0.01647135667,0.5288437537,0.170278247,0.01762498056,0.01901146997,0.2129138881
C001186,1,0.007534913381,0.5172597363,0.09826786723,0.007537276007,0.09404586471,0.008216282764,0.1801791632,0.08695889647
C001187,3,0.005820166064,0.006382205595,0.006477159537,0.005799530329,0.2465360734,0.4217484526,0.2414052541,0.06583115839
C001190,0,0.01463353847,0.01564704417,0.01582281809,0.5999185415,0.01657558735,0.01543973199,0.01656594121,0.3053967972
C001193,3,0.01507454953,0.3964750768,0.01661437814,0.01501578535,0.02092678992,0.2591794288,0.01867347156,0.2580405199
C001195,3,0.493829446,0.01679761931,0.01756487546,0.01539910706,0.01866276341,0.01680307671,0.01792529922,0.4030178128
C001197,0,0.01012609059,0.01201377174,0.01138703565,0.01739530492,0.0527397709,0.01197587775,0.3093693588,0.5749927897
C001201,4,0.02462516085,0.02575581966,0.02451023289,0.1369989357,0.01995454287,0.1430470072,0.02655582712,0.5985524737
C001205,1,0.004795243119,0.2074437138,0.004999679105,0.004737955761,0.006587960956,0.239500392,0.398708383,0.1332266722
C001206,4,0.01621917817,0.01690927255,0.01587317785,0.601131725,0.01740914731,0.016882145,0.01730098217,0.2982743719
C001217,3,0.6974303645,0.006359049727,0.006142312773,0.01829292268,0.06856149697,0.1200395222,0.006491095411,0.07668323571
C001218,2,0.01171958211,0.1143533849,0.01124450813,0.01126479439,0.2398983147,0.01008001972,0.447793598,0.153645798
C001219,3,0.008475784633,0.009584672429,0.08389660276,0.02310008809,0.01062245625,0.009447395985,0.01024121009,0.8446317898
C001246,0,0.01871915346,0.02767810278,0.02053631727,0.6816681297,0.02097992712,0.02041068616,0.02083328896,0.1891743946
C001247,4,0.0143331171,0.01531729033,0.01433123227,0.01382946974,0.02569291098,0.01487767039,0.6791956068,0.2224227024
C001251,0,0.02368871047,0.02665228182,0.1475094962,0.0244346318,0.1664567983,0.1296909461,0.05770001196,0.4238671233
C001257,2,0.01184679606,0.03063617263,0.01193550002,0.02464961812,0.01316642297,0.8000546962,0.01312162773,0.09458916632
C001259,4,0.864382918,0.009009233582,0.008820808414,0.008628001366,0.00924088454,0.008975363939,0.00918213408,0.08176065612
C001262,4,0.01145726719,0.0047933341,0.01171500573,0.5961806661,0.01302174535,0.01181396818,0.01299174655,0.3380262668
C001263,0,0.007012378844,0.09836026497,0.5130076838,0.2315696906,0.08184555743,0.007744453155,0.007822904202,0.05263706699
C001270,0,0.02459777956,0.003818473113,0.003770072238,0.6413285456,0.243144674,0.05650442013,0.004323050218,0.02251298519
C001274,3,0.07457768026,0.08229213265,0.007130944234,0.006568758145,0.008257383404,0.02069778249,0.147977592,0.6524977268
C001281,0,0.01194938549,0.01254361434,0.6185011378,0.011664167,0.01332171996,0.01246773484,0.01321322985,0.3063390108
C001282,4,0.8577789098,0.004394791743,0.004239374408,0.004241352689,0.004566994604,0.004259593312,0.004516260867,0.1160027226
C001286,2,0.005874728773,0.006258948714,0.09553677806,0.005783248018,0.4388555594,0.004950255881,0.3925582585,0.05018222264
C001287,3,0.004716009185,0.4677956808,0.2613643077,0.03145874305,0.153475567,0.005684047222,0.004267357264,0.07123828776
C001296,3,0.009821440603,0.5167479783,0.01082407089,0.3537208063,0.008096566266,0.01027165446,0.008282886432,0.08223459674
C001297,4,0.01437837974,0.5527759921,0.2533334914,0.0141755471,0.01583262609,0.01510778112,0.01564074409,0.1187554384
C001304,2,0.002917067831,0.009335503731,0.02773711864,0.003622232801,0.007161751333,0.002510678109,0.00699660742,0.9397190401
C001309,2,0.008715554101,0.4035287652,0.008749399538,0.00860197248,0.3929988785,0.003904574529,0.05124020438,0.1222606513
C001311,2,0.0221306655,0.02195252837,0.1348531206,0.01512354525,0.171802446,0.09156803576,0.05134941999,0.4912202385
C001319,1,0.007300829136,0.008147881785,0.3357725661,0.007185384931,0.5152816604,0.007929207627,0.007801117364,0.1105813527
C001327,4,0.8731485535,0.008742247593,0.008554520789,0.00825828761,0.009201107135,0.008711904013,0.009181154383,0.07420222495
C001332,0,0.1744109153,0.01772394458,0.2585109232,0.01739198615,0.01827068793,0.01748564201,0.01825336706,0.4779525338
C001333,3,0.008984291816,0.6743146648,0.156717322,0.008862207484,0.01001973196,0.04929034426,0.008967654003,0.08284378359
C001338,3,0.02890359141,0.03057217621,0.415989643,0.02869579625,0.2046451752,0.0308542762,0.03379006125,0.2265492805
C001339,3,0.009224055883,0.009404597856,0.01022985835,0.009120775246,0.01018925647,0.126176767,0.7403141483,0.08534054092
C001344,0,0.0220693961,0.06555982335,0.03068687285,0.01968743014,0.01942257163,0.007467800007,0.01888469295,0.816221413
C001350,1,0.007740228825,0.009045657874,0.3056847163,0.5190041757,0.01134590319,0.008828557311,0.01123133328,0.1271194276
C001357,3,0.008935073132,0.01025685663,0.04618468827,0.008809879978,0.02773370167,0.1435745348,0.3074715289,0.4470337366
C001358,3,0.01924692086,0.1319493585,0.1749754229,0.01889101905,0.3142786948,0.02035889289,0.1620441146,0.1582555764
C001360,3,0.007475750721,0.008582714465,0.009648278633,0.6896483993,0.01160056194,0.009429204959,0.0125918543,0.2510232357
C001363,4,0.003702356635,0.005357841415,0.01765662955,0.006482085667,0.003008736376,0.03913004914,0.002869984882,0.9217923163
C001365,0,0.002236917982,0.002690749685,0.003442923173,0.002233319332,0.01383306231,0.002672141584,0.01138026322,0.9615106227
C001368,0,0.1681032248,0.5532813263,0.01226571412,0.05587815677,0.01298056158,0.01350983881,0.01284768588,0.1711334918
C001369,2,0.05165990632,0.003318024464,0.003140692183,0.02025951372,0.004857524065,0.002695545925,0.003564486656,0.9105043067
C001370,4,0.001115709567,0.02606127302,0.05648547025,0.02224144027,0.002678248729,0.8495624121,0.002618237178,0.03923720884
C001371,2,0.004232595599,0.008585446687,0.004938222092,0.004151431753,0.002983207558,0.01539662244,0.004817212373,0.9548952615
C001373,2,0.004629215717,0.00502827166,0.004819534024,0.008823776615,0.1243021837,0.004134301657,0.7073281485,0.1409345682
C001379,3,0.8373301612,0.09715486105,0.006331693391,0.005798718061,0.00556913603,0.005315085248,0.005471510575,0.03702883449
C001403,1,0.01730688587,0.1062247031,0.01759685468,0.211451504,0.06849801275,0.01947601727,0.06291814424,0.4965278781
C001404,0,0.6184366418,0.04077873128,0.004187162146,0.003697561212,0.1373105441,0.08529649084,0.007377679673,0.102915189
C001407,1,0.004073784883,0.004577353286,0.004083282938,0.004145206459,0.006149867741,0.9243760216,0.006329682955,0.04626480014
C001423,1,0.009605329222,0.8166747582,0.009633220571,0.009648508552,0.01046575946,0.0105241398,0.01048770938,0.1229605748
C001425,2,0.06812863329,0.689308072,0.09445596424,0.09086203354,0.006526180464,0.002957403574,0.01395979875,0.03380191411
C001432,0,0.001235068782,0.02157184249,0.0121550655,0.006848286432,0.006220266054,0.001445815653,0.9210423691,0.02948128597
C001438,2,0.006937573388,0.003485108541,0.003081635924,0.0030868027,0.005929686312,0.03928474274,0.003849142866,0.9343453075
C001456,4,0.009099335753,0.05542564614,0.2484028748,0.008926812315,0.009579005949,0.3980074449,0.2067229229,0.06383595722
C001465,1,0.03951697868,0.008179183508,0.2848270017,0.00660829641,0.01034354331,0.00742560013,0.5124436575,0.1306557387
C001466,1,0.00825655361,0.009134235053,0.008588239609,0.008356785502,0.02908581308,0.00903464288,0.8386627684,0.08888096183
C001468,4,0.02024984598,0.8249564276,0.002610646872,0.002466005586,0.002470938475,0.002699442738,0.06699963874,0.07754705401
C001471,0,0.02667856454,0.3447437096,0.2782677402,0.01533936077,0.07148290747,0.005490986,0.06545392366,0.1925428077
C001477,1,0.006780147357,0.1809646501,0.006871709885,0.7126927024,0.009468831224,0.007155173142,0.008998007567,0.06706877831
C001482,4,0.0149048753,0.01566023623,0.7068483068,0.01442423609,0.01583094147,0.01540832461,0.01580602633,0.2011170532
C001489,3,0.003519077168,0.004795973693,0.007529102435,0.01128530985,0.009806821173,0.004851435963,0.005276994163,0.9529352856
C001496,4,0.01662647798,0.01845298131,0.2996309271,0.08656350523,0.1407740659,0.0177089913,0.01567775558,0.4045652956
C001510,1,0.03633558762,0.4966399593,0.05138191589,0.08624233876,0.01562879869,0.01240512645,0.01533345762,0.2860328156
C001515,0,0.03589563466,0.005763070279,0.005156141118,0.004872980719,0.005913068627,0.005713125114,0.005905052031,0.9307809274
C001518,2,0.008189321808,0.3640283439,0.1338933319,0.08653176548,0.009857557446,0.00690712242,0.00986712749,0.3807254296
C001534,2,0.01692713559,0.5889914027,0.01662196642,0.2045484337,0.01872633113,0.01430618815,0.0184381536,0.1214403887
C001538,3,0.004431721003,0.004752665903,0.004930260585,0.004350517732,0.005257740146,0.004767397091,0.9266115195,0.044898178
C001539,1,0.007903924405,0.3891221967,0.007860836668,0.007540336303,0.2284685321,0.1128179271,0.1546354691,0.09165077767
C001541,1,0.1169248479,0.004647129957,0.004287486691,0.004177787264,0.1496204388,0.06847975543,0.6044533766,0.04740917738
C001543,2,0.1254073194,0.01556475217,0.106036007,0.01733670941,0.01887694257,0.4501409761,0.01892495403,0.2477123393
C001545,3,0.01482755238,0.01606677111,0.3318704003,0.1058926346,0.0174866925,0.01559259525,0.01654398103,0.4817193729
C001550,3,0.1002791054,0.1321375165,0.4263785585,0.01304966257,0.01616554349,0.01473710363,0.01567108472,0.2815814251
C001552,1,0.002273655912,0.002442180426,0.03351027312,0.002263211922,0.002908151074,0.002424613214,0.9300743518,0.02410356253
C001553,3,0.003535204626,0.02799649821,0.6263437018,0.02275438406,0.1578800618,0.02771786363,0.0784226174,0.05534966847
C001558,3,0.01335385116,0.01536597946,0.03130005174,0.01394067324,0.06536039373,0.01552981865,0.01615933179,0.8289899002
C001568,1,0.01900546929,0.001552966235,0.001324788065,0.001294499991,0.001913952146,0.001475366933,0.9211020986,0.05233085876
C001573,4,0.01044048709,0.003938534996,0.003637596754,0.004627112791,0.01988847767,0.01626770199,0.01724553095,0.9239545578
C001579,0,0.00303843572,0.8311946785,0.004359075829,0.003007452485,0.07128483063,0.003453330577,0.003881186548,0.07978100975
C001580,0,0.001380578788,0.001552914596,0.04835018374,0.001380838912,0.9006770122,0.01734653949,0.02026143575,0.009050496483
C001586,4,0.009903405815,0.01084355672,0.009678823142,0.3665862812,0.01196672078,0.3421536774,0.01183764988,0.2370298851
C001603,0,0.6871794498,0.09547368559,0.004532488978,0.004105738287,0.005084621022,0.004907288509,0.09596933174,0.1027473961
C001605,1,0.01944415482,0.007279987119,0.5098445479,0.05122718046,0.01136030608,0.007175086253,0.2473090198,0.1463597176
C001606,1,0.007718501385,0.00835658088,0.007665707869,0.007611376849,0.01032319661,0.008275181086,0.8465713567,0.1034780986
C001611,1,0.02350953431,0.01010552992,0.02759852844,0.643369185,0.01380378474,0.008918820047,0.01425480388,0.2584398136
C001612,2,0.01470690493,0.0154001333,0.1267371884,0.3189069265,0.01689691342,0.01256039176,0.2674717497,0.227319792
C001619,3,0.006809137937,0.007299739539,0.3819044962,0.09741424192,0.09006738935,0.3037544822,0.008072231596,0.1046782813
C001622,2,0.05151493813,0.2070740371,0.01406296595,0.01434936195,0.04588414993,0.01227494227,0.05195318945,0.6028864152
C001623,4,0.06936440632,0.01243495446,0.7809320352,0.01362944142,0.01015673606,0.01628563827,0.04449799811,0.05269879016
C001628,4,0.004748781727,0.6488087031,0.004814618875,0.0165394829,0.005536279289,0.00503461382,0.260233614,0.05428390629
C001636,2,0.2023682126,0.007022378925,0.525154432,0.006801984695,0.09311172591,0.04513486042,0.07138160626,0.04902479923
C001637,4,0.01484651569,0.01534365518,0.3003853837,0.0955306452,0.01698022528,0.01526619459,0.01671532525,0.5249320551
C001646,4,0.7124156335,0.01704047301,0.0165796072,0.01620289825,0.01762555721,0.01696262929,0.01747855648,0.185694645
C001651,3,0.3729436452,0.01855619621,0.01840205593,0.01637818488,0.02150278692,0.01839407286,0.07322784627,0.4605952117
C001652,2,0.01847516692,0.9379323021,0.001019186802,0.008492011177,0.02561821992,0.0009352499502,0.001115546569,0.006412316514
C001654,2,0.01393524803,0.0147884398,0.0139517094,0.6414469128,0.01824190609,0.0126323805,0.05364826744,0.2313551359
C001659,2,0.003860933589,0.06951435682,0.01311170506,0.04746186336,0.7351719772,0.003258404471,0.004811115192,0.1228096443
C001671,1,0.004888288374,0.4975507976,0.2382539623,0.1614079281,0.006674093442,0.005407717748,0.006611479548,0.07920573285
C001675,0,0.111789728,0.0237627782,0.0221722074,0.02017324971,0.02322236568,0.02314193349,0.02292773023,0.7528100073
C001679,0,0.01827995096,0.0211964463,0.01452457517,0.7486030736,0.0216682725,0.02077739914,0.02272470784,0.1322255745
C001684,2,0.01443128171,0.01537941681,0.01519048383,0.7626372073,0.01746138078,0.01262075836,0.01700255392,0.1452769173
C001685,1,0.009075349777,0.01134001133,0.009008155161,0.6849592946,0.01381698869,0.01707470301,0.01385425197,0.2408712455
C001688,2,0.6887769418,0.01283650662,0.01269955223,0.01214014662,0.01444023142,0.1298382393,0.01444243691,0.1148259452
C001690,2,0.01260427881,0.6016168821,0.01344689947,0.0125555345,0.01398241835,0.1605008019,0.01396828844,0.1713248965
C001694,0,0.03293437071,0.01577481728,0.0144559172,0.01330168547,0.01689872935,0.7372066629,0.01762917706,0.15179864
C001696,4,0.01104116128,0.01190214569,0.1346063578,0.01077282884,0.02141862471,0.2090515847,0.4959334958,0.1052738013
C001702,4,0.00749676214,0.1286428524,0.05938556188,0.1024796568,0.0305719293,0.007489324308,0.5869689334,0.07696497974
C001711,3,0.5535180758,0.0109186941,0.01129565149,0.2920687689,0.01207530606,0.01090021462,0.01201919267,0.0972040964
C001722,1,0.002584027424,0.00317869811,0.002947205802,0.002537007642,0.003688292492,0.002911811024,0.003685493579,0.9784674639
C001730,0,0.0298684379,0.01461933977,0.01423619045,0.3270846649,0.01520131186,0.3670569445,0.0149640139,0.2169690967
C001738,2,0.284559345,0.00506968717,0.004648288096,0.5750400094,0.0258407105,0.00395541625,0.0610774519,0.0398090917
C001739,2,0.02947123117,0.270143975,0.1271544852,0.007830768396,0.01557609047,0.006767275127,0.009185733266,0.5338704414
C001741,2,0.003237556802,0.8918656853,0.003346823447,0.003217038669,0.05536761239,0.002883313549,0.01629717205,0.02378479776
C001743,0,0.007099443516,0.1723473422,0.007665513946,0.007063336508,0.07130001496,0.029308871,0.5719515354,0.1332639425
C001746,3,0.01412427487,0.4752331683,0.01571648209,0.01440840511,0.3367545563,0.01502934984,0.01659621329,0.1121375502
C001754,3,0.003259561579,0.1524623044,0.003565369967,0.8020232797,0.003685207361,0.003456545655,0.003570994999,0.02797673636
C001761,3,0.01590844342,0.01658560241,0.2284650877,0.01947943205,0.01789279714,0.2138854422,0.0356691253,0.4521140697
C001764,4,0.006888548457,0.367065252,0.02726270426,0.00685873924,0.4183166743,0.007155158915,0.007443373858,0.1590095489
C001771,2,0.005992893969,0.006816847684,0.683730184,0.005863328364,0.007030969305,0.004957522247,0.006930804477,0.27867745
C001774,4,0.03288024812,0.6104672538,0.005481566867,0.01399729082,0.06521146143,0.02940471566,0.1615989368,0.08095852644
C001777,0,0.005971273983,0.00713966536,0.7672196771,0.00616986117,0.007246394136,0.07365183475,0.05828686576,0.07431442776
C001780,2,0.0111326549,0.01148035763,0.01079567996,0.5779307595,0.01388544748,0.009249994277,0.01392711041,0.3515979959
C001782,4,0.003519874297,0.003596502456,0.008027675324,0.003389919113,0.9410309212,0.004182099737,0.003668777939,0.03258422998
C001784,3,0.8577479881,0.04896489827,0.006119698137,0.003653167546,0.004414679658,0.00410254393,0.004155073877,0.07084195049
C001786,3,0.01142171793,0.5500460702,0.01274345976,0.04020634167,0.1213986893,0.01193950003,0.1468012712,0.1054429499
C001796,2,0.007256243581,0.458405645,0.007401392401,0.007230186479,0.006127990071,0.006428873349,0.4623048649,0.04484480427
C001808,4,0.006548928299,0.626256331,0.1765727046,0.01241411598,0.01386839736,0.01285381227,0.01379684897,0.1376888615
C001811,1,0.2204200118,0.4676358082,0.1374416604,0.03423955898,0.009900860008,0.05617414474,0.009358827057,0.06482912884
C001812,0,0.01186763141,0.01349529521,0.013111923,0.01207210904,0.8121953927,0.01322147817,0.01317280364,0.1108633668
C001814,1,0.008209676779,0.2710825822,0.114993001,0.007965918021,0.01226323088,0.009043837735,0.01201101588,0.5644307375
C001816,0,0.00543816281,0.00656220273,0.006122053634,0.005510998634,0.006907455014,0.4286491479,0.4159743509,0.1248356284
C001819,0,0.00451524702,0.01016081157,0.0246798135,0.01068638247,0.008898033434,0.01882572311,0.005981899178,0.9162520897
C001821,4,0.02810585489,0.06062286231,0.02909075197,0.02768649918,0.03169203276,0.02878029795,0.0316263806,0.7623953203
C001823,2,0.005543621141,0.004083899431,0.07602369633,0.01354566861,0.007146626219,0.004813613293,0.01002351788,0.8788193571
C001829,3,0.01614445332,0.01696699194,0.3090284708,0.01589286721,0.0186787313,0.01693615687,0.08886122758,0.517491101
C001830,0,0.6670363198,0.02518189461,0.02477008673,0.02290297991,0.02558428995,0.03110061836,0.02541655388,0.1780072567
C001836,2,0.01147118349,0.6552073465,0.01491464216,0.01135794584,0.01302892566,0.1182211804,0.01280118465,0.1629975913
C001837,0,0.00291612727,0.8571788585,0.0279382473,0.002879537838,0.003634502884,0.003805660476,0.003637915718,0.09800915003
C001861,2,0.00199921196,0.00225852743,0.8857175992,0.002037254239,0.01494980456,0.001869346129,0.0148644687,0.07630378777
C001865,4,0.01193795338,0.01242612103,0.01200811731,0.7471620337,0.04297375641,0.0331375995,0.04398712165,0.09636729704
C001869,4,0.006238461869,0.5982624957,0.03878345023,0.005914933607,0.07116520698,0.006356981983,0.06297651448,0.2103019552
C001870,3,0.01627831085,0.01771266479,0.01796668992,0.1956638233,0.02013406345,0.1314089698,0.01928905936,0.5815464185
C001882,1,0.01372468966,0.01615494132,0.01387033348,0.06638581906,0.2850789575,0.05147512476,0.06407474678,0.4892353874
C001883,1,0.005243476716,0.04071615997,0.1493134982,0.1800403837,0.006927299873,0.5561805197,0.006931779286,0.05464688253
C001887,4,0.01396044493,0.5072488211,0.0122333192,0.01336314233,0.0515924083,0.01426256103,0.2868698592,0.1004694439
C001888,1,0.02040778107,0.02284997654,0.02057634873,0.02010937612,0.02985524714,0.02203355871,0.0311657913,0.8330019204
C001895,0,0.009993456464,0.01097358672,0.5549740478,0.009820601559,0.01201039558,0.01352579423,0.01235341775,0.3763486999
C001899,3,0.007849011343,0.07077063429,0.008627561388,0.007744919634,0.009007890501,0.19041981,0.6427300087,0.0628501642
C001902,2,0.8931670288,0.007475032374,0.002916241701,0.006602786956,0.03542022987,0.007748571126,0.01727981284,0.02939029631
C001907,0,0.02309255345,0.02483609363,0.02404028043,0.02284021842,0.02490589629,0.1244689303,0.02471830974,0.7310977178
C001910,1,0.02033960288,0.02256599927,0.02097069966,0.5215464732,0.0293409089,0.03366094404,0.02907238384,0.3225029882
C001917,0,0.009437966336,0.01052269922,0.5565606022,0.009426760416,0.2523950005,0.01046948868,0.0106579811,0.1405295015
C001920,0,0.007559407327,0.008466007453,0.5494554116,0.1016114432,0.2212855511,0.008382741407,0.0516795911,0.05155984685
C001926,3,0.005174800063,0.005461788236,0.5886490452,0.005075711457,0.006116606368,0.005483114892,0.2566719004,0.1273670334
C001936,3,0.8004225631,0.1114827357,0.007281810664,0.006643022198,0.007462042716,0.007144350274,0.007337556633,0.05222591872
C001954,0,0.002404682424,0.002878154442,0.002686289651,0.002467124272,0.003015598487,0.00287185325,0.6781318577,0.3055444398
C001980,4,0.02210962697,0.02318313593,0.2355992898,0.4548980981,0.02410810726,0.02281306125,0.02401986499,0.1932688157
C001982,3,0.002373520032,0.01998452893,0.02443174597,0.04509050841,0.02195007592,0.8277470343,0.03961938031,0.01880320609
C001988,4,0.008457483176,0.008796616638,0.8436409749,0.008142363535,0.009539671751,0.00864677229,0.006180339857,0.1065957779
C001989,3,0.4475531724,0.04262573699,0.009662272039,0.2797827606,0.05832829523,0.009434006714,0.0618803517,0.09073340437
C001990,3,0.002065497708,0.04903131343,0.00223469384,0.006575980363,0.01142838429,0.5551774367,0.3161422577,0.05734443594
C002009,3,0.03497478742,0.003354489111,0.005534196613,0.002965530517,0.8691220908,0.003303512575,0.003821629211,0.07692376372
C002017,4,0.0126512942,0.01309640147,0.01263686547,0.07389187093,0.01931014231,0.104059455,0.6581447855,0.1062091851
C002019,1,0.2039035085,0.009514257252,0.008266386954,0.00807149008,0.02647271053,0.6154013144,0.02449325805,0.1038770743
C002029,4,0.01170123485,0.1989333199,0.01178197814,0.05647046962,0.01222737451,0.07803169497,0.01463525781,0.6162186702
C002034,4,0.01427757083,0.01492334421,0.01420938251,0.01366710022,0.3104183897,0.01438651803,0.1600060732,0.4581116213
C002035,4,0.009108339468,0.05657975572,0.004609283792,0.004567321753,0.02226345535,0.006165129056,0.03876239797,0.8579443169
C002055,0,0.01236845756,0.2311918668,0.01297526053,0.2480425364,0.4176734894,0.008912514554,0.009179305201,0.05965656953
C002059,1,0.003889253643,0.004245330701,0.003896860557,0.003882548659,0.004309383528,0.9329818825,0.004259433693,0.04253530668
C002062,4,0.008629113305,0.360131436,0.01715057027,0.008208406858,0.2191865374,0.009031657786,0.1719770389,0.2056852395
C002065,4,0.002521199959,0.002768165602,0.9234983604,0.002468428103,0.002950522179,0.002660215549,0.002931333972,0.06020177428
C002066,1,0.003983875799,0.004866980822,0.03782474422,0.004030055369,0.03761871452,0.004607279164,0.005945527108,0.901122823
C002073,3,0.008273698554,0.008669154194,0.8625977513,0.008069586798,0.009437559582,0.008832908438,0.008950888681,0.08516845247
C002080,2,0.598953918,0.01221924725,0.01195139071,0.2592300556,0.0129696352,0.01090007493,0.01284800197,0.08092767633
C002083,4,0.002904824032,0.003029445196,0.9294086414,0.002796432592,0.003081600035,0.002987692318,0.02980787139,0.02598349309
C002096,4,0.05191379617,0.006998560881,0.2024388687,0.0061746314,0.1556958905,0.009856267032,0.01792805848,0.5489939268
C002123,0,0.01792795629,0.01994725326,0.01956539443,0.01772522785,0.02077997493,0.06046516832,0.02059584579,0.8229931791
C002125,1,0.0250986748,0.2507898584,0.0254075428,0.0246939177,0.1214071502,0.02744709736,0.03553275015,0.4896230086
C002130,1,0.00340167556,0.006711325279,0.005855965626,0.1701892938,0.008126579007,0.006431867023,0.01348651384,0.7857967798
C002133,3,0.04779729348,0.5990675645,0.01084792288,0.009623023767,0.09107099713,0.01058834687,0.08698290406,0.1440219473
C002137,0,0.0205290532,0.0222148816,0.02148555314,0.6423745092,0.0229156225,0.02202663026,0.02310013343,0.2253536166
C002140,4,0.4277429766,0.01177084325,0.3471089381,0.01190315871,0.01190478061,0.01160156436,0.01177404905,0.1661936894
C002143,3,0.008837351843,0.008977716657,0.2571237999,0.01093203868,0.451955172,0.1897567857,0.00923333766,0.06318379753
C002145,3,0.7942434209,0.01258913104,0.03716292232,0.0121141114,0.01335943665,0.01267453372,0.02331414094,0.09454230298
C002156,4,0.007065377904,0.007809782817,0.007141495741,0.006924497042,0.008690825301,0.7942672871,0.008635797226,0.1594649368
C002169,0,0.01591077392,0.05651222299,0.05132373611,0.01566659026,0.1098107961,0.01832407191,0.140162749,0.5922890597
C002171,3,0.00880121094,0.6579439613,0.009646994227,0.008621325296,0.009651013808,0.009259688449,0.009197928443,0.2868778775
C002178,3,0.007183082771,0.007594711672,0.1667610995,0.733830854,0.008133647549,0.007643815391,0.007884266375,0.06096852276
C002186,3,0.1352603301,0.4168094795,0.006895558056,0.04872701753,0.01110219927,0.08206151353,0.2131739654,0.08596993661
C002190,0,0.01585896146,0.1982789648,0.01736852125,0.01586716445,0.01971503633,0.01772619469,0.02038844166,0.6947967154
C002202,0,0.002700282571,0.005381417262,0.01744070491,0.002672984626,0.003549447616,0.004833905912,0.03889316001,0.9245280971
C002205,3,0.005310045614,0.005762722908,0.005998685648,0.005245667443,0.006404497972,0.005861374055,0.8843606139,0.0810563925
C002207,1,0.01145162492,0.07595218454,0.06286025214,0.01133684411,0.01409411469,0.04363100321,0.6418323767,0.1388415996
C002210,1,0.005660964086,0.1292291903,0.004492764863,0.2390936668,0.4132160041,0.004778753336,0.1566760844,0.04685257208
C002211,1,0.4636934759,0.0138902931,0.01251351395,0.01225396897,0.01958658073,0.0135187478,0.01942121531,0.4451222043
C002217,3,0.007378229698,0.004643134879,0.02835570838,0.00451801042,0.02786228239,0.005025524901,0.01208340146,0.9101337079
C002221,0,0.0046272383,0.1051290766,0.009111367048,0.04651037607,0.06357384929,0.006930320665,0.005724249381,0.7583935227
C002224,2,0.01147056424,0.01248700115,0.01154895452,0.01117571639,0.01340485489,0.2067396379,0.6293017162,0.1038715547
C002225,3,0.782919285,0.01446572583,0.01517504598,0.02113498459,0.01585847052,0.01446614044,0.01616949562,0.119810852
C002248,2,0.006659973095,0.05336019878,0.3181743338,0.04534422633,0.007879937437,0.231915463,0.2870384707,0.04962739687
C002252,0,0.002784216466,0.003390319624,0.002714209536,0.002080222818,0.04149805358,0.001783379366,0.003469905497,0.9422796931
C002254,4,0.01042468875,0.6751663209,0.01042516265,0.009973637063,0.0165395646,0.1103646777,0.01463764125,0.1524683071
C002258,4,0.01264851331,0.01315025075,0.01266660152,0.01213785998,0.01460903889,0.775147449,0.01457778332,0.1450625032
C002262,1,0.001666710918,0.001953561952,0.05967059547,0.04466222333,0.8074643918,0.008014322921,0.002317305046,0.07425088854
C002264,3,0.03502699856,0.01103194018,0.01189514462,0.01040260316,0.01215251251,0.759117801,0.01168526296,0.1486877371
C002267,1,0.0166922408,0.01913609582,0.1238182947,0.02333298172,0.03040427569,0.01788703603,0.2275199507,0.5412091245
C002269,1,0.008104034005,0.7197332475,0.008192703827,0.05621416517,0.01225171142,0.0753409182,0.01231351968,0.1078497002
C002270,3,0.00572587323,0.6532225716,0.006085535061,0.2696587101,0.006303951657,0.005969020022,0.005906120942,0.04712821738
C002273,0,0.004039906985,0.004494504355,0.004325411566,0.4533023785,0.4753164122,0.004440981398,0.01870238125,0.03537802369
C002287,3,0.03221719163,0.04436742493,0.221697248,0.0319319002,0.04965017386,0.0418551038,0.03009324264,0.548187715
C002290,0,0.02090145769,0.02483595059,0.02344013828,0.7079450628,0.0249001466,0.02461882675,0.02565539187,0.1477030254
C002295,1,0.001413682441,0.6505195391,0.001463570802,0.2243465219,0.1023250766,0.001618213652,0.001921236533,0.01639215896
C002298,0,0.009932486132,0.01094010903,0.317996186,0.009966959177,0.0113720471,0.5431874934,0.01140840897,0.08519631016
C002308,3,0.009914168822,0.4598834636,0.01111957562,0.00988257718,0.01330886895,0.01224273834,0.2415771222,0.2420714852
C002309,1,0.007253396091,0.1333267723,0.007384522977,0.6736848215,0.01124153975,0.08933557856,0.011105062,0.06666830678
C002314,1,0.002921476761,0.003474335073,0.003798765611,0.08173456442,0.004436787259,0.00331499795,0.004393263986,0.8959258089
C002315,2,0.008683558294,0.02933408215,0.004680786456,0.05803746366,0.005642374267,0.005360685845,0.03221007055,0.8560509788
C002319,1,0.1181112821,0.01414118504,0.1482587113,0.01218565864,0.03581518411,0.345994077,0.01692743658,0.3085664653
C002330,3,0.02387100816,0.04040533693,0.0274622634,0.02349867097,0.02806458133,0.02477390207,0.02720638616,0.804717851
C002334,2,0.002238429711,0.002358898736,0.002251342008,0.8880135107,0.00260395174,0.08219910396,0.002570540723,0.01776422243
C002339,1,0.8460489734,0.002699943299,0.003700014346,0.003594198588,0.02950056769,0.003950973217,0.01072195045,0.09978337897
C002341,4,0.7207531945,0.005358819788,0.005037425447,0.08857915607,0.005599288235,0.005274292593,0.1324194662,0.03697835708
C002342,2,0.02948553844,0.01353045821,0.7909138124,0.01486998139,0.01467971089,0.01241613007,0.0146241649,0.1094802037
C002345,0,0.01674496958,0.01733413905,0.01693799485,0.01541997845,0.01787136221,0.6025448458,0.01864242267,0.2945042874
C002348,0,0.1067539128,0.005895835138,0.005478852386,0.07086858337,0.1549889895,0.4336768814,0.1368815914,0.08545535396
C002352,3,0.4085584646,0.01058854031,0.3023985439,0.009994252913,0.1036950767,0.01076436587,0.07683760017,0.07716315557
C002359,1,0.006857873188,0.007621795974,0.006973086449,0.006807185732,0.1613255988,0.007509813804,0.7099591961,0.09294544997
C002377,1,0.004391288775,0.003556572041,0.06376850154,0.009889978957,0.02092124218,0.02678465881,0.01507781979,0.8556099379
C002381,2,0.0351265469,0.009070810772,0.2501002557,0.6004978453,0.0176726919,0.007270471506,0.01864020624,0.06162117175
C002383,2,0.8405322145,0.007047020102,0.004172654446,0.006668342315,0.008471492124,0.005606050897,0.008395153695,0.1191070719
C002387,3,0.01196084208,0.8318790448,0.01302160793,0.01173602711,0.01335348141,0.01155173627,0.01314381297,0.09335344743
C002390,3,0.02080329281,0.01456200286,0.01520870334,0.04705284733,0.02784158574,0.01546390331,0.02498141279,0.8340862518
C002392,3,0.6794056741,0.00621635161,0.2518003253,0.005651191564,0.006190679032,0.00611737986,0.00587799748,0.03874040106
C002396,4,0.007916375166,0.008674747063,0.007948560594,0.3348632426,0.009205133908,0.007243771758,0.5181902442,0.1059579247
C002403,4,0.02884184886,0.03017044221,0.1087408905,0.02789367938,0.03106281193,0.02974255715,0.03073687752,0.7128108924
C002407,2,0.01373361628,0.01441928909,0.01373949219,0.01337816799,0.01564912807,0.01134992587,0.7505719202,0.1671584603
C002408,2,0.02656701448,0.03146773682,0.03082443189,0.1154022042,0.03331601615,0.02417078821,0.03171893399,0.7065328742
C002409,4,0.00375615786,0.02648464109,0.00394006559,0.004315406003,0.003261930725,0.02532219157,0.004418363345,0.9285012438
C002412,2,0.1753400704,0.02021844864,0.1714926405,0.01687799651,0.02096614577,0.1464158691,0.02086205719,0.4278267719
C002416,0,0.007613541535,0.3737316595,0.008379912312,0.007672438663,0.008904225179,0.3646897367,0.009361359568,0.2196471265
C002418,2,0.1636468923,0.006916375479,0.006520434811,0.2443015183,0.007052203213,0.5206826543,0.006955202066,0.04392471945
C002420,0,0.007751430969,0.008574043211,0.3887998532,0.01106985525,0.3247295294,0.145424957,0.008639331786,0.1050109992
C002434,2,0.005295484039,0.0352167909,0.01771781322,0.004348567714,0.0116672857,0.1275227633,0.02593245753,0.7722988376
C002443,2,0.004353297386,0.01237418322,0.006392128537,0.02702991397,0.004730941298,0.003883702166,0.005128488216,0.9361073452
C002446,3,0.008227316471,0.2747463214,0.08565759438,0.01319389287,0.006600443057,0.00919034755,0.02007345512,0.5823106291
C002453,0,0.003447666055,0.1002855011,0.004081179695,0.8182388626,0.00229447091,0.004361063637,0.00226685183,0.0650244042
C002454,3,0.7807155353,0.01164119022,0.08424977953,0.03230060199,0.007555366632,0.007089682586,0.007226218645,0.06922162506
C002459,1,0.2506556677,0.6144264157,0.04826088867,0.01220916857,0.003003229711,0.04677351695,0.003052311291,0.02161880142
C002465,2,0.004605420093,0.005013108519,0.4490519221,0.004684807692,0.006020983648,0.1146580289,0.2180788673,0.1978868618
C002467,1,0.008994397507,0.7721601686,0.009042915897,0.008979510907,0.02565492449,0.01468409893,0.0191173198,0.1413666638
C002469,1,0.002955461818,0.003534173553,0.02276394782,0.002986119233,0.1130743893,0.06085162418,0.5325817586,0.2612525255
C002470,0,0.1701062505,0.1716532001,0.01060965287,0.03610760862,0.01185731642,0.1517010297,0.2143724093,0.2335925325
C002477,1,0.04000957398,0.7195171936,0.004051091467,0.1819836432,0.005350829899,0.004249771824,0.005403820745,0.03943407533
C002484,3,0.007478668718,0.007801413357,0.8822548208,0.007381539709,0.008427869879,0.007862660258,0.008162746853,0.07063028043
C002486,2,0.01313267139,0.01516858955,0.05953202727,0.1068931517,0.01747807345,0.01191527207,0.2458792888,0.5300009257
C002487,1,0.0355943546,0.04387667406,0.7558217582,0.03590691185,0.008037021203,0.04108755361,0.007965313929,0.07171041256
C002489,0,0.002292731819,0.01928730133,0.07704342542,0.002320075576,0.8596539751,0.01729149227,0.002551957537,0.01955904098
C002496,2,0.5730666195,0.009279844408,0.009138730289,0.1242803971,0.009862532925,0.007962699818,0.2082803759,0.05812880014
C002497,2,0.002773876791,0.002823361272,0.002794361417,0.00272299687,0.9608042634,0.002379297979,0.002902733758,0.02279910855
C002502,1,0.004839378303,0.1831519169,0.004939780409,0.004906873756,0.4181168228,0.005526950057,0.2023438719,0.1761744059
C002510,4,0.00339995383,0.002564970191,0.003382525674,0.002914887305,0.003993706268,0.01491612975,0.004017131283,0.9648106957
C002511,4,0.00824769851,0.008653973319,0.6047923606,0.03632486668,0.1055061372,0.008551529222,0.06837574058,0.1595476938
C002515,1,0.5878933243,0.01674427459,0.01521930698,0.01500797662,0.02116591606,0.01654705878,0.0209613742,0.3064607684
C002520,4,0.005767526023,0.006107485666,0.004463199948,0.005459078294,0.006752550627,0.005919433325,0.7764450726,0.1890856535
C002521,3,0.02455789474,0.6727435244,0.1046157507,0.02774626057,0.03218414239,0.01727988117,0.0230340787,0.09783846728
C002529,3,0.002195176708,0.002388450879,0.002469839049,0.00216744498,0.1832559735,0.7693312009,0.02020760006,0.01798431399
C002538,1,0.00699212242,0.007802069064,0.007229659785,0.009734676715,0.8554182842,0.007723062674,0.01524599483,0.0898541303
C002540,3,0.002146211245,0.08187574532,0.002333621652,0.002113272435,0.8315178073,0.03794795243,0.002586855503,0.03947853414
C002545,1,0.002498641999,0.002706387566,0.002504923139,0.038426633,0.9017988628,0.002687737202,0.01325421611,0.03612259817
C002546,2,0.02348392761,0.02485939956,0.02376718823,0.02337215788,0.02667033291,0.02022266355,0.5798037851,0.2778205451
C002551,2,0.0373795229,0.01892340112,0.3861442644,0.01666368009,0.02012309155,0.04726244286,0.01923100824,0.4542725889
C002554,0,0.007912133839,0.03256045882,0.7345661506,0.007947915893,0.009623226411,0.008990297027,0.04431547973,0.1540843377
C002557,4,0.002807993276,0.8826178324,0.03339211782,0.002699027868,0.003223837943,0.002959314523,0.003189257343,0.0691106188
C002558,1,0.002630532396,0.003191984584,0.004042323055,0.01890876864,0.003389989486,0.002976107193,0.003342954995,0.9615173397
C002561,2,0.005397155896,0.7307240737,0.005566941087,0.1250029471,0.006433670053,0.0048262466,0.08479167628,0.03725728921
C002565,0,0.5759704289,0.06184363751,0.008305851926,0.008070440236,0.009487633277,0.008906552902,0.2570829369,0.07033251836
C002568,3,0.02238990894,0.117744191,0.1372079374,0.02203910535,0.0259110752,0.02404642949,0.3467486312,0.3039127214
C002578,3,0.04319441416,0.002665782517,0.7951606366,0.004773380407,0.003136392218,0.1120692956,0.002980754404,0.03601934409
C002588,4,0.02275977115,0.09734169558,0.009298419826,0.05390256188,0.009334752371,0.009816236952,0.01108752168,0.7864590406
C002591,4,0.03737210085,0.7660870123,0.06782656166,0.00256600944,0.02461832979,0.003650988763,0.0205657544,0.07731324283
C002592,2,0.008967445534,0.01003258747,0.0138657172,0.008856372092,0.2343339613,0.007626039899,0.09199137358,0.6243265029
C002593,3,0.004734265646,0.6460817552,0.005128788765,0.004703676753,0.05164435905,0.1093805289,0.005865297509,0.1724613282
C002598,2,0.01864853308,0.0202663032,0.02068972556,0.01849890481,0.2066926274,0.0169622848,0.2336321132,0.464609508
C002604,2,0.02485126096,0.2179431824,0.02405410257,0.02395229969,0.02579388829,0.04475681053,0.4568941725,0.1817542831
C002605,0,0.002528949721,0.02336926626,0.02032612601,0.002547142061,0.003622733969,0.003214961468,0.003496012766,0.9408948077
C002619,2,0.03133183324,0.03345878622,0.2049998253,0.03211942658,0.03592661946,0.02873906565,0.03570915286,0.5977152907
C002630,2,0.07930263833,0.004350440754,0.004114481772,0.04982119339,0.004614042044,0.8119289676,0.004581986695,0.04128624939
C002631,1,0.005279254257,0.005907510137,0.8966557198,0.005184439965,0.006934093711,0.005785299108,0.006947068651,0.06730661442
C002632,2,0.0294747671,0.00565968438,0.005119826296,0.006243705743,0.07494665228,0.004276888579,0.08352842047,0.7907500551
C002640,1,0.007496838107,0.008546302364,0.007560539799,0.007384796376,0.08096017648,0.5661153006,0.01133547236,0.3106005739
C002641,2,0.009849066653,0.01010430288,0.05915878547,0.1615185532,0.01120012735,0.6379381429,0.02303947036,0.08719155123
C002648,1,0.003537681368,0.03017629753,0.008663236987,0.009992659719,0.001387759411,0.01291950291,0.009282329922,0.9240405322
C002651,2,0.3123780257,0.01045555296,0.009623396375,0.009407325444,0.4661306077,0.008070524437,0.009500077601,0.1744344898
C002652,3,0.001738868631,0.04966813439,0.001860061045,0.02200611452,0.00236156406,0.001941008418,0.8949299832,0.02549426578
C002654,1,0.01276274145,0.7445159945,0.01266651742,0.01288942895,0.01855358967,0.01429267564,0.01924340892,0.1650756434
C002658,4,0.008032611697,0.5049657865,0.008102904579,0.2402613742,0.007654133942,0.008779097869,0.01049416759,0.2117099236
C002662,0,0.004090807363,0.1448133184,0.004480947566,0.5848688517,0.1396808411,0.05011305009,0.005154465285,0.06679771853
C002669,2,0.01508540098,0.01676038922,0.07102710021,0.01557529581,0.01758029678,0.2538174952,0.01750246258,0.5926515593
C002674,4,0.348525289,0.4956857209,0.009744355018,0.006024897989,0.01057534239,0.009839056907,0.010510556,0.1090947818
C002679,2,0.003912713879,0.004169653569,0.00407379759,0.003864285679,0.004680570876,0.9454096873,0.004727532559,0.0291617586
C002681,4,0.003250673609,0.003547138228,0.01135694265,0.005431600368,0.003800260985,0.00188235722,0.003665720122,0.9670653068
C002682,2,0.003457216443,0.003748877975,0.00879916977,0.8312727039,0.004214088378,0.00300754396,0.004225868506,0.1412745311
C002684,3,0.01656624378,0.01638061816,0.002363014048,0.1221213077,0.002730073007,0.79742598,0.002829730356,0.03958303299
C002685,2,0.8970695842,0.005946678771,0.006031912957,0.005757661584,0.007100339498,0.01902413353,0.006813321098,0.05225636836
C002690,4,0.1393254957,0.333951363,0.2791616739,0.03286180763,0.01017363108,0.008724150854,0.05031298173,0.1454888962
C002691,4,0.01574772915,0.661575235,0.01577874615,0.04603840963,0.01713271661,0.01626199464,0.01709942196,0.2103657469
C002693,0,0.003223090992,0.04733472651,0.004774824129,0.003220192894,0.004423537205,0.003685724891,0.004419807147,0.9289180962
C002695,3,0.007643910992,0.008260026552,0.00855689851,0.007576123332,0.1951901968,0.6993463648,0.008785914741,0.0646405642
C002701,1,0.01595743818,0.01777752495,0.01627849016,0.01572589622,0.02277747753,0.1185451899,0.02319251377,0.7697454693
C002702,3,0.005691327167,0.006235610496,0.00602093849,0.06176156285,0.02529216664,0.009954501647,0.01227785492,0.8727660378
C002704,1,0.005693544403,0.007137320971,0.005660891301,0.005577587926,0.009984461336,0.006479005714,0.1718596296,0.7876075587
C002706,2,0.002823132718,0.002385572182,0.002911651551,0.00330863956,0.003292650813,0.001007303476,0.003261456873,0.9810095928
C002708,3,0.01221690626,0.01817548738,0.003633725747,0.4709074519,0.005842224518,0.008817923559,0.4196432477,0.06076303285
C002709,1,0.2533885548,0.1171493794,0.01021764992,0.04604415659,0.1179154532,0.03162506065,0.01806564975,0.4055940957
C002711,0,0.005565041312,0.04023386476,0.02170813857,0.004106114207,0.005034209273,0.007496778856,0.003873487039,0.911982366
C002713,2,0.04884814653,0.05354628552,0.001127494368,0.8500302805,0.001192077149,0.02346786712,0.002642507724,0.01914534112
C002716,0,0.016147801,0.01778304697,0.7424306039,0.01610286069,0.0194625209,0.02262799051,0.01907221929,0.1463729567
C002718,1,0.007186537404,0.008028473308,0.1618735997,0.03259006285,0.04113481263,0.6705587977,0.0100953532,0.06853236321
C002722,3,0.009110047976,0.00962406479,0.01025555641,0.008940906996,0.7994967821,0.04840372846,0.0122666241,0.1019022892
C002732,4,0.002025410614,0.08393787282,0.007399851649,0.506413101,0.008176771616,0.007714076586,0.3261188428,0.05821407292
C002741,3,0.02729431606,0.02802967625,0.08939223337,0.01798860188,0.02877035083,0.3786738594,0.02541389126,0.4044370709
C002744,3,0.05547780261,0.00395813516,0.7454950435,0.003724523905,0.004562872282,0.01230106228,0.08904956007,0.0854310002
C002756,1,0.03093837166,0.03313360336,0.0270546896,0.1185710361,0.03383353382,0.03208834121,0.03914915434,0.6852312699
C002766,2,0.5893609914,0.09341511654,0.0122224204,0.01151476927,0.01074565833,0.008737793102,0.2134702489,0.06053300201
C002770,0,0.005687831353,0.006607734091,0.006198757492,0.02491776127,0.02568263537,0.05039847784,0.006643547596,0.873863255
C002778,3,0.009730220848,0.2422151547,0.01076912348,0.5574353752,0.01140412354,0.01029526955,0.01089809204,0.1472526407
C002783,2,0.9499276462,0.00657090765,0.003060004267,0.006433432683,0.003400143237,0.007243019369,0.00338275536,0.01998209119
C002785,3,0.01622958484,0.01874770558,0.01829631716,0.1424595231,0.02283404929,0.006465633615,0.02250305192,0.7524641345
C002789,0,0.002637747694,0.01421056919,0.001868654423,0.002611142473,0.0546991419,0.0160658232,0.003456962194,0.9044499589
C002790,2,0.002667111611,0.8529747788,0.002719694589,0.002641073474,0.04763598467,0.002252372308,0.003215775109,0.0858932094
C002797,2,0.009571240075,0.01056419961,0.009518136242,0.02452174699,0.01080951831,0.01496054097,0.01080345862,0.9092511592
C002825,1,0.01330050549,0.01552717401,0.005104089997,0.6818712846,0.1027303132,0.08770930223,0.01044708814,0.08331024235
C002833,2,0.006327943439,0.8825173699,0.006467972106,0.006270474018,0.007942354576,0.005420127092,0.007747621311,0.07730613758
C002835,3,0.009429168851,0.111250645,0.01059522906,0.009436206613,0.0722140277,0.01068361285,0.1988613359,0.5775297739
C002845,1,0.01303138004,0.01485489601,0.4503142966,0.01285034377,0.01992696484,0.01448342954,0.02072448975,0.4538141995
C002857,4,0.01857317127,0.00592599157,0.005674950303,0.02417328712,0.7610154358,0.1367767918,0.006174812675,0.04168555948
C002860,0,0.0515184318,0.05146794127,0.01054496271,0.09300724626,0.002292971522,0.7703324945,0.002271630767,0.01856432115
C002865,4,0.01161957781,0.01246131056,0.02680025774,0.171083901,0.03225969772,0.01365437008,0.4442970851,0.2878237999
C002878,2,0.003465374555,0.02142768384,0.005318232915,0.005323084442,0.006181165401,0.01255652054,0.01730482562,0.9284231127
C002881,0,0.005142329431,0.002802887384,0.1475296001,0.002410525743,0.002834511072,0.002798433328,0.7956220576,0.04085965542
C002886,4,0.05535386583,0.007423273475,0.006661699425,0.002670174634,0.2358851122,0.006966884029,0.007980336525,0.6770586539
C002887,4,0.6925761534,0.003249832958,0.002247422855,0.2643416019,0.007745963903,0.002287752164,0.007613122303,0.01993815052
C002888,3,0.009760462771,0.282042125,0.0108129271,0.06892462284,0.01173678848,0.1397094406,0.01137548842,0.4656381447
C002893,4,0.01403558235,0.09221060331,0.01427615372,0.09097719714,0.04604147574,0.5135421468,0.01708114387,0.2118356971
C002901,3,0.01704564867,0.01791351591,0.01776370664,0.01709312952,0.0174717227,0.7277981552,0.01665286074,0.1682612607
C002904,3,0.008956144327,0.007157772985,0.00682180068,0.2658196916,0.1001207259,0.007031543593,0.008058834365,0.5960334865
C002906,2,0.1012181272,0.01113956145,0.2219498158,0.008044483425,0.009538952609,0.00663524325,0.009390586256,0.6320832301
C002914,4,0.04836345767,0.1298829142,0.003176355828,0.01517817277,0.004734103896,0.009335863403,0.7425050649,0.04682406735
C002925,4,0.2472015747,0.01133988976,0.0208057094,0.0206581967,0.02422147285,0.1097808005,0.02392668962,0.5420656665
C002930,1,0.6091577917,0.01618682865,0.006971242248,0.1034704131,0.01052061095,0.01546652988,0.01069324192,0.2275333416
C002933,0,0.6010596486,0.01498528043,0.0257084301,0.02398980039,0.07486650106,0.02691833927,0.02740584178,0.2050661584
C002937,2,0.013494432,0.2288822525,0.01380674829,0.01338862533,0.3432647468,0.01169055981,0.04238172187,0.3330909134
C002939,2,0.01533769241,0.03314450006,0.06213209784,0.01582035154,0.01757834477,0.01374480987,0.6792728498,0.1629693536
C002949,1,0.001690348338,0.8844143178,0.007952245283,0.03836028864,0.03305328332,0.002261540727,0.002597774817,0.02967020107
C002951,4,0.02365232524,0.02450582057,0.02384924795,0.02255133137,0.02748061681,0.02412336393,0.02741160381,0.8264256903
C002956,0,0.0185470984,0.002932440731,0.002895152761,0.04665577456,0.04748659774,0.002899108811,0.8599078625,0.01867596445
C002961,2,0.01349368272,0.1399914036,0.01377625808,0.0357368304,0.0160070549,0.01182505977,0.5476003316,0.2215693789
C002962,4,0.02390300498,0.02470928711,0.02352862701,0.02298758058,0.02644183465,0.02117116709,0.02638287812,0.8308756205
C002965,3,0.5021984522,0.3262630523,0.003808724684,0.003421260999,0.003854301778,0.103522718,0.003690493468,0.05324099658
C002972,1,0.008612186503,0.009934060984,0.4630049062,0.09021657167,0.01148355729,0.009348195977,0.1345336189,0.2728669025
C002974,2,0.006200012273,0.006792194849,0.00632594409,0.4522987672,0.005775339494,0.404903814,0.004579677362,0.1131242507
C002979,0,0.01110121621,0.02443603203,0.01249876037,0.01121036845,0.07875592285,0.01343744913,0.01479343489,0.8337668161
C002985,0,0.005482283559,0.7247156042,0.00586683667,0.005440495186,0.04409116222,0.00635379634,0.04660196224,0.1614478596
C002986,0,0.7370520381,0.1204961172,0.01093461802,0.00979007602,0.01103411587,0.01096424915,0.01065365917,0.08907512652
C003000,0,0.01865891977,0.02214883491,0.06079143937,0.01876839919,0.02422198196,0.6462500459,0.02520661906,0.1839537599
C003002,3,0.7932068812,0.006130269428,0.006507411441,0.005788288224,0.006523985607,0.006125495922,0.006136192131,0.1695814761
C003003,4,0.1850891563,0.4871950476,0.01154836743,0.008534817929,0.01211595398,0.009077712045,0.01244242163,0.273996523
C003005,2,0.0163723682,0.636767955,0.0169480803,0.01626992281,0.01867434712,0.01395359067,0.01824017878,0.2627735572
C003013,3,0.009907572126,0.01014322636,0.01078043526,0.009757923071,0.3071945859,0.5743004541,0.01005380791,0.06786199526
C003014,3,0.01144331112,0.01275871967,0.01345954023,0.04816688355,0.01381729656,0.6799094697,0.01247112135,0.2079736578
C003019,3,0.01312375547,0.2063300415,0.2328704592,0.4001307608,0.01390923332,0.01375554918,0.01330207365,0.1065781269
C003027,3,0.006629362002,0.3277860417,0.008492216167,0.006516225266,0.008247130428,0.007445691349,0.5256309059,0.1092524271
C003028,0,0.002733272461,0.6193192724,0.003398832984,0.002710249018,0.005021717809,0.273932633,0.002986103673,0.08989791868
C003036,1,0.008053950018,0.7911009014,0.008159017318,0.008011662733,0.01039685033,0.008767636438,0.0104192599,0.1550907219
C003039,4,0.003253395564,0.001495243289,0.02180555665,0.006085811558,0.005915570057,0.003467196006,0.006473770996,0.9515034559
C003040,3,0.02958867957,0.02389746135,0.02429568938,0.02151768946,0.2744730563,0.02406850785,0.02892997284,0.5732289433
C003042,1,0.09705509739,0.1336394465,0.006587325958,0.6513699766,0.008321445844,0.007247772315,0.008439777999,0.08733915736
C003043,4,0.5505405809,0.1505443915,0.00956593947,0.009287093513,0.1184302203,0.01000772722,0.07348734601,0.0781367011
C003056,3,0.2437062252,0.5518125753,0.01314513458,0.01221974313,0.013490166,0.04776265929,0.01289453732,0.1049689592
C003057,4,0.002744973994,0.003670394462,0.003287233048,0.031157396,0.004597722001,0.003328070293,0.004424086851,0.9467901234
C003059,1,0.00534990786,0.005893736683,0.04213233109,0.7903060807,0.006681967423,0.005786940493,0.02849441446,0.1153546213
C003064,2,0.3513686929,0.02328666025,0.02320411844,0.02327023866,0.2454900294,0.02810215719,0.0160737215,0.2892043816
C003069,4,0.01755916452,0.5462233164,0.1572235619,0.01690215463,0.01960848207,0.01771366835,0.0191559421,0.20561371
C003080,0,0.2668330374,0.01394762608,0.01336922395,0.01218602775,0.5485523715,0.01371301656,0.01450107493,0.1168976219
C003082,1,0.02058433885,0.02314461289,0.02074383495,0.02032896511,0.02965210213,0.02239752386,0.03014318872,0.8330054335
C003091,3,0.02687145236,0.6391482928,0.003642815205,0.003226447438,0.03611650732,0.1906385884,0.02445799508,0.07589790139
C003093,0,0.237224995,0.01130769975,0.009904811222,0.009125668678,0.00746554433,0.4673927589,0.007282177345,0.2502963448
C003094,3,0.04001022793,0.118107874,0.1320392774,0.03330201152,0.03316302041,0.421779315,0.0643786855,0.1572195883
C003101,1,0.008638755289,0.01113146232,0.07898722524,0.1769573612,0.1157059533,0.08742766003,0.05010118101,0.4710504015
C003105,2,0.03542629848,0.0189418251,0.0345251869,0.2265966379,0.03651029762,0.01422041916,0.03362374252,0.6001555924
C003115,4,0.07794909761,0.01885775516,0.01838671303,0.02256229252,0.08801462769,0.06533408968,0.05344930364,0.6554461207
C003117,1,0.4923260872,0.006116350002,0.005386583637,0.005326382791,0.006956319139,0.415710254,0.006954510584,0.06122351274
C003131,2,0.7915393335,0.02167486425,0.01296440704,0.05036507774,0.01391562645,0.01162155706,0.01375821314,0.08416092083
C003136,4,0.02247533502,0.0230158224,0.02420505573,0.1991919865,0.03011679151,0.02270811193,0.02540361118,0.6528832857
C003142,1,0.6996696321,0.04632211973,0.003630254623,0.002905543659,0.1904123855,0.00325205815,0.00462369779,0.04918430845
C003159,2,0.005315235598,0.005772608982,0.00544214488,0.06326682982,0.7310224691,0.002721633953,0.006786909657,0.179672168
C003166,0,0.01159058368,0.3096887745,0.01278984456,0.01164135215,0.4587729158,0.01306146819,0.01352589608,0.1689291651
C003169,2,0.004034434809,0.01896080162,0.003977666192,0.01605221209,0.1720828546,0.7057461098,0.004784019794,0.07436190108
C003174,1,0.002974728797,0.007821983695,0.002990087809,0.002911046541,0.00808400521,0.003326367494,0.008210283655,0.9636814968
C003177,4,0.0239042827,0.08882027759,0.02382408948,0.02312218411,0.02608890609,0.024524101,0.5441658276,0.2455503314
C003190,2,0.01325623492,0.01390690088,0.01414915985,0.01347387967,0.3325901672,0.4386123315,0.04267993836,0.1313313876
C003195,0,0.007467385947,0.01432031989,0.3030840861,0.006895844833,0.2988117369,0.00794938318,0.2191661036,0.1423051395
C003199,1,0.01986569142,0.02194879918,0.01998763579,0.0198326679,0.0852472092,0.02173951269,0.121661879,0.6897166048
C003204,1,0.002064329967,0.002460633375,0.002101094443,0.0510044126,0.002635481514,0.8949325621,0.002597717833,0.04220376814
C003208,3,0.02363623755,0.02627038847,0.06889357277,0.05011193311,0.1458106124,0.02617114396,0.1000997359,0.5590063758
C003212,4,0.09332876128,0.21939213,0.2575072542,0.04194472764,0.007565752917,0.3182907053,0.007472611157,0.05449805751
C003225,2,0.004194726915,0.004579227497,0.01580482621,0.004123718763,0.01900195825,0.003567811385,0.006321905981,0.942405825
C003226,2,0.14990324,0.06763590223,0.03327872394,0.662566776,0.009651706759,0.007538954922,0.009645737254,0.05977895893
C003239,2,0.005732008148,0.006487800638,0.7472399085,0.005703064982,0.007020041017,0.004912971428,0.006978983985,0.2159252213
C003253,2,0.03569160967,0.007954185605,0.008044241132,0.292172457,0.008935790128,0.08103684612,0.4836227044,0.08254216594
C003265,4,0.010478821,0.05756139485,0.01022282337,0.04848843126,0.0919955808,0.03706531869,0.045487602,0.698700028
C003275,1,0.001670451163,0.001931058714,0.892340163,0.001641083866,0.002288511396,0.04747045587,0.03096712059,0.02169115541
C003279,0,0.002169381806,0.02372753089,0.002392532928,0.002197713407,0.0008094472243,0.002694114689,0.002780688253,0.9632285908
C003288,2,0.002460469396,0.9071263226,0.004254051808,0.002440393589,0.002634449931,0.03886821975,0.002648452338,0.03956764063
C003292,3,0.07099797969,0.01519298833,0.003541485263,0.009438479049,0.8688873214,0.003459034801,0.003464945994,0.02501776547
C003296,1,0.002145313877,0.8983612484,0.06518448733,0.002155262956,0.002997949476,0.002362676468,0.002974321179,0.0238187403
C003298,3,0.002926937687,0.01587242547,0.02043876966,0.2296788891,0.008681519293,0.01590288433,0.6377431555,0.06875541894
C003316,1,0.005497347745,0.113163133,0.7237850644,0.005490447579,0.05384533477,0.006008919887,0.03782734262,0.05438240993
C003324,0,0.01061315546,0.4642190932,0.03178304929,0.0104766152,0.01119816461,0.008750346513,0.3940589615,0.06890061419
C003328,4,0.002291185928,0.003450654842,0.002952621047,0.002851155351,0.006174092976,0.003356514202,0.004877785252,0.9740459904
C003329,3,0.3734893188,0.02169604755,0.01008231451,0.0145011859,0.4367695951,0.01572254216,0.01049152364,0.1172474723
C003331,0,0.008231637245,0.2791746596,0.1959090634,0.4079769316,0.009250153026,0.009144378408,0.009300176038,0.0810130007
C003335,2,0.005224356341,0.00396173024,0.00224498985,0.003585311319,0.01040154804,0.006708915644,0.00911116289,0.9587619857
C003336,4,0.02319266303,0.006279050936,0.02731386505,0.5333897308,0.2875148091,0.006305553245,0.02640015934,0.08960416852
C003341,2,0.01074398282,0.01132765014,0.01068809718,0.153658664,0.4276237978,0.2940599205,0.01216577339,0.0797321141
C003353,3,0.01312740491,0.01335659807,0.01460452383,0.01293543145,0.01468130876,0.8314798687,0.01451450246,0.08530036181
C003358,3,0.3790849033,0.009049696267,0.008611403016,0.007939236305,0.09230996588,0.3753789006,0.009962026916,0.1176638677
C003363,3,0.1114047513,0.0121213807,0.01164584075,0.01051212245,0.1807168342,0.01191260925,0.2660193294,0.3956671319
C003366,3,0.007071866225,0.007787915969,0.007716379185,0.4410072313,0.09395611828,0.111971892,0.2741628108,0.05632578628
C003367,1,0.4979392431,0.013191498,0.0118758791,0.01123195495,0.01476386017,0.01268927353,0.1077502491,0.330558042
C003370,4,0.02070373443,0.02137797265,0.6313415998,0.02021016693,0.02295040135,0.02145002559,0.02270677575,0.2392593235
C003377,4,0.06109820023,0.01185922873,0.436465643,0.198331869,0.01235357162,0.01147475254,0.01223034511,0.2561863898
C003384,3,0.002503461292,0.002681512246,0.00274055553,0.7000145112,0.1244057496,0.002705431503,0.1452848773,0.01966390129
C003394,3,0.002601758041,0.8460516862,0.02648131155,0.002560807359,0.002528228016,0.01112726676,0.003496234849,0.1051527073
C003410,4,0.7912874152,0.01514676424,0.01454349141,0.01407188898,0.01590667416,0.01491127464,0.01595552594,0.1181769654
C003411,4,0.01733530665,0.07516095791,0.09209564641,0.2084522194,0.02103477836,0.1391302551,0.02093202533,0.4258588108
C003416,3,0.04588305093,0.02997208156,0.04926355944,0.02699394202,0.03274844118,0.03060680144,0.310747497,0.4737846264
C003418,3,0.2864305333,0.01730529436,0.01599001876,0.01522059367,0.05344723747,0.0632594109,0.2330692911,0.3152776204
C003424,4,0.01505043616,0.01542278031,0.01494126785,0.01454223836,0.5060281628,0.2917832229,0.01587700623,0.1263548854
C003426,1,0.003612393664,0.5533281884,0.003660415934,0.003623302917,0.004958804888,0.03018155971,0.3578892537,0.04274608079
C003427,3,0.008917357932,0.147682664,0.00950719646,0.4105880745,0.008855709335,0.3472106653,0.008641503076,0.05859682944
C003432,2,0.02549881624,0.02750280096,0.02658975489,0.02522385261,0.03236178789,0.02190431808,0.03185211303,0.8090665563
C003434,3,0.01069061632,0.1142438353,0.06451092024,0.0381721903,0.6695964475,0.0114098589,0.01069084436,0.08068528714
C003436,3,0.003976287586,0.251578536,0.3789639224,0.03703986913,0.1551592448,0.004184386629,0.1362744235,0.03282332997
C003438,4,0.5260733486,0.006322942517,0.3503252049,0.006548060019,0.02782094279,0.006236194948,0.02485700418,0.05181630202
C003441,0,0.00365526687,0.004109102419,0.9061110672,0.003670584431,0.004165364427,0.004064509044,0.004097204873,0.07012690075
C003452,3,0.00406113882,0.7767805234,0.004335218954,0.004000407731,0.004820151162,0.004408824862,0.1054189888,0.09617474629
C003454,3,0.004021208487,0.004885254378,0.04916371678,0.003958378111,0.09432472598,0.004425748358,0.004784619674,0.8344363482
C003459,0,0.8414362113,0.06682245263,0.004544049323,0.008386410407,0.003116385289,0.01058095695,0.00313376801,0.06197976607
C003463,2,0.01713102762,0.01839156918,0.01839907985,0.01752284829,0.04131291251,0.3734199185,0.2145022134,0.2993204307
C003477,0,0.6075666492,0.01368238225,0.01346030892,0.01261062562,0.1327674637,0.0136482677,0.09917254111,0.1070917614
C003499,4,0.008645063124,0.02793136538,0.4033958632,0.03661992256,0.009522565783,0.3810499735,0.009436841595,0.1233984049
C003505,3,0.5469833621,0.01090652117,0.01171378229,0.01055639679,0.01197734701,0.02060576286,0.2921934491,0.09506337868
C003523,4,0.00294387325,0.02129998346,0.004334243766,0.01501512968,0.003772407516,0.003161103699,0.003637374055,0.9458358846
C003527,2,0.01054003794,0.0112207338,0.01064934823,0.07266444994,0.7637995848,0.008966132274,0.01209320465,0.1100665083
C003541,3,0.003822061965,0.004523057208,0.004164770733,0.03975451479,0.007828374244,0.003069882485,0.005345903601,0.931491435
C003545,1,0.001324731323,0.9069902088,0.001335402059,0.001302841367,0.001941475104,0.06816921868,0.001941597364,0.01699452528
C003547,4,0.002171133767,0.00233494913,0.003442568091,0.8944048676,0.0009468314314,0.002215546304,0.00257407419,0.09191002951
C003548,1,0.01250728547,0.01946252005,0.180308412,0.01236456296,0.01684283062,0.01434677634,0.1885930363,0.5555745763
C003551,3,0.02415506261,0.5601145469,0.1369946594,0.01548724134,0.01742824321,0.01746977421,0.05479210765,0.1735583647
C003555,0,0.01306681595,0.01456212087,0.3043426237,0.004976771704,0.01467893622,0.4311255816,0.01465112236,0.2025960276
C003564,1,0.009679862131,0.01086956996,0.0235790579,0.009649735571,0.01717659916,0.01107520566,0.7693278358,0.1486421338
C003566,2,0.00493418379,0.005689434846,0.005375459573,0.005013099096,0.006050944666,0.001548245136,0.1734027177,0.7979859152
C003568,4,0.7502000214,0.004554428375,0.006384613456,0.004212127394,0.004685565515,0.004483792193,0.1746181105,0.05086134116
C003571,0,0.02306761561,0.08102298404,0.02511342925,0.1619097951,0.02701370031,0.1147156676,0.2953063778,0.2718504303
C003574,1,0.004065582831,0.009653476218,0.004082861924,0.01646426235,0.005417361843,0.007332160461,0.005344644773,0.9476396496
C003581,4,0.008447253169,0.009471402974,0.02212733632,0.4455465911,0.3390667861,0.008917278793,0.02931371492,0.1371096366
C003584,0,0.01593310242,0.01896065815,0.01548163798,0.01635770517,0.01979408877,0.06586816183,0.01957886727,0.8280257784
C003587,1,0.6413357381,0.01503323035,0.02799038886,0.01452737984,0.02181708924,0.02525788541,0.02057367085,0.2334646173
C003588,2,0.01311240388,0.01433472287,0.01333251445,0.01330175596,0.01494223837,0.01150293204,0.6804861133,0.2389873191
C003589,0,0.00686624746,0.05442483403,0.007485064392,0.00888044552,0.004293335547,0.08443618348,0.009314354335,0.8242995352
C003601,0,0.01497208473,0.01659035467,0.0164311801,0.1847252799,0.01627298985,0.26138203,0.01619520389,0.4734308769
C003604,4,0.6490160556,0.008405942307,0.008050665673,0.007912035838,0.1513999836,0.008425368047,0.07980129867,0.08698865027
C003605,3,0.002924951115,0.003316118734,0.003251090668,0.4124283932,0.479409395,0.003474621486,0.003808350516,0.09138707935
C003611,1,0.007342287394,0.0133457735,0.04319435736,0.3817773937,0.4370552229,0.007920415393,0.02828247852,0.08108207121
C003620,2,0.002475736845,0.002796612085,0.002547708587,0.002493255094,0.003162830267,0.8833712752,0.003102192477,0.1000503895
C003622,3,0.02712731159,0.01693335496,0.01695721251,0.01086215998,0.02235552816,0.01680793001,0.04923787746,0.8397186253
C003628,4,0.008610057053,0.009627446143,0.008638591883,0.008627071838,0.01226956864,0.009391141173,0.0486024067,0.8942337166
C003632,3,0.06302217204,0.5603163499,0.005818409293,0.288504436,0.006147496162,0.005773724025,0.005945834931,0.06447157762
C003637,3,0.01784598016,0.0963747458,0.004816020689,0.03107392477,0.3252673011,0.4873068786,0.005071958207,0.03224319063
C003643,3,0.007344316316,0.09516428674,0.1146537253,0.007286605194,0.2420825189,0.2209331579,0.1107647989,0.2017705908
C003645,3,0.00396060712,0.7586402199,0.004368402264,0.003979445799,0.05002146155,0.004534101864,0.09447140373,0.08002435774
C003651,3,0.01224815554,0.03016517853,0.4749100631,0.01199423318,0.01398127789,0.347441385,0.01744911849,0.09181058827
C003655,4,0.0180328803,0.02316310045,0.02146474917,0.08616935914,0.02626755639,0.02221779534,0.04251957879,0.7601649804
C003665,1,0.005109825861,0.005714769877,0.005142443241,0.005089175654,0.4798398599,0.005700170438,0.4270334531,0.06637030197
C003673,4,0.006865424551,0.00758105493,0.006755114119,0.006852799269,0.04649886524,0.00895140958,0.006998127671,0.9094972046
C003679,0,0.003355837501,0.004850977137,0.07221821878,0.003464261776,0.004254630233,0.001836667989,0.870057441,0.03996196555
C003681,3,0.291818934,0.09483707129,0.01771134146,0.06374545578,0.02307319396,0.0194672798,0.02236599858,0.4669807251
C003686,4,0.104430389,0.08624395935,0.04388233936,0.02247904611,0.02874714219,0.02449189268,0.02826230595,0.6614629254
C003688,1,0.003757706825,0.004563291179,0.001097830824,0.00592634079,0.006438203577,0.004191288636,0.003392515025,0.9706328231
C003692,3,0.02485690427,0.02620619772,0.02709857954,0.02419576222,0.02753353141,0.02615051889,0.02620748858,0.8177510174
C003701,0,0.006422261737,0.3431532321,0.006927190992,0.006473456408,0.007615178769,0.007331819468,0.5051873749,0.1168894857
C003702,4,0.02456604893,0.02455614914,0.02435697085,0.02344383333,0.02671498316,0.02430866569,0.02664891343,0.8254044355
C003704,4,0.0083746533,0.008900469674,0.008619801648,0.1816896411,0.009569875332,0.1743248327,0.5315934807,0.07692724558
C003707,4,0.01161693158,0.004465798523,0.011930988,0.1701766835,0.3452953274,0.01224494245,0.01109492948,0.433174399
C003711,1,0.005863323345,0.03870460207,0.5492510273,0.005939011263,0.2965147242,0.02551077534,0.0199447973,0.05827173916
C003712,0,0.02147351224,0.02309199377,0.1504174845,0.02132678191,0.02288403677,0.02285048591,0.02262938213,0.7153263227
C003714,0,0.01395707236,0.01703770195,0.03947785508,0.0142373741,0.4158880772,0.01694814587,0.0192188328,0.4632349406
C003726,4,0.01457705558,0.08279390087,0.01450783811,0.01712595901,0.01617355244,0.02531753724,0.01589005554,0.8136141012
C003730,1,0.001889964706,0.002404022649,0.001930412923,0.001913569022,0.7891217241,0.1571516677,0.003024895734,0.04256374308
C003731,2,0.002452565677,0.8502204965,0.00239509648,0.002499518468,0.01859052641,0.002037450315,0.08148262226,0.04032172394
C003737,4,0.009633347428,0.01008835204,0.2050421916,0.1517920286,0.01140708068,0.01000791985,0.3650770067,0.2369520732
C003742,1,0.02431590805,0.2509622721,0.02413131972,0.02087844203,0.06900839238,0.02713028734,0.03559460789,0.5479787705
C003744,0,0.01880892073,0.0619584442,0.298736094,0.03790264592,0.02209178623,0.06817500991,0.02322995083,0.4690971482
C003757,1,0.01144640511,0.01286095282,0.01356179115,0.7170266858,0.01522964081,0.01268790218,0.01512176633,0.2020648558
C003758,3,0.001470042213,0.001668674928,0.001596179679,0.001465343197,0.05278470901,0.2148800502,0.68902275,0.03711225069
C003760,1,0.0008708088554,0.005269978977,0.7052257573,0.2637008634,0.001224732893,0.01212879343,0.001244919767,0.0103341454
C003772,4,0.002885028978,0.01330387289,0.003554014751,0.002796311144,0.03111877141,0.002044044363,0.02087893357,0.9234190229
C003783,4,0.006700031384,0.006575158164,0.00666403027,0.006577640376,0.004854772714,0.007292973026,0.005025958086,0.956309436
C003795,0,0.006888476004,0.00842905543,0.007509460778,0.006871552637,0.008671438751,0.5119389458,0.008605078468,0.4410859921
C003797,1,0.034750007,0.005005933749,0.146526643,0.003776071485,0.6184651885,0.004418329146,0.00617195717,0.18088587
C003798,2,0.01006528737,0.0116815212,0.1284161858,0.009822649275,0.01323603325,0.01025787001,0.01262666447,0.8038937887
C003803,0,0.137030561,0.1017557045,0.007409913257,0.003553337728,0.1510699518,0.2118706089,0.1469473219,0.2403626009
C003804,2,0.009016471891,0.01007137876,0.6410321001,0.0090435471,0.01118669982,0.007943604072,0.2245149243,0.08719127391
C003828,1,0.002475169698,0.9144312718,0.03669002181,0.002456273006,0.003617007267,0.00270633654,0.003565089524,0.03405883031
C003834,3,0.01647243212,0.01711949112,0.2465914969,0.03038469555,0.449679176,0.01723474027,0.1026499207,0.1198680475
C003839,1,0.006744080943,0.8746321365,0.006785093998,0.006758019554,0.009762133205,0.007399598456,0.00982870627,0.07809023106
C003842,0,0.005177783914,0.139353254,0.0992421985,0.005188479907,0.1568648568,0.0057870006,0.1363772873,0.4520091389
C003845,2,0.006461716611,0.00697401762,0.00666842876,0.006359259181,0.007981658394,0.005483702696,0.6696508526,0.2904203642
C003847,1,0.4808375861,0.008539251009,0.00726910733,0.007211151798,0.3164920717,0.008179035317,0.00932025271,0.162151544
C003859,2,0.01331884746,0.01045026444,0.09088985977,0.01392884407,0.7090264762,0.01226930205,0.01574871399,0.134367692
C003867,3,0.004787552858,0.005327796276,0.1419105428,0.004869892205,0.2667413635,0.005321203746,0.473947157,0.09709449158
C003871,3,0.009399915461,0.01061913656,0.8458003107,0.009665780388,0.01185930364,0.0106896296,0.01200652648,0.08995939718
C003884,1,0.005428908914,0.005920021082,0.005403742097,0.005358992114,0.8984288893,0.005895319916,0.01840709754,0.055157029
C003896,1,0.00899643455,0.04571444696,0.00907980767,0.008911530257,0.01280955799,0.8168520612,0.0128329222,0.08480323915
C003902,2,0.377754264,0.00176417401,0.00574366035,0.001553143689,0.001890750372,0.5819363591,0.001884902938,0.02747274548
C003909,2,0.002298803979,0.1032180336,0.8667670386,0.002195131223,0.002641626114,0.001920893012,0.002561599016,0.01839687443
C003915,2,0.003002840383,0.003141458019,0.00297525322,0.002920032934,0.003778190844,0.9457543211,0.003676359751,0.03475154373
C003922,0,0.004504459484,0.005333102788,0.02894234376,0.004502891968,0.006239696526,0.004486501598,0.006170016932,0.9398209869
C003923,2,0.004228554447,0.01431350607,0.004042084403,0.01134369714,0.004727806,0.003536456537,0.004743357499,0.9530645379
C003934,0,0.02196481949,0.008669630997,0.007788944913,0.1017070173,0.008861799374,0.1176184446,0.008703610316,0.724685733
C003937,3,0.002483629204,0.002659498158,0.002750613175,0.002457079615,0.002874580961,0.05821353194,0.9032613891,0.0252996778
C003940,1,0.6348195056,0.01366103143,0.125751872,0.01281766429,0.01764276774,0.01378388667,0.01746951619,0.1640537561
C003945,1,0.007194806148,0.7968031217,0.007386982183,0.007280447625,0.008964446391,0.09752992201,0.008886387781,0.06595388618
C003948,0,0.005992120928,0.006750573757,0.03474807096,0.01637949029,0.3166737531,0.01613941811,0.2860837811,0.3172327917
C003955,4,0.002471433832,0.001667790194,0.9070690905,0.00148796789,0.001717616876,0.02063898127,0.001691163429,0.06325595604
C003957,0,0.383403081,0.01229210172,0.01114165468,0.01860142856,0.0324305566,0.0121350299,0.1137182697,0.4162778778
C003974,4,0.005680213451,0.006053730917,0.005684836269,0.02173256349,0.09367255401,0.5874337709,0.07586305612,0.2038792749
C003975,0,0.009460361586,0.0116855369,0.5843578129,0.009622314799,0.01302234769,0.0405544019,0.01316442888,0.3181327954
C003984,3,0.003324892368,0.003813245588,0.003698309735,0.003274904377,0.007358022539,0.003769824428,0.004393497742,0.9703673032
C003997,4,0.006200102336,0.2805557417,0.006370180656,0.005974218015,0.4475235905,0.1083969972,0.007161696622,0.137817473
C003998,3,0.004488079919,0.01989798256,0.01470660189,0.8016870255,0.003171333897,0.01599582971,0.003056884656,0.1369962619
