client_id,fold,cloud,gym,insurance,mobile,music,software,streaming,none
C000001,3,0.009659356152,0.01053092087,0.04703243274,0.4636682474,0.01091432124,0.0100437897,0.3214410782,0.1267098537
C000005,2,0.01412603596,0.1588445152,0.01589894437,0.649638466,0.01637132843,0.01363468495,0.0162037298,0.1152822953
C000007,3,0.7377975503,0.01504646753,0.01444530162,0.01442854906,0.01621974579,0.03603698136,0.015882327,0.1501430774
C000009,3,0.03170464577,0.005300917708,0.005033795728,0.005045874258,0.005845087101,0.5476474347,0.3618161091,0.03760613561
C000012,3,0.002989894022,0.003349974883,0.003099810549,0.003076734061,0.003772913182,0.914899293,0.003716496904,0.06509488336
C000014,2,0.5696066703,0.007627433598,0.007911399702,0.006684313442,0.008216701996,0.3383090054,0.008024175361,0.05362030021
C000015,2,0.01056313895,0.01236226493,0.3797869985,0.009868225407,0.01297876788,0.01035607941,0.0127782962,0.5513062288
C000016,3,0.01977565371,0.0875850788,0.3781616993,0.01986810483,0.02439147261,0.02080066311,0.02438331131,0.4250340164
C000017,0,0.00523705488,0.04874709048,0.01929944894,0.7451204234,0.00651577124,0.006066823616,0.07552016937,0.09349321812
C000021,3,0.02067856574,0.02158821308,0.02067656689,0.4963665127,0.02294492454,0.06609204121,0.09639842648,0.2552547494
C000022,3,0.01044603264,0.01102250042,0.01046663562,0.01067773465,0.01093106254,0.6273605753,0.246000396,0.07309506282
C000024,0,0.00927394365,0.7710813067,0.01065393382,0.009117818783,0.07758039251,0.03558313226,0.0116081964,0.07510127586
C000025,1,0.8745416796,0.005510441211,0.005060532321,0.006243155346,0.006293978482,0.004100907569,0.005997720335,0.09225158511
C000026,0,0.00294710288,0.735642274,0.03321346258,0.01409831169,0.004149406632,0.1487318414,0.005670050539,0.05554755021
C000027,3,0.002745582496,0.03107678808,0.002818285119,0.111957864,0.301291373,0.0225600169,0.003608543348,0.523941547
C000028,2,0.4107385369,0.2617568108,0.007448286584,0.006581274966,0.01558535471,0.1563306834,0.007457286806,0.1341017659
C000029,3,0.05758009936,0.003938502836,0.003711691358,0.01177521046,0.8018219044,0.04557237548,0.009525547687,0.06607466839
C000030,2,0.009767728505,0.004128219476,0.03023931494,0.003488910134,0.004162708212,0.003596051316,0.00428449596,0.9403325715
C000033,0,0.1857542991,0.01761733069,0.01700829478,0.01478584213,0.02102322063,0.01748718488,0.3788729926,0.3474508352
C000035,1,0.0225134828,0.04941560241,0.02256028267,0.2291252462,0.04915197432,0.02320269502,0.07958609355,0.524444623
C000038,0,0.0127968732,0.01489681338,0.01451174579,0.01228212894,0.315072712,0.1871029248,0.1789796484,0.2643571536
C000039,0,0.0231147857,0.02559945244,0.02647065014,0.02234916659,0.03236106016,0.02604313673,0.03209459076,0.8119671575
C000040,3,0.7886659098,0.1206066168,0.01040359407,0.00466531891,0.005937066808,0.004868364029,0.005885968836,0.05896716078
C000041,0,0.001910095495,0.001917568351,0.9443617908,0.001871645595,0.03211823809,0.00191854305,0.002125197454,0.01377692119
C000043,1,0.003427386709,0.003794409851,0.003719863456,0.003366334774,0.02519528863,0.001709078555,0.009741896267,0.9490457418
C000044,4,0.02558167751,0.02865316575,0.02606044466,0.02523292502,0.02774885034,0.02719641415,0.07224091429,0.7672856083
C000047,1,0.007045155479,0.5541261091,0.006776220064,0.006766967533,0.3373380474,0.007071682358,0.01456675349,0.0663090646
C000053,3,0.01866303657,0.699871934,0.01495086402,0.01479662957,0.01723784769,0.01528665654,0.01699308276,0.2021999489
C000055,0,0.01764399647,0.01939914431,0.01949078126,0.01695791067,0.02307104141,0.2558795298,0.02284504548,0.6247125506
C000060,4,0.01648932145,0.01793220925,0.7191476046,0.01644541363,0.01906705861,0.0173866385,0.01886686485,0.1746648892
C000062,4,0.005754935522,0.003632825187,0.002937164618,0.007577492724,0.003969666767,0.003163750396,0.003917650641,0.9690465141
C000063,1,0.01304983421,0.01325763598,0.7914978164,0.01305375777,0.01384741127,0.0130437094,0.01341121572,0.1288386193
C000064,0,0.01225562318,0.01359742338,0.1405917488,0.0405898296,0.0162839811,0.5315226041,0.01582413371,0.229334656
C000066,0,0.01109183894,0.008742190416,0.009390429277,0.007846231149,0.009946876121,0.6167590373,0.1039816292,0.2322417676
C000069,3,0.01342800078,0.003480125939,0.01519454721,0.02118173721,0.002294442431,0.003366129257,0.003944466578,0.9371105506
C000072,2,0.002241413899,0.00262557484,0.002434851784,0.3768165027,0.002849617228,0.4723466334,0.03495734062,0.1057280656
C000073,3,0.02067429089,0.02200797778,0.1956143547,0.02071757772,0.07160341943,0.02971692936,0.03094374156,0.6087217085
C000077,2,0.05794203575,0.01587819068,0.005406820484,0.002300561082,0.006142342803,0.004562124231,0.00617175694,0.901596168
C000078,3,0.003358930286,0.003714205391,0.7072609395,0.003383696812,0.1862932118,0.003534967243,0.03420463766,0.05824941129
C000079,1,0.002278046037,0.6435313101,0.002331757301,0.1226521002,0.002771650834,0.18743974,0.002747446596,0.03624794897
C000080,0,0.007267543102,0.003987850389,0.003798182387,0.01290185831,0.004795040556,0.01973839334,0.06570814057,0.8818029913
C000084,3,0.00620021529,0.006713059965,0.1352614855,0.02725622394,0.007953036688,0.006511299543,0.007812670621,0.8022920085
C000085,2,0.01487388652,0.01665342625,0.7632720123,0.01389724358,0.01752196661,0.01427697891,0.01812213366,0.1413823521
C000088,4,0.1087078875,0.006851349004,0.6114256584,0.009245416176,0.01102724128,0.009837758055,0.01104439152,0.2318602981
C000093,4,0.006391498237,0.002995178992,0.009558298038,0.004779385088,0.003469503848,0.002661279198,0.00311556941,0.9670292872
C000094,0,0.9047994911,0.003318178327,0.005203181716,0.002779941213,0.002309448548,0.003365464596,0.002305865734,0.07591842878
C000095,2,0.03822728757,0.005006793505,0.005068691051,0.5836204682,0.03125278516,0.2699872302,0.03355349072,0.03328325359
C000100,4,0.01804800072,0.7053399062,0.09896026794,0.01574039725,0.01950792307,0.01560150201,0.01865887562,0.1081431272
C000101,3,0.01044594536,0.02639131528,0.01064497493,0.01060957736,0.01289441839,0.01099941037,0.01266675261,0.9053476057
C000102,4,0.005111857283,0.05404839902,0.005180751722,0.005127756086,0.005729406047,0.8088118183,0.005661332611,0.1103286789
C000103,1,0.006287385805,0.006805615841,0.3890072801,0.2372226952,0.1267325227,0.1544617002,0.006876381229,0.07260641886
C000104,0,0.007960450568,0.009265516683,0.3681619982,0.008034686621,0.4405023173,0.009460665217,0.01017147952,0.1464428859
C000105,2,0.00289600297,0.1439931736,0.02035672953,0.002751345366,0.003310611175,0.002757417373,0.8032857836,0.02064893645
C000106,4,0.01364865523,0.0149078658,0.01405145912,0.01356608444,0.0156013512,0.01436269406,0.7720287328,0.1418331574
C000109,2,0.4681556725,0.01090698131,0.01098390238,0.008837449066,0.01172900131,0.3556604069,0.01174902051,0.121977566
C000110,2,0.005271289719,0.1199531901,0.3542913661,0.3390458704,0.02837282307,0.005383904222,0.01180810599,0.1358734505
C000111,0,0.005676560366,0.006852744319,0.2816314461,0.005637253053,0.007913224799,0.006822258794,0.6261429016,0.05932361104
C000113,3,0.01133013442,0.01194836923,0.01142763417,0.8292733993,0.02279628006,0.01194812202,0.01482234067,0.08645372016
C000115,0,0.03561486482,0.01846142734,0.0182135571,0.0163166006,0.05850755851,0.3666130284,0.2420400147,0.2442329485
C000116,4,0.1129564392,0.002818773864,0.8100249626,0.002353760886,0.00291875548,0.002488584683,0.02378987321,0.0426488501
C000117,4,0.008808611659,0.6467880685,0.00906215395,0.008641203553,0.009998661851,0.009209018728,0.0101680097,0.297324272
C000119,2,0.6686818206,0.005975078657,0.005901891775,0.005003315739,0.006230767484,0.005137807956,0.225225282,0.07784403572
C000120,4,0.00664052941,0.6963323099,0.006776244072,0.006611688785,0.007564012095,0.007052295173,0.1925419195,0.07648100108
C000122,1,0.766351882,0.01172148869,0.01082903697,0.02455213177,0.01363257801,0.01147484367,0.01650508627,0.1449329526
C000127,3,0.01870112581,0.06297756977,0.01914045882,0.01921769724,0.02368619542,0.01372668397,0.08757676086,0.7549735081
C000128,4,0.001689399844,0.001892755373,0.9275641094,0.001688293884,0.04507125322,0.001714401336,0.001983227276,0.01839655963
C000129,4,0.1794026264,0.008838534392,0.008395329431,0.008257102462,0.009438755947,0.7209158849,0.009626691721,0.05512507472
C000130,4,0.01951297768,0.1149891522,0.01992493842,0.01961686768,0.02575301643,0.02096230485,0.02515455251,0.7540861902
C000132,2,0.006532973359,0.009745843481,0.004839068091,0.3906934418,0.1649421439,0.3496503105,0.005682070058,0.06791414892
C000134,3,0.02765770098,0.003721818518,0.4744799925,0.0035970273,0.004159085742,0.003716698562,0.3207563239,0.1619113525
C000135,3,0.005583438857,0.003447867767,0.003145267334,0.003153730229,0.001813720167,0.003293581215,0.001693808271,0.9778685862
C000136,3,0.02761070821,0.0035964266,0.007459142324,0.003254908697,0.003968205448,0.003575403991,0.004036190278,0.9464990145
C000137,4,0.410264465,0.01457747136,0.01386792716,0.01336574302,0.01540291453,0.01400834042,0.3290078835,0.189505255
C000140,3,0.007133204209,0.01189920605,0.007057548229,0.01545941692,0.008334964565,0.4035715127,0.2947485208,0.2517956265
C000142,1,0.1102628123,0.006054481988,0.00542498002,0.6718179695,0.007103610726,0.005839366734,0.05787475254,0.1356220262
C000144,2,0.005162301145,0.005958600496,0.005634408261,0.004885128427,0.005747131371,0.8171483649,0.005735627834,0.1497284375
C000148,0,0.02816420066,0.06314273148,0.00466144899,0.02188767912,0.005661173366,0.004997718651,0.8184086293,0.05307641839
C000149,0,0.006334257912,0.006690599496,0.006907909996,0.006227516766,0.008222477837,0.006806462749,0.906479389,0.05233138621
C000150,2,0.01084627448,0.01186583905,0.01199205648,0.01021085748,0.0209922848,0.6418486337,0.02027656429,0.2719674897
C000152,0,0.6710301254,0.01924547943,0.01974695003,0.01748222885,0.04115442381,0.03198107321,0.04518859445,0.1541711248
C000153,2,0.004240867463,0.00482053064,0.004621625858,0.8604582071,0.005407216826,0.004228857276,0.005363952268,0.1108587426
C000155,1,0.004931119629,0.005450667736,0.009277674943,0.004847531304,0.005201001245,0.005196557089,0.004236835828,0.9608586122
C000157,0,0.02058938924,0.02250055341,0.02306143593,0.01967823574,0.02933132355,0.02294568994,0.02909740643,0.8327959658
C000159,4,0.2301814015,0.01305583659,0.4054104453,0.1118662614,0.01545124092,0.01250422755,0.1163201402,0.09521044656
C000160,4,0.0189985981,0.02097861446,0.01979909181,0.01895515275,0.02167147659,0.01985066058,0.02173938902,0.8580070167
C000162,1,0.007954395231,0.006207071956,0.008255991621,0.003762161791,0.006943559744,0.0655717454,0.03614340596,0.8651616683
C000164,2,0.08367465109,0.0127362599,0.1399431895,0.009971911944,0.5769743156,0.01029545756,0.01342544366,0.1529787707
C000168,0,0.003734312127,0.02720515031,0.004309401198,0.001731746759,0.005273607634,0.006569625444,0.005287496748,0.9458886598
C000169,0,0.01111839169,0.05850302195,0.01181199271,0.6367019944,0.01457869824,0.01237436125,0.01347363783,0.2414379019
C000171,3,0.002779040146,0.00302442557,0.002855908279,0.002826482336,0.003569131996,0.003060747298,0.8801289233,0.1017553411
C000172,4,0.02292088908,0.02503305765,0.02364006946,0.0229440498,0.02424895428,0.0243880048,0.02430154081,0.8325234341
C000173,3,0.1380806475,0.002580900107,0.1483839673,0.6811690954,0.002610522727,0.002541464811,0.002685467024,0.02194793512
C000174,1,0.02090886358,0.02142940856,0.01992794842,0.02004040195,0.02510418755,0.05026523453,0.02514994883,0.8171740066
C000175,2,0.007220197932,0.01014146921,0.1903864968,0.008796819359,0.6908520499,0.009052842398,0.01052131886,0.0730288055
C000177,1,0.0498651794,0.007543963317,0.1832158398,0.5281184216,0.007490287038,0.007121670622,0.1089522361,0.1076924021
C000179,4,0.004612825952,0.2696070994,0.004418101394,0.003809692395,0.6141218988,0.004552517503,0.004622602791,0.09425526168
C000181,4,0.01477001051,0.01666943808,0.0153525033,0.01469622448,0.7258177019,0.01549588272,0.05504190612,0.1421563329
C000183,4,0.003160743902,0.01406515697,0.003258070194,0.709024257,0.06251828056,0.003225900608,0.05099682477,0.153750766
C000185,2,0.3577250449,0.5288286361,0.009761852,0.008050151299,0.01013684277,0.008072578053,0.009952378714,0.06747251616
C000187,2,0.008915624169,0.01013474947,0.3589101737,0.008912126711,0.5233512946,0.009059593598,0.01126854161,0.06944789607
C000189,0,0.005654253934,0.006158390073,0.005952257498,0.005143105172,0.005337499324,0.7519494274,0.007808702325,0.2119963643
C000190,2,0.7063890251,0.009335966547,0.009487744144,0.007899208904,0.009508347543,0.007910879408,0.009537577695,0.2399312506
C000191,4,0.00361670469,0.004219155805,0.003701195735,0.5142661057,0.07760874415,0.003806587384,0.3270115461,0.06576996044
C000192,2,0.003591720224,0.7141150975,0.05197123286,0.003416210258,0.006361081453,0.1702245039,0.004299802838,0.04602035097
C000196,1,0.5656302136,0.01587131364,0.01465287129,0.01459767312,0.04105984576,0.01497308643,0.028136978,0.3050780181
C000197,2,0.01958257518,0.02146625769,0.02129666778,0.01821647637,0.6831615836,0.0553742398,0.0222182548,0.1586839448
C000198,2,0.006129183606,0.007041316921,0.006878056877,0.005198255232,0.007098378157,0.006174663859,0.03031396511,0.9311661802
C000201,0,0.01955677078,0.468821614,0.0216550082,0.01922817395,0.1213049931,0.02178794973,0.09424079649,0.2334046937
C000202,4,0.1811711671,0.6050356559,0.02795031119,0.004466116151,0.005200975219,0.09001396892,0.01852508008,0.06763672547
C000203,4,0.01073127217,0.2457079066,0.01099993125,0.01066452042,0.01158423581,0.5997991683,0.01164405908,0.09886890636
C000205,4,0.03535439297,0.003723597654,0.00309904991,0.01372955834,0.003776486516,0.01213942917,0.003693503734,0.9244839817
C000206,1,0.003102826664,0.01601238069,0.008557827615,0.02673449285,0.7285241121,0.1601879928,0.004063208943,0.05281715836
C000207,4,0.7987226182,0.09424415491,0.00271092771,0.03123056777,0.00314623341,0.002825308158,0.004679278169,0.06244091163
C000210,1,0.4144628393,0.01345758814,0.1140177037,0.315303747,0.01912095014,0.0138180762,0.0165613514,0.09325774406
C000212,2,0.3661262673,0.3374907156,0.1393428724,0.007727862574,0.01150540915,0.008014931486,0.01159252566,0.1181994159
C000214,0,0.002522630452,0.002990819689,0.004340462031,0.007969762626,0.00304771748,0.02114424997,0.00238681682,0.9555975409
C000218,4,0.00462089617,0.007930690206,0.6277764023,0.003249787511,0.03087261546,0.00474507166,0.2460918028,0.07471273395
C000219,0,0.1495021792,0.4448313897,0.005653182419,0.08007261917,0.2353217488,0.005737416148,0.006820749376,0.07206071521
C000222,1,0.004464333658,0.004879333784,0.004314731277,0.004160656217,0.007604290504,0.03557441563,0.002942545505,0.9360596934
C000223,0,0.8556498038,0.004329617667,0.004137301276,0.006305101549,0.004892029893,0.00435480925,0.02745222502,0.09287911149
C000226,0,0.002829112856,0.003131821754,0.9532446608,0.002785269535,0.003594365682,0.003187602647,0.003570475492,0.02765669126
C000228,0,0.002674313256,0.004877547516,0.7938240246,0.004336400486,0.1275810581,0.003106348784,0.003642887394,0.05995741987
C000230,4,0.01971771309,0.06252464228,0.2315761403,0.01932793249,0.02388848453,0.0205333792,0.02438297089,0.5980487372
C000233,2,0.005638416293,0.006618815466,0.1312157175,0.00594448649,0.7993835258,0.005860020821,0.006834215942,0.03850480169
C000234,1,0.02206075694,0.003940296209,0.003547751407,0.009942641988,0.8673208805,0.003764341336,0.003914058335,0.08550927326
C000235,3,0.01284918094,0.01288669636,0.01287442543,0.7128250394,0.01546568983,0.01323653323,0.01635479083,0.203507644
C000236,1,0.0125371179,0.01316619758,0.01285026196,0.8036520314,0.009266720571,0.0130985049,0.04255208392,0.09287708182
C000237,4,0.763597198,0.003717250579,0.003151996196,0.003064710212,0.1390275841,0.009367637336,0.005496323545,0.07257730003
C000238,3,0.01228487327,0.2132335055,0.01226111968,0.5744240637,0.07129742712,0.01238543827,0.008381743097,0.09573182937
C000239,4,0.003456779346,0.004200108364,0.003588392184,0.003496006087,0.004864187571,0.09247954191,0.006044586116,0.8818703984
C000240,2,0.01557518967,0.5166509769,0.01717287798,0.01440054178,0.009885633394,0.01447891088,0.01036264317,0.4014732262
C000242,0,0.01194123216,0.34316405,0.013320157,0.07358464903,0.01518732458,0.06362012678,0.2486241047,0.2305583558
C000245,2,0.01765801265,0.004569062937,0.004390080058,0.003858511155,0.009821777434,0.003887709367,0.01343653143,0.942378315
C000246,3,0.8751422778,0.006492420244,0.00638662122,0.006368137887,0.007286192065,0.006511480739,0.007183665453,0.08462920455
C000248,1,0.03245619316,0.004595794843,0.8998175929,0.006374731365,0.004906408366,0.004525754231,0.004784116811,0.04253940827
C000249,2,0.04827098271,0.02646030045,0.02671759628,0.02171231752,0.02687909387,0.02203445539,0.02727005504,0.8006551987
C000250,2,0.1781801919,0.01175388204,0.01168262581,0.009723264296,0.0120332424,0.6417851614,0.01207083836,0.1227707939
C000252,2,0.2576086673,0.2847423848,0.06157617124,0.0351886714,0.01362457661,0.1327181719,0.01349528338,0.2010460734
C000254,2,0.01478229937,0.01703513081,0.04476819987,0.0137047402,0.01851551147,0.01409184541,0.212767813,0.6643344599
C000257,0,0.5703532088,0.01609539242,0.01613185255,0.01282534374,0.2388074705,0.0161295984,0.01930342476,0.1103537088
C000259,4,0.02236066533,0.01418950191,0.205026543,0.01149904412,0.4742569653,0.01293480254,0.01583178626,0.2439006915
C000261,3,0.006474751897,0.006981645841,0.006537777654,0.01261371509,0.1928186925,0.00699803779,0.06261133533,0.7049640439
C000262,3,0.006755101484,0.00715913265,0.006672963927,0.04825460719,0.00798080391,0.007195250692,0.6725814165,0.2434007236
C000263,1,0.2010084471,0.1897019373,0.01410062971,0.01408903959,0.3333705823,0.0151203992,0.01768448028,0.2149244846
C000264,3,0.007643719224,0.08761009589,0.00766066656,0.02953512556,0.7048443658,0.008123840345,0.009327037418,0.1452551492
C000265,2,0.4091241307,0.00809770678,0.008070166626,0.006937930726,0.008491752181,0.4895393354,0.008634837087,0.06110414053
C000270,3,0.005985527882,0.006027900173,0.006136611047,0.005932003436,0.8202973331,0.006033923726,0.006627110171,0.1429595905
C000271,1,0.0089641738,0.5539873716,0.3283761087,0.009006448135,0.009931876251,0.007052129963,0.01021946857,0.07246242299
C000272,2,0.004218719864,0.8969972764,0.004784353897,0.05048496847,0.004978969354,0.004049975433,0.005072224709,0.02941351187
C000274,0,0.01461650741,0.01634567923,0.01655719326,0.08489537237,0.01957061218,0.4178935964,0.01935328553,0.4107677536
C000275,1,0.02096763026,0.02140444805,0.02524699169,0.1932738209,0.02350285901,0.02068998327,0.02348072322,0.6714335436
C000276,4,0.01311701092,0.005052467621,0.02279365673,0.7466297078,0.005445324586,0.09361021868,0.005337128041,0.1080144857
C000281,2,0.002809025947,0.1076199827,0.8511794263,0.00259351206,0.003336957213,0.004230275383,0.003368091729,0.02486272864
C000283,0,0.002408918798,0.002822705854,0.002724630535,0.002522409116,0.003543981052,0.003124007451,0.8329666742,0.149886673
C000284,3,0.008062407382,0.008431039457,0.008282437006,0.4133203329,0.008759963031,0.4513018378,0.008630961107,0.09321102138
C000285,4,0.003031994,0.003710516606,0.003069284979,0.01036210331,0.003869015728,0.006552234644,0.01134869802,0.9580561527
C000286,1,0.003685461494,0.003850751051,0.002732455312,0.1455271452,0.8150150524,0.003827999694,0.003893283164,0.02146785171
C000290,1,0.0184243032,0.01957727042,0.01771329925,0.6944400092,0.02123724607,0.01859236276,0.02081381346,0.1892016956
C000292,4,0.03643198777,0.007112508112,0.006252959465,0.005882550582,0.007324261015,0.06728219822,0.00711030938,0.8626032255
C000295,3,0.02670442326,0.02681482987,0.02737517375,0.02624145283,0.02940341774,0.02784069278,0.02896518678,0.806654823
C000296,3,0.01039550017,0.06944226801,0.01068773876,0.01046347857,0.5352654538,0.01086762924,0.0118834849,0.3409944465
C000297,1,0.02423213258,0.0252751003,0.03175745849,0.0235273159,0.148014296,0.02450716652,0.0373030819,0.6853834483
C000302,2,0.02469218414,0.02744514992,0.02797441478,0.02276159673,0.02798997177,0.02309366436,0.02840047324,0.8176425451
C000306,2,0.5964877946,0.01241372358,0.01338575764,0.2198933728,0.0144440518,0.01109554077,0.01466671321,0.1176130456
C000310,1,0.004376347635,0.004142824815,0.005343928893,0.001773321971,0.001910216503,0.00472830135,0.004792121222,0.9729329376
C000311,0,0.5154784018,0.01468225151,0.01527586633,0.01331712172,0.01972778467,0.01500070051,0.01976029827,0.3867575752
C000313,0,0.306418018,0.009790587052,0.009758966063,0.008608637314,0.01016229688,0.009771090951,0.5492739377,0.09621646604
C000319,2,0.7840781187,0.03748395579,0.006123318622,0.01521952404,0.007022871335,0.005515431081,0.006829178586,0.1377276018
C000322,0,0.002855197532,0.008362821401,0.004490717655,0.0040293945,0.8928169692,0.004604715032,0.00592084649,0.07691933814
C000323,1,0.02575318482,0.001451785985,0.9498255862,0.001363050926,0.001635457438,0.001411985766,0.001618161675,0.01694078717
C000324,3,0.001580559023,0.007738911927,0.005015904,0.002472760663,0.03265269801,0.003760760431,0.03226955314,0.9145088528
C000326,0,0.01566301633,0.0169589616,0.0174790358,0.01530373895,0.7165165569,0.01730945872,0.0199810823,0.1807881494
C000330,3,0.02929500394,0.3304886582,0.4201202515,0.009730896412,0.01078930795,0.01009688387,0.07170597331,0.1177730248
C000332,4,0.007230799853,0.009177389835,0.007480700569,0.02368521981,0.02946885937,0.0202456695,0.01909318461,0.8836181765
C000336,2,0.004332239508,0.00469499487,0.07069883365,0.0349049438,0.005179901874,0.003946308212,0.8387411965,0.03750158156
C000338,2,0.7154474463,0.01039833832,0.008980878344,0.004589814907,0.01179130806,0.005202076571,0.01170090941,0.2318892281
C000339,4,0.01607587411,0.01776014183,0.01665658069,0.01620040991,0.01749339843,0.4236591058,0.01763410988,0.4745203793
C000342,4,0.01324105484,0.01459065374,0.01355970748,0.0065324516,0.03331765924,0.7793437644,0.01383365984,0.1255810489
C000343,2,0.4304449674,0.3955476777,0.01023165178,0.008163822098,0.01035119863,0.008520875063,0.01046707028,0.1262727371
C000348,2,0.2627327289,0.01975618058,0.5265171968,0.01746116229,0.01517414741,0.0178462606,0.01993083248,0.120581491
C000350,3,0.07373263209,0.007359134344,0.007241440167,0.007277056063,0.6776313214,0.1728314805,0.007446105244,0.04648083017
C000351,2,0.003419375353,0.003753744239,0.00371785133,0.003274922151,0.003673011688,0.9151344635,0.003592418682,0.06343421308
C000352,0,0.01034172551,0.01835332345,0.01132557084,0.02232671767,0.1734860281,0.03112053585,0.6571046827,0.07594141592
C000353,1,0.008495628239,0.009020904795,0.008776439321,0.8401827109,0.009820681417,0.008741898109,0.009517846315,0.1054438909
C000356,0,0.00286449705,0.003329251618,0.1211298671,0.7722338202,0.004051996278,0.003374661705,0.004068248683,0.08894765744
C000358,2,0.1521465784,0.04018844252,0.03899434637,0.03218250545,0.03289086631,0.03299681411,0.02446433496,0.6461361119
C000361,3,0.04772589619,0.002163827127,0.01186431076,0.002018071319,0.0007142676067,0.90687337,0.001938082557,0.02670217445
C000363,0,0.005008189276,0.006884837602,0.006356458724,0.2868916263,0.008202299889,0.5674681828,0.008157649471,0.1110307559
C000364,4,0.009992836976,0.01062565866,0.8110269139,0.01320241274,0.01105941989,0.01032987319,0.01108303111,0.1226798536
C000369,3,0.003243621976,0.01363987591,0.05697758491,0.003208564115,0.003769953773,0.003438255627,0.002180403755,0.9135417399
C000372,2,0.01278688019,0.01436372452,0.01482220916,0.01257094635,0.01464282104,0.01267739227,0.5817497752,0.3363862512
C000375,3,0.004135305325,0.004360777216,0.00412358757,0.004140694252,0.004556307181,0.8548564337,0.004517182332,0.1193097125
C000376,1,0.02234384818,0.05567557814,0.04058280524,0.1446881533,0.02933832795,0.08238158563,0.02950718678,0.5954825147
C000381,0,0.007067732907,0.008886434958,0.00869151341,0.862485451,0.01048422586,0.01518803649,0.01056545738,0.07663114798
C000382,1,0.006368003265,0.04030822426,0.006188732196,0.4690699827,0.1435229749,0.2450294709,0.00782610987,0.08168650188
C000387,2,0.01529711137,0.01104702005,0.102260141,0.008611968172,0.0117074182,0.008890102704,0.03014683129,0.8120394072
C000388,2,0.01775259004,0.05607481407,0.02442634849,0.01643378955,0.02192203314,0.01691492846,0.02174266125,0.824732835
C000389,1,0.03662797345,0.04030202025,0.03652866071,0.03648628932,0.04227697542,0.03840051614,0.1240238075,0.6453537572
C000390,4,0.004213700882,0.004446786151,0.00433716594,0.004215291094,0.01489249254,0.004324063211,0.9245073202,0.03906317996
C000392,2,0.02483317381,0.0150104956,0.01505158114,0.01227310107,0.01574541864,0.01253486827,0.784681438,0.1198699235
C000394,3,0.005966946447,0.00640751472,0.005830860797,0.006084763602,0.2378649233,0.006291646758,0.1156204748,0.6159328696
C000400,3,0.0678159711,0.01282701315,0.01534302818,0.1874096793,0.01804786442,0.0158932811,0.01797695644,0.6646862063
C000401,0,0.1555821799,0.01712868665,0.01659589142,0.01430695341,0.02155910674,0.01742715395,0.02148871101,0.7359113169
C000403,1,0.01012608522,0.01155703747,0.599124809,0.01048025582,0.01229550644,0.06312615726,0.01165342676,0.2816367221
C000406,4,0.01604412832,0.01861862749,0.01622593733,0.05811213022,0.02018655763,0.0172804529,0.570218536,0.2833136302
C000407,0,0.005625376371,0.5095059502,0.006169846802,0.00541336141,0.007345269533,0.003874918274,0.4051416453,0.05692363208
C000408,3,0.02755415502,0.02744500158,0.08434338853,0.02584424724,0.02696711162,0.02711375341,0.02668992194,0.7540424207
C000410,4,0.009154930778,0.6624139792,0.1138629534,0.009190867581,0.09333410762,0.007053006054,0.0100726245,0.09491753092
C000414,0,0.01657516706,0.01995134603,0.01894452521,0.3057316392,0.02159897477,0.02013924402,0.0197696922,0.5772894115
C000417,1,0.008116033038,0.008456101913,0.00823177182,0.1910121455,0.008924552428,0.008300120957,0.7010392158,0.0659200586
C000418,1,0.006670205652,0.007159566037,0.006466335376,0.006457548154,0.008368674446,0.01002337783,0.008271100887,0.9465831916
C000420,1,0.008552625881,0.317576049,0.008116447686,0.01954799759,0.01259800908,0.4286821968,0.0930485025,0.1118781715
C000422,1,0.01470469151,0.01580116046,0.02059386336,0.01448914444,0.02589575034,0.02047532377,0.2093220122,0.678718054
C000424,2,0.007704654894,0.4924020741,0.00840893796,0.006914745256,0.0087109418,0.3820267907,0.008690010459,0.08514184482
C000425,2,0.02191366954,0.02432636306,0.02530984973,0.02217109036,0.02211563936,0.02213275518,0.684525419,0.1775052137
C000426,4,0.004851730996,0.9216028988,0.004583746747,0.004293006194,0.006046616483,0.004461559818,0.006097427911,0.0480630131
C000427,0,0.01788370534,0.02108140436,0.01951182479,0.01727657377,0.02616292101,0.4518734694,0.04296410551,0.4032459958
C000428,0,0.02260314617,0.0249377269,0.02636558534,0.02200129061,0.02924421556,0.01948430173,0.0294597522,0.8259039815
C000431,0,0.003798960987,0.940127914,0.004227294936,0.003685175701,0.004847435716,0.00425286517,0.004791525056,0.03426882845
C000433,1,0.009317425647,0.009579626629,0.3379050208,0.008961891587,0.003582402035,0.5497345584,0.00335004974,0.07756902511
C000434,3,0.0286589811,0.02902702992,0.02938455313,0.02752404435,0.03069744236,0.02896373168,0.03024705928,0.7954971582
C000436,4,0.6808274441,0.002251187614,0.03264556873,0.0136869045,0.00208609475,0.2509079039,0.002025448258,0.01556944815
C000437,2,0.02477362757,0.02774888504,0.02797589133,0.02301492453,0.02851567389,0.02361220373,0.0290440368,0.8153147571
C000438,4,0.01580971178,0.3578391073,0.009468828209,0.009022258967,0.01111721386,0.008902619987,0.5008332967,0.08700696319
C000443,2,0.09711623499,0.002517113735,0.8483364349,0.002077917663,0.002670602994,0.002154959252,0.002683085244,0.04244365125
C000445,3,0.02817354616,0.02932423437,0.02826082216,0.02879063409,0.03155931196,0.2809217185,0.03116280998,0.5418069227
C000446,4,0.0108613178,0.01168169538,0.6278469984,0.01076477745,0.147326015,0.007151497675,0.04021207305,0.1441556252
C000447,3,0.002611358168,0.06430775739,0.8756164237,0.002622150164,0.002808463046,0.002701920852,0.03174124372,0.01759068294
C000448,3,0.1871981664,0.003313515168,0.002973172436,0.003076050632,0.7404032898,0.003247501442,0.01002703463,0.0497612695
C000452,2,0.002666364764,0.8488709843,0.002949178891,0.002423621963,0.06369818756,0.0550576487,0.00448641569,0.01984759809
C000453,0,0.003058169672,0.00336709088,0.02212778944,0.003678364267,0.04806006095,0.003429598389,0.8539283224,0.06235060404
C000454,0,0.002239468585,0.002674051446,0.116199447,0.002172120415,0.003068143024,0.8219456629,0.003048040687,0.04865306586
C000455,3,0.1867745725,0.4878211762,0.004131166887,0.2337270982,0.005524261439,0.0044107019,0.005569020232,0.07204200258
C000456,4,0.01103427713,0.01195838637,0.01115038516,0.01088690438,0.01259236561,0.01192018434,0.834018759,0.09643873804
C000457,0,0.27168026,0.06708854012,0.5081297152,0.00785874834,0.01089296368,0.009126884108,0.01035694571,0.1148659429
C000458,4,0.02209498372,0.3009364206,0.07112479393,0.02210138356,0.2325426743,0.02322741967,0.0256169572,0.302355367
C000461,0,0.01561034675,0.01761998822,0.6955230522,0.01521772184,0.02124443509,0.01758950317,0.02101652624,0.1961784265
C000462,0,0.005661900768,0.006751033172,0.02217298254,0.00548104574,0.007757019793,0.2816168985,0.5176972235,0.152861896
C000464,3,0.0281168769,0.02971740063,0.02793553165,0.0279846796,0.3009821827,0.02910926719,0.0319509743,0.524203087
C000465,3,0.1558490166,0.003378120446,0.7148454759,0.08890702077,0.003407222062,0.003342921082,0.003454509241,0.0268157139
C000468,1,0.007289032078,0.007358269494,0.4738977185,0.007092956867,0.1126217997,0.3275018628,0.008763240819,0.05547511969
C000469,0,0.003898283397,0.004323863991,0.8066362223,0.1148266886,0.005301984012,0.004292377141,0.005261952731,0.05545862787
C000470,4,0.003419145973,0.003857896963,0.6884209776,0.003451253843,0.003731365576,0.003497784326,0.1600934425,0.1335281332
C000471,3,0.06440477222,0.01005763377,0.009235639877,0.009390186111,0.01209608049,0.5917868978,0.01248690175,0.290541888
C000472,0,0.01932834584,0.02083777641,0.02204379826,0.01847056182,0.02768719554,0.07914811032,0.0279735491,0.7845106627
C000473,0,0.007717188576,0.3158469248,0.008601682641,0.01198010028,0.4592077958,0.00934499292,0.01119318874,0.1761081262
C000475,3,0.01027905702,0.01074812206,0.2164328547,0.6427834854,0.01141306703,0.0106225022,0.01125267912,0.08646823246
C000477,4,0.002431583682,0.05482520715,0.002507370121,0.002457554827,0.002983297302,0.02423521326,0.8935822809,0.0169774928
C000481,3,0.2884633734,0.3860070928,0.01438328315,0.01453385702,0.01044734953,0.04946101051,0.01553505254,0.2211689811
C000482,4,0.004095608141,0.005587245212,0.004223061001,0.004127465428,0.02295348016,0.004451926824,0.7650074714,0.1895537418
C000484,3,0.009145064886,0.009725263224,0.009060742482,0.02788753473,0.0107676956,0.009490805381,0.04013320045,0.8837896932
C000492,3,0.1583586486,0.1119143027,0.5451201991,0.006291519884,0.01450603043,0.04474994561,0.007265309397,0.1117940443
C000493,1,0.009135642811,0.1644401699,0.009144973122,0.006777744651,0.3782442841,0.009730052964,0.01655313936,0.4059739932
C000497,3,0.008015386916,0.008595862347,0.03019893413,0.624366863,0.008853148784,0.02259536613,0.1402033,0.1571711388
C000498,3,0.4356042061,0.007656745335,0.007511136886,0.4152695473,0.007760078425,0.007621521758,0.0076409958,0.1109357684
C000502,1,0.005968534646,0.006030511476,0.3273571524,0.005789266688,0.05068661563,0.0717104065,0.4878914574,0.04456605521
C000503,1,0.02743854348,0.004314721909,0.0590001346,0.07522559568,0.007716264727,0.00765905374,0.00280168907,0.8158439968
C000504,4,0.01100614386,0.01764315263,0.01142740295,0.0110609181,0.6508008053,0.06693148954,0.0137106091,0.2174194785
C000506,3,0.003573262587,0.003705229334,0.002564755599,0.003478923673,0.3639342476,0.5836402148,0.004047172055,0.03505619434
C000508,4,0.004787195463,0.006694375496,0.003542403125,0.007162909208,0.00465038652,0.01200943551,0.004191115833,0.9569621788
C000509,4,0.004423552354,0.1698019517,0.004587619443,0.004354150852,0.004659922619,0.006534916665,0.7763575832,0.02928030317
C000511,1,0.007568124278,0.0747324268,0.007325012647,0.3822816213,0.003871076902,0.4565677716,0.01147965523,0.05617431129
C000512,3,0.006658568435,0.8970197997,0.006527352401,0.006603453779,0.00730965227,0.006692806513,0.007202116722,0.0619862502
C000513,0,0.02134145799,0.02466529885,0.1259196536,0.1605694817,0.02813943923,0.0982062761,0.02774064039,0.5134177521
C000516,4,0.003588098633,0.004302558566,0.002775898214,0.003617446015,0.08086288044,0.003900643086,0.8136613167,0.08729115836
C000518,4,0.6889061113,0.007358400699,0.006322268408,0.02429060367,0.0284633295,0.03076673227,0.004507555543,0.2093849986
C000521,1,0.01008304471,0.3661925435,0.01003264102,0.01275450645,0.3344342799,0.01058920631,0.01533066866,0.2405831095
C000523,0,0.4275162193,0.4759418567,0.005044596456,0.02987192921,0.006195590202,0.005083476108,0.006139378557,0.04420695347
C000526,0,0.02340859808,0.02732754343,0.02700756059,0.02313179288,0.03447292252,0.1014436784,0.04149579162,0.7217121125
C000529,0,0.8539956145,0.009902758385,0.01021494392,0.00891890104,0.01110074242,0.01005837797,0.01102493118,0.08478373054
C000531,2,0.008613199177,0.1443627929,0.5144149318,0.007941965972,0.01017274389,0.2003049513,0.01021202889,0.1039773861
C000532,1,0.269993712,0.004449599974,0.004405574731,0.6737254018,0.00505931424,0.004446864699,0.004904487341,0.03301504527
C000534,0,0.1467280029,0.003282552731,0.1893016864,0.002942433662,0.5015235046,0.003539475029,0.06325344328,0.08942890135
C000536,1,0.007657336522,0.08593076862,0.6648880315,0.007578663563,0.009910449012,0.005524671089,0.1556778057,0.06283227404
C000539,2,0.01052855366,0.7234194821,0.06030851903,0.009440492177,0.01765066695,0.009698123898,0.01151386791,0.1574402942
C000540,2,0.02101396034,0.02260277186,0.1151758228,0.01933234131,0.02338131652,0.03231796645,0.1910015177,0.5751743031
C000543,4,0.0168944689,0.1773783089,0.01715506097,0.2006032695,0.01948415342,0.01825010365,0.01909264938,0.5311419852
C000544,1,0.02870480204,0.00990276129,0.00857633275,0.008572396514,0.01242822476,0.5576134224,0.01243391991,0.3617681404
C000548,3,0.01220198201,0.004672227204,0.004262760762,0.02740485766,0.04194928004,0.07736582036,0.004988813249,0.8271542587
C000549,0,0.170376913,0.005038008787,0.00468346099,0.02003301959,0.1958187162,0.4844458107,0.00583156809,0.1137725026
C000550,0,0.02229785549,0.02390754275,0.02547792023,0.02154218178,0.0285164038,0.02452115796,0.03998385708,0.8137530809
C000551,0,0.008623643934,0.2944392087,0.3787691812,0.2063630269,0.01130200051,0.009728752578,0.01121085871,0.07956332745
C000552,0,0.002504880797,0.003024914967,0.002838622009,0.003269562307,0.006445887449,0.003045729569,0.006468790862,0.972401612
C000555,1,0.601549268,0.01237052138,0.01149213542,0.01124727154,0.02231910792,0.01195128617,0.01356581232,0.3155045972
C000556,4,0.007723417282,0.008309610405,0.2513361623,0.007730051207,0.008409211785,0.6491780391,0.008395556677,0.05891795125
C000557,1,0.05319659719,0.009006672613,0.009051435175,0.427279087,0.01013635489,0.3098548861,0.009956161388,0.1715188056
C000558,1,0.02236504661,0.02255071751,0.02445255469,0.02164324555,0.02519189895,0.02168206602,0.0259044277,0.836210043
C000559,0,0.009164094227,0.0107565656,0.01091635124,0.3399401524,0.01644033603,0.5240765737,0.01111269884,0.07759322794
C000561,0,0.02116112352,0.02263616133,0.0233452088,0.0202215422,0.03430707729,0.0233214553,0.03402470616,0.8209827254
C000563,2,0.002312072914,0.002568523933,0.002553322029,0.930260097,0.002683716856,0.02891553804,0.002699357222,0.02800737205
C000564,2,0.002058261868,0.002352233482,0.002228619938,0.02659190679,0.8976198016,0.002017144448,0.01043051502,0.05670151686
C000567,4,0.9273132978,0.005485430552,0.005367257066,0.005199499499,0.005514341608,0.005230451969,0.005432876422,0.04045684508
C000579,4,0.01113152359,0.608449308,0.01137663532,0.04511400852,0.01727638778,0.01192630736,0.06209051914,0.2326353103
C000580,2,0.8329565704,0.001960896067,0.001960781791,0.02804937576,0.08128651319,0.001656339426,0.002385044112,0.04974447923
C000586,2,0.01307491092,0.01475297462,0.01416703175,0.01197366744,0.09164214866,0.01254061075,0.4971873667,0.3446612891
C000587,1,0.005774936241,0.1661450835,0.1113082063,0.00576116811,0.08977621783,0.442176803,0.1276259181,0.05143166693
C000588,2,0.55510123,0.01192235879,0.01148182154,0.01009027899,0.0118122479,0.01019030821,0.01197632792,0.3774254267
C000592,4,0.004554266687,0.005288267156,0.01252256024,0.244923734,0.5798653938,0.06208691128,0.005241818125,0.08551704872
C000596,4,0.6591907993,0.009086850389,0.008711127478,0.008505515589,0.009668097153,0.008871282697,0.009777992197,0.2861883352
C000597,2,0.7214664538,0.007132931191,0.08717469699,0.00578579242,0.007469584092,0.00581630087,0.003556889315,0.1615973513
C000599,2,0.01082937123,0.01222233845,0.4392247536,0.1703270881,0.01260379535,0.01033895262,0.01264275908,0.3318109415
C000600,2,0.008472330055,0.004655555824,0.004573423676,0.004383742768,0.004097937175,0.004602892346,0.8360991382,0.13311498
C000602,1,0.09509721942,0.02083046761,0.201035777,0.01806683652,0.02501083668,0.04518582397,0.02462701572,0.5701460231
C000605,3,0.05586920119,0.008841370742,0.008189271078,0.7159378379,0.04958440376,0.01803895772,0.01065958267,0.132879375
C000606,0,0.01430796204,0.0152230509,0.01548338284,0.01365337293,0.0183938952,0.01518096792,0.7497570224,0.1580003458
C000607,2,0.8316932927,0.009260308388,0.009497662876,0.007985333128,0.008914824947,0.008137170133,0.008945862182,0.1155655456
C000609,4,0.7957915826,0.005878143726,0.06125011427,0.005059215046,0.005893452007,0.005420305631,0.02052339418,0.1001837925
C000612,4,0.002448157687,0.8503342775,0.07299355536,0.002467250318,0.003175922625,0.002688594169,0.003085343532,0.06280689884
C000615,3,0.005867726312,0.4157415624,0.005982280084,0.005862339825,0.006328763355,0.1993823895,0.3217993728,0.03903556576
C000617,2,0.003649214012,0.004913788011,0.003998825937,0.003779683276,0.004929353828,0.003838962812,0.005103975893,0.9697861962
C000618,4,0.002901575468,0.003526584153,0.003018429847,0.002913143272,0.003391774538,0.9182110602,0.002588106847,0.06344932564
C000620,1,0.01602338833,0.01327799991,0.6761388155,0.01190295805,0.0146279044,0.02103048471,0.09708492586,0.1499135232
C000621,4,0.01755371491,0.01913035778,0.01776312719,0.01730863245,0.01962737187,0.01806914208,0.7348594917,0.155688162
C000622,1,0.04664430124,0.02002530572,0.03761020557,0.1299418195,0.320962649,0.01973425551,0.09483949196,0.3302419715
C000624,3,0.01591011252,0.3774804249,0.01720305671,0.01631120112,0.01874291692,0.01586122043,0.018504551,0.5199865164
C000626,3,0.4154650303,0.006124142766,0.005976131548,0.006003756901,0.006723106669,0.03971377266,0.480083764,0.03991029513
C000627,3,0.01437051096,0.003586517039,0.003665712769,0.002332500945,0.002762947361,0.003562881034,0.00395547126,0.9657634586
C000629,1,0.732187204,0.1837416111,0.002833403353,0.02456937364,0.003772516899,0.003129731849,0.003697903853,0.04606825535
C000630,0,0.009440609359,0.01034624573,0.01087522005,0.009022991081,0.01427652497,0.01278231668,0.6039058206,0.3293502715
C000633,3,0.009014934486,0.8795564949,0.009026977443,0.009065898873,0.005699939093,0.008958763621,0.004966202604,0.07371078895
C000636,0,0.03275693707,0.002239055186,0.9100542621,0.001840372988,0.002664078093,0.00220793883,0.002652263288,0.04558509246
C000638,1,0.2274931271,0.3797895285,0.007838759332,0.007853947794,0.01040276595,0.1341842046,0.009827182566,0.2226104841
C000639,2,0.01545295946,0.03597827231,0.06322238761,0.1560060377,0.07863234549,0.014458409,0.01754782176,0.6187017667
C000640,3,0.008129227913,0.008492482798,0.8560812387,0.008217510241,0.009308955519,0.008494570218,0.009192879175,0.0920831354
C000641,3,0.01788108961,0.03977699732,0.02897356686,0.4442160903,0.1608171769,0.01862338821,0.1707385073,0.1189731835
C000644,2,0.04455374937,0.01238439291,0.01199175463,0.009832842263,0.01324075054,0.1918182651,0.5595348536,0.1566433916
C000645,4,0.0701101337,0.4193917298,0.4632294043,0.004336484903,0.004609504316,0.004307962729,0.004450930405,0.02956384977
C000647,2,0.0438591773,0.02913256638,0.09050096807,0.3119449451,0.03056697973,0.02472433929,0.07361529367,0.3956557304
C000648,3,0.01034495146,0.07145941023,0.0103478973,0.01022300428,0.4402096378,0.01630761114,0.007455554605,0.4336519332
C000649,4,0.001562576823,0.7877513659,0.001608434942,0.1583922346,0.01486743735,0.001643539514,0.0009784358388,0.03319597503
C000651,1,0.01860800012,0.00681432981,0.006378626929,0.006439355404,0.007865027863,0.3529274326,0.5195676281,0.08139959921
C000652,1,0.08290245024,0.01141670073,0.1746064097,0.01762158049,0.01342723285,0.1572062216,0.393721489,0.1490979154
C000657,1,0.01504127296,0.01581860157,0.01500787119,0.01498689628,0.01671449818,0.01554563518,0.7456737924,0.1612114323
C000660,0,0.01235421315,0.003840026667,0.006956791364,0.01001491709,0.002863755041,0.002492031684,0.00286605318,0.9586122118
C000665,0,0.01234064571,0.01402086901,0.01452318421,0.6545125535,0.01601414235,0.01400728645,0.01612155558,0.2584597632
C000666,1,0.01691478822,0.7187918922,0.01655839207,0.01658300119,0.01961783115,0.01712168919,0.02000911151,0.1744032944
C000667,2,0.410086988,0.005321685269,0.2823324468,0.2110845214,0.0175499344,0.00449079565,0.01634509287,0.05278853566
C000668,3,0.006483196551,0.006570496197,0.006397490983,0.006447886349,0.6046962485,0.006515371518,0.3014909723,0.06139833759
C000669,4,0.007535341639,0.009230861396,0.007654904492,0.01543700978,0.409072436,0.008083056784,0.009843159094,0.5331432309
C000670,0,0.00673872425,0.007586196942,0.3877871248,0.006590016949,0.008642754566,0.007689199891,0.4055491577,0.1694168249
C000672,4,0.8678480024,0.002209917706,0.001953605912,0.001902525384,0.002175998333,0.002006426637,0.07664817117,0.04525535249
C000675,4,0.01863513468,0.0202390767,0.01925184139,0.018651941,0.02027157629,0.01961284175,0.6448218318,0.2385157564
C000677,3,0.02489256252,0.02537109038,0.02548036789,0.02490953507,0.02844842944,0.02531876504,0.0280246829,0.8175545667
C000678,1,0.007144141073,0.007360665132,0.006954127959,0.5368087001,0.3552722835,0.00724342694,0.007689053209,0.07152760217
C000679,1,0.1675888493,0.005797341072,0.005574987283,0.3401277096,0.006848809361,0.01217382876,0.4175867511,0.04430172349
C000680,1,0.1655212975,0.2094267769,0.01499777266,0.1026370762,0.01782910143,0.2804519895,0.01710282143,0.1920331644
C000681,1,0.02540651551,0.01006800472,0.2548169647,0.02385076754,0.01102921155,0.009929083079,0.4166754194,0.2482240335
C000682,2,0.4137785941,0.07447089081,0.3485405522,0.004086643461,0.04373660023,0.004253016701,0.01773006533,0.09340363721
C000683,2,0.05260769024,0.2224130657,0.004525662496,0.003851139563,0.003971818029,0.003884524499,0.6776867506,0.0310593489
C000684,2,0.6203257645,0.03566189198,0.003751635296,0.2745561216,0.004026568916,0.003125406412,0.004051985471,0.05450062581
C000694,1,0.0258228625,0.1854687403,0.01923273223,0.02807516778,0.01525248985,0.008935923936,0.06633354287,0.6508785406
C000696,1,0.001951681088,0.002278488965,0.5897556925,0.001981345488,0.3608126664,0.002103505886,0.002587995904,0.03852862379
C000699,2,0.008017630686,0.05188179074,0.008762715926,0.09874023173,0.009458385126,0.007799946886,0.6802440984,0.1350952005
C000700,3,0.009200638706,0.009618346484,0.07582041512,0.00969429921,0.4837717732,0.009353211025,0.01182681372,0.3907145026
C000701,0,0.02361450195,0.5424835242,0.01401371554,0.01234095381,0.2824176336,0.01367217714,0.01492830536,0.09652918835
C000702,4,0.003348608181,0.004199887852,0.00969435641,0.003420289925,0.004164555829,0.002875332952,0.004056312575,0.9682406563
C000705,0,0.0265395223,0.04577259946,0.01169521422,0.01020819462,0.2771063262,0.05549146645,0.2985554137,0.274631263
C000707,3,0.01232753673,0.01303183124,0.01273760671,0.01250876934,0.01425334608,0.833440075,0.01406830702,0.08763252784
C000709,3,0.001910923645,0.002065063264,0.3867792091,0.001950233421,0.002391999836,0.4549423013,0.00087863446,0.1490816349
C000712,2,0.0784553612,0.01551700335,0.01206253701,0.01000273582,0.7844994364,0.01001206447,0.01295390036,0.07649696142
C000713,3,0.005542934525,0.05878073464,0.005591789453,0.3049512591,0.07059329747,0.4574965219,0.04372147515,0.05332198771
C000717,4,0.006590734556,0.01168168225,0.8220589882,0.01067832718,0.01226409131,0.01135115976,0.01219413942,0.1131808773
C000721,2,0.02241618563,0.02540515854,0.02463971836,0.02161611731,0.08786044929,0.02154560996,0.2018753065,0.5946414544
C000725,3,0.02332137444,0.007038550406,0.006819649423,0.006828580846,0.07823596768,0.8158752324,0.008162896271,0.0537177485
C000728,4,0.005128179841,0.1569195943,0.7746103139,0.002951933104,0.005537717858,0.005367966118,0.005606812031,0.04387748284
C000732,3,0.2391119364,0.03038620294,0.0618682618,0.02876936673,0.03390684077,0.03057635555,0.03340782287,0.5419732129
C000734,0,0.004579790478,0.004814118,0.004822882854,0.004467224828,0.0063340256,0.004940391411,0.9219099618,0.04813160504
C000735,4,0.004182556348,0.005225349689,0.793889854,0.004174414304,0.005077880949,0.004583808962,0.07818466464,0.1046814711
C000737,0,0.05637400402,0.001980392423,0.08233057771,0.001902436077,0.002412721773,0.836569362,0.002342661584,0.01608784443
C000738,1,0.02558956933,0.02676940009,0.02545889504,0.02532017427,0.03128623962,0.02586398802,0.03122684456,0.8084848891
C000743,2,0.2037266678,0.01649086992,0.009869426172,0.3110006302,0.01081684769,0.008562060782,0.01085016057,0.4286833369
C000746,4,0.02122381601,0.01708488588,0.01443655469,0.09029703191,0.01767375909,0.01552306903,0.04919177747,0.7745691059
C000747,2,0.01523082764,0.0175474476,0.7929682767,0.01581218749,0.01671041381,0.0158763747,0.01676385376,0.1090906183
C000749,1,0.2386188388,0.009923946777,0.6385385439,0.007413500866,0.008627675865,0.007830653165,0.00834462131,0.08070221928
C000750,0,0.01219925297,0.01501855944,0.1244103412,0.01928170408,0.02687524943,0.01452451363,0.09969306295,0.6879973163
C000756,3,0.009434977245,0.009864043917,0.009582012368,0.009352826303,0.7203173334,0.009792639249,0.01082660528,0.2208295623
C000758,2,0.002667095301,0.00311650176,0.003003859455,0.002418212321,0.00122499007,0.001092321643,0.001154062437,0.985322957
C000761,1,0.7376526874,0.007285565454,0.007293033858,0.1659647824,0.007777442434,0.007241337682,0.007498593292,0.05928655746
C000763,4,0.4832426138,0.008546170761,0.007890545535,0.007819082139,0.00981246705,0.00805890578,0.4162324769,0.05839773803
C000764,3,0.01621909863,0.01647343475,0.7980855888,0.01592540017,0.01703719404,0.01377672861,0.01388700226,0.1085955527
C000766,2,0.02676357506,0.02970708756,0.02968705389,0.02436956497,0.0322760031,0.02491710789,0.04493602371,0.7873435838
C000769,1,0.007712846598,0.008736641876,0.0678220951,0.05092503898,0.04988051503,0.03623868847,0.1087902076,0.6698939664
C000771,1,0.005287691822,0.00555663659,0.005132697774,0.005143876201,0.006433237435,0.005438440116,0.903147022,0.06386039801
C000772,1,0.006225252828,0.006539189777,0.6396540683,0.1266634585,0.007625735925,0.00630744154,0.1536040659,0.05338078723
C000775,0,0.0267525401,0.02875747934,0.03136988732,0.02582485106,0.03908210295,0.02910337123,0.03801347642,0.7810962916
C000776,1,0.005173105105,0.01612288701,0.005041620249,0.2551699009,0.007272329048,0.005406222015,0.03109859522,0.6747153404
C000778,1,0.5932954583,0.009073282733,0.008799799136,0.008792175637,0.01045509567,0.2631247217,0.01022270704,0.09623675976
C000781,4,0.001733406497,0.02834265951,0.3486313148,0.5584845827,0.002331914348,0.0009734640868,0.002260596818,0.05724206118
C000783,1,0.01467369115,0.1637700306,0.01581543348,0.1673722951,0.01691784729,0.2150001934,0.01624680466,0.3902037044
C000787,3,0.002529055673,0.001428908239,0.002592901473,0.002500010533,0.9018119102,0.002810967164,0.00313773484,0.08318851192
C000792,2,0.0234506873,0.07248366074,0.02549228243,0.1194851274,0.02776742146,0.2926094537,0.02775750217,0.4109538647
C000793,0,0.002547377254,0.02419516346,0.002849308967,0.00149718766,0.005445511838,0.005180776814,0.8135206033,0.1447640707
C000794,0,0.006631354888,0.1537264636,0.00770295132,0.008692878684,0.7361154002,0.008446859005,0.0102460871,0.06843800519
C000799,3,0.03204502727,0.03346955979,0.03273427719,0.03113218346,0.04630739408,0.03321324863,0.04663632488,0.7444619847
C000800,4,0.009868566616,0.01202879415,0.01026273886,0.009969409835,0.4040689595,0.1129662051,0.2230484131,0.2177869129
C000805,1,0.038432963,0.6008396058,0.004651254314,0.004645208801,0.3068564233,0.004890024435,0.003692842544,0.03599167783
C000807,0,0.05748406055,0.006463652412,0.006257614005,0.005479849873,0.03994780241,0.006441516096,0.01144519049,0.8664803142
C000808,2,0.004399866624,0.0050483407,0.09425083973,0.01693380537,0.008968772502,0.02780239492,0.006756538525,0.8358394416
C000815,2,0.003171684063,0.003693131338,0.003586014182,0.004635163596,0.00388346899,0.007244275859,0.003846485062,0.9699397769
C000819,2,0.5088888923,0.007641363036,0.4010803331,0.006547963324,0.008265206527,0.006607480765,0.008556607906,0.0524121531
C000821,4,0.002301174557,0.002746765059,0.6139366745,0.3193806446,0.002948046548,0.002515373172,0.002248353958,0.05392296752
C000822,4,0.00868151264,0.00391929316,0.00323010157,0.006018316709,0.003997369808,0.00364336216,0.01624894012,0.9542611038
C000823,0,0.1909239076,0.1994560245,0.004871433082,0.004426110099,0.006205551186,0.02054020672,0.486409938,0.08716682878
C000826,1,0.3409157423,0.06755589138,0.2226048715,0.005024652604,0.00612680378,0.3077816079,0.005978830095,0.04401160043
C000827,0,0.002292452389,0.002801399223,0.01212848469,0.000940032795,0.00333055219,0.002766448644,0.003323644965,0.9724169851
C000829,2,0.02451969823,0.02787089471,0.02837300791,0.02291417504,0.03005859546,0.02316008781,0.03010989892,0.8129936419
C000831,2,0.00192034984,0.02216251949,0.8768000915,0.001758088191,0.002294564085,0.07740166405,0.003696942662,0.01396578013
C000832,3,0.1189060444,0.03393665118,0.1132388367,0.02841592869,0.03184162901,0.08276263199,0.0435391609,0.5473591171
C000835,2,0.2354869993,0.004797804432,0.004577322639,0.04631240861,0.0439659399,0.511385154,0.06528539571,0.08818897541
C000836,1,0.0399593353,0.2265277925,0.007479811808,0.007472647024,0.01065332843,0.008140895535,0.5614281842,0.1383380052
C000837,4,0.003903113672,0.004137761453,0.1356676097,0.003834697632,0.288234321,0.4907487007,0.04406081051,0.02941298526
C000840,0,0.001954289514,0.002385599705,0.00218873927,0.001994000879,0.897713598,0.002509184587,0.004372114059,0.08688247396
C000841,2,0.2444400545,0.6261388445,0.007493015559,0.02433857786,0.007016643714,0.007757176242,0.00695153109,0.0758641566
C000842,2,0.002273949051,0.002674973249,0.002611804962,0.7975106353,0.004529891863,0.1262169085,0.003521278673,0.06066055831
C000843,2,0.01609167532,0.01829789084,0.0183815225,0.01563295642,0.5138952199,0.01573882588,0.0193667135,0.3825951956
C000844,3,0.2245015497,0.04419542373,0.01069091323,0.2106550625,0.1565978947,0.01134195149,0.01762491729,0.3243922873
C000850,3,0.009022505442,0.009554840279,0.009099563481,0.8511296131,0.01046287401,0.009475801503,0.01030629676,0.09094850547
C000851,1,0.009456905599,0.2769771514,0.009397917288,0.009385818454,0.006627247321,0.5014697196,0.006703285233,0.179981955
C000854,0,0.008130537216,0.3411752284,0.1486466147,0.008165138085,0.0104247769,0.3462599121,0.03383290475,0.1033648879
C000856,3,0.005602410337,0.006678567582,0.00914002593,0.009239511685,0.009735711992,0.7155526066,0.009589173144,0.2344619928
C000857,2,0.5655372883,0.113040205,0.00647451409,0.005331714517,0.006933210971,0.005472655206,0.2452634998,0.05194691215
C000858,2,0.3016585261,0.008532072237,0.008622263456,0.4805347018,0.06917957585,0.00784516567,0.06288210603,0.06074558891
C000859,3,0.01202485123,0.01247508467,0.1860576966,0.6583013544,0.01502174391,0.01265202229,0.01485675712,0.0886104898
C000862,4,0.008100735734,0.008593371365,0.008337670631,0.1904889165,0.009410928626,0.6970001382,0.009500248627,0.06856799028
C000865,2,0.002909162982,0.003223384529,0.001055689872,0.00270996472,0.002715239343,0.005833635981,0.003392552112,0.9781603705
C000868,0,0.02383795155,0.02572103535,0.02735551971,0.0230157436,0.0283427291,0.04107925268,0.02863309433,0.8020146737
C000873,4,0.00683293394,0.01429757803,0.01363230315,0.01329665278,0.01405130218,0.01359578414,0.7974872528,0.126806193
C000874,4,0.008575454804,0.3379616254,0.4109267868,0.1252554605,0.004749558981,0.00439979767,0.008082200467,0.1000491154
C000877,4,0.004611153758,0.05109142492,0.004808855847,0.004753796932,0.005352367186,0.7392556687,0.1558871747,0.03423955792
C000878,4,0.1039357965,0.006792483782,0.006280874522,0.006065244382,0.007116806945,0.5039072844,0.2555544701,0.1103470394
C000880,3,0.009869187676,0.01050649079,0.009909800896,0.01001511245,0.01098469955,0.04551563819,0.7852222405,0.11797683
C000883,2,0.007352851303,0.005742043681,0.3676023741,0.007204593808,0.008255083612,0.07549890486,0.47113501,0.05720913862
C000885,2,0.1632788405,0.00708185337,0.00767008285,0.06285090044,0.4794586271,0.2255643724,0.008399745233,0.04569557815
C000886,0,0.002478258245,0.2695804503,0.002491879981,0.002425384366,0.003108816358,0.003191514625,0.6828894868,0.03383420934
C000887,0,0.08667093227,0.00144732938,0.8739842328,0.001222229727,0.001697407197,0.001463508519,0.001697074103,0.03181728597
C000889,3,0.01288262752,0.002733270234,0.002466508522,0.002616213935,0.9523559982,0.002722003545,0.002909929385,0.0213134487
C000891,1,0.1089175352,0.1381613766,0.2570524277,0.0208456772,0.01703335431,0.3320489019,0.01672850993,0.1092122171
C000892,0,0.005475217972,0.006103322855,0.9064346886,0.007730163234,0.007574523031,0.00617243597,0.007511017281,0.05299863103
C000894,0,0.003668642713,0.4737778412,0.004294772843,0.003396677359,0.00499006267,0.004282394149,0.4103527707,0.0952368383
C000895,3,0.4094495385,0.01164624728,0.07927339791,0.01100682252,0.01323333738,0.01169338245,0.01306779806,0.4506294759
C000901,0,0.01502600142,0.01676315256,0.01702099788,0.07812644569,0.05224075502,0.265791056,0.1857725776,0.3692590139
C000903,1,0.008052821444,0.00853198338,0.6069958959,0.007895977395,0.009500523285,0.2591112978,0.009538549886,0.0903729509
C000904,1,0.02182725829,0.02227834982,0.02146928159,0.02130367948,0.02540034062,0.2941137995,0.02463653029,0.5689707604
C000905,4,0.03036369722,0.03492741052,0.1787148297,0.03051381532,0.03509059334,0.03290290455,0.03436827949,0.6231184699
C000907,1,0.006122527253,0.006441676663,0.007636686787,0.3151843089,0.006994508755,0.5798296003,0.006862284824,0.07092840658
C000911,1,0.2011759639,0.4652991995,0.02313190414,0.02310037427,0.05856579723,0.02339303636,0.02612990222,0.1792038224
C000912,4,0.01336214913,0.1073175878,0.06494069337,0.01324396254,0.0175781315,0.09800809097,0.01693957277,0.6686098119
C000914,1,0.006063939472,0.006327750228,0.9129048659,0.006111266878,0.007298684201,0.006210926432,0.007304815598,0.04777775124
C000916,4,0.1614222086,0.008402142799,0.1250287817,0.5969547963,0.01064749342,0.007702021077,0.01060645319,0.07923610298
C000917,3,0.7559252659,0.01288442824,0.01258753946,0.03279951259,0.01303095745,0.01280910543,0.01282988748,0.1471333035
C000920,3,0.01431388555,0.01498352575,0.01443568288,0.01465200841,0.01580269434,0.6693923883,0.1566088486,0.0998109662
C000921,4,0.0190533886,0.02297601303,0.01944983466,0.2714223076,0.05841303415,0.02054902127,0.0876475949,0.5004888058
C000922,0,0.01807467715,0.08407206162,0.0781694815,0.09113008985,0.02884880536,0.02512843346,0.2639654918,0.4106109592
C000923,4,0.003906117046,0.004618992296,0.004026537918,0.1326117372,0.004465528893,0.004231084537,0.7647673436,0.0813726585
C000926,3,0.01929410524,0.3978456648,0.3945693701,0.01357413652,0.01546602634,0.0144525234,0.015337129,0.1294610446
C000927,3,0.1874377509,0.007339665681,0.6764971058,0.04124494835,0.007646086059,0.007395374491,0.007757141825,0.06468192687
C000930,3,0.1629694475,0.03355549755,0.03222118141,0.03249717694,0.03499635177,0.1137897181,0.03456128848,0.5554093382
C000931,1,0.02789259296,0.0305429436,0.02860327826,0.02775697109,0.0336479832,0.02920185436,0.03239416547,0.7899602111
C000932,4,0.01284125539,0.0153506208,0.01317544423,0.01293984979,0.4603270994,0.01406178179,0.1328766368,0.3384273118
C000933,0,0.006224980251,0.9021012084,0.006830932933,0.006029505805,0.00832009072,0.003276150368,0.008403073924,0.05881405756
C000936,2,0.3699604998,0.03869410754,0.2040100674,0.005397356046,0.1812405387,0.1453336712,0.006408792859,0.04895496648
C000938,3,0.009072962562,0.3262927912,0.009076852387,0.06075229716,0.04210824134,0.009572469549,0.4236680888,0.119456297
C000942,4,0.01753523334,0.09564173516,0.01794414464,0.1249651398,0.02155421739,0.4010304983,0.1721207399,0.1492082915
C000948,0,0.4299306401,0.01789701829,0.02501603357,0.3041420159,0.01964119015,0.01829567025,0.01951243298,0.1655649988
C000949,4,0.0203313668,0.007544821345,0.007552480497,0.009893450386,0.00815042158,0.007290841525,0.8878832318,0.05135338609
C000950,1,0.005571245532,0.00637120236,0.002818240827,0.005502903608,0.006293838324,0.01740733543,0.005513903004,0.9505213309
C000951,4,0.06111769476,0.002103744143,0.001875917131,0.001844030755,0.856661945,0.001993532638,0.002162641788,0.07224049374
C000954,1,0.007077238306,0.3941118022,0.006666525142,0.1147290165,0.00533344793,0.3855616117,0.004304405912,0.08221595232
C000956,4,0.00557873421,0.113381061,0.0057622145,0.005582653012,0.006090555376,0.2003291626,0.613886987,0.04938863227
C000957,0,0.01750987587,0.770415333,0.002537452063,0.01657125094,0.1540177121,0.002686378699,0.002896091902,0.03336590549
C000958,1,0.005527117092,0.005705302794,0.005350909547,0.005348370205,0.006326185496,0.9044319751,0.006261596527,0.06104854328
C000959,2,0.02035014442,0.03978922121,0.02424917645,0.01890008423,0.2477237463,0.01919066682,0.05863526403,0.5711616965
C000964,2,0.002730477009,0.03635373477,0.002987187641,0.002597364921,0.003207698627,0.01971434579,0.912732312,0.01967687929
C000965,1,0.6950032382,0.009084348576,0.1116735019,0.008353932391,0.02760583825,0.008688658897,0.01372701014,0.1258634716
C000966,0,0.01042883034,0.3577737172,0.01110333303,0.0620480029,0.01417428669,0.01150439806,0.3756543671,0.1573130646
C000967,2,0.003226187767,0.9425290878,0.003569728284,0.002893962671,0.003657716596,0.00296904729,0.003685944678,0.03746832488
C000968,0,0.002607077427,0.002841559326,0.07671979434,0.002524259506,0.002742554121,0.002858821844,0.8770678941,0.03263803933
C000971,1,0.02687021863,0.2958544628,0.02838075653,0.02835576009,0.2473523378,0.02978037938,0.10723036,0.2361757247
C000972,1,0.01235208843,0.01286130385,0.3277653786,0.01191713457,0.4292683788,0.01254372164,0.07339799488,0.1198939992
C000974,3,0.3161791522,0.2758383454,0.2377886208,0.01390103248,0.01490989651,0.01441613202,0.01640349429,0.1105633264
C000975,2,0.070109149,0.002021230155,0.001944463974,0.00174002062,0.8863218278,0.001740563096,0.002144333195,0.03397841215
C000977,2,0.004210702273,0.004774930989,0.004514532816,0.006489775115,0.007473010788,0.004356004077,0.8306647659,0.1375162781
C000980,2,0.009444354353,0.01030523325,0.7363513388,0.008667249545,0.01068899228,0.006335349114,0.01087639923,0.2073310834
C000981,3,0.01001630045,0.03307470844,0.02598808512,0.01616426043,0.02257199691,0.02803897916,0.01243131332,0.8517143562
C000983,3,0.05364085055,0.002333130573,0.02102040413,0.002231330044,0.8994530688,0.00232461281,0.002471375623,0.01652522748
C000985,3,0.009275849997,0.0102572599,0.008908460577,0.03320041656,0.01070883951,0.009251874393,0.03911513291,0.8792821662
C000988,2,0.01029335661,0.01189925978,0.01190113951,0.009368104157,0.7095421907,0.009608396165,0.1104301433,0.1269574097
C000990,3,0.01493371273,0.009392347996,0.1664044113,0.5622520273,0.01063434732,0.04949852717,0.01041919744,0.1764654288
C000993,4,0.002488018586,0.7034475895,0.002554008056,0.00246848249,0.1816396592,0.006028450949,0.06992521909,0.03144857209
C000994,2,0.01493540828,0.01611881718,0.01659739202,0.772133865,0.01689915142,0.01455736096,0.009354047293,0.1394039578
C000996,1,0.02103224377,0.01283772507,0.001514147137,0.001514387922,0.002034334078,0.935747122,0.001931105538,0.02338893451
C000997,2,0.001752585486,0.9248592059,0.001969821444,0.001614772119,0.002124390856,0.001638485005,0.002147336909,0.06389340231
C000998,4,0.01463599884,0.7904618798,0.01490546218,0.01452753264,0.01731830492,0.01506881656,0.01695456142,0.1161274436
C000999,2,0.003915542823,0.003299726818,0.004235582583,0.003656889362,0.02183879136,0.005382648652,0.01784269037,0.939828128
C001000,4,0.01681804331,0.01935765833,0.0503842226,0.01679624856,0.02007101143,0.01801095012,0.1568982858,0.7016635798
C001002,4,0.002831521398,0.001224420851,0.001062308704,0.003053699576,0.9583048287,0.00107946114,0.001891230744,0.03055252889
C001004,4,0.009279115521,0.0102301031,0.009653143625,0.778239124,0.01051087549,0.07953944165,0.01055076985,0.09199742672
C001006,4,0.8106528555,0.004611414394,0.003853863769,0.003740970722,0.005088857154,0.004037616545,0.005011709954,0.163002712
C001008,2,0.01941721158,0.3823930166,0.0210726474,0.01827619676,0.02319416638,0.01895382093,0.06752106229,0.4491718781
C001013,4,0.007855936631,0.009232357449,0.008139219492,0.007846260268,0.01457095561,0.1186421113,0.01440056523,0.8193125941
C001018,1,0.03337594162,0.03341929084,0.03331601956,0.03332055823,0.04010181073,0.1677200824,0.04047657996,0.6182697167
C001020,2,0.00380177396,0.004434087468,0.004491120257,0.003587859829,0.005341301585,0.8018149201,0.1479198076,0.02860912926
C001021,0,0.0009161740691,0.0140809262,0.003041639669,0.002509266175,0.003875537026,0.003245305489,0.05676358187,0.9155675695
C001022,0,0.003462439062,0.02874058607,0.004041165764,0.003412253353,0.005125051215,0.009738419538,0.01033947557,0.9351406094
C001024,0,0.02128033521,0.01165180468,0.3891302638,0.1640877911,0.01553260666,0.01539320741,0.09708038989,0.2858436013
C001027,4,0.007956315204,0.06817368359,0.008052637334,0.7028968272,0.1336452287,0.008180837533,0.009655542406,0.06143892807
C001028,2,0.00548032771,0.2279242488,0.006439922974,0.005343774055,0.004761105495,0.5270310832,0.1858443667,0.03717517115
C001029,4,0.01302544549,0.0136076346,0.01355590566,0.0130357313,0.006857345524,0.8101386444,0.006837667044,0.122941626
C001030,3,0.01339861599,0.01470494855,0.01342248139,0.013356406,0.2285080582,0.01420489196,0.0778717489,0.624532849
C001033,4,0.2881168676,0.01341007318,0.01280644255,0.01247126058,0.0148084544,0.0128187661,0.5602046161,0.08536351949
C001035,2,0.01235466616,0.01351050638,0.4375532302,0.01139948042,0.08122108714,0.2387589473,0.0685028222,0.1366992601
C001037,0,0.01037153585,0.1422755317,0.05062271977,0.04675248698,0.007738884446,0.01224992581,0.007397739119,0.7225911763
C001038,4,0.000930031801,0.004616596074,0.002490220485,0.004009057092,0.0610822391,0.004318041307,0.00548198584,0.9170718283
C001040,4,0.002889356258,0.002746507488,0.05472097458,0.01351674198,0.003447711966,0.8623937662,0.003391884906,0.0568930566
C001043,4,0.7844246002,0.00300715057,0.002763680775,0.0315750482,0.004672692988,0.09566458189,0.008615425016,0.0692768204
C001046,3,0.00766563944,0.8585312673,0.007551276267,0.00766017417,0.01617787859,0.007808673171,0.02689229362,0.06771279741
C001050,1,0.01654157031,0.1795432323,0.07541672615,0.01626013928,0.2729034758,0.02476759387,0.178405231,0.2361620313
C001051,4,0.01574695036,0.01947065584,0.01608093543,0.1286906771,0.4418925386,0.09159846729,0.03005515385,0.2564646215
C001055,3,0.02793851374,0.02830639576,0.02842925572,0.02676062486,0.02862152226,0.02836409513,0.02819032684,0.8033892657
C001056,2,0.003230324548,0.003499436112,0.01878505101,0.1517131106,0.7873546605,0.004755671697,0.007957755225,0.02270399035
C001060,4,0.01166153278,0.01267774345,0.5642148661,0.09359783023,0.0148649184,0.01244415749,0.01489912561,0.2756398259
C001061,0,0.2266807463,0.01818836067,0.01748932467,0.01630208516,0.04760939398,0.01812010381,0.1443808064,0.511229179
C001062,0,0.002833568242,0.003290990921,0.003200284346,0.0027566225,0.03890457724,0.01085833735,0.1599068535,0.7782487659
C001063,1,0.8709596621,0.005181361835,0.004448627973,0.004447034583,0.01838228544,0.004999723111,0.005951275888,0.08563002906
C001064,0,0.003870745029,0.004371673989,0.5356762349,0.003754634425,0.00539312645,0.394438849,0.005011032176,0.04748370403
C001066,2,0.01627659599,0.01733219654,0.01802162181,0.01559364307,0.7338606,0.01584598168,0.0180923459,0.164977015
C001067,0,0.002975181391,0.003389767771,0.006256561609,0.005021654928,0.004072220919,0.007859817179,0.004093258017,0.9663315382
C001068,1,0.1629244543,0.01301441787,0.5902731012,0.01189967943,0.01600025173,0.01289799631,0.01597379153,0.1770163076
C001072,1,0.5062943773,0.3484862947,0.01024596964,0.01028092333,0.01252106114,0.01042513022,0.01213204436,0.08961419926
C001074,3,0.008231802048,0.00861646384,0.008400272604,0.008401311555,0.008978547002,0.4512487581,0.4244928094,0.08163003553
C001075,4,0.007692347583,0.0173065652,0.01018926489,0.01136360117,0.04405094236,0.008170817573,0.03369040939,0.8675360518
C001077,3,0.06435392943,0.5324211017,0.01523662878,0.01530218833,0.06468843335,0.01545018123,0.1429326645,0.1496148727
C001080,1,0.7145570823,0.01515137927,0.01430988618,0.01432319902,0.05008469553,0.01443537801,0.02560029181,0.1515380879
C001084,0,0.001663788094,0.001898856308,0.01577962977,0.001583675358,0.002466713704,0.9067361145,0.03359892552,0.03627229671
C001086,4,0.004787902394,0.02025059266,0.006296733627,0.004463375484,0.005293700175,0.01958982719,0.005249575158,0.9340682933
C001088,1,0.1049004554,0.2232299369,0.00949085182,0.009412461928,0.01102529712,0.01015507744,0.508767696,0.1230182234
C001090,1,0.08844731197,0.02265498346,0.02110512098,0.0210572117,0.02640198654,0.02189486352,0.0287766697,0.7696618521
C001092,0,0.004974136998,0.005825713894,0.6049273358,0.2839703509,0.00722500424,0.005892003414,0.007249124658,0.07993633006
C001093,2,0.003970863832,0.004639544554,0.8067999819,0.003541423504,0.004753311524,0.003596811603,0.00476865763,0.1679294055
C001095,4,0.002178200771,0.9606706454,0.00221192563,0.002158294479,0.002528946502,0.002248460909,0.002586801489,0.02541672484
C001096,4,0.01137380108,0.01225895842,0.01168562164,0.01136291323,0.0129258705,0.8212094216,0.01293674871,0.1062466648
C001098,3,0.3395803097,0.007538079519,0.5194303172,0.007099707436,0.008316670015,0.007324569239,0.008232010411,0.1024783364
C001100,0,0.006302409772,0.007000259125,0.007063010841,0.006125078493,0.007770909571,0.007154398008,0.7760600397,0.1825238945
C001102,3,0.7716418425,0.006804067306,0.00683950464,0.006685851279,0.007494268656,0.006792139685,0.007378853019,0.1863634729
C001106,2,0.02134705997,0.003276803677,0.7963305955,0.08966844537,0.03496660876,0.0031106873,0.02340839364,0.0278914058
C001108,2,0.00601308325,0.6748487741,0.006408260248,0.005519090045,0.06006523231,0.005723144524,0.007727106339,0.2336953092
C001109,4,0.01661725694,0.1049756868,0.01719971467,0.01665590063,0.6308778099,0.01693458316,0.01670716882,0.1800318792
C001110,0,0.2770814459,0.1140865179,0.01740460134,0.01485202335,0.02671976804,0.01770909803,0.02527485863,0.5068716868
C001112,2,0.004837588231,0.007582774058,0.005248713533,0.8704285386,0.004173006854,0.05957670355,0.003732035667,0.04442063954
C001113,3,0.01640546252,0.01742333454,0.01650781171,0.01655018676,0.596503703,0.1707011551,0.01839843253,0.1475099138
C001115,1,0.003597651734,0.003830456137,0.003607351528,0.003619547189,0.00469447189,0.003711395178,0.9182832892,0.05865583711
C001119,1,0.02277349466,0.02328680473,0.02207382633,0.1192977785,0.1851017666,0.02230190073,0.02620169956,0.578962729
C001120,0,0.003157749684,0.04910665241,0.003497038482,0.003082220173,0.004039586419,0.9096478288,0.003900855241,0.0235680688
C001121,0,0.005531614443,0.0479144999,0.2127084178,0.1304329873,0.007504174289,0.4052735442,0.00751977773,0.1831149844
C001122,4,0.01178890215,0.01469939214,0.01201601786,0.01188489529,0.1580350222,0.01312023728,0.09212555231,0.6863299807
C001123,4,0.0840416673,0.1216080834,0.01097503832,0.6517807821,0.01176072699,0.01104701884,0.01697819061,0.09180849241
C001129,3,0.008281738537,0.008935369348,0.05789952062,0.008458495658,0.1158246291,0.02331996265,0.6983286301,0.078951654
C001130,4,0.004506614312,0.004819459467,0.01087920219,0.004510032619,0.004833777745,0.004684273721,0.9101286248,0.05563801516
C001132,3,0.02961261998,0.03157445423,0.02985705051,0.0299869964,0.5025773011,0.1032336869,0.03299810355,0.2401597873
C001134,2,0.1958247669,0.005500357701,0.7404542103,0.004866521036,0.005697253923,0.004948813745,0.005804672702,0.03690340373
C001135,3,0.02862852902,0.0293363659,0.02883969159,0.02039804672,0.01013784045,0.02927290327,0.01044485373,0.8429417693
C001136,2,0.002063001741,0.002361301214,0.8239261542,0.001841616928,0.01828859659,0.1137776104,0.002349426202,0.03539229268
C001138,1,0.007159713523,0.008014530661,0.007134413842,0.5792924235,0.2521285277,0.007648110953,0.008447101795,0.1301751781
C001139,4,0.02200837218,0.02379421077,0.02269388531,0.02195093869,0.02351162489,0.02308798449,0.02385287377,0.8391001099
C001140,2,0.446131181,0.1827017667,0.2167716453,0.008345483274,0.009547673688,0.008347433633,0.07616571616,0.05198910026
C001141,1,0.007795425786,0.008440314733,0.007773252676,0.00774848156,0.009588045899,0.3612975661,0.009363137071,0.5879937762
C001143,3,0.003652029817,0.1724418498,0.003679557333,0.07681555106,0.003843118915,0.7121393754,0.003778847152,0.02364967048
C001147,1,0.00558832549,0.005913551814,0.9062536633,0.005583658137,0.006176512992,0.005772795296,0.005961911213,0.05874958178
C001148,3,0.07828095896,0.009819227405,0.008931132306,0.008785242299,0.4293455276,0.009584089626,0.03874158088,0.416512241
C001149,1,0.005808989782,0.2868665939,0.005618353148,0.4235841578,0.06850727561,0.005907726166,0.1569579246,0.04674897897
C001151,3,0.1324514356,0.01668359412,0.01528273073,0.01551676053,0.1485733043,0.01627078364,0.01771409525,0.6375072958
C001152,0,0.004309229008,0.005093219779,0.004888332601,0.00412049234,0.006163974541,0.2903979484,0.5588761143,0.1261506891
C001153,1,0.01467043593,0.0148327365,0.05445364161,0.01466876862,0.01370593313,0.4127272105,0.0125042276,0.4624370461
C001154,2,0.009118683763,0.01008980392,0.5206626887,0.008216274203,0.3540084695,0.008275860257,0.01072565675,0.07890256292
C001156,0,0.0260991436,0.02864959552,0.02930564187,0.02523557856,0.03655321871,0.02924563174,0.03622914279,0.7886820472
C001157,0,0.001018538882,0.003309361676,0.003193528497,0.002096586597,0.003925176169,0.003718484819,0.002994842316,0.979743481
C001160,1,0.05118480858,0.01192553779,0.0101339621,0.01012908631,0.5946951569,0.01103295735,0.1667709458,0.1441275452
C001164,2,0.004821440547,0.005396933596,0.7852453892,0.02067163344,0.1172419097,0.004535242216,0.00585890708,0.05622854429
C001165,2,0.9351945201,0.004017116606,0.003977794257,0.003361875794,0.004117814195,0.003426335715,0.004104166536,0.04180037675
C001168,3,0.004996413896,0.1877953707,0.0050480147,0.005039677995,0.005651968894,0.005202119399,0.7376637808,0.04860265357
C001170,4,0.2307358608,0.007419778871,0.006639941451,0.006445687444,0.008284594745,0.6092502639,0.008038517868,0.1231853549
C001171,1,0.03372097035,0.02022121229,0.7123202585,0.01956423623,0.02012368493,0.01983587001,0.02071434962,0.153499418
C001172,3,0.5977386331,0.01435961172,0.01042790838,0.0105300457,0.2619029864,0.01097519216,0.01196568709,0.08209993548
C001173,1,0.7606968037,0.1469964459,0.00515032414,0.005144492446,0.005839591599,0.0054001281,0.005647407336,0.06512480684
C001174,2,0.09209005766,0.8215277836,0.001881307431,0.04533576893,0.001991266149,0.001727342523,0.001997835674,0.03344863798
C001175,3,0.01551472196,0.046524184,0.004651903593,0.004646265321,0.008308378122,0.00281964026,0.003013834648,0.9145210721
C001176,4,0.7622479158,0.003849290356,0.1402478332,0.003790110648,0.03292030871,0.003770222599,0.02630448844,0.02686983025
C001181,2,0.003821868922,0.004216384597,0.1807388257,0.6996428853,0.004670337477,0.003639688268,0.004626850556,0.0986431592
C001182,0,0.001824310286,0.002192309789,0.002011798303,0.1399189155,0.002699620878,0.8045245804,0.002701980227,0.04412648463
C001183,2,0.01458212611,0.007779150123,0.04536686235,0.00931497866,0.005684412316,0.01830228432,0.005629376852,0.8933408093
C001184,1,0.003482624535,0.9074008885,0.003494757196,0.003489693495,0.004248898394,0.003692620434,0.004051350386,0.07013916705
C001185,2,0.01256816867,0.01383322823,0.01395496876,0.01202011369,0.2829317704,0.5559037885,0.004114243685,0.1046737181
C001188,0,0.01030753127,0.01122891468,0.01143394622,0.009907320236,0.01338818036,0.5906383296,0.01341160383,0.3396841738
C001191,1,0.005582633857,0.00570148196,0.005530738519,0.005550105155,0.5544806615,0.3720194636,0.006735462077,0.04439945334
C001192,1,0.01442336177,0.01497170828,0.01448458524,0.01411884798,0.01721495245,0.547909747,0.01703239244,0.3598444048
C001194,4,0.02457357586,0.02969848995,0.02546080385,0.04338232945,0.03153147782,0.1278003847,0.03034800949,0.6872049289
C001202,0,0.01082942431,0.01273685047,0.01208202743,0.02645522186,0.05643701207,0.06952327124,0.02539313442,0.7865430582
C001203,0,0.03048790983,0.004941621002,0.004689367309,0.03396076398,0.1095903673,0.6697034245,0.004277515829,0.1423490303
C001204,3,0.0192016108,0.1310227777,0.06343028005,0.01933213763,0.1021265029,0.1282015285,0.1532714402,0.3834137222
C001207,0,0.0213738467,0.02309253408,0.02354448939,0.0204255471,0.02893427225,0.02359321968,0.02860525037,0.8304308404
C001209,2,0.01255318638,0.01436849455,0.1671743888,0.01435282107,0.2466893073,0.01196501558,0.2194609754,0.313435811
C001210,0,0.00384980964,0.00687102186,0.007172599905,0.2187599324,0.007773481367,0.00693719826,0.5997451573,0.1488907992
C001211,1,0.6179041148,0.01822335754,0.01717912104,0.1372722601,0.01329387901,0.01759837154,0.01931013402,0.159218762
C001214,1,0.008095301863,0.5653286741,0.218581472,0.007869390667,0.02429714455,0.008603482953,0.01071730478,0.1565072291
C001216,0,0.002091681853,0.129227813,0.002211403639,0.002082557388,0.002272525522,0.002066615562,0.8453474977,0.01469990532
C001220,0,0.5333830947,0.3233313342,0.008258931141,0.007315387669,0.009351834839,0.008321091594,0.009451778023,0.1005865478
C001221,3,0.01027284943,0.01124400282,0.01050695109,0.08917253065,0.01223029928,0.08175041679,0.01201775895,0.772805191
C001222,0,0.03654738153,0.004110628415,0.3574948318,0.003616377981,0.04187572129,0.3692213025,0.02438242412,0.1627513323
C001223,0,0.01113616458,0.5839043454,0.01255708973,0.06220091221,0.01575079385,0.01354298081,0.01270293429,0.2882047791
C001224,2,0.04664510038,0.0152395533,0.06371117349,0.1218407627,0.02124876255,0.01454788765,0.01966176303,0.6971049969
C001225,3,0.004131627147,0.007787487077,0.02661067128,0.003999620387,0.004944503384,0.004369411761,0.004934154992,0.943222524
C001229,1,0.003954854757,0.06661670459,0.8011365621,0.003874092974,0.07340324589,0.003895311273,0.01866238026,0.02845684818
C001230,4,0.009846198735,0.01852368366,0.01254890484,0.003652215054,0.005185055595,0.003926849868,0.005073829619,0.9412432626
C001232,3,0.008805316795,0.01397385286,0.005375487927,0.01855118357,0.01573845078,0.01447589501,0.00611291052,0.9169669025
C001234,1,0.0240133981,0.02498313773,0.02340524849,0.02347439753,0.02789903976,0.02441690504,0.02705113619,0.8247567372
C001237,3,0.005343816069,0.9046992329,0.005286054341,0.005269497556,0.006288032816,0.005474417438,0.006321998785,0.06131695012
C001238,0,0.206982122,0.02267454015,0.02199692894,0.3188157863,0.1605189521,0.02219942921,0.03532641903,0.2114858223
C001239,4,0.3536797236,0.007479403896,0.0070637953,0.0068983609,0.007575396506,0.007427692729,0.5425533684,0.0673222586
C001241,1,0.007134101891,0.007228987706,0.006908729254,0.006922583289,0.008253907404,0.7391529362,0.008107164905,0.2162915894
C001243,3,0.01386109805,0.01419643189,0.01389946244,0.01399573315,0.01516134571,0.7637005402,0.01493387456,0.150251514
C001244,2,0.0150666627,0.226114221,0.01690869239,0.0136093151,0.01900752077,0.1041351243,0.04413597268,0.561022491
C001248,3,0.0008111286434,0.002564793002,0.002399418298,0.002443870973,0.004000092382,0.0007163955376,0.004682130187,0.982382171
C001249,0,0.00521915572,0.003034281194,0.06780216879,0.00266444561,0.2905486635,0.5827796206,0.003634121039,0.04431754357
C001252,4,0.5893475241,0.01361131073,0.01240136315,0.2434724642,0.01391782728,0.01289321277,0.01404527332,0.1003110244
C001254,0,0.01136405115,0.01234008214,0.01250560696,0.754975221,0.01436219233,0.01256598315,0.01450806231,0.1673788009
C001255,3,0.2158532011,0.06030678606,0.01957394874,0.01964090053,0.3786513583,0.02058049364,0.02175831808,0.2636349935
C001256,2,0.4000205947,0.01832088104,0.2033095879,0.01519019363,0.01925726874,0.01563181941,0.1528366736,0.1754329809
C001258,1,0.007318801473,0.8880359595,0.007188723598,0.007244280444,0.00827156753,0.007522441235,0.008133592088,0.0662846341
C001260,4,0.06969543191,0.02101526737,0.01726252835,0.01664409199,0.04337472891,0.1462505795,0.04111490846,0.6446424635
C001265,2,0.01522555407,0.4745568209,0.01722398282,0.1412481753,0.01829206436,0.1246880763,0.09496625821,0.113799068
C001266,2,0.9117470714,0.00300747476,0.00722381702,0.002031272231,0.003333204297,0.002566133024,0.003315323422,0.06677570389
C001267,4,0.01497912043,0.05399758373,0.01533029495,0.01497491126,0.01600300556,0.01547052974,0.6854677392,0.1837768152
C001268,1,0.008564622669,0.009567522982,0.03524348921,0.2584720646,0.01131339006,0.3451159659,0.01095189928,0.3207710453
C001269,1,0.01164925616,0.01377132331,0.01243911537,0.5236488658,0.1279410241,0.01237684376,0.0140560758,0.2841174958
C001271,0,0.01399835037,0.0156671458,0.01579220761,0.01376031839,0.7404181179,0.01593848213,0.02037410574,0.164051272
C001272,3,0.04373324283,0.022458457,0.02166246937,0.02152540825,0.2750881127,0.02190628736,0.169111833,0.4245141895
C001275,4,0.0159835774,0.01897636614,0.01645637375,0.01625057413,0.02043231606,0.08809490908,0.4947042187,0.3291016647
C001276,3,0.007280315914,0.007263224376,0.007212618998,0.009403268509,0.007955943793,0.8906241795,0.007837412343,0.06242303662
C001279,3,0.7436374151,0.2232810021,0.002572874487,0.003921914243,0.002929978389,0.002722093857,0.002003833888,0.01893088794
C001280,1,0.02199022922,0.3817269562,0.0216313632,0.02935364571,0.03530965729,0.0232797611,0.09369123416,0.3930171531
C001283,3,0.03079106408,0.08716803982,0.09989136118,0.03047683518,0.03699108928,0.03191383607,0.03670849669,0.6460592777
C001284,3,0.02531682946,0.02554902813,0.0254016581,0.0248337148,0.02574674566,0.0253462371,0.02534813029,0.8224576565
C001288,1,0.04368587018,0.009803339454,0.6862242318,0.01474480764,0.005099175078,0.2058382958,0.005382556293,0.02922172378
C001289,0,0.02234060856,0.0244164778,0.02566230543,0.0215719138,0.03053993387,0.02503425747,0.03026716486,0.8201673382
C001290,0,0.007755634265,0.008684747049,0.672766375,0.007588582625,0.00951509105,0.008011151338,0.009617724119,0.2760606946
C001291,2,0.1998127356,0.01320206493,0.01337689244,0.6178047874,0.01392089901,0.01103661662,0.0140317114,0.1168142926
C001292,4,0.01172138311,0.01271384869,0.01211855038,0.01173395891,0.04315877223,0.01237541581,0.7705931719,0.125584899
C001293,3,0.7298244035,0.02179227698,0.00285062398,0.002825895786,0.008448601158,0.002976885928,0.2020302885,0.02925102416
C001294,3,0.01266612612,0.8218681665,0.01271546024,0.01277710537,0.01433611721,0.01333753405,0.01407725566,0.09822223487
C001299,1,0.01360098299,0.1048270402,0.5607368545,0.157414814,0.01572698128,0.01380844262,0.01673502811,0.1171498563
C001301,4,0.007160938846,0.004602827583,0.006884619691,0.01490531909,0.004168869536,0.003459740503,0.1109998955,0.8478177892
C001306,1,0.003478255357,0.0039451233,0.8633756734,0.003436140755,0.004397900027,0.003718974601,0.004477325792,0.1131706067
C001307,4,0.007521217591,0.008428270253,0.009995688343,0.5492551246,0.1252456314,0.05759785808,0.1799089978,0.06204721197
C001308,4,0.005295459505,0.006292956363,0.005267543846,0.005070397313,0.006743832479,0.005903957096,0.006577243181,0.9588486102
C001310,4,0.1413574981,0.005705512894,0.05128002279,0.005787623588,0.7451360024,0.005519844076,0.005878837358,0.03933465876
C001312,3,0.7039567502,0.007525261603,0.007333007479,0.07472412423,0.1434823236,0.007492041788,0.007735096278,0.04775139484
C001316,2,0.01318592212,0.01171277545,0.03857726933,0.01232961928,0.01502539045,0.01259097304,0.7801759782,0.1164020721
C001317,1,0.005125804553,0.005121055183,0.004415351842,0.003606912621,0.02795053044,0.004762676012,0.005543394278,0.9434742751
C001318,1,0.01927581078,0.02136990254,0.02001311131,0.01951791193,0.02440748214,0.03829638428,0.2355292485,0.6215901485
C001320,2,0.559940346,0.01464241102,0.01469697762,0.2347410465,0.01576201705,0.01309082109,0.0157884619,0.1313379189
C001321,0,0.8689789139,0.002957751813,0.002871816266,0.0757123759,0.003771719671,0.00299634594,0.003711583424,0.03899949311
C001322,4,0.00281435017,0.006048986601,0.002883683703,0.8377231906,0.04246911034,0.003025988056,0.03610581176,0.06892887877
C001323,3,0.006432415728,0.006717985995,0.006725011874,0.006613301456,0.4153941353,0.2185927958,0.141749177,0.1977751768
C001324,4,0.01641268121,0.01958789073,0.01278617365,0.01654224104,0.2668663519,0.01793596484,0.01856145299,0.6313072436
C001326,3,0.01463801768,0.01502975382,0.01472198941,0.01475003012,0.01552568371,0.7937453983,0.01528380355,0.1163053234
C001328,4,0.03048444386,0.03290980926,0.0315768763,0.02527147279,0.07084935469,0.03168856476,0.03329774555,0.7439217328
C001331,3,0.119223358,0.06807356599,0.02448811019,0.01102338623,0.07090959144,0.01173050857,0.3724880683,0.3220634113
C001335,0,0.8837112933,0.002691763788,0.002693861276,0.002470939764,0.003019974745,0.002708619619,0.07133033938,0.03137320809
C001336,1,0.004182316968,0.005010698691,0.007370131545,0.004190346105,0.02090349941,0.005817621327,0.001800493082,0.9507248929
C001337,1,0.02077214787,0.05423436453,0.00224882447,0.002240253393,0.2597705924,0.6400651117,0.002768072192,0.01790063345
C001340,2,0.003304283056,0.003790742957,0.003655370927,0.002930407294,0.00419018098,0.02178389648,0.036891319,0.9234537993
C001345,3,0.03794383266,0.005707455803,0.01228565345,0.005308177498,0.01008099311,0.005553440106,0.01029443584,0.9128260115
C001347,3,0.4415157717,0.01098476385,0.01046166431,0.01067593623,0.01178016445,0.01107353804,0.0115119656,0.4919961958
C001348,0,0.1235745813,0.01443914769,0.01474240237,0.1951012266,0.01847654449,0.01602425291,0.01834111357,0.5993007311
C001351,4,0.01060816957,0.01139038539,0.3733277022,0.01107885283,0.01171383367,0.2848655036,0.01167262114,0.2853429316
C001354,3,0.8606845424,0.01652514801,0.005256943289,0.005361633272,0.003798110896,0.00542929183,0.003607442099,0.09933688821
C001355,0,0.01675183496,0.0188504944,0.09541968307,0.01618544576,0.02229051797,0.01926457998,0.5572376465,0.2539997974
C001356,3,0.4184266016,0.007853946716,0.007390585483,0.4697565519,0.008632958434,0.00775609221,0.008501374422,0.07168188933
C001359,2,0.001360529296,0.01133300344,0.001483860656,0.001248985222,0.001635232642,0.001283728317,0.939029788,0.04262487243
C001361,3,0.02692288198,0.02750055766,0.02762071904,0.02701918574,0.03029076734,0.02744395322,0.02983760072,0.8033643343
C001364,2,0.01035229713,0.01171297622,0.01159310038,0.5352943506,0.3079383084,0.01022657006,0.01174539908,0.1011369981
C001366,0,0.01478241093,0.01675495268,0.01685139664,0.01449985237,0.02025402527,0.389851909,0.01911029036,0.5078951627
C001367,4,0.6396422248,0.02217295328,0.02104686374,0.02041940127,0.05279918711,0.02127868111,0.04155891078,0.1810817779
C001374,2,0.1579374061,0.02615422366,0.02628926899,0.02009751515,0.02499828251,0.02021373169,0.02647559189,0.6978339801
C001377,2,0.01039748468,0.01244905435,0.01132478185,0.009868795662,0.03028240559,0.009998940005,0.01391792984,0.901760608
C001378,3,0.6923256035,0.006378470792,0.226323419,0.006104278092,0.006913224147,0.006337019763,0.006831199148,0.04878678558
C001380,1,0.08797834172,0.03090652036,0.0194228273,0.02689039005,0.04545122179,0.02948583921,0.1727228931,0.5871419665
C001382,4,0.007584174379,0.009221862981,0.509167031,0.007606239258,0.01446075739,0.0434800811,0.1386509662,0.2698288876
C001385,1,0.005816688133,0.004136592782,0.003666340144,0.00363701274,0.004949563792,0.02137765374,0.02061421941,0.9358019293
C001386,2,0.005482347733,0.2507593111,0.6000087223,0.01245950535,0.007438525231,0.005764101954,0.006596685818,0.1114908005
C001389,3,0.004604778819,0.1025832287,0.006408752343,0.003843644771,0.007497764986,0.00825301564,0.07583267314,0.7909761416
C001391,0,0.006646685694,0.2033581221,0.008074867938,0.006546711068,0.5138778262,0.008450853752,0.0100089716,0.2430359617
C001397,2,0.2519710373,0.002881003219,0.6952245153,0.002276096928,0.001468209914,0.002311979916,0.005561866231,0.03830529116
C001399,0,0.004444559435,0.004585674115,0.004764310291,0.9327813745,0.004988616384,0.006279241723,0.008696290941,0.03345993256
C001400,4,0.006118218189,0.006577140648,0.02811197871,0.02655994402,0.3753087819,0.006186637487,0.5058242007,0.04531309834
C001402,0,0.010734703,0.01222909508,0.01223689423,0.01030656411,0.1185486905,0.01235423315,0.6626718168,0.1609180031
C001406,1,0.8124780647,0.008506925136,0.00804433482,0.008151504848,0.01101288502,0.04004145827,0.01205379439,0.09971103279
C001408,1,0.04459078907,0.02316544493,0.04746618234,0.0249567599,0.01486667917,0.01173444217,0.01433935669,0.8188803457
C001409,0,0.004679796534,0.01224371151,0.004976387832,0.00885608017,0.006153717473,0.01033426365,0.00614440196,0.9466116409
C001410,3,0.01134467241,0.01240846691,0.1068647328,0.01141285948,0.01441368251,0.02719018202,0.6389019712,0.1774634327
C001413,3,0.00472200908,0.00321420684,0.0208831281,0.003980955227,0.003136134166,0.004133529443,0.004835628243,0.9550944089
C001414,2,0.002581494248,0.03061782732,0.2234414331,0.00240113896,0.6955045415,0.002440067958,0.002273499468,0.04073999742
C001415,2,0.001488501856,0.00256712345,0.002457471537,0.004698230938,0.00273059056,0.002174217468,0.002702785057,0.9811810791
C001416,3,0.8197588183,0.01274674316,0.01208058918,0.0121786175,0.01314892834,0.01277762849,0.01299597611,0.1043126989
C001417,3,0.008803089651,0.584803101,0.008909482597,0.009552338121,0.01145554773,0.009450100411,0.2167918919,0.1502344485
C001419,2,0.1906581143,0.005818732678,0.7286609487,0.0048154179,0.006050105752,0.004941061398,0.006094407276,0.05296121206
C001420,3,0.0110555635,0.01174074783,0.01111635452,0.01089693674,0.2625083517,0.1170876063,0.2049996449,0.3705947945
C001421,0,0.2751573992,0.007323119461,0.009213905172,0.008072518726,0.6092007773,0.009362756903,0.009941487268,0.07172803598
C001422,0,0.01527817141,0.01690389753,0.2331796876,0.0149101697,0.4287083124,0.01712427999,0.1163452444,0.1575502369
C001424,3,0.01026434916,0.01046302845,0.01934464249,0.1486845488,0.01044497044,0.630650983,0.009540805277,0.1606066723
C001427,0,0.6672902044,0.02080333016,0.02172961119,0.02042476413,0.0224465606,0.05581755517,0.02260920326,0.168878771
C001428,3,0.006030803812,0.0700743862,0.655514596,0.006400239432,0.007332840349,0.006802696566,0.03990214759,0.20794229
C001433,1,0.001851944983,0.9098635109,0.0315952944,0.001824731693,0.002272561748,0.001918603283,0.03782963695,0.01284371601
C001436,3,0.008591319656,0.008850258307,0.6083791065,0.008760740642,0.00907113364,0.008760146617,0.2731806755,0.07440661916
C001437,0,0.3498861226,0.02458622549,0.02462806266,0.02045942108,0.04063630877,0.0245472105,0.03110687976,0.4841497691
C001439,2,0.5865858979,0.006857790523,0.006858809687,0.3244767848,0.007592809992,0.005953078979,0.007667820816,0.05400700729
C001440,1,0.01547146347,0.1187705364,0.0148326344,0.1166489926,0.01815275585,0.1207972407,0.0179954763,0.5773309004
C001441,3,0.006357648396,0.1248514199,0.5566122322,0.006465195733,0.007281962017,0.2441967849,0.007111196839,0.04712356005
C001442,3,0.002283890011,0.002431627785,0.9657543021,0.002331415694,0.002709788835,0.002451183243,0.00268130061,0.01935649174
C001444,4,0.003349209911,0.00427504955,0.003447394723,0.003427503949,0.004023190897,0.007620603464,0.003939527272,0.9699175202
C001445,2,0.01192273535,0.01346925655,0.0135752301,0.5166206149,0.01481281864,0.01145798853,0.01563195318,0.4025094028
C001446,0,0.006031991895,0.007220290434,0.006821428835,0.001798274698,0.03431718793,0.007267363639,0.008151450498,0.9283920121
C001448,4,0.02831813062,0.03122179438,0.02942712247,0.5005649699,0.03274153257,0.1026096951,0.03280696204,0.242309793
C001449,3,0.002458743258,0.4534418232,0.02373749517,0.003516968501,0.02159419827,0.00248039248,0.4434399594,0.04933041975
C001450,1,0.7863392025,0.0141118857,0.01351544358,0.0135373354,0.01509504546,0.01357525394,0.0151351907,0.1286906427
C001451,1,0.007592605205,0.7406851699,0.007325784607,0.007274186292,0.009020797788,0.01275102118,0.0790666029,0.1362838322
C001452,2,0.008917913289,0.00960861581,0.009439985214,0.09170482044,0.0101154462,0.4890441828,0.3161062033,0.06506283293
C001453,3,0.00933321759,0.009543101284,0.009585598808,0.6734805299,0.01068839139,0.009524409657,0.01052802802,0.2673167234
C001457,4,0.3422618012,0.02028270549,0.1914114019,0.01840661088,0.2209289129,0.01894569112,0.01992590658,0.1678369699
C001458,1,0.3906661409,0.02672941514,0.02508958862,0.02506237294,0.0295527598,0.02593416979,0.1037902208,0.373175332
C001459,4,0.08732666292,0.01030328158,0.009351553339,0.5620724647,0.2254904871,0.009435033221,0.01141882084,0.08460169627
C001460,0,0.08316791274,0.06324245971,0.03860917328,0.03349457179,0.03471880201,0.07403896803,0.02843351383,0.6442945986
C001461,3,0.01630734681,0.0168608624,0.6939007985,0.01663751144,0.0135718117,0.01705513515,0.01220725225,0.2134592817
C001462,1,0.00806274533,0.008739972152,0.007890112495,0.007891859831,0.3620740484,0.04881862866,0.3627604156,0.1937622175
C001463,0,0.0119187854,0.5284666716,0.01328644056,0.01138189105,0.01684434559,0.013328872,0.01669385066,0.3880791431
C001467,4,0.363667777,0.01522552231,0.01279891318,0.01242729966,0.01758667024,0.01356895686,0.01705502681,0.547669834
C001469,1,0.01517355377,0.6339361125,0.01257428368,0.0466713258,0.02071116283,0.00658443349,0.01983782828,0.2445112996
C001470,4,0.07078335472,0.01022858098,0.4078248789,0.009473322359,0.00990769637,0.009892447823,0.4037741397,0.07811557909
C001472,1,0.003667620933,0.004121948714,0.00370088838,0.02176842612,0.03262106408,0.005579183177,0.01882766823,0.9097132004
C001474,2,0.7147118988,0.00844761723,0.008579772649,0.007536134291,0.008662722291,0.1797414077,0.008689155177,0.06363129191
C001475,1,0.01776304915,0.01802658785,0.01709740725,0.3170268587,0.02079447788,0.01761772851,0.02059370508,0.5710801856
C001484,2,0.008386625394,0.176248337,0.4636503526,0.008430552212,0.00948016348,0.008600607297,0.271136759,0.05406660291
C001485,4,0.04494141723,0.006504486349,0.00321486739,0.00561467182,0.007027934245,0.04017046916,0.01589344927,0.8766327045
C001486,3,0.006838610935,0.007211506446,0.006903615609,0.8667897451,0.007260619705,0.00727800629,0.007166203733,0.09055169218
C001487,0,0.00751234152,0.04907798246,0.4172233661,0.007381064156,0.01123394164,0.008644347178,0.2966176616,0.2023092954
C001492,0,0.01448612198,0.05025257327,0.01775756169,0.2759346989,0.02140900579,0.1427233516,0.02020211955,0.4572345672
C001493,0,0.09823816908,0.05311816712,0.03310145627,0.1381904784,0.1603807135,0.06882641488,0.02330188873,0.4248427121
C001497,3,0.1758179677,0.003840904069,0.0221177263,0.003579111737,0.004468359587,0.00525500808,0.004438949697,0.7804819728
C001498,1,0.1822907114,0.008860045589,0.008757718756,0.008832508418,0.08381323315,0.6364987147,0.01020019335,0.06074687461
C001499,3,0.00332027837,0.8290865813,0.00333902679,0.003339098175,0.004050138917,0.006872244453,0.08291139078,0.06708124122
C001500,3,0.005620892576,0.005414106467,0.1756598156,0.005640781236,0.005649337034,0.7520794568,0.005555117752,0.04438049253
C001501,4,0.7351638672,0.01627383053,0.01511913958,0.01442679203,0.01732361326,0.01486810419,0.01720388052,0.1696207727
C001503,3,0.004247830443,0.002482756656,0.00225363775,0.01054685549,0.004179048197,0.008999092597,0.00424110121,0.9630496777
C001504,4,0.8955831932,0.003276070803,0.003067418199,0.05566929566,0.003496321943,0.003084347869,0.003466830998,0.0323565213
C001506,4,0.006317234279,0.007713671536,0.006428181397,0.3771764682,0.008744901728,0.006759605275,0.4651223404,0.1217375972
C001509,0,0.005157221281,0.02371384104,0.03768415002,0.7256572371,0.006514670481,0.005396734105,0.1520236987,0.04385244727
C001513,4,0.01422795598,0.6987972051,0.01478252444,0.01419824751,0.01633767119,0.01469507955,0.01634277955,0.2106185367
C001514,3,0.009816954579,0.01052907252,0.146916898,0.7055839668,0.01195415121,0.01068151528,0.01221394236,0.09230349927
C001516,2,0.00338244726,0.003897594229,0.003824311741,0.002912334066,0.004009578903,0.001916383854,0.001591168332,0.9784661816
C001517,3,0.002667881904,0.1675122361,0.03340742624,0.002662946967,0.002958044595,0.7688080504,0.004017263412,0.01796615042
C001520,0,0.03342371424,0.4261464812,0.03845302377,0.03203195439,0.04748887727,0.03839046234,0.0477954512,0.3362700356
C001524,1,0.003999538865,0.7561902775,0.003880912165,0.1416829146,0.04712272979,0.004066172398,0.004783698312,0.03827375636
C001525,2,0.0254720719,0.1539270749,0.02908100436,0.03465337169,0.04481243621,0.02368932224,0.0286590959,0.6597056228
C001526,1,0.002695597218,0.9548409264,0.002644612491,0.002640896869,0.002938770327,0.002757587556,0.002890853091,0.02859075603
C001527,4,0.4916240463,0.09901333513,0.006056136495,0.0091130054,0.007553953212,0.2658921875,0.006966927753,0.1137804082
C001530,1,0.01262353042,0.01305747211,0.01261057209,0.5120886101,0.01441310322,0.01253247004,0.01452419241,0.4081500496
C001533,0,0.002650837297,0.06181267853,0.002990781359,0.1943235942,0.002356854924,0.6476389358,0.005500630032,0.08272568778
C001536,2,0.003043846984,0.00328155917,0.003319979905,0.002749485536,0.003938606837,0.8590518264,0.004132139001,0.1204825561
C001540,4,0.02240433197,0.07889748414,0.0229028404,0.377213478,0.02820525815,0.02437204152,0.02655117353,0.4194533923
C001548,4,0.001757564741,0.00201081418,0.9109642556,0.001671337523,0.05141811832,0.001784438661,0.002374270271,0.02801920067
C001549,4,0.007652009658,0.008520669227,0.007931296261,0.8475528159,0.009271615473,0.008124344331,0.009307912823,0.1016393363
C001554,3,0.3791716466,0.02595432401,0.06585446515,0.02269945558,0.02655624357,0.03464808982,0.02637622764,0.4187395476
C001555,2,0.01131462512,0.01311253858,0.07478628009,0.0100132546,0.01395828998,0.07192514914,0.01404308677,0.7908467757
C001560,0,0.005591230308,0.006176226205,0.6299436034,0.005468730685,0.007316217868,0.006072978847,0.2634631059,0.07596790677
C001561,2,0.02295711331,0.02558715407,0.02559893648,0.02078881089,0.02667484418,0.0212015417,0.02730817946,0.8298834199
C001564,3,0.01424786201,0.01500351635,0.8051894989,0.0144251214,0.01591865565,0.01498632297,0.01568026475,0.104548758
C001567,3,0.00478691563,0.4909517752,0.0385207156,0.004751864131,0.3807599311,0.005019627592,0.006220466074,0.06898870461
C001569,4,0.002463584716,0.1298059368,0.002512783948,0.002458191083,0.7745239309,0.00267139184,0.003148656053,0.08241552461
C001570,2,0.04910797636,0.5745855748,0.004012867561,0.003625829392,0.004493729221,0.32363605,0.01406915145,0.02646882122
C001571,3,0.006598955223,0.1703596627,0.006658518419,0.01814955648,0.007021195254,0.2852851648,0.06042217949,0.4455047676
C001572,3,0.3091529142,0.0162745939,0.01512783056,0.3828493861,0.01935861887,0.01568885814,0.0193542983,0.2221934999
C001574,1,0.01003024372,0.01051612553,0.01106525387,0.01033615062,0.01127293913,0.7751609548,0.0107833684,0.160834964
C001575,4,0.003019868288,0.00381232054,0.003105601801,0.8837464451,0.003912767024,0.003319724075,0.003787176375,0.09529609676
C001576,1,0.003923232231,0.004286549659,0.00377691731,0.009535915945,0.007594872695,0.003980956144,0.005244408838,0.9616571472
C001577,1,0.01480231701,0.4693925265,0.01443406158,0.01434270133,0.02938971715,0.1293091145,0.0406226816,0.2877068803
C001578,3,0.01036378141,0.01236914921,0.01048059422,0.01039699458,0.01204438614,0.6441455548,0.01187236694,0.2883271727
C001581,3,0.01682272081,0.001467482339,0.003276770134,0.003301609403,0.004009477479,0.003393452976,0.003963666834,0.96376482
C001582,4,0.02863392534,0.6452873883,0.005425730411,0.002351208158,0.2498920435,0.002535603719,0.002249603602,0.06362449693
C001583,3,0.005683342177,0.005846324592,0.005611342071,0.005594542247,0.617546623,0.004507176759,0.2826506262,0.07256002295
C001584,3,0.02727862969,0.02847115937,0.0280406987,0.02730470064,0.03075058851,0.02850182249,0.06105518046,0.7685972202
C001585,3,0.006018498165,0.02062438522,0.006040170028,0.00608672347,0.01159221048,0.6684163745,0.2258630303,0.0553586079
C001587,0,0.002684052716,0.00314144982,0.003006478258,0.01093999814,0.004672378432,0.003193338403,0.03871676394,0.9336455403
C001589,0,0.01474383959,0.01639550138,0.07986197894,0.5927836829,0.02047329088,0.01652664948,0.02441892667,0.2347961301
C001590,1,0.002266837564,0.002440251176,0.0321087741,0.93794571,0.002628136963,0.002366897158,0.002544416276,0.01769897678
C001591,2,0.002907840244,0.004809773812,0.8517012296,0.002212812141,0.01764347585,0.01321239333,0.003567662202,0.1039448128
C001592,2,0.01588673812,0.01766788168,0.01682367128,0.01610867259,0.04371624931,0.01547899302,0.5063245865,0.3679932075
C001593,2,0.02672940706,0.02987342235,0.5579603116,0.02424269218,0.03229504734,0.02466153774,0.06358122474,0.240656357
C001594,3,0.01483085388,0.0151254209,0.573990961,0.01461216988,0.01603390375,0.01513764303,0.01574513827,0.3345239093
C001599,3,0.003072151486,0.003180430803,0.003129316148,0.002403663126,0.9487483383,0.003184360101,0.003427198383,0.0328545417
C001600,0,0.203585181,0.009845417617,0.009898612918,0.3077380502,0.01068649017,0.009937812407,0.3688138735,0.0794945622
C001601,3,0.2154417642,0.09929349664,0.009572947244,0.009505276636,0.01093690941,0.009834160878,0.4488494261,0.1965660189
C001602,0,0.02299975556,0.02496531826,0.02547532179,0.02224471374,0.02876173659,0.0255194489,0.02880977057,0.8212239346
C001604,3,0.007694283831,0.6144973607,0.007515108381,0.007631436239,0.008447558208,0.009084559432,0.112707713,0.2324219802
C001607,0,0.007994100127,0.8098124208,0.009239392016,0.007822802362,0.01085816062,0.009068873837,0.01077407506,0.1344301752
C001608,0,0.002966484329,0.808475763,0.003290977007,0.002871260264,0.004780810061,0.003575034625,0.004646411325,0.1693932594
C001613,4,0.02672503976,0.01333104925,0.1681643607,0.01138508399,0.01385403424,0.1731485466,0.4107190067,0.1826728788
C001614,1,0.01639884994,0.01695630558,0.7446779681,0.01597532338,0.01843161976,0.01602683603,0.01485793976,0.1566751575
C001615,4,0.001641187332,0.001981819199,0.9088115165,0.00163638085,0.03084981535,0.004046074766,0.01934877478,0.03168443118
C001616,4,0.007302812333,0.4192176386,0.007503496029,0.3523318781,0.007640845391,0.09581923745,0.007679977638,0.1025041144
C001617,4,0.003839215063,0.004753245417,0.00391058176,0.6650822088,0.004781670222,0.08199176763,0.1674266643,0.06821464674
C001618,4,0.004412797933,0.7439577281,0.004587565973,0.03833474665,0.005470702409,0.004853295564,0.005280395888,0.1931027675
C001621,4,0.01037543642,0.009249499828,0.01077959999,0.01045323468,0.4776196945,0.01102936818,0.2652054412,0.2052877252
C001624,2,0.7136157735,0.01443054079,0.01480198154,0.01244172645,0.01517054585,0.01254781646,0.01445081881,0.2025407966
C001625,4,0.3833594298,0.02176066146,0.03182921433,0.02003532708,0.02078612497,0.02107041987,0.02065696058,0.4805018619
C001626,1,0.02036113305,0.0209123223,0.07459563087,0.06966358394,0.02395791469,0.02043832556,0.02374720034,0.7463238893
C001627,1,0.01241087176,0.01394608492,0.01223361434,0.5892358161,0.04507994002,0.08207196876,0.01618397489,0.2288377292
C001631,3,0.02624906167,0.02661077393,0.02645684478,0.02567080351,0.07739599562,0.0261112346,0.06088536768,0.7306199182
C001634,4,0.0992028408,0.004203380946,0.003570255479,0.6723848858,0.06939809827,0.003638146772,0.004249211072,0.1433531809
C001635,0,0.2068456896,0.1520486688,0.01940355677,0.01705044551,0.02170437769,0.01156502789,0.3150311131,0.2563511206
C001639,3,0.02006408191,0.01705779219,0.01630195449,0.01643177569,0.530600772,0.01707351868,0.06688639604,0.315583709
C001640,4,0.02552984187,0.1510432414,0.02596668004,0.1530029318,0.03424091804,0.1614976669,0.03365875445,0.4150599655
C001641,1,0.02207235868,0.02284379178,0.02126222459,0.02132007209,0.02542190335,0.02221375212,0.0253559856,0.8395099118
C001642,4,0.02360595426,0.02567551598,0.02420834651,0.02351100847,0.02973773387,0.02462565493,0.02931844968,0.8193173363
C001644,2,0.002843084853,0.003282929518,0.00310427584,0.001700700843,0.05712867224,0.003516932256,0.003920701839,0.9245027026
C001645,0,0.0138988518,0.2904187612,0.0158428635,0.01361194063,0.02052736318,0.4353491537,0.0205513655,0.1897997005
C001648,4,0.004029923809,0.005056641413,0.003566287139,0.00404096802,0.005303266343,0.8080163549,0.003913847709,0.1660727107
C001650,1,0.009440913386,0.009433850537,0.8584249036,0.009346289126,0.01126576308,0.009814604237,0.01130479961,0.0809688764
C001655,4,0.002572796189,0.003002994495,0.002646219341,0.05598758122,0.552122786,0.002764105063,0.2777153843,0.1031881334
C001656,0,0.009156629121,0.6099781192,0.114317631,0.008808592205,0.01179610594,0.1467491754,0.01149496352,0.08769878358
C001660,3,0.01050723489,0.01083263922,0.01068760759,0.6714429472,0.01149879489,0.01087613702,0.01132577044,0.2628288687
C001662,0,0.09194262941,0.008477140596,0.008564126834,0.007336688683,0.6670694883,0.0816949213,0.0318543111,0.1030606938
C001664,4,0.00431228531,0.004896753511,0.004336460734,0.004303079543,0.8954533184,0.00895466681,0.004651291544,0.07309214418
C001665,3,0.01167906138,0.01236659129,0.0117518125,0.0117784696,0.01343542818,0.7988315584,0.01315351114,0.1270035675
C001666,1,0.003911715935,0.004528093459,0.003985793063,0.01327197493,0.005123260162,0.004226924774,0.004492349251,0.9604598884
C001668,2,0.009293980009,0.01028978559,0.01033295642,0.5479920047,0.3020699337,0.008839027326,0.01102827504,0.1001540373
C001670,1,0.0113089813,0.3955216713,0.1214691907,0.04641934694,0.01527176754,0.07134106351,0.01486649138,0.3238014873
C001672,3,0.003133154991,0.003384375253,0.003133076756,0.8184377195,0.003972052124,0.003362735168,0.0039338414,0.1606430448
C001673,2,0.007712660985,0.008514796296,0.3023335363,0.007357282794,0.009844797353,0.007354987621,0.5993261693,0.05755576937
C001674,3,0.003104153849,0.003429213638,0.00597584744,0.5221073888,0.2404137563,0.003312393139,0.1178003595,0.1038568874
C001676,0,0.006434872646,0.006594221177,0.006641563647,0.004659002323,0.008169161948,0.5070578417,0.4018198712,0.05862346534
C001678,1,0.01485163843,0.7631548326,0.01485552347,0.01483666719,0.01620946154,0.01526606679,0.01553811225,0.1452876977
C001680,2,0.06999936476,0.3553988565,0.01975606734,0.01551999374,0.01766101418,0.01576987098,0.05734499572,0.4485498368
C001681,4,0.01211344979,0.07679627224,0.01226461552,0.01190199983,0.01374723763,0.01255865138,0.4725743586,0.388043415
C001682,3,0.02408578888,0.02502637782,0.02469809891,0.06576493893,0.02734129239,0.02533682879,0.02786275445,0.7798839198
C001686,0,0.002094138462,0.002673231179,0.06396251788,0.002129136106,0.8245506534,0.002740943718,0.01825372708,0.08359565218
C001692,3,0.008674106491,0.00885402067,0.008710008826,0.008752109912,0.007268205646,0.8923484386,0.009452585677,0.05594052418
C001695,0,0.008053298285,0.009795098933,0.008881464013,0.06349625248,0.08805502971,0.01147055125,0.03872861857,0.7715196868
C001697,0,0.002597026131,0.003186428812,0.002658499534,0.007851861816,0.003922851836,0.004592519787,0.003972259688,0.9712185524
C001699,4,0.004626293995,0.006186810885,0.02915158161,0.025262198,0.04954897063,0.01826488069,0.06261782458,0.8043414396
C001700,0,0.02348273259,0.02514971141,0.03238002566,0.02244291754,0.0313099327,0.02552393815,0.03048507631,0.8092256656
C001703,3,0.002091585558,0.002171073335,0.9251924732,0.00202044137,0.002370604875,0.002060829015,0.002336865584,0.0617561271
C001704,3,0.01715535611,0.04274548391,0.01686421457,0.5341704446,0.1849658307,0.01763711423,0.01079895268,0.1756626032
C001705,0,0.1863868689,0.01236586943,0.01176027024,0.05352250165,0.01444483566,0.01244049559,0.4668231654,0.242255993
C001706,0,0.7233404765,0.009481710815,0.1607767817,0.00928127739,0.01082789738,0.009571814931,0.01091085144,0.06580918988
C001707,1,0.001855774782,0.6703283535,0.001859672033,0.001859301506,0.3012774667,0.001889917169,0.002123585567,0.01880592875
C001708,0,0.0135091997,0.01605185918,0.0253970341,0.4174045605,0.01887537515,0.1743354182,0.01862639652,0.3158001566
C001710,0,0.008732365983,0.01230948055,0.6566403607,0.00859564305,0.01230190412,0.01004127499,0.01232517253,0.279053798
C001712,2,0.002190773366,0.002442267474,0.521428496,0.4238524027,0.003436411763,0.002073835739,0.002762521826,0.04181329119
C001713,1,0.02132041447,0.004259748801,0.01728468116,0.003848940865,0.06861155642,0.004102107778,0.00964184861,0.8709307019
C001715,0,0.1073946379,0.6219535971,0.003581510737,0.003165736151,0.05764773501,0.1627440319,0.004045078118,0.03946767315
C001717,3,0.8389243924,0.004321061431,0.004147020877,0.004176006047,0.004910291584,0.004292404888,0.004912067641,0.1343167552
C001718,3,0.007206605394,0.09098561713,0.01871614088,0.6831899789,0.068822428,0.007278811241,0.00781107447,0.1159893439
C001719,4,0.01114500476,0.8106027012,0.0114320045,0.01105318188,0.01271140743,0.01119373277,0.01253593245,0.119326035
C001720,3,0.005903338251,0.004095758494,0.00620674593,0.005959874087,0.08265745641,0.005957622998,0.006496071833,0.882723132
C001721,3,0.00333314336,0.00336880051,0.003280098162,0.00330037184,0.003472820594,0.003365736197,0.9420420454,0.03783698397
C001723,0,0.01405046198,0.01565458542,0.01576603473,0.01377239696,0.01671921586,0.01587602442,0.7753390763,0.1328222043
C001724,4,0.008542353381,0.8057053502,0.008732292859,0.008459849553,0.009682885695,0.009119897227,0.009779119473,0.1399782516
C001732,4,0.006259200468,0.01273565248,0.01272410536,0.006419830939,0.0186789856,0.006846407393,0.008914979557,0.9274208382
C001734,1,0.3717067777,0.01679796234,0.01518776516,0.01510113904,0.01957101079,0.01585416032,0.02009806775,0.5256831169
C001735,0,0.1452110255,0.3464478589,0.005461808794,0.008072696148,0.1311587224,0.005801531238,0.2752049741,0.08264138292
C001736,2,0.02740213531,0.0291367447,0.02988404357,0.02660361191,0.3267321689,0.02632331434,0.02749560919,0.5064223721
C001737,1,0.255568051,0.5423914388,0.08411164233,0.03339150752,0.008160444501,0.006628709376,0.007849334941,0.06189887151
C001740,1,0.6341966646,0.02628794977,0.0244862377,0.02445371305,0.03196687927,0.02553912924,0.02983638812,0.2032330383
C001742,3,0.01954966168,0.05992957191,0.01942094752,0.06948263602,0.0213277481,0.6591821144,0.02101124956,0.1300960708
C001744,4,0.008403400975,0.004639946838,0.2297327795,0.008404909947,0.01085484339,0.3378435653,0.1762757361,0.223844818
C001749,4,0.457085527,0.004172007006,0.002323651154,0.1076277157,0.006060149496,0.003959294317,0.3486290085,0.0701426468
C001751,3,0.004560527712,0.00506236732,0.0205043891,0.004555315747,0.01317820221,0.004827606577,0.04668826855,0.9006233228
C001753,3,0.009378935401,0.009832965364,0.01981383964,0.009377683209,0.01097243212,0.7898032365,0.01089922923,0.1399216785
C001755,2,0.021371239,0.02372857487,0.02396996501,0.02041692919,0.02994536231,0.02060912725,0.6459917598,0.2139670426
C001757,1,0.7424161424,0.001972432982,0.001837593817,0.001842321398,0.03763791642,0.001915212435,0.1838207475,0.02855763304
C001758,1,0.6913802345,0.01966115248,0.0237978135,0.01815416979,0.02157876443,0.03156450987,0.0225886332,0.1712747223
C001760,4,0.02158565423,0.02346875015,0.02216517927,0.02139383655,0.02295896917,0.02264722723,0.02354302401,0.8422373594
C001762,4,0.02445372522,0.004096098362,0.02522337418,0.00320059429,0.004337506312,0.004769490156,0.004344257948,0.9295749535
C001765,0,0.03739409478,0.06441827844,0.02551702599,0.0353801895,0.1541897886,0.05778629073,0.03560972771,0.5897046043
C001766,3,0.00331456823,0.02188817958,0.003366194782,0.003250533479,0.004395750534,0.06532490317,0.004367160178,0.89409271
C001768,1,0.01898274238,0.0194239671,0.01878090059,0.01862175362,0.3182135556,0.0192644036,0.06066350702,0.5260491701
C001772,0,0.08073727577,0.007186352133,0.007468445734,0.006068780544,0.812916716,0.007213000119,0.008895953412,0.06951347626
C001773,1,0.4610625465,0.02848178928,0.02676017527,0.02674340878,0.03173702868,0.02774474698,0.03119039585,0.3662799087
C001778,2,0.02011328643,0.02657799091,0.1374078591,0.02594594515,0.03096077345,0.4699280289,0.03214904955,0.2569170665
C001779,1,0.005985063797,0.5190502899,0.006088122833,0.1524580536,0.007159245531,0.1867451879,0.00687238106,0.1156416554
C001785,2,0.01901264187,0.02069208347,0.02104955,0.01818875824,0.5997350158,0.01872203972,0.1157309627,0.1868689482
C001787,3,0.09542114413,0.02436807639,0.006236645784,0.02842653129,0.007036444739,0.7413617148,0.006927693146,0.09022174977
C001788,4,0.7981833981,0.01337433379,0.004674445486,0.004550449755,0.005749573545,0.00499860778,0.005634239934,0.1628349516
C001789,0,0.8984897608,0.00309721255,0.002972291111,0.002574494994,0.003625864929,0.003141250031,0.003609095155,0.08249003047
C001791,3,0.005157860766,0.005351395164,0.005397767193,0.8960699045,0.005978461114,0.00545103172,0.006334924038,0.07025865553
C001792,4,0.01381028542,0.01488403168,0.01403527503,0.01357477831,0.01699007609,0.767403227,0.01769051002,0.1416118165
C001793,0,0.1528667367,0.01439043854,0.01367791467,0.01127946109,0.09115242794,0.4080775741,0.01673622728,0.2918192196
C001794,0,0.05949758423,0.009468167523,0.0814043582,0.1019766214,0.00550750254,0.4017460228,0.2662009038,0.07419883953
C001795,4,0.01015760586,0.01082324814,0.009442655807,0.01062624686,0.01159871642,0.01043154319,0.8390155454,0.09790443829
C001797,3,0.01464307091,0.01499128489,0.01375826179,0.3377768141,0.01655904681,0.0313020802,0.01650894585,0.5544604954
C001799,0,0.003464332318,0.004049904428,0.003881706476,0.02276040561,0.009703880798,0.05964880234,0.7484065196,0.1480844484
C001801,3,0.008325678372,0.009793451887,0.01176893422,0.009063740078,0.1617572748,0.0437218624,0.0288796543,0.7266894039
C001802,0,0.003487173578,0.003990412171,0.00149809358,0.003450450124,0.01926036862,0.004068984123,0.01463833067,0.9496061871
C001806,0,0.005226227232,0.005403652044,0.005511651211,0.005135948454,0.90914683,0.005481126818,0.006273454901,0.05782110936
C001809,3,0.5518792394,0.1514753397,0.01567730385,0.04134305602,0.007700600403,0.1546760653,0.007550960342,0.06969743502
C001810,4,0.006512013031,0.02477817695,0.00692782353,0.02697456356,0.3578832305,0.06806618321,0.1432530925,0.3656049167
C001813,1,0.009511137308,0.009809060634,0.3776776758,0.009469326348,0.01056995184,0.1636334985,0.3423404146,0.07698893502
C001815,0,0.002865220511,0.8860778719,0.003273239791,0.00276721776,0.004109951175,0.00342089837,0.00409323007,0.09339237045
C001817,1,0.0166104261,0.006612705163,0.006259246566,0.00624872399,0.6223364941,0.008069969215,0.2696164017,0.06424603319
C001818,2,0.004349650004,0.1987320563,0.6326489198,0.004366862674,0.005084543126,0.004463978594,0.1113189101,0.03903507942
C001820,4,0.008139414381,0.008927081086,0.8827020361,0.008098004467,0.008795533989,0.008326890702,0.008560340149,0.06645069908
C001824,1,0.1535198316,0.007718101251,0.6220768793,0.006924233797,0.009055152362,0.007215646445,0.008789228523,0.1847009267
C001826,3,0.01292318851,0.01334964087,0.01313924608,0.01304293592,0.01056652103,0.01333921744,0.7946578535,0.1289813966
C001827,1,0.01195015796,0.8076223118,0.01160777506,0.01156532129,0.01277173035,0.01234372845,0.01210397937,0.1200349957
C001832,4,0.1992761464,0.01657679441,0.1873432943,0.01323718094,0.03798152845,0.01469450114,0.252713348,0.2781772063
C001834,0,0.01726042998,0.01195600729,0.01175228074,0.8037734201,0.0138396043,0.01188325854,0.01391808858,0.1156169105
C001838,2,0.007891975481,0.7058917224,0.008917760492,0.007224529121,0.1259971855,0.007381488769,0.05749362973,0.07920170854
C001840,3,0.008411036514,0.02792798182,0.003894384769,0.002896831302,0.003334551701,0.004300582376,0.00924961332,0.9399850182
C001841,2,0.001653928125,0.001928564328,0.001977498245,0.001530228675,0.9155818971,0.001586076349,0.002078112476,0.07366369473
C001843,2,0.006690300786,0.007342164558,0.007858708051,0.02146185081,0.01388099764,0.04861001649,0.8137950606,0.08036090103
C001844,2,0.1114690072,0.3487328215,0.008659066775,0.2846427872,0.009315554717,0.007534984708,0.1661667743,0.06347900359
C001846,0,0.008872189053,0.009910588665,0.3816989971,0.008691581331,0.01136204875,0.3645975712,0.01129576865,0.2035712553
C001848,3,0.1074618861,0.01087487124,0.002966079925,0.002960546783,0.8469060923,0.003113628815,0.003295735315,0.02242115954
C001849,4,0.0204855409,0.02255065185,0.0212189388,0.02050496801,0.02417700768,0.02112687243,0.02378500073,0.8461510196
C001850,3,0.5046207172,0.01001509804,0.00953408046,0.009553504257,0.0112300502,0.3428678005,0.01129859063,0.1008801588
C001851,3,0.5333907144,0.008254111994,0.007845502134,0.007865180494,0.0089053833,0.008198310027,0.3687232326,0.05681756509
C001854,0,0.003814632257,0.66116738,0.004183246796,0.003709739268,0.01007039654,0.004528941765,0.005370142092,0.3071555213
C001855,0,0.01160264068,0.08071336919,0.06446449404,0.07424622749,0.04068815424,0.07301103281,0.3240959003,0.3311781813
C001856,3,0.6917240646,0.008472308593,0.008041180321,0.00549078777,0.009101022198,0.00818881688,0.008914464136,0.2600673555
C001857,4,0.001482511938,0.02132468458,0.001509783211,0.01847808806,0.04718864347,0.001561571076,0.8850366407,0.02341807695
C001859,0,0.2134089081,0.0185559137,0.07203760054,0.01554334297,0.3996084204,0.02144148196,0.02294924124,0.2364550911
C001860,1,0.01645662157,0.01708492701,0.01613543298,0.01611059835,0.7276965453,0.01689433368,0.0174791025,0.1721424386
C001863,4,0.01978555215,0.07042013652,0.02001721446,0.3610766344,0.02232683833,0.03302254392,0.0220402338,0.4513108464
C001864,1,0.01801179603,0.0333243271,0.3085282075,0.01795800131,0.06036427561,0.01925520613,0.024985183,0.5175730033
C001866,4,0.1419462448,0.03058628794,0.02481884769,0.02404170189,0.02696230979,0.02528438956,0.02689938743,0.6994608309
C001867,3,0.02347242195,0.003825680344,0.003426987081,0.004989465384,0.004362757078,0.01487352603,0.002377333905,0.9426718282
C001871,0,0.02014604641,0.02241314428,0.02306772251,0.01946133909,0.03253922935,0.02311558864,0.02976337272,0.829493557
C001873,0,0.08019696768,0.02790981048,0.02907631562,0.02566291421,0.03558538093,0.02839841045,0.0337452447,0.7394249559
C001875,4,0.005044088013,0.005391716051,0.7044512157,0.004966300904,0.1943072097,0.005265548432,0.005445480516,0.07512844065
C001879,1,0.06078872783,0.1215547355,0.5610605591,0.1122719306,0.01250795563,0.01255642844,0.02042664471,0.09883301814
C001880,1,0.002936154156,0.003474317013,0.00294502463,0.001442128663,0.02125303059,0.03386493412,0.01383546175,0.9202489491
C001881,0,0.003643841289,0.004335308651,0.2193857971,0.003539001397,0.005502247425,0.004281804152,0.6786266978,0.0806853021
C001884,0,0.008803722418,0.009737988964,0.4825544768,0.3694897983,0.01108331472,0.009615404638,0.01116768154,0.09754761262
C001886,3,0.006527572114,0.8862104919,0.006562171465,0.006621757505,0.02282583609,0.006916694018,0.007357582025,0.05697789493
C001891,4,0.00562833126,0.4676844568,0.09285515536,0.2919439247,0.006313317649,0.009625251311,0.006096786623,0.1198527762
C001893,2,0.01163120165,0.01291592892,0.0129897255,0.8134553647,0.01283572294,0.01123175539,0.01287810525,0.1120621957
C001894,2,0.8062360665,0.01396243361,0.01400939252,0.009095886778,0.01471762711,0.01256578869,0.01528202243,0.1141307824
C001896,0,0.3214665885,0.4186088688,0.007026553363,0.008681876822,0.01167799257,0.02410626641,0.09519227201,0.1132395815
C001897,4,0.03276944348,0.1294210206,0.1148071629,0.03275545198,0.03877965499,0.03524594395,0.06713573297,0.5490855892
C001898,4,0.009356039708,0.4877063495,0.006123842954,0.00588041606,0.05753126084,0.006061206457,0.3650097144,0.06233117004
C001900,1,0.002343880133,0.8166278215,0.03632279458,0.002310553922,0.08886484001,0.002480551102,0.002906159689,0.04814339911
C001903,4,0.0221692305,0.5704152625,0.005132623022,0.2989547483,0.005584400021,0.005343152759,0.005377792517,0.08702279041
C001904,2,0.4449698274,0.009298203085,0.2905573748,0.007472425241,0.008808277069,0.05350969369,0.01539486172,0.169989337
C001909,1,0.004291768006,0.004463109141,0.8659951175,0.00430060647,0.00498011804,0.004562606304,0.004879586777,0.1065270878
C001911,1,0.7715009837,0.1232843371,0.004543273897,0.00453835969,0.00482924137,0.004431738054,0.05739476235,0.02947730378
C001914,0,0.01275679408,0.01418370426,0.624477642,0.06552580352,0.01640106361,0.01405501899,0.1197563934,0.1328435801
C001921,3,0.001788203222,0.002859360242,0.002604411055,0.003810082809,0.002423126856,0.002771159407,0.004354758075,0.9793888983
C001922,1,0.00590012957,0.006235304647,0.1476623776,0.7206001488,0.05541936135,0.006141615037,0.007015259255,0.05102580371
C001923,2,0.01473703932,0.0171444521,0.01692138468,0.01346064444,0.3751638005,0.01408053755,0.3215945182,0.2268976232
C001928,3,0.02599890923,0.02703354455,0.02618001286,0.02023599097,0.02663200877,0.02687860589,0.02623075502,0.8208101727
C001929,3,0.01415443789,0.01459673767,0.01467551313,0.01419164409,0.3463493986,0.01434623197,0.2005900838,0.3810959528
C001930,2,0.01315152602,0.06795614828,0.7192885975,0.0160179545,0.02018668132,0.01622720824,0.02112049384,0.1260513903
C001931,2,0.02379830223,0.02598910759,0.06138104925,0.02145396937,0.02852567708,0.02167626061,0.06863584287,0.748539791
C001932,2,0.1245750747,0.01791655387,0.01873245573,0.05733662295,0.01899524005,0.3795313961,0.01905354747,0.3638591091
C001933,1,0.004482965589,0.03011774758,0.00435433783,0.05004191623,0.006345069205,0.5069234013,0.2250483154,0.1726862468
C001934,3,0.007718856086,0.008699906689,0.003007574479,0.003751300298,0.003543903345,0.00403306078,0.00440291367,0.9648424847
C001935,1,0.004908526553,0.004972847757,0.004929720941,0.004921973706,0.1315212464,0.004854326668,0.8060259235,0.03786543445
C001937,0,0.005740031129,0.006469268731,0.6408799423,0.005597570466,0.2751307179,0.006552308288,0.007255626561,0.05237453456
C001939,1,0.02251303799,0.02285710257,0.02158240086,0.02145881211,0.02790404194,0.02222682395,0.02765769579,0.8338000848
C001940,2,0.003698490333,0.004181434832,0.003951349769,0.6500519505,0.004330251271,0.003474026124,0.2485407992,0.08177169795
C001942,4,0.005674527209,0.4996561171,0.2408720469,0.005602101856,0.1425558726,0.005895808137,0.00664381095,0.09309971523
C001943,4,0.002757153887,0.1757934437,0.5693984231,0.002803413492,0.003359634021,0.003109075688,0.003265175041,0.2395136812
C001947,1,0.03265354031,0.03667763608,0.1486600315,0.03242300456,0.2086675512,0.03446975924,0.04155141455,0.4648970625
C001948,3,0.007311140266,0.1711891418,0.1012014081,0.007477751652,0.01088455079,0.007968463304,0.1354279447,0.5585395994
C001949,1,0.2214631011,0.1269841377,0.4664544654,0.06144091746,0.01359458359,0.01144806962,0.013330352,0.0852843731
C001950,0,0.006082590989,0.1061337392,0.02983371089,0.005883907484,0.008138490759,0.6435505032,0.008081000122,0.1922960573
C001951,2,0.0129874176,0.1603921437,0.05156710562,0.01216923743,0.6240854684,0.01226121165,0.01486772712,0.1116696884
C001952,3,0.007304386744,0.007676044128,0.007227002548,0.1768417272,0.009256468633,0.07167732917,0.009044860488,0.7109721811
C001953,1,0.02437400366,0.1304354432,0.0180709279,0.018032939,0.02250113582,0.01870475425,0.02303800092,0.7448427952
C001955,4,0.03670305067,0.009999051213,0.008191516904,0.008040774372,0.5559013558,0.1419256316,0.01054000822,0.2286986112
C001956,4,0.01998005827,0.03264515992,0.1003828743,0.1522133406,0.01637540166,0.02177678091,0.01695770976,0.6396686746
C001958,4,0.1695262079,0.07371756799,0.007185213116,0.008913105014,0.4571846749,0.1737674814,0.01025647168,0.0994492779
C001960,3,0.01416062409,0.01425570619,0.1737701086,0.6568307588,0.01551004438,0.01433681436,0.0154160734,0.0957198702
C001962,0,0.002153494031,0.002502518241,0.007930152183,0.003790720007,0.005479910976,0.004778142755,0.005469842948,0.9678952189
C001964,1,0.01530616492,0.01566044334,0.01491680108,0.01492086529,0.01673578775,0.01560342239,0.7412104645,0.1656460507
C001965,0,0.8129480708,0.003894850796,0.003937171061,0.1054198234,0.004906108521,0.003958845773,0.004957503189,0.05997762643
C001966,4,0.007370035005,0.00913627424,0.007614588866,0.007517103599,0.6119452584,0.008285547963,0.01039456998,0.3377366219
C001968,2,0.008622337309,0.009566500384,0.03931915991,0.01192207818,0.02409964025,0.008336362173,0.1013151136,0.7968188082
C001970,0,0.008071817875,0.01219643531,0.01173597277,0.04922396805,0.06706637637,0.01858646772,0.6338950404,0.1992239215
C001973,2,0.01149903288,0.01239685656,0.01300705457,0.8374477449,0.01301685709,0.01111061819,0.01313421305,0.0883876228
C001974,1,0.01584700261,0.01821092277,0.01560164302,0.06355892448,0.01941673265,0.642233331,0.01863603597,0.2064954075
C001975,4,0.002594817307,0.02251129453,0.004518803408,0.02256512735,0.002983791341,0.007049685221,0.0025325812,0.9352438996
C001978,4,0.002544938764,0.002855450339,0.9213609778,0.002556640781,0.003043793699,0.04540066307,0.003045256008,0.01919227949
C001983,4,0.002304121236,0.002720797005,0.002388397874,0.002326181969,0.7041488244,0.2486968558,0.002647044038,0.03476777767
C001984,4,0.01034693,0.819537075,0.01072585732,0.01035462118,0.01136427506,0.0108063261,0.01132558533,0.11553933
C001987,1,0.005438173643,0.007533258344,0.00643988615,0.346906764,0.008624733049,0.006842078589,0.003425949601,0.6147891566
C001993,1,0.00365038874,0.004099245311,0.003617128181,0.03692080207,0.007561356662,0.003834706071,0.007538456683,0.9327779163
C001994,0,0.003422731271,0.003809509132,0.00390779959,0.9232336694,0.004397120847,0.003881380704,0.004358520125,0.05298926898
C001995,2,0.01980845334,0.05939522578,0.03495476364,0.004751041605,0.680027305,0.004906482062,0.03329349778,0.1628632308
C001996,3,0.03792687729,0.001975374247,0.2587596385,0.001884482424,0.001693730494,0.001986184202,0.6627907471,0.03298296575
C001997,0,0.08848333116,0.008560622657,0.00783571329,0.007049939123,0.610152389,0.008873026161,0.01018198114,0.2588629975
C002000,1,0.6325048022,0.009657377697,0.00881542827,0.008555351639,0.01101019637,0.009363206819,0.01072929529,0.3093643417
C002002,4,0.01390618953,0.00305360218,0.004680459711,0.04908440968,0.009880006627,0.004719351902,0.005614284532,0.9090616958
C002003,3,0.03028193681,0.03156927006,0.03091825727,0.02849142468,0.05626550827,0.03185939991,0.0349402721,0.7556739309
C002004,2,0.001728651032,0.001876046925,0.0453267228,0.02019777229,0.8966450247,0.001661167401,0.002033633854,0.03053098095
C002005,4,0.002007173204,0.002430018532,0.03128235771,0.002005582201,0.004851487263,0.8831533967,0.02552219503,0.04874778939
C002008,2,0.006680789287,0.07551671489,0.2162187804,0.006335169604,0.5759953001,0.006501579641,0.02823539014,0.08451627585
C002010,1,0.003948996832,0.004212212087,0.5235175085,0.003856228809,0.2294284711,0.1548372969,0.004397715478,0.07580157027
C002012,2,0.0236302722,0.02698751153,0.02629074552,0.02187942924,0.02924832684,0.02274092911,0.03078659452,0.818436191
C002013,3,0.6481816344,0.01011741712,0.05540648621,0.0102495484,0.01829538378,0.1673248134,0.0101753536,0.080249363
C002014,3,0.01061086516,0.3423696442,0.4127184606,0.006892898445,0.01178986038,0.1123914401,0.01161005525,0.09161677587
C002015,3,0.6266916105,0.0032247202,0.1234713329,0.003076641356,0.03597252618,0.003188644233,0.1704967222,0.0338778024
C002020,4,0.01326120179,0.4045825719,0.01361933389,0.03827217058,0.1220276961,0.01393947364,0.02514798224,0.3691495698
C002021,3,0.5010709798,0.009656028678,0.008835053155,0.1674648743,0.01098244885,0.009353432477,0.04309147342,0.2495457094
C002022,2,0.2461621413,0.01409169826,0.01318893116,0.01156987451,0.06076722331,0.01265531944,0.2322247069,0.4093401051
C002024,4,0.004257915373,0.05336410641,0.004382708347,0.4596945622,0.3592074944,0.0639947628,0.004911076087,0.0501873744
C002025,0,0.002042015872,0.5011186165,0.002214124594,0.01777349615,0.006587308532,0.4274170667,0.002605864272,0.0402415074
C002026,3,0.005046098289,0.005314524535,0.01216121862,0.003371139519,0.006015985059,0.00156522311,0.03734591141,0.9291798995
C002028,0,0.01163699881,0.0881816478,0.0490347979,0.02430110996,0.3464366679,0.0374010646,0.01558827622,0.4274194369
C002031,0,0.005380670601,0.008299036516,0.007742625584,0.01437606466,0.01127553413,0.008313823877,0.4881507951,0.4564614495
C002033,2,0.002385203446,0.2684818971,0.6908257748,0.002329356673,0.002619301499,0.002395290598,0.002642547856,0.02832062806
C002037,0,0.01379928176,0.2552633216,0.01575405819,0.008635528121,0.544708184,0.01563820055,0.01897630372,0.127225122
C002039,2,0.004446826989,0.004872322609,0.004910540815,0.004068185023,0.9214427735,0.004148024193,0.005071130863,0.05104019604
C002040,1,0.02411550392,0.1364661651,0.004170852669,0.004163027046,0.6906104144,0.004342324358,0.005988975591,0.1301427369
C002041,2,0.294508199,0.001753367295,0.001708223592,0.6146926246,0.04935211258,0.001488039752,0.01072300503,0.02577442818
C002042,4,0.01167507757,0.01319683571,0.2461207953,0.01170340407,0.01306631774,0.602575068,0.01249115499,0.08917134663
C002044,2,0.002926891644,0.003495214035,0.003242774145,0.8904593369,0.003690885503,0.002801845198,0.003786916571,0.08959613596
C002045,0,0.009206043359,0.0106458236,0.01028139897,0.8325037274,0.01224817231,0.01045271572,0.01233546362,0.102326655
C002046,1,0.02669387327,0.02941111561,0.02706979652,0.02602026972,0.03085703949,0.02721175638,0.02996666096,0.802769488
C002049,4,0.006040162872,0.5605728062,0.006260453893,0.006070380375,0.006385102641,0.00625611173,0.3565696425,0.05184533976
C002050,2,0.2981065943,0.02671452308,0.02435151212,0.02216091374,0.02739488117,0.022942701,0.02717043888,0.5511584357
C002051,2,0.02334514418,0.04580525736,0.1661188266,0.02351712296,0.1026658475,0.02679531466,0.062730978,0.5490215087
C002053,1,0.007294574661,0.007995984649,0.007076259009,0.007219739162,0.1550520855,0.02320822067,0.2036628906,0.5884902458
C002056,3,0.008822466641,0.009124291522,0.008976019264,0.008921399166,0.8336206058,0.009123015391,0.009598811814,0.1118133904
C002057,2,0.004301220802,0.004765430904,0.01452436701,0.005751467522,0.9296913659,0.004253546776,0.005242307197,0.03147029393
C002061,4,0.003538125246,0.003638898658,0.09667674292,0.003522860182,0.3435456349,0.5207564945,0.003751559802,0.02456968388
C002064,1,0.6081864215,0.009337285131,0.00847945405,0.01112617175,0.01309077003,0.008923975108,0.2136047289,0.1272511935
C002067,0,0.8349402647,0.0038065223,0.05987383149,0.008249157802,0.006474037797,0.003775927738,0.006562087635,0.07631817055
C002068,3,0.004801931538,0.006735576861,0.004792204269,0.004884096871,0.007505797879,0.008866746282,0.003918468082,0.9584951782
C002069,3,0.7782269263,0.007228721462,0.06836189376,0.006882408886,0.007858074584,0.06077575856,0.007741464445,0.06292475202
C002072,3,0.157177748,0.765709594,0.00407811625,0.004110889413,0.004921276342,0.004279671245,0.004894062631,0.05482864219
C002074,4,0.01336123997,0.01525546116,0.04683614767,0.3086424246,0.3830568171,0.01398663918,0.01893597421,0.1999252961
C002075,2,0.01572105286,0.01659563131,0.01739024765,0.01478665441,0.1297827955,0.03376775678,0.5883433473,0.1836125142
C002076,3,0.004272295775,0.01907349312,0.01781321366,0.001867311977,0.002286167855,0.001958964564,0.9215578797,0.03117067335
C002078,4,0.2062235652,0.008401409497,0.6230799846,0.002719159377,0.01148738898,0.007467651848,0.02940868421,0.1112121563
C002079,4,0.002335755343,0.01085703607,0.06217552794,0.002349534933,0.002590295976,0.004037528392,0.870731586,0.04492273539
C002081,2,0.001745058738,0.001901419403,0.8991744891,0.001628675768,0.07823329491,0.001657538222,0.001334159892,0.01432536394
C002082,0,0.02069190249,0.02465105658,0.04463467122,0.02014328533,0.02771631011,0.02502251207,0.02798885442,0.8091514078
C002084,0,0.01856738813,0.006371208331,0.008225280389,0.4305312589,0.2221953013,0.2576806015,0.007343516977,0.04908544452
C002085,4,0.02262202708,0.01351900159,0.02362800506,0.04072267027,0.02570103918,0.02340642104,0.07410827778,0.776292558
C002086,4,0.07613519354,0.8079330976,0.0472894188,0.003087132808,0.004034191771,0.00333768899,0.003845762563,0.05433751388
C002088,3,0.3599282642,0.01790293384,0.05117698895,0.09741559392,0.0476363584,0.01756961517,0.1258810441,0.2824892014
C002089,3,0.003875326905,0.003970808072,0.003905419118,0.00379137393,0.8618026143,0.003825976035,0.003944297097,0.1148841846
C002091,2,0.001906449806,0.8090938747,0.03773154108,0.03719754787,0.09680835504,0.00177776187,0.002353435295,0.01313103435
C002094,4,0.007978203767,0.009414669886,0.008237983513,0.139683616,0.4542353558,0.008343266554,0.250119063,0.1219878414
C002095,2,0.02440699306,0.0276978311,0.02778716763,0.02295832293,0.0285447295,0.01508150559,0.02861240903,0.8249110412
C002097,1,0.02054287932,0.02108716135,0.02058283516,0.02055052786,0.6979569395,0.02089313942,0.02136308889,0.1770234285
C002098,2,0.005645260925,0.006082334889,0.006192380786,0.005322397902,0.005120186662,0.9120569301,0.004352834168,0.05522767453
C002100,3,0.00482292731,0.005272053021,0.004793725006,0.8646609626,0.006203526429,0.01706443718,0.006124523151,0.09105784527
C002101,3,0.01274213743,0.0137230384,0.02868726651,0.1897314753,0.3741716216,0.01346854417,0.01561041589,0.3518655008
C002103,2,0.002615553744,0.00304640564,0.03073031853,0.002583150107,0.06123904058,0.002573246965,0.8782618893,0.01895039511
C002104,1,0.03385329658,0.03826741524,0.03290352338,0.03285559147,0.1435217501,0.0362672143,0.03946517153,0.6428660374
C002108,3,0.0101865946,0.1370826993,0.7067926119,0.01025052409,0.01128221736,0.01064003732,0.01111128082,0.1026540346
C002111,2,0.009535327632,0.01105071802,0.01172008977,0.01506041334,0.07714847139,0.01502276611,0.03526847326,0.8251937405
C002113,3,0.02292563035,0.02274746751,0.5396371644,0.01366934962,0.04467309636,0.01459818231,0.2276345409,0.1141145685
C002115,0,0.02294822904,0.02565479925,0.02618587642,0.02220228347,0.03391296662,0.02584777974,0.03304008061,0.8102079849
C002116,3,0.3203861509,0.007610555705,0.4661937189,0.01975773001,0.00916507575,0.04566335323,0.00861573183,0.1226076837
C002117,2,0.596400164,0.03041826279,0.01033016889,0.005174010175,0.006741061189,0.2570809878,0.006747918796,0.08710742637
C002118,0,0.0149268144,0.01546942768,0.01564844809,0.01455677308,0.7751585016,0.01568464844,0.01797171866,0.130583668
C002119,1,0.04411379529,0.007886942362,0.7088721215,0.09786609908,0.009208563136,0.007503776471,0.00882367735,0.1157250248
C002121,1,0.6833098923,0.004817230362,0.004532536726,0.1801170938,0.005464216221,0.07679895244,0.005521503352,0.03943857479
C002122,3,0.8607531006,0.008744274444,0.01903034186,0.03117006817,0.008553286223,0.008970127935,0.01128936623,0.05148943455
C002124,4,0.02407547921,0.02545088396,0.0251172407,0.02413579634,0.01405070992,0.06011262787,0.01372655397,0.813330708
C002126,2,0.352746766,0.005794918919,0.005768319565,0.5118313833,0.06932647532,0.004728053485,0.006203926827,0.04360015664
C002127,1,0.009415355103,0.003011874898,0.002939638319,0.9463738401,0.003097928631,0.003009952546,0.003174500312,0.02897691012
C002128,4,0.02321349376,0.02535402137,0.02369662605,0.02308121692,0.02345000945,0.02439700476,0.02371628599,0.8330913417
C002129,4,0.009005302762,0.01071218466,0.009366597387,0.01145022497,0.5318513098,0.0103244913,0.01192238942,0.4053674997
C002134,2,0.002184352513,0.00189323737,0.001792825063,0.003680691603,0.002008020442,0.9291387807,0.001984918283,0.05731717405
C002136,1,0.01138402877,0.01164831437,0.01140874279,0.01142026612,0.01214283138,0.6063805558,0.2204233412,0.1151919195
C002138,3,0.621283437,0.006243077733,0.006184154519,0.00606226926,0.003989609789,0.3099442716,0.006598253111,0.0396949269
C002139,4,0.01409362002,0.01648542987,0.01437006331,0.01406267503,0.01803059391,0.3883193491,0.1174444862,0.4171937825
C002142,2,0.005361766485,0.08604808321,0.005945951642,0.8343711366,0.006315664053,0.005120506383,0.006399216972,0.05043767464
C002144,2,0.003352643538,0.003643692378,0.003597883595,0.8542851433,0.00360683607,0.003121455752,0.003671871496,0.1247204739
C002146,0,0.02503145571,0.02829365951,0.06358268154,0.02436703079,0.03474597344,0.05093289908,0.03446733946,0.7385789605
C002147,0,0.03646701196,0.01340982152,0.3384252961,0.05880540717,0.4026381889,0.01369125918,0.01494954034,0.1216134748
C002148,1,0.00838301994,0.008770643152,0.007990082312,0.007943843836,0.3411547692,0.4553684508,0.01033177046,0.1600574202
C002149,3,0.009179848544,0.2551044248,0.009110808224,0.6019414104,0.01057688659,0.009619454982,0.01042146521,0.09404570119
C002150,2,0.07076568269,0.02980852224,0.03107268765,0.02462569949,0.02987180328,0.02400155238,0.02992132658,0.7599327257
C002151,3,0.002919191485,0.002989199141,0.002915876122,0.002949048548,0.9476281359,0.01097533719,0.003310528961,0.02631268263
C002153,3,0.01112136124,0.01109757198,0.0106442248,0.01035710166,0.01246284652,0.5224147396,0.01309527929,0.4088068749
C002154,3,0.01162171229,0.6673117484,0.01145808627,0.01166468527,0.004628074751,0.08746244992,0.06122428932,0.1446289538
C002157,3,0.02366815444,0.02486883034,0.08291947005,0.02397351805,0.0259139274,0.024874237,0.5542023254,0.2395795373
C002158,3,0.0250526958,0.02561898629,0.02573229749,0.02516448941,0.02816483001,0.02556692527,0.027745278,0.8169544977
C002160,3,0.007706195891,0.06476771769,0.6024933792,0.113516768,0.009178670508,0.1334687834,0.0093123891,0.05955609619
C002162,4,0.2663654205,0.0225840318,0.5940741831,0.008565947527,0.009631534293,0.008950993384,0.009660361154,0.08016752822
C002163,2,0.02024861681,0.1661578886,0.0217558561,0.02025402366,0.0248707174,0.01924454947,0.02474224474,0.7027261032
C002165,1,0.33629385,0.008300770079,0.01018300508,0.01017637148,0.01230020152,0.4900314439,0.01191262469,0.1208017333
C002166,4,0.004303350063,0.529830616,0.004387106943,0.004306700948,0.004437881301,0.004483868625,0.3116855602,0.1365649159
C002167,1,0.06374479809,0.02614358357,0.04136249091,0.02360628148,0.06336315052,0.069106876,0.0219091122,0.6907637072
C002168,1,0.005779039962,0.0158163513,0.005651713156,0.03563725216,0.005043078916,0.01137540512,0.05416284139,0.866534318
C002172,1,0.008870292226,0.007173740068,0.006774752995,0.07296701049,0.7939245953,0.006834799437,0.007724896832,0.09572991268
C002173,1,0.4360703687,0.0140642574,0.0133338495,0.01343800785,0.3554253503,0.01389467177,0.01547674178,0.1382967527
C002174,4,0.00249058659,0.002929688865,0.002562670869,0.002481658104,0.8878044468,0.002663737126,0.002929453684,0.09613775793
C002175,0,0.005368417356,0.01124596201,0.005583404175,0.007419408857,0.002886914406,0.006482391098,0.04914140937,0.9118720927
C002176,4,0.001914067952,0.002229646078,0.001967224292,0.01723450166,0.06436600236,0.002037429574,0.8765788664,0.03367226166
C002177,4,0.003106148867,0.003765574826,0.003275051997,0.003131961243,0.8350917302,0.00326290909,0.003363520766,0.145003103
C002183,4,0.006892573239,0.008766055614,0.007089086039,0.5536050556,0.1714665209,0.007541706192,0.008925114037,0.2357138884
C002184,0,0.2869923499,0.4314908212,0.004817869895,0.2195890218,0.006351301002,0.004832255655,0.00620168364,0.03972469687
C002187,0,0.002238405772,0.002533610946,0.002511357309,0.1259630963,0.7943529643,0.002707598521,0.005079407472,0.0646135594
C002188,3,0.01243462004,0.01295284161,0.2631607287,0.01818217896,0.01428370417,0.1010748407,0.01371904222,0.5641920436
C002189,1,0.006397370759,0.5400955685,0.341632535,0.006450192017,0.007271561632,0.006408302818,0.007141853496,0.08460261572
C002191,4,0.01672466167,0.3163756335,0.1292472223,0.0167404156,0.01785452978,0.01740831036,0.02260560574,0.463043621
C002194,3,0.005980424631,0.006790296789,0.0182343563,0.006091914173,0.05632609777,0.02526130329,0.03470933673,0.8466062703
C002195,3,0.0259769783,0.2072366994,0.02673387037,0.02531412854,0.02829802558,0.02717279871,0.02807439933,0.6311930997
C002196,1,0.01036142252,0.2685624917,0.01046106355,0.01079307502,0.01337852966,0.0111752986,0.5058556757,0.1694124433
C002197,3,0.002885325668,0.003098783449,0.002885341064,0.005308735824,0.001975100016,0.1190324051,0.001882574283,0.8629317346
C002198,3,0.002681312335,0.004064505466,0.002649628525,0.03073687523,0.004683048937,0.01204930922,0.007186107033,0.9359492132
C002199,4,0.01929297662,0.005097656878,0.004206802382,0.005091307176,0.005012074198,0.008990164936,0.007029143212,0.9452798746
C002200,2,0.01072702212,0.2648493022,0.3153136325,0.009765334124,0.01323318286,0.128327723,0.009211071429,0.2485727318
C002206,4,0.310565035,0.005472154961,0.004941578473,0.004865044024,0.005637771163,0.005154369444,0.579208048,0.08415599894
C002212,2,0.004769709767,0.3651091856,0.005983230253,0.05137124645,0.5267202381,0.00513369176,0.005735137289,0.03517756078
C002215,2,0.07130413019,0.009614476454,0.009331461518,0.007738470072,0.08347403129,0.008016477209,0.6676763753,0.142844578
C002216,2,0.01083295976,0.6467432551,0.01281748308,0.06472922085,0.01206865995,0.01086165309,0.1740707655,0.06787600274
C002218,2,0.002262374641,0.3825787115,0.002511371015,0.002178537184,0.0243961434,0.495228027,0.002712394999,0.08813244029
C002222,4,0.06610081684,0.01480747066,0.02004592598,0.01169447801,0.04360802893,0.1140754286,0.04349424601,0.686173605
C002227,4,0.005685721344,0.00627220886,0.005809626319,0.03069791396,0.1297549576,0.005901625082,0.7713040178,0.04457392902
C002232,0,0.1110191072,0.4224985657,0.01499752276,0.01728642282,0.2614497421,0.01531018519,0.01748901692,0.1399494373
C002234,4,0.003325303845,0.004052430524,0.001757034312,0.003345238942,0.002115649813,0.003627893051,0.004040613168,0.9777358363
C002235,2,0.01534982501,0.6669063941,0.06839468644,0.01489563429,0.01656995258,0.01495075887,0.01652962619,0.1864031225
C002236,1,0.003851268482,0.003863410067,0.8581098306,0.003773736598,0.0332971234,0.003910410992,0.06100983539,0.03218438449
C002238,0,0.3676844163,0.02046982023,0.01979267633,0.03580366045,0.02426528796,0.02050116545,0.1547770389,0.3567059344
C002241,1,0.08230536539,0.002061644717,0.001861199203,0.001887737934,0.009481013904,0.0020717992,0.8497641692,0.05056707042
C002242,2,0.002746573337,0.003017059458,0.003037978959,0.0103916254,0.8669033017,0.09082718066,0.00328156217,0.01979471832
C002243,2,0.02682877485,0.006620602164,0.006439288566,0.05108744383,0.01018145716,0.3738892926,0.4354500921,0.08950304874
C002245,0,0.02235267491,0.02582103235,0.02492146863,0.02105922625,0.01792151763,0.03618906117,0.1662474619,0.6854875572
C002247,2,0.004565035244,0.007373222745,0.01497504991,0.00429013063,0.005341067952,0.004396424657,0.06883146722,0.8902276016
C002250,0,0.007045574279,0.07495483646,0.4365299468,0.04513494457,0.03834702477,0.0560838246,0.2631547739,0.07874907466
C002251,4,0.1585247207,0.01089570904,0.009070499784,0.008953244019,0.0123557783,0.6380207898,0.01166032786,0.1505189304
C002256,0,0.2311418121,0.02011801235,0.01981859613,0.01725623221,0.02305403168,0.4128880196,0.02329482529,0.2524284706
C002261,0,0.00911984879,0.5484719174,0.0103925419,0.008805154017,0.0341018158,0.01048154713,0.1711886329,0.2074385421
C002265,4,0.0223937109,0.03726041091,0.02331035967,0.02222477755,0.02648706522,0.02356738195,0.02646860758,0.8182876862
C002266,2,0.00575844774,0.006344507095,0.006225284824,0.01133095701,0.8725426988,0.005526380431,0.006659046788,0.08561267735
C002274,2,0.008973692347,0.01044992101,0.009421479399,0.1765982565,0.01063487021,0.008738360399,0.01051743709,0.764665983
C002275,1,0.00634136371,0.8861529436,0.006172893526,0.006180130043,0.007028833104,0.006231713721,0.006922633208,0.0749694891
C002276,2,0.001451097016,0.003803313997,0.003549937346,0.001748215195,0.003888231059,0.00306323673,0.003934316589,0.9785616521
C002277,0,0.005960743729,0.006793554051,0.006676438308,0.00580740733,0.0145847463,0.8532807578,0.008894231391,0.09800212108
C002278,4,0.1026055064,0.02674812448,0.005431117357,0.005286882158,0.006250843489,0.5755684203,0.00606974511,0.2720393607
C002280,2,0.0249042657,0.02856469479,0.02781049192,0.02258627816,0.03135732058,0.02318177906,0.03344737293,0.8081477969
C002281,2,0.003091674641,0.001603507466,0.008768350102,0.001455111894,0.00141258633,0.002844075454,0.001409853636,0.9794148405
C002282,0,0.6293652415,0.01265470997,0.01276583308,0.1993586682,0.01414374023,0.01281291556,0.01396898778,0.1049299037
C002285,1,0.02473216987,0.02854547625,0.1611969453,0.02432981509,0.03235496087,0.0270587186,0.05611341566,0.6456684984
C002286,1,0.01300663987,0.01535758249,0.01349291847,0.01277950632,0.07817791603,0.380780941,0.01663154352,0.4697729523
C002288,3,0.04474507266,0.2659444985,0.005092093442,0.6353768424,0.005085075082,0.005162269963,0.005040559218,0.03355358871
C002291,2,0.2065955103,0.1429953687,0.5019109621,0.01087108943,0.0134757475,0.01111205953,0.01401797279,0.09902128961
C002292,3,0.01060932375,0.3750536107,0.02380752851,0.4082097366,0.01426642893,0.01101404474,0.01461673065,0.1424225962
C002293,2,0.01581287274,0.01720566647,0.01560240361,0.01397019246,0.01753880805,0.4643695434,0.01778955756,0.4377109557
C002294,1,0.01115762073,0.15972201,0.01112009418,0.01110618272,0.1746261915,0.5291219666,0.008147697161,0.09499823714
C002296,2,0.03481594461,0.1243457988,0.01703384433,0.014107446,0.01830213862,0.1432585377,0.01826351651,0.6298727734
C002297,3,0.002139607693,0.02838197728,0.002150337183,0.00222030645,0.003629704101,0.0109177382,0.9140609296,0.03649939949
C002299,2,0.01848367373,0.1047472107,0.01993883783,0.0178736883,0.02076164662,0.01824226509,0.5914010878,0.2085515898
C002300,0,0.1776772102,0.008484873825,0.008847457175,0.2786711142,0.009525897711,0.4478181377,0.009433222174,0.05954208697
C002301,1,0.002809312491,0.08188119859,0.00275612056,0.8768133449,0.001558904101,0.002827513442,0.001667425377,0.02968618053
C002303,0,0.005320052278,0.006213230243,0.006068711534,0.005239437321,0.1816980363,0.5068601002,0.1585580028,0.1300424293
C002304,1,0.1591073032,0.02681130342,0.02585495311,0.1401776246,0.1550346773,0.02596024512,0.115231864,0.3518220292
C002307,2,0.02083140368,0.02273987585,0.02244735551,0.01871387732,0.02469158706,0.01887275367,0.1177654033,0.7539377436
C002310,2,0.02191030738,0.02371554131,0.02338135691,0.02070593558,0.02183344408,0.02079615615,0.1875626963,0.6800945623
C002311,3,0.0111550421,0.01199255061,0.5398511575,0.01121863128,0.01313029308,0.01150669969,0.01315013131,0.3879954945
C002312,0,0.004159137551,0.1122661839,0.004696334818,0.05044505501,0.05532663888,0.6369779899,0.03501621443,0.1011124454
C002313,3,0.01311382214,0.1151370509,0.1056595697,0.01115513356,0.01611662644,0.01348019967,0.01579092308,0.7095466745
C002316,4,0.003805537694,0.8690305639,0.003850476078,0.003826884184,0.01760309369,0.004148251134,0.0282157957,0.06951939763
C002318,1,0.7475200856,0.01770367641,0.01729901656,0.02590258747,0.01927370572,0.01742319544,0.01869295487,0.1361847779
C002320,1,0.01121760029,0.1307841785,0.1286183966,0.03560180207,0.4814353153,0.01183866437,0.06330990454,0.1371941383
C002321,4,0.005068066953,0.003106293128,0.03816060698,0.003709199763,0.006076622151,0.005460158152,0.005949548483,0.9324695044
C002323,2,0.7446810141,0.01094303213,0.0107142087,0.1263587919,0.01111962705,0.009553167323,0.01118970595,0.07544045287
C002331,2,0.006910777495,0.007790447971,0.007902176106,0.006681187146,0.008081731059,0.8832768212,0.008139250828,0.07121760818
C002333,1,0.001477328195,0.003056737365,0.002825542905,0.004399485899,0.3123344894,0.002982289371,0.6477060036,0.02521812327
C002335,0,0.009326063019,0.01073157693,0.01038488551,0.008996027033,0.0163640656,0.03333099886,0.01607865629,0.8947877268
C002338,2,0.01546176455,0.01682192434,0.7611557574,0.01451978858,0.01749684046,0.01485911844,0.02375089869,0.1359339075
C002346,0,0.02101383649,0.01362493678,0.6030128184,0.01246010797,0.01522839002,0.01376654703,0.01526120276,0.3056321605
C002349,1,0.02216926979,0.02271259068,0.02137955477,0.02140165518,0.02713629453,0.02221596864,0.03265406463,0.8303306018
C002351,0,0.0008882636736,0.0027618986,0.002550921704,0.002202648077,0.01842078632,0.01438497111,0.01050097824,0.9482895323
C002353,0,0.00175605906,0.002045916177,0.9163585147,0.001734448708,0.05543982714,0.001997733626,0.002306761313,0.01836073926
C002354,1,0.004233638593,0.00450647926,0.004271896629,0.004260928223,0.002568958357,0.9441813814,0.002351540052,0.03362517748
C002355,4,0.006347822901,0.007872133403,0.006485727568,0.24049164,0.3598609387,0.006817815612,0.2135929321,0.1585309897
C002358,2,0.007917271059,0.008536023069,0.1244854329,0.5838247848,0.1969839781,0.007389423506,0.008766513412,0.06209657313
C002360,3,0.2215485535,0.01121795728,0.01064061624,0.01078461681,0.6140038059,0.01111318775,0.04224222399,0.07844903855
C002361,0,0.01804575708,0.01920379598,0.01847365265,0.01595641906,0.02240562161,0.02756177121,0.02104164089,0.8573113415
C002362,1,0.007112675516,0.5018287824,0.01354806084,0.347176847,0.01580815798,0.01354306143,0.01584864756,0.08513376721
C002363,3,0.01572892461,0.01731007653,0.08555958622,0.3169210947,0.1363153075,0.0163476495,0.01896700132,0.3928503596
C002365,4,0.00929403329,0.01037804132,0.009524609229,0.009363897808,0.8639087463,0.01628071954,0.01130122576,0.06994872672
C002366,3,0.1511344537,0.01827589328,0.07541390883,0.01663210921,0.2912539881,0.01755745412,0.01957319132,0.4101590015
C002367,3,0.004535376933,0.004895202529,0.004610137154,0.5356556481,0.005602142764,0.004931753308,0.2231669132,0.216602826
C002368,2,0.4102344428,0.002170766628,0.002048761589,0.001695629407,0.5373074968,0.001741566911,0.002832290502,0.04196904536
C002370,0,0.004474044115,0.004731571821,0.004961404898,0.004326976386,0.8046558282,0.004830345853,0.005493753506,0.1665260753
C002371,4,0.008625606898,0.00369646702,0.003847852756,0.003803894787,0.03683004262,0.004142963387,0.01195680291,0.9270963696
C002372,3,0.002427200951,0.002650415106,0.002405896391,0.00240437281,0.06402687538,0.8190805062,0.003063282615,0.1039414506
C002373,2,0.01081448406,0.01875392028,0.4189729418,0.01584809939,0.3400597711,0.04634259929,0.0197020311,0.129506153
C002375,0,0.1710418292,0.01874289906,0.01694076638,0.2408713278,0.0644907296,0.01856820375,0.02122787094,0.4481163733
C002376,4,0.007878688399,0.03859362881,0.01315554586,0.007997321372,0.009324992668,0.07617544494,0.7887002866,0.05817409137
C002378,4,0.02069540836,0.09268474553,0.02119486607,0.02051426525,0.02488045685,0.02200948949,0.1229394219,0.6750813466
C002379,2,0.005923516752,0.1325007644,0.006865393018,0.005586445396,0.007102347475,0.2319286848,0.008259902227,0.6018329459
C002380,1,0.01212474066,0.01294484171,0.01192698589,0.8191835245,0.01621670331,0.01263437776,0.01360031547,0.1013685107
C002382,2,0.004244917848,0.004600699528,0.004736180863,0.006176137227,0.00448345421,0.0386877811,0.004445223631,0.9326256056
C002386,4,0.01468561085,0.01610045948,0.05684847662,0.01449402319,0.0612945481,0.01598365618,0.04519317771,0.7754000479
C002388,0,0.00252096319,0.002506274923,0.002866453723,0.00247473478,0.003257744208,0.9535751004,0.003221920866,0.02957680786
C002389,4,0.004669538658,0.006792069764,0.006268391701,0.00861612608,0.007217138325,0.005938247699,0.007069924075,0.9534285637
C002394,2,0.01095520009,0.01227658738,0.01178037366,0.228202484,0.05570669059,0.009980252574,0.4373234415,0.2337749701
C002395,0,0.09544191165,0.1056003371,0.03318389992,0.006835672005,0.2259469706,0.3263147408,0.07050520943,0.1361712584
C002397,4,0.0239075221,0.02922703646,0.3112539393,0.02430184454,0.02995574603,0.0262886512,0.02891573875,0.5261495216
C002398,4,0.2448583923,0.01207181071,0.01128747795,0.0109414387,0.01234104355,0.5921265276,0.012511581,0.1038617281
C002399,4,0.00293462445,0.003465594883,0.002996903995,0.9108471982,0.003655043174,0.00319764678,0.003541263467,0.06936172502
C002401,4,0.01329927081,0.01579769818,0.01384779128,0.01350967276,0.01527413589,0.0147427564,0.5005733436,0.4129553311
C002402,2,0.2106032284,0.0266921008,0.02080440835,0.02191399059,0.02834038614,0.02255811791,0.02880292145,0.6402848464
C002404,2,0.004617803806,0.04393501502,0.005157267246,0.004334838105,0.005557214341,0.7152413779,0.005542362998,0.2156141206
C002405,1,0.3832869997,0.002619759861,0.4322029123,0.0799211317,0.00342619512,0.002491670305,0.04278527328,0.05326605768
C002406,0,0.005246754527,0.003902425881,0.005352478668,0.03474931253,0.006717631421,0.8867758405,0.006578317889,0.05067723854
C002413,4,0.00315385738,0.003895114905,0.009561886131,0.003166392104,0.002269319594,0.003439750121,0.00401045041,0.9705032294
C002414,3,0.0271816816,0.02775600208,0.02787878649,0.02694517953,0.0298941873,0.02769890681,0.0294493157,0.8031959405
C002419,4,0.006693491751,0.008399414783,0.006902392384,0.7048996637,0.008582749032,0.007277723145,0.04140995163,0.2158346136
C002421,4,0.009536226678,0.003669734102,0.003545050632,0.0034520965,0.004725964195,0.07148872198,0.8792296722,0.02435253367
C002424,1,0.01207051685,0.01231657487,0.01222013026,0.01224043139,0.7983928026,0.012170598,0.01332495282,0.1272639932
C002426,3,0.03001273726,0.03061727677,0.03146488326,0.02798756075,0.088305833,0.03003684555,0.1944588177,0.5671160457
C002428,4,0.01251106045,0.01362043297,0.01260751424,0.01233297623,0.01383613138,0.01287811081,0.8012289528,0.1209848212
C002429,4,0.007457412073,0.009223109979,0.3055581947,0.02225848373,0.4628936064,0.008216438964,0.008805274548,0.1755874796
C002430,0,0.01195909595,0.7863159816,0.01330753722,0.03572593261,0.01014697223,0.01290746428,0.009806544054,0.119830472
C002431,4,0.9027547716,0.003890907921,0.003181883458,0.003158797566,0.004067022354,0.003394000582,0.003973087003,0.07557952954
C002438,3,0.01361264121,0.01367142083,0.01384078489,0.6989012753,0.0250970871,0.01381528048,0.02431340257,0.1967481076
C002439,0,0.01021377103,0.02136455929,0.01216322304,0.01680831135,0.009974754892,0.02236036165,0.1809912055,0.7261238132
C002441,0,0.002575121299,0.03502291588,0.7839585559,0.002498217424,0.003168906948,0.1433978745,0.003127804912,0.02625060315
C002442,4,0.007119668285,0.2802202325,0.00762298306,0.06612295981,0.01025604629,0.4699281008,0.01013515187,0.1485948574
C002448,2,0.002382991088,0.004871166811,0.002713937614,0.01055018907,0.003061310753,0.002280549389,0.003064761005,0.9710750943
C002449,0,0.00375053928,0.004256269719,0.004195220179,0.003654589125,0.004920430864,0.9347911346,0.004841207765,0.03959060848
C002450,2,0.01600358662,0.03820538276,0.01845830097,0.02665746148,0.03361614679,0.02681440744,0.03381587726,0.8064288367
C002451,2,0.008947491784,0.01012496195,0.3755588897,0.00591957227,0.01049525755,0.4309271663,0.01052908522,0.1474975753
C002452,4,0.005786025047,0.01201607245,0.4039730888,0.3919681828,0.007086192943,0.07940184897,0.006909021452,0.09285956758
C002456,2,0.01693877254,0.01799787058,0.01837472292,0.0481094518,0.01931248839,0.7332088934,0.01909539494,0.1269624054
C002457,2,0.513851896,0.3661638979,0.009284777176,0.008410585109,0.009539766849,0.008561651365,0.009509585685,0.07467783988
C002458,4,0.01211845,0.01318542135,0.7895121455,0.01208474634,0.01424181759,0.01252379168,0.0141672065,0.1321664211
C002460,4,0.03089189382,0.03617316782,0.154628361,0.03134308725,0.03501056946,0.03330323248,0.03450005579,0.6441496324
C002461,2,0.01989074688,0.02373161115,0.3226378201,0.0178150192,0.05226706345,0.07499996126,0.06981485543,0.4188429225
C002462,0,0.004065379561,0.004919195319,0.00460357864,0.7113153139,0.008968805157,0.1000109942,0.005865163277,0.1602515699
C002463,2,0.5714717057,0.06403448089,0.005482265272,0.02040560994,0.1019036714,0.0667868331,0.01498241552,0.1549330182
C002474,4,0.001652042363,0.001967734278,0.001697413902,0.0782231044,0.003011020436,0.005184985726,0.8619343381,0.04632936083
C002476,3,0.005558525429,0.8080010144,0.00570058767,0.005580957881,0.006273516608,0.005660245226,0.006175760329,0.1570493925
C002479,0,0.0303746199,0.03442961701,0.03312695915,0.1092716587,0.0389236067,0.03497639904,0.03884676591,0.6800503736
C002485,1,0.01497817752,0.568344326,0.0144128275,0.01493720966,0.01997648114,0.01533073158,0.1143053363,0.2377149103
C002488,4,0.006023700912,0.006949206438,0.006175979234,0.7143375438,0.06424790554,0.006187800845,0.009998593371,0.1860792699
C002490,3,0.005583650189,0.1758156195,0.2340302331,0.005690801687,0.006835521527,0.06264020262,0.450539654,0.05886431737
C002491,0,0.3405017586,0.01046586528,0.009804576375,0.008512913197,0.01170347796,0.01041941711,0.4225905969,0.1860013946
C002492,3,0.006185791968,0.006492006486,0.006139842321,0.6808384764,0.007008418609,0.006361231875,0.2355167755,0.0514574568
C002493,3,0.01599690073,0.01671646442,0.04884818342,0.02260034742,0.09827960241,0.01652394929,0.08325202161,0.6977825307
C002495,2,0.480801188,0.006494715364,0.006464606652,0.1958963703,0.07196519621,0.005418253511,0.135281748,0.09767792199
C002498,0,0.005726772234,0.006776016827,0.006505824911,0.7192454877,0.00760146492,0.006868697433,0.007565046949,0.2397106891
C002499,2,0.2594033602,0.01974204635,0.08146221017,0.2630625242,0.02327829256,0.2060929613,0.01957755881,0.1273810463
C002500,4,0.01351297851,0.3088533796,0.1187036918,0.01338574914,0.01407894652,0.02992751374,0.01422978282,0.4873079579
C002501,0,0.1100123833,0.02565308606,0.02504721836,0.02200206952,0.1827711067,0.02846387046,0.03290455384,0.5731457117
C002503,0,0.008255127576,0.005532252136,0.008312985562,0.007213230846,0.006478368404,0.009192096037,0.008466711645,0.9465492278
C002512,1,0.1959812007,0.1808611437,0.01462913471,0.01449773499,0.08603661731,0.01564656274,0.3569812527,0.1353663531
C002514,3,0.005503344453,0.007834363703,0.8172726496,0.009901285677,0.006528660946,0.00572839197,0.006428185222,0.1408031185
C002516,0,0.003112753635,0.003503239901,0.003581963079,0.003032029381,0.00443331349,0.9250486901,0.004376680086,0.05291133033
C002519,3,0.005133196358,0.005237645073,0.00533798502,0.005074678531,0.005769747844,0.005243136405,0.8356640677,0.1325395431
C002522,0,0.001174199528,0.001291995413,0.001294660999,0.001140112746,0.01798893612,0.963425828,0.00146645371,0.01221781347
C002523,4,0.003375869077,0.0378728547,0.1629885787,0.003377047308,0.08244316958,0.04402049649,0.003715529049,0.6622064551
C002526,0,0.006824404693,0.007684664831,0.007562367548,0.4767542061,0.1262637917,0.212643976,0.06960253719,0.09266405199
C002527,3,0.04679273732,0.009994410348,0.1237090224,0.01026135647,0.02194525607,0.01134556647,0.01505976324,0.7608918877
C002528,0,0.07029588998,0.03157636376,0.009705463895,0.009966498218,0.1097389592,0.02982539465,0.5953947134,0.1434967168
C002530,1,0.3310039374,0.01123380922,0.1503101437,0.009488568079,0.01297679882,0.07355200142,0.01276244294,0.3986722984
C002531,4,0.001669533085,0.001827029309,0.001714607166,0.1386212909,0.7988200311,0.001722816325,0.001832566317,0.05379212574
C002533,2,0.02387688962,0.02612578482,0.02552486025,0.02220956106,0.02574597708,0.0224359977,0.0260764223,0.8280045072
C002534,3,0.09545883684,0.4496001169,0.03581870572,0.002786529175,0.003299431256,0.002888073631,0.3338396105,0.07630869594
C002539,2,0.02464986161,0.02785455992,0.02793086855,0.02263318944,0.03092602785,0.0232398653,0.03239702036,0.810368607
C002541,1,0.009442026428,0.005329639768,0.5841890614,0.009079052404,0.01150336684,0.2027131896,0.01149239212,0.1662512715
C002542,2,0.007969657042,0.008896843187,0.009745508419,0.00796676207,0.008460277889,0.008014245297,0.8125231883,0.1364235178
C002544,4,0.004820512843,0.01000510635,0.004924117058,0.1738528327,0.006598162881,0.6679238989,0.009802318864,0.1220730504
C002548,2,0.005187616403,0.005708026177,0.5802014823,0.004911692953,0.006297532033,0.3512015123,0.006153048074,0.04033908973
C002550,4,0.002990787432,0.008363331878,0.009505480262,0.002948932237,0.00333348234,0.9044779636,0.003315942783,0.06506407944
C002553,1,0.00297688021,0.00329991104,0.9119035834,0.003010523647,0.01412619341,0.003258565104,0.00401100585,0.05741333735
C002555,4,0.005646768622,0.2859336703,0.6407682313,0.005659464863,0.005984132646,0.005874101811,0.005971765505,0.04416186504
C002559,0,0.02235730022,0.02632174731,0.1505774067,0.02178626241,0.09035393269,0.0269363616,0.09288742853,0.5687795605
C002563,0,0.005771024537,0.004119783044,0.7231241474,0.005667955628,0.03473888364,0.006665995846,0.01302958613,0.2068826238
C002564,0,0.604438026,0.01218611401,0.05141127107,0.006576611,0.01454750062,0.01203943824,0.03930384424,0.2594971948
C002566,2,0.003931604375,0.004262009571,0.003699179698,0.9356795046,0.01039245035,0.003754233028,0.00709082855,0.03119018985
C002567,3,0.2046820468,0.03539051071,0.03298204281,0.03296468811,0.1518750494,0.03462173272,0.04257985867,0.4649040708
C002569,1,0.006018064098,0.02134523527,0.007623657665,0.07636473882,0.007612948688,0.01002393632,0.0429813742,0.8280300449
C002571,1,0.7746298107,0.009869788221,0.0091762887,0.009148570809,0.07969075689,0.009593589837,0.01060314077,0.09728805412
C002573,2,0.01881319992,0.04513250846,0.6186768527,0.02529876538,0.02297513865,0.01845510118,0.02335289785,0.2272955358
C002581,0,0.04934289553,0.005916641661,0.2458129234,0.004967643009,0.007318013914,0.02513696161,0.5528014265,0.1087034944
C002585,2,0.003477097548,0.02078466761,0.004205657364,0.005781564191,0.004064684201,0.003215426667,0.006460423425,0.952010479
C002587,1,0.005326198794,0.00533114431,0.004931398096,0.2927063889,0.4274020328,0.1977710813,0.005311827697,0.06121992806
C002590,0,0.002623316989,0.00425316691,0.01121950454,0.01018179851,0.005161672275,0.004217020701,0.001558576172,0.9607849439
C002594,3,0.003560089342,0.003954165712,0.00355281337,0.07229016005,0.833760408,0.003863951901,0.004546565943,0.07447184564
C002595,3,0.0143921935,0.01456703676,0.01427807916,0.8030851599,0.01441895574,0.0144227076,0.01418022234,0.110655645
C002599,2,0.01336906013,0.014833989,0.01442503089,0.27962457,0.02210740892,0.007852797779,0.023128335,0.6246588083
C002606,2,0.4881537083,0.009775530149,0.008719480312,0.008043832591,0.3849509301,0.008311816946,0.01011807939,0.08192662218
C002608,0,0.3946865476,0.3094509493,0.01871635963,0.01616032195,0.02205176172,0.01860713101,0.02180433173,0.1985225971
C002610,3,0.006935871527,0.4590209906,0.1243270313,0.1761081748,0.008882466595,0.007481578792,0.008785643107,0.2084582433
C002611,3,0.005812238105,0.05103487839,0.005924288256,0.01603769048,0.01509647156,0.005972196689,0.01182754582,0.8882946907
C002612,3,0.007502483564,0.00776933238,0.007424530127,0.546590074,0.003399280567,0.007919602411,0.003218885785,0.4161758111
C002615,4,0.008936064753,0.06456602945,0.05229989463,0.008913693555,0.7561306093,0.009028271494,0.02714685768,0.07297857915
C002617,4,0.003761194744,0.167493778,0.008052648815,0.007807896511,0.009955808156,0.008487084507,0.02660921264,0.7678323767
C002620,2,0.005004848171,0.006097749053,0.005912163851,0.06641260678,0.1801779889,0.4126292888,0.006733398647,0.3170319558
C002621,2,0.01019882731,0.01099676421,0.03761979446,0.2917575575,0.02171828602,0.009489233932,0.5470014558,0.07121808068
C002622,3,0.4757549883,0.04136722725,0.1692122071,0.007193575124,0.008891466303,0.007613171535,0.183287456,0.1066799083
C002623,0,0.003563058192,0.003952578401,0.3844853033,0.4824683876,0.004478310912,0.003973539971,0.08444551163,0.03263331006
C002625,2,0.001355515062,0.9265244393,0.02905889711,0.001250250605,0.001570138664,0.001278214117,0.001576850115,0.03738569502
C002626,3,0.01303682924,0.01406681891,0.6478881617,0.01283899248,0.01575146131,0.06669508175,0.01560806839,0.2141145862
C002627,2,0.02355428489,0.006382094684,0.003520582516,0.002840218919,0.003949282986,0.002979391765,0.03467061997,0.9221035243
C002628,2,0.01258194072,0.01373506393,0.01388937605,0.01212052477,0.4309497619,0.01230158913,0.1585902829,0.3458314605
C002629,0,0.4736243928,0.01031878052,0.009973641651,0.008376834129,0.01343300455,0.01039257129,0.009478918456,0.4644018566
C002634,4,0.01212443479,0.01353640317,0.0123627837,0.01197457184,0.3043004422,0.1673173631,0.01329130758,0.4650926936
C002635,4,0.003651451646,0.8654588214,0.003689269968,0.003648581449,0.004366085233,0.003764759691,0.004234713049,0.1111863176
C002636,1,0.003681288273,0.004189838163,0.006839274961,0.01508257622,0.006570130592,0.03041308587,0.00655192372,0.9266718822
C002637,1,0.0682291032,0.8357740201,0.002298106528,0.05901851668,0.003904710713,0.002431328042,0.00286990956,0.02547430521
C002638,3,0.6050551033,0.01287089681,0.0120854223,0.01286966431,0.0131545517,0.01288567799,0.251740342,0.0793383415
C002642,0,0.02823071869,0.1658742202,0.01076297199,0.3920491424,0.01389662449,0.1359415013,0.0139873454,0.2392574756
C002643,3,0.003559819001,0.005501239818,0.003519895043,0.006777035655,0.003516720393,0.003791632875,0.002535503177,0.970798154
C002644,1,0.01094663553,0.0338390644,0.01079100044,0.0107922922,0.01323968682,0.09880955229,0.01313688253,0.8084448858
C002647,3,0.01163044151,0.01208264756,0.01169137599,0.7520706795,0.0189147659,0.01208017959,0.01194100555,0.1695889044
C002649,3,0.009798385569,0.01020205027,0.009676780639,0.009684322563,0.01165999166,0.8272188196,0.01236617185,0.1093934779
C002650,3,0.02440235335,0.02514813502,0.02481657149,0.02454796068,0.02742694044,0.02539854408,0.1927457385,0.6555137564
C002653,4,0.01545130519,0.01541687214,0.01591529056,0.01549021933,0.2998568303,0.3215582135,0.20644209,0.109869179
C002655,2,0.007255679742,0.00810357075,0.008084652734,0.007129466666,0.5001162654,0.3637126633,0.009691241703,0.09590645968
C002656,1,0.01658385053,0.003560583943,0.01736364666,0.01256446326,0.0041842839,0.8419737809,0.004133182166,0.09963620861
C002657,1,0.005780728455,0.006684900563,0.005780326137,0.124225379,0.7247894361,0.006077159665,0.007871640209,0.1187904299
C002660,0,0.00409528437,0.871507957,0.004980584549,0.02292329083,0.007239303847,0.005213214187,0.007270073027,0.07677029221
C002663,3,0.01233335321,0.01317114296,0.01245318182,0.01251987312,0.02444380251,0.01307103071,0.7716914449,0.1403161708
C002665,3,0.002009037278,0.002328314516,0.002251545118,0.002756206163,0.7754915052,0.002945240014,0.003582413154,0.2086357386
C002666,4,0.01959255125,0.02604578029,0.04042342098,0.04747676483,0.05083775144,0.3535027969,0.03643590023,0.425685034
C002667,4,0.02226468025,0.6916725925,0.02344052685,0.02240168201,0.02860928689,0.02230784753,0.02880169969,0.1605016843
C002668,2,0.03942890217,0.01660866166,0.01658806613,0.01100283561,0.009680876233,0.6981183114,0.0171283131,0.1914440337
C002671,3,0.01597037478,0.4545498337,0.01610696259,0.01577660893,0.01458399027,0.04486612441,0.01574291729,0.4224031881
C002677,2,0.6297391905,0.1628904836,0.01641164275,0.01440883525,0.01680373284,0.01453159646,0.01692804397,0.1282864746
C002678,1,0.007796878014,0.007928489909,0.007647531415,0.8891633354,0.003248616782,0.007884624234,0.003073677172,0.07325684704
C002680,4,0.4513722286,0.4021079841,0.03457640359,0.005256485644,0.006234617997,0.005635366388,0.006096519211,0.08872039451
C002683,2,0.003516751654,0.004081325446,0.005206177314,0.00586829728,0.004385015902,0.005615372644,0.0174993766,0.9538276832
C002686,4,0.005660272918,0.2898679277,0.005808791269,0.1638809789,0.007737039004,0.3730621291,0.007564530828,0.1464183302
C002687,0,0.3483396833,0.01071079326,0.01073240919,0.009396910619,0.01228457202,0.5153010604,0.01222040252,0.08101416869
C002688,1,0.003871239788,0.004072865122,0.003776194322,0.5972848203,0.00446642857,0.003848482322,0.3323360635,0.05034390613
C002689,4,0.01050247879,0.2440604919,0.008145393833,0.007954599935,0.5778279405,0.008377135385,0.009915104086,0.1332168556
C002692,4,0.01821301856,0.01275228163,0.0335787062,0.01136688451,0.01294553839,0.2809868343,0.01281434613,0.6173423903
C002694,4,0.01514586608,0.1686013272,0.05641107044,0.01530227852,0.06564604156,0.4223667496,0.06713489368,0.1893917729
C002696,4,0.01262858538,0.6625787843,0.01301718477,0.1497638898,0.01493815844,0.01340969376,0.01481259266,0.1188511109
C002697,2,0.008034365451,0.009272913858,0.1262169083,0.7526318639,0.009159736673,0.007623941983,0.009226240332,0.07783402953
C002698,4,0.02167005689,0.02392013955,0.02158671673,0.02133082345,0.02573271012,0.0227870125,0.02564129463,0.8373312461
C002699,4,0.7254418845,0.003390305769,0.003197347289,0.1684139992,0.05750718077,0.003216856774,0.003448318346,0.03538410735
C002700,4,0.1380468454,0.02440792102,0.02331509732,0.02245801975,0.02720239453,0.1261479381,0.02822368051,0.6101981034
C002703,3,0.005300579653,0.005736384218,0.01766992597,0.005224716951,0.00650501973,0.00550303171,0.007249497919,0.9468108439
C002705,4,0.8034927899,0.01195314094,0.01101382015,0.01071837564,0.01263851452,0.01109377277,0.01280169305,0.1262878931
C002707,2,0.6368960624,0.01572416621,0.01532354418,0.02425122658,0.01681397986,0.01384862138,0.01666271154,0.2604796879
C002714,4,0.1594376803,0.709085291,0.00496243203,0.004881712417,0.01721010373,0.004632326956,0.06577819349,0.03401226012
C002715,1,0.291177617,0.460126739,0.07032488518,0.008718031487,0.01104598749,0.009327143856,0.01348669225,0.1357929037
C002719,2,0.2832843416,0.00533915839,0.005291748167,0.01702176188,0.4495154038,0.01536773972,0.05536561138,0.1688142351
C002720,2,0.007210846778,0.02092874876,0.04656808477,0.007088277647,0.008191167569,0.007343544863,0.00821008101,0.8944592486
C002721,0,0.004729571789,0.005561112062,0.00536030182,0.004595830656,0.1363406042,0.005616719718,0.7089691005,0.1288267592
C002725,4,0.01060202557,0.5920762046,0.01086814951,0.03800464723,0.08820957449,0.01132646217,0.01252736077,0.2363855757
C002729,3,0.1903555786,0.02813909837,0.04922901952,0.02645659347,0.02953700723,0.0278361671,0.04712610917,0.6013204265
C002731,3,0.02620404878,0.02510984126,0.02692847355,0.03770914612,0.03029079123,0.027389016,0.02902843889,0.7973402442
C002733,2,0.003964908617,0.004484137133,0.004391733186,0.1665601783,0.2080267478,0.5739063931,0.004569758417,0.03409614346
C002734,3,0.125156854,0.005144466288,0.004995332414,0.004961142772,0.06519600934,0.7465336391,0.00509134609,0.04292120992
C002736,1,0.004095571333,0.004306347928,0.8418956341,0.004091871523,0.004860630167,0.03527570499,0.004860116668,0.1006141233
C002737,1,0.008291614919,0.008927014303,0.3154978284,0.004421387186,0.5422309142,0.008609434164,0.009982874987,0.1020389318
C002738,0,0.03335341885,0.9156813622,0.00784615783,0.002461552055,0.01611775899,0.002744924582,0.003125592023,0.01866923349
C002739,2,0.01065163048,0.01209105043,0.01211017907,0.0104612111,0.8295125695,0.01076699575,0.01212967438,0.1022766892
C002740,3,0.01745164993,0.7919776482,0.01432155783,0.0142990224,0.01675873755,0.02179368782,0.01636371162,0.1070339846
C002742,3,0.1430122353,0.01117222369,0.01086747087,0.3584463802,0.01127951397,0.1167907508,0.2208295736,0.1276018516
C002746,4,0.0291048459,0.03087919867,0.03014946608,0.1063792157,0.03137093032,0.02925862039,0.4421892653,0.3006684576
C002747,4,0.5058989991,0.0219451734,0.01341496485,0.01324183429,0.01628044939,0.01415831722,0.01600665742,0.3990536043
C002749,2,0.01576358276,0.01812475307,0.01888694297,0.7658373555,0.01884846099,0.01525756999,0.01898786543,0.1282934693
C002751,1,0.01311077222,0.01524725607,0.01247077913,0.1603472413,0.01970661391,0.01389563086,0.01979800427,0.7454237023
C002753,2,0.004484840384,0.004988961912,0.004998340157,0.00427455024,0.005652838957,0.930976885,0.005867471289,0.0387561121
C002755,2,0.01170158807,0.1398389617,0.01324316803,0.6244614907,0.01414009965,0.01189258392,0.01172263037,0.1729994775
C002757,4,0.006202115187,0.2047193236,0.006323511665,0.5999423226,0.0979359959,0.006413135287,0.006781515489,0.07168208029
C002758,0,0.02363375247,0.0260785288,0.02712861973,0.02284881305,0.03336526759,0.02661272759,0.03262330373,0.807708987
C002760,4,0.00700947926,0.007959177918,0.007178259854,0.007032542689,0.2491195822,0.5463918061,0.02222435885,0.1530847931
C002762,4,0.3543526678,0.008363114095,0.02864400098,0.007877974917,0.009335340272,0.00804080668,0.5259971878,0.05738890744
C002764,3,0.008765987419,0.009220697208,0.0589086643,0.008769220289,0.152532896,0.5851905863,0.1110395344,0.06557241408
C002767,0,0.002482010385,0.002928613708,0.6361291247,0.002389942832,0.00370332588,0.002868097065,0.2994294838,0.05006940159
C002768,3,0.02485585017,0.02569900604,0.0250386302,0.02454638028,0.02599198191,0.02574109393,0.02010157885,0.8280254786
C002769,4,0.01380491167,0.01448059443,0.814291304,0.01268873856,0.01678708614,0.01385074251,0.01701494184,0.09708168088
C002771,1,0.212303533,0.005521710877,0.5386435949,0.004919234776,0.006540412088,0.1308165807,0.006263578246,0.09499135549
C002772,1,0.02491939257,0.4002924136,0.02427433823,0.02434912732,0.06345574121,0.02575892453,0.05758994212,0.3793601204
C002773,2,0.00193763441,0.002155049377,0.6498562961,0.1925043579,0.1219093578,0.001765895867,0.002356605938,0.02751480251
C002775,0,0.003868085369,0.8306978011,0.02009665302,0.003743097863,0.005703601617,0.006507262778,0.005731386378,0.1236521119
C002779,2,0.4825888423,0.007049083446,0.007478706948,0.0116503525,0.007628291775,0.07438587722,0.3625162248,0.04670262101
C002780,4,0.003630647596,0.8005207473,0.003780036891,0.003625864578,0.004894084141,0.003934119955,0.004750641951,0.1748638576
C002786,0,0.003007251395,0.9028177291,0.003379541324,0.002945923742,0.003844639338,0.003535072102,0.00385183559,0.0766180074
C002788,0,0.06389473316,0.01758150528,0.01687540443,0.0146358634,0.2386226283,0.3509308166,0.01925816504,0.2782008838
C002793,3,0.0302944707,0.03263739449,0.03073662958,0.03086576363,0.08848129626,0.4308773528,0.1170278165,0.2390792761
C002794,2,0.01932590488,0.02128289881,0.0182068237,0.0190797447,0.02088852261,0.7400800193,0.02095425906,0.140181827
C002795,3,0.180734159,0.02028008823,0.01953910297,0.0195020119,0.02154360031,0.1988639819,0.02115110244,0.5183859533
C002796,2,0.002814308057,0.003250215386,0.003067173599,0.002544914475,0.8049072357,0.002774292524,0.003908648071,0.1767332122
C002798,0,0.01557200529,0.01751831635,0.610348957,0.04279709062,0.0728523943,0.01785623899,0.02112879098,0.2019262065
C002800,0,0.01016089591,0.003136811108,0.007381946239,0.005277312426,0.003848743992,0.003120771393,0.003853826209,0.9632196927
C002801,3,0.002651655536,0.01934504009,0.01548361582,0.01739050397,0.009345926966,0.02141035052,0.006493368692,0.9078795384
C002802,4,0.008040939321,0.01140095539,0.03829899333,0.1964316955,0.0106731042,0.008399454232,0.6549536957,0.07180116227
C002804,1,0.3232444849,0.02222628547,0.196830504,0.02086061013,0.02525743155,0.01406521289,0.02549924853,0.3720162225
C002805,3,0.03428456895,0.008092423398,0.007425643758,0.00742134693,0.00955322695,0.009118536197,0.009386853827,0.9147174
C002808,4,0.002833273135,0.008630127143,0.002861390813,0.02068945766,0.01758174014,0.008067143608,0.01458961259,0.9247472549
C002809,3,0.005915016444,0.006131385646,0.005952599596,0.9162675245,0.006721628466,0.006056153942,0.007139286997,0.04581640442
C002810,0,0.01534052269,0.01537163871,0.01602966224,0.3575796943,0.01663005495,0.01573493544,0.4545751623,0.1087383294
C002812,4,0.3800714791,0.004384643437,0.08557440563,0.004053190229,0.00490518199,0.4844784437,0.00489344214,0.03163921378
C002813,1,0.005163464101,0.006927372368,0.006436951654,0.8769563476,0.007714603779,0.006689192032,0.007639259365,0.08247280914
C002814,2,0.003445284754,0.003229778785,0.003822907648,0.003255105532,0.9538258546,0.003258443446,0.003889089909,0.02527353535
C002816,3,0.02479592706,0.02561627254,0.1171160548,0.02520313201,0.2967460736,0.07634560045,0.0257308722,0.4084460673
C002817,4,0.009425525123,0.3039141436,0.009639557816,0.00943490454,0.5589397779,0.009785599224,0.01008043317,0.08878005859
C002820,1,0.1984725208,0.01029170099,0.009871196075,0.009856205206,0.01101989589,0.6665694268,0.01069852526,0.08322052903
C002821,3,0.1480020153,0.01614686624,0.02385654503,0.4069494166,0.02803778551,0.04505256541,0.02773477598,0.3042200299
C002822,0,0.7674871152,0.01284705972,0.01345741999,0.01163870482,0.01707648606,0.01355263617,0.01725097673,0.1466896013
C002826,1,0.006943283002,0.00734335474,0.00695078774,0.5014360286,0.0113392519,0.05762861279,0.3199564007,0.08840228048
C002829,4,0.08622702609,0.01011841183,0.009790607779,0.6411566176,0.01089247687,0.1636199786,0.01079064858,0.06740423261
C002834,1,0.003367176429,0.003535547381,0.003281297206,0.003310759332,0.003819718893,0.003412833158,0.9458420899,0.03343057775
C002836,3,0.008504191282,0.008843190654,0.5193345224,0.008434080753,0.009630914899,0.008776514192,0.3392118612,0.09726472467
C002838,3,0.003411176541,0.005362001494,0.005549462466,0.005619863335,0.01637470525,0.9120501542,0.00545819681,0.04617443994
C002839,3,0.02295413651,0.02530868946,0.1619333678,0.0231891879,0.02950442867,0.02035694004,0.3799045777,0.3368486719
C002840,0,0.008889634929,0.4294311786,0.01242821424,0.008532394283,0.01198237498,0.2127725584,0.006910328587,0.3090533159
C002842,2,0.01772601912,0.0193687888,0.01975704481,0.01622617241,0.2193582272,0.01739876771,0.2117366605,0.4784283195
C002843,0,0.1019773043,0.05306259524,0.01027841738,0.05479567265,0.01142496978,0.6272454028,0.06235686126,0.07885877653
C002844,0,0.2911271564,0.007687582894,0.007891524612,0.006866483688,0.5995360833,0.007736523268,0.009344433834,0.06981021197
C002846,2,0.02452370015,0.02780280575,0.02773241096,0.02227776184,0.03045522487,0.02300863585,0.03084793798,0.8133515226
C002847,2,0.004740406236,0.005411069644,0.005246359764,0.004611187001,0.005749614088,0.0192378485,0.00528604664,0.9497174681
C002849,4,0.02241870523,0.02422508051,0.5625197988,0.02210334988,0.03883008295,0.09212776357,0.02557172379,0.2122034953
C002851,2,0.02404839257,0.02631960499,0.02670177285,0.02187942996,0.0431614472,0.02220312081,0.04037933158,0.7953069
C002852,0,0.0092399394,0.0108142627,0.1901151705,0.4411296798,0.007421871364,0.1350009849,0.006753601665,0.1995244896
C002853,1,0.007443906862,0.008686497062,0.5230056854,0.2620880481,0.005929822842,0.007870306354,0.005707578841,0.1792681546
C002855,1,0.09316066492,0.3631733114,0.009218416563,0.4009856543,0.01024954952,0.009405412888,0.01013534627,0.1036716442
C002856,1,0.01255979272,0.01389676154,0.01210004789,0.0159560421,0.06750465004,0.07658760327,0.4605115766,0.3408835258
C002859,1,0.09277757147,0.7795254957,0.002464902678,0.002455731367,0.003321879096,0.02510640789,0.03955107396,0.05479693784
C002861,3,0.001694465098,0.007501253324,0.002404419977,0.003629742422,0.002952604131,0.002493059282,0.002902256865,0.9764221989
C002862,4,0.006748457921,0.5796481673,0.009955401091,0.006647165257,0.2904133348,0.01507796498,0.007841804979,0.08366770365
C002863,3,0.02842611205,0.02935799101,0.02949672334,0.02849272813,0.0316025572,0.02884131526,0.03112147195,0.7926611011
C002866,0,0.008696341096,0.674055473,0.007596472539,0.008534809016,0.2158299192,0.009077813764,0.009471867948,0.06673730339
C002869,1,0.01423737105,0.0153276528,0.01392458239,0.3723261695,0.01166522575,0.01478446459,0.05336788978,0.5043666442
C002870,2,0.121460009,0.003388201159,0.003507761216,0.002943906396,0.003580200326,0.00296074136,0.8083341086,0.05382507194
C002871,4,0.001939647435,0.002338791695,0.8413159306,0.06025415274,0.002459476474,0.05391643902,0.002353787571,0.03542177445
C002876,4,0.004521778609,0.005504339772,0.01207409525,0.004549568481,0.005259695487,0.005040120839,0.00515550813,0.9578948934
C002877,0,0.006051909199,0.1583517372,0.006598278344,0.395487718,0.3126079518,0.006919353655,0.008216018177,0.1057670336
C002879,1,0.06758955454,0.006164858082,0.06566870673,0.005793342522,0.01081278976,0.2037901177,0.5884352248,0.05174540588
C002880,0,0.06929562734,0.01977390498,0.02090994943,0.1295233009,0.02424310426,0.1392885283,0.0236874819,0.573278103
C002883,0,0.01356017802,0.0353556223,0.223611503,0.5730810569,0.01844154067,0.01429074098,0.01806845949,0.1035908987
C002884,2,0.003906248949,0.03899149691,0.07951149369,0.003689790234,0.02748380843,0.792168577,0.004433564071,0.04981502073
C002885,2,0.01290148508,0.01436183199,0.7887927331,0.01232116044,0.01548220443,0.01279013954,0.01552804348,0.127822402
C002889,2,0.004386678139,0.004731289167,0.004728590107,0.04287482438,0.7627666802,0.1426551309,0.004831610574,0.03302519657
C002890,0,0.02258702074,0.001183022729,0.001121433815,0.009166767519,0.001495798389,0.9418733683,0.0009030811108,0.02166950738
C002891,1,0.2309841249,0.09323873005,0.4496208109,0.006142498241,0.008283968646,0.006731681338,0.008231907048,0.1967662788
C002892,4,0.003897679434,0.05544366403,0.00390924094,0.003793214999,0.005138261532,0.004100832648,0.005019487653,0.9186976188
C002894,1,0.02239462515,0.02302698158,0.02166811543,0.02172465255,0.02622750599,0.02237396321,0.02603287111,0.836551285
C002895,1,0.6456897242,0.005274555538,0.004417587316,0.004401297813,0.006250946101,0.004821289132,0.006038851081,0.3231057488
C002896,4,0.01394864502,0.7621968359,0.01427928086,0.01386822386,0.03872808711,0.01459431735,0.01537922371,0.1270053861
C002898,3,0.009822595281,0.4071740215,0.009847066506,0.4639276723,0.01019016779,0.01036559435,0.01104780088,0.07762508139
C002899,1,0.0105323878,0.01140777086,0.01391814136,0.01043376473,0.01333845777,0.01068385667,0.03818959021,0.8914960306
C002900,2,0.004687948678,0.005194277881,0.0400031588,0.004935736755,0.3225359462,0.4850464269,0.09119275929,0.04640374555
C002902,2,0.006853204625,0.007606512161,0.4393291824,0.006651603784,0.4720796731,0.00669409866,0.008138391224,0.05264733403
C002903,4,0.009128351852,0.004270604574,0.009129334909,0.02632222495,0.004282623837,0.01717816866,0.004126517745,0.9255621735
C002907,0,0.021891093,0.02458950234,0.02461371088,0.07850800959,0.1044659713,0.02524133581,0.1232512728,0.5974391042
C002908,3,0.004073761355,0.2062221562,0.11673884,0.00425083928,0.5955758386,0.006112636608,0.006482013099,0.06054391481
C002909,3,0.02438018248,0.02558232907,0.08164898805,0.02458072615,0.02675904965,0.02574206826,0.02634672661,0.7649599297
C002910,0,0.002411644702,0.002881430036,0.002666241163,0.002320481172,0.003612403046,0.002858655799,0.8411362303,0.1421129137
C002912,2,0.01510720555,0.01669679593,0.07254520535,0.01467773123,0.01692077029,0.7444324525,0.01719148096,0.1024283582
C002913,2,0.009244966076,0.03138073124,0.003002071675,0.002379672994,0.003523071381,0.002527677492,0.003470566716,0.9444712424
C002916,1,0.006280378915,0.006778422371,0.09287343428,0.006192439892,0.008456754089,0.03502619688,0.7279097982,0.1164825754
C002918,0,0.01731351189,0.01887473827,0.01977008,0.01201857809,0.02071926699,0.01917142735,0.7124015285,0.1797308689
C002919,3,0.005536052132,0.00315919862,0.003636993576,0.003677763675,0.006636113902,0.01842387089,0.005219160904,0.9537108463
C002920,3,0.004028490896,0.07519537683,0.004777857808,0.004799029162,0.8292058881,0.004866204524,0.007827653644,0.06929949902
C002924,1,0.004259300304,0.004613935718,0.6015184457,0.004108118588,0.005508795899,0.3028762833,0.006184645093,0.07093047542
C002926,3,0.01845113439,0.003681407459,0.00472743674,0.00476084411,0.005204448534,0.003308529476,0.00447280216,0.9553933971
C002927,2,0.001640850443,0.9190309648,0.001765270465,0.001472906542,0.01443248554,0.001538626834,0.008886013815,0.05123288155
C002928,3,0.009172633486,0.009712942791,0.009270382222,0.009206810778,0.01052985978,0.8585096905,0.01030842947,0.08328925098
C002931,0,0.1203890038,0.01083220788,0.7038103932,0.00272773681,0.0659962782,0.00317675963,0.04244045035,0.05062717016
C002932,0,0.0155104314,0.01711427311,0.01760995908,0.7340084689,0.01989730908,0.01734151438,0.01974112626,0.1587769178
C002934,2,0.006496828891,0.003814653152,0.004058507999,0.003672476972,0.001198035793,0.008832140629,0.001150330451,0.9707770261
C002935,2,0.001120569796,0.001289431671,0.5988675378,0.001065757914,0.3564362242,0.007780883455,0.001420431608,0.03201916354
C002940,4,0.005043792719,0.005478134861,0.005349414517,0.7018080769,0.2402002374,0.004932146319,0.005522394177,0.03166580313
C002941,4,0.007113443616,0.1306571427,0.007279912323,0.00714024796,0.008330655218,0.7218730054,0.0668478989,0.05075769388
C002942,2,0.06185767888,0.006368171984,0.005950272242,0.1459320365,0.006777898015,0.3888146544,0.2387316098,0.1455676782
C002943,1,0.02527399609,0.02663776133,0.02582254989,0.0253935964,0.02953097676,0.02645183541,0.02836181036,0.8125274738
C002948,4,0.01684937899,0.009085659977,0.007969273147,0.2274739146,0.01004887365,0.008140946658,0.6125581492,0.1078738037
C002953,4,0.003070636407,0.9517385756,0.003167526085,0.003068153648,0.003094794852,0.003202821154,0.002504073535,0.03015341876
C002955,3,0.03083887425,0.03222792093,0.03137328369,0.03164207007,0.06812020088,0.03231129425,0.05870981977,0.7147765362
C002957,2,0.01374081816,0.01486388455,0.162805081,0.01245051308,0.01457468993,0.01249862018,0.5247057376,0.2443606555
C002958,4,0.09791243232,0.002641414506,0.002534336618,0.00247182084,0.002730624733,0.8683048942,0.002722421642,0.02068205512
C002964,2,0.005838201136,0.7624782471,0.00646830526,0.005715155004,0.006849619456,0.005927135663,0.006946222531,0.1997771139
C002966,4,0.01252951893,0.01451299924,0.1287189562,0.01247946289,0.01405026656,0.3565347597,0.085782506,0.3753915304
C002967,3,0.1037527385,0.002958850269,0.002904678996,0.002953632777,0.3610982607,0.002980271963,0.5020108067,0.0213407601
C002970,0,0.004664213673,0.005302354583,0.04727125099,0.5897745932,0.00614442289,0.005307590063,0.2708644571,0.07067111746
C002971,4,0.02078760916,0.02544748977,0.0211580176,0.2075766889,0.03807747474,0.05035401755,0.03685845752,0.5997402447
C002973,1,0.01638550506,0.09601710525,0.004206286495,0.01537598168,0.005841348606,0.004472372865,0.005546116613,0.8521552834
C002975,3,0.002913202757,0.3357047689,0.002907496357,0.002913475337,0.003510214188,0.003061066934,0.588217337,0.06077243853
C002977,2,0.009290094839,0.01038538073,0.01019647712,0.1229189658,0.6941121181,0.04104519674,0.0113608524,0.1006909144
C002987,2,0.7623437604,0.005563076277,0.06431854892,0.1073121169,0.005827732036,0.004844618687,0.006025591842,0.04376455496
C002988,4,0.01056939255,0.011380927,0.01074655492,0.01052909162,0.01239065086,0.2578540403,0.4249623963,0.2615669465
C002989,0,0.01522501571,0.1270720081,0.01026370614,0.09813893894,0.01388697407,0.01112807102,0.01392109667,0.7103641893
C002990,4,0.006444238772,0.006139936447,0.02729573493,0.05182833115,0.009414075723,0.005885897226,0.006392283698,0.8865995021
C002994,1,0.01186093249,0.01315017923,0.01195586806,0.01193905971,0.01458569778,0.7297191028,0.01399223176,0.1927969282
C002996,3,0.002335528212,0.002550715467,0.00235672297,0.002311497946,0.002826596854,0.002468313934,0.8934145501,0.09173607456
C002998,3,0.5034195383,0.02187686461,0.02144647453,0.02104233058,0.1833276847,0.02232349749,0.06514806057,0.1614155492
C002999,4,0.02296882931,0.02542884837,0.02401444338,0.02287521917,0.05373902409,0.02386095543,0.02569915181,0.8014135285
C003001,2,0.007386380374,0.05435837198,0.6827291681,0.1676781236,0.01613106713,0.006893968507,0.0110643189,0.05375860148
C003004,2,0.01089583584,0.01285924005,0.3647951633,0.01882935957,0.04599176509,0.03379564817,0.03044747707,0.482385511
C003006,1,0.01600659678,0.02175650268,0.0162555442,0.4840651722,0.01836695532,0.0167958226,0.01755928006,0.4091941261
C003007,2,0.01289333308,0.09789527694,0.06902585586,0.01192205545,0.01456531731,0.01206175558,0.01484006553,0.7667963402
C003008,1,0.3071775394,0.006709949366,0.006205704944,0.006217363173,0.5270020834,0.006528301,0.09182621687,0.04833284192
C003009,2,0.6947603396,0.02245146536,0.02290714183,0.0114412189,0.02339932217,0.0188517568,0.02357211545,0.1826166398
C003010,0,0.02277963121,0.02388128181,0.02576753186,0.02201730961,0.02724904887,0.02465939899,0.02753498744,0.8261108102
C003011,3,0.008372933303,0.009200473937,0.5891331687,0.04304925102,0.156937955,0.009081976186,0.01315321333,0.1710710286
C003015,4,0.006125921717,0.006778702576,0.00626755597,0.006144999628,0.00700572269,0.006393130535,0.9067476945,0.05453627241
C003017,3,0.007779822619,0.008808762728,0.008587871744,0.6504335671,0.009190512717,0.008845251523,0.009111670929,0.2972425407
C003020,0,0.207937844,0.01137750924,0.06581695508,0.3944634986,0.01309563918,0.1428060345,0.01293906529,0.1515634542
C003023,4,0.0837450373,0.01736845325,0.0227353078,0.4478881384,0.02094715418,0.01789742023,0.02063523958,0.3687832493
C003024,1,0.01123184904,0.0113931676,0.01132848933,0.4946047789,0.2322895249,0.1542113474,0.01147105043,0.07346979235
C003025,4,0.009158058618,0.01001361519,0.4516102369,0.00916834781,0.01040509375,0.410154474,0.01034152723,0.08914864655
C003026,0,0.003747628678,0.004283114022,0.8142042097,0.01674065758,0.005019582481,0.07072467388,0.004916524415,0.08036360921
C003031,4,0.03987196924,0.01403175809,0.01209405685,0.01163989163,0.05044187783,0.01280285406,0.01390483265,0.8452127597
C003034,4,0.00381140236,0.003894250886,0.6370615578,0.003754316004,0.3193749171,0.003798969021,0.002232158863,0.02607242795
C003035,3,0.01882558203,0.0193250297,0.01851303267,0.01915231274,0.02067497823,0.7557962294,0.02046932877,0.1272435065
C003037,2,0.07451440191,0.005732812765,0.005742584326,0.5043136896,0.006275180823,0.3584394594,0.006196581839,0.03878528933
C003038,4,0.120458107,0.006516908767,0.004360912385,0.005278200036,0.5841807701,0.005739062509,0.007037305256,0.2664287339
C003041,3,0.005668754111,0.006070143965,0.008648050483,0.005491214203,0.02740539002,0.01886601765,0.006842080996,0.9210083486
C003044,0,0.00641952882,0.005468990181,0.003643660567,0.003850845802,0.004624282486,0.00349535839,0.002712090133,0.9697852436
C003046,0,0.02297824683,0.0253655931,0.02590622811,0.02223177361,0.03023107391,0.02578549301,0.02989752641,0.817604065
C003049,2,0.01814618642,0.1145594865,0.02004342589,0.4894446332,0.02065683116,0.01747246671,0.1607067643,0.1589702058
C003051,3,0.006256337604,0.006771062766,0.00623317415,0.1556581013,0.630946544,0.006579623626,0.007510564851,0.1800445917
C003054,0,0.02263124913,0.02505297123,0.02628141774,0.0218502175,0.03458916669,0.02566561586,0.03427792641,0.8096514354
C003058,0,0.004002225757,0.6443965964,0.004613358395,0.003926678952,0.005581701284,0.004917750477,0.2056009308,0.1269607579
C003060,0,0.134007794,0.2615516048,0.02118517755,0.02017632844,0.0237084878,0.3188340905,0.02387005201,0.196666465
C003062,2,0.003101857699,0.003474014075,0.003934685974,0.9026495545,0.003574506422,0.002924723761,0.05088239302,0.0294582645
C003065,4,0.003018420193,0.003589313864,0.00310671467,0.003067055451,0.8782698272,0.005935992354,0.003396889715,0.09961578655
C003066,1,0.01082512245,0.0111142835,0.0108047797,0.2154291149,0.5363557792,0.1178869434,0.01132225193,0.0862617249
C003067,3,0.01778495657,0.01785230706,0.01714886145,0.1159809721,0.01983747403,0.6502390533,0.01966217186,0.1414942036
C003071,4,0.3914285174,0.3987889325,0.007369645922,0.007213250772,0.09680512693,0.007359876036,0.008084078213,0.08295057227
C003072,3,0.02613261083,0.002840168108,0.01859078579,0.002642822957,0.003286391905,0.002763373729,0.005675355298,0.9380684914
C003073,1,0.02765338617,0.02902797876,0.0280341236,0.0275628952,0.03320570859,0.02881041565,0.03220324312,0.7935022489
C003075,2,0.005240062202,0.005658415942,0.4290742794,0.004940916484,0.4283603582,0.07238548188,0.006046617115,0.0482938687
C003076,3,0.002174766957,0.002045697935,0.002190391751,0.9430755906,0.02915863852,0.002302842361,0.002505945259,0.01654612666
C003079,1,0.005881921508,0.2391637486,0.5061545546,0.005870474008,0.0416552762,0.08486253878,0.007518238105,0.1088932482
C003083,0,0.008122061231,0.01702737438,0.01598271241,0.3611694033,0.01947659672,0.2806304404,0.01923190399,0.2783595076
C003084,3,0.01900366649,0.004621892163,0.004234633332,0.01944651673,0.005454411833,0.00487515583,0.02836578409,0.9139979395
C003085,1,0.181206391,0.006500888252,0.006218115844,0.3223261887,0.3188914294,0.008134708984,0.09927199355,0.0574502843
C003086,1,0.008649174492,0.009247145557,0.1915662104,0.008505297252,0.696442925,0.008964511148,0.009918327885,0.06670640827
C003095,2,0.1505591037,0.04762755043,0.04627123959,0.04021009547,0.04972445898,0.04148018322,0.02523060326,0.5988967653
C003096,2,0.002235635403,0.002653631306,0.002623012959,0.3268976449,0.003177558306,0.002052751638,0.5933215136,0.06703825189
C003098,2,0.02451723712,0.02789484498,0.02819009432,0.0227281288,0.03007615356,0.02279998062,0.03012673887,0.8136668217
C003099,3,0.004716419566,0.005070563746,0.004772673215,0.0315420562,0.04437604488,0.01208150901,0.007553490436,0.8898872429
C003100,1,0.03030978072,0.02178449544,0.1526582295,0.01969907935,0.02651825353,0.2067723544,0.05699329534,0.4852645117
C003106,3,0.002106927696,0.03652869549,0.8857989414,0.00211108725,0.002692348775,0.002245185678,0.006828002113,0.06168881158
C003108,2,0.006413992599,0.1385927746,0.00710880189,0.3335031913,0.2494837872,0.202743204,0.007701561547,0.05445268685
C003110,2,0.007127297528,0.007949368627,0.7047839706,0.006489462475,0.008742575332,0.006649481993,0.008900344542,0.249357499
C003112,2,0.01519488094,0.7291109923,0.01710540201,0.01467995171,0.01715767785,0.09146811328,0.0172338655,0.09804911639
C003113,3,0.003844848705,0.004099551643,0.00611904915,0.00494050344,0.01429186755,0.004313810281,0.01502967546,0.9473606938
C003114,0,0.00281257736,0.002557517192,0.003159565623,0.003419812996,0.004068073384,0.003396473746,0.0040015041,0.9765844756
C003116,0,0.002900822132,0.003633955328,0.003348095513,0.002878437369,0.04375316977,0.003625855896,0.004241353006,0.935618311
C003118,4,0.003850586751,0.004186438268,0.003935851904,0.003817174729,0.004307780053,0.9293804581,0.0043566904,0.04616501978
C003119,1,0.01363947334,0.01410005416,0.013189307,0.01317117375,0.01587133903,0.8066864403,0.01548434236,0.1078578701
C003122,4,0.004187655381,0.004623072897,0.004335460165,0.932153879,0.004744049118,0.004447318748,0.004783548794,0.04072501591
C003124,2,0.01270955981,0.01484304952,0.01400697657,0.01847188957,0.01566304884,0.2357972164,0.01529994383,0.6732083155
C003126,0,0.01332420509,0.01539356712,0.0155804805,0.7342286429,0.01747583952,0.01536499289,0.01760156667,0.1710307054
C003127,3,0.006819393705,0.007102204639,0.006769038627,0.8414274127,0.00828989148,0.01239250476,0.008305421565,0.1088941325
C003129,4,0.008682509192,0.009591106036,0.619998514,0.008657430999,0.2719501921,0.008797192493,0.01136928033,0.06095377481
C003132,4,0.01441665561,0.0157962911,0.01467789937,0.01424609079,0.01622751535,0.01511845762,0.6808282431,0.228688847
C003138,0,0.3487272775,0.008247751265,0.007968068746,0.006993741513,0.009682213558,0.533884884,0.009580716216,0.07491534714
C003139,0,0.003046456817,0.06378898002,0.003665837966,0.003030335289,0.01809092929,0.02374860939,0.8028801103,0.08174874093
C003140,1,0.6505507137,0.01218175417,0.006519584984,0.006539274673,0.03341764056,0.1669233203,0.007589504543,0.1162782071
C003143,4,0.006260375198,0.006777054421,0.006491202531,0.9059977687,0.006901562198,0.006493888669,0.006859992784,0.05421815553
C003144,0,0.008291966461,0.009533046523,0.7166814503,0.005996514539,0.01656955036,0.03536873944,0.01112277665,0.1964359558
C003145,3,0.005370359282,0.003935296691,0.003781517954,0.01317172485,0.002405188373,0.003931550878,0.003933618988,0.963470743
C003146,3,0.01128097844,0.01233979663,0.01137877688,0.007590633071,0.03618943386,0.01203692036,0.6134674711,0.2957159896
C003147,1,0.03905623762,0.04120907128,0.1641553754,0.2390318271,0.05173260897,0.04027827783,0.05054634086,0.373990261
C003148,1,0.02010124433,0.004391664353,0.003993176035,0.005548224242,0.004835690891,0.004106895343,0.004642547611,0.9523805572
C003149,3,0.2251275788,0.003557654829,0.00341753132,0.003464514021,0.003837636776,0.6815090824,0.003801026264,0.07528497557
C003150,4,0.7364287415,0.03180948063,0.009807388757,0.009648826505,0.01050225012,0.009763229076,0.1245565479,0.06748353547
C003152,2,0.003177394741,0.008274749393,0.003571351159,0.003054158151,0.003833379933,0.003039972229,0.01000436863,0.9650446258
C003153,1,0.007550468222,0.1928641997,0.5455803474,0.007935387602,0.01567356232,0.008061016058,0.1258259124,0.09650910635
C003154,0,0.02010708559,0.1145346074,0.02129889578,0.01973716998,0.3905842597,0.02244985087,0.1594999623,0.2517881684
C003155,2,0.02334998369,0.02566621648,0.02535839647,0.02098626473,0.0281109748,0.02153817094,0.02873325864,0.8262567343
C003157,0,0.01994661136,0.3275517638,0.02195590659,0.01943225773,0.0160128366,0.01373825791,0.02775015532,0.5536122107
C003160,3,0.007105354782,0.4399213598,0.005138307836,0.007124963057,0.06959228759,0.007540094973,0.3505741711,0.1130034608
C003162,2,0.002465035929,0.002722120086,0.9398391102,0.023887022,0.002854930114,0.002358358274,0.002908234007,0.02296518935
C003163,2,0.4937286217,0.01246839311,0.192335151,0.01424906493,0.05912535684,0.01056395412,0.01232881011,0.2052006482
C003164,3,0.007592011363,0.00744115161,0.007040581034,0.007072322554,0.3164947796,0.007386116137,0.5921936236,0.05477941409
C003167,0,0.002732746039,0.002996443241,0.003035587926,0.6587983875,0.003479564337,0.003000341839,0.2980173194,0.02793960971
C003176,0,0.006011920837,0.006560977698,0.006844718617,0.876263625,0.007495456901,0.02034165297,0.02238456655,0.05409708142
C003178,1,0.003776233003,0.004085434479,0.1003740035,0.0036108102,0.7903360613,0.03171133937,0.004124143178,0.06198197493
C003180,1,0.005787148139,0.01441950731,0.8791056226,0.01265108296,0.004346470439,0.01592383117,0.004339606814,0.06342673057
C003184,2,0.2663136948,0.01452374164,0.01464429174,0.007707146739,0.01692856051,0.01227730296,0.5124513945,0.1551538671
C003185,3,0.1230998864,0.0296624633,0.02764670678,0.02710775396,0.03485189527,0.02869892118,0.1205128299,0.6084195432
C003186,3,0.02397756717,0.02478467042,0.02488786257,0.02430651404,0.02729173645,0.02460874783,0.02688730049,0.823255601
C003188,2,0.004124368805,0.00445326487,0.00460783798,0.003862533865,0.9269298566,0.01876058866,0.0046638315,0.03259771767
C003189,2,0.02306493064,0.02561491181,0.08699757077,0.02098279,0.07922157775,0.02142861599,0.02859003089,0.7140995722
C003191,0,0.005442658313,0.4395814661,0.006002617637,0.005236564314,0.007100237638,0.006138519264,0.4797438908,0.05075404586
C003194,3,0.006851372573,0.8861341372,0.02107569339,0.006958834146,0.01086855268,0.007212792551,0.007094942257,0.05380367521
C003196,4,0.05166567824,0.03580536453,0.006165984847,0.009975666711,0.006471738094,0.006199859224,0.8093217548,0.07439395355
C003197,2,0.006940123455,0.007815353925,0.3372620101,0.006593880898,0.007897065182,0.006707453408,0.558115411,0.06866870201
C003198,3,0.0642451776,0.03721898944,0.5517769893,0.1683835181,0.02693188887,0.01246774001,0.02572499311,0.1132507036
C003201,2,0.02459181712,0.02738198786,0.02693576902,0.02252806467,0.03013822911,0.0231203395,0.0305367092,0.8147670835
C003202,0,0.01353508623,0.01512348225,0.01505192389,0.01314561813,0.772664429,0.0148991057,0.01651485822,0.1390654966
C003203,1,0.003462001049,0.003670577661,0.003428963534,0.003436573264,0.944184585,0.003544112994,0.004240178345,0.03403300817
C003205,3,0.003815569447,0.4272155896,0.4040629524,0.003875213414,0.1208652951,0.003855412817,0.004211456891,0.03209851034
C003206,0,0.5668502389,0.01276849595,0.01284077938,0.01223793533,0.1031025584,0.1497718859,0.01438348682,0.1280446193
C003210,1,0.005213611857,0.3998726468,0.4116917933,0.00517072875,0.006862020023,0.00555371833,0.08532130537,0.0803141756
C003211,2,0.02434277518,0.02659079782,0.0271743413,0.02496897286,0.6026810929,0.02580170759,0.02462457525,0.2438157371
C003214,2,0.0134803913,0.06731197374,0.0144926459,0.01254484638,0.3401072434,0.3658198564,0.01547130238,0.1707717405
C003216,2,0.002545865541,0.09269591692,0.002806123615,0.002432337281,0.03980327575,0.002386147448,0.8395683934,0.01776194004
C003217,1,0.3523345583,0.3697184299,0.008024291172,0.008042275328,0.01092110291,0.008954671217,0.01066411951,0.2313405516
C003218,1,0.002390409312,0.002709560494,0.9313146371,0.002368141752,0.009536416231,0.002551546548,0.002948307008,0.04618098151
C003220,4,0.02191985133,0.0178275576,0.01582921362,0.1037676565,0.01863773643,0.06472838239,0.03246118357,0.7248284185
C003223,2,0.01068095681,0.01779479574,0.01751734717,0.01460199949,0.2542414006,0.01496851813,0.1990645297,0.4711304523
C003228,2,0.008626829187,0.436474993,0.4537805083,0.008172224034,0.01041485109,0.008124091398,0.01043918087,0.06396732209
C003229,0,0.01056594776,0.01196187492,0.01218533537,0.01025326602,0.4584868562,0.01219607247,0.1280939709,0.3562566763
C003231,2,0.00429446322,0.04798943096,0.1460106199,0.04759164163,0.004912623641,0.001280098777,0.004898502011,0.7430226199
C003232,1,0.3230756418,0.008135545383,0.5619301432,0.007797509288,0.008562696104,0.008152637284,0.008440617359,0.07390520954
C003233,1,0.01199814246,0.01368755943,0.3909424504,0.01212473988,0.2055237755,0.009348692885,0.2012238652,0.1551507742
C003234,3,0.004041537713,0.004252670457,0.004173078033,0.004130050394,0.7051683323,0.004391365786,0.07755184508,0.1962911202
C003238,1,0.01000247458,0.01311654956,0.1558483573,0.485340798,0.01301170861,0.05795339072,0.09950829783,0.1652184233
C003240,2,0.007211244902,0.008159850456,0.007834979179,0.007382881971,0.6715168595,0.007659003764,0.1157393035,0.1744958767
C003242,2,0.00350102714,0.001837974796,0.003656391723,0.003107615724,0.001992832841,0.02128041424,0.02873604922,0.9358876943
C003243,2,0.01005023623,0.1611572617,0.01145881516,0.3336306052,0.01255276659,0.2315323428,0.01250714647,0.2271108259
C003244,1,0.001783306215,0.002117285625,0.002824900671,0.001825467481,0.9035577183,0.001962342153,0.002612051939,0.08331692764
C003246,3,0.005073009792,0.00527335323,0.005180360284,0.005158998136,0.003673063316,0.8201125292,0.003650950018,0.151877736
C003247,1,0.01334723231,0.01526155143,0.09936384013,0.02415027252,0.01819946884,0.1387520833,0.120142415,0.5707831365
C003248,3,0.003729031406,0.003437944104,0.2018604625,0.003730400682,0.004189649179,0.7485925005,0.004124624299,0.03033538735
C003249,3,0.8171494251,0.003450140788,0.003283016745,0.003285931772,0.005901877939,0.003403641338,0.1370142526,0.02651171374
C003250,4,0.003049462162,0.003512047894,0.7739002299,0.04967440389,0.003605675854,0.003185659746,0.1175435779,0.04552894267
C003252,0,0.6123414968,0.008576010129,0.200367506,0.007277809906,0.01345773781,0.008771655854,0.01264441331,0.1365633702
C003254,0,0.01081031848,0.01200452459,0.01203738504,0.8169909147,0.01444251121,0.01186490897,0.014064201,0.107785236
C003256,0,0.008848418362,0.1486407603,0.02595623695,0.006273480276,0.7167353302,0.007256050818,0.009085103053,0.0772046201
C003257,0,0.02279403276,0.03323331269,0.02598040056,0.02221713524,0.03245924491,0.02583030451,0.03172866945,0.8057568999
C003259,1,0.003600741177,0.6967060087,0.003627361433,0.003620674894,0.00436431956,0.1262121112,0.1194876656,0.04238111752
C003260,3,0.02630841869,0.02763547864,0.02643251211,0.0265850811,0.03167524036,0.02825988196,0.1213229334,0.7117804537
C003261,4,0.02649323084,0.01127690858,0.02463939981,0.05174358148,0.01353317765,0.009679474476,0.01337841065,0.8492558165
C003266,4,0.1101271612,0.005266884963,0.197005439,0.004892348161,0.005594925638,0.005031225337,0.635354712,0.03672730374
C003268,2,0.005071420069,0.003124018062,0.005453943038,0.005011988472,0.005790375161,0.04038199167,0.003873277389,0.9312929861
C003270,4,0.005706714324,0.006265674433,0.005859253437,0.1154174207,0.006132352022,0.6583608058,0.006132543003,0.1961252363
C003278,4,0.0273804818,0.221178528,0.04359564077,0.01632829725,0.01845720236,0.01743503441,0.01808187489,0.6375429405
C003280,0,0.02451275007,0.02673383591,0.02814449332,0.02367955039,0.03107413766,0.02838329226,0.03083906614,0.8066328743
C003281,1,0.01302457113,0.02699092724,0.01275337306,0.01270905278,0.2581405734,0.01358450995,0.2481686877,0.4146283048
C003282,1,0.01295486274,0.01447448104,0.01298438399,0.0129474851,0.01680347567,0.3207456829,0.01654513315,0.5925444954
C003283,4,0.006805303339,0.6305481585,0.006935821438,0.006730195173,0.08147744497,0.01575849163,0.1916627399,0.0600818451
C003285,0,0.01169318808,0.4653969626,0.009020216104,0.007904536705,0.1474117469,0.219424393,0.06821914995,0.07092980666
C003290,2,0.01615919232,0.04151256932,0.007970477874,0.0150984982,0.01964495584,0.008999447446,0.01975717649,0.8708576825
C003294,4,0.00966764232,0.01048175672,0.009917745361,0.4760236972,0.3949878237,0.009944963424,0.01307211899,0.07590425225
C003295,4,0.1972845271,0.004571722372,0.7460445531,0.004138986909,0.005422572063,0.004376171823,0.005354868144,0.03280659848
C003299,1,0.004560093833,0.005251579255,0.004521705704,0.004385866545,0.04692203879,0.01429590795,0.005851353191,0.9142114547
C003301,3,0.006287248624,0.006739666232,0.006337280714,0.006806552262,0.007874612975,0.8620805476,0.007982725478,0.09589136616
C003302,4,0.008974700152,0.03355610112,0.5087623962,0.009041290196,0.08867920942,0.009466766198,0.1420608815,0.1994586552
C003303,2,0.02264105187,0.02473096398,0.03917694791,0.02070978925,0.02590514691,0.02068323479,0.02714065882,0.8190122065
C003305,3,0.004192197362,0.02953751545,0.009669090276,0.02980083155,0.008492124984,0.00448903852,0.00477192443,0.9090472774
C003306,4,0.008521045453,0.3518108901,0.1781015032,0.008774402852,0.009319806001,0.3744141592,0.009141029504,0.05991716377
C003308,2,0.0119360801,0.01498344656,0.3384151094,0.0120331805,0.01407318262,0.0122917349,0.5157253331,0.0805419328
C003310,0,0.040154755,0.01960109826,0.003560010956,0.002934437603,0.006058934807,0.003713202372,0.004493610663,0.9194839503
C003311,2,0.0154675831,0.01713808954,0.01725852659,0.01449748552,0.7804801192,0.0147025785,0.0178746888,0.1225809287
C003312,2,0.004041886262,0.004517912731,0.001107419076,0.003725147038,0.03279501432,0.003905544267,0.009223566534,0.9406835098
C003313,0,0.02282300205,0.02642348108,0.02700874122,0.02245860303,0.03857627708,0.02630860651,0.03524982931,0.8011514597
C003315,3,0.02091105637,0.2223006771,0.02157184546,0.0211289105,0.02338302553,0.01358597624,0.02304308353,0.6540754253
C003319,2,0.2212611208,0.07877336365,0.002818949872,0.002411167926,0.001952854818,0.002709713355,0.6378701245,0.0522027051
C003322,2,0.9239148679,0.03290274084,0.003458206599,0.002867031116,0.003529885408,0.002940690105,0.003540931185,0.02684564683
C003325,4,0.02531787355,0.02745990786,0.02622574768,0.03517563857,0.02599572823,0.02643703408,0.07836250909,0.755025561
C003326,3,0.00325340467,0.007985483806,0.003318076104,0.003583498789,0.01368210423,0.003498928622,0.854652971,0.1100255328
C003327,0,0.2325397012,0.0169132197,0.01673843305,0.5493806227,0.01970523608,0.01672795427,0.01985731189,0.1281375211
C003330,1,0.01388373347,0.01438171834,0.5594388966,0.01367722588,0.0155238588,0.0141415801,0.01533950064,0.3536134862
C003332,0,0.001575738801,0.001846216748,0.01169465703,0.849020209,0.08426310751,0.001844162324,0.003343379226,0.04641252935
C003333,4,0.005672464186,0.3207789447,0.005899737407,0.005618504816,0.0130878493,0.006017797768,0.513775076,0.1291496258
C003334,3,0.002039021344,0.2281232992,0.005965828089,0.4264558602,0.007627056176,0.006263402277,0.2264095582,0.09711597449
C003338,3,0.2021630087,0.01195012256,0.1418935452,0.01150226511,0.1226191791,0.01205642751,0.1500877648,0.3477276869
C003339,3,0.1285496975,0.6520454164,0.0138778754,0.007517301258,0.008602376397,0.03899558407,0.00853877348,0.1418729755
C003340,4,0.002593219876,0.003222936568,0.002660337305,0.002588389367,0.8216384125,0.002809534671,0.006233230253,0.1582539395
C003342,2,0.004113853935,0.7757557365,0.006214731321,0.1459733345,0.006438213916,0.005176183157,0.006517169958,0.04981077674
C003343,0,0.7503127112,0.02535880047,0.01446012241,0.01233613055,0.01603332325,0.01449491578,0.01613023419,0.1508737621
C003345,3,0.003009841296,0.006431650581,0.003006022121,0.002968263743,0.001710696371,0.001412735118,0.001736813686,0.9797239771
C003346,1,0.01013780734,0.8697386246,0.01012778031,0.01011929671,0.01182723816,0.01024839295,0.01140732598,0.06639353394
C003347,3,0.01557616902,0.01644881073,0.01538250789,0.06427032315,0.2897364455,0.046402278,0.07852750298,0.4736559627
C003348,0,0.02380518319,0.001774578853,0.001667327576,0.001431340179,0.02118920174,0.05830232758,0.7726802214,0.1191498195
C003349,4,0.0126581854,0.6271204468,0.01304514061,0.01259547716,0.1185952613,0.01281984809,0.08659658451,0.1165690562
C003352,1,0.009861604436,0.01139172784,0.009535509263,0.1150557189,0.1287984611,0.1238234716,0.1224742897,0.4790592171
C003354,4,0.009129693317,0.002187308109,0.9079514187,0.0019149632,0.002335858625,0.002007934178,0.00227153936,0.07220128454
C003355,0,0.007786430129,0.5331820681,0.008903000129,0.007628340666,0.3173388011,0.008900369205,0.0103155757,0.105945415
C003356,0,0.009408646854,0.01027869158,0.01045762551,0.1626369328,0.01262118744,0.6945238326,0.01245442777,0.08761865546
C003357,2,0.001040874821,0.007918307684,0.03205294462,0.002096602508,0.002844175801,0.002079910706,0.002792972124,0.9491742117
C003359,2,0.006919398516,0.1850903727,0.05829138191,0.006465052748,0.01675997494,0.01064653042,0.1355639963,0.5802632925
C003361,1,0.01630975375,0.7718304817,0.01628823876,0.01236425616,0.01745242943,0.0164316314,0.01815671887,0.13116649
C003362,3,0.01685379113,0.02436646633,0.02394383135,0.01280981296,0.005590361997,0.02981838561,0.008558887678,0.878058463
C003364,1,0.008713649895,0.5956732536,0.008386192453,0.09603369773,0.009504406314,0.06781224814,0.1518773081,0.06199924374
C003365,4,0.2548501907,0.4421102135,0.0068920131,0.00672818605,0.09504575936,0.06402735354,0.007399882577,0.1229464012
C003371,2,0.01508829276,0.1131860152,0.01653955352,0.4369412585,0.01732964408,0.1502830657,0.1423123004,0.1083198698
C003372,2,0.004077415387,0.0047198875,0.02465429713,0.0008172589381,0.006464833005,0.004084684395,0.001672800697,0.9535088229
C003373,2,0.0178596255,0.007418138665,0.3857962808,0.006361662849,0.00807077999,0.4207920946,0.008095203151,0.1456062145
C003374,1,0.02727266179,0.02854330272,0.02779998517,0.1246867686,0.03320164764,0.02828270803,0.03186007658,0.6983528495
C003375,4,0.008521543224,0.05914332589,0.08265074663,0.06573665936,0.01009418532,0.7002745876,0.009822328313,0.06375662361
C003376,3,0.01576920205,0.2751809061,0.09604128194,0.02195900053,0.01866581441,0.08113127437,0.3720281705,0.11922435
C003378,1,0.05632110173,0.03219414237,0.8762446095,0.001710786196,0.002143733384,0.006716162259,0.00203138902,0.02263807553
C003381,1,0.005204102416,0.005288198462,0.6667353105,0.2494244406,0.004863234487,0.005241730888,0.006155517415,0.05708746521
C003382,4,0.02329291906,0.0579702117,0.02410023398,0.02307326454,0.02704359173,0.02431420592,0.0268704589,0.7933351142
C003383,1,0.008236350709,0.01163566141,0.007775468831,0.007753079521,0.8752587509,0.007788696827,0.009614084526,0.07193790728
C003385,1,0.003029204758,0.8832651133,0.002927218159,0.002924694323,0.004008461289,0.003113431072,0.004388412075,0.09634346501
C003386,3,0.01092954476,0.01121958888,0.01119343354,0.8390283664,0.01169869384,0.01114429436,0.01158989778,0.09319618043
C003387,2,0.02282656789,0.02511625541,0.02537824656,0.02072855326,0.02672314075,0.1053553901,0.01170435957,0.7621674865
C003388,2,0.09095931144,0.02103844188,0.008530893751,0.007651115374,0.6618602306,0.007921602877,0.008987825221,0.1930505789
C003392,4,0.00420990547,0.06924951666,0.00430424531,0.004195010662,0.469771348,0.1328077393,0.01777422167,0.2976880129
C003393,1,0.01480199548,0.01526017881,0.01474149654,0.01474198465,0.01781639238,0.7236143295,0.02937536326,0.1696482594
C003396,2,0.001858093325,0.002023981669,0.002150316978,0.001743037893,0.002214736861,0.06704051942,0.8566802389,0.06628907496
C003398,0,0.008390314788,0.2786714026,0.00910414166,0.008252511722,0.009758683168,0.5836343516,0.009852068783,0.09233652569
C003399,3,0.01080896279,0.002182828772,0.01114209204,0.001933978733,0.3404078506,0.5925540278,0.002569313076,0.03840094616
C003400,2,0.3514595534,0.01917631009,0.1444233026,0.01657089344,0.23150949,0.01690299351,0.02010473101,0.199852726
C003401,3,0.0275148264,0.09337766922,0.05299473892,0.1056636688,0.03423202192,0.05968872991,0.0343664989,0.5921618459
C003403,4,0.002005385165,0.002224808391,0.002049432186,0.9717373575,0.0023869451,0.002096792452,0.002341894157,0.01515738503
C003404,0,0.0116689651,0.01283633965,0.6652593247,0.01291850872,0.06550267907,0.01445311182,0.04930803796,0.168053033
C003405,3,0.02009816969,0.02083743795,0.2545178939,0.02032461803,0.3901996734,0.02095323124,0.02221850083,0.250850475
C003406,4,0.1323655886,0.01402568736,0.01192354994,0.3617052993,0.02301483463,0.01243686505,0.203921872,0.2406063032
C003408,0,0.003919677087,0.004783771311,0.5246154573,0.3280821669,0.005627381356,0.00482672336,0.005487024643,0.122657798
C003409,2,0.001310585721,0.002533059049,0.004857176209,0.0252386694,0.002564543732,0.002210258793,0.9442466865,0.01703902059
C003412,3,0.008680411067,0.009260772855,0.2993653976,0.008829124667,0.01004058857,0.009174276408,0.5786908155,0.07595861329
C003414,0,0.0063895785,0.4022138529,0.007110562918,0.006348313353,0.008443222339,0.282928581,0.238562932,0.04800295703
C003419,1,0.008130350361,0.517449073,0.007985350008,0.00799181233,0.009675039843,0.008336786708,0.3693977815,0.07103380626
C003420,2,0.005499611719,0.1042940022,0.4555380329,0.005104150019,0.006908196117,0.005303005482,0.2142604071,0.2030925945
C003421,0,0.02359076981,0.02591589972,0.02663744446,0.02278076813,0.03023160653,0.02647996622,0.03025191503,0.8141116301
C003422,0,0.008791885011,0.01111580091,0.01230553084,0.008714231755,0.6787779801,0.01143204135,0.01668035347,0.2521821766
C003423,0,0.02287419943,0.02517463096,0.02621035837,0.02211541269,0.0306338605,0.02538352264,0.05245221122,0.7951558042
C003428,4,0.01561589311,0.01202134717,0.0111531559,0.01077294118,0.01397393789,0.8227032355,0.01346958812,0.1002899011
C003430,2,0.002909684246,0.08176296225,0.1128079031,0.002645216426,0.08657607294,0.6604920742,0.00348516321,0.04932092363
C003431,2,0.02802246556,0.4481267038,0.01642054223,0.4018006367,0.005194962403,0.004314946906,0.06357365931,0.03254608316
C003435,2,0.5992176098,0.01162332877,0.2315685663,0.04754740126,0.01165260158,0.01067395672,0.01164298626,0.07607354932
C003437,4,0.003918032302,0.004318417187,0.004057350311,0.6908113851,0.2505794322,0.004097127694,0.004765800957,0.03745245428
C003446,1,0.09484337421,0.54548295,0.02067056353,0.1330536194,0.02165480094,0.02074573475,0.02365688299,0.1398920742
C003447,0,0.001837548713,0.002103228524,0.002037445881,0.001781554369,0.9074434205,0.002139935176,0.002493501113,0.08016336568
C003448,0,0.01221848153,0.09755620576,0.03698752153,0.04975268916,0.01692450569,0.01455058759,0.01688636948,0.7551236392
C003449,0,0.008482821464,0.2562458037,0.527320794,0.008248225028,0.01328915979,0.01022452697,0.01319604414,0.1629926248
C003453,2,0.003242677717,0.003416791499,0.003595838572,0.8482830088,0.003278451401,0.01659626875,0.00328417038,0.1183027929
C003455,2,0.01433873226,0.01596332089,0.016469983,0.7044043617,0.01687241574,0.01341825871,0.01690214758,0.2016307801
C003456,4,0.0077017746,0.4719908573,0.007858709514,0.007657011792,0.008573533326,0.007991797876,0.4237179272,0.06450838832
C003457,0,0.004558856512,0.08138328944,0.0127653189,0.01053048964,0.006548044832,0.04949396799,0.006451280611,0.8282687521
C003460,1,0.004261524791,0.004605121085,0.00423561181,0.004185818987,0.656609677,0.004545548934,0.00553546357,0.3160212338
C003462,0,0.01420435129,0.1490135421,0.01702770577,0.04781710254,0.03526542861,0.08102068384,0.03560160075,0.6200495851
C003466,1,0.05976566887,0.01650247835,0.01448469956,0.1112641064,0.01946827241,0.01533565512,0.01882902457,0.7443500948
C003468,4,0.595937524,0.1331452118,0.007011224943,0.006805400977,0.008242764927,0.007064853412,0.1847398518,0.05705316818
C003469,3,0.002826887214,0.002947732191,0.002726709773,0.001718418293,0.003333490775,0.001960971033,0.003462141955,0.9810236488
C003470,4,0.4723152936,0.08459886336,0.03246888187,0.03158170339,0.03942419,0.03236880532,0.03795544249,0.2692868199
C003472,4,0.006565696917,0.07559431183,0.006764732525,0.1398578428,0.2452063278,0.006548577745,0.4670999641,0.05236254626
C003473,0,0.003747056691,0.004293009649,0.07978127063,0.003749020319,0.005080952834,0.004365319639,0.7793342434,0.1196491269
C003474,1,0.2710135132,0.05263510423,0.006783738365,0.006766039091,0.008057581286,0.007013271381,0.4964294473,0.1513013051
C003475,4,0.005873775039,0.008520300911,0.00597780666,0.8847306309,0.01673101885,0.01160365175,0.01993515835,0.04662765759
C003478,4,0.07414172524,0.01130949491,0.08884462545,0.01535929032,0.2639399933,0.01071657036,0.4078355835,0.127852717
C003479,4,0.002544754419,0.05730742458,0.8830651612,0.002521400081,0.002897810949,0.0271917628,0.002988913613,0.02148277237
C003481,4,0.2043884618,0.007236159817,0.5805403244,0.005953144389,0.007649924708,0.07163789739,0.00751435906,0.1150797284
C003482,2,0.02896097195,0.003434206411,0.003459770105,0.002895994898,0.3274002584,0.5331715487,0.003539969613,0.09713727999
C003484,4,0.2212267552,0.0093829574,0.6612799669,0.008649952047,0.0100756533,0.008829565324,0.01015348373,0.07040166617
C003487,1,0.01060039736,0.1465635593,0.01059147271,0.3046540026,0.4078444063,0.01109104101,0.01297722323,0.09567789745
C003488,1,0.002437345335,0.002936795132,0.0424369831,0.001980282458,0.003378507277,0.001577499405,0.00335732249,0.9418952648
C003489,1,0.005561767576,0.005852332445,0.005479152501,0.005469565132,0.91416918,0.005690323754,0.00607784897,0.05169982957
C003490,1,0.01406326751,0.01459866057,0.4746374781,0.01358191696,0.249322388,0.01425424295,0.09760494919,0.1219370967
C003491,1,0.009726207303,0.01143254071,0.02364938643,0.04910592339,0.01505325791,0.03805038127,0.01490991033,0.8380723927
C003492,4,0.02317439792,0.02823170068,0.02390080836,0.02354971832,0.0130314325,0.1327615892,0.01221336268,0.7431369903
C003493,1,0.02953546538,0.09688428471,0.03060848339,0.03010572087,0.03485897236,0.03095306331,0.03347081662,0.7135831934
C003494,1,0.004000488278,0.004776931278,0.6722589308,0.004062777323,0.005511362513,0.00430786566,0.2202405487,0.08484109548
C003496,4,0.008690597324,0.01673273643,0.01601396006,0.01549396786,0.01674786686,0.01552562091,0.7536438283,0.1571514222
C003497,4,0.0275522366,0.03315852553,0.02829366957,0.0272766152,0.03351672096,0.120971968,0.03290536333,0.6963249008
C003498,0,0.02563742788,0.02803412192,0.02977812044,0.02524736519,0.01882004633,0.2528285434,0.04507881365,0.5745755612
C003504,0,0.01874717918,0.2374558096,0.02058393144,0.0180150201,0.02321743269,0.02073102674,0.0234558961,0.6377937042
C003506,2,0.01476570809,0.01621757201,0.01636580624,0.2140741077,0.3761982909,0.1827893709,0.02470617482,0.1548829694
C003507,2,0.00449567978,0.00500244863,0.004952740126,0.01842270393,0.002302173127,0.9242044735,0.002297994969,0.03832178592
C003508,1,0.08053189193,0.02926017255,0.1366726016,0.02805156999,0.04487410573,0.4475895886,0.04534275341,0.1876773162
C003510,3,0.4794475707,0.01369718714,0.01359999739,0.01319255857,0.02553571587,0.01365301568,0.3472743528,0.09359960186
C003514,4,0.02186885351,0.02643009518,0.04405073882,0.02208298969,0.03099078245,0.0243213189,0.1922605709,0.6379946505
C003515,1,0.3058870961,0.03217347162,0.01631871437,0.01629911838,0.05109310164,0.01657761183,0.366356162,0.1952947241
C003516,4,0.3428452063,0.007476030095,0.006914406186,0.1396487552,0.0111472958,0.007008537924,0.4293866418,0.05557312661
C003517,2,0.005420545564,0.006408267445,0.005965166745,0.2713924834,0.3024245899,0.0644234882,0.006655798903,0.3373096598
C003518,1,0.006038212568,0.4568238721,0.005839315891,0.4421200961,0.007019435281,0.006048985233,0.02230301168,0.05380707115
C003520,0,0.00389828333,0.004822629368,0.06110801746,0.003799884217,0.005612533149,0.004804001204,0.004281292513,0.9116733588
C003521,2,0.008071367079,0.01135624674,0.011352648,0.007588870174,0.02415391704,0.4291475889,0.3414752598,0.1668541023
C003522,0,0.851404055,0.007496295708,0.03297164127,0.006431271193,0.00909171504,0.007597189586,0.009116144459,0.0758916877
C003526,1,0.01169616689,0.01639248671,0.01604829263,0.01196419704,0.760467322,0.01589858623,0.01765846332,0.1498744852
C003528,2,0.002503350906,0.9192018596,0.0027559738,0.002367696991,0.01404184986,0.002445085788,0.003019727974,0.05366445509
C003529,2,0.007176080995,0.009952185747,0.009705084344,0.1765070423,0.01083368474,0.01142565625,0.01075613707,0.7636441285
C003531,2,0.8688982824,0.01933151149,0.007315048529,0.02901003596,0.007623191364,0.006350296545,0.007735279988,0.05373635373
C003532,4,0.08417180544,0.7915845755,0.002844795511,0.003844555445,0.004578600007,0.004138930335,0.004489414031,0.1043473237
C003534,2,0.2186792615,0.01569821847,0.1768731488,0.1691377836,0.06357649082,0.01286237988,0.01649909887,0.3266736181
C003537,3,0.01269758016,0.7782381793,0.01276836908,0.01274920252,0.01471114227,0.01328667591,0.01448812316,0.1410607276
C003540,4,0.04196306376,0.01489230037,0.01272263568,0.03665599892,0.01983020587,0.5712286415,0.01821712074,0.2844900331
C003542,1,0.007564438162,0.008172336187,0.007528571883,0.335218021,0.1733886786,0.3002615925,0.01088451428,0.1569818473
C003543,4,0.01171025141,0.01309337385,0.01233231264,0.2653915882,0.01518214361,0.5390868089,0.01552503801,0.1276784834
C003544,1,0.09935072847,0.002198842224,0.001953461723,0.8391256665,0.002748466208,0.002108620779,0.002806231801,0.04970798225
C003546,1,0.3722005233,0.01173305974,0.2640961278,0.0107696619,0.01288969892,0.01144033676,0.2255761968,0.09129439479
C003549,4,0.02078144818,0.02306840097,0.02152056373,0.02080068866,0.02280515592,0.02161872269,0.02265513372,0.8467498861
C003550,0,0.01639150981,0.01873562815,0.01810348035,0.01398120937,0.5420661313,0.083331848,0.01113585973,0.2962543333
C003553,3,0.007853000836,0.008366412464,0.4011465707,0.008011798278,0.4989713002,0.008285221619,0.008745553649,0.05862014228
C003558,3,0.003326894672,0.9348669707,0.003413337669,0.003391393911,0.003869093661,0.003571492088,0.003808741632,0.04375207564
C003559,4,0.009910450869,0.06993492746,0.6562167471,0.06562612085,0.01101257141,0.07316006853,0.01101538216,0.1031237316
C003562,1,0.01244043274,0.7841639359,0.01186928023,0.01197064913,0.01384088694,0.0086547649,0.01378936835,0.1432706818
C003563,4,0.01013080684,0.3260608814,0.01035117012,0.3745961043,0.04097539963,0.1156631819,0.03804528566,0.08417717024
C003567,2,0.01144269989,0.4749752824,0.01279831711,0.3478836711,0.01327780564,0.01151993499,0.01337195519,0.1147303337
C003569,2,0.009993669751,0.0234941947,0.02341294431,0.01922765385,0.0252040997,0.01970050708,0.6540291956,0.224937735
C003570,3,0.003243939227,0.003569507328,0.003298086923,0.001883195553,0.004751904514,0.003560358609,0.9036949823,0.07599802556
C003573,0,0.01413581242,0.01329230392,0.3960529095,0.01211693284,0.01424902702,0.4041991283,0.0144019587,0.1315519273
C003576,2,0.002092839293,0.002316829648,0.9279199248,0.03875356407,0.002385606847,0.002116752924,0.002418855862,0.02199562654
C003577,0,0.003260241758,0.003736046675,0.003774781228,0.003185448268,0.004600427937,0.003783887635,0.944561998,0.03309716846
C003579,1,0.3670853105,0.007866088647,0.01053407526,0.006603943354,0.008417941062,0.4943890582,0.008222424974,0.09688115807
C003580,0,0.01780674572,0.01601907098,0.1862435298,0.2675967283,0.04774283339,0.01473326855,0.01965324051,0.4302045827
C003585,1,0.002757392595,0.003197528923,0.003899789413,0.002664763848,0.003947577318,0.007355089051,0.003809169086,0.9723686898
C003586,1,0.004148370615,0.004856127834,0.02276605077,0.004087248114,0.02584609419,0.001421479746,0.005756121345,0.9311185074
C003590,2,0.005209533777,0.01312812311,0.1034077162,0.489203419,0.01375427489,0.01151162289,0.2882621264,0.07552318375
C003591,0,0.01172523533,0.00305641573,0.001019949485,0.002317894228,0.00347154915,0.004901894996,0.001449002624,0.9720580585
C003593,4,0.02101748859,0.02359353893,0.02241726197,0.02107210391,0.0243443496,0.02190364803,0.02300388718,0.8426477218
C003594,1,0.008932366368,0.009534687667,0.008833376448,0.008741611234,0.0132554699,0.009352595188,0.8314779564,0.1098719368
C003595,1,0.01870621381,0.01913921837,0.01806024447,0.2763040317,0.02183901716,0.01867295575,0.0217461069,0.6055322119
C003596,2,0.003724288256,0.08600955482,0.004209093708,0.003598774999,0.00502734683,0.7947198836,0.004941925013,0.09776913275
C003597,1,0.007240569474,0.007615676112,0.006946834956,0.7230867571,0.1602948175,0.007398569256,0.008355543392,0.07906123222
C003598,4,0.007743871487,0.009005462589,0.008066566838,0.007749010356,0.6405114097,0.008301270161,0.009893420186,0.3087289887
C003599,1,0.01287682785,0.7636261468,0.01225667918,0.01235768749,0.01464781954,0.01574923495,0.01471003118,0.153775573
C003600,1,0.007032149589,0.007031575047,0.006925690871,0.7841410497,0.007774130148,0.007098917611,0.007747013775,0.1722494732
C003607,0,0.02312766263,0.02667412771,0.02572493119,0.02273279575,0.05291350785,0.4074541849,0.03846970349,0.4029030865
C003609,3,0.01743824895,0.01391217958,0.01799279585,0.01752409765,0.2245647995,0.01817623711,0.1596849638,0.5307066776
C003612,0,0.003570771728,0.004194572304,0.003911248895,0.3163542657,0.005252538896,0.004173480943,0.5963862186,0.06615690299
C003613,2,0.02278200623,0.02474839932,0.02470557225,0.02143724697,0.02588102651,0.02074398832,0.02617543978,0.8335263206
C003614,4,0.02209685363,0.02391760671,0.03466821839,0.02203641994,0.01879027968,0.02303771044,0.01847336109,0.8369795501
C003617,3,0.2927297607,0.01715902591,0.01048909109,0.01057280217,0.5830342825,0.01074212405,0.01111843485,0.06415447874
C003619,2,0.002947347951,0.003341785523,0.003308797888,0.8513665075,0.1066548968,0.002761245654,0.003386335756,0.02623308284
C003621,0,0.01767863766,0.01925362714,0.01949352415,0.7161658077,0.0214173759,0.01950791191,0.02145605627,0.1650270593
C003623,0,0.003515816752,0.004145823926,0.002654437297,0.003407939949,0.006127766745,0.08990094909,0.006888471927,0.8833587943
C003624,4,0.03212255275,0.0653021405,0.03357346848,0.032291334,0.02008073886,0.0319238989,0.0203979077,0.7643079588
C003626,4,0.01037409153,0.01161498102,0.3517016217,0.06159793073,0.01326761158,0.4173902795,0.01306188177,0.1209916021
C003629,0,0.02292921464,0.02563572743,0.03417558047,0.0171390373,0.03032083187,0.02576540064,0.0303745184,0.8136596892
C003631,2,0.00776365676,0.7299821004,0.008331989849,0.07468247512,0.009567344399,0.007231505776,0.06508557527,0.09735535245
C003634,4,0.001964487198,0.002146981129,0.01717114666,0.3063983289,0.002929868863,0.648883407,0.001976114988,0.01852966519
C003635,2,0.02280742761,0.04102636578,0.01794507031,0.002591259755,0.004631343122,0.002709945043,0.003274156187,0.9050144322
C003636,4,0.01862266405,0.01650889887,0.01406580204,0.3992167856,0.01956627647,0.02052950643,0.01899906432,0.4924910022
C003638,0,0.1553436049,0.002618415396,0.002710453203,0.002209834641,0.00318078058,0.8127634124,0.003161951315,0.0180115476
C003639,3,0.02931012716,0.008796103653,0.006263297155,0.003830683428,0.00764882122,0.00601675521,0.007581795876,0.9305524163
C003640,4,0.005786808443,0.0994830168,0.006070663728,0.005837743326,0.5332346583,0.02224468858,0.1959438984,0.1313985224
C003642,2,0.008019489554,0.009272767736,0.008494772255,0.007364829614,0.01684099158,0.007905954472,0.01281457461,0.9292866202
C003647,0,0.00309922005,0.07529174433,0.4642006628,0.006287461333,0.009753482677,0.08766995871,0.009762865789,0.3439346043
C003648,4,0.1617760516,0.009784704475,0.00908434921,0.00893614971,0.02144108916,0.009199237606,0.701014478,0.07876394027
C003649,0,0.001643812763,0.002010701007,0.02681671429,0.001676264357,0.9166229764,0.002081369332,0.002297113193,0.04685104865
C003652,3,0.007095703304,0.007522768842,0.007190258821,0.006977136029,0.008498213361,0.6774940684,0.008355848453,0.2768660028
C003653,2,0.0163072034,0.06952685123,0.01854276179,0.381498865,0.01981151462,0.01618296272,0.01992690981,0.4582029314
C003654,4,0.01483236342,0.08246245796,0.425791478,0.07167618945,0.01965453068,0.01554976709,0.01707279114,0.3529604223
C003658,3,0.002510747459,0.002671680879,0.003341314464,0.001488281195,0.002218114262,0.00270430773,0.001992495091,0.9830730589
C003659,0,0.03981545422,0.008063332218,0.474479437,0.006555107549,0.009525261252,0.2236749422,0.04696193702,0.1909245286
C003660,4,0.03332511879,0.01070459041,0.01025808004,0.6107689896,0.00635938775,0.0102382453,0.01783425283,0.3005113353
C003661,2,0.004536430415,0.00497655295,0.005001483184,0.1632528779,0.00504478135,0.004414294802,0.7705495577,0.04222402174
C003662,4,0.005850918374,0.004101269278,0.003326250387,0.003235292125,0.004806805235,0.003531129955,0.00453610863,0.970612226
C003663,2,0.04644834062,0.1088074663,0.01473113869,0.01339538989,0.416479873,0.01414356622,0.2573369118,0.1286573134
C003664,0,0.008469982906,0.009205669964,0.009439416612,0.008150741091,0.426315129,0.4609723162,0.007441465081,0.07000527917
C003666,3,0.02349245171,0.5338047303,0.002351985317,0.002322206571,0.002796132404,0.002471234772,0.4064062563,0.02635500261
C003667,4,0.5657222143,0.3412344131,0.006018774516,0.005872844335,0.007105324141,0.006037050928,0.007309983255,0.06069939538
C003669,0,0.6532897138,0.004376835658,0.004472294992,0.004126234152,0.0054337143,0.2739189297,0.02500260258,0.02937967483
C003672,3,0.03412649101,0.03507636046,0.05443602294,0.0334480833,0.03525495002,0.0351595741,0.03472692861,0.7377715896
C003676,3,0.01211328085,0.01258989698,0.01236096068,0.5524001617,0.1758222847,0.02472452141,0.0157137581,0.1942751356
C003677,1,0.004498081191,0.2789538627,0.09255629035,0.2487509536,0.02072220048,0.004600706231,0.309056414,0.04086149143
C003684,4,0.009321081405,0.01059453657,0.1236192991,0.2474246509,0.01100512842,0.009932167922,0.4223665647,0.1657365709
C003687,0,0.006451165436,0.007238050974,0.006990585339,0.6939617792,0.006005780519,0.2111281392,0.005328576076,0.06289592334
C003689,4,0.01277800673,0.01582816316,0.06291964736,0.01273056034,0.5557254377,0.01386671615,0.01702658177,0.3091248868
C003690,0,0.008916892706,0.4759184314,0.009590328759,0.03066055486,0.00958760869,0.01344968396,0.3929176689,0.05895883066
C003693,0,0.007200817322,0.008078926426,0.007859996884,0.03546581478,0.3182327338,0.008205171762,0.005108684136,0.6098478549
C003696,1,0.002452478088,0.762978475,0.002475234955,0.1904059723,0.002977457904,0.002585609422,0.002878249253,0.03324652304
C003697,3,0.01470096548,0.01566233699,0.01476173398,0.01490882572,0.02996671186,0.01548059569,0.7782637065,0.1162551237
C003698,0,0.008757002485,0.009708711725,0.009671315688,0.008690488895,0.01080988711,0.5473915004,0.3193448034,0.08562629023
C003699,2,0.04374322478,0.01027000618,0.8952781339,0.001383213769,0.001897022267,0.001433650911,0.001903027323,0.04409172087
C003700,1,0.002655802062,0.002804813442,0.00252905367,0.002555286111,0.003320815956,0.9477868173,0.003426245424,0.03492116607
C003708,0,0.001176860264,0.01789958211,0.02336095618,0.008990556806,0.004070637253,0.003240551799,0.004006969894,0.9372538857
C003710,2,0.8187266781,0.004329535323,0.004259742669,0.004579754352,0.004434722759,0.003839889283,0.004472839181,0.1553568383
C003715,0,0.1055729134,0.00806350944,0.627595754,0.006388023957,0.00876746483,0.007722198613,0.008781924858,0.2271082109
C003716,4,0.003994754811,0.004223234631,0.001638141459,0.00345756808,0.003217107198,0.003746221745,0.007133768093,0.972589204
C003717,2,0.06341354711,0.04123397904,0.06609405509,0.4915121,0.009830020066,0.04229932127,0.1451475273,0.1404694501
C003718,3,0.00612143906,0.006527053533,0.006216577975,0.006037911789,0.8051764757,0.006524150457,0.007009671499,0.15638672
C003719,3,0.2611665834,0.01693614,0.2705739041,0.01633587461,0.05525553402,0.01667386492,0.02653575993,0.336522339
C003722,4,0.02716985405,0.0297081713,0.02814813726,0.02724197599,0.04323448134,0.01751097988,0.03902300169,0.7879633985
C003723,4,0.4234247659,0.01027035967,0.009465934779,0.00923069582,0.01001784716,0.412255271,0.01138500328,0.1139501224
C003727,3,0.08271514131,0.004358045213,0.008093952745,0.5036031737,0.004501688979,0.3606819849,0.004453143936,0.03159286925
C003728,0,0.2843850451,0.01086695382,0.01103237219,0.009507005933,0.2094751611,0.3131319781,0.01199022633,0.1496112575
C003733,2,0.005784589324,0.009555594908,0.007186139946,0.07381653822,0.05355035363,0.05234286033,0.01801733451,0.7797465891
C003734,0,0.2824990237,0.006390163573,0.04979187249,0.005256659281,0.3958326412,0.006413669173,0.1429198486,0.1108961219
C003736,1,0.4217115093,0.007662043924,0.007199565607,0.3912729552,0.09376957227,0.00744603519,0.009664751082,0.06127356742
C003738,4,0.01337342129,0.01411533714,0.01366398374,0.1337847191,0.2073997204,0.01337030314,0.5058869476,0.09840556759
C003739,3,0.1357889296,0.01825000945,0.2453351888,0.01746899112,0.01927979915,0.1020664241,0.01930128546,0.4425093724
C003740,1,0.2785733763,0.3936830019,0.01341026033,0.01338001632,0.05000823108,0.01396123422,0.1050895932,0.1318942867
C003741,1,0.04049321567,0.01547734023,0.6664038832,0.01046671458,0.0133961069,0.01399013122,0.01591494356,0.2238576646
C003743,3,0.002991007005,0.3972052354,0.003037075262,0.552747569,0.003507799952,0.003054712048,0.003456543012,0.03400005831
C003745,1,0.01027795508,0.003863945563,0.002492353344,0.00249687779,0.003726485802,0.005053614519,0.003668983759,0.9684197841
C003746,0,0.04711755849,0.008260027677,0.6217374731,0.007687446636,0.009124594869,0.0714626836,0.1811545954,0.0534556202
C003748,4,0.004505855012,0.005508921896,0.5535795196,0.2563682262,0.005707128396,0.004949888019,0.07111882185,0.09826163904
C003750,4,0.1142845932,0.01471658571,0.01333414801,0.01288308499,0.01685287704,0.01377077262,0.01635297131,0.7978049671
C003751,1,0.1987131625,0.06372683333,0.6491963425,0.006887713115,0.008512900413,0.007123867582,0.008340494783,0.05749868583
C003753,4,0.02206950106,0.02799676655,0.1701981764,0.02223406496,0.0286007552,0.02408004964,0.02771428764,0.6771063985
C003754,1,0.00414191595,0.00465839936,0.004030201168,0.003978739141,0.09455553959,0.7566040854,0.00526829933,0.1267628201
C003756,3,0.04764273045,0.005123819856,0.004648587862,0.004613247383,0.004031345758,0.004901147225,0.0108614372,0.9181776843
C003764,4,0.2408158298,0.04954019903,0.0221170531,0.02162384599,0.02478032298,0.0224773533,0.02497584989,0.5936695459
C003765,4,0.005703287607,0.003470527315,0.04779477248,0.251064486,0.07500477685,0.006060333954,0.4155670909,0.1953347248
C003766,0,0.01493541784,0.01679974173,0.01653373225,0.3976883766,0.02309963271,0.01706437103,0.02299080488,0.490887923
C003770,3,0.3073404615,0.006532953537,0.4622905559,0.006180291366,0.006777682103,0.006464428298,0.006688152316,0.1977254749
C003773,1,0.01716679731,0.01753222231,0.2483011846,0.01618651742,0.01955689981,0.5367010873,0.02110401357,0.1234512777
C003774,1,0.02272090215,0.02266787292,0.02234939269,0.3837244809,0.02633024444,0.02230057839,0.3002045809,0.1997019477
C003775,3,0.0193371945,0.004806381607,0.004616105668,0.004631600822,0.007294856693,0.01888698039,0.007031997404,0.9333948829
C003776,2,0.001664484877,0.001868785722,0.8970032053,0.001585420541,0.001910626216,0.07861215265,0.001925097326,0.01543022735
C003778,0,0.03883312466,0.005219970126,0.005152708068,0.004272758842,0.03362831277,0.005146613993,0.02565233828,0.8820941733
C003779,0,0.0279157526,0.03825944245,0.02054271311,0.01779207204,0.08480390435,0.02237484209,0.2668360301,0.5214752433
C003781,2,0.7087743823,0.01923010281,0.01964843916,0.01710453942,0.02050826639,0.01755714814,0.02080823262,0.1763688891
C003784,2,0.005939358723,0.7747540675,0.006494629033,0.02187804619,0.006857800168,0.1276080968,0.006977057743,0.04949094378
C003785,3,0.006189467261,0.006729314302,0.4306000395,0.006268147377,0.007307200244,0.4474983287,0.007261461535,0.08814604108
C003786,3,0.006704929815,0.007036718546,0.4136046816,0.00620210373,0.3976710172,0.030005378,0.007880604451,0.1308945666
C003788,2,0.005022000647,0.005432115388,0.04299076131,0.004802483427,0.3289623158,0.3477351138,0.2304249555,0.03463025416
C003789,0,0.01173004628,0.01327640791,0.01313139888,0.01133279082,0.2301857037,0.0135453952,0.02470011342,0.6820981438
C003790,0,0.003725900307,0.004213283952,0.004268973612,0.8152408086,0.004597290328,0.1138724463,0.002320861152,0.05176043573
C003791,0,0.01222538988,0.3482783418,0.0134309142,0.01180383927,0.1437070093,0.01319308111,0.01448839068,0.4428730338
C003792,3,0.005701242389,0.006049881151,0.2050274606,0.005777103046,0.1802096867,0.005989407964,0.5366144829,0.05463073532
C003793,4,0.005110689453,0.005045607907,0.4287148901,0.005163271441,0.005770847385,0.004910424984,0.5113769842,0.03390728457
C003799,2,0.1978002408,0.7361938888,0.002737333488,0.001255934259,0.002915674054,0.002440882209,0.02494350634,0.03171253998
C003801,3,0.01731457097,0.01857098357,0.01732788935,0.6458157942,0.01531495078,0.01834418369,0.03687699575,0.2304346317
C003802,1,0.006349515873,0.006783804663,0.3947135586,0.006225693827,0.007652117909,0.006569425134,0.4980980173,0.07360786669
C003805,0,0.08953848031,0.0112268453,0.01119699659,0.01020422432,0.0117222948,0.4962071979,0.2669823379,0.1029216229
C003806,3,0.004071021034,0.01120971201,0.004343393108,0.01323452116,0.00505769358,0.05687871306,0.02120590453,0.8839990415
C003807,0,0.003245072815,0.003555493302,0.03984225413,0.3699707042,0.4786236013,0.003543938975,0.07305917423,0.02815976114
C003808,0,0.0245950861,0.02612447996,0.02809912505,0.02373875448,0.03590625743,0.02660394228,0.036263396,0.7986689587
C003809,2,0.007030166172,0.007731605143,0.00748622181,0.006498699101,0.007979209207,0.007249670171,0.8610031711,0.09502125733
C003811,0,0.01282311921,0.4338161187,0.01331197965,0.01266461357,0.01870374209,0.1248854048,0.20392283,0.1798721919
C003812,3,0.01127931055,0.01167737314,0.01114480831,0.01116234401,0.03855357934,0.01165218167,0.7623382627,0.1421921403
C003813,4,0.002995085578,0.003734055781,0.003043104309,0.009161254079,0.00404621857,0.8861891877,0.003891124485,0.08693996946
C003814,2,0.01008803121,0.1713626035,0.0076094469,0.009147893009,0.6961403498,0.00942984676,0.0119479758,0.08427385299
C003816,3,0.01174066017,0.01242820163,0.1774306483,0.01190949917,0.01305007023,0.6481990189,0.01286839158,0.11237351
C003817,4,0.8667541942,0.005634033518,0.004835961994,0.004795671986,0.005986933802,0.01565882232,0.00577349071,0.0905608915
C003818,2,0.0126783306,0.2096377227,0.01182599721,0.009507576704,0.01218822924,0.007193312214,0.6378215396,0.09914729177
C003821,3,0.00386615966,0.004203281795,0.5326366991,0.07385698572,0.004790482684,0.3258166369,0.002954396642,0.05187535743
C003822,2,0.006859988772,0.007873355438,0.007599053971,0.2435115579,0.008178134855,0.5098275298,0.00818738942,0.2079629899
C003823,2,0.003392123577,0.003907541826,0.0127447937,0.0030134279,0.004031262745,0.003098430947,0.004021059219,0.9657913601
C003824,0,0.01177443196,0.01199254685,0.01194621241,0.01057985165,0.8137429422,0.01156899999,0.01363457183,0.1147604431
C003826,3,0.02291468393,0.02450711959,0.02288526628,0.3034434622,0.02782568308,0.02298728802,0.0273257304,0.5481107665
C003831,4,0.003475494481,0.004336647939,0.003629448857,0.003985750358,0.004425736603,0.02414657126,0.007727609003,0.9482727415
C003838,2,0.004533444325,0.1080397129,0.005126765375,0.08212470706,0.7462486205,0.004546304696,0.005280860505,0.04409958467
C003843,3,0.5783190558,0.008762578911,0.00856079567,0.008626256454,0.2242784136,0.009067304048,0.00898498688,0.1534006087
C003846,0,0.01092388283,0.009364916907,0.00920944699,0.1936661266,0.08167453381,0.009305583072,0.603822241,0.08203326878
C003848,3,0.02691299482,0.2986017382,0.1574151969,0.1633120299,0.01447049791,0.0270473506,0.01383028478,0.2984099068
C003850,2,0.002443217156,0.249661866,0.7035959581,0.002331044951,0.002899857903,0.002401081092,0.002940024046,0.03372695079
C003852,2,0.01604933683,0.01911686376,0.01973017942,0.01579940798,0.01775073051,0.7300041855,0.01879738086,0.1627519151
C003854,4,0.01502301537,0.01674170685,0.01544810406,0.01492524952,0.01867330125,0.01543148597,0.7327917515,0.1709653854
C003856,1,0.005293796063,0.9072670517,0.005120024156,0.005114213673,0.005985690461,0.00528498148,0.006020698225,0.05991354424
C003858,3,0.0108786601,0.01158060847,0.01097292097,0.1752412091,0.1002531624,0.5262958076,0.01330280429,0.151474827
C003860,4,0.002666426223,0.003344858633,0.008235775997,0.002668308694,0.003280584188,0.005757683832,0.003980773081,0.9700655894
C003862,1,0.00861478011,0.007005031624,0.01429786655,0.008275575553,0.01032183045,0.2038604513,0.6848160282,0.06280843615
C003869,4,0.01239667722,0.01315081103,0.01261246183,0.01233392298,0.01321296335,0.7115035683,0.1109526268,0.1138369684
C003870,3,0.003835457348,0.03255538269,0.003577402178,0.005536169015,0.003510585656,0.003833811441,0.004276061638,0.94287513
C003872,2,0.005889450845,0.006817285783,0.006593704986,0.005349905168,0.01886430235,0.3993141279,0.00776067356,0.5494105494
C003873,2,0.002182501722,0.002389424166,0.002387076757,0.9671918181,0.002426846201,0.002146499312,0.002459701328,0.01881613238
C003877,1,0.009584379407,0.01095392538,0.01000061743,0.009987554621,0.01140406659,0.7438515279,0.01323379192,0.1909841368
C003880,0,0.0201062192,0.02241082889,0.04683377811,0.1210976974,0.09849178627,0.3094182609,0.02850270203,0.3531387273
C003881,1,0.007070741718,0.6651094899,0.006973353942,0.006965648524,0.008184351131,0.007270612555,0.242416746,0.05600905626
C003886,3,0.01274499922,0.01350951932,0.4188309564,0.3422481878,0.0353118154,0.01353240755,0.06238417161,0.1014379427
C003887,3,0.01310953059,0.807441101,0.01317731066,0.01313628104,0.01458613401,0.01364638607,0.0143235101,0.1105797465
C003888,4,0.9010474723,0.005482398665,0.005243069957,0.005101661409,0.008075329028,0.002741538243,0.02973757824,0.04257095221
C003889,4,0.5015203816,0.007861409897,0.3968704002,0.007240857602,0.008624077342,0.00758021778,0.008557227416,0.06174542818
C003891,3,0.02469955222,0.02559542996,0.0253651282,0.02470065784,0.01302291109,0.02562536645,0.02820235712,0.8327885971
C003892,4,0.06431239702,0.08258529803,0.2577805699,0.04210729223,0.02566696478,0.04718239956,0.02512615208,0.4552389263
C003894,4,0.004684653914,0.1674267243,0.004840394292,0.007612341255,0.005344146845,0.7627439496,0.005361835849,0.04198595398
C003898,3,0.06492416847,0.01040469846,0.1382231527,0.1340923967,0.3059655888,0.08451666161,0.0110537722,0.2508195611
C003901,0,0.704602177,0.0158656822,0.0165488173,0.01434747161,0.04039660542,0.01610391126,0.05127993105,0.1408554041
C003907,1,0.008249207217,0.005508457396,0.005430629879,0.8330297936,0.006390389204,0.01419782917,0.0876453527,0.03954834086
C003908,0,0.1586347282,0.04341793491,0.04324070655,0.03697761125,0.05926431002,0.08702696547,0.05540560796,0.5160321356
C003910,1,0.005178493002,0.005755154784,0.005051330564,0.7107602524,0.005004174428,0.1435487637,0.00737996132,0.1173218698
C003912,0,0.2382473747,0.1535974799,0.006480460257,0.003688126216,0.1403033954,0.09018430655,0.2971228292,0.07037602765
C003918,1,0.01479604321,0.005120230449,0.004369331158,0.006007629932,0.06996537976,0.005365609706,0.008700295584,0.8856754802
C003919,1,0.007520533476,0.05175801776,0.007533752021,0.007471820132,0.0101375191,0.449931059,0.009983840348,0.4556634582
C003920,2,0.02417632924,0.02713065578,0.02738608232,0.02196114177,0.03019073549,0.02240121797,0.03179118834,0.8149626491
C003921,3,0.02471165356,0.5723443087,0.00947719519,0.01399561987,0.01687657726,0.08723876454,0.01815017491,0.257205706
C003924,1,0.007635574845,0.008397458132,0.005446744038,0.007888078349,0.01202763466,0.005928531704,0.06613687192,0.8865391064
C003925,4,0.009858174729,0.01124561437,0.2550700674,0.009952804952,0.2807881553,0.2053618204,0.01633678738,0.2113865755
C003926,0,0.01035103236,0.003173576421,0.01696008019,0.002660301379,0.003913957345,0.003306807426,0.8548160395,0.1048182053
C003928,0,0.02856724646,0.00211234942,0.8097024119,0.002125794156,0.03443177313,0.09234682475,0.002291478261,0.02842212189
C003929,2,0.006036010656,0.006780714183,0.006872011033,0.06360984202,0.006944237309,0.005939132255,0.8116625463,0.09215550629
C003930,4,0.009811761775,0.01078803208,0.01003006905,0.787500754,0.0116589913,0.04862711799,0.02285356862,0.09872970518
C003931,0,0.002307972376,0.002588665929,0.002591743973,0.00224351858,0.9509549698,0.002614929581,0.006103659522,0.03059454023
C003933,3,0.009799136716,0.01002278874,0.00984004594,0.009776108488,0.005802701681,0.7542714016,0.006621546854,0.19386627
C003935,4,0.08733978376,0.01355725335,0.01142431657,0.01123984106,0.5640695885,0.05756352179,0.01435403439,0.2404516605
C003936,1,0.005870667246,0.08596997184,0.6641609182,0.1582316734,0.004501245803,0.008907307156,0.004034360521,0.06832385577
C003938,4,0.005709618693,0.006644748519,0.1205723338,0.006038421197,0.007753191869,0.1238152196,0.6274672765,0.1019991898
C003939,4,0.006651347673,0.007213283613,0.006746129941,0.006529465306,0.007046759782,0.006847521578,0.7018331139,0.2571323782
C003941,1,0.003175457458,0.932433142,0.003156179267,0.003164193574,0.003741710997,0.003289437019,0.003609464141,0.0474304155
C003942,1,0.007740840035,0.007880691826,0.007444193012,0.007523971865,0.8499990477,0.0075935428,0.008667518587,0.1031501942
C003944,4,0.003423935819,0.004239224637,0.1175709327,0.003432317006,0.004269104491,0.772168091,0.03072712373,0.06416927057
C003946,2,0.7492033067,0.003308020008,0.1495178358,0.002891586064,0.003667307838,0.002952890113,0.0436986785,0.04476037503
C003947,0,0.01060427911,0.1679959,0.01159584748,0.5991736772,0.07642911793,0.01976734206,0.01320433737,0.1012294988
C003949,0,0.02438866285,0.02770933943,0.01947722643,0.1099903267,0.03185749244,0.5149238263,0.03150399536,0.2401491305
C003959,1,0.01044117932,0.3261649796,0.5114528732,0.01026564442,0.01316029056,0.01095804178,0.01314882511,0.104408166
C003961,1,0.5484913206,0.05737655061,0.06972799378,0.07948963644,0.01654794933,0.1001619351,0.01612957648,0.1120750377
C003963,2,0.004288593358,0.004967548406,0.004810574191,0.003937657539,0.01438151327,0.791182954,0.006525724767,0.1699054345
C003964,4,0.02063398349,0.02484305212,0.0211618325,0.02075356841,0.165543976,0.227208499,0.03516955167,0.4846855369
C003965,0,0.01163330447,0.2880822876,0.4132284146,0.01180285999,0.05644949718,0.01356310502,0.02345432062,0.1817862105
C003966,1,0.8762629493,0.004358055677,0.003698891093,0.003858759016,0.004825491949,0.005868460513,0.004689913894,0.09643747853
C003967,1,0.02389445694,0.1751971858,0.4784579773,0.00513955215,0.006231557985,0.2199541965,0.005963532603,0.0851615407
C003970,0,0.008714449983,0.00970054976,0.00360737687,0.008489979806,0.3453594667,0.5121388433,0.04257557312,0.06941376045
C003976,0,0.03507696118,0.008875250633,0.003977805857,0.003490251257,0.02189984377,0.02291829139,0.00505153474,0.8987100612
C003978,4,0.007785885432,0.008263675329,0.01126666297,0.003597024142,0.8978745906,0.007847476011,0.01009592147,0.05326876409
C003980,4,0.01679823866,0.01169741059,0.01733666807,0.01681548727,0.2724470222,0.01768072156,0.4888799605,0.1583444912
C003981,0,0.4188977829,0.009164817466,0.009139185082,0.008015777744,0.01069323618,0.4578740679,0.01063731593,0.07557781675
C003982,3,0.008277529219,0.008604930387,0.008372118526,0.5503735201,0.1906495062,0.1660815282,0.009296613002,0.05834425431
C003985,0,0.007730826986,0.06629534925,0.008548582343,0.3864081937,0.01214545573,0.009172225106,0.3563277815,0.1533715854
C003986,3,0.008657967946,0.7558152401,0.008804130971,0.008816755577,0.01024903491,0.009023193225,0.01004167852,0.1885919988
C003987,1,0.006892372082,0.007054439125,0.01241851806,0.002736406444,0.003856449403,0.00355971175,0.003761829172,0.959720274
C003988,1,0.007964639645,0.008205742878,0.05105798483,0.3121018874,0.009404441037,0.3402555161,0.00940955964,0.2616002284
C003990,1,0.01576573278,0.08384837997,0.01527494566,0.01530987055,0.6139398571,0.01649734661,0.01903214886,0.2203317185
C003991,1,0.02679261575,0.09654103582,0.02648539866,0.02638030808,0.03157524838,0.02729457454,0.03178289513,0.7331479236
C003992,3,0.01138103019,0.1791312956,0.0634745448,0.0115830912,0.01279141872,0.01183177575,0.5955568202,0.1142500236
C003993,2,0.01055838506,0.006651956267,0.1667284408,0.009918474207,0.01266178308,0.7088983876,0.01244808971,0.07213448327
C003994,1,0.004061354248,0.004553652915,0.003972095913,0.01657919583,0.007033663483,0.007594980367,0.006995469675,0.9492095876
C003995,2,0.01487515696,0.5044761256,0.0170041492,0.01371763325,0.01706056817,0.2355507602,0.01697589653,0.1803397101
C003999,2,0.6958562676,0.01646192834,0.01662067524,0.01409160388,0.01779719675,0.0143227354,0.01770405372,0.2071455391
C000000,4,0.00858757185,0.5324164535,0.07073748305,0.1684903362,0.01060582857,0.02126835717,0.05467768215,0.1332162875
C000002,1,0.01504251678,0.01627764813,0.1080693307,0.03546043605,0.01784384603,0.6282818559,0.01784886401,0.1611755023
C000003,0,0.002266117241,0.003479362302,0.00327908733,0.005769108545,0.004435788322,0.003543590178,0.004441386091,0.97278556
C000006,1,0.6301923096,0.01096221513,0.2082004585,0.01030295176,0.01138474464,0.01059471109,0.01112494396,0.1072376653
C000036,3,0.02328315648,0.02406259377,0.02368818896,0.02054401149,0.02618681739,0.02422124925,0.02579095049,0.8322230322
C000042,1,0.3838656366,0.01667025363,0.01568575134,0.01106074234,0.01809534278,0.01675385054,0.4091831783,0.1286852445
C000048,0,0.005815021595,0.006739929743,0.338353589,0.005820363554,0.1328916976,0.006656839939,0.3944733603,0.1092491982
C000057,1,0.006292382511,0.006996863903,0.04221520683,0.01295061944,0.03191924217,0.00287135423,0.008012613503,0.8887417174
C000058,2,0.01462633728,0.01592316925,0.01566203243,0.01362493108,0.0161090127,0.4194421766,0.01622785232,0.4883844884
C000059,1,0.6792403802,0.2051705823,0.00651583693,0.006545277106,0.007874433084,0.006773358627,0.007863572413,0.0800165593
C000061,2,0.7828086969,0.07221013536,0.01791618582,0.003274274681,0.004276800054,0.003401231703,0.004283563204,0.1118291123
C000065,4,0.003063351034,0.6891418446,0.02109622459,0.003052735733,0.00409245566,0.03452467906,0.184943577,0.06008513228
C000068,0,0.3260531185,0.02862988831,0.09428438441,0.08736255256,0.05637859157,0.02842279735,0.04836653299,0.3305021343
C000070,4,0.1023959667,0.007256444874,0.006655420571,0.09599445107,0.007348434174,0.006883068635,0.7225890392,0.05087717474
C000071,2,0.7260065953,0.015021148,0.01497281744,0.01225663742,0.01540007915,0.0426963339,0.01569396764,0.1579524212
C000075,0,0.003210632888,0.008755701112,0.00287084275,0.001924422511,0.003911555681,0.01039440507,0.003917755425,0.9650146846
C000081,2,0.5652481107,0.0101739564,0.1391226307,0.1650137022,0.0104380731,0.008857734138,0.0104547753,0.09069101752
C000086,4,0.01447946625,0.004075503629,0.02157385173,0.006466908919,0.02037577282,0.03179991053,0.00369309354,0.8975354926
C000087,2,0.004960794907,0.4965360158,0.005633640409,0.3299448036,0.06728578554,0.004680210284,0.05459071769,0.03636803175
C000089,3,0.2682430037,0.556075546,0.06544631515,0.009021635247,0.01008757381,0.009366956696,0.009976345596,0.07178262381
C000090,0,0.004892918698,0.07247773444,0.005710331921,0.004872873251,0.4370914655,0.2910980409,0.00722149531,0.17663514
C000092,1,0.02266363367,0.02318375054,0.02214901457,0.02220534664,0.02623619098,0.02251711782,0.02566648588,0.8353784599
C000096,2,0.0143524413,0.5514305938,0.01553176783,0.1013362082,0.01628922036,0.03343696187,0.01631901418,0.2513037925
C000107,4,0.0159615503,0.0192540768,0.1515816539,0.01603230504,0.08883240338,0.05961565348,0.102719158,0.5460031991
C000108,1,0.004178732651,0.03310205701,0.191607929,0.02863966034,0.09920440956,0.4471067723,0.1477534975,0.0484069416
C000112,4,0.01365301886,0.005078055348,0.3086943969,0.004638761707,0.01356530711,0.004748534881,0.6131625506,0.03645937463
C000123,3,0.007468208989,0.0512856406,0.02288427493,0.419972007,0.01262861552,0.1113108388,0.1092965823,0.2651538319
C000125,0,0.001374588628,0.0006130997863,0.01141831314,0.000802904639,0.003246687377,0.0005605899404,0.003258523655,0.9787252928
C000126,2,0.01475759032,0.01828043821,0.2377070176,0.07624522569,0.01848488665,0.1287275275,0.02005404586,0.4857432681
C000131,4,0.5377796227,0.1136986763,0.005662102113,0.005584262615,0.152510659,0.1373742885,0.006288678092,0.04110171064
C000143,2,0.01230645473,0.01319348498,0.01319132426,0.7450365344,0.01027754809,0.03249145951,0.01347276779,0.1600304263
C000147,2,0.01365824897,0.4166301271,0.0285502982,0.01320600834,0.3419885864,0.02876096438,0.01388534628,0.1433204203
C000154,4,0.003529338911,0.008350094296,0.003621085584,0.003582998292,0.05571076956,0.05340213919,0.02506425251,0.8467393217
C000156,1,0.4344080837,0.01275289585,0.01421362445,0.01576166025,0.01571668775,0.09688947898,0.01577794164,0.3944796274
C000170,2,0.009291142875,0.009663351481,0.05833667383,0.3640877705,0.1966757896,0.008587295698,0.06470859721,0.2886493787
C000176,0,0.01437993005,0.01310498408,0.01586129943,0.1298460329,0.01731434502,0.6198023632,0.01749262323,0.1721984221
C000180,1,0.004647351563,0.1268278897,0.07201639139,0.004575764151,0.05985015183,0.5899279912,0.007318920004,0.1348355401
C000184,0,0.003641471433,0.004164892375,0.004012671187,0.003544164682,0.002465929352,0.006069124291,0.004993545392,0.9711082013
C000186,0,0.01356781987,0.04741103722,0.02317282043,0.03266567757,0.01774970705,0.01466407712,0.7347618767,0.1160069841
C000193,2,0.006697238836,0.007699972349,0.1809486055,0.006231849379,0.04601677133,0.0063704425,0.08692042479,0.6591146954
C000200,3,0.5349578029,0.01221369296,0.0115666614,0.1741183577,0.03592265462,0.0119516678,0.01822202354,0.201047139
C000204,0,0.01000331014,0.1021072821,0.01044556711,0.009775226153,0.008879140987,0.01047688539,0.7496477131,0.09866487503
C000209,4,0.003965324413,0.9198087963,0.004064535337,0.01963603827,0.004267646799,0.004116102111,0.004162373693,0.03997918311
C000215,0,0.01034229328,0.2364932552,0.463850606,0.09283472697,0.01342247928,0.01187346657,0.01366650154,0.1575166712
C000216,3,0.005536888307,0.005834285928,0.00562265125,0.005425679525,0.006560410456,0.765541669,0.00644745594,0.1990309595
C000220,4,0.2054352615,0.01948271376,0.01851529263,0.01768721805,0.01946891672,0.01871177632,0.01983477391,0.6808640471
C000224,4,0.01264736583,0.01373264341,0.01283755358,0.01265630633,0.3247782998,0.0131164223,0.4919031014,0.1183283074
C000227,1,0.003486319263,0.003868134015,0.003413459508,0.8012283333,0.006041472791,0.1179861801,0.005111521989,0.05886457902
C000229,2,0.1892401676,0.004753618042,0.004677953611,0.003949742397,0.7120062122,0.004062852204,0.004874315715,0.07643513822
C000232,4,0.01641866024,0.07721929423,0.02113927133,0.004101160509,0.005375736633,0.7811244795,0.005498055817,0.08912334177
C000241,0,0.01073145536,0.6886251673,0.01211610077,0.01768119869,0.01360751077,0.01214269224,0.01375314667,0.2313427282
C000253,4,0.122888727,0.4135297424,0.02022232041,0.01961629987,0.02281292667,0.008061263933,0.02252153436,0.3703471854
C000258,2,0.03981411145,0.8464848935,0.001844144833,0.001616582596,0.01523792009,0.0117804283,0.03823241297,0.04498950625
C000260,3,0.003762924979,0.8606929544,0.003073674048,0.003091022863,0.02943780687,0.005114530953,0.02527703442,0.06955005147
C000266,1,0.02507984253,0.02632067828,0.02562697982,0.02520203953,0.02909314295,0.02614086126,0.02794189218,0.8145945635
C000280,1,0.01382759578,0.01503961714,0.08685694158,0.4224054888,0.05259724303,0.2194068142,0.01690260176,0.1729636977
C000289,4,0.006819772093,0.02175212682,0.3045720223,0.006859433073,0.00849052256,0.5225435475,0.06825490216,0.0607076735
C000294,4,0.01933235935,0.02108575973,0.0199722735,0.01915456711,0.02131997739,0.01988759042,0.02171660067,0.8575308718
C000298,1,0.02939757112,0.03023344587,0.031554624,0.02961940545,0.03715806289,0.2124500038,0.02647071088,0.603116176
C000299,0,0.003689604848,0.004109720747,0.002517562006,0.003646658251,0.01155574812,0.004179417813,0.9350840624,0.03521722584
C000303,4,0.00586480205,0.01789375459,0.006158992054,0.2665300237,0.008107838912,0.09601935056,0.007861495262,0.5915637428
C000305,0,0.0124538162,0.01299280687,0.3841519026,0.01225425509,0.01466754225,0.4496495491,0.01455169232,0.09927843562
C000312,4,0.01092056208,0.173186381,0.011432858,0.1950722709,0.01317649526,0.2059917246,0.01271276188,0.3775069463
C000316,2,0.01223085323,0.01394082762,0.01361518379,0.7109437973,0.01529474991,0.01196844193,0.01548139769,0.2065247486
C000318,0,0.007717083027,0.008659855493,0.1103121724,0.05562150164,0.4157116056,0.07732640515,0.212350284,0.1123010926
C000320,4,0.002412862743,0.00263863324,0.05837939154,0.6994775515,0.002953171378,0.2043713114,0.005866425891,0.0239006523
C000325,3,0.009901233402,0.01032030797,0.006006020463,0.009769016796,0.5776332752,0.2982281105,0.01116233661,0.07697969899
C000328,1,0.01499873712,0.01543650545,0.0281262546,0.7208161935,0.01723407116,0.01533705104,0.06328098303,0.1247702041
C000331,1,0.007819402662,0.6276962643,0.154352295,0.1213239767,0.007138627267,0.008032133827,0.008462600654,0.06517469964
C000333,3,0.05912220083,0.02326784141,0.1569539697,0.02198279364,0.1650920154,0.02329607224,0.05802029593,0.4922648109
C000335,2,0.01008149081,0.004429430902,0.004491509901,0.003586576904,0.004738958263,0.003674143416,0.1128925497,0.8561053401
C000337,1,0.05006557118,0.006627755005,0.3826089398,0.006489193513,0.5010273497,0.006591637054,0.007915751154,0.03867380265
C000340,3,0.009871116224,0.01035566088,0.009965395677,0.1293797271,0.06467061006,0.01032825407,0.4273037882,0.3381254478
C000341,2,0.002590015727,0.9010846562,0.002865404303,0.002392044757,0.003167516734,0.002472770591,0.003156053416,0.08227153827
C000346,2,0.02216489055,0.0781180837,0.02109592298,0.004375895395,0.005266012105,0.7963106673,0.03411013691,0.03855839103
C000359,2,0.02270372029,0.02390913186,0.1553995705,0.02124745999,0.02199746382,0.02134912165,0.02211176986,0.711281762
C000365,3,0.0234017278,0.02419312862,0.02428798817,0.02373846388,0.02714984845,0.0240174872,0.02674836545,0.8264629904
C000366,0,0.0155698539,0.004413920365,0.004544712872,0.4884295002,0.07106268814,0.3722708127,0.004817829226,0.03889068257
C000367,4,0.01923433714,0.1003321856,0.00358482054,0.01213719001,0.004256277981,0.003749293235,0.7174838223,0.1392220731
C000368,3,0.009523604575,0.0102566794,0.01476559872,0.7526214842,0.0110346735,0.01001301261,0.01100256072,0.1807823863
C000371,4,0.00317746371,0.003795857521,0.8340823646,0.003164104127,0.00381167033,0.003429747269,0.003691905054,0.1448468873
C000374,4,0.007491900286,0.007785255385,0.2910615129,0.04689574363,0.5311868291,0.03834696191,0.008024336454,0.0692074604
C000380,4,0.01328611915,0.01539368736,0.01977173747,0.1707449328,0.01666210353,0.01404367214,0.4140800255,0.336017722
C000383,0,0.006986959771,0.4787889159,0.007803160881,0.006713950152,0.01020308751,0.3646880088,0.01032129272,0.1144946243
C000384,4,0.001867868401,0.002196847627,0.921976571,0.03593088857,0.002150141846,0.00202084097,0.002065913511,0.03179092803
C000386,3,0.07887078536,0.02609484087,0.02560910394,0.5540236891,0.02686008221,0.02597392236,0.03252697161,0.2300406045
C000393,4,0.7521722229,0.01616521403,0.01543053445,0.01493684771,0.0160283738,0.01560381736,0.01600981022,0.1536531795
C000395,2,0.02042214032,0.301799619,0.02612873968,0.02830313249,0.02534942515,0.02260883286,0.1868211441,0.3885669664
C000396,1,0.008143814654,0.3693983018,0.2986040098,0.06277317344,0.035710674,0.00859633707,0.04201438119,0.1747593081
C000397,3,0.2909050076,0.3280316488,0.07067399685,0.02043535545,0.0228078577,0.02148313469,0.02352981736,0.2221331816
C000398,1,0.009663679762,0.009903124098,0.00935072918,0.02092332667,0.01134836536,0.7703313104,0.01116249932,0.1573169652
C000402,4,0.01129689436,0.01226282622,0.01154852295,0.01111521891,0.01246193219,0.791496707,0.01243311864,0.1373847797
C000405,2,0.01739631227,0.01893155219,0.01985976788,0.01700767811,0.01781370787,0.01680258058,0.5930921644,0.2990962367
C000411,2,0.581353524,0.006725127768,0.006807904538,0.005484320672,0.1999963417,0.1453528988,0.007112258655,0.0471676239
C000412,3,0.3179594046,0.5218138642,0.006815949682,0.006741740234,0.01103614379,0.008947315492,0.01845391734,0.1082316647
C000416,2,0.004326964623,0.02588942611,0.005440355048,0.004884181006,0.005169308732,0.03102084916,0.005203843245,0.9180650721
C000419,3,0.1366441044,0.0205460375,0.004353784414,0.004344404504,0.7290467203,0.01551923357,0.004784020123,0.08476169515
C000423,2,0.008843524033,0.009721037954,0.009646729168,0.6643983109,0.01061433255,0.008169468709,0.0112218688,0.2773847279
C000432,3,0.008193503303,0.0511379279,0.01606850879,0.08099639413,0.196091772,0.4864281023,0.01865591244,0.1424278791
C000439,3,0.006325296341,0.004294484056,0.004046733741,0.004475483746,0.004593088324,0.02065334101,0.004624902234,0.9509866705
C000440,1,0.007050945814,0.2440018242,0.006972745,0.6585195716,0.008094407574,0.007253575946,0.007783666233,0.0603232637
C000450,4,0.2755254329,0.3331945486,0.006231444994,0.006021608362,0.007038083967,0.3200045738,0.007145140597,0.04483916678
C000463,2,0.008763037429,0.008318811992,0.1517648078,0.0116178711,0.008799637132,0.03188269118,0.3707693715,0.4080837719
C000474,4,0.007046487182,0.07154269896,0.3210620602,0.007076583404,0.008249589545,0.3916075129,0.00785372158,0.1855613462
C000476,4,0.009165248845,0.01018466937,0.009382990993,0.009124195299,0.01024341264,0.6101383376,0.01033356236,0.3314275829
C000485,4,0.006445228825,0.007000986608,0.006590932454,0.00646023251,0.006866026477,0.7699510218,0.03811471105,0.1585708603
C000491,4,0.004315330595,0.06484503978,0.01126532876,0.004381680327,0.004842619027,0.8112119568,0.004745336891,0.09439270778
C000499,2,0.3648019544,0.008978231306,0.008639286078,0.381896945,0.009254767086,0.07571908794,0.02899872755,0.1217110007
C000505,2,0.004004131643,0.004517243343,0.1313623712,0.7202509174,0.1025177553,0.003803667735,0.004939354763,0.02860455857
C000510,2,0.01361557112,0.0147963857,0.06730581566,0.01262058268,0.01494157073,0.7269181618,0.01530079501,0.1345011173
C000514,0,0.01063902865,0.2078668209,0.05867152524,0.07110036235,0.2148224861,0.03834192076,0.1010001425,0.2975577135
C000517,3,0.00270262015,0.0027118955,0.002656414133,0.9541180649,0.002943352691,0.002689712713,0.00289816572,0.02927977417
C000520,2,0.1202842674,0.01870582813,0.01887725426,0.6144426621,0.01937515644,0.01714720438,0.01965031131,0.171517316
C000530,3,0.004731583833,0.00499348216,0.2464087066,0.004826977988,0.6543187549,0.005255773393,0.006507848711,0.07295687244
C000533,3,0.007099539961,0.007410474456,0.007171245925,0.2816168564,0.007801731357,0.5299926533,0.00772911121,0.1511783874
C000535,0,0.4948345599,0.003954519372,0.4476292068,0.002993544316,0.004639022331,0.003949543018,0.004586634202,0.03741297008
C000541,4,0.5889550214,0.01111166526,0.01093695913,0.009805358092,0.01103022041,0.28238375,0.01092378125,0.07485324439
C000542,2,0.01011686886,0.01155030888,0.8334819709,0.009678196895,0.01156850254,0.0097009713,0.01160450812,0.1022986725
C000545,2,0.008202765839,0.009147647863,0.1621275933,0.007544661803,0.679027273,0.04956772586,0.01006657197,0.0743157603
C000547,4,0.6131056565,0.01421317324,0.04993744277,0.0120067441,0.01415449218,0.01297051493,0.01364575038,0.2699662259
C000553,4,0.005978533948,0.006861259573,0.03338826698,0.001953317857,0.03865709718,0.08860232932,0.02919570036,0.7953634948
C000554,4,0.005299649735,0.1603619626,0.09000271314,0.005242655546,0.03295395003,0.1734582143,0.4797632797,0.05291757493
C000566,2,0.02159822957,0.02518581996,0.1512287213,0.04114706975,0.03046174399,0.02052418288,0.03097039517,0.6788838374
C000568,2,0.002474487054,0.8409425537,0.0598526175,0.002301578259,0.005371270207,0.0025879965,0.003304639767,0.08316485702
C000569,4,0.002469950787,0.03574702517,0.002559495914,0.7969012614,0.1162053035,0.002648315965,0.002876348811,0.04059229839
C000571,3,0.02917227475,0.02988410456,0.03002064705,0.02865206002,0.03207773531,0.02950615258,0.03159547039,0.7890915554
C000577,0,0.01123980581,0.06373937126,0.01234703474,0.02092041133,0.01848247935,0.02073053414,0.0783739925,0.7741663709
C000582,3,0.007327573844,0.02467091156,0.00713239119,0.02560585352,0.8292631223,0.02762593318,0.00824369023,0.07013052421
C000583,4,0.008336847939,0.6121020983,0.008490289751,0.008283178606,0.00910236757,0.09341780209,0.1977794467,0.06248796901
C000594,3,0.5523525337,0.06220457761,0.05525228756,0.115539645,0.008601258286,0.01198264656,0.04545239164,0.1486146596
C000595,4,0.004990550337,0.00588981551,0.005170699308,0.7349085523,0.006022967182,0.005522938093,0.006017442245,0.2314770351
C000604,4,0.07391131984,0.03398384506,0.08814191706,0.00915636884,0.07333588081,0.02609297945,0.1357388395,0.5596388494
C000619,0,0.006698877616,0.007382958768,0.007670045337,0.008948682095,0.008290892475,0.7166625773,0.03364991752,0.2106960489
C000628,3,0.0117842841,0.3675516585,0.01172110363,0.01180521357,0.3104850321,0.01245311853,0.06320653224,0.2109930573
C000631,1,0.02235704277,0.01841782543,0.7539128898,0.01822527988,0.01968116659,0.01818872669,0.01882168838,0.1303953804
C000635,2,0.01059251708,0.01194036174,0.03392547498,0.03600587036,0.01323944566,0.009883431247,0.01667866827,0.8677342307
C000637,1,0.005048298893,0.1046491698,0.6543732565,0.004902947765,0.00768596119,0.005212471206,0.005776867168,0.2123510275
C000650,3,0.0154006469,0.07168913636,0.2640180675,0.08746142697,0.1293610494,0.07496112733,0.01707117317,0.3400373723
C000654,3,0.01621901243,0.01664057769,0.01617167289,0.01644847108,0.7339297382,0.03813204222,0.01790946571,0.1445490198
C000664,2,0.01357060881,0.5488635317,0.01617556901,0.01290967695,0.01888238179,0.01282425512,0.01626278766,0.3605111889
C000674,1,0.005584833475,0.7835412708,0.1284549697,0.01901542048,0.006418834186,0.005710286538,0.006205820577,0.04506856422
C000687,1,0.007024896411,0.007193239638,0.006950486404,0.006941942987,0.8928551919,0.007158385133,0.007619511985,0.06425634557
C000688,3,0.00318624845,0.006534174506,0.002738660844,0.002716348076,0.01374257946,0.002773538241,0.01651901587,0.9517894345
C000704,1,0.00293228955,0.009305118918,0.004631709186,0.009541485101,0.03185896317,0.005122580972,0.006580072119,0.930027781
C000706,3,0.01242020572,0.5189085173,0.01286109587,0.2690829181,0.01320575989,0.01294063147,0.07973541967,0.08084545201
C000708,1,0.002603849689,0.002909499584,0.002699480069,0.7944756033,0.003486199938,0.002825196804,0.1536037396,0.037396431
C000710,3,0.02393846039,0.02424219897,0.02456757272,0.02348525511,0.0263277766,0.08410687055,0.02593264753,0.7673992181
C000711,4,0.003847863051,0.004206372786,0.1555613251,0.119941769,0.00499243094,0.003960123473,0.6787353481,0.02875476755
C000715,0,0.01412631511,0.01515071452,0.01650976597,0.01363426685,0.1109242377,0.08196949528,0.3523021163,0.3953830883
C000716,3,0.004788626091,0.9265143818,0.004666866495,0.004678374723,0.004942489234,0.00477414147,0.004893085638,0.04474203451
C000719,0,0.2701067133,0.01278072757,0.0126923783,0.02022806738,0.2122864135,0.01283383614,0.2810384077,0.1780334561
C000720,0,0.4344888657,0.02318806965,0.1112286077,0.02006080392,0.02562944159,0.02331409623,0.02544814247,0.3366419727
C000724,0,0.009660451759,0.01627764842,0.01092766861,0.6984244858,0.01299761938,0.01089224981,0.01307653276,0.2277433435
C000729,4,0.01944829252,0.02137478844,0.02009658078,0.01927181662,0.02241030589,0.0207208777,0.02266028702,0.854017051
C000739,4,0.2159267544,0.6814793668,0.006941445358,0.006660603486,0.008030860804,0.006996383543,0.008269179327,0.06569540635
C000741,0,0.001191574894,0.04584323887,0.0100498036,0.001165655357,0.001717034696,0.9139020879,0.001627204533,0.02450340018
C000748,1,0.00785701527,0.01905052756,0.007936551156,0.1571804635,0.7240795268,0.008092699449,0.009447303452,0.06635591289
C000752,0,0.02764369138,0.02917494709,0.03170494277,0.02669133018,0.03547664572,0.02977383724,0.03517726073,0.7843573449
C000754,3,0.001447110393,0.03160009306,0.001444403267,0.001466415603,0.001847742865,0.001524326972,0.9268860058,0.03378390207
C000757,0,0.01173749554,0.01421016766,0.01265350426,0.01129477033,0.1488531713,0.01383585469,0.196649524,0.5907655122
C000759,3,0.6260160318,0.01301701009,0.06788915726,0.01181493146,0.01439040772,0.01242632177,0.01435318773,0.2400929522
C000765,4,0.2511277234,0.01877231235,0.01725830845,0.01641792951,0.02262330543,0.01720723884,0.02209863203,0.63449455
C000770,1,0.0195965103,0.02527128476,0.06382455529,0.2052604214,0.02574445969,0.02014607816,0.02569205845,0.614464632
C000773,0,0.170512846,0.007012198608,0.4568873247,0.006040156306,0.1755115748,0.007004128203,0.09354662592,0.08348514555
C000780,2,0.007975316735,0.009263612334,0.2164690548,0.4251233628,0.009847726668,0.09722319229,0.009752691277,0.2243450431
C000785,2,0.002769999899,0.003317936582,0.003545415662,0.004256456588,0.003374945325,0.002710880644,0.00138494962,0.9786394157
C000786,0,0.01629263268,0.01733186129,0.7316962376,0.0158121959,0.02074589684,0.01752528226,0.019326626,0.1612692674
C000788,2,0.004232796585,0.004878464889,0.004605472974,0.003926181355,0.00508024786,0.004038448546,0.7389663708,0.234272017
C000791,2,0.01059223321,0.4075839509,0.01189285393,0.009914591029,0.03718617788,0.01013262707,0.04084881056,0.4718487554
C000795,1,0.01057071898,0.1308111704,0.01821851748,0.01062823014,0.4212050625,0.176740003,0.1596029864,0.0722233112
C000797,0,0.009159183325,0.06461641732,0.4177134974,0.009044106448,0.3894823641,0.02861175533,0.01250436862,0.06886830743
C000802,4,0.00246569229,0.8291128747,0.002525902597,0.05525178244,0.002579672287,0.08699706757,0.002554887074,0.01851212106
C000803,4,0.008864795552,0.483855526,0.4012687054,0.01098396281,0.01192576635,0.008937466382,0.01162011244,0.06254366505
C000804,0,0.8461364343,0.003970234445,0.003841037947,0.003350823946,0.07081429162,0.004001551239,0.004878399276,0.06300722725
C000806,1,0.007517305929,0.007105523722,0.008150445582,0.005119215385,0.1168708373,0.7892675961,0.006455334693,0.05951374128
C000810,4,0.009968429836,0.01048188029,0.0101964053,0.01003565056,0.01195938749,0.01005569555,0.8627803394,0.07452221154
C000811,3,0.02253204096,0.02309376524,0.02304497627,0.02259245425,0.02538396436,0.02337277022,0.02500922157,0.8349708071
C000818,0,0.002141085879,0.002617969791,0.002453193524,0.002086175561,0.8786014488,0.002760155513,0.00324349102,0.1060964799
C000825,0,0.00281475095,0.003329490484,0.8655754274,0.002711685314,0.004262275293,0.003384145504,0.004281302443,0.1136409226
C000828,4,0.00397616605,0.004167184091,0.05202601375,0.7945687241,0.01832036332,0.0226723378,0.07459361775,0.02967559314
C000838,0,0.1700606192,0.007856703968,0.007741362202,0.06412430827,0.2678249739,0.299427165,0.09433553297,0.08862933462
C000845,0,0.002584170093,0.7763958487,0.002897908331,0.002533390441,0.003288629887,0.01261206867,0.1288203308,0.07086765313
C000849,0,0.002873362762,0.003152985983,0.2604485188,0.0027859242,0.6992772178,0.003852433734,0.003699117152,0.02391043962
C000853,0,0.01301080103,0.01375031995,0.6263289448,0.0126214011,0.01634314981,0.2022379646,0.01612480807,0.09958261059
C000860,4,0.02224420102,0.02411563777,0.0790161352,0.02230234905,0.02617507366,0.02342393038,0.02612473045,0.7765979425
C000864,3,0.02958577593,0.0286912243,0.02819731258,0.02835186988,0.03105846734,0.1217528364,0.5017614584,0.2306010551
C000866,3,0.004924561828,0.7411920319,0.02499968993,0.02503933694,0.005567416687,0.02377464513,0.1025582637,0.07194405391
C000869,4,0.02154636626,0.02305197799,0.02221899674,0.02149110991,0.02599913519,0.02284599542,0.02657866493,0.8362677536
C000875,0,0.01027874976,0.6547795194,0.01144973294,0.01011020342,0.01418452477,0.01230941564,0.01397672355,0.2729111305
C000881,3,0.0329065047,0.01027416732,0.01001938616,0.009857497248,0.3179160085,0.03460615719,0.5095568557,0.07486342311
C000896,2,0.02607376922,0.02861058034,0.02910798437,0.02449849081,0.1211147906,0.02500150594,0.02842609071,0.717166788
C000897,4,0.008542475156,0.00919611756,0.008733922947,0.008657515059,0.2643470561,0.606271805,0.03102713873,0.06322396948
C000898,2,0.03723744082,0.6431258241,0.003958717455,0.003327019336,0.004481303177,0.1846847221,0.004499612829,0.1186853602
C000899,1,0.2608174218,0.4159498584,0.008828593819,0.0615813474,0.1142513556,0.006713904749,0.007794442668,0.1240630756
C000902,1,0.6877622415,0.01288259001,0.1249374019,0.01222583187,0.0150093785,0.01245151095,0.01553059559,0.1192004497
C000908,0,0.07415368122,0.02175385931,0.02066077326,0.01844476762,0.02526418403,0.4018412015,0.03192456316,0.4059569699
C000913,1,0.02164356238,0.02258830757,0.02064319498,0.02069693733,0.0258846207,0.02157175399,0.02600261597,0.8409690071
C000929,2,0.008483354761,0.009434616051,0.009600587463,0.006236546696,0.007644905221,0.5560619486,0.00765969348,0.3948783478
C000937,0,0.007507959104,0.01339953236,0.008368496636,0.007300900193,0.01098749566,0.009007362608,0.02532854404,0.9180997094
C000941,3,0.003874670062,0.9515306383,0.002683351538,0.003934882761,0.002934685213,0.004127969833,0.004399022311,0.02651477996
C000943,2,0.009046773296,0.009580221279,0.009787424927,0.008352890112,0.009250863958,0.7307270284,0.006199746816,0.2170550512
C000944,3,0.005560158012,0.692761219,0.007511347327,0.005541371003,0.005379073564,0.1737402909,0.06162253772,0.04788400253
C000952,2,0.01693672189,0.01868760472,0.2758146267,0.5137075894,0.01925807265,0.01670289133,0.01959031223,0.1193021811
C000960,2,0.002378871982,0.1539578358,0.002673149133,0.6209909075,0.08748848641,0.002246164013,0.03968020128,0.09058438392
C000969,0,0.01087212487,0.01284609522,0.6035548393,0.0112059848,0.06844994608,0.01287460112,0.1660223459,0.1141740627
C000973,2,0.003835939184,0.643829935,0.08670458052,0.004078806717,0.005187249102,0.004166103614,0.005202566734,0.2469948191
C000979,3,0.005480250381,0.006900336624,0.002071104637,0.002861773866,0.005945686057,0.00304149821,0.004932136111,0.9687672141
C000986,0,0.7765369403,0.003086594676,0.002918844512,0.05327434851,0.04668105961,0.003090437276,0.06638722201,0.04802455306
C000987,3,0.1388113791,0.004332410011,0.007978265786,0.005795817492,0.02307128367,0.0545248777,0.02274201032,0.7427439559
C000995,0,0.01002516521,0.02686942262,0.3218379053,0.2557147726,0.01140971616,0.01007897445,0.01152840258,0.352535641
C001005,1,0.01017233661,0.1551424091,0.6008427076,0.01006476429,0.01314057387,0.06512978046,0.01250013251,0.1330072956
C001012,3,0.003698134288,0.004066465624,0.003686504966,0.003707672799,0.004658137172,0.8754820943,0.01357749124,0.09112349957
C001017,2,0.02021193489,0.03920640258,0.02259982906,0.02494332203,0.1263980268,0.09034532045,0.06335697894,0.6129381853
C001019,3,0.00519404603,0.1749708516,0.2721446359,0.005317152454,0.005920249375,0.3739709742,0.005805414681,0.1566766758
C001023,3,0.07468878,0.006619816013,0.8108519745,0.007736018161,0.01185275513,0.01337791992,0.007342459474,0.06753027678
C001025,2,0.008863351681,0.8635804246,0.004380168988,0.003835921753,0.004820574625,0.003977264702,0.004830495391,0.1057117983
C001026,0,0.02289561052,0.02505643634,0.02545152687,0.02211681483,0.03105578023,0.02560870479,0.0307025547,0.8171125717
C001031,1,0.009641036346,0.1928125983,0.01516878091,0.3089483302,0.0144379105,0.1431453467,0.01494589121,0.3009001058
C001032,0,0.01782187975,0.01986639769,0.0718706514,0.01755132389,0.02444467433,0.01992081798,0.5650765801,0.2634476749
C001034,3,0.02843903309,0.02183380751,0.02270575541,0.02236370124,0.06274143796,0.6789148971,0.02357382789,0.1394275398
C001041,0,0.2801228021,0.007460256353,0.005424141071,0.006606248871,0.05908736066,0.5247199305,0.04872666757,0.06785259283
C001045,1,0.009982581701,0.01076820188,0.009733334928,0.009630433896,0.04776464688,0.01039649492,0.04659988209,0.8551244237
C001049,0,0.0055351908,0.006458075914,0.006389718479,0.7237601541,0.009034758212,0.006539392457,0.009025104568,0.2332576055
C001054,0,0.002622303737,0.003373948483,0.003118055528,0.86277641,0.004187237754,0.003408862105,0.004209671488,0.116303511
C001065,1,0.01515543036,0.01584647477,0.723777386,0.05366418386,0.01656889527,0.04817309329,0.01641224825,0.1104022882
C001070,1,0.2702563272,0.01031150276,0.08116999844,0.02975970871,0.2587575204,0.01009358567,0.240946005,0.0987053518
C001073,0,0.3934234713,0.01103098626,0.01081689017,0.008741135912,0.2671256027,0.01096389497,0.05847005856,0.2394279601
C001078,3,0.01243917051,0.5021960594,0.2780907561,0.01222958616,0.014656715,0.01299651309,0.01444491213,0.1529462876
C001082,1,0.02918756294,0.005177549557,0.023230415,0.004660223385,0.7160513347,0.004987771987,0.04867549195,0.1680296505
C001083,1,0.4125181833,0.1218704259,0.0211436811,0.01093455733,0.01180921436,0.2948209621,0.01153872843,0.1153642475
C001085,2,0.1225406884,0.7874869116,0.002481063309,0.002282989701,0.004104280008,0.04963551192,0.004081974329,0.0273865807
C001099,2,0.003859193859,0.00113237957,0.003621871199,0.003454802727,0.005413699968,0.003566072418,0.04591269202,0.9330392882
C001104,0,0.04500658721,0.07545862364,0.01479959221,0.008166459598,0.2732809568,0.1669876739,0.09593507381,0.3203650328
C001107,2,0.8332523178,0.06984787497,0.004065105966,0.003443526223,0.05905202122,0.003402565679,0.004148816277,0.02278777186
C001118,1,0.01935781473,0.7397900361,0.01396909572,0.01983240425,0.02136004307,0.01973204464,0.02070629403,0.1452522674
C001125,4,0.5784984484,0.02011885928,0.05827950473,0.01662849509,0.02204066644,0.01730357131,0.02099644199,0.2661340128
C001128,2,0.008260345188,0.009082499839,0.1793945438,0.007854308353,0.05286373837,0.550622212,0.05050823996,0.1414141125
C001137,1,0.005882454283,0.2496379913,0.0058235582,0.5198830238,0.07927452638,0.006098310353,0.07498291818,0.05841721758
C001145,0,0.0111769631,0.03362652004,0.03585840504,0.01093633967,0.7524326865,0.01266626077,0.04233153227,0.1009712926
C001146,3,0.005323281374,0.005336513902,0.145507174,0.005407013892,0.005986488249,0.7892961566,0.005878007661,0.03726536438
C001158,0,0.005863714157,0.006714142054,0.00660496065,0.005661842241,0.008334913938,0.006701334566,0.8660636337,0.09405545867
C001159,2,0.02950351938,0.004485378307,0.00379734656,0.724352156,0.1005799469,0.004118914509,0.06736901427,0.06579372412
C001161,4,0.01305490095,0.7614640057,0.01357293303,0.04721007403,0.01388250148,0.01339907274,0.01396920632,0.1234473057
C001163,0,0.007084780161,0.05915502742,0.007832043101,0.0478368435,0.009405798729,0.008608422591,0.009440505359,0.8506365791
C001167,1,0.01235580064,0.01510906057,0.1120815158,0.5380324509,0.01661713718,0.01263028315,0.01802056054,0.2751531913
C001177,0,0.006300727114,0.1690050578,0.007309763668,0.1416689892,0.001837152761,0.01986527501,0.6047963287,0.04921670576
C001180,3,0.01556437824,0.01687757192,0.01562705293,0.5228221715,0.1758417463,0.01627044087,0.0184698901,0.2185267482
C001186,0,0.008758863868,0.5702673965,0.08223522074,0.008579001766,0.1055817976,0.009539744895,0.1220311256,0.09300684904
C001187,4,0.006930750886,0.007635119805,0.00708211777,0.006813569571,0.207592301,0.4917797812,0.1932032336,0.07896312615
C001190,4,0.01150393184,0.01235080272,0.012045781,0.6649018844,0.01278783959,0.01162121263,0.01226511861,0.2625234292
C001193,4,0.0168659404,0.315626167,0.01737902711,0.01699732173,0.02036005947,0.2827602619,0.02565979079,0.3043514315
C001195,4,0.3660822001,0.01765093767,0.01669862782,0.01582550398,0.01951644495,0.0166019209,0.01933261358,0.5282917511
C001197,0,0.01388611912,0.01648799805,0.01543914773,0.01933941316,0.04980784607,0.01645550424,0.2995672994,0.5690166722
C001201,1,0.02060981074,0.02179576615,0.02037652009,0.1832406721,0.0396692168,0.1332648666,0.02435589853,0.556687249
C001205,2,0.004520091993,0.2335565251,0.00524233169,0.004434568438,0.00584048518,0.3019677304,0.2777118647,0.1667264025
C001206,0,0.01061361536,0.01186120114,0.01168491961,0.7082933419,0.01427490812,0.01212606637,0.01429161921,0.2168543283
C001217,3,0.7966718799,0.003904107056,0.0036792386,0.01596950819,0.05116389491,0.08253631557,0.004074018064,0.04200103768
C001218,3,0.008142736884,0.04350747097,0.008233343433,0.008078393599,0.154905,0.008315479614,0.6808124778,0.08800509776
C001219,4,0.007289169413,0.009046907491,0.08019318685,0.01306313824,0.009173737165,0.007994900184,0.0089526258,0.8642863349
C001246,4,0.01233298326,0.02732839366,0.01274962622,0.7686727482,0.01416091548,0.0127891206,0.01398182354,0.137984389
C001247,4,0.01795896905,0.01989646605,0.01842913946,0.01796859247,0.05669928101,0.01881927839,0.598502348,0.2517259256
C001251,4,0.02876976627,0.03105520982,0.197830734,0.02895638788,0.09408546489,0.1190045569,0.08554924533,0.414748635
C001257,0,0.01192148201,0.03610549079,0.01324828027,0.02219293705,0.01507616282,0.772645819,0.01519669228,0.1136131358
C001259,3,0.8731496395,0.008661005294,0.008484882497,0.008619996969,0.008475084728,0.008540603466,0.008338252859,0.0757305347
C001262,2,0.01210389334,0.005376045903,0.0134655673,0.5129442278,0.01417745414,0.01117041893,0.01519969485,0.4155626977
C001263,0,0.006909130458,0.1521560599,0.4696359191,0.18516267,0.1057692714,0.007888976821,0.008731014106,0.06374695829
C001270,4,0.02154963031,0.002763129533,0.002620986562,0.6810323569,0.2292675817,0.04057125324,0.002998119094,0.01919694261
C001274,0,0.1001619156,0.1019327323,0.005610980246,0.005259942143,0.006845711767,0.0285239105,0.2341554038,0.5175094037
C001281,2,0.01216873746,0.01372867443,0.5404488753,0.01103777198,0.01531647045,0.0113513427,0.01556392767,0.3803842
C001282,0,0.8813564,0.004112939588,0.004018462939,0.003365312902,0.005373601584,0.004068068324,0.005144345407,0.09256086925
C001286,4,0.005547306649,0.006128852469,0.1464400622,0.005529032172,0.480175865,0.005773418958,0.3053488712,0.04505659137
C001287,3,0.005699228589,0.3331546354,0.3510749081,0.03419983507,0.1910735919,0.006079687913,0.004098120574,0.07461999245
C001296,0,0.0122187106,0.5040787495,0.01373611328,0.3386820758,0.006019601397,0.01326295012,0.006160077685,0.1058417217
C001297,1,0.01236391698,0.4971442637,0.3352055403,0.01227496161,0.01350841229,0.0127935653,0.01311237799,0.1035969618
C001304,2,0.002912109044,0.007583198375,0.02477082232,0.004680416216,0.008238398474,0.002868392134,0.007763881259,0.9411827822
C001309,0,0.008165620109,0.3147145066,0.008999383367,0.007927383616,0.4570850094,0.005977457108,0.07101418697,0.1261164528
C001311,4,0.01906080087,0.01758657713,0.1648745146,0.007493426144,0.1907688795,0.1194929147,0.06667864255,0.4140442445
C001319,1,0.006567923479,0.006836465519,0.4430082473,0.006344470912,0.4423339891,0.006649610153,0.00708727173,0.08117202179
C001327,0,0.8994506624,0.006529727757,0.006773961065,0.005846833788,0.007918148144,0.006647667922,0.007734719411,0.05909827954
C001332,3,0.1256010699,0.0195217901,0.2690246019,0.0189728958,0.02122682197,0.01926819038,0.02106706996,0.50531756
C001333,4,0.008154639447,0.7114622078,0.1321529901,0.008131932362,0.009594240668,0.04759899616,0.009614418648,0.07329057481
C001338,1,0.02671996968,0.02806441926,0.5468232403,0.02685477638,0.09990142256,0.02698157912,0.03011532416,0.2145392685
C001339,4,0.007358957096,0.007893710157,0.007515598465,0.007376222457,0.008532035621,0.1221628035,0.7702906552,0.06887001753
C001344,2,0.01192144457,0.06234167332,0.0206950747,0.01221515962,0.03294774378,0.006355323905,0.02539474636,0.8281288337
C001350,0,0.008948697636,0.01059446042,0.4257780827,0.3587552254,0.01211402592,0.01063983171,0.01196327579,0.1612064005
C001357,4,0.006715043697,0.008371060613,0.03868649349,0.006660613857,0.01766719858,0.1867752676,0.275262624,0.4598616981
C001358,0,0.0201627522,0.1067710684,0.1468304889,0.01981233181,0.3818344182,0.02258639094,0.1271059203,0.1748966292
C001360,3,0.007105405941,0.008625474946,0.008980186474,0.754454409,0.01024712264,0.008443181858,0.01109824076,0.1910459784
C001363,1,0.003539916822,0.004735914995,0.01507761821,0.005660886262,0.003557429173,0.05555402097,0.003441431392,0.9084327822
C001365,2,0.002585237213,0.002956199988,0.002428379633,0.002311932846,0.01153069604,0.00238371464,0.01128892433,0.9645149153
C001368,1,0.1071316408,0.6409643661,0.01185416892,0.04837034176,0.01009020852,0.01227767412,0.00997872999,0.1593328699
C001369,1,0.03721745198,0.003146562299,0.002644598094,0.01421006481,0.004530450314,0.002838778985,0.003586479692,0.9318256138
C001370,1,0.001572737939,0.02943466,0.07890859297,0.02070772097,0.003147548618,0.8198128824,0.003382524661,0.04303333241
C001371,3,0.004036369424,0.01572840401,0.004042194394,0.003907176089,0.003458511376,0.01428901925,0.004541375493,0.94999695
C001373,2,0.003245285665,0.003677376753,0.003505085577,0.01104387163,0.1099461247,0.003225998198,0.7550391469,0.1103171105
C001379,4,0.7328482188,0.1628831087,0.00885491104,0.008706536136,0.01097556164,0.007732411118,0.01115009122,0.0568491613
C001403,1,0.02181984289,0.07815774542,0.02187483674,0.1989850315,0.07983174521,0.02253831783,0.07718265932,0.4996098211
C001404,3,0.7427257587,0.02785970409,0.004029347845,0.004023030358,0.0819368053,0.06127296037,0.003647430379,0.07450496299
C001407,2,0.004415854242,0.004947664157,0.004921874997,0.004287248821,0.005614306748,0.9295703268,0.005725094721,0.04051762948
C001423,2,0.01505374177,0.7299799933,0.01663748455,0.01452579062,0.01510400568,0.01491296557,0.01533064526,0.1784553732
C001425,3,0.07565346493,0.6539474261,0.09617742739,0.1062658858,0.00870327466,0.004423023098,0.01231020762,0.04251929042
C001432,4,0.001655753421,0.03808586682,0.01108407117,0.008200785497,0.00373288209,0.001787717814,0.8957873111,0.03966561205
C001438,4,0.008573325542,0.004000064022,0.003362915822,0.003298410624,0.003228862255,0.0400118219,0.003897107185,0.9336274926
C001456,2,0.007567378304,0.04928115082,0.3456312908,0.007087615099,0.008846499749,0.3490649245,0.1806146865,0.05190645419
C001465,1,0.04346113281,0.01167180183,0.2702818481,0.01016704057,0.01215640577,0.01088532175,0.4905951174,0.1507813318
C001466,4,0.01161148811,0.01241433155,0.01195823961,0.01167279808,0.0398178791,0.01209918807,0.8063871371,0.09403893837
C001468,3,0.02930030898,0.7991191899,0.002827561897,0.002759157142,0.00344071141,0.002892465822,0.07722674365,0.08243386125
C001471,2,0.0289374552,0.3394411084,0.1716091008,0.01635672301,0.09818361906,0.005247666941,0.08701423052,0.253210096
C001477,2,0.008891512991,0.1501534604,0.01009171076,0.7276173588,0.009979753112,0.008285799426,0.009996580227,0.07498382423
C001482,0,0.01643461427,0.0190204715,0.6440261213,0.01608566559,0.02158991218,0.01882434516,0.02181951993,0.24219935
C001489,1,0.003022804568,0.005135510397,0.008318836034,0.01284072063,0.009094798133,0.004975040085,0.005538949045,0.9510733411
C001496,0,0.01152645057,0.01253016588,0.2955067665,0.251933284,0.1409108726,0.01260171651,0.02163234628,0.2533583976
C001510,2,0.02955568735,0.51144694,0.06485121088,0.07522896292,0.01078906464,0.008634701624,0.01065921557,0.288834217
C001515,4,0.02524230352,0.006429520294,0.005330480717,0.005290870625,0.006155774755,0.005657930552,0.006131924673,0.9397611949
C001518,1,0.008639486019,0.3233738686,0.1611908884,0.08665707342,0.01162444203,0.009074460697,0.01158912166,0.3878506591
C001534,3,0.01973949866,0.585716678,0.01977902461,0.1650059127,0.0218155961,0.02077538911,0.02130281171,0.1458650891
C001538,2,0.006171790766,0.007114719338,0.007061607759,0.006096918118,0.007414239547,0.006157744662,0.8966830397,0.06329994015
C001539,2,0.007885563818,0.4049208831,0.008280319481,0.00736505338,0.2672351469,0.05101141657,0.1790054218,0.07429619498
C001541,0,0.09912343683,0.005319638392,0.005191264341,0.004524186785,0.1702704337,0.05976079722,0.6080693733,0.0477408694
C001543,3,0.03078042505,0.007749691899,0.2120720038,0.01175982952,0.01264850447,0.5244783,0.01280759788,0.1877036474
C001545,3,0.01690020057,0.0171247331,0.3263136363,0.06557676353,0.01906172861,0.01702438429,0.01890980524,0.5190887484
C001550,4,0.1220778177,0.1860150724,0.3243812251,0.01536373268,0.02016486267,0.01651756782,0.01972446473,0.2957552569
C001552,2,0.004109924173,0.004535241498,0.03835086041,0.004132698566,0.004898085538,0.004274198051,0.9005466772,0.03915231453
C001553,1,0.004466306119,0.04279866113,0.5116305173,0.03395188205,0.1725210781,0.04377891902,0.1240470966,0.06680553965
C001558,3,0.01717577549,0.01838685179,0.03722358513,0.01659994843,0.1350722187,0.01771957303,0.01990049659,0.7379215508
C001568,4,0.02126988864,0.002219887357,0.001915411587,0.001862091891,0.002388983215,0.002015656692,0.9079691338,0.06035894682
C001573,4,0.004892240859,0.004025330804,0.003492493545,0.005574187491,0.04430785341,0.01210365124,0.04398016939,0.8816240733
C001579,4,0.002866911265,0.8656395328,0.005526148155,0.002854271488,0.04946929733,0.003110030948,0.003640300798,0.06689350724
C001580,3,0.001442330659,0.001455393452,0.09201570088,0.00142310093,0.8443170071,0.02103628509,0.02828521725,0.01002496466
C001586,1,0.01003834399,0.0111759565,0.009701780757,0.4092878955,0.01256811662,0.3272988755,0.01221579794,0.2077132331
C001603,4,0.6078668931,0.1306710209,0.004749568773,0.004616866227,0.005329466616,0.005051903382,0.130856379,0.110857902
C001605,0,0.02841843766,0.008958232065,0.5231327157,0.06416337011,0.0146272375,0.009458944515,0.1772528654,0.173988197
C001606,0,0.01336412862,0.01347040669,0.01403400217,0.01289571788,0.01606074536,0.01379725776,0.7786882785,0.137689463
C001611,2,0.030224583,0.01252090597,0.03065620547,0.6161238686,0.01331222801,0.01016153606,0.01309414287,0.2739065301
C001612,1,0.01314663903,0.01431712095,0.09672497239,0.3999541057,0.01700282433,0.01353157854,0.2356827252,0.2096400339
C001619,3,0.007348547799,0.007711216542,0.2634390364,0.1219147499,0.07120848596,0.3922906926,0.008579900604,0.1275073702
C001622,4,0.03678680509,0.1703640588,0.01348565066,0.01322964971,0.04175746166,0.01453053175,0.04939243395,0.6604534084
C001623,0,0.09351754234,0.01972203226,0.68385545,0.02140017149,0.01694385758,0.02784268662,0.07299098501,0.06372727471
C001628,4,0.003791250539,0.6155461643,0.003919327117,0.0921353058,0.004298614047,0.003885261699,0.2352636894,0.0411603871
C001636,4,0.1661446128,0.005229081804,0.5464895391,0.005039427844,0.1125910997,0.0535701253,0.07138170194,0.03955441143
C001637,3,0.01311297291,0.01342627332,0.324336513,0.1271676619,0.01513938098,0.01356106335,0.0149092491,0.4783468854
C001646,4,0.801077503,0.01215484454,0.01157273559,0.01118151569,0.01181061509,0.01157262377,0.01155553118,0.1290746311
C001651,0,0.4041092647,0.01853692339,0.01771984681,0.01559543543,0.02171841907,0.01848275563,0.05320458,0.4506327749
C001652,1,0.02371994357,0.8901395639,0.001081307694,0.01356588414,0.06085135184,0.00114503402,0.001251997129,0.00824491766
C001654,2,0.01267694402,0.0143928245,0.01418485557,0.6511465257,0.01688478222,0.01306636305,0.04332458201,0.2343231229
C001659,2,0.00225993147,0.04401676892,0.008804713022,0.02570138689,0.8432737469,0.002133370575,0.002795550337,0.07101453186
C001671,3,0.007578887759,0.4358397976,0.2394145256,0.1896023831,0.009063375741,0.007981836807,0.00881581853,0.1017033749
C001675,0,0.1337160915,0.0231277924,0.02275536126,0.01978265106,0.02471063471,0.02353822435,0.02448091035,0.7278883344
C001679,3,0.01398346476,0.01491681616,0.007266185374,0.8068373613,0.01638820835,0.01480213527,0.01665354908,0.1091522797
C001684,3,0.01709014419,0.0176555575,0.01729013435,0.7351693706,0.0183622899,0.01732112227,0.0180811513,0.1590302299
C001685,0,0.01041215786,0.01239169653,0.01152822649,0.6411694158,0.01425529163,0.01973552795,0.01440244163,0.2761052422
C001688,4,0.707420405,0.01064688924,0.01024684523,0.01003744299,0.01088390593,0.146145641,0.01085785171,0.09376101894
C001690,3,0.01180047696,0.6454128444,0.01321619402,0.01210994491,0.01413875625,0.1177941386,0.01408939579,0.171438249
C001694,1,0.03826573417,0.01478597015,0.01373763407,0.01378041759,0.01657097446,0.7008775707,0.016786206,0.1851954928
C001696,0,0.00757633281,0.00845707584,0.07390507188,0.007405283863,0.01987073941,0.1828147122,0.6217005588,0.07827022518
C001702,3,0.01034066695,0.1276856251,0.07833274886,0.1222779098,0.03404721971,0.01060304669,0.5181853434,0.09852743945
C001711,3,0.5740573043,0.01205039128,0.01140353514,0.2566269562,0.01335822899,0.01185742754,0.01323319922,0.1074129574
C001722,3,0.003076056961,0.003281056336,0.002677007796,0.003086821663,0.003492078355,0.00326694376,0.003442441661,0.9776775935
C001730,4,0.01770339674,0.01295802643,0.01230978761,0.341561622,0.0144714033,0.4101047636,0.01424506842,0.1766459319
C001738,2,0.3140090683,0.006968479721,0.005858341167,0.4736808331,0.03297216977,0.004998959875,0.1158140855,0.04569806257
C001739,4,0.01874097539,0.4481517304,0.06808641388,0.006259959898,0.01720913848,0.006706176514,0.00693970111,0.4279059044
C001741,0,0.002564478945,0.8581354254,0.002867885521,0.002486913647,0.08786882771,0.002817170251,0.01949642512,0.02376287338
C001743,0,0.008578422589,0.2708157624,0.01005818492,0.008409467552,0.09491408957,0.02563262071,0.4218943239,0.1596971284
C001746,1,0.0144360383,0.4550859476,0.01448435211,0.01447106533,0.3616378503,0.01485824897,0.01705949405,0.1079670034
C001754,0,0.002281415522,0.1469907973,0.002440792627,0.8198089473,0.002517760179,0.002378725097,0.002533928352,0.02104763363
C001761,4,0.01523111688,0.01638829368,0.2385176281,0.02497244812,0.01794764833,0.1666441743,0.03547671701,0.4848219735
C001764,1,0.005471445549,0.2839692567,0.02182987583,0.005374284385,0.5610524493,0.005814828969,0.006775741503,0.1097121178
C001771,4,0.006367192309,0.00787500973,0.6422453095,0.006393843955,0.007772352124,0.00688547646,0.007623334319,0.3148374816
C001774,3,0.01603010424,0.6964775263,0.004603626494,0.008995492251,0.04408693959,0.0209476161,0.1452836539,0.0635750411
C001777,0,0.008739103773,0.01019183727,0.6511564647,0.009777698706,0.01296100856,0.09105677475,0.08433376816,0.1317833441
C001780,4,0.007734346635,0.008628389371,0.007949555323,0.6095460094,0.009250057035,0.008068572921,0.0091818154,0.3396412539
C001782,0,0.002940133285,0.003339041404,0.01061724602,0.002872058788,0.9388376216,0.005409344057,0.003569540932,0.03241501389
C001784,1,0.7966285305,0.08508427027,0.007478967661,0.005504994947,0.006766962173,0.005763183461,0.006475294906,0.08629779608
C001786,2,0.01349964867,0.5541277216,0.01516157048,0.03410795828,0.116986661,0.01308334697,0.117830693,0.1352024
C001796,1,0.007909160942,0.3720210439,0.007655445173,0.007647901425,0.006076511196,0.007929004978,0.5346912521,0.05606968033
C001808,0,0.01311756985,0.6400168187,0.1727177433,0.01061934777,0.01350534224,0.01200996133,0.01360449408,0.1244087226
C001811,0,0.1660575619,0.5405982391,0.1346326574,0.03658072094,0.009507937423,0.04278056293,0.009186109581,0.06065621065
C001812,3,0.007298504357,0.007756772878,0.007358511804,0.007376836611,0.8804798177,0.007651890676,0.008162570296,0.07391509569
C001814,1,0.008462128056,0.2727334295,0.08855015194,0.008543060375,0.01180958458,0.009174391926,0.01149802464,0.5892292289
C001816,4,0.005530377187,0.006589067955,0.005835834464,0.00556294945,0.007054478408,0.4759580219,0.3539987533,0.1394705174
C001819,3,0.006112669738,0.01020953578,0.04097989327,0.01007033825,0.007869822043,0.01597142555,0.007713363417,0.901072952
C001821,4,0.02858384715,0.05952109589,0.02992984002,0.02865435979,0.03212323929,0.02921749728,0.03191603085,0.7600540897
C001823,3,0.005762526147,0.006434482882,0.07235689862,0.02437001985,0.008738874636,0.005877018914,0.01776051864,0.8586996603
C001829,4,0.01543729502,0.01669622874,0.3148618265,0.01545396841,0.01741674321,0.01598456385,0.1017740247,0.5023753496
C001830,2,0.6792239379,0.02304541927,0.02459708771,0.02024886112,0.02124738487,0.05488094437,0.02128211461,0.1554742501
C001836,1,0.01192094316,0.6107428745,0.01704127063,0.01241567894,0.0155241015,0.1517416314,0.01464599139,0.1659675085
C001837,3,0.003204257879,0.8197639882,0.04949867974,0.003231371573,0.003988244708,0.004382066785,0.003955270169,0.1119761209
C001861,1,0.002191464438,0.002593445657,0.8783886829,0.002290463992,0.01700684692,0.002505534019,0.01768009661,0.07734346547
C001865,0,0.007938059155,0.008593991654,0.008608166521,0.775168337,0.04765664748,0.03232610808,0.0495112801,0.07019741004
C001869,3,0.005056400837,0.6673675026,0.02852817599,0.005148777858,0.06348987484,0.005407129942,0.07493554747,0.1500665905
C001870,1,0.01951382952,0.02270977041,0.02026730613,0.2093288733,0.02658592234,0.1074253691,0.02560527761,0.5685636516
C001882,1,0.02094554982,0.02314258666,0.02078555751,0.09017312129,0.1532160859,0.06094659923,0.04953800345,0.5812524962
C001883,4,0.005948426047,0.05015426287,0.1709831855,0.1577671672,0.00672358202,0.5574931634,0.006676464739,0.04425374822
C001887,1,0.01045269596,0.6425309802,0.01420125589,0.009976289885,0.03508000035,0.0106825749,0.1964938066,0.08058239624
C001888,4,0.02206956111,0.02351691802,0.02222204485,0.02187629638,0.02611846078,0.02339617836,0.02660259545,0.834197945
C001895,2,0.01062689458,0.01118188058,0.6025295788,0.009792701629,0.01176139641,0.02848273278,0.0127595093,0.3128653059
C001899,1,0.007073487441,0.05608223905,0.006798075778,0.006856472726,0.00838903549,0.1580740604,0.7004575965,0.05626903262
C001902,1,0.8654144915,0.007729561479,0.003684268982,0.005433734919,0.04508102793,0.008344350542,0.01958714375,0.04472542089
C001907,1,0.0233554271,0.02396832805,0.02252192646,0.02258242953,0.02752221266,0.1010627406,0.02701342646,0.7519735092
C001910,3,0.03002888038,0.03119695379,0.03037518414,0.401955007,0.03358462816,0.0280923693,0.03323038353,0.4115365937
C001917,2,0.009764002937,0.01062767777,0.3975848839,0.01030477378,0.3987040127,0.01052812231,0.01147893903,0.1510075875
C001920,4,0.006555958401,0.007024011178,0.5609295375,0.09595809307,0.2316207872,0.006709759053,0.04280094635,0.04840090726
C001926,2,0.005536079227,0.006222857298,0.4389337348,0.005384062993,0.006626277436,0.005430679257,0.3780355714,0.1538307376
C001936,1,0.8358610566,0.0986688607,0.004544965542,0.00458249981,0.005558475747,0.004790544766,0.005612538488,0.0403810583
C001954,3,0.002197424782,0.002384753167,0.002195677915,0.002225948663,0.002811701583,0.002314372039,0.7551930788,0.230677043
C001980,2,0.02348482491,0.02641567957,0.2699135883,0.387202133,0.02735147051,0.02314087735,0.0274381942,0.2150532322
C001982,1,0.00222427202,0.0160796289,0.0208509229,0.0344986381,0.01928464179,0.8581425297,0.03111175456,0.01780761207
C001988,3,0.01170141994,0.01216603167,0.7534068644,0.01193543236,0.0135445484,0.01226122574,0.01133982185,0.1736446556
C001989,4,0.4731774556,0.04477031014,0.008447328409,0.2675172343,0.05519304277,0.008452277675,0.06155041399,0.08089193714
C001990,1,0.002003424076,0.06778820319,0.001961765766,0.007165029892,0.009141446311,0.477394537,0.3799022956,0.05464329809
C002009,1,0.05471654773,0.005591287646,0.006443255301,0.004973883124,0.8001504211,0.005330487461,0.005943808132,0.1168503095
C002017,3,0.009467753626,0.01004029083,0.009539101544,0.06478821135,0.01502903223,0.08008370345,0.730516764,0.08053514293
C002019,4,0.2034789556,0.009118215938,0.00817206339,0.007869713941,0.01612753764,0.6611409583,0.01614626841,0.07794628679
C002029,2,0.01088150292,0.2961260644,0.01190758692,0.04230931531,0.01897893425,0.04725436605,0.01191408903,0.5606281411
C002034,1,0.01448944494,0.01468100734,0.01382759282,0.01386944125,0.2244144048,0.01434563405,0.2352537497,0.4691187251
C002035,0,0.01611876892,0.04743589519,0.004878434592,0.004618180147,0.03713834272,0.00898206736,0.03648557544,0.8443427356
C002055,4,0.01149602503,0.2274661682,0.012616453,0.334298115,0.3601102675,0.005608908047,0.005970995477,0.04243306766
C002059,4,0.004161814663,0.004436530223,0.004257466332,0.00412710818,0.004309913285,0.9342070478,0.004256747297,0.04024337223
C002062,4,0.004993261937,0.4395368366,0.01030818253,0.004950799069,0.1903336379,0.005217815131,0.1908211331,0.1538383337
C002065,3,0.00313045889,0.00341191496,0.90371249,0.00313890612,0.003957091506,0.003343315492,0.003930957112,0.07537486596
C002066,3,0.004605688977,0.004988127931,0.03645634587,0.004720077195,0.03303893802,0.004798281353,0.005613424721,0.9057791159
C002073,0,0.007219004632,0.008116146435,0.8673722874,0.007081635005,0.009636221017,0.008235068728,0.009114007548,0.08322562924
C002080,2,0.7291293967,0.0163600245,0.01675045996,0.07653845917,0.01659834408,0.01443058623,0.01657572641,0.1136170029
C002083,3,0.003088448053,0.003236456959,0.923985558,0.003109091709,0.003359196887,0.003225608105,0.03201764136,0.02797799891
C002096,2,0.08438978249,0.007143163368,0.2620352685,0.005807580023,0.103659457,0.008621486745,0.0232157694,0.5051274925
C002123,4,0.01882688327,0.02072071677,0.0181397644,0.0174091631,0.02039969712,0.0687623938,0.01975984702,0.8159815345
C002125,2,0.03021532399,0.2003954201,0.03324677689,0.0282619329,0.1343769786,0.02902807469,0.03721968813,0.5072558046
C002130,2,0.003976756145,0.006675357434,0.006459243909,0.1001931254,0.008549194842,0.005297927121,0.0105445334,0.8583038618
C002133,0,0.02844039826,0.7055163917,0.007328106461,0.006372349618,0.08123817341,0.007375016514,0.06096378903,0.102765775
C002137,3,0.02706505682,0.02711057599,0.02614816052,0.5454035857,0.03057303964,0.02653263567,0.03029056893,0.2868763768
C002140,4,0.3999292828,0.0125650492,0.3654528694,0.01100400702,0.01280463185,0.01190509985,0.01254381973,0.1737952402
C002143,4,0.008098876761,0.008184532568,0.2753283201,0.007245451331,0.5305809433,0.1012628792,0.009245129154,0.06005386754
C002145,2,0.8015096779,0.01344523178,0.03445860965,0.0112679859,0.01405758859,0.01141035755,0.0160977523,0.09775279635
C002156,2,0.006202384239,0.007240020824,0.007046188829,0.005785661673,0.008123749427,0.7849224031,0.008267354491,0.1724122374
C002169,0,0.0187573026,0.05407833401,0.05935471442,0.01872642753,0.1659899488,0.02121243075,0.1177860186,0.5440948233
C002171,1,0.01010633962,0.6004715432,0.009697553359,0.00979013731,0.01157363016,0.01012781861,0.01147178475,0.336761193
C002178,0,0.008428292829,0.00931097737,0.1474213313,0.7203440086,0.01039169563,0.009384369208,0.01031429026,0.08440503486
C002186,3,0.1215498502,0.4201251446,0.006291159703,0.04136436041,0.01068727759,0.04928523736,0.2692173803,0.08147958983
C002190,3,0.01637779983,0.2056657312,0.01684962862,0.01642523815,0.01995054075,0.01702386239,0.01973606554,0.6879711335
C002202,4,0.003300208117,0.00389161664,0.01626558477,0.003318654951,0.004208457316,0.003002907957,0.02902459262,0.9369879776
C002205,1,0.005214245464,0.005468148177,0.005129452063,0.005146425221,0.006204686806,0.005327323489,0.8898253474,0.07768437135
C002207,2,0.01125182797,0.06415374338,0.05197678274,0.01053123121,0.013145695,0.02424827271,0.7128445713,0.1118478756
C002210,1,0.003697838428,0.1545063407,0.004581733596,0.3528965338,0.2750129568,0.004744077335,0.1679368266,0.03662369266
C002211,3,0.513857407,0.01446416539,0.01457236141,0.01407132109,0.01597788126,0.01447563142,0.0157346511,0.3968465813
C002217,0,0.005649649694,0.003412772182,0.0232537985,0.003946729057,0.01459754731,0.004697798382,0.008860201865,0.935581503
C002221,2,0.005184339668,0.1241882299,0.01074643212,0.02769278937,0.07673233153,0.007410753472,0.006265764004,0.7417793599
C002224,1,0.008290919743,0.008633451648,0.007932400083,0.007940357853,0.009425767494,0.3310247935,0.5414575042,0.08529480549
C002225,4,0.8033346656,0.01321257828,0.01236321857,0.024052503,0.01394180127,0.01238289814,0.01405202077,0.1066603144
C002248,0,0.004946271867,0.04520699782,0.4087734566,0.03015414936,0.005932681857,0.2657937473,0.196821312,0.0423713832
C002252,0,0.003040845116,0.003677212891,0.003786043273,0.001382173862,0.03652381361,0.001802598675,0.004309101711,0.9454782109
C002254,1,0.01049852526,0.6056618082,0.01008251749,0.01013718023,0.00742075688,0.163366788,0.006868031398,0.1859643926
C002258,0,0.006901320025,0.007718676529,0.007781948408,0.006663984635,0.009774563433,0.8614699133,0.009515147101,0.09017444653
C002262,2,0.002512557712,0.002886900422,0.09676477966,0.06042833453,0.728822406,0.006585820198,0.003031442544,0.09896775898
C002264,1,0.02949579126,0.008204390651,0.007767221671,0.007756839851,0.009185310873,0.8042157507,0.009112011971,0.124262683
C002267,2,0.01856576152,0.02195365827,0.1088038807,0.03165109772,0.03989372979,0.01752736376,0.2023955852,0.559208923
C002269,2,0.01051680729,0.7255848298,0.01163792311,0.05200835583,0.01238581819,0.06131361711,0.01266965501,0.1138829937
C002270,2,0.004148100986,0.8021550378,0.004588787937,0.1381545853,0.004871975506,0.004184814745,0.004937216316,0.03695948143
C002273,4,0.003717325932,0.003962478094,0.003844681471,0.376920952,0.546497069,0.003882208709,0.02708723867,0.03408804614
C002287,1,0.0284340417,0.05435002534,0.2748584682,0.02871541602,0.03065942623,0.0369734235,0.02318196319,0.5228272358
C002290,0,0.02186894969,0.02461102989,0.02410501217,0.6646498232,0.02879531701,0.02464896721,0.02864990155,0.1826709993
C002295,0,0.001738944379,0.5828575251,0.001932935536,0.2261723152,0.1653126392,0.001934692155,0.002256740361,0.01779420803
C002298,1,0.01066129515,0.01147258796,0.2270820127,0.01054031466,0.01225123418,0.6172380954,0.0126724592,0.09808200078
C002308,3,0.008061347492,0.5375521282,0.008046439348,0.008088183931,0.009992636461,0.008764694284,0.2077513663,0.211743204
C002309,2,0.009109397348,0.09853822979,0.0103287693,0.6925748905,0.01095574655,0.1019576348,0.01146065242,0.06507467921
C002314,1,0.003313231177,0.003630357058,0.004572787344,0.115195374,0.004292202803,0.003384205294,0.00448022288,0.8611316195
C002315,2,0.006284239465,0.02387702873,0.003570350974,0.03516195835,0.006568293701,0.005714077077,0.03236125693,0.8864627948
C002319,2,0.09217812615,0.01273442392,0.2667266525,0.01028247663,0.02762524726,0.2590203844,0.01371360639,0.3177190827
C002330,4,0.02289120729,0.04628078593,0.02398256676,0.02295149339,0.0248522665,0.02425281206,0.02471358621,0.8100752819
C002334,0,0.001697186291,0.001728025943,0.001728175384,0.8675510256,0.001942596487,0.1092823314,0.001930510612,0.01414014831
C002339,4,0.6959476967,0.003200492931,0.006456717892,0.006191445127,0.05665836459,0.006585490845,0.03509832784,0.189861464
C002341,4,0.7075797662,0.005688467789,0.005335860769,0.09448531944,0.005821257914,0.005345335936,0.1342426,0.04150139202
C002342,4,0.02445893347,0.01374658417,0.7835562964,0.01748411161,0.01433158108,0.01303033538,0.01392284661,0.1194693112
C002345,2,0.02052650749,0.02363508454,0.02506321925,0.01860042097,0.02637136595,0.4319923004,0.02705767906,0.4267534223
C002348,2,0.1274493706,0.004366088285,0.004297748179,0.03373944185,0.1523248992,0.5115472088,0.0999418195,0.06633342357
C002352,0,0.4044077752,0.008839777375,0.1885501518,0.007777828321,0.219221528,0.008931781758,0.09352335145,0.06874780607
C002359,3,0.01121224277,0.0115118017,0.01128278694,0.01135449324,0.1976931046,0.01134127865,0.6287776319,0.1168266602
C002377,1,0.003684049766,0.003621671491,0.07836194955,0.0117438137,0.03797667087,0.04964058823,0.03126032122,0.7837109352
C002381,3,0.08313656184,0.01003602917,0.2182284252,0.5753633627,0.01392885704,0.009917013214,0.01579891301,0.07359083779
C002383,3,0.8292740323,0.006537461871,0.006342065556,0.006447373574,0.007219864313,0.006622759159,0.007587069792,0.1299693735
C002387,1,0.01387161926,0.8003567116,0.013299124,0.01328222547,0.01577116638,0.01379875738,0.01542733601,0.1141930599
C002390,2,0.01327303131,0.01371335722,0.01435504351,0.05891247231,0.01605839212,0.01282261357,0.01559860433,0.8552664856
C002392,3,0.7054415468,0.007172414507,0.2082926738,0.00685702464,0.008100673219,0.007144770015,0.007976812982,0.04901408404
C002396,4,0.005493623288,0.006753117896,0.005658184045,0.2214198383,0.01954672126,0.01311777211,0.6354933664,0.09251737675
C002403,3,0.02875164596,0.0298382727,0.1172184825,0.02916805875,0.03083752137,0.02977881527,0.0303784,0.7040288035
C002407,1,0.01415406353,0.01514546776,0.01377442911,0.01379657761,0.01590137993,0.01443760329,0.7433739172,0.1694165616
C002408,3,0.02570987626,0.02678275662,0.02611929327,0.07910388424,0.03005778864,0.02675059372,0.02961767547,0.7558581318
C002409,4,0.003971100307,0.04430648,0.004948937539,0.005201614482,0.007062755174,0.02195204868,0.004668600339,0.9078884635
C002412,0,0.1562565911,0.02565537788,0.1609291783,0.0163925672,0.02265684777,0.1127928145,0.02242042382,0.4828961995
C002416,3,0.00940044761,0.4316245759,0.009625882769,0.009059739732,0.01004107528,0.3133870389,0.009810858665,0.2070503811
C002418,2,0.2768538275,0.005805950887,0.005786391121,0.2249900944,0.006122743585,0.4341939635,0.006070219213,0.04017680981
C002420,0,0.006197720832,0.006956912176,0.4548459598,0.008779177523,0.3187634113,0.1054555161,0.008265411386,0.09073589094
C002434,4,0.005592485308,0.03309012673,0.01567559669,0.003636470997,0.01044015632,0.1613219707,0.03918539555,0.7310577977
C002443,1,0.004506805195,0.01472390865,0.01151012431,0.02903530113,0.006142487837,0.005013126766,0.006969655813,0.9220985903
C002446,3,0.006631083524,0.3779728754,0.06571666799,0.005226386398,0.007134492029,0.007046627055,0.007924459952,0.5223474077
C002453,3,0.002906780142,0.1185884135,0.0065464957,0.7663868353,0.003055421604,0.006906561296,0.002403813654,0.09320567885
C002454,3,0.7033092181,0.01599750126,0.08685590462,0.05790811101,0.01105208717,0.01059875525,0.01094480899,0.1033336136
C002459,4,0.3222077081,0.5308418559,0.06602414898,0.01215083024,0.002476033134,0.04614209898,0.002397981696,0.01775934289
C002465,2,0.003192262984,0.003783691153,0.4250272683,0.003064545275,0.004171287699,0.1310759202,0.2536557384,0.1760292859
C002467,3,0.01035190435,0.7538700931,0.01035580065,0.01042734953,0.02624346429,0.0173614989,0.02026575031,0.1511241389
C002469,2,0.002819091471,0.003297352597,0.03437081931,0.002649380342,0.05853679959,0.1031986753,0.5045246432,0.2906032382
C002470,2,0.1760154723,0.2630400814,0.007740035052,0.02507682178,0.008534618199,0.1874577409,0.1752222979,0.1569129325
C002477,0,0.03252727231,0.7459895138,0.004694740814,0.1698547278,0.004947203587,0.004569521793,0.00484175843,0.03257526149
C002484,1,0.007883804637,0.008381280507,0.8716868524,0.008047437303,0.009588343824,0.008153662521,0.009281154631,0.07697746418
C002486,3,0.01551578886,0.01686768119,0.08157990617,0.04905138377,0.01822304755,0.01637047784,0.194159943,0.6082317717
C002487,1,0.04189771374,0.06357211443,0.6911154507,0.05471341429,0.01075272899,0.0417979752,0.01032514225,0.08582546038
C002489,1,0.002571134776,0.02007090534,0.07150104496,0.002547580542,0.8593898666,0.01778280246,0.00302657532,0.02311008997
C002496,3,0.4073071103,0.008161214318,0.00770962697,0.09384590893,0.008526514139,0.00804677588,0.4103607834,0.05604206605
C002497,1,0.005295525904,0.005374935242,0.005115566863,0.005109387455,0.9266928387,0.005335790426,0.005478493841,0.04159746157
C002502,4,0.004761476294,0.1692996035,0.004925342521,0.004771897078,0.4143002983,0.005262529735,0.2263773321,0.1703015205
C002510,1,0.004930406888,0.005440324996,0.004895332352,0.005819399625,0.007198630028,0.01521075047,0.0072090806,0.949296075
C002511,0,0.005983546294,0.006431801987,0.5697809931,0.0310587915,0.1541274499,0.0064775606,0.07398660091,0.1521532556
C002515,4,0.7323590635,0.0148620558,0.01410167066,0.01360731412,0.01503185931,0.01429920131,0.01515028141,0.1805885539
C002520,3,0.005285744482,0.005672656256,0.006168878847,0.004977430038,0.005843992336,0.00532932564,0.7806511235,0.1860708489
C002521,3,0.0273878401,0.6907993137,0.09751475699,0.02621574462,0.02418123753,0.01971180638,0.02542816942,0.08876113129
C002529,2,0.001759467615,0.00193717385,0.002077210562,0.001726149474,0.1441369332,0.8200748738,0.01461582201,0.01367236943
C002538,2,0.007517245071,0.008825107347,0.01019015999,0.02085664078,0.8580327562,0.007585103986,0.01264538749,0.07434759913
C002540,3,0.001935176991,0.03829942635,0.001957914906,0.001968767338,0.8971940075,0.02489983857,0.00230303449,0.03144183381
C002545,1,0.005446895348,0.005481632324,0.005396010436,0.1103847464,0.793397238,0.005372122089,0.01717625982,0.05734509554
C002546,4,0.01579608577,0.01698810933,0.01614117054,0.01564394965,0.0167173889,0.01638163947,0.7165893952,0.1857422611
C002551,4,0.03658366478,0.01901029804,0.4049823887,0.01625509097,0.01912092995,0.07819178223,0.01864533633,0.407210509
C002554,3,0.01214977204,0.03505589029,0.6497738473,0.01214421935,0.01480933829,0.012816089,0.06784822612,0.1954026176
C002557,1,0.00412067313,0.81678212,0.06784969508,0.004108136446,0.004970878619,0.004280677395,0.004982530801,0.09290528854
C002558,1,0.002878983824,0.003240716408,0.003801789705,0.02526952518,0.003796884137,0.002937281672,0.003822703093,0.954252116
C002561,1,0.005891543386,0.7244168468,0.005918947327,0.1089346536,0.007024363262,0.006275105709,0.0900972187,0.05144132126
C002565,2,0.4564395678,0.06516166291,0.005976613171,0.005090717834,0.006475412048,0.01467897716,0.3966477688,0.04952928035
C002568,2,0.01962073156,0.08862947562,0.1438408741,0.01862677571,0.02311060672,0.02639017214,0.3837517023,0.2960296618
C002578,0,0.05455074203,0.002521335642,0.8040337766,0.00290863558,0.002897859277,0.0969634917,0.002892805705,0.03323135346
C002588,1,0.02244047603,0.08447627297,0.008100578156,0.0428300902,0.005987945017,0.008672586522,0.01118883083,0.8163032203
C002591,1,0.06957609054,0.6392344957,0.1199223009,0.005512879129,0.03822176669,0.004632185057,0.03552623639,0.08737404559
C002592,4,0.01034594257,0.0124033185,0.01103938436,0.01027172005,0.197119228,0.01118533226,0.1831946913,0.564440383
C002593,1,0.005323409601,0.5728994876,0.005190844317,0.005186257584,0.05146761803,0.1250165141,0.007035712146,0.2278801566
C002598,3,0.01753753317,0.01827858781,0.01835509075,0.01737923527,0.1799046567,0.01818853046,0.2416588696,0.4886974962
C002604,2,0.01782418508,0.2202298146,0.01942575105,0.01606389227,0.02136460153,0.04003395145,0.5291881798,0.1358696242
C002605,3,0.002893479334,0.01250254697,0.01803011078,0.002902485523,0.003475950789,0.006146602004,0.003455728562,0.950593096
C002619,2,0.02570558876,0.02740189547,0.3218316522,0.0248265226,0.02601864275,0.02490083993,0.02706083147,0.5222540268
C002630,0,0.04175159891,0.002863267247,0.00276134984,0.02700098086,0.003702043196,0.8900960855,0.003588998577,0.02823567582
C002631,3,0.006286290801,0.006525141474,0.895558291,0.006225480296,0.006863060411,0.00652375742,0.00671923994,0.06529873862
C002632,3,0.04066263791,0.006134213327,0.005867324757,0.008151350128,0.03899822553,0.006047360048,0.04691522079,0.8472236675
C002640,1,0.009588332689,0.00982409585,0.009192876456,0.009202210903,0.08177167743,0.5379296394,0.011359111,0.3311320563
C002641,2,0.01029225071,0.01168967581,0.1151996442,0.1495175893,0.01223896975,0.5644113494,0.02437497013,0.1122755506
C002648,4,0.003385957445,0.02318268278,0.008952547804,0.008707612889,0.002017711448,0.009270757731,0.006308209577,0.9381745203
C002651,3,0.3800793961,0.01034986323,0.009395527398,0.009559489716,0.3940027937,0.01006207066,0.01539630026,0.1711545589
C002652,4,0.002747898768,0.06256711054,0.002831431006,0.02643880092,0.003662044593,0.002894538846,0.8606959091,0.03816226618
C002654,1,0.01541042652,0.7253811197,0.01513739461,0.01527175034,0.01695103344,0.01562893174,0.01730113316,0.1789182105
C002658,3,0.007340578369,0.5811132394,0.007193517943,0.2148605405,0.009895527124,0.008005306484,0.009552662949,0.1620386272
C002662,4,0.004041501721,0.06217093981,0.004182811686,0.6925104241,0.1422678376,0.04032301006,0.004572406456,0.04993106859
C002669,3,0.01720450559,0.01879687341,0.09651535324,0.0191371804,0.01958540055,0.1230689403,0.01930695538,0.6863847911
C002674,4,0.2940992101,0.5468236445,0.01035888498,0.007980197784,0.0110417645,0.01039239774,0.01101644217,0.1082874582
C002679,0,0.00355459057,0.003952528437,0.00395167152,0.003480196064,0.00455247261,0.9444744504,0.004526290201,0.03150780024
C002681,2,0.0027050684,0.003129837138,0.008766324059,0.006692247613,0.003344721107,0.001236293172,0.003299781094,0.9708257274
C002682,0,0.005013031399,0.005892283647,0.01795485549,0.7689378205,0.007431895559,0.005876512995,0.007400961249,0.1814926392
C002684,3,0.02867791906,0.028382575,0.003826188829,0.1823330802,0.004891913861,0.6870937119,0.005002694304,0.05979191686
C002685,1,0.8713154063,0.0069255865,0.00685823379,0.006852306839,0.00728865541,0.03199724992,0.007125000158,0.06163756108
C002690,3,0.08611491609,0.3505941912,0.3105294787,0.02785594889,0.0115188267,0.01065539551,0.06484575961,0.1378854833
C002691,3,0.01831651234,0.6051608361,0.01827620219,0.03169603334,0.02026847135,0.02000355176,0.01991696154,0.2663614314
C002693,0,0.003605465386,0.03859025687,0.004784656987,0.003506850449,0.005186939335,0.004246493556,0.00514834166,0.9349309958
C002695,1,0.007968600943,0.008504552967,0.007904091451,0.007871922897,0.1437662225,0.7408640894,0.009624210872,0.07349630897
C002701,3,0.02039842362,0.02090395194,0.01957990861,0.01996645567,0.0212426035,0.1587809741,0.02091434645,0.7182133361
C002702,4,0.004947444791,0.005986235564,0.00515141333,0.08486732786,0.02240630996,0.007115767939,0.009864747335,0.8596607532
C002704,0,0.006265547541,0.007626952328,0.006849112378,0.006047147763,0.01111903235,0.00863852327,0.1246043195,0.8288493649
C002706,2,0.003042351444,0.002886123773,0.003329373874,0.003667267056,0.003672528863,0.0009614370299,0.003625043909,0.9788158741
C002708,1,0.007914386939,0.01677470445,0.003176216048,0.2529353085,0.008022851956,0.009043029413,0.6468129478,0.05532055491
C002709,0,0.2653379195,0.1207672693,0.01053965454,0.04078271349,0.08534932023,0.03703928804,0.01552865592,0.4246551789
C002711,1,0.004930434771,0.0280590354,0.01606247829,0.0089328684,0.008637390596,0.006184197246,0.0051652869,0.9220283084
C002713,3,0.06377179708,0.0729515122,0.001585531557,0.8102624392,0.001696177579,0.0220096299,0.003363792187,0.02435912033
C002716,0,0.01311587699,0.01449633669,0.7546149068,0.01263138261,0.01770401809,0.0235211513,0.01775860094,0.1461577266
C002718,3,0.009202855598,0.009422788567,0.1640540693,0.0467288107,0.0287758426,0.6681554239,0.009811926931,0.0638482824
C002722,4,0.008569416825,0.009385825342,0.00881228755,0.008540343283,0.8109967626,0.03861019555,0.01174981072,0.1033353581
C002732,3,0.002532784074,0.09139956682,0.008611674782,0.5200515558,0.009860044053,0.00905061174,0.2898992558,0.06859450694
C002741,3,0.03573571946,0.03638316179,0.07724685362,0.02188571158,0.03791009089,0.307537116,0.03735653275,0.4459448139
C002744,1,0.06440254835,0.00730229732,0.6226512552,0.006736185052,0.008076469259,0.03051245791,0.1061485554,0.1541702316
C002756,1,0.04473212578,0.03744963633,0.03647422932,0.07222057589,0.05174134637,0.03855617721,0.0468820168,0.6719438923
C002766,0,0.6557795564,0.08737161925,0.01838929279,0.01690019472,0.007680924272,0.00685300052,0.1554617823,0.05156362979
C002770,2,0.006671121773,0.007648485888,0.007305943927,0.02261471146,0.01932485891,0.08191040259,0.008512063508,0.8460124119
C002778,2,0.008998352403,0.3385100835,0.009858712255,0.4694570506,0.01045100721,0.00873600839,0.01053391853,0.1434548671
C002783,3,0.9386767558,0.009102709116,0.002819003246,0.009264635818,0.003274301719,0.01038112568,0.003250426931,0.02323104166
C002785,4,0.0131629237,0.01673279246,0.01345664334,0.1806158777,0.01937772072,0.005811325826,0.01932866885,0.7315140474
C002789,3,0.003517295947,0.01507324884,0.003063937378,0.003530111474,0.05560430249,0.01230612203,0.004314024803,0.902590957
C002790,2,0.002039921415,0.8976946138,0.002232535493,0.001831715361,0.03005345437,0.001893143161,0.002448278069,0.06180633836
C002797,1,0.009123387444,0.01086166545,0.009087825528,0.02914947109,0.01215975315,0.01512356983,0.01188475255,0.902609575
C002825,1,0.0203967781,0.02248230986,0.004655312643,0.5697204427,0.1627927784,0.07226988472,0.01267027487,0.1350122187
C002833,3,0.01036136648,0.8157534217,0.01040418378,0.01039114007,0.01165296183,0.01090541122,0.01148774458,0.1190437703
C002835,0,0.009589246327,0.07243705449,0.01123950198,0.00944480761,0.07383004337,0.01151818996,0.1568229612,0.6551181951
C002845,0,0.01561138707,0.01732357309,0.4778673427,0.01525733237,0.02132620472,0.0174278662,0.02112271514,0.4140635787
C002857,0,0.02325531067,0.006593328058,0.006678999977,0.03568545107,0.702649801,0.1699135488,0.007714711025,0.04750884939
C002860,3,0.09445169872,0.1015062357,0.01176849501,0.1228605268,0.004456654428,0.6246938448,0.004433437122,0.03582910752
C002865,2,0.009642133055,0.01138063194,0.02779702953,0.1359821173,0.02885771262,0.01168753388,0.4514327908,0.3232200509
C002878,3,0.003269256016,0.0175979129,0.006281106961,0.006068906691,0.01191902842,0.01529573511,0.0197704629,0.919797591
C002881,0,0.003927315766,0.0024513218,0.137068692,0.002076773093,0.002936333252,0.002471833919,0.8139322328,0.03513549741
C002886,1,0.05177944641,0.007558876053,0.006388371048,0.003887926783,0.1950687988,0.006932008607,0.00862174312,0.7197628291
C002887,1,0.4916363094,0.002703602239,0.002137726839,0.4629204354,0.00840039888,0.002237138855,0.008537643746,0.02142674467
C002888,0,0.009897227862,0.3202125086,0.01105655454,0.05849419236,0.01296339488,0.1458406968,0.01281834965,0.4287170753
C002893,4,0.0106917321,0.1026067287,0.01117014306,0.0875523223,0.03734273905,0.5483199511,0.01317850847,0.1891378752
C002901,1,0.0195871275,0.0205536157,0.01955069765,0.01949783919,0.02394287566,0.663201447,0.02488936655,0.2087770308
C002904,2,0.01293279588,0.006781393715,0.006511847324,0.1593581602,0.1415046915,0.005503713599,0.00728341392,0.6601239839
C002906,1,0.1382272612,0.01064568404,0.1560286683,0.00695692992,0.009900213079,0.007568567739,0.009477441195,0.6611952344
C002914,1,0.08472100298,0.1713645942,0.004392755205,0.01509623084,0.006545625495,0.01002203238,0.6519761374,0.05588162146
C002925,1,0.2336200501,0.01392539458,0.01997656286,0.02014227594,0.02607602854,0.1091111505,0.02532970508,0.5518188324
C002930,1,0.6416650276,0.01976994958,0.007463525516,0.1184768223,0.009852847774,0.02297872003,0.009593470413,0.1701996368
C002933,4,0.633917322,0.01041438723,0.0361230285,0.01952074655,0.0363780511,0.02007533479,0.02357386234,0.2199972675
C002937,0,0.01032907764,0.3267996686,0.01212171733,0.01010258629,0.3292767765,0.01255966434,0.02687747356,0.2719330357
C002939,2,0.0183570519,0.04442815621,0.06871453227,0.01768429146,0.02007545234,0.01783112354,0.624644902,0.1882644903
C002949,3,0.003353235889,0.8098137663,0.01620794132,0.06498698124,0.04037076529,0.00443415132,0.004137526632,0.05669563203
C002951,2,0.02407673834,0.02744194344,0.02751044386,0.02230732176,0.02939446314,0.0223686184,0.02957111935,0.8173293517
C002956,0,0.03307397235,0.003806837377,0.004161642044,0.0629760611,0.03467866375,0.003814958131,0.8286265686,0.02886129665
C002961,3,0.01386302116,0.1176355559,0.01386566563,0.03872510056,0.01530659454,0.01406113816,0.5471920871,0.2393508369
C002962,1,0.02065822936,0.02106290238,0.01972602895,0.01980299287,0.02485040576,0.01125109547,0.02555207345,0.8570962718
C002965,3,0.3672509201,0.3920561467,0.00409440005,0.004138684869,0.004517660242,0.1556272751,0.004426293612,0.0678886193
C002972,2,0.01615882454,0.01801015984,0.3720501886,0.0582281192,0.01850314972,0.01495176507,0.1307956456,0.3713021473
C002974,0,0.006671317611,0.007808382295,0.007522505538,0.4347344465,0.005800921637,0.3958123423,0.004756586151,0.136893498
C002979,4,0.0170939819,0.08497317371,0.0176584496,0.01709760369,0.06866700624,0.01840598977,0.02027650521,0.7558272899
C002985,0,0.005743009912,0.7039126855,0.006451558998,0.005587277894,0.05553012245,0.006796577628,0.04001213202,0.1759666356
C002986,3,0.6245590996,0.1764157341,0.01438305409,0.01442020883,0.01528226389,0.01466112974,0.01505920501,0.1252193047
C003000,3,0.01771013959,0.01935960696,0.04800388714,0.01798824899,0.02560939169,0.6272723198,0.02543064557,0.2186257603
C003002,1,0.832343191,0.00556945351,0.005464345587,0.005430971013,0.006069041412,0.005411370014,0.005823911662,0.1338877158
C003003,4,0.3869605873,0.41422418,0.007135451276,0.008036362662,0.01018550927,0.008481252137,0.01104605147,0.1539306059
C003005,4,0.01542635131,0.6295646143,0.01590146021,0.0154398049,0.01814611819,0.01604020031,0.01797491638,0.2715065344
C003013,1,0.01092098702,0.01114406806,0.01066913949,0.01065790332,0.306514444,0.5652056792,0.01151127811,0.07337650075
C003014,2,0.01123903492,0.01200669375,0.01632336844,0.03565982576,0.01222493259,0.7045843793,0.012209011,0.1957527543
C003019,4,0.01361026802,0.2184071647,0.2797370193,0.3450714619,0.01368857796,0.01394889755,0.01375901567,0.1017775948
C003027,0,0.004950752824,0.3667711251,0.003993331914,0.004842825804,0.006875684706,0.005834448665,0.5289456595,0.07778617144
C003028,0,0.003097923768,0.5819274202,0.004123357362,0.002962378593,0.00742696334,0.3021608533,0.003940395113,0.09436070828
C003036,4,0.01298843753,0.7426773804,0.01343587593,0.01290962992,0.01405829867,0.01356825794,0.01411688149,0.1762452382
C003039,3,0.002931617971,0.001607236759,0.01995869033,0.004565723584,0.01006086155,0.003145296214,0.01180831792,0.9459222557
C003040,2,0.01672344912,0.02126672819,0.02042152092,0.01723155071,0.305244632,0.0176138557,0.02217026297,0.5793280004
C003042,0,0.1038100094,0.1108885053,0.00975012709,0.6339215137,0.01103680877,0.01051967557,0.01093668694,0.1091366731
C003043,1,0.490876842,0.166917776,0.009699970642,0.009722651765,0.1078559364,0.01005450581,0.1134816831,0.09139063425
C003056,1,0.2701971139,0.492602735,0.01475176997,0.01473881169,0.017482743,0.03352339309,0.01709962893,0.1396038044
C003057,0,0.005635434738,0.003903832707,0.003682832797,0.02648797213,0.007935126408,0.003898164754,0.008054631068,0.9404020054
C003059,4,0.008778940582,0.009213149355,0.07456740465,0.6830209612,0.009270747647,0.008813893145,0.036622233,0.1697126705
C003064,3,0.214817065,0.02391895605,0.02264492891,0.02321802094,0.3274698134,0.03891304002,0.01868333925,0.3303348365
C003069,3,0.01479077872,0.4414887303,0.2962996293,0.01506522161,0.01796167646,0.01598784703,0.01804540066,0.1803607159
C003080,0,0.3780423152,0.01208068543,0.01180199584,0.01053288381,0.439629383,0.01203399594,0.0149338879,0.1209448528
C003082,2,0.02441607094,0.02775063993,0.02769404045,0.02221498018,0.03037926446,0.02294387543,0.03199702831,0.8126041003
C003091,4,0.02560222305,0.6632093237,0.003438256736,0.003384763795,0.03007553716,0.1721948707,0.02308491522,0.07901010969
C003093,4,0.1570579725,0.007439713652,0.006268780722,0.005950015393,0.005774477347,0.6322240294,0.005748573514,0.1795364375
C003094,1,0.04743268615,0.1133527103,0.1296404008,0.04255606496,0.03173872792,0.4253336555,0.05812162033,0.1518241341
C003101,2,0.00971163747,0.01192309511,0.05688490236,0.2490715331,0.06574695391,0.07274858805,0.03861343889,0.4952998511
C003105,4,0.03280563324,0.01831943413,0.04201312537,0.1441542198,0.06091971528,0.01610672216,0.06618719445,0.6194939556
C003115,3,0.087013025,0.03677441604,0.01904396743,0.02823034216,0.1279487018,0.05765811782,0.04336796265,0.5999634671
C003117,0,0.555440589,0.008040460759,0.008068597594,0.007020619833,0.009105132318,0.3418954487,0.009053610311,0.06137554152
C003131,3,0.8539286836,0.01009726677,0.008780918078,0.04279533069,0.00909865488,0.008889164219,0.008937408141,0.0574725736
C003136,4,0.01961669411,0.02148948157,0.04001707699,0.1733476122,0.04210769843,0.02039480385,0.02181464286,0.66121199
C003142,1,0.5704680974,0.044804557,0.0027325558,0.003948608451,0.3018598563,0.004389574925,0.005816608295,0.06598014183
C003159,1,0.00562511809,0.005901151829,0.005621375191,0.0918578133,0.712591814,0.005099047544,0.006458634162,0.1668450459
C003166,0,0.009731458486,0.3050787234,0.01115217148,0.009521431189,0.4875687462,0.01122200945,0.01365693531,0.1520685244
C003169,0,0.003463118761,0.01394964268,0.003743872606,0.0101768648,0.1711124777,0.7276582244,0.0051303361,0.06476546303
C003174,3,0.003188898551,0.00904346724,0.003208612202,0.003266266875,0.005438962402,0.003315369514,0.005343696346,0.9671947269
C003177,0,0.014945954,0.1093139575,0.01659478086,0.01433255837,0.02045682235,0.0169281751,0.6343375367,0.1730902151
C003190,2,0.00833378316,0.00919068859,0.009833053626,0.008182857228,0.2471378629,0.5864414654,0.04305306991,0.08782721913
C003195,0,0.009510565017,0.02180365592,0.3400646196,0.01049904233,0.2762896467,0.009561301213,0.1784823378,0.1537888314
C003199,0,0.01984344397,0.02286893698,0.02311778167,0.01928384901,0.1153124132,0.02306010963,0.2163211679,0.5601922977
C003204,3,0.003042601808,0.003267029547,0.003093315428,0.05140744793,0.003586011104,0.876176109,0.003553110388,0.05587437482
C003208,1,0.03029559036,0.03455076635,0.07360502011,0.0659537648,0.1031682392,0.0318906695,0.08081353586,0.5797224138
C003212,4,0.05498403547,0.2543643623,0.2516930797,0.04395934882,0.005467796505,0.3417825456,0.00550272746,0.04224610421
C003225,0,0.003610219406,0.00415133117,0.04405019133,0.003530855431,0.02203302306,0.004175492961,0.008973221189,0.9094756655
C003226,2,0.1375320126,0.1011542157,0.05336929192,0.6001427942,0.01092505264,0.00899645802,0.01095313386,0.07692704114
C003239,1,0.004946361807,0.005732814436,0.7912048667,0.004805680382,0.006816211764,0.005240520332,0.006817452582,0.174436092
C003253,1,0.04343472844,0.00691637008,0.006592468511,0.2126047749,0.008061891948,0.1073638827,0.5273723783,0.08765350512
C003265,3,0.01184210415,0.03941027028,0.01197935578,0.0636728422,0.09372938584,0.04459767749,0.02564211662,0.7091262477
C003275,0,0.003267919134,0.003474576351,0.8132712824,0.003200954424,0.004227107156,0.09109671935,0.04923961469,0.03222182646
C003279,3,0.002848530391,0.01291341621,0.002857383108,0.002868124598,0.001059197133,0.002940660011,0.003389717911,0.9711229706
C003288,4,0.002288585278,0.8868449754,0.004413449158,0.002311652438,0.002821440665,0.0545925931,0.002683055858,0.04404424809
C003292,3,0.05403592956,0.01080413838,0.002552422049,0.010449751,0.8957364625,0.002704081755,0.002938352875,0.0207788619
C003296,3,0.003180603528,0.8938279885,0.0621699197,0.003262809315,0.003386570472,0.003355032343,0.003420961832,0.02739611435
C003298,3,0.002514102319,0.01234792996,0.01302937226,0.4524648856,0.00651442882,0.01341637425,0.4459989416,0.05371396519
C003316,4,0.008212372062,0.1557969775,0.6341198972,0.007988098937,0.06840771827,0.008394226928,0.05665170329,0.06042900583
C003324,2,0.01336196848,0.4401466843,0.03989314537,0.01323282855,0.01490361625,0.007333441999,0.379748931,0.09137938407
C003328,2,0.003703148934,0.003820132144,0.003835531493,0.003206188443,0.006338360535,0.003353183969,0.005019280275,0.9707241742
C003329,1,0.3117677098,0.01411348115,0.007394745442,0.01649438466,0.5163085024,0.01836121765,0.008888888966,0.10667107
C003331,4,0.008745050029,0.1595946482,0.1787009408,0.5242999914,0.009118089815,0.009050421235,0.008992770047,0.1014980885
C003335,1,0.005959220641,0.00346000377,0.002390603693,0.002914132804,0.01263323792,0.006932413109,0.02196906429,0.9437413238
C003336,2,0.02120781984,0.00491373752,0.03510293918,0.6572714079,0.1787175005,0.004691161706,0.02847950013,0.0696159332
C003341,4,0.00811737313,0.008728417274,0.008068966312,0.155748423,0.4734378612,0.2732063987,0.00938456837,0.06330799201
C003353,3,0.01541708618,0.01580369369,0.01546127642,0.01577598796,0.01690722792,0.7924988587,0.01664973233,0.1114861368
C003358,1,0.3330245698,0.009952398362,0.008720535804,0.008763328884,0.06829684936,0.4557346237,0.01026849294,0.1052392012
C003363,2,0.08312937264,0.01014608438,0.009728944425,0.008182900516,0.1135867498,0.008199870864,0.3548571936,0.4121688838
C003366,3,0.006121964461,0.006532623895,0.006161951002,0.4287172224,0.07023981982,0.102354955,0.3329577612,0.04691370222
C003367,4,0.5771922633,0.01196238681,0.01161097082,0.01135685116,0.01203079982,0.01153305084,0.06662974252,0.2976839348
C003370,1,0.01542099921,0.01591481846,0.7260324338,0.01509549077,0.01663896838,0.01555329741,0.01635449444,0.1789894976
C003377,3,0.08450192998,0.01260329836,0.3597635283,0.2627473201,0.01346025089,0.01243574299,0.01322955942,0.24125837
C003384,0,0.002073235153,0.002352986026,0.002345095969,0.7625581697,0.09498013484,0.002362613173,0.1153794107,0.01794835443
C003394,4,0.002541829141,0.8373958765,0.03405738023,0.002539172079,0.003313333944,0.01596152144,0.004624265046,0.09956662166
C003410,0,0.8009315051,0.01380185531,0.01358739002,0.01153314977,0.01741728927,0.01353369413,0.01679494881,0.1124001676
C003411,3,0.01500088988,0.1207928324,0.1686902502,0.2456102465,0.017398361,0.04863019036,0.01714715829,0.3667300714
C003416,4,0.04896789322,0.03634463025,0.07258186912,0.03079924796,0.03780423505,0.03293659116,0.2082746575,0.5322908758
C003418,3,0.2665218699,0.02416668717,0.02241028528,0.02249083603,0.06755221723,0.08813664031,0.1663790442,0.3423424198
C003424,3,0.01511273592,0.01539222719,0.01510856016,0.01527553987,0.4505001281,0.3428205782,0.01320194699,0.1325882836
C003426,2,0.005437784641,0.5902391516,0.005955146593,0.005163213836,0.006277725813,0.02943954742,0.3115565591,0.04593087102
C003427,0,0.008155209252,0.243252113,0.008871953295,0.3515469883,0.009694420883,0.3087024372,0.009527722273,0.06024915576
C003432,4,0.01937107329,0.0210598559,0.02001711678,0.01919586264,0.02598243209,0.02011623816,0.02648225435,0.8477751668
C003434,4,0.007876280848,0.07765766376,0.02293257727,0.02796983223,0.7902375875,0.008031581191,0.008092401925,0.05720207529
C003436,1,0.004464859656,0.3000674523,0.4612439041,0.03871715505,0.08210039937,0.004434574839,0.07084375972,0.03812789499
C003438,1,0.496258297,0.005487703836,0.3859215075,0.01123862468,0.02332901358,0.005267603962,0.02365896672,0.04883828279
C003441,1,0.003719004658,0.003941930925,0.9096053701,0.003682120887,0.004480936957,0.003808491083,0.004346484508,0.06641566084
C003452,1,0.004204259236,0.823687946,0.004063630798,0.004058002868,0.005042457,0.00441726703,0.07077927446,0.0837471626
C003454,2,0.00292380734,0.005196698413,0.04926613771,0.003190913531,0.09985834384,0.003326395112,0.003992424456,0.8322452796
C003459,0,0.8947997762,0.03148788323,0.004355906928,0.006509627563,0.0029925908,0.009136326679,0.002999258473,0.04771863016
C003463,3,0.01692220277,0.01760454952,0.01722170572,0.01733760642,0.03841630214,0.3164439874,0.2383094174,0.3377442287
C003477,1,0.5683142499,0.01298299434,0.01256912516,0.01261125002,0.1413160496,0.01271016046,0.1216378737,0.1178582968
C003499,4,0.00863831397,0.05353460527,0.3730921795,0.05740278315,0.01034002888,0.3550728901,0.0106094648,0.1313097344
C003505,3,0.4678081942,0.01178607502,0.0116112905,0.01158276927,0.01182544057,0.011559313,0.3736992979,0.1001276195
C003523,1,0.003337615482,0.02509218908,0.008260431458,0.01990185265,0.004671665727,0.003499354191,0.004709109164,0.9305277822
C003527,4,0.009418244829,0.01047007159,0.009769837389,0.05586621439,0.7833221668,0.009791814457,0.01096762178,0.1103940288
C003541,3,0.003638457298,0.003896088951,0.003713786712,0.06352919018,0.007181286774,0.00224618473,0.004101137718,0.9116938676
C003545,0,0.002227543208,0.8433115268,0.002485935738,0.002170042866,0.002956295005,0.1225889203,0.002910391273,0.02134934485
C003547,3,0.002709946901,0.002925957132,0.004622431494,0.8839181365,0.001204850881,0.002813950451,0.003490026962,0.09831469964
C003548,0,0.01171145811,0.01779492471,0.2354931384,0.01125611087,0.01635859482,0.01357508254,0.1628867668,0.5309239238
C003551,3,0.01921617534,0.5766710307,0.147176391,0.01595699563,0.0195310692,0.01658317989,0.06060922887,0.1442559294
C003555,3,0.01065012545,0.01124060316,0.3491141228,0.006370498157,0.01176625294,0.4534469375,0.01158340039,0.1458280596
C003564,3,0.01634494188,0.01686892038,0.05013024287,0.01671156111,0.01883380944,0.01692643537,0.6738040285,0.1903800604
C003566,1,0.004488604444,0.005228586191,0.004577248894,0.004469842289,0.006630398296,0.003162739071,0.1761319817,0.7953105991
C003568,2,0.8459725494,0.003323314847,0.003626653694,0.002744663592,0.003481225327,0.002788914395,0.1003547765,0.03770790229
C003571,0,0.02305739278,0.08434095249,0.02560383104,0.1506893595,0.0301995724,0.1087249206,0.264494863,0.3128891082
C003574,4,0.004845629378,0.008711265054,0.005053389146,0.0257799307,0.005567063052,0.006587901568,0.005518053472,0.9379367676
C003581,4,0.005557597542,0.006598027809,0.02296350355,0.4044098945,0.4385147552,0.005959046261,0.02351710432,0.09248007075
C003584,3,0.01945074514,0.02037299851,0.0304454526,0.02133894426,0.02322469126,0.06511936609,0.02301100015,0.797036802
C003587,2,0.5727933637,0.01959319559,0.03157854709,0.01744289592,0.02123343743,0.02208089658,0.02147419004,0.2938034736
C003588,3,0.01260049677,0.01328687194,0.01249165544,0.01272745847,0.01390998254,0.01324247738,0.6653937061,0.2563473513
C003589,2,0.009286698002,0.06924884033,0.01012492163,0.01643073886,0.004227887455,0.07024625506,0.01108768227,0.8093469764
C003601,0,0.01571234342,0.01737960196,0.017755454,0.190338551,0.02069747496,0.1766470429,0.02053604019,0.5409334916
C003604,0,0.7402056985,0.005478764253,0.005502126402,0.005016000844,0.09218687609,0.005574069758,0.08766033976,0.05837612441
C003605,3,0.002965002779,0.003224249655,0.002972223608,0.4550081612,0.4188759876,0.003203970375,0.003861896769,0.1098885081
C003611,2,0.01110259193,0.02621130488,0.05924387378,0.28792254,0.4713461206,0.01081761197,0.02677399689,0.1065819599
C003620,1,0.002894211617,0.003416183216,0.002831083864,0.002823414058,0.004112421296,0.8786657612,0.003984702558,0.1012722222
C003622,4,0.01516738273,0.01976882114,0.01732297144,0.01595519473,0.02188375996,0.01806329933,0.05217763826,0.8396609324
C003628,2,0.00727607167,0.008546872331,0.008323870703,0.006964034257,0.009580139977,0.007264615589,0.03565511406,0.9163892814
C003632,1,0.05438292878,0.3520012869,0.005793514659,0.4928356087,0.006789909625,0.005878008955,0.006818304388,0.07550043792
C003637,1,0.01907457702,0.09708864997,0.005067501354,0.0197760066,0.2638269154,0.550990296,0.006138995424,0.03803705824
C003643,4,0.00623092192,0.08970767461,0.08589423143,0.006198122171,0.2391176119,0.2826652345,0.118375828,0.1718103755
C003645,2,0.003594028469,0.731040459,0.003852201984,0.00347677537,0.06436047232,0.00357593317,0.1226173181,0.06748281159
C003651,4,0.01286698978,0.02306402817,0.4500976535,0.01269694303,0.0161273965,0.3648422205,0.02870124246,0.09160352603
C003655,0,0.01295016827,0.02336805488,0.0221577553,0.08310749332,0.02843174481,0.02367192587,0.05192493466,0.7543879229
C003665,1,0.008892082456,0.009019540153,0.008559888836,0.008548193484,0.2888725899,0.009008960077,0.5838124479,0.08328629723
C003673,4,0.006697216086,0.008483053323,0.006953015365,0.00683160548,0.05193043984,0.0080518607,0.01345505369,0.8975977555
C003679,3,0.003696657901,0.005052054789,0.1215272244,0.004236219305,0.005347695075,0.003125646807,0.7978515166,0.05916298512
C003681,2,0.244404557,0.147473185,0.01612954406,0.06048848348,0.01782079981,0.01448652272,0.01806026864,0.4811366392
C003686,0,0.09511489985,0.07557906613,0.06761363812,0.02028552327,0.03009973601,0.02537309522,0.02989935522,0.6560346862
C003688,4,0.003702318743,0.004575969872,0.0009928942483,0.003420727906,0.004844017632,0.004036688552,0.002964293113,0.9754630899
C003692,3,0.02811789075,0.02827139437,0.02833527537,0.02726462081,0.02787600178,0.02803983727,0.02744871492,0.8046462647
C003701,4,0.007682085807,0.1920542308,0.007906599834,0.00772093327,0.01013726311,0.008099202283,0.6166352565,0.1497644283
C003702,0,0.02283355664,0.02496685328,0.02541355365,0.0218216325,0.03402296819,0.02547794041,0.03426500606,0.8111984893
C003704,1,0.01056465167,0.0109837368,0.01065080345,0.1546357301,0.01153415516,0.1414659203,0.5678761734,0.09228882909
C003707,1,0.01414658285,0.007966530247,0.01405818428,0.2071783441,0.2944262732,0.01518789898,0.02132859036,0.425707596
C003711,4,0.01002523047,0.0785046427,0.564306335,0.01004897908,0.1651907911,0.05873124182,0.03361020599,0.07958257388
C003712,3,0.02311212846,0.02343267427,0.1837488032,0.02277167294,0.02330044548,0.02324438306,0.0229413523,0.6774485403
C003714,4,0.01487916441,0.01860482134,0.03301668295,0.01545156846,0.4273108528,0.01593564434,0.01995405079,0.4548472149
C003726,4,0.01284127329,0.07643588716,0.01323908329,0.01777651538,0.01558644629,0.02556703537,0.01536084016,0.8231929191
C003730,3,0.001865587188,0.002075213933,0.001874060418,0.001933348858,0.8034240356,0.1497870696,0.002519739943,0.03652094442
C003731,0,0.004750238291,0.7508163236,0.005057601003,0.005424624452,0.02568589468,0.005429603779,0.122434501,0.08040121325
C003737,2,0.008818995581,0.00965387737,0.209144406,0.1220123634,0.00977044087,0.007989942285,0.3563330684,0.2762769061
C003742,1,0.02255097645,0.2256345164,0.01600652769,0.01565807087,0.07137074782,0.02476918403,0.03392036794,0.5900896088
C003744,4,0.01658099499,0.04538620861,0.3772442009,0.03639349112,0.01900350143,0.04740999245,0.01885980032,0.4391218102
C003757,0,0.008876853034,0.01353183401,0.01449559945,0.7386784188,0.01521136408,0.01359424698,0.01531204008,0.1802996436
C003758,1,0.002156833398,0.002396316677,0.002165233178,0.002160256126,0.08544350938,0.2515880112,0.6090270955,0.04506274446
C003760,0,0.001126218001,0.005345551057,0.7343580817,0.2336383368,0.001405584677,0.01238200423,0.001414914211,0.01032930929
C003772,0,0.002631636559,0.01798989176,0.005164933744,0.002574985582,0.03734293944,0.004794034436,0.02146656898,0.9080350095
C003783,2,0.006228842832,0.007247863493,0.006934484077,0.005583358742,0.005171749443,0.00580700727,0.005619906091,0.9574067881
C003795,4,0.008952269786,0.0113931377,0.009290515491,0.009121566635,0.01200720136,0.3569639055,0.01216219478,0.5801092088
C003797,3,0.04308578712,0.005927978499,0.1584251516,0.005308421521,0.526640843,0.005821571714,0.006774918663,0.2480153279
C003798,2,0.008111156753,0.00930879592,0.1922687265,0.007362024152,0.01019434302,0.01150142872,0.01006364939,0.7511898755
C003803,4,0.1464335171,0.08202421404,0.008297122096,0.005986147205,0.135317693,0.2600574808,0.08419704813,0.2776867776
C003804,3,0.009013616574,0.009584802611,0.5191508748,0.009133573046,0.01034899315,0.009699826809,0.3490573807,0.08401093232
C003828,1,0.003414005928,0.9259851196,0.01850788735,0.003252428902,0.003851505464,0.003413031605,0.003967631805,0.0376083893
C003834,2,0.01711384247,0.01897694769,0.2724696367,0.01923747937,0.4167204655,0.01625231414,0.1181708878,0.1210584263
C003839,2,0.01296943779,0.7858666476,0.01474387599,0.01297789007,0.01613779183,0.01333495823,0.016416049,0.1275533495
C003842,4,0.005949320248,0.1097113302,0.1038031014,0.005945578195,0.1412467478,0.006377299742,0.1000914924,0.52687513
C003845,3,0.006580056835,0.006970261831,0.006645283725,0.006433650921,0.007471201691,0.006760880223,0.6946962018,0.264442463
C003847,1,0.3669591228,0.009599384226,0.008329793678,0.008319491034,0.4167829702,0.00897354666,0.0101234668,0.1709122246
C003859,1,0.01626044417,0.01149842785,0.09930940154,0.01679526461,0.6506296836,0.01709285449,0.02004951172,0.168364412
C003867,1,0.005092508229,0.005502054845,0.1965639016,0.005183065321,0.2959165177,0.00524346865,0.4054343407,0.0810641429
C003871,4,0.01013155365,0.0108883196,0.8416349461,0.009518463708,0.01144919174,0.009989030135,0.01149578657,0.09489270851
C003884,1,0.01252238789,0.01300154315,0.01264363496,0.01262901526,0.8030066395,0.01263919599,0.05002227086,0.08353531237
C003896,0,0.009404615421,0.07641999495,0.01047775378,0.009130535569,0.01070660244,0.799859835,0.01077679281,0.07322386999
C003902,1,0.5136066101,0.00282305454,0.007792369322,0.002478403179,0.00332099601,0.4203978083,0.003192807409,0.04638795108
C003909,4,0.003193879051,0.1690708969,0.7844132806,0.003174766383,0.003566056592,0.003381625671,0.003614005935,0.0295854889
C003915,3,0.004351283038,0.004418901849,0.00427635174,0.004236213414,0.004795477779,0.9243909201,0.004748397325,0.04878245475
C003922,4,0.004525860019,0.005557792211,0.04606205249,0.005169404228,0.006592951169,0.004005336273,0.006537340955,0.9215492627
C003923,2,0.008163857487,0.009181427581,0.003927979579,0.009171770387,0.004178102378,0.003381141757,0.004133452936,0.9578622679
C003934,0,0.01301019254,0.01105852135,0.01059785318,0.087458639,0.01324322207,0.1480730356,0.01319114338,0.7033673929
C003937,0,0.002157805251,0.002453597001,0.002413425406,0.002100216345,0.002821849839,0.05421600957,0.909229455,0.02460764159
C003940,2,0.4566862623,0.02507190332,0.1636590948,0.02147397012,0.0273866713,0.02209034968,0.02836192594,0.2552698225
C003945,2,0.008193914151,0.7501606923,0.009320038845,0.007773971043,0.009513508783,0.1489078936,0.009658272021,0.05647170929
C003948,2,0.01178620416,0.01276240205,0.06612040673,0.01821562459,0.2375229108,0.01124733359,0.1072491087,0.5350960094
C003955,1,0.002452926245,0.001680302325,0.892286164,0.001521139537,0.002001335009,0.0432900921,0.001974371934,0.05479366886
C003957,1,0.2076111748,0.01558338974,0.01328536222,0.02729817726,0.02340194772,0.014432115,0.1533666648,0.5450211685
C003974,1,0.00447981779,0.004954788949,0.004324412405,0.01489151096,0.08678114965,0.6496915934,0.06629400589,0.168582721
C003975,2,0.01060449119,0.01247614644,0.5319225402,0.01015512153,0.0141690677,0.03227621052,0.01417417936,0.374222243
C003984,4,0.002990122274,0.003802771276,0.003081183577,0.00306008584,0.004739597564,0.003249325757,0.003997185818,0.9750797279
C003997,2,0.005832017931,0.3257157508,0.006471349805,0.005320065555,0.3880514942,0.1219381732,0.007426883893,0.1392442646
C003998,0,0.00267635046,0.0135447965,0.01514783665,0.8717645855,0.002132563108,0.0110764035,0.00205649782,0.08160096648
