client_id,fold,cloud,gym,insurance,mobile,music,software,streaming,none
C000001,2,0.01012574399,0.0155377399,0.0409535203,0.4872402191,0.0128078213,0.01063441963,0.3012074299,0.1214931058
C000005,4,0.008758175998,0.141255397,0.00939095464,0.7364779166,0.009455709368,0.00893916998,0.009421492456,0.07630118395
C000007,4,0.7141939056,0.01547373969,0.01544052956,0.01509036604,0.01482644022,0.04521823962,0.01482727675,0.1649295026
C000009,2,0.02693341595,0.004059452408,0.003409796137,0.003184848053,0.004558520856,0.6162904324,0.3139613225,0.02760221176
C000012,4,0.003806273856,0.004167732779,0.00403523135,0.00396151958,0.004403878407,0.9048801197,0.004354620477,0.07039062382
C000014,1,0.4955359197,0.01003217246,0.009701018749,0.009355853997,0.01008547638,0.3923478228,0.01010078696,0.06284094895
C000015,1,0.01157035449,0.01413179882,0.2827905249,0.01134857131,0.01483294693,0.01189883962,0.01529888967,0.6381280742
C000016,1,0.01612856544,0.07839926917,0.453610567,0.01571457346,0.01931098652,0.01649466264,0.01937309175,0.380968284
C000017,3,0.006567001918,0.03195098104,0.01884925705,0.7291047545,0.007282924905,0.006239319767,0.08889644396,0.1111093168
C000021,2,0.02282850212,0.02623371535,0.02378194614,0.4388109947,0.02997327491,0.08504738267,0.08815733601,0.2851668481
C000022,1,0.009941064268,0.01065957476,0.01013747616,0.009881838711,0.01102146094,0.6373905965,0.2380049207,0.07296306793
C000024,1,0.00692643959,0.823002811,0.007217419382,0.007039883192,0.0706056532,0.02661782876,0.007486352395,0.05110361249
C000025,2,0.8698128617,0.005618938697,0.004910862448,0.004310025419,0.005890282204,0.003046524709,0.005869739661,0.1005407652
C000026,4,0.003558432441,0.7141640034,0.03378272907,0.0208014994,0.003937270422,0.1479783056,0.005853212482,0.06992454718
C000027,1,0.002133644243,0.02794326312,0.002179608073,0.1221374804,0.2708298757,0.02481764023,0.00274669655,0.5472117917
C000028,3,0.3066086793,0.2379722945,0.008399160195,0.008343550782,0.01930521193,0.2906765502,0.009789401221,0.1189051518
C000029,4,0.1100779775,0.00540811226,0.005318653255,0.01700783691,0.6165388354,0.09472020472,0.01526931523,0.1356590647
C000030,0,0.01532465922,0.003984437599,0.02656616725,0.003491640945,0.006047685579,0.003743963749,0.004204186534,0.9366372591
C000033,0,0.2981483064,0.01598192115,0.01348252712,0.01305870224,0.02124800543,0.01449251385,0.2953259053,0.3282621185
C000035,2,0.02193179426,0.03880225743,0.02298316356,0.2527820247,0.06869443869,0.02486932985,0.04424687816,0.5256901133
C000038,3,0.01381267555,0.01340285976,0.01360950018,0.01340384361,0.2900780494,0.1889325438,0.1717380969,0.2950224309
C000039,4,0.02648732086,0.02765143646,0.02809769668,0.02668093722,0.02855615325,0.02701165954,0.02928404065,0.8062307553
C000040,4,0.8335931864,0.1074642603,0.004570027343,0.003556215672,0.004212390171,0.003605238843,0.00441231748,0.03858636375
C000041,2,0.002339544902,0.002431439077,0.9310781376,0.002253761741,0.03940510743,0.002406847829,0.002798325577,0.0172868359
C000043,1,0.002526181779,0.002873748781,0.003178851879,0.002419670156,0.01454726255,0.002003905854,0.007234941764,0.9652154372
C000044,4,0.02616748449,0.02786217503,0.02687527468,0.02562574661,0.02705723069,0.02742590725,0.08938522363,0.7496009576
C000047,2,0.006489666233,0.7207296929,0.006676833669,0.006180902233,0.1794755634,0.007100858377,0.01572803339,0.05761844976
C000053,3,0.0213636951,0.7122617465,0.01228240405,0.01217585189,0.01391294251,0.01198133977,0.01384474476,0.2021772754
C000055,3,0.02011358697,0.01916860646,0.01944472867,0.01917037558,0.02204239067,0.2234642128,0.02180244984,0.654793649
C000060,4,0.0157473266,0.01690337183,0.7478312945,0.0159456847,0.01691696269,0.01667216597,0.01773117498,0.1522520188
C000062,1,0.005850805215,0.003026879396,0.002561724339,0.008867813335,0.003110486347,0.002587308434,0.003167874977,0.970827108
C000063,4,0.01393501701,0.01422552705,0.7841587369,0.01371214353,0.01415427372,0.01426320204,0.01376068788,0.1317904118
C000064,0,0.01151555767,0.01315774211,0.1356907052,0.03285789514,0.01514362528,0.5189670144,0.01350086791,0.2591665922
C000066,4,0.01117443817,0.009223487219,0.009431495348,0.00880439959,0.009614165692,0.6560729103,0.04989473523,0.2457843685
C000069,2,0.007582648334,0.003091810342,0.0230672191,0.008988818555,0.001740213721,0.002874991326,0.003025546399,0.9496287522
C000072,1,0.003028612799,0.003641881417,0.003073844108,0.3521379332,0.00376429188,0.4615772852,0.02844423334,0.144331918
C000073,0,0.02021755317,0.02272552739,0.1452687353,0.01960985822,0.06097605266,0.03121406161,0.03083773827,0.6691504734
C000077,2,0.04353457021,0.01364178239,0.004850813212,0.00325176368,0.006734924815,0.005363220705,0.006665965681,0.9159569593
C000078,0,0.002549173137,0.002931290087,0.7398165094,0.002503392686,0.1720929306,0.00271095778,0.02423449714,0.05316124918
C000079,4,0.002212844131,0.7006903869,0.002253250905,0.07760622734,0.002320743353,0.1634284488,0.002314902583,0.04917319603
C000080,1,0.00438873694,0.003464990036,0.002943960358,0.01222382846,0.003807685765,0.01884500048,0.07047301799,0.88385278
C000084,3,0.006989344526,0.006927084543,0.1173721402,0.02085613964,0.009429527397,0.006874876229,0.009539284399,0.8220116031
C000085,1,0.01213470532,0.01283148637,0.8034990969,0.01201111348,0.0132850758,0.01232105343,0.01289559368,0.121021875
C000088,0,0.09485848562,0.01058250641,0.6424676348,0.009631433826,0.01357563061,0.01134349304,0.01310429735,0.2044365184
C000093,0,0.008447735037,0.002626375838,0.00785495198,0.006059275179,0.00427481804,0.00235381681,0.003787274007,0.9645957531
C000094,3,0.8393661792,0.00552505741,0.01286492845,0.005509495623,0.005068409201,0.005554091942,0.005242378008,0.1208694601
C000095,4,0.04747026033,0.004544279132,0.004540799154,0.6906522935,0.02647351814,0.1625186092,0.03235971419,0.03144052635
C000100,3,0.01840185088,0.7138800942,0.07954459668,0.01918451951,0.02097445874,0.01792135854,0.02103188407,0.1090612374
C000101,2,0.009803242135,0.01361335517,0.01021322155,0.009497024386,0.01418528186,0.01102049221,0.01411379859,0.9175535841
C000102,2,0.005385570853,0.03174960223,0.005489162492,0.005144760381,0.006955184141,0.8250696301,0.006937904503,0.1132681853
C000103,4,0.00577166554,0.005946872599,0.4875619702,0.1972874698,0.1075046442,0.1232971712,0.005297393709,0.06733281271
C000104,3,0.007800197683,0.007904480959,0.3964482058,0.007871951637,0.4637331838,0.007784234155,0.01293076795,0.09552697799
C000105,1,0.003090203875,0.1585756866,0.02744511117,0.003084755582,0.003394733879,0.00313161717,0.776098021,0.02517987076
C000106,0,0.01327599843,0.01521946204,0.01345982687,0.01290205774,0.02002881516,0.01366814059,0.7834608677,0.1279848315
C000109,4,0.3701832153,0.008618038995,0.008740400914,0.008512265177,0.008926076849,0.480326733,0.009386067979,0.1053072018
C000110,4,0.007560793309,0.1167566697,0.3931800433,0.2302012889,0.04430019668,0.007990212122,0.02354039544,0.1764704005
C000111,2,0.006599562371,0.007812986638,0.3265487873,0.006543729088,0.008119594256,0.007235070136,0.5789788598,0.05816141044
C000113,3,0.01253187615,0.01266026997,0.01233339642,0.8287281002,0.01965761218,0.01240413743,0.01520742613,0.08647718155
C000115,1,0.03937434195,0.01596139773,0.01537409749,0.01500112352,0.03123208992,0.3910793941,0.2762395574,0.2157379979
C000116,2,0.1084225709,0.003036629228,0.8177412889,0.002427956508,0.003526724288,0.002798644412,0.01890268349,0.04314350227
C000117,1,0.009888450858,0.646136393,0.01056437621,0.009760687717,0.01030907255,0.01022293868,0.01276363836,0.2903544426
C000119,4,0.6516451522,0.004236525291,0.004175331131,0.004171584452,0.004358592081,0.004092624514,0.2496868035,0.07763338679
C000120,0,0.006255577619,0.6544683152,0.006305020545,0.006107667964,0.007953928564,0.00665106356,0.2414864147,0.07077201191
C000122,2,0.7744017447,0.01311868162,0.01151049234,0.01903636097,0.01470092293,0.01254984925,0.01462890339,0.1400530448
C000127,4,0.02046262141,0.08128591854,0.02229068651,0.02198914879,0.02503267409,0.01315191239,0.104739445,0.7110475933
C000128,0,0.001946088543,0.002139693024,0.8866040625,0.001929717893,0.08020249406,0.00200792552,0.002386238791,0.02278377968
C000129,1,0.1372104667,0.007116785221,0.006898463878,0.006648312517,0.007139336426,0.7815603903,0.007601345942,0.04582489892
C000130,4,0.01885857392,0.185366765,0.02089130482,0.02029925046,0.02277605523,0.02033681344,0.02250283856,0.6889683985
C000132,2,0.007609412644,0.01101708282,0.005789307509,0.3223253637,0.2789144476,0.2785357925,0.007975418146,0.08783317508
C000134,1,0.04523055124,0.003059665217,0.5541459848,0.002673492831,0.003198822651,0.002749304925,0.2558504547,0.1330917236
C000135,2,0.007330954119,0.004152547471,0.003347359039,0.003188186647,0.001043025702,0.003868458379,0.0009907148286,0.9760787538
C000136,4,0.02329172008,0.004462451687,0.003399432896,0.004082910758,0.004377748352,0.00435711402,0.006094022849,0.9499345994
C000137,2,0.355279997,0.01466828652,0.01387414639,0.01276989142,0.01682744407,0.01421032763,0.3928738391,0.1794960678
C000140,3,0.006637867685,0.006308533975,0.00674176683,0.01678508914,0.007923406446,0.5253741639,0.2347093647,0.1955198073
C000142,1,0.1509562176,0.006447287912,0.005590002059,0.5520867278,0.006728297496,0.005654548157,0.07747349718,0.1950634218
C000144,1,0.00345914027,0.003765867252,0.003449912529,0.003387532744,0.003801455751,0.8709258378,0.003683655111,0.1075265986
C000148,4,0.0309133823,0.05827496439,0.003902479149,0.01349834429,0.004232770131,0.004013698463,0.8382987114,0.04686564986
C000149,2,0.00670387237,0.007184995518,0.007010699513,0.0065817445,0.008743515228,0.007197493944,0.9038499773,0.05272770165
C000150,1,0.008671271439,0.009350554415,0.009091540106,0.008759371572,0.04579819081,0.6431882021,0.0458460759,0.2292947936
C000152,1,0.7179586351,0.02114123264,0.02076635929,0.02009846934,0.01639712428,0.01453912914,0.02045279858,0.1686462516
C000153,2,0.004203367969,0.005598316942,0.004742194875,0.8540854953,0.00633327848,0.004912686546,0.006224235343,0.1139004246
C000155,2,0.00380252279,0.004852068647,0.005323009701,0.004077324047,0.003011069567,0.004437664572,0.002811939998,0.9716844007
C000157,1,0.024269044,0.0269125906,0.02502619681,0.0237447962,0.02941405461,0.02390357182,0.03078326958,0.8159464764
C000159,0,0.185464488,0.0122299036,0.5119926536,0.07293384068,0.01514248864,0.0113501035,0.1141051538,0.07678136821
C000160,1,0.02384757654,0.02588734502,0.02503797143,0.02351079412,0.02642963625,0.02400151611,0.02915322822,0.8221319323
C000162,3,0.005726629242,0.006403141595,0.0140597681,0.004645728678,0.007111731958,0.04115031804,0.06286633495,0.8580363474
C000164,3,0.102697443,0.01482947279,0.1544355873,0.0147651162,0.4818119957,0.01476032628,0.01821148605,0.1984885726
C000168,1,0.003284803121,0.03865451178,0.003283816281,0.001460077019,0.004264543501,0.003902597968,0.00431995325,0.9408296971
C000169,0,0.008364862803,0.05237472602,0.008348933522,0.7083673957,0.01167154582,0.008687290957,0.0110108583,0.1911743869
C000171,1,0.002412741717,0.002586380416,0.00240769426,0.002310848736,0.002754923991,0.002523816354,0.8922060515,0.09279754302
C000172,1,0.02536530547,0.02709427333,0.02658336684,0.02500894442,0.02785051765,0.02528347704,0.02979937015,0.8130147451
C000173,1,0.1365105859,0.002929098447,0.2411072212,0.5835833565,0.002920711252,0.002856589693,0.003445288654,0.02664714832
C000174,0,0.02080649145,0.02271977413,0.02134538279,0.02045839612,0.02595156832,0.1093158088,0.02464250301,0.7547600754
C000175,1,0.01191412188,0.01073425809,0.231323731,0.01016630872,0.6336531911,0.01036142291,0.01060845613,0.08123851025
C000177,2,0.02628433093,0.004955693335,0.1070014945,0.6758235894,0.00388739211,0.004629304307,0.114547877,0.06287031845
C000179,0,0.004806775432,0.3614970011,0.004214492772,0.003533471141,0.5104549447,0.004471441042,0.004548161214,0.1064737127
C000181,0,0.01475795968,0.02202915262,0.01483578247,0.01431082641,0.729002288,0.01541996873,0.04992086901,0.1397231531
C000183,0,0.005484276566,0.03144652233,0.005703616097,0.5108523305,0.08816547356,0.00565109667,0.07515613316,0.2775405511
C000185,0,0.4058548802,0.4570466248,0.01082197945,0.0103733435,0.01376259673,0.01117893252,0.01283008441,0.07813155836
C000187,1,0.009387050912,0.01002791388,0.2859134187,0.00947975751,0.5864520938,0.009661333633,0.01198872354,0.077089708
C000189,4,0.005038672522,0.005542514192,0.005366887286,0.00541301067,0.004386260397,0.7521975609,0.005541769015,0.216513325
C000190,3,0.6930394051,0.008626264372,0.008948386693,0.00807352168,0.0091493519,0.008607358292,0.009205378918,0.254350333
C000191,1,0.003300421507,0.003720392042,0.00345930772,0.2931127372,0.04529598345,0.003503257459,0.5882321512,0.05937574946
C000192,4,0.006063654821,0.6343860868,0.04538397124,0.006243444196,0.02151260302,0.1995777441,0.00627654729,0.08055594861
C000196,1,0.6736615425,0.01037564991,0.009404804861,0.009229218719,0.0207642959,0.009779339857,0.01342318829,0.25336196
C000197,4,0.01597611577,0.01667677568,0.01657661192,0.01621467617,0.7369246689,0.02660165487,0.01746174544,0.1535677512
C000198,0,0.005081909611,0.006163048746,0.005059949477,0.005200595817,0.007243557799,0.005849422182,0.018020068,0.9473814484
C000201,1,0.01794055938,0.6126266321,0.01858083008,0.0179738669,0.05526595261,0.01842919251,0.06127156788,0.1979113985
C000202,2,0.2632281716,0.4025312431,0.03815661412,0.005243601081,0.007395367819,0.1710093411,0.03201014104,0.08042552014
C000203,0,0.008435270842,0.1679492169,0.01214462951,0.008100212757,0.009941073195,0.7087202387,0.0097201385,0.07498921961
C000205,2,0.05573599682,0.003348875511,0.002706639181,0.009159989833,0.003978622092,0.006247195901,0.003917328296,0.9149053524
C000206,1,0.003096777331,0.02083644826,0.01049471749,0.03057815962,0.7139504885,0.1476735646,0.003795395433,0.0695744487
C000207,4,0.6860799139,0.1362129063,0.004730023618,0.04420127519,0.004791682064,0.004749771426,0.004237252536,0.1149971749
C000210,2,0.5464731089,0.01323060164,0.07170389401,0.2580893648,0.01582362999,0.009594075721,0.01326983429,0.07181549058
C000212,1,0.3195565821,0.275052977,0.1370368549,0.01195305333,0.01906601788,0.0123193031,0.01863427396,0.2063809377
C000214,2,0.002166593298,0.003107994959,0.003495117157,0.006259968604,0.003951115548,0.02749190352,0.003055948308,0.9504713586
C000218,2,0.007584373651,0.01187306917,0.5143696199,0.003816574958,0.0450594706,0.008188080261,0.303298781,0.1058100305
C000219,0,0.168165304,0.4717590937,0.005295601386,0.09764706266,0.182021367,0.005513541662,0.006238154101,0.06335987551
C000222,3,0.00485880146,0.004774091212,0.004876478266,0.003504428085,0.01388740517,0.03537995147,0.005266547017,0.9274522973
C000223,4,0.8128877307,0.006219070522,0.006302535849,0.01035694737,0.006500957219,0.006105548509,0.03585550899,0.1157717008
C000226,3,0.003906852775,0.003753898131,0.9378081012,0.003800515128,0.004474196886,0.003733544623,0.004455757111,0.03806713416
C000228,0,0.001804251925,0.00328082018,0.8049338885,0.002116095453,0.1407774324,0.001996230584,0.00227403753,0.04281724347
C000230,3,0.01646322922,0.06093121648,0.331686324,0.01594460493,0.01883509477,0.01567799324,0.01864772914,0.5218138082
C000233,0,0.007620324879,0.008543910756,0.147195156,0.007560467982,0.7613885967,0.00806964137,0.009239696641,0.05038220573
C000234,4,0.01702740961,0.002625968054,0.002453119351,0.005626591934,0.8962758983,0.002561840231,0.002496632337,0.07093254016
C000235,4,0.01121565271,0.01191701959,0.01139330463,0.749184335,0.01216847861,0.01164496635,0.01530606422,0.1771701789
C000236,1,0.01150713143,0.01231430572,0.01211673044,0.8236000471,0.005099140608,0.01184065229,0.03915841506,0.0843635774
C000237,3,0.7399133101,0.003530312203,0.003561746211,0.003528193828,0.1403624849,0.01228408226,0.008939519102,0.08788035144
C000238,3,0.0106297313,0.2582861261,0.01072302849,0.5174932533,0.09420028098,0.01060505471,0.009866666595,0.0881958585
C000239,4,0.004518082579,0.004969135023,0.004707839309,0.004618354541,0.00626251259,0.0965043986,0.008192095855,0.8702275815
C000240,0,0.01703294987,0.4701244621,0.01745239429,0.01654529982,0.01936353788,0.01839000042,0.01703714026,0.4240542154
C000242,0,0.009506552642,0.398038283,0.009771223686,0.07144133487,0.01353774291,0.05659292583,0.2393282317,0.2017837053
C000245,0,0.00817009722,0.004365548588,0.004006208708,0.003805346635,0.0105268153,0.004134857442,0.01141359405,0.9535775321
C000246,4,0.862635713,0.00732425951,0.007424082347,0.007255506876,0.007749868359,0.007260551543,0.007503466223,0.09284655211
C000248,0,0.03383638734,0.004039553529,0.9053726163,0.004555669988,0.00499643698,0.003806356648,0.004620626974,0.03877235221
C000249,3,0.05242660897,0.02434499851,0.02522739927,0.02418322266,0.02685545832,0.02431568022,0.02735759808,0.795289034
C000250,3,0.06853001402,0.009209092358,0.009285864637,0.009076912488,0.0104882273,0.7642276547,0.01047345493,0.1187087795
C000252,3,0.2109817001,0.3797270061,0.05595605559,0.03718142647,0.01423895607,0.1177667655,0.01472381202,0.1694242781
C000254,4,0.01479098796,0.0163322746,0.0491407422,0.01541388611,0.01764003481,0.01576940204,0.2452463489,0.6256663233
C000257,2,0.6237603495,0.01809164986,0.01563617922,0.01452897723,0.1784507525,0.01652788751,0.02117065089,0.1118335533
C000259,3,0.03674344054,0.01354642767,0.165051138,0.01330401208,0.471623353,0.01397998816,0.01764128491,0.2681103557
C000261,4,0.005781547462,0.006260074556,0.006257886452,0.01409760599,0.2354831042,0.006000814696,0.0927841155,0.6333348511
C000262,0,0.005749528065,0.006480703975,0.005835309828,0.03496159461,0.007018371534,0.006061341714,0.7311792177,0.2027139326
C000263,2,0.3782064346,0.1491776296,0.01032897851,0.009518996351,0.2606954371,0.01146962284,0.01393765022,0.1666652508
C000264,1,0.005556941943,0.07604798327,0.00568778389,0.0256503599,0.7269222115,0.005630090327,0.007319763974,0.1471848652
C000265,3,0.3549301579,0.01040302142,0.01038095522,0.01031111362,0.01150982135,0.5070586691,0.01235511222,0.08305114908
C000270,4,0.007386793782,0.007748037771,0.007828073499,0.007312983795,0.7962297659,0.007645389961,0.008528243475,0.1573207118
C000271,1,0.008716547978,0.5514851525,0.3347200401,0.008578144701,0.01113991892,0.005563706537,0.01067460465,0.0691218846
C000272,2,0.002982834138,0.9301640642,0.002950901357,0.03279990461,0.003491206344,0.003131795833,0.003470673063,0.02100862047
C000274,4,0.01736875472,0.0183984923,0.01889379514,0.08307211073,0.01927283874,0.3623509739,0.0201217308,0.4605213037
C000275,1,0.02247110048,0.02366333904,0.01964254702,0.1891868382,0.02321858229,0.02233791577,0.02228748284,0.6771921944
C000276,3,0.01243725291,0.00371741284,0.0153127305,0.8303798734,0.004929034423,0.0616543228,0.005060314889,0.06650905828
C000281,4,0.002000067535,0.1032277151,0.8665651463,0.002087637652,0.002250198587,0.002099668201,0.002257151501,0.01951241514
C000283,2,0.004274018951,0.00530884053,0.004477477837,0.004507970794,0.00650424045,0.005357050575,0.7116051658,0.2579652351
C000284,3,0.007516729764,0.007155618118,0.007478489627,0.467732393,0.007471211747,0.386222333,0.007354887751,0.109068337
C000285,3,0.00382835705,0.003875352836,0.003974834823,0.009858870931,0.004689337463,0.006684591568,0.01905471366,0.9480339417
C000286,4,0.002873387726,0.003005902005,0.00276097686,0.2440894189,0.7212649348,0.002956235925,0.003262069827,0.01978707396
C000290,2,0.01958891066,0.0232341646,0.0207465905,0.6513312848,0.0268756138,0.02217999991,0.02617400481,0.2098694309
C000292,4,0.07797912818,0.007137003304,0.007270588007,0.006908410872,0.00742543598,0.06740800216,0.007668676032,0.8182027555
C000295,2,0.02309151328,0.02367693196,0.02378128213,0.02254135628,0.0291894016,0.026001107,0.02890289883,0.8228155089
C000296,2,0.009777955006,0.06165424047,0.01052388304,0.009479262005,0.5244220376,0.01097323037,0.01269698802,0.3604724035
C000297,0,0.02427171518,0.02634914051,0.08611485799,0.02352083235,0.1324477068,0.02495080411,0.02991680432,0.6524281387
C000302,3,0.02734976308,0.02733121425,0.02831992433,0.0266316889,0.02813979311,0.0273058868,0.02832602441,0.8065957051
C000306,2,0.6138479007,0.01261110871,0.01061401022,0.2099923254,0.013902192,0.01138790123,0.01394260188,0.1137019599
C000310,0,0.003406358039,0.004010838915,0.00535770347,0.002020931764,0.002227094557,0.003821983272,0.004133600606,0.9750214894
C000311,2,0.2755015485,0.02353376287,0.0212350915,0.01940149874,0.02849315619,0.02252100571,0.02798188367,0.5813320528
C000313,1,0.3948936646,0.008522908726,0.008311449773,0.008056297877,0.008305397834,0.00831262142,0.4867530715,0.07684458825
C000319,2,0.8117717209,0.03198690929,0.004805009067,0.01869932089,0.007066819048,0.005755474146,0.006893708308,0.1130210383
C000322,1,0.0029197101,0.007535801543,0.004677912877,0.004625212865,0.8657272604,0.004724134458,0.005358512266,0.1044314555
C000323,4,0.03198446918,0.001288719107,0.9474248281,0.001243857344,0.001299473972,0.001264239798,0.001315607554,0.01417880492
C000324,2,0.000989375809,0.005977437549,0.003392950571,0.007623118449,0.06830051159,0.003467533967,0.05156331778,0.8586857543
C000326,3,0.01622514203,0.01629250823,0.01695411514,0.0166134218,0.7263578368,0.01640193579,0.02118306416,0.169971976
C000330,2,0.02433979552,0.3602803311,0.3814813478,0.009596039232,0.01330585553,0.01160455219,0.06209377374,0.1372983049
C000332,4,0.005724986464,0.006474399935,0.006251235234,0.03798263092,0.02554682932,0.02005981941,0.02034197697,0.8776181218
C000336,1,0.005027039322,0.005450096392,0.08216184227,0.03507031911,0.005521041667,0.005144524794,0.8189303032,0.04269483322
C000338,1,0.669551077,0.0112553173,0.009273070907,0.007646607348,0.01269833125,0.006803061279,0.01296627474,0.2698062602
C000339,1,0.01606259102,0.01723725469,0.01646726933,0.01573807517,0.01723186481,0.4574520921,0.0165915063,0.4432193466
C000342,4,0.01453451078,0.01538133713,0.01538667634,0.008827612333,0.02460394608,0.7716849637,0.01838588466,0.1311950689
C000343,3,0.5120240267,0.2915717135,0.008730725155,0.0136982875,0.01013150333,0.008351710587,0.01012491916,0.1453671141
C000348,1,0.3007702406,0.0164999196,0.5016148513,0.01578801135,0.01885923512,0.01608042716,0.01635073976,0.1140365751
C000350,2,0.1028083611,0.01002705499,0.009375779257,0.008653319682,0.566568586,0.22314092,0.01187569136,0.06755028766
C000351,4,0.00547335888,0.005041798613,0.004916382523,0.004866907454,0.005301870316,0.8802198802,0.004960595557,0.0892192065
C000352,3,0.0109524375,0.01656473604,0.01120380669,0.0247437266,0.1590713679,0.02942580963,0.6747329063,0.07330520926
C000353,1,0.008271496787,0.008784684658,0.008687341164,0.82840115,0.008541516148,0.008519051083,0.008456626936,0.1203381333
C000356,4,0.004199309916,0.00451846223,0.1942614904,0.6331038755,0.004577603196,0.004362004896,0.004463936948,0.1505133169
C000358,4,0.1566443366,0.04106498561,0.03905544798,0.03873208808,0.02491026409,0.03900056245,0.02558274388,0.6350095713
C000361,4,0.04401877443,0.002231573252,0.0185888837,0.002146929573,0.000881421406,0.8968115064,0.001970343308,0.03335056791
C000363,3,0.006806799323,0.008285368924,0.00829486584,0.4781062692,0.01074811694,0.3523350705,0.01077416558,0.1246493437
C000364,0,0.009523012348,0.01023172439,0.8143714954,0.0126158182,0.01118218785,0.009656779855,0.01099521426,0.1214237677
C000369,2,0.002849012641,0.009504249292,0.07370157452,0.002781657247,0.003723928277,0.003376600838,0.002098954826,0.9019640224
C000372,0,0.00766433759,0.008466752732,0.008131841315,0.007778798448,0.00940729977,0.008116241564,0.7577887091,0.1926460195
C000375,1,0.003328611664,0.003583994061,0.003285799291,0.003250134917,0.003743059361,0.8626862008,0.003654119113,0.1164680808
C000376,3,0.03160028846,0.05678785,0.0399806836,0.1387896707,0.04172407176,0.08205397969,0.04217756458,0.5668858912
C000381,3,0.003915521274,0.01018496295,0.01019958114,0.8386344415,0.01207540159,0.02230787669,0.01242291705,0.09025929782
C000382,0,0.005940902685,0.03818602442,0.006041893261,0.5001722989,0.09912210782,0.2613124544,0.007805495528,0.08141882296
C000387,2,0.006548878302,0.01411890796,0.09328209195,0.01016911968,0.01538799857,0.01316696367,0.02051704912,0.8268089907
C000388,0,0.01962131133,0.08848271698,0.03132897818,0.01912797884,0.02839433169,0.02111668784,0.02448508037,0.7674429148
C000389,3,0.03747170897,0.0363080357,0.03789136405,0.03736224756,0.03592230912,0.03656207188,0.1628003133,0.6156819494
C000390,4,0.004513687587,0.004675494651,0.004828483438,0.004676940131,0.01365714297,0.004642612684,0.9222638731,0.04074176548
C000392,2,0.009193557004,0.01899031468,0.01607899321,0.01510764868,0.02085787422,0.01774424173,0.7582954091,0.1437319613
C000394,0,0.005574396966,0.006935082089,0.005485491038,0.00532746184,0.2105491124,0.006319150226,0.1152452736,0.6445640318
C000400,2,0.06194206552,0.0193003463,0.01571375225,0.1881709249,0.02059458416,0.01731084482,0.02010843743,0.6568590447
C000401,1,0.1545338553,0.01416485881,0.01248417025,0.01203423094,0.01477170446,0.01287553558,0.01450204922,0.7646335955
C000403,1,0.008769284707,0.01030175565,0.595558312,0.008759585177,0.01023701771,0.0708663981,0.01035208962,0.285155557
C000406,2,0.01240650216,0.01555069861,0.01293374342,0.03509550724,0.01759254304,0.01465920767,0.6674578527,0.2243039452
C000407,1,0.00752936109,0.5481429848,0.007734204952,0.007405941937,0.008248952868,0.004208662834,0.3461790924,0.0705507991
C000408,0,0.02021455641,0.02247784195,0.07916570772,0.02002406212,0.02464697818,0.02109654597,0.02390655257,0.7884677551
C000410,2,0.007645024841,0.6742140252,0.1031663493,0.007328394001,0.11901366,0.005106266204,0.009671068389,0.07385521212
C000414,2,0.016698969,0.0219949669,0.01765603796,0.3184595252,0.02279282001,0.02038540751,0.01911127757,0.5629009959
C000417,2,0.01031355409,0.01179382592,0.01056241523,0.214246629,0.01265677352,0.01077313207,0.6474986495,0.08215502066
C000418,2,0.005173239306,0.006270381353,0.005412781285,0.005061718424,0.006457505135,0.03407412739,0.0065168493,0.9310333978
C000420,4,0.00971123282,0.4169006794,0.01007079722,0.01350868083,0.01417111431,0.2954435467,0.1292842382,0.1109097105
C000422,4,0.01639331943,0.01736294539,0.02257862146,0.01740081106,0.0412947708,0.02849802827,0.1699726109,0.6864988927
C000424,2,0.005478286159,0.4132093794,0.005715145751,0.00524863069,0.007620872973,0.4897455836,0.00753081049,0.06545129097
C000425,2,0.02205391618,0.02459912342,0.02287234319,0.02142223982,0.02341915641,0.02289159045,0.6849040562,0.1778375743
C000426,0,0.005045162277,0.9250715463,0.003805284848,0.003639280612,0.005203357072,0.003964939321,0.004713962328,0.04855646726
C000427,1,0.0145720513,0.01634137608,0.0148834309,0.01423495348,0.01781948531,0.4876592336,0.07283160043,0.3616578689
C000428,2,0.02329437648,0.02682370245,0.02423571174,0.02220706415,0.03036352368,0.02972475703,0.02951355948,0.813837305
C000431,3,0.007404350004,0.9005484541,0.007472201277,0.007385307481,0.008370975052,0.007294548555,0.008475469242,0.05304869428
C000433,4,0.01328983352,0.01406393993,0.4124294265,0.01316601457,0.006683834504,0.4425646784,0.006177957292,0.09162431533
C000434,3,0.02795184647,0.02933893489,0.02955026471,0.02725754774,0.03268249094,0.02893037845,0.03249838692,0.7917901499
C000436,1,0.6898772064,0.001916275564,0.04696842192,0.0132713005,0.001610026483,0.2309820047,0.001960589044,0.01341417535
C000437,0,0.02204619345,0.02425187878,0.02273162252,0.02172638537,0.02664195313,0.02262503802,0.02565715267,0.8343197761
C000438,0,0.01578036997,0.4588400813,0.01024314017,0.009919478124,0.0128500942,0.01039246904,0.3780731344,0.1039012328
C000443,1,0.1197529025,0.003022946924,0.8122323589,0.002710375945,0.003187911981,0.002804885045,0.003234202685,0.05305441611
C000445,4,0.02894397444,0.03076553285,0.03100174711,0.03040120425,0.03239899698,0.2509590556,0.03222242445,0.5633070643
C000446,0,0.01200808081,0.01357093666,0.5439776034,0.01201375513,0.2023207771,0.006661266914,0.05385721744,0.1555903626
C000447,4,0.0015153071,0.0436330099,0.9188283087,0.001553383138,0.001584384889,0.00156485887,0.01987580999,0.01144493738
C000448,1,0.1139603686,0.002764590488,0.002358389111,0.00227899423,0.8087460421,0.002386319482,0.01194039694,0.0555648991
C000452,0,0.00304142077,0.8463141764,0.003082261052,0.002959489316,0.03977203951,0.08083392833,0.004872826363,0.01912385823
C000453,1,0.003281860595,0.003843699664,0.03172624604,0.008201067786,0.06956524525,0.003317084581,0.7780354877,0.1020293084
C000454,0,0.003334299524,0.003791450772,0.1403031648,0.003181599925,0.004843726796,0.7599885654,0.004014241082,0.08054295165
C000455,2,0.278470368,0.3974108852,0.004179130486,0.2250970662,0.005602225132,0.004611313924,0.005623823725,0.07900518735
C000456,2,0.009389748735,0.0111798304,0.009681871988,0.009111888146,0.0121449712,0.01145355314,0.8473509618,0.08968717458
C000457,1,0.2743528282,0.05245140772,0.5280960235,0.008144651404,0.008779264034,0.008309914185,0.008172159802,0.1116937512
C000458,4,0.01477776956,0.407932745,0.1176516957,0.01551479052,0.1604301008,0.01529169458,0.01636424612,0.2520369578
C000461,4,0.009621622503,0.01022850699,0.8123929363,0.009712945482,0.01009443055,0.009970215368,0.01080859219,0.1271707506
C000462,2,0.006716161824,0.008526145678,0.03571411565,0.006429493611,0.01044238343,0.1977993666,0.5513845527,0.1829877805
C000464,2,0.0330887576,0.03818675837,0.0326759243,0.03387573977,0.1888761732,0.0379820269,0.04640331408,0.5889113058
C000465,2,0.1315184645,0.002613072254,0.7457694523,0.09264942522,0.002617648519,0.002488611388,0.002624476826,0.01971884892
C000468,1,0.007026786846,0.00745520751,0.587938871,0.00706024202,0.08374824684,0.2454265434,0.007545583335,0.05379851906
C000469,2,0.004933170793,0.005593639053,0.7774409582,0.1308119329,0.006983330605,0.005290561393,0.006857724406,0.06208868258
C000470,3,0.004715632005,0.004743451584,0.6333017775,0.004672469274,0.005008118535,0.004773310001,0.2107722059,0.1320130353
C000471,2,0.07404703138,0.01409532991,0.01102670107,0.01041380785,0.01590866655,0.5185114196,0.01587550426,0.3401215394
C000472,1,0.02433965745,0.02552041613,0.01820616136,0.02361960064,0.02714078886,0.0462160644,0.02622348501,0.8087338261
C000473,1,0.008231740529,0.3180526385,0.008225557506,0.01910437001,0.4405685179,0.008260378541,0.01033197216,0.1872248248
C000475,0,0.008582403044,0.009155625564,0.2535680209,0.6170182622,0.01042965647,0.008734328296,0.009907092118,0.08260461145
C000477,3,0.00263279374,0.0774970084,0.002653596559,0.002655087331,0.003153026241,0.01704950829,0.8787016673,0.01565731218
C000481,4,0.3652058917,0.3066102096,0.01527155043,0.01487236716,0.01346692037,0.0567240341,0.01775637468,0.210092652
C000482,1,0.003858696005,0.008111796772,0.003905065252,0.003836303836,0.02302204858,0.004058819989,0.7202690805,0.2329381891
C000484,0,0.008613780185,0.01111728923,0.008667114222,0.02421664701,0.01277617395,0.009996439447,0.03943683692,0.885175719
C000492,1,0.1383426122,0.1177327887,0.5169263155,0.004590603323,0.01997674328,0.04928894762,0.006155936227,0.1469860532
C000493,2,0.008796885757,0.1362654308,0.009527424872,0.005453141682,0.3821816271,0.01055947043,0.01407774284,0.4331382765
C000497,0,0.007160109222,0.007830669069,0.02507808107,0.6433285686,0.008877705476,0.04840338176,0.1073942043,0.1519272804
C000498,1,0.4723508299,0.008030050076,0.00800947295,0.3652144987,0.007517141682,0.00771129502,0.007190555442,0.1239761563
C000502,0,0.005248647487,0.005853487269,0.316294344,0.005032214818,0.03940079898,0.05247504466,0.5429579849,0.03273747786
C000503,4,0.03934001604,0.004805446419,0.08478695392,0.03681525147,0.01375283307,0.007764289471,0.003787546655,0.808947663
C000504,3,0.01445224177,0.0184101393,0.01456653582,0.0142094038,0.6230338176,0.06278165197,0.0191302606,0.2334159492
C000506,4,0.003337507409,0.003502832343,0.004689449782,0.003419861711,0.3633088209,0.5843551756,0.003375160667,0.03401119159
C000508,1,0.004393334698,0.00605722676,0.00326522552,0.004734237407,0.005689214016,0.01550550306,0.004051241115,0.9563040174
C000509,0,0.006779181259,0.2202466607,0.007112840987,0.006753102036,0.008902334153,0.01362809259,0.6944820033,0.04209578493
C000511,3,0.008491838798,0.05702528702,0.00852859709,0.3878806224,0.004472583835,0.4656231252,0.01002307173,0.05795487396
C000512,2,0.003109218941,0.9488480116,0.003242736175,0.003048831108,0.003709958375,0.003687786338,0.003637403636,0.03071605387
C000513,2,0.02568831247,0.02916494113,0.1292848071,0.09857191638,0.03237868636,0.1150920556,0.03246606051,0.5373532205
C000516,1,0.003457914098,0.003793740516,0.002494955805,0.003619703674,0.1568218026,0.00378123708,0.7390457196,0.08698492667
C000518,3,0.5404054131,0.01390319011,0.01394846991,0.05547887026,0.03136592955,0.03292887674,0.009769062614,0.3022001877
C000521,2,0.007310006113,0.4340734277,0.007894471429,0.01073986965,0.2930635164,0.009023441158,0.01493296503,0.2229623025
C000523,0,0.5256979017,0.3528364947,0.006240785666,0.03977248147,0.008866929413,0.006698042826,0.008289695494,0.05159766872
C000526,0,0.01856520224,0.02050593405,0.01911442984,0.01817463463,0.02352806887,0.09931384356,0.05547136783,0.745326519
C000529,4,0.8239164017,0.01246354245,0.01268691918,0.01235562444,0.01289803635,0.0123609377,0.0126217651,0.1006967731
C000531,2,0.008089432431,0.1973247348,0.4893053514,0.007769348144,0.01094811406,0.1719281149,0.01075607182,0.1038788324
C000532,0,0.273475851,0.004958077962,0.004841017545,0.6713934685,0.005854597618,0.004593811534,0.005348655789,0.02953452004
C000534,2,0.1712800285,0.004080281182,0.2063329514,0.002900739971,0.456656694,0.00383064629,0.06140680053,0.09351185816
C000536,3,0.008521138987,0.08310557283,0.5591225766,0.008442677449,0.01141933199,0.005581761727,0.2590864726,0.06472046783
C000539,3,0.01392241138,0.6849214343,0.06300144192,0.01385562247,0.02461914697,0.01383062581,0.01514570999,0.1707036072
C000540,2,0.02011423971,0.02375014806,0.13305616,0.01908765755,0.02566530366,0.03310415907,0.148532287,0.596690045
C000543,1,0.01430336206,0.1748797025,0.01455836641,0.2170961616,0.01636661063,0.01508650826,0.01601831174,0.5316909769
C000544,1,0.01765279744,0.006627355653,0.005879381202,0.00578868596,0.007701915178,0.6319199784,0.007960718577,0.3164691676
C000548,2,0.01015950138,0.004880256844,0.003984062466,0.01948320874,0.03706580566,0.1314771478,0.004832166254,0.7881178509
C000549,2,0.1609788864,0.006009492248,0.004968507734,0.0210508061,0.1664473179,0.4999982457,0.00622876609,0.1343179779
C000550,1,0.02128905677,0.02321915157,0.02263258565,0.02181550932,0.02353757214,0.02189216636,0.09657588938,0.7690380688
C000551,1,0.0090553792,0.2247096418,0.3288155011,0.3372968281,0.009676195579,0.009212097522,0.009578868822,0.07165548783
C000552,0,0.002590735873,0.003140882387,0.002629379257,0.004540990999,0.004872320661,0.00291286941,0.00455683924,0.9747559822
C000555,0,0.5392339121,0.01635380654,0.01533658669,0.01727364557,0.02376090049,0.01567764528,0.01520801927,0.357155484
C000556,0,0.007166244902,0.007782731476,0.2368694906,0.007083922899,0.008647532595,0.6740759612,0.00840898614,0.04996513015
C000557,3,0.03918125647,0.00756523418,0.008035611134,0.419675133,0.009523634186,0.3044558996,0.00936855263,0.2021946788
C000558,2,0.02268814061,0.02651036399,0.02220736463,0.0216301774,0.0278622699,0.02523527085,0.02739866227,0.8264677503
C000559,0,0.009465367022,0.01097092433,0.009766378916,0.2644542535,0.01977327429,0.6052278384,0.01229567591,0.0680462876
C000561,2,0.02040866951,0.02404417053,0.02096672785,0.01939816298,0.02790675885,0.02280916082,0.02777279699,0.8366935525
C000563,4,0.001648367945,0.001757915815,0.001764883938,0.936415385,0.00180184344,0.0312511416,0.001889246109,0.02347121611
C000564,0,0.001717832958,0.001930349979,0.001747835984,0.0193933961,0.9300920798,0.001851034045,0.006214835495,0.03705263561
C000567,1,0.9279513445,0.005690822695,0.005371012278,0.005289193165,0.005703074596,0.00543222212,0.005622306246,0.03894002441
C000579,4,0.01174624364,0.6301729068,0.01187248507,0.05808758139,0.01272338002,0.01240742622,0.05806680654,0.2049231703
C000580,3,0.6928916262,0.003688938492,0.003647285364,0.05909249144,0.1589907856,0.00371295781,0.004625432081,0.07335048303
C000586,0,0.01235569143,0.01369324946,0.0125315962,0.01248914697,0.07874401636,0.01272195529,0.5385770595,0.3188872848
C000587,3,0.006856874333,0.1034428004,0.1311116349,0.006867922472,0.1088598679,0.5195167817,0.07113294984,0.05221116836
C000588,2,0.4082113988,0.01437790435,0.01183894428,0.01114944498,0.01552968165,0.01350809838,0.01529793857,0.5100865889
C000592,0,0.003881357558,0.004305698316,0.01751632099,0.2182544528,0.630829518,0.04903424712,0.004751269578,0.07142713571
C000596,4,0.707017977,0.008861305119,0.009234269032,0.008781062104,0.00966266564,0.008723906659,0.0101820893,0.2375367251
C000597,4,0.8415941961,0.003991924202,0.0497497639,0.003963183741,0.004304992092,0.003849054572,0.004286822712,0.08826006272
C000599,4,0.009402517784,0.01001108003,0.4197944504,0.2661993332,0.0104608802,0.009720582047,0.009861706937,0.2645494494
C000600,3,0.01247946531,0.006737592259,0.006857965511,0.006694564203,0.007158127831,0.006793067115,0.7880148155,0.1652644022
C000602,0,0.06998828762,0.02011167864,0.3354362683,0.01558871838,0.02324801572,0.07318072843,0.02194568266,0.4405006202
C000605,3,0.04667584813,0.007698235368,0.007687470082,0.7120002635,0.08401679071,0.01572659005,0.01054821681,0.1156465853
C000606,0,0.0137927028,0.01662253016,0.01440031066,0.01354292429,0.01829475639,0.01479436985,0.7662517092,0.1423006967
C000607,4,0.8217632925,0.009800050928,0.01069961792,0.009636136507,0.01185808123,0.009706368738,0.01255340074,0.1139830514
C000609,2,0.7655024351,0.007548174383,0.07232326697,0.006091094963,0.008393928251,0.00789235768,0.02664764175,0.1056011009
C000612,3,0.002952835058,0.8378121417,0.07845755899,0.003078810686,0.00377173934,0.003100503717,0.003782014537,0.06704439599
C000615,4,0.005262410244,0.2905228213,0.005585210301,0.005459100843,0.005493864887,0.2143655352,0.4325675705,0.04074348677
C000617,3,0.003527138531,0.004252129537,0.003155984686,0.004184758574,0.00508322528,0.004269369271,0.004815892855,0.9707115013
C000618,3,0.003029254635,0.003037385433,0.003036741918,0.003024476132,0.003672196888,0.9281789705,0.002624594598,0.0533963799
C000620,1,0.02481509297,0.01413882553,0.6744914835,0.01276837788,0.01469282838,0.01062288256,0.1007992117,0.1476712975
C000621,4,0.01788202326,0.01826615314,0.01803735201,0.01752617103,0.01737476391,0.01844617143,0.7349070811,0.1575602841
C000622,4,0.03986497458,0.02156469283,0.06799602181,0.07598084734,0.2584486022,0.0215543233,0.1354156539,0.3791748841
C000624,1,0.01380610735,0.3963290131,0.01558386136,0.01470789554,0.0177490817,0.01395530922,0.01946732378,0.508401408
C000626,1,0.3656520757,0.005551238373,0.005594344869,0.005158681406,0.006143336293,0.04987007249,0.5255748838,0.03645536701
C000627,2,0.01030420146,0.003823345484,0.00324214728,0.002831451776,0.002354240135,0.003614672108,0.004094889428,0.9697350523
C000629,1,0.6958861463,0.1965821392,0.003567728163,0.03438289386,0.004302410142,0.003682673981,0.004273154749,0.05732285358
C000630,1,0.0130031586,0.01402604506,0.01363817551,0.01285571126,0.01559803541,0.01512220258,0.4726512754,0.4431053962
C000633,1,0.007732655463,0.8988750394,0.008100839995,0.007880610268,0.00406795013,0.007919040085,0.004466189249,0.06095767542
C000636,2,0.03529010216,0.0032695193,0.8853757499,0.002545434213,0.0036499624,0.003103145342,0.003605331004,0.06316075569
C000638,0,0.3373378784,0.2624147458,0.006072519366,0.005989067184,0.007774486558,0.1613629811,0.007209203769,0.2118391178
C000639,0,0.01495734073,0.04503440092,0.02621196126,0.2495180958,0.05036211148,0.01637818941,0.01824874082,0.5792891595
C000640,3,0.005093850956,0.004917629699,0.9148956874,0.004968408199,0.005963834884,0.004887119687,0.005935406719,0.05333806241
C000641,4,0.01425207678,0.09371110155,0.01292795171,0.3761729738,0.1654858979,0.01473481533,0.2126050483,0.1101101346
C000644,4,0.04965059993,0.01483267109,0.01396655408,0.01380969824,0.01464202409,0.1738107494,0.52433072,0.1949569832
C000645,2,0.0993478214,0.3582033386,0.4751818982,0.006076314023,0.007882723116,0.00671762107,0.007853762088,0.03873652151
C000647,1,0.05913580462,0.02500162339,0.1069724085,0.3438203539,0.0266047744,0.02179972427,0.08568952066,0.3309757903
C000648,0,0.009300797696,0.06400509726,0.009459339589,0.009077662096,0.4313932747,0.01537390307,0.009064377397,0.4523255482
C000649,1,0.002012649971,0.7531640837,0.002004182135,0.1696199362,0.02192249465,0.002088391968,0.001704229863,0.04748403151
C000651,3,0.01274365594,0.005439797999,0.00543738744,0.005369788151,0.006835505357,0.3653306542,0.5352085635,0.06363464748
C000652,0,0.06295592863,0.009330826656,0.1194705465,0.01998286626,0.01037794035,0.2212012911,0.4321021218,0.1245784787
C000657,1,0.01274216326,0.01350477572,0.01334779202,0.0127872771,0.01394763868,0.01306619995,0.7839162975,0.1366878558
C000660,1,0.008899688715,0.003583530357,0.005835930834,0.01015352192,0.002581932366,0.002078571083,0.002652276306,0.9642145484
C000665,1,0.01154439762,0.01244066089,0.0120033019,0.694829329,0.01326156993,0.01182223755,0.01326815327,0.2308303498
C000666,3,0.01465706078,0.764495225,0.01470770883,0.01458960101,0.01754521097,0.01427155984,0.01861766886,0.1411159648
C000667,3,0.6580848575,0.004530542648,0.1713825523,0.09529628907,0.01702286941,0.004475152647,0.01452319874,0.03468453771
C000668,2,0.007393137357,0.008236150257,0.008017474716,0.007479704432,0.4910385583,0.008143803046,0.3915394413,0.07815173061
C000669,4,0.008305924799,0.00916141996,0.00870437911,0.01419571037,0.3555002779,0.008753685225,0.009672675949,0.5857059267
C000670,2,0.006617348418,0.007667566413,0.5663814968,0.006296667661,0.008310457935,0.007157126903,0.2490395011,0.1485298347
C000672,4,0.7370090769,0.002982962025,0.002928207165,0.002912701685,0.003160704134,0.00287500857,0.179441434,0.06868990552
C000675,4,0.01657844921,0.01773173521,0.01808579355,0.01745467255,0.01977917882,0.01738780679,0.6664214658,0.226560898
C000677,2,0.0201460838,0.0239528052,0.02100632771,0.0194379928,0.02610382388,0.02281177261,0.02598156927,0.8405596247
C000678,4,0.006547695785,0.006874208694,0.006802482155,0.4877777107,0.4139456708,0.006791252403,0.007208599232,0.06405238025
C000679,0,0.1336133556,0.006616499965,0.006126109997,0.3281180216,0.008166417712,0.01308234792,0.4656619102,0.0386153371
C000680,3,0.1675677298,0.1961274103,0.01689812414,0.08121342736,0.02024791292,0.3052355494,0.02014850334,0.1925613428
C000681,0,0.02584831816,0.00984755482,0.2492609368,0.02538893905,0.01058793434,0.009277960661,0.4026766423,0.2671117139
C000682,1,0.5962388586,0.03424477042,0.2315673435,0.003740582327,0.02436109735,0.00396330175,0.01419891786,0.09168512825
C000683,3,0.04450934628,0.2069752035,0.005812495142,0.005775315794,0.004917330313,0.005689335004,0.6883554719,0.03796550205
C000684,0,0.623393786,0.03992629442,0.003266994891,0.2783084561,0.004665617978,0.003312168971,0.003770665502,0.04335601615
C000694,1,0.02338345244,0.1428356538,0.0163985557,0.02690475678,0.01876010875,0.01048852486,0.08091877384,0.6803101738
C000696,4,0.002934105536,0.003230248459,0.5184984109,0.003190838181,0.4086200535,0.003108486195,0.003777405833,0.05664045145
C000699,4,0.006983257092,0.03523209562,0.007295170035,0.07837428197,0.008048229919,0.007422848703,0.740404207,0.1162399097
C000700,0,0.01018707965,0.01253061602,0.1170053914,0.01031747952,0.428125468,0.01169642581,0.01330882269,0.3968287169
C000701,1,0.0366837499,0.4678977653,0.01530078318,0.009835341665,0.3299944632,0.01498510627,0.01612965159,0.1091731389
C000702,4,0.004040490499,0.004448984405,0.00854683791,0.004299425605,0.004604699228,0.00232308415,0.004394174471,0.9673423037
C000705,1,0.04453426041,0.06675485999,0.01304147701,0.01241830239,0.2379444473,0.05914342675,0.2660654015,0.3000978246
C000707,2,0.01220557653,0.01309385586,0.0127182469,0.01155726087,0.01504398343,0.8270503684,0.01496458637,0.09336612167
C000709,3,0.002018121976,0.002028847765,0.4855830508,0.002029537674,0.002810020895,0.3361806615,0.001144728689,0.1682050307
C000712,1,0.2374794422,0.02222742651,0.01218730767,0.0119488436,0.6010776204,0.01227249646,0.01337673014,0.08943013304
C000713,0,0.004745967703,0.05336071077,0.004695557703,0.4222311966,0.05045972976,0.3622671891,0.05311358687,0.04912606156
C000717,3,0.006576097525,0.01261186333,0.8002237856,0.01246286389,0.01425579916,0.01250495131,0.01443047634,0.1269341629
C000721,2,0.02781010829,0.03458657767,0.02897566101,0.02675642851,0.07461586006,0.03214047447,0.2170520107,0.5580628793
C000725,1,0.01033487639,0.005558855206,0.005405237063,0.005196656242,0.07685056989,0.8414736499,0.006716214457,0.04846394089
C000728,4,0.007201668999,0.1730871363,0.7343457805,0.005817851779,0.007762722134,0.00747120842,0.007570766415,0.05674286542
C000732,1,0.2654088245,0.02792497082,0.09778026236,0.02507448343,0.02949466118,0.02586976233,0.03216604051,0.4962809949
C000734,1,0.003475097891,0.003681276454,0.00363374243,0.003510140162,0.003800707373,0.003602195353,0.9458067586,0.03249008176
C000735,2,0.003464300943,0.00457167238,0.8220417125,0.003426248766,0.004708359518,0.004201797059,0.05895889198,0.09862701688
C000737,3,0.04150132538,0.002674327221,0.1269339774,0.002748158887,0.003235315531,0.80116377,0.003247978815,0.0184951468
C000738,3,0.02905828401,0.02851235397,0.02916320717,0.02836045418,0.03395823525,0.02823819238,0.03468853674,0.7880207363
C000743,4,0.2258052452,0.01958212885,0.01157255606,0.209160829,0.01239909155,0.01153913427,0.0119458299,0.4979951852
C000746,4,0.0166488065,0.01300693396,0.01223494336,0.1129221322,0.0133966603,0.01274846116,0.03931397081,0.7797280917
C000747,4,0.01616876751,0.01672383758,0.778118313,0.01641009899,0.01690222089,0.01658990466,0.01612191117,0.1229649462
C000749,3,0.3290684517,0.007590735181,0.5370376775,0.008792740194,0.01024961723,0.008904314792,0.01025270085,0.08810376258
C000750,3,0.01540844253,0.01547660446,0.1216754162,0.02101652523,0.04679572976,0.01536865236,0.1698466117,0.5944120178
C000756,2,0.0119346867,0.01380521396,0.01236998169,0.01154909679,0.5904727884,0.01319736606,0.01480507956,0.3318657868
C000758,2,0.002201824514,0.002795794808,0.002416052996,0.0023170806,0.001979660366,0.0009334371185,0.001704841707,0.9856513079
C000761,0,0.7045389915,0.00883591727,0.008242187705,0.1779564719,0.01116550026,0.008177647506,0.009113072335,0.07197021155
C000763,0,0.4422449708,0.007812084152,0.00733813935,0.007014496896,0.009509021619,0.007373711633,0.4672357902,0.0514717853
C000764,3,0.01341599699,0.01272185365,0.8383896348,0.01350031088,0.01057220839,0.01498666212,0.01606557026,0.08034776293
C000766,3,0.02703549107,0.02801416899,0.02693095935,0.02643701886,0.03976891376,0.02635881369,0.07709154592,0.7483630884
C000769,0,0.006672862906,0.008102398515,0.03834881598,0.04570362804,0.05064603641,0.032900617,0.08025523087,0.7373704103
C000771,0,0.007048868076,0.007764715036,0.007125693165,0.006862748608,0.009557299056,0.007338209037,0.8780526662,0.07624980081
C000772,3,0.007304235938,0.007390199778,0.6487827191,0.06897021533,0.008562803315,0.007296555482,0.2010980386,0.05059523243
C000775,1,0.02621270186,0.02839196143,0.02847753537,0.02610463332,0.03199888329,0.02643834103,0.03314116571,0.799234778
C000776,1,0.004541853079,0.01346439981,0.004602967188,0.2422478268,0.005630259119,0.004688556764,0.09120564478,0.6336184924
C000778,3,0.6850129017,0.008327599209,0.00672707335,0.006528658102,0.00740515107,0.2138855922,0.007569693378,0.06454333101
C000781,4,0.001708438929,0.02707063211,0.448015018,0.4575830359,0.001947301392,0.0007065143958,0.001877801374,0.06109125785
C000783,2,0.0122563589,0.182271503,0.01252795977,0.1628214543,0.01457774428,0.2364872453,0.01475349268,0.3643042417
C000787,0,0.002736463164,0.002164920951,0.002815485449,0.002663052783,0.8917723761,0.002995746477,0.003247514755,0.09160444036
C000792,1,0.02006849971,0.06440461662,0.02053283298,0.09914815552,0.02376163556,0.3734225269,0.02333230723,0.3753294255
C000793,1,0.003259729422,0.02582569638,0.003312692815,0.002298416355,0.005414391462,0.004686854461,0.7260832503,0.2291189689
C000794,2,0.003961462854,0.08934090403,0.004143397081,0.003818374011,0.8432139329,0.004625552076,0.005724318505,0.04517205855
C000799,1,0.02935551159,0.03133815054,0.03052070935,0.02910010002,0.02715135806,0.02971974983,0.03110861849,0.7917058021
C000800,0,0.009959428622,0.01121314668,0.01013740441,0.009607499952,0.385915457,0.09803664128,0.2674763797,0.2076540423
C000805,1,0.02539908549,0.6121970608,0.003488732785,0.003390337586,0.3258419769,0.003483514475,0.001596000778,0.02460329126
C000807,4,0.04369333195,0.008017776997,0.007990153064,0.007819642127,0.04771667024,0.007867241397,0.006135200478,0.8707599837
C000808,4,0.006443631434,0.006985797943,0.04225262424,0.03198093951,0.01199552863,0.03684406365,0.007834125373,0.8556632892
C000815,0,0.003124181424,0.003804819135,0.003071564039,0.00321777456,0.004774138013,0.01024291526,0.003908124535,0.967856483
C000819,2,0.4787145514,0.007766836295,0.4267212209,0.006391609828,0.00879541941,0.007412403948,0.008865682578,0.0553322756
C000821,0,0.002732979702,0.003369850886,0.6877662698,0.2099798665,0.003636288267,0.002941683059,0.002054563497,0.0875184983
C000822,3,0.009573989098,0.003885925399,0.003964309921,0.007758096601,0.004868073685,0.006891377598,0.02452921243,0.9385290153
C000823,2,0.2292967177,0.1984489979,0.007775501187,0.007259243685,0.009525202246,0.06032771991,0.3643948689,0.1229717485
C000826,0,0.2545483229,0.08955558343,0.3002319183,0.005040933385,0.006777917842,0.3031108087,0.006330411328,0.03440410406
C000827,0,0.002073721315,0.002661440952,0.006744895456,0.0008303632107,0.002947418181,0.002429904181,0.00273958756,0.9795726691
C000829,4,0.02690422402,0.02811553118,0.02837343175,0.02659280263,0.02956318316,0.02767738629,0.03076553238,0.8020079086
C000831,4,0.001441246799,0.01520450255,0.8567396943,0.001419925691,0.001456779647,0.1121155614,0.001685449697,0.009936839834
C000832,3,0.1306592891,0.03655199395,0.09434867614,0.01178575624,0.06141325654,0.04123703641,0.09698117224,0.5270228194
C000835,0,0.1914714047,0.00548583609,0.004520973432,0.04057239194,0.0412266092,0.5580255342,0.06457747714,0.09411977329
C000836,3,0.04757852881,0.1979185422,0.007978998476,0.007757373682,0.00974275894,0.007809842495,0.6264184254,0.09479553002
C000837,2,0.004318773566,0.004907408908,0.1409938226,0.004093877229,0.2241544606,0.556396057,0.03174328044,0.03339231973
C000840,3,0.002685443803,0.00267908303,0.002712681605,0.002634081861,0.8924827606,0.002678758243,0.004880141379,0.08924704951
C000841,2,0.4507201643,0.3423537655,0.009402077647,0.04649480846,0.01110784011,0.009260125119,0.01091112727,0.1197500916
C000842,4,0.003779555046,0.004143491253,0.004078596301,0.7008247406,0.004665971753,0.1704844296,0.004763159748,0.1072600557
C000843,1,0.01032993177,0.0115778943,0.01096739965,0.01042853915,0.6852111765,0.01065697488,0.01165436729,0.2491737165
C000844,2,0.1943589586,0.02615034641,0.009376118377,0.3261288624,0.1395399127,0.01116125272,0.02079019672,0.2724943521
C000850,3,0.01025034353,0.0100188896,0.01008868247,0.831024255,0.01196814806,0.009903733142,0.01227261338,0.1044733348
C000851,3,0.008126473193,0.370455643,0.008226533604,0.00812953326,0.006804691255,0.446377632,0.006890477887,0.1449890158
C000854,4,0.006245889975,0.3952465758,0.1873603793,0.006573925141,0.007247808385,0.2752841314,0.03911560023,0.08292568981
C000856,0,0.01230994375,0.008283454845,0.009138432756,0.00883497074,0.01091126156,0.7145893599,0.01074999159,0.2251825848
C000857,2,0.3740553619,0.184011032,0.005471585721,0.005044403785,0.006907882595,0.005938460952,0.3702550345,0.0483162386
C000858,4,0.2583051405,0.007565589084,0.007865706502,0.5395120987,0.06891814596,0.007479925906,0.05735922774,0.05299416558
C000859,4,0.01080732659,0.01131530218,0.1304666662,0.7182628684,0.01185211857,0.01122506591,0.0115653742,0.09450527796
C000862,3,0.009572068611,0.009538004864,0.009741704059,0.1285072361,0.01090769284,0.7486886655,0.01079546949,0.07224915856
C000865,2,0.002413585459,0.003102269263,0.001355802384,0.002363877052,0.001749778697,0.00344486799,0.003828677257,0.9817411419
C000868,4,0.02535387577,0.02695686283,0.02729749232,0.02549031963,0.02677971345,0.03974654353,0.02594177826,0.8024334142
C000873,4,0.007880021789,0.01589357366,0.01624037456,0.01581957803,0.01638917876,0.01555379947,0.7792744073,0.1329490665
C000874,3,0.009198419648,0.2455631564,0.4793279438,0.1190817712,0.006375780579,0.005169177968,0.0102257183,0.1250580322
C000877,2,0.002665355018,0.04840099116,0.004662452326,0.004342601767,0.00540831511,0.7973196154,0.1005368318,0.03666383748
C000878,0,0.09171641106,0.006443758409,0.005712544365,0.005988406324,0.007163467492,0.5367965928,0.2502084564,0.09597036319
C000880,2,0.009396260891,0.01053570134,0.009882017392,0.008971583555,0.01130688933,0.03620537525,0.8021569948,0.1115451775
C000883,0,0.009392524292,0.005493630359,0.5226162471,0.009015251379,0.01131212046,0.07405493488,0.2902339866,0.07788130496
C000885,4,0.1836189148,0.005680621928,0.005732515729,0.1244423047,0.3622035782,0.2714579587,0.005475465589,0.04138864042
C000886,2,0.002277880471,0.1996252662,0.002336554592,0.002206939842,0.002997080158,0.001672351941,0.7532417205,0.03564220639
C000887,0,0.07664005245,0.001679947475,0.8686541008,0.001493884961,0.002147023157,0.00155010928,0.001758224198,0.04607665768
C000889,0,0.01534043937,0.003214554483,0.004568561856,0.00282345965,0.9428499945,0.002987861502,0.003262562404,0.02495256622
C000891,2,0.0983410327,0.1188513746,0.2659684717,0.02423221439,0.02145561477,0.3201387002,0.02133953543,0.1296730563
C000892,3,0.007201089705,0.007228358216,0.8947853669,0.007174869658,0.008615936867,0.007268235512,0.00907483244,0.05865131067
C000894,4,0.005308157939,0.5010440132,0.005545324023,0.006401902787,0.00599377987,0.005625007483,0.3280452986,0.1420365162
C000895,1,0.4785671679,0.01041345306,0.06282723695,0.009021987727,0.01079982551,0.009512753407,0.01082385332,0.4080337221
C000901,2,0.02103984171,0.02367307011,0.02239130951,0.07225214574,0.08015667003,0.2327637643,0.1292454215,0.4184777771
C000903,3,0.006721738763,0.006488603077,0.6217218684,0.006521181946,0.007977187309,0.2720166291,0.008010626259,0.07054216514
C000904,0,0.02501129765,0.0188734504,0.01749924231,0.01655429935,0.02189864574,0.3267143773,0.01987524761,0.5535734397
C000905,2,0.02297868283,0.02947124958,0.3584843333,0.02257485637,0.03572767541,0.02614785393,0.03541132409,0.4692040245
C000907,3,0.006222029439,0.006025080269,0.007985483721,0.3343192915,0.006733455358,0.5713620766,0.006753861948,0.06059872118
C000911,3,0.1212786569,0.4701277249,0.02749597941,0.0269258757,0.09977976456,0.02685726904,0.03370732743,0.1938274021
C000912,3,0.01238093852,0.1635425331,0.07220729861,0.01239946279,0.01633077629,0.09416236197,0.01616666526,0.6128099635
C000914,0,0.003129228797,0.003704404022,0.956197387,0.002993642941,0.004493026652,0.003178938596,0.003979309347,0.02232406261
C000916,1,0.1868293985,0.00984518395,0.1510074435,0.526186241,0.01002421662,0.009125341706,0.01004270328,0.0969394714
C000917,1,0.7556912652,0.01261202612,0.01219410858,0.02866427176,0.01219381003,0.01218261785,0.01187885362,0.1545830469
C000920,3,0.01793460952,0.01770568151,0.01794070345,0.0181668256,0.01920044793,0.709867556,0.1009548991,0.0982292769
C000921,3,0.01911142134,0.02005742741,0.02001278047,0.3723752554,0.0573628582,0.02003921068,0.08289201687,0.4081490296
C000922,3,0.01511370935,0.08596037399,0.07513676394,0.1091200246,0.02452626849,0.01976594484,0.366127248,0.3042496668
C000923,2,0.003310509636,0.004124899247,0.003464002904,0.1384683543,0.004384749349,0.003844708309,0.7753389016,0.06706387464
C000926,4,0.01651700629,0.3386035123,0.4738936212,0.01211572677,0.0126923353,0.01226115328,0.01211069745,0.1218059474
C000927,3,0.2733649445,0.003712409223,0.6438147518,0.01997240981,0.004286852661,0.003696109447,0.004337477197,0.04681504536
C000930,3,0.1135782372,0.03413171318,0.03495602596,0.03405924387,0.04127972871,0.1912992358,0.04077444473,0.5099213705
C000931,1,0.02977423643,0.03375625908,0.03191417271,0.02967827846,0.03511706682,0.03031334111,0.03446617379,0.7749804716
C000932,1,0.01222385563,0.01439285584,0.01250294496,0.01223657646,0.5226826903,0.0136689661,0.1106122119,0.3016798988
C000933,2,0.005340866544,0.924204378,0.005444562412,0.005091164645,0.006737161958,0.003448923133,0.006787576144,0.04294536712
C000936,4,0.2764876988,0.04146042056,0.1176682099,0.006645349282,0.3029025155,0.1885614887,0.006507261408,0.05976705591
C000938,2,0.009358883533,0.3836810628,0.009690340856,0.08551951194,0.02808663214,0.01037460534,0.3557179504,0.117571013
C000942,2,0.01567652507,0.0628640432,0.0161045646,0.09826070467,0.02054376847,0.5189494484,0.1023484544,0.1652524912
C000948,1,0.3782735743,0.02018562547,0.01877129061,0.3218151315,0.02025772996,0.01948647578,0.02012072759,0.2010894448
C000949,4,0.0179282936,0.01201702963,0.01223865278,0.01333546629,0.01240790125,0.01188846379,0.8329297495,0.08725444311
C000950,2,0.004827971341,0.00633188751,0.002127630709,0.004758368935,0.007416326163,0.02861604674,0.00721830294,0.9387034657
C000951,2,0.1475837475,0.003466542994,0.003325735121,0.003110662295,0.7399631517,0.003289148246,0.003922304225,0.09533870792
C000954,0,0.006919129913,0.4321825781,0.00675953467,0.1089625102,0.006895726062,0.3566793138,0.005958236789,0.07564297043
C000956,2,0.005493756409,0.2155268641,0.005688973931,0.005311854388,0.007255161703,0.2243677181,0.4843538296,0.05200184177
C000957,4,0.02669701119,0.7201830683,0.002968230072,0.02379320027,0.1774823608,0.003041469766,0.002993213883,0.04284144574
C000958,2,0.004539440277,0.005495090055,0.004697575894,0.004415241817,0.005963069696,0.9211129678,0.005825065701,0.04795154872
C000959,3,0.02585076898,0.04275564253,0.02833175149,0.02574646512,0.2560504928,0.02723506946,0.064951649,0.5290781607
C000964,0,0.002307703102,0.04460012164,0.002387887467,0.002263279715,0.002979516977,0.03154178643,0.8987418879,0.01517781682
C000965,1,0.658452782,0.008520124006,0.1227113881,0.007967892535,0.04095466874,0.008242416233,0.01871439007,0.1344363384
C000966,1,0.01094805702,0.3421423686,0.01106109387,0.06649468309,0.01269048695,0.0110171623,0.3561569255,0.1894892227
C000967,1,0.004179860593,0.9239578057,0.004233607705,0.004060297273,0.00449722983,0.004176366061,0.004380221061,0.05051461177
C000968,4,0.003465147088,0.003573983642,0.06179847494,0.003489772262,0.007032169536,0.003541815094,0.8780136237,0.03908501378
C000971,1,0.03056980959,0.1938002549,0.03283765628,0.0310147515,0.2579225585,0.0327244791,0.07912227252,0.3420082175
C000972,0,0.01460945081,0.01526569861,0.3715947169,0.01398396069,0.3579080616,0.01449227871,0.06926708392,0.1428787487
C000974,3,0.3673941082,0.2629883819,0.1832013777,0.01437754313,0.01591062033,0.014472888,0.01694259563,0.124712485
C000975,1,0.05444516517,0.001545324129,0.001394910441,0.001425568618,0.9089377876,0.001482351699,0.001664890594,0.02910400174
C000977,2,0.003851215326,0.005117606725,0.00408117885,0.006644285147,0.008623443488,0.00484774248,0.8336415855,0.1331929425
C000980,0,0.008170742979,0.008935502272,0.7630955758,0.007883431972,0.0097225595,0.008797905408,0.009482724953,0.1839115571
C000981,4,0.008349302198,0.046908326,0.01326003473,0.02037232993,0.0195771858,0.02944574572,0.009437344795,0.8526497308
C000983,3,0.05594096558,0.00363471159,0.02996056211,0.003656558773,0.8756090134,0.003619458775,0.004180396891,0.02339833288
C000985,2,0.008714851787,0.01031858701,0.008986690397,0.03044016281,0.01105442389,0.009386484086,0.02547475663,0.8956240434
C000988,0,0.009172010259,0.01064382577,0.009509174622,0.008961967192,0.7303688857,0.009867262377,0.1101736466,0.1113032275
C000990,4,0.01398169074,0.009863830912,0.1810990197,0.5646928355,0.0112498388,0.0473213795,0.01055565866,0.1612357463
C000993,2,0.002191116863,0.6855188038,0.002231240814,0.002055357072,0.222283093,0.004475031823,0.05142305547,0.02982230116
C000994,2,0.01849272686,0.02123581498,0.01964437399,0.7058866259,0.02309409189,0.02095268878,0.01714646934,0.1735472082
C000996,4,0.02483557969,0.01471249406,0.001764756875,0.001721186918,0.001896789891,0.9266338013,0.001822395627,0.02661299566
C000997,3,0.00275509968,0.9070361294,0.002839958659,0.002742967118,0.003189020644,0.002632183293,0.003210772197,0.07559386903
C000998,2,0.01605020609,0.7652728783,0.01657304109,0.01571242595,0.02049814486,0.01746589321,0.02025640672,0.1281710038
C000999,3,0.004857062474,0.002089330365,0.004706259646,0.004555476364,0.01706849192,0.005410523632,0.01678554859,0.944527307
C001000,3,0.02190432339,0.02192802376,0.05474226071,0.02188616956,0.02621888684,0.02187377408,0.1474014211,0.6840451405
C001002,3,0.004284797394,0.001630090362,0.001607840245,0.00364614016,0.9403092634,0.001616551017,0.003287855902,0.04361746156
C001004,2,0.01040773652,0.01216657183,0.01084250126,0.7538243491,0.0138174561,0.08698884338,0.01373809324,0.09821444856
C001006,2,0.8129107419,0.004598008011,0.003559279836,0.003314179878,0.005408098888,0.004119324935,0.00540003425,0.1606903323
C001008,0,0.01761233328,0.4362316624,0.01788009128,0.01734410394,0.0239709115,0.01901500424,0.03817068956,0.4297752038
C001013,2,0.008141413429,0.01048389262,0.008843638041,0.007880669806,0.01764076508,0.06183662298,0.01752632263,0.8676466754
C001018,1,0.03438933543,0.03737224216,0.03605344882,0.03465858627,0.04012045554,0.1963384185,0.0395018031,0.5815657102
C001020,2,0.002994421529,0.003570036568,0.003051666733,0.002832185099,0.003959626796,0.7993048119,0.1603476957,0.02393955572
C001021,4,0.001343648994,0.01643044278,0.003455885633,0.003313343862,0.003920423051,0.003400843348,0.06519385362,0.9029415587
C001022,4,0.003558087716,0.02869461078,0.00379372808,0.003721740011,0.004255360354,0.009442076084,0.01199852577,0.9345358712
C001024,1,0.02596792622,0.01223273028,0.2545287395,0.2227123543,0.01437157168,0.01499594389,0.1182641369,0.3369265972
C001027,3,0.008951453349,0.05211118005,0.009249184349,0.6741737227,0.1666290867,0.008868688672,0.01089109048,0.06912559366
C001028,4,0.005124042526,0.2434759317,0.005610411184,0.005242239875,0.005465252843,0.4874847371,0.2124561792,0.03514120549
C001029,3,0.01544939655,0.01469785094,0.01508951259,0.01477833238,0.008994642289,0.7697927443,0.00841265106,0.1527848698
C001030,2,0.01106322271,0.01429732598,0.01173586822,0.0108945728,0.1686136736,0.01359907613,0.07467241857,0.695123842
C001033,2,0.3231594406,0.01396865022,0.01187858347,0.01104957686,0.01561079859,0.01264832061,0.5182174072,0.09346722246
C001035,4,0.01147406538,0.01200677657,0.3240092895,0.01197691863,0.115015406,0.2443555263,0.1284993013,0.1526627164
C001037,1,0.01114446722,0.1174955351,0.06262357597,0.05294253144,0.005142174151,0.01144263911,0.005563575582,0.7336455015
C001038,4,0.00139786089,0.004603772844,0.003826784565,0.004378389843,0.05621968982,0.004477454547,0.009322384348,0.9157736631
C001040,1,0.003502037859,0.004883301127,0.04016401831,0.01178101004,0.004037572031,0.848352843,0.004024977308,0.08325424031
C001043,0,0.8063365605,0.002017010401,0.001827252944,0.02605330157,0.002819291705,0.1140106316,0.004319423268,0.04261652807
C001046,4,0.007414865557,0.8572743277,0.007878854026,0.007764902236,0.01207647552,0.007686764312,0.02653909535,0.07336471531
C001050,1,0.01892095518,0.2310406578,0.05112615118,0.0187769068,0.2305289028,0.02578860314,0.1718129545,0.2520048687
C001051,2,0.01609696052,0.0209036481,0.01690568139,0.1909969785,0.4163374998,0.05923762759,0.02984891279,0.2496726913
C001055,2,0.0225938034,0.02675962731,0.02377373248,0.0219545661,0.02768627186,0.02550500962,0.02765262241,0.8240743668
C001056,0,0.003453366112,0.003854629966,0.02721531457,0.3457066787,0.5841933473,0.007527669355,0.006567797906,0.02148119608
C001060,2,0.01483687741,0.01728347623,0.4913127627,0.06232964663,0.01999880196,0.01587635667,0.02014335556,0.3582187228
C001061,3,0.1693656265,0.02650789311,0.02636163158,0.025927165,0.06027632983,0.0262029513,0.1349562485,0.5304021542
C001062,4,0.002897200208,0.00320009937,0.00313451107,0.003065042421,0.05281738061,0.008926559361,0.1480666825,0.7778925245
C001063,3,0.8561161275,0.005640900322,0.005762279215,0.005609869823,0.02098742478,0.005698075293,0.007149045442,0.09303627767
C001064,4,0.003988748243,0.004336014328,0.5099182169,0.004123623432,0.004342865934,0.4213136561,0.004750277664,0.0472265974
C001066,2,0.02225558097,0.02350533394,0.0241372682,0.0218990945,0.6451511041,0.02323604136,0.02525605229,0.2145595246
C001067,4,0.003442483038,0.007307155995,0.008962563419,0.004437251812,0.004020405465,0.009860885554,0.003776124527,0.9581931302
C001068,0,0.1456626839,0.0143192843,0.6232487163,0.01213305947,0.01562803402,0.01348567777,0.01518408021,0.1603384641
C001072,1,0.5788587519,0.2812619866,0.01003968549,0.009648823277,0.01035185607,0.009763657554,0.009964588158,0.09011065093
C001074,3,0.009553767597,0.008880865277,0.009664832255,0.009457119777,0.01001391497,0.4117309523,0.4504514474,0.09024710043
C001075,0,0.007250465588,0.02182274267,0.01089757924,0.0104903747,0.04718459981,0.008288152619,0.02742122636,0.866644859
C001077,2,0.05040784677,0.5801671733,0.01361900846,0.01255707805,0.06707664425,0.0152878711,0.1280979213,0.1327864568
C001080,1,0.7379881075,0.01447777364,0.01367619042,0.01296041171,0.04339177227,0.01329533662,0.02161952561,0.1425908822
C001084,1,0.00218668108,0.002664181867,0.02688780939,0.002120137127,0.002695631566,0.848773732,0.04612844443,0.0685433825
C001086,4,0.00384580336,0.01954647527,0.007299944494,0.004108257681,0.004471165035,0.01430063823,0.00453213254,0.9418955834
C001088,3,0.1202133206,0.2102528771,0.009008935338,0.008935082641,0.01049060773,0.009041355324,0.5280837243,0.103974097
C001090,4,0.104070397,0.02747154832,0.02732183099,0.02590650573,0.02787575159,0.02688432273,0.03449715423,0.7259724894
C001092,0,0.00640087697,0.007316687644,0.5344474263,0.3041118004,0.008697727811,0.006808414045,0.008340676374,0.1238763905
C001093,2,0.003224538618,0.003929266339,0.8608683738,0.00311564693,0.004230179823,0.003730228967,0.00412314467,0.1167786208
C001095,1,0.002148631129,0.9610831112,0.002164752775,0.00208264402,0.002456390591,0.002156880459,0.002512878099,0.02539471176
C001096,0,0.01007254686,0.01095796886,0.01027000325,0.01107901012,0.01258851709,0.8336362799,0.01173183635,0.09966383754
C001098,3,0.2845455668,0.007101823614,0.5785171905,0.007010226144,0.009499404173,0.007134143984,0.009522030439,0.09666961438
C001100,2,0.008156683318,0.009298814121,0.008186911386,0.007712437422,0.009742876415,0.008974224079,0.7328380594,0.2150899938
C001102,0,0.6922485113,0.008184126388,0.007656032993,0.007341605682,0.008963421786,0.007742777774,0.00870394676,0.2591595773
C001106,1,0.02084907409,0.003258692497,0.7902497217,0.1081338524,0.02123032377,0.003154521251,0.02202798048,0.03109583384
C001108,2,0.006792398406,0.6790183051,0.007160835607,0.006425665529,0.06633050872,0.00822123847,0.01132361515,0.214727433
C001109,2,0.02116470212,0.08107997649,0.02238756175,0.02062604382,0.5843543565,0.02292920859,0.02225111384,0.2252070369
C001110,4,0.2889564394,0.09558030136,0.01752894106,0.01714509872,0.0181033194,0.01795000162,0.01789171078,0.5268441877
C001112,0,0.004301724196,0.004719511442,0.004300177422,0.8614745879,0.003563627702,0.08110266095,0.003219306906,0.03731840352
C001113,3,0.0179633937,0.0177280606,0.01816788152,0.01780883813,0.536729832,0.1949503963,0.02065582392,0.1759957738
C001115,1,0.003408870806,0.003697041319,0.003558746211,0.00341738469,0.003877674816,0.003513114164,0.9241958192,0.05433134878
C001119,3,0.02031298855,0.01959286196,0.02031250305,0.1068374391,0.1887041746,0.01951005606,0.02393861394,0.6007913627
C001120,0,0.003155856204,0.06071289293,0.003213129429,0.003092964726,0.004625781173,0.8984670609,0.003867894185,0.02286442041
C001121,2,0.007031995616,0.05880747479,0.1779535416,0.1421046201,0.009591403727,0.3519908896,0.009297455644,0.243222619
C001122,3,0.01639106133,0.01601801931,0.01637580558,0.01573173698,0.1399344154,0.01580379335,0.09169067749,0.6880544906
C001123,4,0.06141180656,0.09589321295,0.01224243793,0.683446087,0.01250248839,0.01181604684,0.02060127372,0.1020866466
C001129,1,0.008120618822,0.008720723771,0.06051845135,0.008137365153,0.0800468018,0.0143221337,0.7494730183,0.07066088708
C001130,3,0.003598430599,0.003408490994,0.004421270593,0.003476691057,0.004312952266,0.003386953941,0.9221198512,0.05527535937
C001132,3,0.03127278007,0.03064483171,0.03163898517,0.03122311711,0.4367990433,0.1420568425,0.03617836724,0.2601860329
C001134,0,0.1705743029,0.005642543718,0.7664759007,0.00503175393,0.006357102765,0.005391108805,0.006119545338,0.03440774183
C001135,3,0.02622824193,0.02592406157,0.02661677936,0.02217546243,0.009471276855,0.02567562921,0.009290005886,0.8546185428
C001136,0,0.002074985166,0.002426585051,0.8310144194,0.002007079682,0.02649962219,0.09278147804,0.002458491108,0.04073733938
C001138,0,0.004610624162,0.005070695933,0.004586278815,0.6813907341,0.1719663344,0.004735511393,0.005208305831,0.1224315154
C001139,1,0.02488343663,0.0269828833,0.02632285823,0.02471813157,0.02692235664,0.02507574594,0.02874306986,0.8163515178
C001140,3,0.4121425316,0.1841740042,0.2124031946,0.01069550391,0.01229550711,0.0102009681,0.100633174,0.0574551166
C001141,2,0.006644198304,0.0083776861,0.006926816385,0.006512010192,0.008829094451,0.3420049239,0.008789996929,0.6119152737
C001143,0,0.003651818026,0.2500739606,0.003689129387,0.07239780011,0.004715172529,0.6385656526,0.004143536626,0.02276293007
C001147,0,0.004248485206,0.004624699981,0.9305134955,0.004207155743,0.004958059028,0.004386905713,0.004878336317,0.0421828625
C001148,1,0.07382754411,0.007649966182,0.006607750194,0.006524380412,0.5667103554,0.006925787494,0.02436171348,0.3073925027
C001149,2,0.008110965799,0.3182727169,0.008327298331,0.3051953319,0.1128294421,0.009249052313,0.1758394885,0.06217570426
C001151,3,0.1621478848,0.01776948407,0.01776674795,0.01737853919,0.1139559334,0.01759327331,0.02243243452,0.6309557028
C001152,3,0.005060742254,0.005095997678,0.005191677607,0.00514190372,0.006370909241,0.2424382127,0.5748971265,0.1558034304
C001153,0,0.0124464527,0.01360803364,0.1597602402,0.01234614256,0.01525576625,0.3579413486,0.01325898164,0.4153830343
C001154,3,0.007868309122,0.007751981992,0.5649181028,0.007804921837,0.3285453558,0.007670133626,0.009494938123,0.0659462567
C001156,1,0.02955622129,0.03174013069,0.03131356463,0.02935452204,0.03321012718,0.02992562733,0.03352367335,0.7813761335
C001157,4,0.001314069128,0.003702902414,0.003550199868,0.006573643706,0.003991551302,0.003030411804,0.006873282983,0.9709639388
C001160,3,0.04714911492,0.01067677016,0.01078680784,0.01078392385,0.5774887139,0.01068955068,0.1709913634,0.1614337553
C001164,4,0.006128920881,0.006777865328,0.6530393015,0.04559481401,0.194984718,0.006548172257,0.00691713951,0.08000906848
C001165,3,0.9162002075,0.005125689637,0.005085598149,0.005020045413,0.00600301578,0.005091439385,0.006089974061,0.05138403011
C001168,0,0.006862869446,0.2363034177,0.006932469135,0.006670157433,0.009393913389,0.007174836544,0.656747902,0.06991443441
C001170,4,0.3029402317,0.009222989361,0.008894450808,0.00887870999,0.009439403552,0.4799474901,0.0092261956,0.1714505289
C001171,2,0.04660224989,0.01818526957,0.7261209755,0.0151589576,0.01494645543,0.01765577735,0.01834880182,0.1429815128
C001172,4,0.6518068101,0.01362108712,0.01141061114,0.01106724598,0.2062981108,0.01109179572,0.01085513196,0.08384920717
C001173,2,0.8741809922,0.07504936938,0.002487713187,0.002346139512,0.00277421839,0.002642221325,0.002786540575,0.03773280542
C001174,2,0.1749553899,0.7368426797,0.001491178338,0.05128759154,0.002066891863,0.001808329081,0.002044029724,0.02950390985
C001175,0,0.006980830391,0.04018663641,0.003537330401,0.003452029691,0.006482254665,0.002743390494,0.002130901403,0.9344866265
C001176,3,0.7731045759,0.003770113961,0.1112849447,0.004023725864,0.05020173363,0.003808863384,0.03043323105,0.02337281156
C001181,1,0.004812868546,0.003449948137,0.1000038918,0.792533133,0.003500037122,0.003213787504,0.00352207984,0.08896425412
C001182,2,0.001805314053,0.002306375862,0.001896816205,0.09203831762,0.00280574549,0.8493215132,0.002783351068,0.04704256652
C001183,0,0.0117486989,0.009138758989,0.03998303398,0.01080978548,0.008532393911,0.01714353804,0.005722492406,0.8969212983
C001184,3,0.003569043199,0.899263393,0.003591207381,0.003512879186,0.004413397103,0.003550157559,0.004404476006,0.07769544656
C001185,0,0.01657221313,0.01782718309,0.01668946795,0.01615320378,0.2627375116,0.5470138185,0.005768744561,0.1172378574
C001188,1,0.01096946718,0.01146862362,0.01117332791,0.01066869638,0.01162151024,0.6080652865,0.01188384503,0.3241492431
C001191,2,0.005420851981,0.005977448806,0.005612456911,0.005197464028,0.521635163,0.4033251662,0.006614460352,0.04621698879
C001192,1,0.01211372046,0.01299352672,0.01264662837,0.0121678888,0.01306538611,0.5839464821,0.01268692924,0.3403794382
C001194,0,0.02091259319,0.02421003796,0.02125977694,0.02679213067,0.02271781914,0.1718081246,0.02490127099,0.6873982465
C001202,1,0.009362621895,0.01074582273,0.009371402193,0.02820522477,0.04441245625,0.04761517987,0.02500105633,0.825286236
C001203,4,0.04378592315,0.005500398262,0.005350471416,0.05248885081,0.0988166896,0.5604668439,0.006003466473,0.2275873563
C001204,1,0.01402522709,0.134709469,0.05166078806,0.01391639911,0.08684618466,0.0827482784,0.114461008,0.5016326457
C001207,0,0.02001440807,0.02106707627,0.01964064584,0.01875451518,0.02595550122,0.01972283805,0.02380612481,0.8510388906
C001209,1,0.01533851296,0.01668220172,0.1345063237,0.01882362457,0.1772197182,0.02327050717,0.2260247573,0.3881343543
C001210,1,0.005489578746,0.008717909156,0.008622050896,0.2185409008,0.00863044592,0.008361975299,0.535004373,0.2066327661
C001211,2,0.7423614896,0.01428149714,0.01318725572,0.07750684747,0.01742619263,0.01382515925,0.01503258704,0.1063789712
C001214,2,0.005927069693,0.6807836428,0.1647563043,0.005702814132,0.0221352089,0.006592407022,0.007608488013,0.1064940652
C001216,0,0.002338233963,0.08732992135,0.002403390636,0.002328089424,0.002941628099,0.002349506621,0.8859953369,0.01431389302
C001220,0,0.5897679539,0.2875398138,0.006885085513,0.006618517082,0.008027253497,0.006982886764,0.007920438315,0.08625805108
C001221,3,0.01366602069,0.01339123166,0.01344340727,0.09645280989,0.01668464065,0.1199241631,0.01658796685,0.7098497598
C001222,1,0.0425082943,0.004184066717,0.3564015599,0.003624555282,0.04928294259,0.3404615453,0.02851918367,0.1750178523
C001223,2,0.01074101828,0.6234557501,0.01129343138,0.04805788902,0.01546795643,0.01278350236,0.01152804889,0.2666724036
C001224,4,0.05327853557,0.01785874221,0.04949204074,0.1516244818,0.02876425159,0.01834192364,0.02060494263,0.6600350818
C001225,3,0.004846664796,0.01446732609,0.03237014379,0.004719474558,0.006053981588,0.005075939581,0.005923935099,0.9265425345
C001229,1,0.002429537362,0.03833734972,0.8449323148,0.002374143533,0.08292247982,0.00239736718,0.007789245816,0.01881756174
C001230,3,0.01018175033,0.009430592363,0.0124297896,0.003539731325,0.004821634319,0.003726526255,0.004825995015,0.9510439808
C001232,2,0.005880181954,0.01751809666,0.004449016244,0.0181841522,0.01383446912,0.009937527041,0.00559301057,0.9246035462
C001234,0,0.0222774592,0.02443554682,0.02260519654,0.02178961184,0.02666958367,0.02310752465,0.02593498069,0.8331800966
C001237,0,0.00557054681,0.8905817424,0.005604764162,0.005315774895,0.007363006711,0.005685269253,0.006700308363,0.07317858737
C001238,4,0.1121389623,0.01838795156,0.01818097352,0.4166957492,0.2021411788,0.01801606533,0.03809478817,0.1763443312
C001239,0,0.3640705402,0.006982822401,0.006471605385,0.006214459129,0.008161534259,0.006501022517,0.5376093091,0.06398870703
C001241,3,0.009666966554,0.009409930708,0.009731762159,0.009487541465,0.01015899617,0.6646342427,0.01012916392,0.2767813963
C001243,3,0.0182843203,0.01756135399,0.01800349691,0.01765956815,0.02150981021,0.7014623942,0.02227941822,0.1832396381
C001244,0,0.0150864253,0.295877087,0.0196861897,0.01498325942,0.01985062015,0.1086199712,0.05258380075,0.4733126465
C001248,2,0.0005078976042,0.002602717995,0.002127746815,0.002022775123,0.00291502298,0.000560152658,0.003426632078,0.9858370547
C001249,2,0.008926731661,0.003619371007,0.1224158672,0.002952569414,0.3258871569,0.4829551905,0.00390118678,0.04934192663
C001252,0,0.5678318545,0.01642064389,0.01462833648,0.232875642,0.01871905738,0.01512223078,0.01783206485,0.1165701701
C001254,4,0.009043670258,0.009541796112,0.00952246511,0.8023490412,0.009588410337,0.009391658543,0.00952895619,0.1410340023
C001255,0,0.3168344309,0.05607375413,0.01928681195,0.01833894845,0.2552612033,0.01936476858,0.02134058985,0.2934994929
C001256,4,0.4005736417,0.01958688967,0.09344523691,0.01918040512,0.02004908978,0.01910050917,0.2043759547,0.223688273
C001258,4,0.006613051323,0.9059434673,0.007013761631,0.006839510522,0.00677344017,0.006788434251,0.00655843769,0.05346989708
C001260,2,0.06487974486,0.02181723369,0.01750645156,0.01600518316,0.0402851161,0.1574372657,0.03875503096,0.643313974
C001265,4,0.01404358797,0.4785970242,0.01495087644,0.1971981358,0.01580153898,0.09784256315,0.06566597213,0.1159003014
C001266,0,0.8863107759,0.003780013938,0.01084958459,0.003706775615,0.004392946698,0.003573355953,0.004035943737,0.08335060357
C001267,1,0.0159053634,0.06215505327,0.01644647995,0.01566976109,0.0190531732,0.01612395758,0.5948209685,0.259825243
C001268,3,0.008979608624,0.009050556172,0.01974139009,0.265929243,0.01196116367,0.3426376484,0.01190865544,0.3297917347
C001269,3,0.01079970701,0.01118547477,0.01178193286,0.4553275663,0.1112834613,0.01089716105,0.01202140876,0.376703288
C001271,2,0.01661677277,0.01880722687,0.0174677717,0.01614055413,0.7104452067,0.0185284541,0.02389300829,0.1781010054
C001272,2,0.03262471643,0.02784334675,0.02227938903,0.02144131051,0.2227825223,0.02606235364,0.09087877223,0.5560875891
C001275,0,0.01594259846,0.01873356746,0.01654296978,0.01587695411,0.02036080211,0.09290821439,0.4759791014,0.3436557922
C001276,0,0.007485870984,0.008570343105,0.007777734408,0.01306077212,0.008990915704,0.8731562365,0.009148980171,0.07180914705
C001279,4,0.7069500512,0.2511040837,0.003312840477,0.004533025238,0.003332529739,0.003456779795,0.003817809706,0.02349288018
C001280,2,0.02087516122,0.3834668503,0.02149002101,0.03398387562,0.04856692159,0.02320667638,0.09822241621,0.3701880776
C001283,1,0.02795758167,0.07898418411,0.154320241,0.02771087813,0.03543599886,0.02848666652,0.03648450162,0.6106199481
C001284,2,0.02079834236,0.02445426489,0.02163301794,0.01988746089,0.02572902895,0.02348898142,0.02511388223,0.8388950213
C001288,3,0.05881816416,0.01246533852,0.624745614,0.01707852758,0.006390773365,0.2399255707,0.006568008837,0.03400800285
C001289,1,0.02397048549,0.0261306411,0.02538684291,0.02381365795,0.02671769762,0.02440452825,0.02812263267,0.821453514
C001290,2,0.01099357289,0.0130469021,0.5783532518,0.01049163425,0.01414947473,0.01316772072,0.01388535804,0.3459120854
C001291,1,0.3015205873,0.01492003805,0.01410399249,0.4874059971,0.01522777058,0.01375012858,0.01508332246,0.1379881635
C001292,1,0.007408742893,0.0079670208,0.007788691067,0.007313582016,0.01938474805,0.007720872037,0.8498281005,0.09258824266
C001293,0,0.6398678209,0.04384858112,0.003586981002,0.003384590702,0.007318782752,0.003644891539,0.2603920776,0.03795627444
C001294,1,0.01637483231,0.7576738843,0.01688053312,0.016194633,0.01816497305,0.0165660543,0.01780181256,0.1403432774
C001299,4,0.01357087332,0.1063437757,0.5542504095,0.1817631814,0.013840472,0.01382996809,0.01438353462,0.1020177853
C001301,3,0.004356100753,0.004565124668,0.01197305988,0.0280329204,0.004617490989,0.004322958283,0.09655855193,0.8455737931
C001306,0,0.002634470615,0.00308578174,0.8813976723,0.002605378837,0.003409063424,0.002869458254,0.003248763424,0.1007494114
C001307,1,0.00897073054,0.009695023478,0.03093046585,0.4572996084,0.1348452606,0.08453577961,0.1925192346,0.08120389694
C001308,1,0.005524742727,0.006174255397,0.005418969045,0.005104752944,0.006688085117,0.007356195593,0.007063928847,0.9566690703
C001310,0,0.2042457402,0.008965990574,0.0768154602,0.00813605765,0.6353197631,0.008718699112,0.009755214428,0.0480430748
C001312,0,0.5841367917,0.008828723821,0.008674240951,0.1350335495,0.1920462448,0.008898959161,0.009587176335,0.05279431378
C001316,2,0.01180749954,0.01018561695,0.09222077391,0.01131065045,0.01519562014,0.01306143407,0.7324830756,0.1137353293
C001317,3,0.004738020312,0.005239913879,0.005245019961,0.004516005162,0.03566994492,0.005253544316,0.005976692686,0.9333608588
C001318,0,0.01779208491,0.01998969526,0.0184180802,0.01741727182,0.02258103366,0.03816609916,0.2129264091,0.6527093259
C001320,3,0.5923124912,0.01331400481,0.01378549396,0.2076230303,0.01620299811,0.01331415375,0.01581873814,0.1276290897
C001321,2,0.8953524909,0.00425291741,0.003352373778,0.03602390843,0.004554301167,0.003697745021,0.004594874056,0.04817138926
C001322,3,0.003693157111,0.01116425499,0.003680880029,0.8135114117,0.04053775334,0.003683036744,0.02734285498,0.09638665114
C001323,0,0.005445013634,0.006144837314,0.005663959416,0.005496061417,0.3368144283,0.343458427,0.1077247547,0.1892525182
C001324,4,0.01486966207,0.01621074429,0.008723084754,0.01602812983,0.1820071879,0.01569376777,0.0173750974,0.729092326
C001326,1,0.01161118729,0.01219869211,0.01204638637,0.01165617456,0.01168685929,0.8285855032,0.01111136538,0.1011038318
C001328,2,0.02841868841,0.03286569083,0.02955800039,0.02321548619,0.06372252239,0.02989559761,0.03482948489,0.7574945293
C001331,3,0.07463421984,0.06033698006,0.02395713172,0.01182992983,0.06623795296,0.01162631179,0.4362324064,0.3151450673
C001335,2,0.8975131426,0.002182914317,0.001907726318,0.001718404231,0.002347995176,0.002066968831,0.07109248675,0.02117036176
C001336,3,0.004983824472,0.005148355053,0.007830259839,0.004783438216,0.01437335558,0.008265081901,0.001685475111,0.9529302098
C001337,4,0.02633265525,0.04824920301,0.002101404372,0.002028706163,0.3472985927,0.5568502373,0.002124283526,0.01501491767
C001340,4,0.003640413523,0.004034023388,0.003925012248,0.003825283319,0.004389412393,0.02038788872,0.0734220885,0.8863758779
C001345,1,0.02826825123,0.006926710003,0.01590612302,0.005579902776,0.01127423967,0.005797698537,0.009931373726,0.916315701
C001347,2,0.5273822697,0.01408163164,0.0118174046,0.01092435943,0.01392750929,0.01299133085,0.01386331823,0.3950121762
C001348,2,0.185981774,0.01900421367,0.01422689751,0.1164296492,0.01949295567,0.01663784619,0.01904258565,0.6091840781
C001351,2,0.01118527799,0.01270976435,0.3543882356,0.01002517503,0.0140895571,0.3145245415,0.01369978335,0.2693776651
C001354,3,0.8753949573,0.01883668282,0.004788333587,0.004680575282,0.00362846935,0.004634382292,0.003528870932,0.08450772842
C001355,4,0.02212558156,0.02329017594,0.1049327391,0.02310844025,0.02437675186,0.02295540117,0.4569867387,0.3222241714
C001356,4,0.4609097111,0.00741352707,0.0074319318,0.4290591003,0.007709405056,0.007160417069,0.007841512959,0.07247439469
C001359,3,0.002169733901,0.02073759307,0.00215221281,0.002115381112,0.002663352876,0.002129613989,0.9269488897,0.04108322254
C001361,1,0.02553461624,0.02667647364,0.02659219077,0.02535840162,0.02701847394,0.02544807878,0.02916243121,0.8142093338
C001364,1,0.007313843138,0.007692236028,0.007630570079,0.6102712876,0.2844549757,0.007525360722,0.00703251939,0.06807920734
C001366,2,0.01649219774,0.01891319459,0.01701959505,0.01597196128,0.019208381,0.3620169843,0.01897904192,0.5313986441
C001367,0,0.6171341408,0.02809124149,0.02519892402,0.02405476588,0.05155549439,0.02569085742,0.03809686397,0.190177712
C001374,3,0.2391184349,0.02050927825,0.02150817327,0.02089651785,0.02226717435,0.02063684678,0.0224186935,0.6326448811
C001377,0,0.01114643148,0.01389977468,0.01089089969,0.01070341857,0.03794333655,0.01268470751,0.02363389752,0.879097534
C001378,1,0.6847288582,0.00594499205,0.2394406329,0.00560972273,0.006199934999,0.005833572103,0.006224148971,0.04601813803
C001380,4,0.1345924081,0.02517948871,0.02401599193,0.02443703884,0.03988078564,0.0243405494,0.1760460286,0.5515077088
C001382,1,0.007224326131,0.008251311999,0.5320346906,0.007016877436,0.01093741043,0.04932565144,0.0843215051,0.3008882269
C001385,0,0.009107118131,0.003073152422,0.002815018145,0.002678686006,0.003670688295,0.02214017643,0.03037343878,0.9261417218
C001386,2,0.002533346147,0.1232249638,0.8125774058,0.00360844709,0.002206657385,0.002980965703,0.003404601824,0.04946361231
C001389,4,0.003970655435,0.07875911291,0.005569071225,0.004178293972,0.005894880424,0.007003327706,0.05687784578,0.8377468125
C001391,2,0.005387127893,0.1756677901,0.006102004541,0.005277327024,0.5775862969,0.006569795432,0.008077802285,0.2153318558
C001397,4,0.3080797951,0.003398039884,0.6146832506,0.003292917384,0.00274685944,0.003277951915,0.007295901848,0.0572252838
C001399,4,0.005630972558,0.005743100481,0.005907467657,0.916243883,0.005796362754,0.006778610858,0.01320892381,0.0406906789
C001400,0,0.008102935084,0.008705857939,0.02532826644,0.02427173096,0.4988456116,0.008422966934,0.3675757072,0.05874692393
C001402,2,0.01035669085,0.01215206093,0.0108225193,0.009919141634,0.2133635034,0.01168341118,0.5911565447,0.140546128
C001406,2,0.8899536654,0.005269291742,0.004603358068,0.004284091065,0.006354533059,0.03622030782,0.006344078527,0.04697067437
C001408,0,0.04636081715,0.02902443133,0.04874643303,0.02663425241,0.01407105158,0.0110760182,0.01296475642,0.8111222399
C001409,3,0.006037670348,0.01136898083,0.005858352601,0.009651178584,0.006911190662,0.0073754518,0.006819921327,0.9459772538
C001410,1,0.008597674587,0.009616891814,0.0585553553,0.008606945443,0.01028573008,0.02290990257,0.7491113907,0.1323161095
C001413,3,0.001850459007,0.005531766563,0.03290278226,0.004536933729,0.003572780275,0.005475694975,0.005432807601,0.9406967756
C001414,1,0.00274609189,0.02337757956,0.1240427135,0.002745993412,0.7972661486,0.00287113686,0.003506077474,0.04344425875
C001415,1,0.001664572569,0.002626651316,0.002301681983,0.00513470815,0.002653346849,0.002351970014,0.002608097837,0.9806589713
C001416,3,0.7999057476,0.01274475433,0.01326072425,0.01294061564,0.01394543102,0.01283098499,0.01397061808,0.1204011241
C001417,0,0.009507127415,0.5301458999,0.009437633781,0.009323915992,0.01453894853,0.01082294782,0.2561998609,0.1600236657
C001419,0,0.1367606885,0.004830783719,0.7890379058,0.004295072907,0.005423160698,0.004553963056,0.00529365204,0.04980477334
C001420,1,0.00886360527,0.01024106587,0.009422697167,0.008986045805,0.3659975149,0.04884876641,0.2211133213,0.3265269833
C001421,1,0.1985947161,0.006648880325,0.007285210765,0.007028159978,0.7114994368,0.007241361958,0.007440964573,0.05426126943
C001422,3,0.0089681636,0.008928762612,0.1412666473,0.008983872658,0.5125240738,0.008929871717,0.2269008959,0.08349771245
C001424,0,0.009125153922,0.009763634969,0.01700989474,0.1974675394,0.0104981634,0.5916065635,0.01469627539,0.1498327747
C001427,4,0.6760620224,0.02117660716,0.0217589318,0.02119587904,0.02131469412,0.04181257112,0.02019860615,0.1764806882
C001428,4,0.005835461411,0.06660297102,0.6408949284,0.005744083665,0.006172268376,0.005700969593,0.04178127397,0.2272680435
C001433,2,0.001379761356,0.9339412846,0.02458176947,0.001339003111,0.001700339005,0.001536351794,0.02521412908,0.01030736161
C001436,0,0.007518817952,0.008251747451,0.6252774984,0.007341524711,0.008878064461,0.007680099086,0.2612971255,0.0737551225
C001437,4,0.2907329535,0.02819810102,0.02832837955,0.02646987905,0.03653373576,0.02767288555,0.03150086927,0.5305631963
C001439,0,0.6240980656,0.005663269565,0.00510661352,0.2986661663,0.007047986575,0.005216671777,0.006531346569,0.04766988007
C001440,2,0.01267266489,0.1533862677,0.01303013991,0.1094454997,0.01706672144,0.1595233868,0.01698612825,0.5178891912
C001441,3,0.008107289926,0.1323239119,0.5096608884,0.008059710596,0.009605229659,0.2636866549,0.009501825355,0.05905448929
C001442,1,0.002998341482,0.003232469589,0.9537047863,0.002965666644,0.003499456908,0.003043401652,0.003922019051,0.0266338584
C001444,0,0.002731930145,0.003314177368,0.002776546206,0.002658636827,0.003511345651,0.007335581923,0.003304691445,0.9743670904
C001445,0,0.01057532014,0.01163164966,0.01096074901,0.593624605,0.01287342606,0.0108566626,0.01239891888,0.3370786686
C001446,2,0.005716085108,0.007121826967,0.005881557372,0.001496858325,0.03464358207,0.006689113992,0.007653147545,0.9307978286
C001448,4,0.02639670135,0.02871522599,0.02926327718,0.5665417966,0.02947714499,0.0669977817,0.03237532452,0.2202327477
C001449,0,0.002216337299,0.4644695837,0.05867709696,0.003535989127,0.02281692447,0.002374861806,0.4004849593,0.04542424727
C001450,1,0.7519358871,0.01749675673,0.01679138968,0.01610414001,0.01758401507,0.01641276515,0.01798548498,0.1456895613
C001451,4,0.007862833875,0.6701637481,0.008382094993,0.008142987864,0.008435074313,0.00762134923,0.1490717355,0.1403201762
C001452,2,0.007412358034,0.008269925456,0.007607297416,0.0839488305,0.009821635541,0.4613938652,0.3627029087,0.05884317925
C001453,3,0.01137985421,0.01080633484,0.01116489361,0.6013456319,0.01348166529,0.01076695842,0.01376529618,0.3272893655
C001457,2,0.4098014927,0.02029113498,0.2509511023,0.01742149641,0.1113982117,0.01966316798,0.02090367747,0.1495697165
C001458,4,0.3527042334,0.02584605472,0.02578580077,0.02531183028,0.02685464668,0.02537043544,0.1251069243,0.3930200744
C001459,1,0.09717720699,0.01209650203,0.01191615616,0.6089261255,0.1390891759,0.0116685771,0.01178831077,0.1073379456
C001460,0,0.09162292157,0.07330346838,0.03070821738,0.02960485361,0.04219076598,0.08456396177,0.03812389779,0.6098819135
C001461,0,0.01452181201,0.01593007695,0.7116257344,0.01431205564,0.01762612889,0.01493565989,0.01488794007,0.1961605922
C001462,1,0.00542075224,0.006027056376,0.0053553332,0.005196025994,0.4139697959,0.06204215171,0.3278830731,0.1741058114
C001463,1,0.01033517954,0.5993998732,0.01070485254,0.01020418691,0.01162581179,0.01053921255,0.01281951444,0.334371369
C001467,2,0.339931015,0.01685332022,0.01415213362,0.0127852902,0.02098177231,0.01582530867,0.02047658294,0.558994577
C001469,4,0.01338717902,0.6507071428,0.01142666298,0.04718386038,0.01517320111,0.007144374123,0.01443672576,0.2405408538
C001470,3,0.04802525897,0.01003033018,0.5455734256,0.01007055233,0.01085100389,0.009935089629,0.2892242136,0.0762901258
C001472,4,0.003097021207,0.003427441271,0.003312521358,0.02317817757,0.03464477626,0.005735804227,0.02241812955,0.9041861286
C001474,1,0.6905356227,0.009506147539,0.009160857928,0.008850881446,0.009656469759,0.1939636138,0.009433156558,0.06889325034
C001475,3,0.02078665383,0.02012513499,0.02053280551,0.2719520486,0.02399385029,0.01998017662,0.02399612559,0.5986332045
C001484,4,0.007983695249,0.1348053833,0.4402320863,0.008043740218,0.008364051754,0.008238924761,0.3325654082,0.05976671024
C001485,4,0.05051393565,0.006178073177,0.003640111614,0.005858100713,0.006126015793,0.04002607821,0.02470760367,0.8629500812
C001486,0,0.00664141,0.007545162278,0.006643302915,0.8750914156,0.00836560634,0.006879012371,0.008073028932,0.08076106158
C001487,4,0.0107432432,0.04521845302,0.3986744287,0.01135048428,0.01227762083,0.01122602993,0.2631609376,0.2473488024
C001492,4,0.009960416971,0.03475964598,0.0110801553,0.3748081976,0.01095696628,0.1212499728,0.01161832463,0.4255663204
C001493,4,0.04771561225,0.1271545815,0.02925868193,0.1193135521,0.1339643069,0.05582594759,0.01921285678,0.467554461
C001497,0,0.2242390548,0.003661633226,0.0215081985,0.003152519559,0.004585087467,0.003078456509,0.003912660119,0.7358623898
C001498,4,0.2424998176,0.006134352172,0.006107261279,0.005742250474,0.06214820079,0.6322026961,0.006146783736,0.0390186379
C001499,2,0.001890723751,0.8988690399,0.002039710729,0.001843069317,0.002781226659,0.003765964905,0.04255361787,0.04625664688
C001500,3,0.005145894979,0.004845995978,0.139880775,0.005556944557,0.005412011825,0.7963717029,0.005088484734,0.03769819007
C001501,3,0.7228126589,0.01618337013,0.01636569997,0.01596406617,0.01951075495,0.01601100054,0.01971759786,0.1734348515
C001503,4,0.00679437453,0.003193439432,0.003037313532,0.01739562462,0.007228798364,0.01372589261,0.005321752196,0.9433028047
C001504,3,0.9090846774,0.002503594706,0.002589170883,0.0508792342,0.003014893724,0.002487798499,0.002980733912,0.0264598967
C001506,4,0.004995060361,0.005530219115,0.005320012168,0.46691806,0.005829062816,0.00527387175,0.4274342103,0.0786995035
C001509,2,0.005815011401,0.01347568955,0.02320575352,0.6814336134,0.007566346916,0.006465140322,0.2128720723,0.04916637257
C001513,0,0.01417234651,0.6627641457,0.0146449198,0.01392929973,0.01788978651,0.01450884208,0.01658158987,0.2455090698
C001514,4,0.008295670576,0.008971077881,0.2750853001,0.6015869748,0.009655132298,0.008820144719,0.01058856628,0.07699713333
C001516,4,0.003579144576,0.003919482048,0.0037870626,0.003507123105,0.004112776789,0.0046454231,0.002732536005,0.9737164518
C001517,4,0.003039800745,0.1314313468,0.07266563998,0.003130900791,0.00317652907,0.7600087642,0.003619260125,0.02292775834
C001520,0,0.02485991622,0.6231320661,0.02646602012,0.02471657932,0.03391264879,0.02683833979,0.03304479449,0.2070296351
C001524,4,0.004992736353,0.732848692,0.005111059213,0.1424910047,0.06329425156,0.005113119821,0.005070902631,0.04107823364
C001525,1,0.02518312487,0.166646015,0.02659007809,0.02010185923,0.04292721732,0.02575885441,0.02688724451,0.6659056065
C001526,1,0.002597210608,0.9578689496,0.002680665415,0.00260144665,0.00264650279,0.002662528082,0.002547673302,0.02639502355
C001527,1,0.4130324647,0.09064146467,0.006483415937,0.007913796426,0.005856893059,0.3467296811,0.005584961867,0.1237573222
C001530,1,0.01005061713,0.01079165576,0.01045132042,0.5985291845,0.0108657788,0.01014997239,0.01042542282,0.3387360482
C001533,3,0.003836436185,0.07395245234,0.003895257947,0.3552479779,0.003651162992,0.4516966426,0.0048035644,0.1029165056
C001536,1,0.002932064619,0.003239450118,0.00305626408,0.002881619699,0.004007803667,0.8732272035,0.004246238774,0.1064093556
C001540,2,0.02410361506,0.1180813372,0.02474693581,0.3131133138,0.03116680113,0.027059348,0.0312904328,0.4304382163
C001548,0,0.002783456013,0.002064538561,0.8836994203,0.001798744026,0.0737050179,0.001932028002,0.002579511551,0.03143728362
C001549,0,0.005220913962,0.006334659535,0.005296575593,0.8678655838,0.006545328546,0.005325237761,0.006290271896,0.09712142888
C001554,3,0.3759018074,0.02436805547,0.1960861688,0.02005874288,0.02366851245,0.03293440851,0.02362396646,0.3033583381
C001555,3,0.01126320861,0.01125911011,0.03820617339,0.01122206685,0.01442428328,0.1223139719,0.0144181546,0.7768930313
C001560,1,0.007671290038,0.00808958907,0.61589525,0.007725557483,0.008099183549,0.00795204516,0.2474705606,0.09709652414
C001561,0,0.02020208497,0.02252202794,0.02120928642,0.02009680076,0.02513317568,0.02087280371,0.02380907668,0.8461547438
C001564,3,0.01382714165,0.01324550391,0.8288098937,0.01384442504,0.01509733652,0.01311913705,0.01502046006,0.08703610204
C001567,4,0.00623143007,0.4305156368,0.0281039311,0.006611756074,0.4040674607,0.006593997634,0.007012767438,0.1108630201
C001569,2,0.001763631449,0.1464964311,0.001849424664,0.001708916823,0.7624805304,0.002085059152,0.002381612447,0.08123439399
C001570,1,0.0441924019,0.5110594795,0.004391334373,0.004249247274,0.004780358714,0.3950203109,0.006512969394,0.02979389794
C001571,0,0.006902487065,0.1617096202,0.007330973777,0.02104918655,0.00908962606,0.3533072449,0.05620444175,0.3844064196
C001572,4,0.4126047167,0.02258297634,0.02164609143,0.2026464582,0.02398204335,0.02151735061,0.02422829903,0.2707920643
C001574,3,0.00869950192,0.009001417172,0.009448698121,0.008559298843,0.009317131906,0.7495384834,0.009000712466,0.1964347562
C001575,0,0.002777357545,0.003476795205,0.002786571998,0.898814888,0.004188492035,0.003084835212,0.003402845142,0.08146821487
C001576,0,0.002925761552,0.003688974246,0.003033279457,0.004754657907,0.00607724274,0.003198177462,0.003642879634,0.972679027
C001577,1,0.01041625499,0.3732888998,0.01087030261,0.01003435529,0.04441845919,0.1325522248,0.09634322962,0.3220762737
C001578,4,0.01108792921,0.009830396787,0.01201665458,0.01160300026,0.01210221375,0.5294613097,0.01184683352,0.4020516622
C001581,0,0.01191158201,0.001472179716,0.00299711999,0.002916885743,0.004081714777,0.003398977293,0.003825798856,0.9693957416
C001582,4,0.02875175917,0.6610960803,0.006331887414,0.002589825174,0.2228518562,0.002663323619,0.001786875789,0.07392839232
C001583,4,0.006272789527,0.00658266538,0.006546734012,0.006442524425,0.7012613732,0.006738408214,0.1764042156,0.08975128968
C001584,0,0.02404593445,0.02671660128,0.02517794218,0.02394471012,0.03102682342,0.0249299061,0.06485160319,0.7793064793
C001585,3,0.008441305959,0.03654351616,0.008663671064,0.008612360102,0.0146138882,0.4983301077,0.3533290344,0.07146611645
C001587,2,0.002169574088,0.002792632187,0.002364335533,0.005369024988,0.002458600973,0.002650944915,0.07507967223,0.9071152151
C001589,3,0.01564595229,0.01567123694,0.06876141061,0.6344247159,0.02004217421,0.01579853564,0.02377094755,0.2058850269
C001590,4,0.001436200884,0.001532993311,0.0220046061,0.9593339992,0.001639209227,0.001503516763,0.001787487548,0.01076198697
C001591,4,0.002527394001,0.003031441621,0.8661389436,0.002376296165,0.01825696158,0.007034555247,0.002541325526,0.09809308229
C001592,4,0.01821256928,0.01968266578,0.01937715812,0.01975199288,0.08110764025,0.01900305333,0.4139210997,0.4089438206
C001593,3,0.02537534403,0.02520311246,0.5377601979,0.02527209412,0.03303922097,0.02485185562,0.06974618113,0.2587519938
C001594,4,0.01387453751,0.01502580744,0.6179645447,0.01423180011,0.01604885561,0.01467530876,0.01754717868,0.2906319672
C001599,2,0.003066627703,0.003655855294,0.00329429277,0.001889416873,0.9392779763,0.003508517396,0.004310859538,0.04099645408
C001600,4,0.1958217846,0.007729362842,0.007909308882,0.3087597147,0.007922707388,0.007665942067,0.4009427633,0.06324841622
C001601,3,0.1876780326,0.1033665705,0.009559287179,0.009305311186,0.01284746301,0.009658072959,0.4176775009,0.2499077616
C001602,1,0.02488311128,0.02604879677,0.02558874795,0.02440551143,0.02546116403,0.02467274166,0.02493373592,0.824006191
C001604,2,0.007997702703,0.575962825,0.008501093592,0.007586814433,0.01112806797,0.008700939108,0.1164005802,0.263721977
C001607,3,0.00954485613,0.766446825,0.009670834398,0.00943122696,0.01140451373,0.009240075155,0.01145598684,0.1728056818
C001608,3,0.002791812593,0.8417672502,0.0027614285,0.002711006962,0.00381601859,0.002702626116,0.003834743255,0.1396151138
C001613,2,0.03499660262,0.01519536745,0.2176073895,0.01211003692,0.01632570356,0.1829276217,0.3089552382,0.2118820401
C001614,3,0.009024439663,0.008975526365,0.8601696529,0.008906855626,0.01025715505,0.008874882294,0.01129467231,0.08249681578
C001615,0,0.001270800683,0.001441587183,0.9401292184,0.001234362352,0.01636670114,0.002878675922,0.0122284683,0.02445018604
C001616,4,0.00727320035,0.3910762952,0.007846434276,0.3440118521,0.007676578537,0.1242944812,0.007414664069,0.1104064943
C001617,1,0.004351126422,0.00507081622,0.004642941418,0.5359396149,0.006232427098,0.09286110383,0.2695452064,0.08135676375
C001618,3,0.006163838394,0.5489035987,0.006275446678,0.1323301418,0.007901862851,0.006081799933,0.007816593958,0.2845267177
C001621,1,0.01143396176,0.007605865865,0.01158634447,0.01137027366,0.4227135222,0.01175519002,0.316773196,0.206761646
C001624,1,0.7436009691,0.01168304274,0.01130096246,0.01075120852,0.01186897333,0.01089227835,0.008822722199,0.1910798433
C001625,1,0.2953910737,0.02337557868,0.02551734643,0.02184728989,0.02331384652,0.02220568666,0.02276103609,0.565588142
C001626,1,0.02143585232,0.02289143907,0.08571265241,0.06736768394,0.02346665983,0.02144134982,0.0251262985,0.7325580641
C001627,3,0.01539777545,0.01556838363,0.01552846113,0.5473167173,0.05769755712,0.08467830751,0.01861058331,0.2452022145
C001631,4,0.02305384342,0.02394774996,0.0246786117,0.02340278363,0.08220335985,0.02340189058,0.1024171182,0.6968946427
C001634,4,0.07928367968,0.00398052366,0.003741195429,0.6902880712,0.06051276348,0.003655434421,0.003987712885,0.1545506192
C001635,3,0.1360794954,0.1559073141,0.01956062551,0.01900258403,0.02172060938,0.01412323308,0.4258550356,0.207751103
C001639,4,0.02227629015,0.01937998862,0.0199290843,0.01899721388,0.5295199285,0.01893122838,0.05824549604,0.3127207701
C001640,1,0.02240834784,0.1084010812,0.02248284824,0.2458708328,0.03072625795,0.1090306193,0.031004488,0.4300755246
C001641,2,0.02258100521,0.02646527339,0.02296760252,0.02184226717,0.0265930043,0.02495915589,0.02653733384,0.8280543577
C001642,4,0.02920944765,0.03086197291,0.03289279059,0.02918552244,0.03669704303,0.03006366432,0.03940475214,0.7716848069
C001644,0,0.002705799121,0.003247336476,0.002735976673,0.001219411977,0.04384869144,0.004307280556,0.003757084122,0.9381784196
C001645,3,0.01873105791,0.3831510755,0.01922691419,0.01894444258,0.02576836958,0.2826763484,0.02591455029,0.2255872416
C001648,2,0.003146421295,0.004126616826,0.002583266051,0.003089664603,0.005473041759,0.8245682366,0.002293895463,0.1547188574
C001650,0,0.009211895362,0.01091382515,0.8678508198,0.009060906215,0.01192016958,0.009699687538,0.01163273625,0.06970996013
C001655,0,0.002558961284,0.002970588019,0.002620760176,0.06709119132,0.55463436,0.002772130917,0.2210933255,0.1462586828
C001656,0,0.009470778864,0.5262496062,0.1838779435,0.009213954292,0.0132705719,0.1711246531,0.01245010248,0.07434238962
C001660,0,0.01171952985,0.01265085478,0.01175790854,0.5922979897,0.01425714578,0.01211709803,0.01350734478,0.3316921285
C001662,4,0.1247463533,0.006242333825,0.006352615036,0.006201251543,0.6568818115,0.08096898611,0.04596828545,0.07263836332
C001664,0,0.004385218396,0.004871608883,0.004514637663,0.004352904885,0.8682287873,0.01869326324,0.005205171301,0.0897484083
C001665,0,0.0155554493,0.01671944416,0.01535075558,0.01466718488,0.02110737007,0.717416429,0.01808034002,0.181103027
C001666,0,0.003219137819,0.003965347113,0.00338023105,0.005314236077,0.00329192742,0.003479481239,0.003273859198,0.9740757801
C001668,3,0.009457263695,0.009150433523,0.009465576565,0.6662043343,0.1991515069,0.009127928141,0.01091842298,0.08652453391
C001670,4,0.01014426496,0.4398040889,0.1419538489,0.03028008742,0.01202613716,0.04653203498,0.01181573632,0.3074438013
C001672,3,0.003438263496,0.003310263175,0.003388264162,0.8271437282,0.004621659984,0.003303436945,0.004641214421,0.1501531697
C001673,2,0.006330140056,0.007352741296,0.5383733068,0.005956050663,0.008044596481,0.006645750953,0.3785532879,0.04874412582
C001674,1,0.003272672887,0.003763487594,0.01086038805,0.6507045125,0.1361110275,0.00325543979,0.06842398472,0.1236084869
C001676,0,0.009472709118,0.009833301384,0.009376379955,0.007306507741,0.01145370608,0.4004225114,0.4787909703,0.07334391407
C001678,0,0.01560433309,0.7509082382,0.01626434245,0.01545849934,0.0201625844,0.01612074507,0.01819900046,0.147282257
C001680,1,0.06124543163,0.3837513207,0.01822740354,0.01692000419,0.01738875082,0.0178177664,0.05199527942,0.4326540433
C001681,1,0.01366310106,0.08371003459,0.01418735613,0.01349537813,0.01550116214,0.01381823438,0.4556066139,0.3900181197
C001682,1,0.02459536687,0.02658181119,0.0259661891,0.036161104,0.03103669812,0.02473883532,0.03069790741,0.800222088
C001686,4,0.001706147626,0.001928885621,0.05193813796,0.00179964187,0.8470942589,0.001811000451,0.01726470389,0.07645722364
C001692,0,0.007995732332,0.00900610434,0.00820842317,0.007826103455,0.01108766907,0.8965731571,0.009559114582,0.04974369593
C001695,2,0.008163198561,0.01029590154,0.01119184598,0.03170598499,0.06228159797,0.01050229088,0.03679618519,0.8290629949
C001697,3,0.002915139517,0.002947751916,0.004637621092,0.004968542241,0.003495679507,0.004341348087,0.003510159184,0.9731837585
C001699,3,0.005245346426,0.005969716485,0.03329747225,0.02895431002,0.04854511517,0.02756232532,0.08637694414,0.7640487702
C001700,1,0.02233946726,0.02433283537,0.05028402688,0.02243419228,0.0251317091,0.02254154308,0.02605338193,0.8068828441
C001703,4,0.002971694685,0.003170058502,0.8847458129,0.003117947103,0.003544213968,0.003097176204,0.003671800075,0.09568129655
C001704,2,0.01214379862,0.03660355854,0.01299233854,0.6340771279,0.1531582018,0.01385543025,0.007045154176,0.1301243902
C001705,0,0.2104698787,0.01189990132,0.01055839476,0.1104530307,0.01392041018,0.01094233215,0.4069951174,0.2247609348
C001706,4,0.5895691838,0.01318022649,0.2539678573,0.01265702631,0.0131211475,0.01298133097,0.01400934122,0.09051388649
C001707,3,0.001664353098,0.757363899,0.001677993179,0.001641603357,0.217030156,0.001626913602,0.00194165628,0.01705342541
C001708,0,0.01418081232,0.01627877745,0.05018724058,0.4400384329,0.01842539047,0.1037181156,0.01703650939,0.3401347212
C001710,2,0.01550830458,0.02003928614,0.4089925638,0.01461596,0.02043422786,0.01748413428,0.02031216427,0.4826133591
C001712,3,0.002882839549,0.003013443258,0.6135497852,0.3294583098,0.006072507852,0.003020990212,0.0038971508,0.03810497327
C001713,1,0.01754268386,0.003443253796,0.01765872487,0.003088184428,0.05480898608,0.003250081768,0.005869724952,0.8943383602
C001715,1,0.09784820274,0.6568160818,0.003266171938,0.003204876836,0.05645818835,0.1403436395,0.003896945756,0.03816589309
C001717,2,0.7389535362,0.008627410827,0.007329021063,0.006791144019,0.009732330803,0.008191594152,0.009669536818,0.2107054261
C001718,1,0.005427282869,0.07407940574,0.01527778645,0.6432438979,0.1035110261,0.00555792243,0.006298424159,0.1466042543
C001719,0,0.008916524918,0.8245556421,0.00926241372,0.008834360448,0.01164208881,0.009224799108,0.01068661984,0.116877551
C001720,0,0.005721578478,0.005115187874,0.005870299935,0.005590660549,0.08104632916,0.006333548639,0.007539188166,0.8827832072
C001721,1,0.003496567108,0.003619992011,0.003555676246,0.003398172494,0.003507675685,0.003459459125,0.9378222946,0.04114016277
C001723,3,0.01450313852,0.01419453453,0.01462750726,0.0143651703,0.01405531001,0.0142497806,0.7786623921,0.1353421667
C001724,0,0.006817972576,0.8202736412,0.006839046375,0.006612459591,0.008864246967,0.006957501177,0.00871822258,0.1349169096
C001732,1,0.006401005854,0.02209158401,0.01530341058,0.006175072309,0.02035998937,0.006443081785,0.008392515415,0.9148333407
C001734,3,0.4199924471,0.0141362168,0.01382764461,0.0138166104,0.01740511308,0.0139260219,0.01762673678,0.4892692093
C001735,3,0.1220262541,0.2931084138,0.006625519523,0.009985243425,0.1625926071,0.006562526119,0.3055195473,0.0935798886
C001736,3,0.02894663981,0.02891673161,0.0294440066,0.02869865693,0.2167191283,0.03496296397,0.02755069729,0.6047611755
C001737,3,0.2262301456,0.5524402525,0.1181056158,0.02596942089,0.007935463334,0.006414423604,0.008025139172,0.05487953906
C001740,4,0.8003007721,0.01422907924,0.01486159082,0.01404965973,0.01888493865,0.01404909153,0.0171359991,0.1064888689
C001742,0,0.01539590613,0.06216060414,0.01572548695,0.0600817518,0.01768203547,0.6977217865,0.01701251939,0.1142199097
C001744,0,0.006049571163,0.002912840785,0.1949858581,0.005877871765,0.008129516878,0.5223264805,0.09919032224,0.1605275386
C001749,0,0.4345083796,0.005954801354,0.003338564688,0.1521658184,0.009153911242,0.005879852926,0.3099590429,0.07903962893
C001751,4,0.00514743601,0.005576622483,0.02103742967,0.005341152701,0.01163653243,0.005354804639,0.06069700514,0.8852090169
C001753,4,0.0138792842,0.01478675197,0.0238818746,0.01455716071,0.01536271678,0.7063617873,0.01592625615,0.1952441682
C001755,4,0.01942520124,0.02045580614,0.02087768614,0.01986420063,0.02207490096,0.02020229084,0.68053493,0.1965649841
C001757,2,0.7330989352,0.00250648132,0.002468645716,0.002328026309,0.04423065022,0.00251044929,0.179853436,0.033003376
C001758,0,0.7367966727,0.01948267515,0.01741404437,0.01731590204,0.02122645778,0.03278172058,0.02071896894,0.1342635585
C001760,1,0.02518247758,0.02682089211,0.02622515081,0.02501124428,0.02677792113,0.02544702646,0.03017419412,0.8143610935
C001762,3,0.03043245707,0.003225858677,0.02573745278,0.0031357487,0.004175048903,0.002322736981,0.004180876012,0.9267898209
C001765,0,0.03012739647,0.0645818098,0.02455770845,0.03319783321,0.1346373242,0.05285171632,0.03531847087,0.6247277407
C001766,3,0.003503154518,0.02363586347,0.00372205784,0.003434931659,0.004869322737,0.05322681008,0.004798687307,0.9028091724
C001768,2,0.02383715017,0.02793501668,0.02473898348,0.02327958079,0.1591764244,0.02596827104,0.0571495179,0.6579150555
C001772,2,0.09325295463,0.006152584965,0.005660117732,0.005916422934,0.815570822,0.005924246778,0.007603273505,0.05991957749
C001773,3,0.5940784601,0.02140606631,0.02176419888,0.02112654219,0.02472535556,0.02121645298,0.0245009583,0.2711819656
C001778,0,0.02030516761,0.03826660605,0.1879641817,0.02299342691,0.02867801147,0.4206943454,0.02759796315,0.2535002977
C001779,2,0.003441456309,0.7145467711,0.003702697678,0.06604531246,0.005209596881,0.1349661881,0.005192265206,0.06689571224
C001785,0,0.01505047063,0.01632089934,0.01557419364,0.01492720561,0.6857229582,0.01560137519,0.1038680328,0.1329348646
C001787,2,0.07510318302,0.01169777288,0.004623566274,0.01643044554,0.006509955779,0.8076770946,0.006404630858,0.07155335103
C001788,0,0.8361667282,0.0127918263,0.003358921839,0.003242038831,0.004102990828,0.003561147635,0.003892783889,0.1328835625
C001789,2,0.8966658496,0.003706964722,0.003122742374,0.002890744301,0.003821933495,0.003472691924,0.003760590608,0.08255848297
C001791,3,0.004974047196,0.004929543536,0.005145483396,0.9037705004,0.005841391133,0.004946877537,0.006396739156,0.06399541765
C001792,1,0.01607757638,0.01719929409,0.01663522088,0.01571549089,0.01871665236,0.7270121271,0.02370622783,0.1649374104
C001793,2,0.2098792233,0.01812810529,0.01491314186,0.01374325322,0.083640088,0.3201239173,0.01943181463,0.3201404564
C001794,2,0.1000488845,0.008619885046,0.08198715202,0.0680053511,0.004771045116,0.4808233021,0.1939917368,0.0617526434
C001795,2,0.009040031921,0.01039999421,0.0175358338,0.007306007339,0.01160895694,0.0100928474,0.8463525991,0.08766372924
C001797,1,0.01254850507,0.01324365903,0.01120318414,0.3370498594,0.0176263505,0.03865933467,0.01830371926,0.5513653879
C001799,2,0.003323530939,0.004189611091,0.003450219692,0.02793059068,0.007259768036,0.06716075428,0.7189223148,0.1677632105
C001801,3,0.009722059955,0.009879104255,0.01474606586,0.01003557577,0.1232836426,0.03867087732,0.01298359759,0.7806790767
C001802,0,0.003248041825,0.003628296095,0.001689984663,0.003318640185,0.0120760304,0.003354871999,0.01164490351,0.9610392313
C001806,4,0.003848202737,0.004067922132,0.003598145752,0.003896762389,0.9313192902,0.004036607374,0.003872614836,0.04536045461
C001809,3,0.3876039143,0.2451456818,0.01228234306,0.0668674383,0.009750375484,0.1728700146,0.009647879485,0.09583235294
C001810,3,0.00916774938,0.05133406523,0.009549369475,0.03175616472,0.253658706,0.06831353162,0.04574193867,0.5304784749
C001813,1,0.009243630231,0.009718016844,0.3821340496,0.009333050623,0.009315238802,0.1754174893,0.3297754978,0.07506302683
C001815,0,0.002877924315,0.8970198833,0.002963067242,0.002803999451,0.003619847862,0.002998146981,0.003392730462,0.08432440042
C001817,3,0.009893522493,0.00511246125,0.005226654497,0.005130177265,0.6836149369,0.006688534594,0.237414134,0.04691957901
C001818,4,0.003752380759,0.1757430423,0.6187995462,0.003942208952,0.004259831767,0.003884183861,0.1492545798,0.04036422645
C001820,3,0.01315913539,0.01249376281,0.8241809054,0.01318724407,0.01370997749,0.012328478,0.0136479618,0.09729253508
C001824,2,0.2401222564,0.008531486295,0.5372354163,0.006225333422,0.009484373621,0.00763005224,0.009340095785,0.1814309859
C001826,3,0.01305635818,0.01283443047,0.01320497812,0.01315065632,0.01604132913,0.01287887787,0.7904800728,0.1283532971
C001827,0,0.01080810646,0.8269015719,0.01110033102,0.01052334086,0.01499651254,0.01165897274,0.01276339568,0.1012477688
C001832,4,0.2449296137,0.01184119832,0.1260630611,0.01110300698,0.04386354961,0.01144244247,0.3111039799,0.2396531479
C001834,1,0.01674624932,0.01184755603,0.01131505558,0.8214907952,0.01197060759,0.0110371869,0.01185836481,0.1037341846
C001838,2,0.008145886587,0.7207033259,0.008596404464,0.007820779173,0.1130709045,0.00869519978,0.05221903492,0.08074846465
C001840,2,0.0129650364,0.02665083646,0.004049211197,0.002746816908,0.002777363648,0.005971696729,0.005870578987,0.9389684597
C001841,0,0.001910671367,0.002231537854,0.002021562797,0.001867567274,0.915565825,0.002077847189,0.002380327329,0.07194466123
C001843,4,0.005103901535,0.005499931031,0.00531181225,0.02964863337,0.01473823661,0.03733456675,0.8370218703,0.06534104815
C001844,0,0.1086014847,0.2204228774,0.01001318867,0.3358763283,0.01403578423,0.009886761068,0.2206244556,0.08053912001
C001846,3,0.009709241485,0.009595611785,0.4012866797,0.009704492683,0.01164158157,0.3069098956,0.01152367943,0.2396288178
C001848,4,0.09209040401,0.01450814871,0.002722178801,0.002617203835,0.8633524855,0.002777903117,0.002576425508,0.01935525056
C001849,1,0.024159362,0.0254814144,0.02533133155,0.02399383873,0.02666797633,0.0244594314,0.02584159943,0.8240650462
C001850,2,0.5030589465,0.01166214829,0.01049510087,0.009493454358,0.01343501123,0.3268329401,0.01350218018,0.1115202185
C001851,1,0.521826213,0.01044013812,0.009560622453,0.009162123679,0.0125132409,0.009385012973,0.3591335078,0.06797914111
C001854,0,0.003229544023,0.7109470572,0.003207209896,0.003083223663,0.008007866778,0.00369823076,0.004132108014,0.2636947597
C001855,0,0.009482186984,0.05127605232,0.08138059483,0.0376202921,0.04264501608,0.06751226863,0.468109263,0.2419743261
C001856,4,0.6466007982,0.009071140969,0.008795933258,0.006872998848,0.009213290106,0.008716862819,0.008999050478,0.3017299253
C001857,4,0.00174603736,0.0136670758,0.001789399762,0.01385348402,0.05269661745,0.001811943369,0.8862174675,0.02821797469
C001859,2,0.2751570266,0.0209670451,0.07753836554,0.0167005971,0.3212180707,0.02239945382,0.02485737784,0.2411620633
C001860,1,0.01360110299,0.0147582151,0.01405648883,0.01357086966,0.7756785387,0.01388126336,0.01404073172,0.1404127897
C001863,1,0.01353112319,0.05720063761,0.01334827984,0.4114922957,0.01457393657,0.01858615113,0.01455893122,0.4567086447
C001864,2,0.01643660358,0.01372773203,0.2566815944,0.01651469728,0.07085426122,0.02080019496,0.02427208691,0.5807128296
C001866,0,0.200662988,0.02511686627,0.02544975781,0.02433674008,0.02922960324,0.02567456993,0.02859816649,0.6409313081
C001867,3,0.02187781509,0.003784758209,0.003735894896,0.006527898918,0.004697778034,0.01700330346,0.002079642092,0.9402929093
C001871,4,0.02055674072,0.02194332681,0.02190609975,0.02096250694,0.03019675006,0.02134665858,0.03114961381,0.8319383033
C001873,2,0.1066332478,0.03059722148,0.02813134566,0.02570959203,0.0345940015,0.02940775669,0.03403232333,0.7108945115
C001875,1,0.004172314736,0.004471300962,0.7153590554,0.004085446272,0.185657765,0.004170209957,0.004594822669,0.07748908499
C001879,1,0.06498622379,0.1320093827,0.5270235952,0.1082730057,0.01160185844,0.01077832695,0.02135405089,0.1239735563
C001880,1,0.002513561502,0.00301180866,0.002581944987,0.001259237119,0.02173758145,0.01774848073,0.01456346296,0.9365839226
C001881,3,0.003391953434,0.003394631523,0.1911066737,0.003335083704,0.004323557054,0.003374276247,0.7308746653,0.06019915902
C001884,1,0.008492668599,0.009358404632,0.5459280295,0.3209220928,0.009664632361,0.0085110444,0.009989530019,0.0871335977
C001886,4,0.009230022402,0.823744479,0.009655419066,0.009530664359,0.03754326393,0.00940363988,0.009919361596,0.09097314977
C001891,1,0.005028482421,0.5379259051,0.09448250177,0.2105790869,0.005424258125,0.006780924507,0.005217669443,0.1345611717
C001893,1,0.01234331294,0.01295402958,0.01264829248,0.8009050588,0.01255725814,0.01253992614,0.01211257077,0.1239395511
C001894,4,0.7468548044,0.01877943697,0.01875321175,0.009116332646,0.01895433225,0.01905542078,0.02242453407,0.1460619272
C001896,0,0.324343027,0.4607635142,0.008612837078,0.007055929998,0.00934850007,0.03674304305,0.05351946764,0.09961368091
C001897,4,0.0368982386,0.1118991488,0.07203399268,0.03781384711,0.03966991257,0.03816091951,0.09754370563,0.5659802351
C001898,0,0.00728301623,0.4650824647,0.006036461986,0.005680403246,0.08838671164,0.00599047247,0.3660200957,0.05552037404
C001900,2,0.001315162775,0.9015105544,0.01663854704,0.001263322305,0.04454698823,0.001577146507,0.001700932425,0.03144734631
C001903,2,0.02094851301,0.5987100261,0.004132377373,0.289129882,0.004996980576,0.004477810117,0.005043889315,0.07256052155
C001904,2,0.4258094454,0.01061179098,0.2640305878,0.008383816561,0.01183393647,0.06156789037,0.02135553931,0.1964069931
C001909,2,0.005942559417,0.006242554621,0.8040539971,0.005793623435,0.007165472013,0.006133130227,0.00706274482,0.1576059184
C001911,3,0.8288093782,0.09918797906,0.003853085109,0.003909645871,0.004114404392,0.003767564655,0.03510167908,0.02125626366
C001914,4,0.01760985157,0.01848072485,0.4321040861,0.1153932839,0.01882512757,0.01809806912,0.1909856182,0.1885032386
C001921,4,0.003123589355,0.003473043668,0.003230551348,0.01150088833,0.003661624088,0.003284417244,0.005734917075,0.9659909689
C001922,0,0.004227431113,0.004922763795,0.1093278836,0.8069534145,0.03482664282,0.004517682295,0.005428740325,0.02979544159
C001923,2,0.01305607841,0.01525420881,0.01329780533,0.01225575444,0.3516089514,0.01429563519,0.4061535739,0.1740779925
C001928,0,0.0233132177,0.02558294088,0.02367584258,0.02364391197,0.02841342846,0.02413167763,0.02778068557,0.8234582952
C001929,3,0.01443579615,0.01320168918,0.01425231876,0.01403844473,0.3230461322,0.01315326595,0.2347776453,0.3730947078
C001930,0,0.01761042213,0.08388331028,0.674645253,0.0187873367,0.02695482417,0.02055815841,0.02585162451,0.1317090708
C001931,0,0.0209078035,0.02276031295,0.07003266565,0.02038594548,0.02516510808,0.02164788628,0.1142595668,0.7048407113
C001932,3,0.112062704,0.01186617151,0.01217862995,0.0228170104,0.01341199463,0.5010173402,0.01342224916,0.3132239002
C001933,4,0.004675073754,0.04294101989,0.004947156149,0.0629747307,0.005149814845,0.5168727314,0.1488746706,0.2135648026
C001934,0,0.005364009551,0.01953251227,0.002097650349,0.003593506752,0.004177846034,0.003959883155,0.004329994628,0.9569445973
C001935,3,0.005222247054,0.005289279938,0.00526921153,0.005236806352,0.1658061596,0.005192398701,0.7689789123,0.03900498452
C001937,4,0.005521039725,0.005824761964,0.7027299127,0.005652869481,0.2234993502,0.005729965108,0.005818747806,0.04522335306
C001939,2,0.02225495192,0.0257206597,0.02321464468,0.02143897193,0.02966798125,0.02495397278,0.0292678001,0.8234810176
C001940,3,0.006911542512,0.006912792859,0.006994983071,0.4347901175,0.009239688932,0.006931411833,0.4148175613,0.113401902
C001942,0,0.006255774734,0.5086585213,0.1604405826,0.00609817635,0.2165539663,0.006642388843,0.007695709784,0.08765488007
C001943,2,0.002542692619,0.3197633582,0.4338244909,0.002476987929,0.003192273741,0.002953151071,0.003167009362,0.2320800362
C001947,4,0.03159682591,0.03223023413,0.1902103936,0.03088056915,0.2043657912,0.03225684183,0.03357725791,0.4448820862
C001948,4,0.006284392879,0.1844961922,0.2078514332,0.006571346708,0.01429798102,0.006570131347,0.1149081476,0.459020375
C001949,4,0.1673359858,0.1283419048,0.5570506897,0.03810760623,0.009507534241,0.009602901712,0.009178298154,0.08087507932
C001950,3,0.009465326527,0.06297956182,0.04972206533,0.009361821069,0.01193876784,0.5629570002,0.0118826836,0.2816927737
C001951,3,0.0121061383,0.1425170411,0.05247213372,0.01207635645,0.6506188891,0.01170620583,0.0137511459,0.1047520896
C001952,4,0.006210223606,0.006799850817,0.006780331726,0.176347888,0.007474688496,0.1322243315,0.00764541825,0.6565172676
C001953,2,0.02185987691,0.1905841253,0.01688322922,0.0152712468,0.02221638001,0.01835689419,0.02222787327,0.6926003743
C001955,2,0.02180971602,0.009794823426,0.00795526238,0.007322048873,0.6128306371,0.1352407629,0.01206191535,0.1929848339
C001956,2,0.01641077337,0.029597435,0.1023907161,0.1088181698,0.01737566753,0.01881193161,0.01292961813,0.6936656885
C001958,3,0.1584915182,0.06261441036,0.00601906922,0.008713611184,0.4332197438,0.1859162896,0.01124285211,0.1337825056
C001960,3,0.01499375495,0.01493602312,0.2128439256,0.60242907,0.01811743668,0.01497558577,0.01835206517,0.1033521387
C001962,0,0.002458117919,0.004326946466,0.01129317891,0.0035599894,0.004647920549,0.0039620268,0.004427421813,0.9653243981
C001964,3,0.01403502076,0.01388818365,0.01390438119,0.0139201685,0.01659305293,0.0135537925,0.781581369,0.1325240315
C001965,1,0.7667583234,0.004741391111,0.004439646249,0.1157663632,0.004923275432,0.004531549312,0.004862723158,0.09397672815
C001966,4,0.006448598723,0.007242389127,0.00684793261,0.006466183641,0.7133880387,0.006870353857,0.008143539099,0.2445929643
C001968,4,0.009176127626,0.01007350569,0.02585554872,0.01582678201,0.03057330557,0.009720352788,0.1192063609,0.7795680167
C001970,1,0.01031410993,0.01299531223,0.01153119002,0.03726922888,0.1337858806,0.01466764864,0.4723512173,0.3070854124
C001973,2,0.01188694429,0.01446742197,0.01218694179,0.8193722471,0.0151582704,0.01310461581,0.01520426546,0.09861929313
C001974,2,0.01487727908,0.01783202755,0.01545824909,0.07341840916,0.01969283524,0.5547700816,0.01922990117,0.2847212171
C001975,0,0.00316021961,0.02824684408,0.005153186295,0.02297873117,0.003884167361,0.005599740381,0.002941741653,0.9280353694
C001978,0,0.004053844398,0.004642566598,0.8745399161,0.003883676226,0.005570411727,0.07486434373,0.004925431451,0.02751980978
C001983,2,0.002789105931,0.003223298713,0.002912804251,0.002741308797,0.6580914624,0.2885082236,0.003383480136,0.03835031615
C001984,0,0.01255329084,0.7590667012,0.01292942396,0.01243776657,0.01851238904,0.01291750657,0.0152542544,0.1563286675
C001987,2,0.0019446943,0.007771028777,0.006588155937,0.3914711073,0.007727593658,0.006721886507,0.002313124557,0.575462409
C001993,1,0.002901115345,0.003185110977,0.002826099869,0.0257578606,0.00552281491,0.002876755324,0.003824843058,0.9531053999
C001994,3,0.003814340528,0.003722213486,0.003882953202,0.9107415122,0.004031189602,0.003729671285,0.004011758426,0.06606636127
C001995,0,0.02744932872,0.0474384841,0.02181888006,0.007713208187,0.7369244146,0.005077054021,0.03248596852,0.1210926618
C001996,4,0.02721097045,0.001426941513,0.2889857245,0.001384739459,0.001740203819,0.001363832379,0.6514312582,0.02645632964
C001997,2,0.07733526045,0.009510243923,0.007243023585,0.007366912289,0.6191852108,0.009195133918,0.02067538133,0.2494888337
C002000,1,0.7598797446,0.005614672548,0.005170958591,0.005056244336,0.005561815448,0.00522762501,0.005375136923,0.2081138025
C002002,4,0.01207499639,0.003220686358,0.005226005249,0.05865679264,0.007985009631,0.004733714528,0.004804070533,0.9032987247
C002003,1,0.02864462239,0.03118877465,0.02985938354,0.02819142134,0.02896531408,0.02879263185,0.02570078959,0.7986570626
C002004,3,0.002646753749,0.002674787313,0.0484239907,0.03750446158,0.8670267712,0.002675363633,0.003233757442,0.03581411437
C002005,1,0.003126814652,0.003728125637,0.04239137571,0.003069570443,0.01816762669,0.8322309896,0.03022762923,0.06705786808
C002008,1,0.006841363647,0.06543078349,0.2445288132,0.006523819467,0.5714323446,0.006687332536,0.02156778752,0.07698775563
C002010,0,0.003194201396,0.003687979567,0.5782336733,0.00308459205,0.1915715087,0.1541129093,0.003799461631,0.06231567408
C002012,4,0.02230317877,0.02432004282,0.01567382933,0.02256664591,0.02471289056,0.02373832299,0.02421811434,0.8424669753
C002013,4,0.4916511793,0.01452391042,0.08245887978,0.01446285473,0.03597584266,0.2079105627,0.01429203626,0.1387247341
C002014,3,0.009169320933,0.3392500608,0.497252226,0.01362098951,0.01074005823,0.03616577569,0.01067712435,0.08312444446
C002015,1,0.54717939,0.003825692974,0.1498283176,0.003470187655,0.04152510843,0.003548694534,0.2076108197,0.04301178913
C002020,2,0.01595638646,0.3930947601,0.016870042,0.03531375664,0.07294472029,0.01965655269,0.03539610551,0.4107676763
C002021,1,0.5120742506,0.009884063929,0.008576783494,0.1745747907,0.01098124095,0.008450888286,0.05046604503,0.2249919369
C002022,4,0.2029304007,0.01435566764,0.01402575326,0.01383677827,0.06308616819,0.01445637928,0.2716297861,0.4056790666
C002024,4,0.005352958941,0.04527840257,0.005751694997,0.3988178674,0.3324713826,0.1326976616,0.006736667986,0.07289336384
C002025,0,0.0018551127,0.4543521044,0.001928492071,0.02070975603,0.009329830507,0.4675910782,0.002148956896,0.0420846692
C002026,4,0.005253205713,0.005637554069,0.01269622311,0.006044013464,0.005872078418,0.002288401812,0.04444392452,0.9177645989
C002028,2,0.01027348903,0.0882115457,0.05101607287,0.02574751565,0.3494426543,0.04140074987,0.01469379329,0.4192141793
C002031,4,0.004192298023,0.006823929387,0.006801246897,0.02404673873,0.007733793932,0.006633697963,0.5646445167,0.3791237783
C002033,4,0.002115362753,0.2126564114,0.7462575751,0.002179167711,0.002314740206,0.002200387109,0.002164271733,0.03011208395
C002037,3,0.01241786384,0.3322362874,0.01255731678,0.020146473,0.4910999608,0.01225805029,0.01457730488,0.104706743
C002039,0,0.004092868004,0.004449680365,0.004124954935,0.003942978725,0.9231102593,0.00417205559,0.004947558391,0.05115964472
C002040,4,0.01043011985,0.1110481946,0.003187651172,0.003204704564,0.7535628501,0.003214055365,0.003611782671,0.1117406417
C002041,1,0.3638906594,0.002044726653,0.001847127352,0.532427222,0.0500949591,0.001884803531,0.01678240663,0.03102809533
C002042,1,0.01197918631,0.01289700306,0.2107610185,0.01206124583,0.01289554635,0.6340080014,0.01295269095,0.09244530764
C002044,4,0.00304440904,0.003450441813,0.003217041761,0.8871827993,0.003465452488,0.003165633047,0.0039655078,0.09250871479
C002045,2,0.01225645838,0.01430094598,0.0126477636,0.7948962975,0.01590451781,0.01375949304,0.0160298882,0.1202046355
C002046,1,0.0295652034,0.03514065732,0.03224128355,0.02947112689,0.0347505157,0.03009890027,0.03309617724,0.7756361356
C002049,1,0.008242992788,0.5192866347,0.008549249031,0.00823661188,0.00874558419,0.008500155136,0.364427222,0.07401155028
C002050,2,0.3123045295,0.02815744705,0.02312093361,0.02192667327,0.03131208144,0.02617660688,0.03111306096,0.5258886672
C002051,2,0.02609251326,0.04644061696,0.117130112,0.02551097491,0.114999402,0.03302273042,0.07350325078,0.5633003997
C002053,4,0.007145555327,0.007947388617,0.007609025456,0.007829712854,0.1539519271,0.03917949538,0.1597863211,0.6165505742
C002056,3,0.005909973343,0.005749913056,0.005779430126,0.005720290839,0.9030929961,0.005713562302,0.006154727198,0.06187910703
C002057,4,0.004698363137,0.004911070578,0.01796947644,0.006433238797,0.917780799,0.00485164102,0.005195688374,0.03815972266
C002061,0,0.002549198812,0.002673949601,0.04509992773,0.002514800285,0.2314611045,0.6966804616,0.002919962528,0.01610059501
C002064,4,0.5943548465,0.008701765612,0.008248567998,0.01303034065,0.01293987603,0.0082841714,0.2414901322,0.1129502997
C002067,3,0.7479132549,0.00537534212,0.09228505153,0.01157189803,0.00938912724,0.00532237951,0.009214325312,0.1189286214
C002068,1,0.004522258377,0.00419464455,0.004601902212,0.004462048641,0.006584080017,0.01224543418,0.003980325839,0.9594093062
C002069,2,0.8806732378,0.003918742007,0.03380433254,0.003265432486,0.004598876994,0.03564504493,0.004470068096,0.03362426518
C002072,3,0.1969068482,0.7168060232,0.005140312151,0.005016507345,0.006226618239,0.005023677548,0.006171245393,0.05870876794
C002074,2,0.01613255294,0.01993697569,0.03640769522,0.2940220141,0.3022148172,0.01847637655,0.02296099654,0.2898485718
C002075,1,0.0138589158,0.01475785672,0.0145177249,0.01385318757,0.1210232837,0.04869809941,0.6021959005,0.1710950314
C002076,1,0.005447094377,0.01682188599,0.008841267863,0.001104813151,0.00140411475,0.001142005256,0.938218223,0.02702059563
C002078,1,0.2412750667,0.006817325642,0.5909325644,0.003140638199,0.0102256,0.006211323441,0.04383945044,0.09755803117
C002079,4,0.003558433737,0.01498124848,0.1262896914,0.003692468822,0.003219973638,0.006057287713,0.7867533116,0.05544758462
C002081,4,0.001683137379,0.001767613343,0.8890715873,0.001710728584,0.08669712038,0.001745620799,0.003262336775,0.01406185547
C002082,2,0.02064534187,0.02393348276,0.04580534032,0.01956416747,0.02514041604,0.02251290307,0.02498926758,0.8174090809
C002084,0,0.02494080555,0.006168491934,0.006534404263,0.455206127,0.3106954089,0.154547294,0.006849557263,0.03505791112
C002085,1,0.0248526251,0.01036660569,0.02592677065,0.03551239354,0.02789120582,0.02568281457,0.07209303657,0.777674548
C002086,2,0.06338579935,0.8356213704,0.04001893666,0.002488135028,0.003711292764,0.003005245857,0.003726430024,0.04804278987
C002088,4,0.3760396618,0.01554160293,0.0226385321,0.07085371382,0.05153502264,0.01500343685,0.2172243741,0.2311636557
C002089,0,0.003685006821,0.00405549835,0.003752065532,0.003570612776,0.8270074621,0.00376753395,0.004317778245,0.1498440422
C002091,1,0.001606846468,0.8105695251,0.04125286893,0.03685519876,0.09436673959,0.001671850271,0.002140143832,0.01153682709
C002094,2,0.009499973562,0.01086751303,0.009891217925,0.2635498895,0.3222969097,0.01041081542,0.2275122341,0.1459714468
C002095,2,0.02817281091,0.03116963735,0.02900750087,0.02748761077,0.03267126028,0.01864512186,0.03236616601,0.800479892
C002097,1,0.02218230323,0.02346922384,0.02297517297,0.02239633169,0.6723718941,0.02278720456,0.02441864642,0.1893992232
C002098,2,0.003438935926,0.004087385177,0.003624227599,0.003341605342,0.002875066129,0.9437677552,0.002961558018,0.03590346657
C002100,1,0.00415103789,0.00454059586,0.004154297711,0.8740641417,0.004893747846,0.01272364908,0.005169712449,0.09030281748
C002101,2,0.01176131708,0.01464456529,0.02941073537,0.2048188624,0.3730458582,0.01386121751,0.01722707219,0.335230372
C002103,3,0.003502334867,0.003534865976,0.03730928111,0.003508194785,0.04668124382,0.003484843921,0.8778642644,0.0241149711
C002104,3,0.03296141959,0.03334822744,0.03307066583,0.03316109143,0.1487249711,0.03270559279,0.03806333489,0.6479646969
C002108,1,0.007865526096,0.1426931207,0.7347205584,0.00773605247,0.008542281509,0.007974902796,0.008215659408,0.0822518986
C002111,0,0.0113928148,0.01339684755,0.01205832895,0.02247319946,0.07753183473,0.01981992506,0.03992011643,0.803406933
C002113,4,0.01029638501,0.01355969775,0.6153667936,0.01150201828,0.07004501785,0.01177014112,0.178627132,0.08883281438
C002115,4,0.02590674057,0.02735015092,0.02819589308,0.02625656628,0.0294525676,0.02691401425,0.03273021627,0.803193851
C002116,3,0.3151972397,0.005939224907,0.5268372919,0.01482291277,0.005182259491,0.03280956433,0.006445891134,0.09276561571
C002117,4,0.4594520021,0.02241891372,0.01170642119,0.008586311068,0.009376590955,0.3614451686,0.009184793894,0.1178297984
C002118,4,0.01718972209,0.01777687725,0.01761320664,0.01739233508,0.7621972518,0.01764696301,0.01819342397,0.1319902201
C002119,1,0.04861386007,0.006196810683,0.7130858582,0.1187084433,0.006641411746,0.005769451775,0.006232747851,0.09475141645
C002121,4,0.5776606228,0.005410760289,0.005563884093,0.2820721128,0.005690946049,0.07149107578,0.005710893503,0.04639970471
C002122,0,0.8180554853,0.01038872984,0.03550302159,0.03278067746,0.01199582343,0.01070901533,0.02001460868,0.06055263838
C002124,1,0.0259730341,0.02821050476,0.02759089514,0.02604630592,0.01205190901,0.04179525072,0.01183223875,0.8264998616
C002126,3,0.3135145738,0.005157608511,0.005252335515,0.5146934301,0.1065332909,0.005094164396,0.006021515866,0.04373308091
C002127,3,0.007771312037,0.003072840264,0.003157935818,0.9462270182,0.003622281312,0.003044742828,0.003976852104,0.02912701747
C002128,3,0.03027472686,0.02997424734,0.03049833876,0.02906581804,0.03033772391,0.02980472385,0.03087117716,0.7891732441
C002129,2,0.009982324637,0.01231447667,0.01036640446,0.009830541076,0.5840826806,0.01353339201,0.01630704727,0.3435831333
C002134,2,0.001189601986,0.00272670538,0.002154737896,0.004620591469,0.003007516236,0.8988150359,0.002976716901,0.08450909424
C002136,1,0.01188170971,0.01252339757,0.01221247217,0.01190109408,0.01221805522,0.5681371678,0.2448577566,0.1262683469
C002138,4,0.6305749048,0.006874550771,0.007010047117,0.006857975057,0.005624791597,0.2874333609,0.007911600508,0.0477127692
C002139,3,0.01716425362,0.01668522577,0.01673631573,0.01679536154,0.02203297885,0.3612752106,0.265349509,0.2839611449
C002142,3,0.00712338147,0.1269445455,0.007154804685,0.766249135,0.008688354384,0.006997762782,0.008777752854,0.06806426337
C002144,2,0.002730655193,0.00293672346,0.002867227587,0.8985924082,0.002992481608,0.002828360729,0.002934985797,0.08411715744
C002146,0,0.02825098303,0.03246876524,0.03588688288,0.02779532267,0.03783831229,0.08281569351,0.03711528751,0.7178287529
C002147,1,0.04077801337,0.01375512831,0.3324371111,0.05137363758,0.4182078875,0.01319170697,0.01319518821,0.1170613269
C002148,4,0.01073203306,0.0114289619,0.01145144942,0.01107108602,0.3056289423,0.4668546045,0.01158718781,0.1712457349
C002149,0,0.01186196763,0.2751535865,0.01226155962,0.5295315666,0.01416293402,0.01230238617,0.01376704362,0.1309589558
C002150,2,0.1296767513,0.02702437874,0.02401041205,0.02301740556,0.02902213331,0.02496891516,0.02909645812,0.7131835457
C002151,0,0.003457308134,0.003703049094,0.003506508453,0.003309882574,0.9337115453,0.01180263239,0.004181982425,0.03632709162
C002153,3,0.01264451252,0.01155193502,0.01148426649,0.01133543775,0.01399690089,0.5512712971,0.01476256153,0.3729530887
C002154,3,0.01033159541,0.7389623133,0.01049423139,0.01033400524,0.005221065169,0.03558152047,0.05947652445,0.1295987446
C002157,0,0.02908340166,0.0321827709,0.07634121076,0.02817768504,0.03469113703,0.03002119167,0.4802502606,0.2892523423
C002158,1,0.02458517038,0.02589922598,0.02572628006,0.02441601449,0.02661502397,0.02457259992,0.02819113101,0.8199945542
C002160,0,0.00638175766,0.07516540284,0.7316829819,0.05421942697,0.008950427358,0.07127782944,0.00766545134,0.04465672247
C002162,2,0.2982113996,0.02018106046,0.5792409141,0.006590415125,0.009344654235,0.007844294569,0.009186551532,0.06940071032
C002163,2,0.02021540814,0.2523202802,0.02100975666,0.02234382866,0.0310505297,0.02277281892,0.03101979241,0.5992675853
C002165,2,0.3597408643,0.00859458027,0.01074419912,0.009701467965,0.01417062626,0.4589850636,0.01378646241,0.124276736
C002166,1,0.00535164644,0.5187009848,0.005459765211,0.005172512738,0.005331150199,0.005373464806,0.296507529,0.1581029468
C002167,1,0.06989777827,0.02181635747,0.03660374709,0.01837897555,0.08468758385,0.06369440575,0.02700878902,0.677912363
C002168,2,0.005158634609,0.008207141448,0.00531687399,0.04816678694,0.002791259198,0.01059831053,0.03531141187,0.8844495814
C002172,4,0.004884963574,0.007855174655,0.007690729189,0.04891603109,0.7905660938,0.007586432076,0.007747901779,0.1247526738
C002173,4,0.4780541057,0.01330388649,0.01339634033,0.01326127087,0.3116863636,0.01333623382,0.0135748794,0.1433869198
C002174,2,0.002124267207,0.002624030139,0.002232777966,0.002054691762,0.9041809192,0.002486560983,0.002964382945,0.08133236981
C002175,3,0.006360539304,0.01810378909,0.006360460343,0.0098806429,0.00210058402,0.01029462699,0.04249018527,0.9044091721
C002176,2,0.001642789883,0.002038872385,0.001726115326,0.01280732306,0.05909197582,0.001945776339,0.8917252411,0.02902190611
C002177,0,0.003444565825,0.003973248216,0.003537193874,0.003412739689,0.819344889,0.003709491273,0.004233446568,0.1583444256
C002183,0,0.005859738839,0.007419913282,0.005832883138,0.6977676451,0.113871618,0.006636389588,0.00740979821,0.1552020138
C002184,2,0.3254103886,0.3430376818,0.005290288611,0.2609215502,0.007396690802,0.005755003498,0.007419187331,0.04476920914
C002187,3,0.002705055817,0.002776800862,0.002943049492,0.1725450097,0.7488456229,0.002865300331,0.00463662018,0.0626825407
C002188,2,0.01215270232,0.01425486838,0.2770487226,0.01647553875,0.01301805894,0.07944192768,0.01489138645,0.5727167949
C002189,4,0.00607827834,0.4546966925,0.4357617612,0.006337586318,0.006797536844,0.006275527976,0.007958688213,0.07609392866
C002191,2,0.02007332695,0.2800512619,0.1262741017,0.01919799642,0.01465066704,0.02169888141,0.02286725298,0.4951865116
C002194,0,0.004653024445,0.005225992257,0.01724452534,0.004512687094,0.04191247103,0.01915549193,0.02322544539,0.8840703625
C002195,0,0.02264084634,0.2563121036,0.02351511979,0.02237257559,0.02718408448,0.02345282745,0.02642394454,0.5980984982
C002196,4,0.01160013965,0.2197372594,0.01203380308,0.0122112547,0.0135478447,0.01229035737,0.5303328648,0.1882464764
C002197,1,0.002928119732,0.003219926518,0.00290193576,0.004358880307,0.002145253938,0.09992070076,0.002073691247,0.8824514917
C002198,3,0.003868816127,0.007506533199,0.003869212696,0.04729135063,0.006918112032,0.01629194136,0.003165190464,0.9110888435
C002199,4,0.03396630163,0.006177437016,0.006005926323,0.005400450666,0.00643591183,0.01364607233,0.01534168058,0.9130262196
C002200,2,0.01161232175,0.2151340976,0.3451412655,0.01114230076,0.01560564046,0.162740201,0.01450967064,0.2241145023
C002206,3,0.2763028211,0.005438477564,0.005614308032,0.0053981848,0.006351758128,0.005510581938,0.6209077933,0.07447607519
C002212,3,0.004774143559,0.2472396159,0.005239831244,0.03641592615,0.6620105775,0.004724405188,0.004876432118,0.03471906836
C002215,0,0.07211774773,0.01289073061,0.01211465794,0.0115085114,0.08963667207,0.01225975321,0.6008382362,0.1886336909
C002216,0,0.008707652526,0.6386244619,0.009045732253,0.07674194213,0.01051811407,0.008920052061,0.1888539153,0.0585881298
C002218,4,0.002666453476,0.2912582148,0.002797704175,0.00277517149,0.02738664669,0.5762350667,0.003134875033,0.09374586766
C002222,0,0.08863539067,0.01257276897,0.0206638338,0.01040258546,0.03059724166,0.05969705026,0.03091284751,0.7465182817
C002227,2,0.006986911803,0.007980090801,0.007099410548,0.02144286101,0.1759871215,0.007563208514,0.7157707281,0.05716966774
C002232,3,0.09081379381,0.2651179938,0.01247236155,0.02211828665,0.4589858981,0.01209696829,0.01592057643,0.1224741214
C002234,2,0.002728963281,0.00349438056,0.001746417242,0.002615052972,0.002680814438,0.003244367453,0.003587903502,0.9799021006
C002235,4,0.01190606554,0.7294811657,0.07155449872,0.01232820454,0.01302826183,0.01235359084,0.01238796457,0.1369602483
C002236,4,0.00458908167,0.004122520626,0.8447810413,0.004784521056,0.03975093591,0.004845664681,0.05374766014,0.04337857461
C002238,4,0.2485103633,0.01890357765,0.01862304064,0.04269939768,0.02009319021,0.01838545239,0.2361675559,0.3966174222
C002241,1,0.1140704197,0.003038745861,0.002834377504,0.002770072911,0.01445487086,0.002904505062,0.7913844259,0.06854258219
C002242,3,0.002916452161,0.002936465863,0.002978818491,0.01958005953,0.8814784088,0.0653600248,0.003561353212,0.0211884171
C002243,4,0.05510036855,0.008261454045,0.008098810526,0.08141598291,0.01914770739,0.2782097384,0.414587998,0.1351779402
C002245,4,0.02479006375,0.02635442721,0.0264398695,0.02546588122,0.02446971479,0.03782411707,0.1849521602,0.6497037663
C002247,2,0.004748068407,0.009744979382,0.03385589885,0.004599607494,0.006208857608,0.005481873632,0.07676775506,0.8585929596
C002250,2,0.01007998225,0.05290406569,0.5221644087,0.05804364053,0.05176852049,0.07144123267,0.1319942386,0.1016039111
C002251,4,0.220261343,0.01233303024,0.01179236941,0.01168169905,0.01312363556,0.5443957546,0.01232899582,0.1740831723
C002256,3,0.2340334143,0.02691291203,0.0263920817,0.02603656065,0.03034940255,0.3294472974,0.03174947578,0.2950788556
C002261,1,0.006440760613,0.7623930651,0.006757727422,0.006294255463,0.01384460214,0.0066180577,0.07382313906,0.1238283925
C002265,2,0.0225113948,0.05092983553,0.02297563585,0.02151395139,0.02928781313,0.02427107867,0.02936319985,0.7991470908
C002266,0,0.006651013784,0.007401471716,0.00677918813,0.01448730761,0.8452795043,0.006969853618,0.008102527732,0.1043291331
C002274,2,0.008199626743,0.01063217339,0.008441219119,0.2106424468,0.0111363772,0.009862136147,0.01090477848,0.7301812421
C002275,0,0.006245372605,0.9101062175,0.004730636439,0.004461708025,0.005832770275,0.004655678972,0.005181970041,0.05878564616
C002276,3,0.001097266863,0.003404495307,0.003408432247,0.001147398566,0.004278333083,0.00333086999,0.004218478152,0.9791147258
C002277,0,0.005654387208,0.0062517407,0.005763326936,0.00550154722,0.009825058754,0.8745599823,0.006028634683,0.08641532223
C002278,0,0.1153432299,0.01766159653,0.004405988932,0.00420284339,0.005662012003,0.512549033,0.00501181749,0.3351634787
C002280,3,0.02697655854,0.02658509903,0.0264826997,0.02608235735,0.03433425519,0.0261055813,0.03505101315,0.7983824357
C002281,2,0.00305895072,0.002433138574,0.007613527523,0.001317663186,0.001841929818,0.003600608238,0.001745432291,0.9783887497
C002282,1,0.6593253437,0.01086792903,0.01056350759,0.204619281,0.01103509038,0.01050263777,0.01111193211,0.08197427837
C002285,2,0.02198530705,0.01889420796,0.176092585,0.02173613314,0.03303010666,0.0266308073,0.05422364068,0.6474072123
C002286,2,0.01156956233,0.01539212285,0.01013370108,0.011534253,0.06790833651,0.3550197253,0.01564522899,0.51279707
C002288,0,0.05773899888,0.328869518,0.005196133187,0.5560954608,0.00624145526,0.005388906518,0.005931184422,0.03453834295
C002291,0,0.2513266463,0.1450493738,0.4498993342,0.01155379656,0.01557549216,0.01252665899,0.01526282124,0.09880587676
C002292,0,0.01218657761,0.4626028758,0.02874184314,0.2663270898,0.01681780437,0.01241612723,0.01503105743,0.1858766246
C002293,4,0.01119016939,0.01489540498,0.01379230129,0.01432724186,0.01539220267,0.563841917,0.01523097519,0.3513297876
C002294,0,0.009139957911,0.1708795961,0.009023127084,0.00880281016,0.2113068067,0.4934399975,0.008712866311,0.08869483822
C002296,4,0.03046488585,0.1481791627,0.01664571042,0.01633008793,0.01796427348,0.1361143364,0.01746505868,0.6168364845
C002297,3,0.002829095661,0.02865838242,0.002811767038,0.002862538559,0.004681245107,0.01921709267,0.9015936512,0.03734622739
C002299,2,0.0185137729,0.1371132634,0.01948450794,0.01803165202,0.02240981221,0.02128061042,0.5130408718,0.2501255093
C002300,0,0.2476707278,0.008548021325,0.008440864411,0.2406256647,0.01054840224,0.4238518307,0.009985016617,0.05032947222
C002301,3,0.004143167986,0.08344473886,0.00418916719,0.8551651943,0.004376806879,0.004089419651,0.004527132584,0.04006437256
C002303,1,0.005313283849,0.005937778634,0.00547444998,0.005357606429,0.182023676,0.483309069,0.1908405933,0.1217435429
C002304,4,0.207900042,0.02472994286,0.02539204284,0.1555673897,0.1321295169,0.02409287923,0.1020698158,0.3281183706
C002307,0,0.01880541299,0.02040777488,0.0194112941,0.0182901837,0.02515850843,0.01911526047,0.06277958455,0.8160319809
C002310,1,0.02158412284,0.02303649434,0.02213032974,0.0212109468,0.02301111918,0.02180095855,0.2030867058,0.6641393228
C002311,2,0.01103896209,0.0140524046,0.5641011658,0.01088028783,0.01539826462,0.01320263726,0.01535214501,0.3559741328
C002312,3,0.006288931208,0.09754164321,0.006764102268,0.07696294396,0.05517130115,0.5350400395,0.04374345571,0.178487583
C002313,1,0.01238060187,0.1115975557,0.09603474106,0.009081372284,0.01634921218,0.01314681103,0.01682724401,0.7245824619
C002316,0,0.005083931183,0.8406209735,0.005005274337,0.004833060751,0.02102625008,0.005796545383,0.03769316998,0.07994079483
C002318,3,0.7655937584,0.01531865792,0.0156028019,0.02058364278,0.01888069536,0.01536882572,0.01908700603,0.1295646119
C002320,4,0.01018827744,0.03040015086,0.1498365829,0.03801244573,0.5209960916,0.01077100818,0.1016084856,0.1381869576
C002321,3,0.005901386289,0.00373349175,0.03432351848,0.0029351501,0.006393778554,0.005828493804,0.00632266331,0.9345615177
C002323,0,0.6561960376,0.01227825263,0.01052388232,0.2006450432,0.01419024251,0.01098085508,0.01273738136,0.08244830526
C002331,4,0.009612950103,0.01020271178,0.01023596214,0.009934301873,0.01068318962,0.8279729487,0.01052519979,0.110832736
C002333,3,0.0016081188,0.002839392346,0.002896080042,0.004381954288,0.4341307135,0.002819546757,0.5290120966,0.0223120976
C002335,4,0.008855353355,0.009742029607,0.009305384411,0.009285526451,0.01107910894,0.03521349069,0.01102285173,0.9054962548
C002338,1,0.01728228881,0.01828492612,0.7460694246,0.01731517857,0.01863259138,0.01776164396,0.01698762043,0.1476663261
C002346,0,0.02107564071,0.01744121352,0.5051439046,0.01760318979,0.01915647681,0.01656360759,0.01862758388,0.384388383
C002349,4,0.02427911601,0.02536198093,0.02522727318,0.02472031404,0.02589024455,0.0247354518,0.03230618381,0.8174794357
C002351,4,0.00172488941,0.003050672735,0.002941213904,0.00288866605,0.02568077962,0.01318494506,0.02794320946,0.9225856238
C002353,2,0.002504768743,0.003094983973,0.9207652582,0.002394289419,0.04029564724,0.002925973635,0.003524694411,0.02449438443
C002354,4,0.003169564495,0.003272839035,0.003333007866,0.003272575888,0.001292507487,0.9609944155,0.001230896475,0.0234341933
C002355,2,0.00573057275,0.007556793152,0.006040628469,0.2514973129,0.3820001032,0.007075622404,0.1930400002,0.1470589669
C002358,3,0.009371496246,0.009210100148,0.119229927,0.6181742819,0.1500851618,0.009223867278,0.01027907079,0.0744260949
C002360,1,0.1658769111,0.01073532763,0.01039064693,0.01005665114,0.6517446993,0.01037664135,0.05559409572,0.08522502685
C002361,1,0.02365736486,0.0167457328,0.01524016703,0.01500711742,0.01728648527,0.04001935974,0.02879163523,0.8432521376
C002362,4,0.008725692659,0.5400243519,0.01252121778,0.3225842167,0.01282891341,0.01198022977,0.01266214296,0.07867323488
C002363,2,0.01285763808,0.01745900061,0.09364596061,0.2959389073,0.1626033826,0.01594682398,0.01825944872,0.3832888381
C002365,4,0.01201343568,0.01268133877,0.01251890279,0.01205362631,0.8276345274,0.01887875301,0.01384313695,0.09037627905
C002366,1,0.1426485119,0.0155314291,0.07088365361,0.0128631588,0.2472066075,0.01402781526,0.0169152468,0.4799235771
C002367,2,0.004119047442,0.00494350304,0.00415669966,0.5952200608,0.005726847707,0.004505684641,0.2003731859,0.1809549709
C002368,2,0.439639704,0.002981744295,0.002429513474,0.002255656443,0.4897313349,0.002800251359,0.004799553033,0.05536224243
C002370,1,0.003478048688,0.003932255632,0.003620409695,0.003426809628,0.838940462,0.003542443543,0.004575316202,0.1384842546
C002371,1,0.005737924819,0.004143995639,0.002953505688,0.002865669394,0.04520688162,0.003021316888,0.01255766176,0.9235130442
C002372,4,0.002314216924,0.002583362354,0.002441589101,0.002426706427,0.06848295548,0.7990162595,0.002695810193,0.1200391
C002373,2,0.02084403495,0.02015407317,0.3716395284,0.01631311369,0.3524244007,0.05578126988,0.02099671561,0.1418468636
C002375,3,0.1748119693,0.01539601972,0.01555840624,0.2340455895,0.05585435635,0.01537074268,0.01932897708,0.4696339392
C002376,3,0.01029252345,0.03100770541,0.007714788791,0.01033933611,0.01274551543,0.07633219826,0.7865720236,0.06499590894
C002378,4,0.01960949651,0.1053020799,0.0211147501,0.02059210708,0.02281881026,0.02055215417,0.1159866203,0.6740239817
C002379,1,0.005010718299,0.1310875239,0.005291732104,0.005048318624,0.005819571308,0.2822178586,0.006229376021,0.5592949011
C002380,2,0.01090781931,0.01300226231,0.01092530662,0.8358443084,0.01352178082,0.01188116995,0.01436029049,0.08955706211
C002382,4,0.004539090008,0.004916741577,0.004841340976,0.01103097398,0.005247783313,0.02798578909,0.005060229336,0.9363780517
C002386,2,0.01488712479,0.01734039159,0.1197852361,0.01494257687,0.03539042734,0.01887765948,0.02605350472,0.7527230791
C002388,0,0.002530388063,0.004274704791,0.002573431975,0.002468101021,0.003103495613,0.9545258374,0.002914357797,0.02760968336
C002389,0,0.007073992285,0.007221504648,0.004954854407,0.01144157099,0.008990034237,0.006688237492,0.008048835664,0.9455809703
C002394,2,0.01199615857,0.01493913513,0.01290030297,0.1603070182,0.1037781384,0.01409093532,0.4552154698,0.2267728415
C002395,4,0.120107585,0.1612520519,0.05726373978,0.00860224549,0.1027731077,0.292196458,0.09633439642,0.1614704157
C002397,3,0.02291010915,0.02361383586,0.3778587749,0.02321589992,0.02526081809,0.02372960545,0.02532827733,0.4780826793
C002398,2,0.2015841866,0.01278320048,0.01153481411,0.01078870286,0.01366936587,0.6333425744,0.01356658559,0.1027305701
C002399,0,0.002422882797,0.002882657572,0.002480904882,0.9049244957,0.003244647849,0.002647339114,0.003150207233,0.0782468648
C002401,3,0.01335594458,0.01360872215,0.01371859417,0.01338512206,0.01600159979,0.01376274812,0.5394599795,0.3767072897
C002402,4,0.2834454724,0.02815794042,0.03885666457,0.02730854091,0.02936688812,0.02731251106,0.02898265992,0.5365693225
C002404,0,0.004904093882,0.04948280163,0.004987714941,0.004817110605,0.006073002,0.717117029,0.005797198746,0.2068210492
C002405,0,0.1568768407,0.002291050643,0.6982211667,0.04268522474,0.002618799712,0.002130968291,0.03946303957,0.05571290962
C002406,3,0.005416837632,0.003861108156,0.00546105491,0.03324242025,0.006891162096,0.8900781861,0.006855760881,0.04819346994
C002413,3,0.003629028001,0.003490548564,0.01273484886,0.003421321999,0.002232859167,0.003414022054,0.004559334605,0.9665180368
C002414,1,0.02536011025,0.02699285856,0.02648587381,0.02487082367,0.02698808335,0.02505571326,0.02889274338,0.8153537937
C002419,0,0.005051682543,0.006358983847,0.005171493672,0.8066583567,0.007433568343,0.005891841645,0.01683283696,0.1466012363
C002421,3,0.01415047583,0.003383186188,0.00344061868,0.00350437321,0.004199684996,0.03388842368,0.915090659,0.02234257842
C002424,1,0.007527629299,0.008172831914,0.007941285096,0.00770344374,0.8619358544,0.007821157317,0.01090247198,0.08799532628
C002426,2,0.0265467071,0.02938481943,0.02717175717,0.02531739525,0.1492783179,0.02754269793,0.1699943565,0.5447639488
C002428,3,0.0119258846,0.01198391313,0.01211581253,0.01181988826,0.01310943234,0.01185939731,0.8058293283,0.1213563435
C002429,3,0.006940861951,0.006937893786,0.3840681563,0.01868193231,0.4355357833,0.00685330175,0.008523581208,0.1324584894
C002430,3,0.01859119437,0.6112454884,0.01916556277,0.1195724597,0.02640300503,0.0183406102,0.02121120194,0.1654704776
C002431,4,0.9206611106,0.003561106625,0.003471160869,0.003343483889,0.003853577144,0.003416873619,0.003962205407,0.05773048188
C002438,1,0.01345889206,0.01430312235,0.01945539351,0.6995510802,0.02847587888,0.01361117418,0.02509119801,0.1860532608
C002439,4,0.01632225644,0.01986018416,0.02273743771,0.01899522115,0.01521738292,0.01928239238,0.3343202727,0.5532648525
C002441,0,0.002745515176,0.03055690769,0.8154906565,0.00268266422,0.003721423652,0.1155553214,0.00365526213,0.02559224929
C002442,3,0.008426718837,0.1897269656,0.008589980082,0.07781980251,0.01092854959,0.5606559722,0.01102460891,0.1328274022
C002448,1,0.002537677033,0.006488318002,0.002638352841,0.01216414599,0.002993565927,0.002669376723,0.003015164194,0.9674933993
C002449,4,0.008219289788,0.008690226364,0.008656059713,0.008387188496,0.0088307088,0.8602946639,0.01361376005,0.08330810292
C002450,0,0.02474359626,0.04440678049,0.01843748086,0.0255486364,0.03485022386,0.02674737398,0.02998215452,0.7952837536
C002451,0,0.01135501529,0.01287463887,0.2795994973,0.0138415546,0.01428333888,0.464308408,0.01364027743,0.1900972697
C002452,2,0.004370826281,0.01120316345,0.6859104778,0.1622772048,0.005444525027,0.06078958731,0.005393717701,0.06461049759
C002456,3,0.01425691704,0.01394024383,0.01396603078,0.05784775674,0.01591983293,0.7668348677,0.01599025095,0.1012441001
C002457,4,0.5185946658,0.3643409381,0.008601038624,0.00834268297,0.008690278504,0.008408870087,0.00859573292,0.07442579303
C002458,3,0.01218446893,0.01171263626,0.803630804,0.01178686989,0.01402670619,0.01162088202,0.01397599306,0.1210616396
C002460,0,0.03155782602,0.03620801908,0.1948093836,0.03156615292,0.04100871301,0.03313864329,0.03673205117,0.5949792109
C002461,3,0.02318014653,0.02336773643,0.2788155473,0.02271433322,0.06519822839,0.04731002613,0.08954822303,0.449865759
C002462,4,0.005360095388,0.005900162681,0.005744179375,0.6514861972,0.009107327318,0.1147592769,0.006004692229,0.201638069
C002463,4,0.5064162989,0.07933743867,0.006453009197,0.04215930337,0.09523877416,0.09363924185,0.01211667797,0.1646392558
C002474,2,0.001688951469,0.002037019299,0.001697772283,0.08233333468,0.003554710205,0.006005460549,0.859515435,0.04316731651
C002476,0,0.006917444172,0.7105899642,0.007190356408,0.006874801084,0.008714662416,0.007161037068,0.00806983188,0.2444819028
C002479,0,0.02949245877,0.03310529631,0.02985517946,0.1317444704,0.03770388527,0.03060076619,0.03534633173,0.6721516119
C002485,4,0.01097297552,0.6949438049,0.01181207337,0.01202474148,0.01441605669,0.01151381,0.06603427529,0.1782822627
C002488,3,0.0053331177,0.005586670944,0.00547927141,0.7844145362,0.03898561213,0.005512359353,0.006859314757,0.1478291175
C002490,2,0.006483989077,0.2142535185,0.1839862848,0.006221352018,0.00896506848,0.0541479412,0.4533754151,0.07256643085
C002491,3,0.3902409944,0.01172752031,0.01195946523,0.01310664418,0.01514041973,0.01158538709,0.3413816866,0.2048578824
C002492,3,0.007527400299,0.007541626094,0.007633335125,0.5781563856,0.00966935353,0.007397562725,0.3138963537,0.06817798287
C002493,0,0.01331571742,0.01499398451,0.04885175527,0.02262216695,0.09651853763,0.01402270707,0.08119866955,0.7084764616
C002495,1,0.3001009216,0.009936931585,0.008643651066,0.2597160135,0.07946913961,0.009111776728,0.1795626907,0.1534588753
C002498,0,0.004614741501,0.00538203917,0.004827597484,0.7887288679,0.005874423675,0.005010364731,0.005565701309,0.1799962643
C002499,4,0.2270620329,0.01300188619,0.05590220362,0.4168625764,0.01835895396,0.1482138395,0.01616553558,0.1044329718
C002500,1,0.01670058629,0.2329379258,0.09297180319,0.01631371224,0.01700940372,0.05035084197,0.01636011389,0.5573556129
C002501,0,0.1115151156,0.02826097098,0.02466190768,0.02343519414,0.1813138819,0.02611993335,0.03007417347,0.5746188229
C002503,4,0.008545297368,0.005848750965,0.007993560268,0.01039356925,0.005584525907,0.02369109499,0.01148202159,0.9264611797
C002512,2,0.355027859,0.1865492076,0.01245614078,0.01158820564,0.06117325159,0.01339590181,0.2543677669,0.1054416667
C002514,3,0.003933585593,0.003853802059,0.8949423983,0.004914054577,0.004893309033,0.003899594083,0.004668899877,0.07889435652
C002516,0,0.003770620946,0.004347785547,0.00383999865,0.00361702864,0.005289056721,0.9021184691,0.004557154311,0.07245988612
C002519,3,0.007482182579,0.007115740034,0.007653661107,0.007544040986,0.008456642959,0.007093772168,0.7759681999,0.1786857602
C002522,2,0.001837160185,0.002159193236,0.001883782207,0.001763030007,0.01817861411,0.9556573991,0.002150149643,0.01637067153
C002523,1,0.003326181757,0.1647688506,0.0823027029,0.003270821252,0.08680718683,0.03635165492,0.003947449466,0.6192251523
C002526,4,0.008098665716,0.008498728523,0.008555137769,0.529702314,0.1273960861,0.1263770151,0.08478834785,0.1065837049
C002527,0,0.03511716315,0.008043624881,0.1542201833,0.008887876739,0.02745847607,0.01028352546,0.01997738334,0.736011767
C002528,0,0.07685579702,0.04656130774,0.007595119877,0.01073440249,0.1095356635,0.02602566422,0.5981866632,0.124505382
C002530,0,0.4149436769,0.008016011177,0.1335159234,0.006213493709,0.009015934926,0.06051935627,0.008448412951,0.3593271907
C002531,1,0.002826998274,0.003046269688,0.003049361402,0.304698191,0.5888794853,0.002852188371,0.003303502689,0.0913440032
C002533,1,0.02330632871,0.02437110577,0.02370696664,0.02268120943,0.02413048398,0.02323001667,0.02362003217,0.8349538566
C002534,3,0.07872013343,0.3946046328,0.06870718734,0.00295185062,0.003650549972,0.003124601603,0.3660185727,0.08222247159
C002539,0,0.02568905629,0.0279970597,0.02684284292,0.02542926134,0.03268452944,0.02638188035,0.03005767057,0.8049176994
C002541,0,0.01059996268,0.00840880663,0.4469724017,0.01024545031,0.01486857698,0.3318478934,0.01314833071,0.1639085776
C002542,3,0.007410891871,0.007382431028,0.00760277372,0.007437194671,0.007216717732,0.007424400055,0.7901879746,0.1653376163
C002544,1,0.006814204661,0.01241890199,0.006855825419,0.1567244013,0.008760752839,0.6513958562,0.01365253032,0.1433775272
C002548,4,0.00590531558,0.00620721206,0.5451201864,0.006052226981,0.006422238426,0.3798420999,0.006664558576,0.04378616212
C002550,4,0.004137978844,0.01199210568,0.0151694543,0.004158927165,0.004314760762,0.8483086447,0.004131474591,0.1077866539
C002553,2,0.004110331786,0.005253119961,0.8719750943,0.004438193894,0.01947396691,0.005485503777,0.006433445877,0.08283034349
C002555,3,0.006142093738,0.2354538942,0.6870850166,0.006219584836,0.006884873749,0.006053069149,0.006898878831,0.0452625889
C002559,2,0.02222033671,0.02782066461,0.1587249525,0.02146942752,0.1307108321,0.02643749472,0.130546835,0.4820694568
C002563,3,0.00625582259,0.008374684492,0.6940597476,0.005887662154,0.03453201666,0.006010109514,0.01128278709,0.2335971699
C002564,1,0.6795465658,0.009214175151,0.03015644489,0.009749667947,0.009705766658,0.008233000076,0.03192133981,0.2214730397
C002566,0,0.003408069793,0.003695910863,0.003524609743,0.9446940541,0.008176930332,0.003509550749,0.006345626485,0.0266452479
C002567,4,0.1617085677,0.04368342031,0.04205960899,0.04179976122,0.1190388177,0.04193409797,0.04994658792,0.4998291382
C002569,2,0.005670129044,0.02028907968,0.01001733746,0.06098100896,0.007843382599,0.0120992772,0.04165664295,0.8414431421
C002571,3,0.6704629385,0.009979378938,0.01029769327,0.01007269633,0.1700671703,0.009970062098,0.01234482515,0.1068052354
C002573,4,0.01469053923,0.02822369601,0.7079993032,0.01360327048,0.01684552853,0.01538682974,0.01658804133,0.1866627915
C002581,4,0.04372651186,0.004980823383,0.2328508705,0.004658957838,0.004896750912,0.01384394643,0.5618419578,0.1332001812
C002585,3,0.003536083704,0.0144868611,0.003108965404,0.006355901179,0.004215918445,0.003491634453,0.003502396125,0.9613022396
C002587,4,0.006972338087,0.006888287937,0.006700173688,0.3026954366,0.2313214751,0.3308346695,0.005663693404,0.1089239256
C002590,2,0.003310863596,0.00494985198,0.01887444197,0.01754388009,0.005551979312,0.00469802145,0.001306562633,0.943764399
C002594,0,0.002814811655,0.003538163061,0.002775967658,0.05692774572,0.8407708569,0.003260503387,0.003780214337,0.08613173729
C002595,4,0.01459408738,0.01508170671,0.01528176952,0.7918053098,0.01506220896,0.0149826445,0.01451839782,0.1186738753
C002599,1,0.01298168504,0.01447603293,0.01307536043,0.1639824574,0.02370694832,0.006451992574,0.02451252943,0.7408129939
C002606,3,0.5455326804,0.008792501059,0.004740813281,0.008655083789,0.3253226571,0.008709461955,0.01051398397,0.0877328184
C002608,2,0.4807741305,0.2372084892,0.0181509853,0.01636879169,0.02364750046,0.01934267442,0.02300649834,0.1815009301
C002610,0,0.005434565811,0.3967970118,0.1720455563,0.1890832877,0.007205998005,0.00545303091,0.006526077471,0.217454472
C002611,1,0.004275199414,0.04523142352,0.004322821619,0.02009467398,0.0148490804,0.004293550883,0.01310771629,0.8938255339
C002612,3,0.004531698382,0.004526154784,0.004570013207,0.6728122177,0.002378406943,0.004480432681,0.002415063309,0.304286013
C002615,3,0.009647207961,0.06337769994,0.04522715535,0.009570465616,0.762030107,0.009522907072,0.01649526484,0.0841291922
C002617,0,0.003893988069,0.09182665589,0.007333968107,0.00696908444,0.01003255326,0.007952597654,0.0350757529,0.8369153997
C002620,3,0.006140097326,0.006189530062,0.006397973411,0.1065335295,0.1024419456,0.3988671985,0.008327476396,0.3651022492
C002621,2,0.008029067008,0.01002983712,0.03282603759,0.2962859249,0.007056847653,0.008801045277,0.5652580727,0.07171316776
C002622,0,0.4255054633,0.04426518395,0.1524006409,0.006827253989,0.009634050358,0.007541325636,0.2293267806,0.1244993012
C002623,4,0.00272977186,0.002851572942,0.603038032,0.2992777868,0.002855676794,0.002808871899,0.06272930618,0.02370898151
C002625,1,0.001595247211,0.9022510543,0.03537302984,0.001553978613,0.001787205399,0.001641759029,0.001820392517,0.05397733309
C002626,1,0.01212521539,0.01373264081,0.7039597335,0.01220487905,0.0142891966,0.04487730512,0.01463649132,0.1841745383
C002627,0,0.01102042479,0.0049842221,0.002990489303,0.002899456948,0.004382816031,0.003449333886,0.03396658106,0.9363066759
C002628,3,0.01324631537,0.01213230295,0.01314822001,0.01296116232,0.47826021,0.01214826277,0.08074948221,0.3773540443
C002629,1,0.399082979,0.01035579082,0.009021939149,0.008941314869,0.01133509172,0.009526277517,0.007304406854,0.5444322001
C002634,0,0.01158916635,0.01053326155,0.01003250754,0.009521053477,0.4699978958,0.1380583805,0.01121826439,0.3390494703
C002635,2,0.003951975162,0.8676063379,0.004150010005,0.003916809027,0.005009934612,0.004159581782,0.00504477757,0.106160574
C002636,3,0.004180318405,0.004181902464,0.005460218938,0.01345197668,0.007119965537,0.02215604799,0.004089650668,0.9393599193
C002637,2,0.05293089609,0.8780940566,0.002044809933,0.04053745307,0.001700470436,0.00214088568,0.002580058285,0.01997136987
C002638,2,0.6958134808,0.01114031237,0.01158766372,0.00937925782,0.01208400039,0.01067647653,0.1742174855,0.07510132285
C002642,1,0.04326057432,0.179207594,0.008907264473,0.3270584056,0.01068616061,0.1451904496,0.01030597499,0.2753835764
C002643,0,0.003218835224,0.006291624458,0.003346791512,0.007195717468,0.00269613425,0.003593594905,0.001997988531,0.9716593137
C002644,0,0.009119660159,0.0186449548,0.009793221279,0.009412255218,0.01143424087,0.06698704314,0.01081981824,0.8637888063
C002647,3,0.008937264501,0.00903154754,0.009173927824,0.8192988235,0.0162835979,0.009142297878,0.01017279124,0.1179597496
C002649,4,0.01168031563,0.01238723666,0.01226282036,0.0119226358,0.01259036122,0.7824070864,0.01397219432,0.1427773496
C002650,3,0.02237597788,0.02107883064,0.02173149161,0.02137375882,0.02250097536,0.02094516013,0.1326302047,0.7373636009
C002653,3,0.02118725043,0.02054772881,0.02106611643,0.02125854046,0.3210820867,0.3646536053,0.08854175262,0.1416629192
C002655,2,0.007749176565,0.008327271107,0.007870238789,0.007497586253,0.4493608937,0.4215222713,0.01050877477,0.08716378755
C002656,3,0.01849864449,0.003859008536,0.02249405725,0.0123132904,0.005062762022,0.7930221429,0.005130949545,0.1396191448
C002657,4,0.005443585094,0.006177211727,0.006158357001,0.1175805702,0.7592792734,0.005878320773,0.007196725184,0.09228595668
C002660,0,0.003893170146,0.9123957336,0.00295451328,0.01423747678,0.003579942678,0.00301595487,0.003434496385,0.05648871225
C002663,2,0.00944948802,0.01095534098,0.009973668671,0.008986354353,0.0273584273,0.01042553548,0.8190354999,0.1038156853
C002665,0,0.003335732906,0.004073501895,0.002352883364,0.00237764493,0.7730646519,0.002607666007,0.002991043497,0.2091968755
C002666,2,0.01961174151,0.01534122233,0.03548858373,0.02886085951,0.03743435465,0.4391231548,0.03525567559,0.3888844079
C002667,2,0.01451362982,0.7881450091,0.01479728102,0.01388089684,0.01977223613,0.01532099978,0.01963756342,0.1139323839
C002668,1,0.05655220715,0.02004618108,0.0186709055,0.01609489964,0.01109126152,0.6263119079,0.02047846804,0.2307541692
C002671,1,0.01473409112,0.387044315,0.01547147855,0.01421307263,0.026790055,0.04128220637,0.02603793774,0.4744268436
C002677,0,0.7152575457,0.109189725,0.01295538815,0.01246344666,0.01681388089,0.01302135342,0.01573371727,0.1045649429
C002678,0,0.00710883504,0.00800918804,0.007268358525,0.8854824872,0.003503566759,0.007157044757,0.002834170699,0.07863634894
C002680,3,0.4120642156,0.4720554324,0.0237391686,0.005287937167,0.006101351358,0.005256110441,0.006050608403,0.06944517596
C002683,3,0.003735344532,0.003758441533,0.006231747648,0.007265310622,0.004747958791,0.005092078346,0.01241256303,0.9567565555
C002686,2,0.003503260366,0.4349476149,0.003746334787,0.08066569945,0.005137136371,0.3770313994,0.00505468412,0.0899138706
C002687,2,0.3952193118,0.008970386189,0.008274588822,0.007608146213,0.01030114426,0.4939395411,0.0103691135,0.06531776811
C002688,3,0.00544984323,0.005404380785,0.005492611537,0.553661768,0.006134129223,0.005346471754,0.3591579199,0.05935287553
C002689,3,0.01251649648,0.2939942685,0.01018431656,0.01015109786,0.5160261528,0.01004206708,0.01196778884,0.1351178118
C002692,0,0.01157002872,0.009639517778,0.02654500596,0.008586929504,0.01042037237,0.448507234,0.009993730997,0.4747371807
C002694,2,0.0193181375,0.08877241022,0.05488356755,0.01882709355,0.07648193198,0.4860512308,0.07755349529,0.1781121331
C002696,2,0.01276900882,0.6543503091,0.01295605128,0.1471647669,0.01695055959,0.01374748387,0.01707342557,0.1249883949
C002697,4,0.008756330992,0.009284013455,0.1603898625,0.7113827037,0.009693531462,0.009164930882,0.009770003298,0.08155862367
C002698,4,0.02064723102,0.02223828608,0.02309291306,0.02100301342,0.0226141927,0.02164016864,0.02146698838,0.8472972067
C002699,2,0.7605545177,0.002869100955,0.002584699603,0.1613783516,0.0383308559,0.002673509357,0.003153077921,0.02845588695
C002700,2,0.1201324494,0.02306176512,0.02061279436,0.01853394031,0.02716637172,0.1968061902,0.02954920883,0.56413728
C002703,1,0.00430258408,0.005142635309,0.01641397523,0.004160643971,0.005880940549,0.004444286792,0.006106697032,0.953548237
C002705,3,0.7647137643,0.01417379219,0.01425979823,0.01408724393,0.0165969215,0.01401805342,0.01822981595,0.1439206105
C002707,3,0.6630590842,0.01726830843,0.0177045582,0.02590067708,0.02145870254,0.01737164644,0.0205164782,0.2167205449
C002714,4,0.1426448064,0.7216559526,0.004689842131,0.004571235234,0.0268911146,0.004560395035,0.06145282505,0.03353382896
C002715,3,0.321006196,0.4690780034,0.08178004476,0.007799439821,0.009499543678,0.00792622673,0.01392601029,0.08898453531
C002719,1,0.2627022544,0.004411095929,0.003896101094,0.02529391419,0.5050747403,0.01833811106,0.04351642297,0.13676736
C002720,3,0.008937817174,0.012521172,0.07360932896,0.00882615576,0.009536474243,0.008810782907,0.009395027795,0.8683632412
C002721,4,0.004737212726,0.005147105393,0.005047470613,0.004983744634,0.127726202,0.004963426842,0.7398772557,0.1075175821
C002725,0,0.01138119513,0.5769980273,0.01154735658,0.02545462667,0.09189312297,0.01150765009,0.01378888248,0.2574291388
C002729,4,0.1688887254,0.02443061226,0.03192912935,0.02468443064,0.02525353391,0.02373786768,0.04393792847,0.6571377723
C002731,3,0.02693783908,0.02318947947,0.02709422901,0.01964110195,0.04011645687,0.02612233822,0.02962760427,0.8072709511
C002733,3,0.005802489411,0.005632121689,0.005666564546,0.2347492533,0.1995675957,0.4997134592,0.006307179867,0.0425613363
C002734,1,0.1541900672,0.005574921037,0.005156010502,0.005101486337,0.06056791866,0.7146737864,0.005046794261,0.04968901556
C002736,1,0.005586690971,0.006045704547,0.7312700194,0.005686031478,0.006328187849,0.08059714473,0.006246005751,0.1582402153
C002737,3,0.007029791978,0.006921555902,0.3218798629,0.003685672283,0.5635083917,0.006930464416,0.00847759281,0.08156666809
C002738,3,0.02635394077,0.9158799491,0.008161568233,0.003186156696,0.01992704218,0.003065646586,0.003638872812,0.01978682363
C002739,0,0.009102580086,0.01004355796,0.009375122316,0.008984846735,0.8432414506,0.009653854245,0.01090489627,0.0986936918
C002740,2,0.009820739438,0.7915973964,0.01527125347,0.01420233276,0.01841886937,0.01678804396,0.01809733623,0.1158040284
C002742,0,0.09371373364,0.01046922109,0.009571358643,0.2661157782,0.01254140806,0.1779170029,0.2617548861,0.1679166114
C002746,1,0.01910522721,0.02087505793,0.01986497205,0.08092874891,0.02061011292,0.01916461671,0.5916119776,0.2278392867
C002747,4,0.6971036361,0.01408965666,0.01079769672,0.0106291981,0.01137334097,0.01087976305,0.01092977801,0.2341969303
C002749,1,0.01427795352,0.01539293593,0.01480261277,0.7982082221,0.01569082966,0.01458677435,0.01527768613,0.1117629855
C002751,0,0.01474149581,0.01823990594,0.01459881045,0.1681744048,0.02194978495,0.01684531367,0.0191147158,0.7263355686
C002753,1,0.005982266568,0.006552365972,0.006236197107,0.005994334876,0.007234284749,0.9159230184,0.007015945042,0.04506158732
C002755,2,0.01011079764,0.1152339154,0.01082762682,0.6671766698,0.01444266208,0.01177092513,0.01676840493,0.1536689982
C002757,0,0.007534528334,0.2361660032,0.007839676085,0.5430577716,0.0918449056,0.007983041733,0.008941159817,0.0966329137
C002758,4,0.0272153449,0.02867101566,0.02939469149,0.02727445941,0.0300819053,0.02799586951,0.03057778733,0.7987889264
C002760,1,0.005851442299,0.006526717163,0.005776839636,0.005681308331,0.158467595,0.6324005551,0.02301432257,0.16228122
C002762,2,0.4576919657,0.008989393353,0.0383428059,0.007345562881,0.009689807273,0.008275232923,0.4111534736,0.05851175846
C002764,4,0.008636628743,0.008694594112,0.06144587924,0.008538975257,0.1137473259,0.6072957188,0.1256792145,0.0659616635
C002767,4,0.003095079419,0.003403500753,0.4316771193,0.003048729051,0.003386521725,0.003270799349,0.5011653491,0.05095290131
C002768,4,0.02378482209,0.02540438817,0.02484813393,0.02372199885,0.02465487533,0.02472541539,0.01033700892,0.8425233573
C002769,2,0.01808845716,0.02068050059,0.7415839718,0.01543695982,0.02286429711,0.019235572,0.02301911635,0.1390911252
C002771,1,0.1886016598,0.003055960478,0.6873218023,0.002583954342,0.003729080316,0.04625426669,0.003680299257,0.06477297676
C002772,3,0.02558293535,0.3654449283,0.02594113594,0.02567681828,0.05453592548,0.02547447865,0.04242003279,0.4349237452
C002773,0,0.003424944853,0.003855613822,0.5440525002,0.2819037932,0.1122011089,0.003665882014,0.004368497918,0.04652765906
C002775,1,0.007012527167,0.7089643319,0.0382947054,0.006772155614,0.008136815068,0.01408917282,0.008418643338,0.2083116487
C002779,4,0.4951141995,0.007772143461,0.007834518573,0.02206921209,0.007772883482,0.07269130447,0.3316388505,0.05510688787
C002780,1,0.002989429099,0.8456085568,0.003018093331,0.002911219184,0.003592690274,0.003018020585,0.00376546088,0.1350965299
C002786,3,0.004709847843,0.8626486709,0.004812533986,0.004767579012,0.006040961444,0.004729128464,0.005965996242,0.1063252821
C002788,4,0.06622902484,0.01808926473,0.01775209207,0.01745355511,0.1679931389,0.3766209485,0.01864751561,0.3172144602
C002793,2,0.0229685708,0.02531942671,0.02389188093,0.02208597915,0.0996567373,0.5007228098,0.1189328207,0.1864217745
C002794,4,0.01811785076,0.0189663371,0.01370660371,0.01881778363,0.02007683566,0.7508488382,0.01949063251,0.1399751184
C002795,4,0.1765297969,0.01925753945,0.01934407318,0.01841943817,0.01910092645,0.2007661271,0.01948080266,0.527101296
C002796,1,0.003317321388,0.003710794721,0.003305444603,0.003191081877,0.7648466352,0.003464687335,0.004634426507,0.2135296084
C002798,0,0.01479647847,0.01692437772,0.6140714803,0.05530585114,0.05578378688,0.01558100053,0.01965170902,0.2078853159
C002800,1,0.01147268617,0.00304175797,0.008043856766,0.00897605484,0.003485688301,0.002565070005,0.003516306078,0.9588985799
C002801,4,0.002090560138,0.01559920671,0.01482175415,0.02729573895,0.01155134808,0.01589704322,0.006785815386,0.9059585334
C002802,4,0.006885983266,0.007835718867,0.02384845974,0.3033786504,0.007440935197,0.007260359883,0.5818619272,0.06148796549
C002804,3,0.3172351695,0.01644549923,0.312661259,0.01694652988,0.01868860394,0.01954466252,0.01892439779,0.2795538782
C002805,0,0.02374141401,0.008036465296,0.007328701818,0.006937894277,0.009280185814,0.01021665138,0.008656938072,0.9258017493
C002808,1,0.002432114647,0.008576478445,0.002480963759,0.01211638047,0.01093121437,0.007316482071,0.007029393898,0.9491169723
C002809,1,0.007697480419,0.008212726725,0.007990166305,0.8844098185,0.008587495513,0.007831539514,0.01023678433,0.06503398871
C002810,4,0.0129007448,0.01326900967,0.01308930478,0.3769411103,0.01284383576,0.013129621,0.4483528025,0.1094735711
C002812,1,0.4250489448,0.004572378343,0.08532669096,0.004280811591,0.00471627297,0.4366325995,0.005157899687,0.03426440212
C002813,1,0.003539769784,0.004797092781,0.004683254631,0.9118743447,0.00481836473,0.004652548692,0.004651315023,0.06098330968
C002814,1,0.003056393104,0.005405280827,0.003187549751,0.00311926013,0.9539825081,0.003160409914,0.003214255074,0.02487434305
C002816,2,0.02287021569,0.0271850477,0.08472499341,0.02262134295,0.3228464423,0.09223218833,0.02908890011,0.3984308695
C002817,2,0.00897137064,0.2332010985,0.009237987808,0.008744052321,0.631383375,0.01011791761,0.01176787104,0.08657632715
C002820,0,0.2285549248,0.01116982511,0.01053819056,0.01010371385,0.01212305308,0.6254242813,0.01182493258,0.09026107872
C002821,2,0.3280149776,0.009529899862,0.01817110335,0.3107556634,0.0232518147,0.02014015035,0.02266667249,0.2674697183
C002822,3,0.7817109993,0.01605385548,0.01281170642,0.01251012258,0.01573921467,0.01232442473,0.01688103659,0.1319686403
C002826,1,0.005483889125,0.006049718685,0.005585441993,0.5705860153,0.009196170198,0.04985818599,0.2676341366,0.08560644212
C002829,4,0.07706917145,0.008368872878,0.008227742016,0.6687710586,0.008256436127,0.1638904039,0.007924017806,0.05749229721
C002834,4,0.00156996554,0.001644692587,0.001622641551,0.001592141536,0.001648032714,0.001610544966,0.9760875091,0.01422447206
C002836,2,0.006381847358,0.007342962998,0.5216013788,0.006106686789,0.008296439686,0.007081191025,0.3735363632,0.0696531301
C002838,4,0.003198078283,0.004368278432,0.004372911999,0.004238743664,0.01849047654,0.9193968828,0.004333230249,0.04160139801
C002839,4,0.0190087165,0.0209995155,0.1853837377,0.02005871884,0.02167405687,0.0307096376,0.3491892862,0.3529763308
C002840,1,0.007782032926,0.5917328274,0.008946382241,0.007718771119,0.009784887313,0.0946249401,0.00412106813,0.2752890907
C002842,1,0.02495659882,0.02614392254,0.02598507234,0.02450873078,0.1466471443,0.04369328925,0.1287044886,0.5793607534
C002843,2,0.1069223481,0.06390937275,0.01153361798,0.03829872942,0.01298534139,0.5964964844,0.07562754037,0.09422656561
C002844,1,0.2360457956,0.009319133487,0.009041110209,0.008675462919,0.6262457484,0.008746063995,0.009476709038,0.09244997643
C002846,3,0.02736320274,0.02765109001,0.028002085,0.02687352631,0.03173401136,0.02726466649,0.03201408055,0.7990973375
C002847,2,0.004178199012,0.005611075582,0.004433891624,0.004183772684,0.006316892093,0.02008394531,0.006323191044,0.9488690327
C002849,2,0.02145593967,0.02530938326,0.5693746352,0.02064233679,0.03336909015,0.1013400924,0.02900407665,0.1995044459
C002851,4,0.02457450425,0.02681978838,0.02684309017,0.02506752985,0.04115799708,0.026174238,0.04020941525,0.789153437
C002852,1,0.009535385914,0.01068930134,0.2046981692,0.4489797457,0.004873955938,0.09828923256,0.004374746873,0.2185594625
C002853,2,0.007987914776,0.01038454783,0.3623279007,0.3729873926,0.00509736714,0.009518234559,0.005003278855,0.2266933635
C002855,4,0.1153795293,0.389966654,0.01114613345,0.3315597672,0.01089859261,0.01080455906,0.01051735094,0.1197274134
C002856,2,0.009342555,0.01227242374,0.0098767845,0.01504700873,0.05884939767,0.1432368129,0.4267687389,0.3246062786
C002859,0,0.06957422528,0.83205759,0.001859137954,0.00177475341,0.002395501648,0.01720476558,0.0404859877,0.03464803841
C002861,3,0.002471534934,0.0103494408,0.002717832566,0.005275299512,0.003146538706,0.00265356162,0.003076661507,0.9703091304
C002862,4,0.007262526007,0.5113178069,0.008525934651,0.007506923969,0.3367423257,0.01360614376,0.007885981214,0.1071523579
C002863,2,0.02678360515,0.02988252803,0.02742836359,0.0257543248,0.0323336164,0.02804653475,0.03227556327,0.797495464
C002866,1,0.009968752579,0.6524981118,0.01739499884,0.01005418213,0.2165314944,0.01022667753,0.009327714326,0.07399806834
C002869,4,0.01676792547,0.01807578025,0.01808237554,0.2692501739,0.01383847106,0.01760857825,0.1122807513,0.5340959442
C002870,2,0.1099192385,0.003662903521,0.003235392305,0.0030256383,0.003975075945,0.003360519153,0.8199463037,0.05287492855
C002871,2,0.002200970815,0.002518464685,0.8786472034,0.0480537832,0.002853274239,0.02885150953,0.002820478928,0.03405431518
C002876,0,0.003788001033,0.004264264668,0.009539822524,0.003713524415,0.00460505247,0.003993770712,0.004333604771,0.9657619594
C002877,0,0.005090738326,0.1337779976,0.005163025599,0.4468682072,0.3054283623,0.005266262611,0.005920978303,0.09248442801
C002879,2,0.05291755801,0.007805592119,0.06708985032,0.006441926456,0.009442087551,0.1756832516,0.6228706165,0.05774911741
C002880,2,0.1063847917,0.0190219653,0.0176679217,0.1266582994,0.0211131256,0.1714261234,0.02092813162,0.5167996412
C002883,4,0.01099777473,0.01876319901,0.278379098,0.5362302993,0.02968042161,0.01122009398,0.03015650189,0.08457261152
C002884,2,0.005512291033,0.03583580645,0.1214959044,0.005644132913,0.09431222297,0.6620006252,0.006982716354,0.06821630075
C002885,4,0.01263207708,0.01325793987,0.7803722203,0.01293571969,0.01361124853,0.01310615135,0.01330944843,0.1407751947
C002889,4,0.003299904176,0.003444189623,0.003507633004,0.04526844745,0.8032155221,0.1111754909,0.003473381972,0.02661543073
C002890,4,0.03670711452,0.001891213741,0.001854508525,0.0169570236,0.002020366082,0.9012372992,0.002429327364,0.03690314698
C002891,3,0.1483699393,0.1056793964,0.5245372129,0.006082934167,0.007259475693,0.006101830691,0.007181405315,0.1947878056
C002892,2,0.003166843751,0.1060432404,0.00339839129,0.003122726309,0.004513052773,0.003694739302,0.004464150065,0.8715968561
C002894,0,0.02002363911,0.02075853348,0.0196605534,0.01877850324,0.02758176002,0.01968882359,0.02376859046,0.8497395967
C002895,2,0.685308985,0.004273762728,0.003592546679,0.003233054273,0.005207935087,0.004060456478,0.005097810111,0.2892254497
C002896,0,0.01593463858,0.7268031047,0.01624794022,0.01562471543,0.04189889613,0.01656602181,0.01852014368,0.1484045394
C002898,3,0.01072547166,0.1527585572,0.01078120415,0.711252401,0.007577943334,0.0105612594,0.0131335791,0.0832095842
C002899,3,0.01153791899,0.01118231675,0.01240532962,0.01123116446,0.01270250996,0.01111027878,0.03648233663,0.8933481448
C002900,4,0.005220619235,0.005523683934,0.07730443566,0.0056259504,0.2272796054,0.4520415941,0.173719336,0.05328477529
C002902,3,0.008552193115,0.008727245987,0.5541075118,0.008883147266,0.3339605615,0.008782458415,0.01062404069,0.06636284129
C002903,2,0.009581046744,0.004808049589,0.008117668131,0.02258280843,0.00526948635,0.02426321981,0.005158878277,0.9202188427
C002907,0,0.02293638012,0.02574489414,0.02401950108,0.09162322929,0.0801784866,0.02462504583,0.108994065,0.621878398
C002908,4,0.003414554559,0.1467664831,0.1006429296,0.003609764261,0.682500244,0.005576074604,0.00545062376,0.05203932611
C002909,2,0.02252024973,0.02629722217,0.1065285436,0.02135074848,0.02831727688,0.02491452023,0.0278127618,0.7422586771
C002910,3,0.003168296471,0.003117829378,0.003130533399,0.003087894223,0.00438051844,0.003064019839,0.7784612715,0.2015896368
C002912,0,0.01081488233,0.01299730429,0.1407867471,0.01062783059,0.0142395764,0.7226542232,0.01390160339,0.07397783271
C002913,2,0.009490551359,0.01992527141,0.002689065685,0.002490936087,0.003722377949,0.003227693414,0.003669659864,0.9547844442
C002916,3,0.005106740183,0.005159149089,0.08207707638,0.005187649387,0.006320769702,0.04611899404,0.7463592811,0.1036703401
C002918,0,0.01587425692,0.01705076555,0.01618875299,0.01135651534,0.01827678201,0.0163423352,0.7650152027,0.1398953893
C002919,1,0.008592723555,0.003877215374,0.003704421756,0.003611485831,0.005640733235,0.01249514165,0.004628554705,0.9574497239
C002920,1,0.007082178215,0.07495050985,0.003652970829,0.003554604232,0.8321160433,0.003741023044,0.005634390465,0.06926828002
C002924,4,0.005266694953,0.005700419863,0.6865232226,0.005388110184,0.005676947263,0.1959373293,0.006132856126,0.08937441966
C002926,3,0.009199954992,0.007481808022,0.005356600777,0.005231830686,0.008011455908,0.002874408169,0.007663969422,0.954179972
C002927,2,0.002090390102,0.9003352762,0.002138587102,0.001972778147,0.01932934144,0.002386103604,0.01169803837,0.06004948502
C002928,4,0.01535219374,0.01586776433,0.01583530413,0.01547863751,0.01600370125,0.779484855,0.01607448409,0.12590306
C002931,2,0.1111718817,0.007001655469,0.7414825116,0.002367983159,0.06109660436,0.002672470872,0.03272086873,0.04148602413
C002932,4,0.01324842875,0.01378788118,0.01409841405,0.7737983577,0.01431556201,0.01362122237,0.01414495284,0.1429851811
C002934,0,0.01890588692,0.00679721245,0.003325380149,0.003310256364,0.001959455988,0.01291651552,0.001733185705,0.9510521069
C002935,2,0.001278088361,0.001662779716,0.7954331211,0.001239065148,0.1569327661,0.0129748088,0.001733796237,0.02874557444
C002940,3,0.0035012394,0.003598262467,0.003582303233,0.8353263948,0.1269785593,0.003524229351,0.003802006931,0.01968700454
C002941,3,0.006857070845,0.08369381325,0.006771890605,0.007026924233,0.007423134477,0.800081102,0.04560882439,0.04253724017
C002942,3,0.06080047725,0.008030365629,0.007989598547,0.09501537279,0.01011865422,0.4205243631,0.201123035,0.1963981335
C002943,0,0.02493606235,0.02882305325,0.02588669819,0.02464423005,0.03206632755,0.02656586087,0.03181551329,0.8052622544
C002948,4,0.01614065887,0.007893175157,0.008148453734,0.2871617952,0.008190800221,0.007747764177,0.5675556783,0.09716167436
C002953,3,0.004177206855,0.9378707448,0.004106320664,0.004018694097,0.003529227672,0.004039728768,0.002627130457,0.03963094669
C002955,0,0.02847605838,0.03122772153,0.02947635352,0.02821091103,0.09776304508,0.02962289213,0.08183538037,0.673387638
C002957,0,0.01021945745,0.01100593911,0.1035073076,0.009814851517,0.01515355534,0.01046816555,0.6308841864,0.208946537
C002958,4,0.0917158942,0.003263868648,0.003224795158,0.003154824315,0.003254605554,0.8640427008,0.003394186809,0.0279491245
C002964,0,0.005706587741,0.745444069,0.005974890057,0.005785104931,0.007387805077,0.006305253101,0.007135836982,0.2162604531
C002966,4,0.01326632134,0.01475591829,0.0840368119,0.01372957136,0.01577094182,0.2836789276,0.2217852987,0.352976209
C002967,2,0.1769877018,0.003876475288,0.003633741249,0.003374420778,0.1986734354,0.003675746103,0.5825993768,0.02717910261
C002970,0,0.007619878131,0.008532386894,0.03254714182,0.4483318941,0.009858352487,0.00787101986,0.3682400569,0.1169992698
C002971,2,0.01935128474,0.02568238579,0.02118858134,0.2383093007,0.03739473612,0.08392476146,0.03678514315,0.5373638067
C002973,1,0.01415508932,0.09371861647,0.003394903648,0.01479984936,0.004097516746,0.003366188432,0.00403068086,0.8624371552
C002975,4,0.002261928609,0.3100552446,0.002417388084,0.002404757157,0.002628373736,0.00238394759,0.6319997664,0.04584859381
C002977,0,0.01470860991,0.01580981479,0.01467337515,0.1091957438,0.6021798103,0.06258746086,0.01873655515,0.16210863
C002987,0,0.7302515097,0.007145057636,0.05053962807,0.1327750281,0.009431019663,0.006782685464,0.008032164225,0.05504290713
C002988,1,0.00888472391,0.009609712408,0.009439620184,0.008888584164,0.009534798191,0.2267468772,0.5034610321,0.2234346518
C002989,3,0.01552296683,0.07765829968,0.0102679583,0.1082044288,0.01398797154,0.009921863978,0.01428176348,0.7501547474
C002990,1,0.007447790373,0.006014886817,0.02892043197,0.04243502404,0.006154919982,0.005112044954,0.006380043721,0.8975348581
C002994,4,0.01052019398,0.01158356256,0.01115767208,0.01106680758,0.01255014837,0.7583942405,0.011825865,0.17290151
C002996,3,0.003590426917,0.003576305688,0.003645686097,0.003466103428,0.004695060781,0.003594200546,0.8285603302,0.1488718863
C002998,1,0.5853129753,0.02214071932,0.02106821179,0.01985617192,0.1044989128,0.02055937868,0.03935527356,0.1872083567
C002999,3,0.02775186625,0.02759711199,0.02796950718,0.02707607626,0.03301289003,0.02721324893,0.03508964237,0.794289657
C003001,3,0.008770143957,0.03094012209,0.6789551628,0.177070481,0.02371242284,0.008410812191,0.01073970205,0.06140115308
C003004,2,0.01446201954,0.0196448994,0.2979234294,0.01825095653,0.07426842932,0.05232158797,0.04843418353,0.4746944943
C003006,0,0.01422354415,0.02886347982,0.01524601343,0.4789940722,0.01741275849,0.01515365245,0.01686486746,0.413241612
C003007,2,0.01176135391,0.0661107016,0.1163748835,0.01110527704,0.01635032577,0.01426699951,0.01600542458,0.7480250341
C003008,3,0.3377416356,0.007698049535,0.007651841097,0.007728495545,0.4682336896,0.007553385566,0.1085899299,0.05480297306
C003009,4,0.7192090216,0.02064975334,0.02110801865,0.01635411327,0.02160896514,0.0202049025,0.02245514762,0.1584100779
C003010,2,0.02379791119,0.02824185784,0.0247588014,0.02278697552,0.03119848982,0.02697799003,0.03019744712,0.8120405271
C003011,2,0.006719202155,0.008595516332,0.6562695568,0.03799327051,0.1198772484,0.008169503306,0.01395542902,0.1484202735
C003015,3,0.008630724153,0.008632559066,0.0087703577,0.008690555767,0.01012425921,0.00850181257,0.8717226069,0.07492712464
C003017,2,0.007681822364,0.008557644905,0.007201266996,0.6979287371,0.009826765926,0.008005550933,0.009832155551,0.2509660562
C003020,4,0.1805937936,0.009971577444,0.04800478565,0.4775511473,0.01062713337,0.1130305637,0.01067043125,0.1495505677
C003023,3,0.07984073696,0.01897928283,0.01919959301,0.4810652806,0.02423478017,0.01945147412,0.02403488156,0.3331939708
C003024,3,0.01187938273,0.01123574155,0.01181931504,0.4460886706,0.2827813212,0.1505207959,0.01223999501,0.07343477801
C003025,2,0.01507823144,0.01749281769,0.4513566707,0.01425801413,0.01897247537,0.3148073781,0.01902700715,0.1490074054
C003026,4,0.007022201146,0.00740716325,0.634859651,0.05280437631,0.007282894314,0.08754807026,0.00717349646,0.1959021472
C003031,2,0.04561686414,0.0137002267,0.01069714196,0.009778855253,0.03641339916,0.01271730505,0.01479481013,0.8562813976
C003034,1,0.006406363479,0.006042091837,0.6116580213,0.005735132849,0.3237038996,0.005889196504,0.002585171004,0.03798012348
C003035,2,0.01627596789,0.02009409266,0.01108969033,0.01604782381,0.02349838119,0.7605509421,0.02314698985,0.1292961122
C003037,1,0.05593049756,0.004949634766,0.004791737619,0.6042034148,0.005248402966,0.2827673401,0.005040694212,0.03706827803
C003038,4,0.1047614312,0.007377034738,0.005160980353,0.00693546644,0.4869181614,0.007062898978,0.009243923166,0.3725401037
C003041,0,0.004576699701,0.00529305262,0.008380285137,0.004233297741,0.02049517618,0.01708513428,0.005506325873,0.9344300285
C003044,3,0.0068036024,0.005593255077,0.003919818499,0.007308649916,0.005025830358,0.003948326105,0.00443072,0.9629697976
C003046,1,0.02575877923,0.02725430803,0.02663935717,0.02526407195,0.02733754647,0.02562857016,0.02895173406,0.8131656329
C003049,2,0.02105139878,0.1552859863,0.02161813984,0.3618742705,0.02528698187,0.02275337343,0.2097201345,0.1824097148
C003051,2,0.006664438815,0.008858509889,0.006868785706,0.1271294264,0.6525610316,0.00795565668,0.01051535468,0.1794467963
C003054,0,0.02034464344,0.02214065533,0.02079575549,0.01959288408,0.0276753681,0.02035032851,0.02513817967,0.8439621854
C003058,2,0.003812475975,0.6515345792,0.003980671315,0.003711059612,0.005439638796,0.004619649342,0.203890862,0.1230110638
C003060,3,0.1927570868,0.2471189878,0.02191486007,0.033116895,0.02521083479,0.2434103632,0.02514109004,0.2113298823
C003062,1,0.004944499657,0.005468477706,0.007206645662,0.8235193399,0.005552390777,0.005057584808,0.09806415235,0.05018690915
C003065,3,0.002737036139,0.002722535546,0.002802782855,0.002777551186,0.8685102603,0.006053241157,0.003360235049,0.1110363577
C003066,3,0.01061037725,0.01082617815,0.01101578436,0.1765597357,0.5596535422,0.129725664,0.01246449762,0.08914422072
C003067,0,0.01281975245,0.01402819421,0.01284767803,0.1088569837,0.01890013329,0.6986484256,0.01531100087,0.1185878319
C003071,0,0.4710283481,0.3289284319,0.006191073131,0.005833620545,0.09653551941,0.006166934985,0.007105725057,0.07821034688
C003072,1,0.04806502686,0.00283406215,0.02263754084,0.002436101437,0.002900969377,0.00257434703,0.007785681844,0.9107662705
C003073,3,0.03156697261,0.03422693666,0.0340768438,0.03129202557,0.03834436568,0.03391769805,0.03846654486,0.7581086128
C003075,3,0.005210666783,0.00521258061,0.450429504,0.005210114321,0.410805385,0.06722711281,0.005880054402,0.05002458206
C003076,2,0.002622564039,0.001735544384,0.002658097636,0.9155901744,0.05077097651,0.002897888526,0.003642432906,0.02008232159
C003079,3,0.0061453423,0.305814047,0.4673064888,0.00613688423,0.03225389882,0.07631809902,0.007835539538,0.09818970028
C003083,1,0.01272235306,0.02139312748,0.01880199529,0.2742633007,0.0223043446,0.315970819,0.02278317894,0.311760881
C003084,0,0.01319325622,0.004549024949,0.004104200825,0.0144087258,0.005394149456,0.003941728763,0.02971477227,0.9246941417
C003085,1,0.2458806912,0.006557715294,0.00611266646,0.2799498005,0.3068069229,0.00489095471,0.09386879883,0.05593245012
C003086,0,0.007761417625,0.008507955544,0.169139758,0.007626046348,0.7302060639,0.008184966748,0.009307300464,0.05926649143
C003095,1,0.1758769254,0.04312034782,0.0376739488,0.03698686762,0.04529123551,0.03828949752,0.03666358268,0.5860975947
C003096,1,0.003054533307,0.003525436829,0.003071983665,0.3864860285,0.003805936668,0.003046181749,0.4914066661,0.1056032332
C003098,2,0.02344210965,0.02730709522,0.02370594864,0.02266796893,0.02940913343,0.02547815365,0.02932847816,0.8186611123
C003099,0,0.003810106223,0.004496021217,0.003978777557,0.05371220645,0.06666764004,0.009168380914,0.006261411349,0.8519054562
C003100,2,0.0359974753,0.02853057706,0.1036772151,0.024087849,0.03039565383,0.2270717583,0.05936152542,0.4908779459
C003106,3,0.002646251324,0.0639357243,0.8457852527,0.002617288747,0.003276836717,0.002629067729,0.006061230803,0.07304834764
C003108,2,0.006451704714,0.150744042,0.006630652629,0.3243738737,0.2411505141,0.2039730714,0.008144188132,0.05853195336
C003110,1,0.007560111678,0.008029465981,0.7127042961,0.007365609449,0.00862260201,0.007486434816,0.009046590952,0.239184889
C003112,4,0.01529388199,0.7195215652,0.01605515254,0.01580086856,0.01632147664,0.08926520101,0.01612950409,0.11161235
C003113,2,0.00388783222,0.004807307162,0.005299077283,0.005076492832,0.009577700355,0.005916214571,0.009110087701,0.9563252879
C003114,2,0.00218103181,0.002542838544,0.002349479849,0.001306946974,0.003465157653,0.002686152839,0.003361639608,0.9821067527
C003116,2,0.002547001255,0.003299824806,0.002627291511,0.002463143905,0.02439222494,0.002956398691,0.00340773643,0.9583063785
C003118,4,0.003748257904,0.003953071783,0.003915209212,0.003865112779,0.003953766034,0.9251798987,0.003902945617,0.05148173795
C003119,4,0.01046567875,0.01070717046,0.01055816279,0.01036138233,0.01073353361,0.8580728665,0.01046956136,0.07863164424
C003122,2,0.006443962735,0.007633292488,0.006588801648,0.8968020132,0.008340590727,0.007223218029,0.008163661847,0.05880445933
C003124,4,0.01499183561,0.01633616635,0.01571101068,0.02529524479,0.01726058832,0.2496462409,0.01626907667,0.6444898367
C003126,4,0.01366299832,0.01474523093,0.01475533664,0.7592822704,0.01692965992,0.01446159938,0.01793498428,0.1482279201
C003127,2,0.008414646976,0.01058951548,0.009003027206,0.7710079097,0.01309205155,0.01329869149,0.01266757298,0.1619265846
C003129,1,0.008935229906,0.009788241508,0.6921566487,0.009032246085,0.1938141156,0.009183740587,0.01086872001,0.06622105767
C003132,2,0.01167599895,0.01389502862,0.01192271416,0.01110177692,0.01520140832,0.0132282144,0.7318772784,0.1910975802
C003138,3,0.2482568172,0.006754558281,0.006674614711,0.006697180268,0.008417861308,0.6495180621,0.008986043387,0.06469486268
C003139,0,0.002546866697,0.05837551579,0.002621578186,0.002538839872,0.01441696318,0.02122827636,0.8336353907,0.06463656921
C003140,0,0.6805577372,0.01837227776,0.005935939631,0.005676779411,0.03006251581,0.1433995675,0.00675537098,0.1092398118
C003143,1,0.00726170855,0.007663410687,0.007488456948,0.893971937,0.007495429291,0.007345717622,0.007252551811,0.06152078809
C003144,2,0.006771497925,0.008105910428,0.751899432,0.004586564732,0.009606712131,0.02296881997,0.009170502481,0.1868905604
C003145,1,0.003459785576,0.003763242912,0.003559152128,0.01300164226,0.003385280792,0.003635055832,0.003546553366,0.9656492871
C003146,4,0.01169804598,0.01244198458,0.0121492711,0.01078711118,0.08408868425,0.01201696256,0.4801399404,0.3766779999
C003147,0,0.03573930989,0.04222548112,0.2192684529,0.1718656372,0.04885962784,0.03880209583,0.04495805763,0.3982813375
C003148,4,0.01483717553,0.003886555237,0.003770367239,0.008201860872,0.003932684313,0.005397922941,0.003993952463,0.9559794814
C003149,3,0.2846475135,0.003890553977,0.003873246568,0.003815683656,0.004872612397,0.608834215,0.004853996458,0.08521217846
C003150,3,0.6534470745,0.0563381086,0.01040635091,0.01034445553,0.01227251873,0.01019535704,0.1826498238,0.06434631088
C003152,3,0.004048510285,0.00665889831,0.004086547453,0.00397926086,0.004937669009,0.004086536497,0.00800995063,0.964192627
C003153,4,0.007548866147,0.1477685449,0.5180308342,0.007898218653,0.01577626729,0.007915512595,0.1838419846,0.1112197716
C003154,3,0.02022313968,0.1464922259,0.02042045487,0.02002081073,0.3057378545,0.02029512128,0.2673573377,0.1994530554
C003155,3,0.027229814,0.02639081048,0.02613625939,0.02574246916,0.03187582785,0.02602291145,0.03214712749,0.8044547802
C003157,2,0.02173208926,0.3002556702,0.02249965032,0.02064035124,0.01545266582,0.01304210559,0.03133903459,0.575038433
C003160,1,0.005987769979,0.4485522434,0.005936426269,0.005923891979,0.06695881461,0.00621703892,0.3495272066,0.1108966083
C003162,3,0.003939341806,0.004090755413,0.8870958009,0.05349808631,0.004852657451,0.004063543651,0.005300959669,0.03715885479
C003163,4,0.4832453906,0.01461824137,0.1597115627,0.01597837098,0.06634298272,0.01408842496,0.01418646858,0.231828558
C003164,4,0.00763413077,0.007970660567,0.007955677599,0.007746531525,0.370972979,0.00788098859,0.5329664361,0.05687259587
C003167,1,0.003615125359,0.003966337828,0.003864562032,0.5895448174,0.003994855087,0.003774693211,0.3563469538,0.03489265522
C003176,3,0.007456466778,0.006954958756,0.00749032171,0.8448228793,0.008025110674,0.02895650692,0.03548558615,0.06080816974
C003178,1,0.002384561743,0.002655807021,0.08968393528,0.002313940857,0.8310650271,0.02236533516,0.002693565285,0.04683782755
C003180,4,0.002593001327,0.01090718366,0.9156489103,0.0102752134,0.002805762061,0.01180214277,0.002849343812,0.04311844266
C003184,0,0.1539399013,0.01692336713,0.01431715435,0.01617849894,0.01867883508,0.01528960497,0.6038783952,0.1607942431
C003185,1,0.1419435486,0.02860426787,0.01815471896,0.02518660146,0.03064984409,0.02630560042,0.1170441814,0.6121112372
C003186,0,0.0191913343,0.02087820596,0.01900189929,0.0180398502,0.02573817749,0.01910862608,0.02291175361,0.8551301531
C003188,1,0.004517587896,0.004894009481,0.004658168195,0.004484744536,0.9192465316,0.02132971765,0.004977915027,0.03589132563
C003189,2,0.02280127262,0.02651912667,0.06963506557,0.02233851024,0.1074092317,0.02486425618,0.02959639578,0.6968361413
C003191,2,0.004986456291,0.4818250689,0.005112066485,0.004726999806,0.006463369351,0.005641511667,0.4458600154,0.04538451218
C003194,0,0.005397778881,0.9085995537,0.0194780193,0.005296179243,0.006981017254,0.005592324936,0.006376889379,0.04227823727
C003196,4,0.0967964158,0.04512162558,0.008220549534,0.0223339884,0.006610160043,0.008039077097,0.7077395729,0.1051386107
C003197,4,0.005206918765,0.005471431624,0.2919528237,0.005293562837,0.005495899874,0.005402082609,0.6283381693,0.05283911128
C003198,3,0.02974368587,0.0229794856,0.7725090893,0.08737508068,0.009692674544,0.006449853152,0.01198103316,0.05926909774
C003201,4,0.02537264276,0.02653354404,0.02647288689,0.02594677957,0.02791071013,0.0258700007,0.02874198067,0.8131514552
C003202,1,0.01256074907,0.01346275427,0.0128841873,0.01228984758,0.8031454872,0.01260295755,0.012738681,0.120315336
C003203,1,0.004255620205,0.004531441966,0.004337240539,0.004130833681,0.9335682577,0.004239048373,0.004731820058,0.04020573753
C003205,3,0.003927009569,0.4317206299,0.4081457146,0.00409175371,0.1125537326,0.003976243311,0.004746179507,0.0308387368
C003206,1,0.6191373666,0.01394346705,0.01358001613,0.0131469386,0.06861425813,0.1371313036,0.01371226206,0.1207343879
C003210,0,0.003317479226,0.5929529654,0.2544834458,0.003260699025,0.004679698843,0.003545114795,0.07965687396,0.0581037229
C003211,3,0.01940555747,0.01901344651,0.01932375454,0.01897249258,0.6955638209,0.01911551467,0.0198753213,0.188730092
C003214,0,0.01266230336,0.06399399325,0.01277587045,0.01201556646,0.3439312762,0.3887488651,0.01460051426,0.1512716109
C003216,0,0.002296063,0.126969266,0.002361245352,0.002255256365,0.02324998686,0.00235577871,0.8256182818,0.01489412191
C003217,1,0.4128031052,0.3121036132,0.006441900483,0.006186199925,0.008378272107,0.006553134801,0.008554268265,0.238979506
C003218,3,0.00226186417,0.002258270451,0.93888575,0.002251689564,0.007204325512,0.00226261326,0.00285487522,0.04202061178
C003220,0,0.01693625117,0.01321689199,0.01196199883,0.1260530876,0.01479002675,0.05342862196,0.0289790712,0.7346340505
C003223,0,0.01412484841,0.01879188816,0.01682622983,0.01596502208,0.3222812504,0.01750660239,0.1666591271,0.4278450316
C003228,3,0.01011827102,0.3468040184,0.5368069748,0.01021668948,0.01132271915,0.01005705414,0.0113440292,0.06333024384
C003229,3,0.01053052677,0.01019964688,0.01038229533,0.01019580368,0.5243537207,0.01008944626,0.1071273995,0.3171211609
C003231,0,0.003787590144,0.04827375318,0.07295361716,0.05429229355,0.005300477021,0.001680173616,0.004868685292,0.80884341
C003232,4,0.3605184073,0.009160906858,0.5064169011,0.009047296565,0.009334190243,0.009082069984,0.008796591798,0.08764363609
C003233,0,0.01125644101,0.0126731307,0.4298014712,0.01129815208,0.1813943357,0.0145119552,0.1665725954,0.1724919187
C003234,4,0.004315772212,0.004736645041,0.004559830254,0.004504414811,0.6583650234,0.004652115081,0.1318847897,0.1869814095
C003238,2,0.0083099369,0.008887535063,0.127324996,0.5628659566,0.01118887117,0.0364915571,0.11414581,0.1307853372
C003240,1,0.004637260677,0.005190925951,0.004801528609,0.004650400864,0.8086947027,0.004867487795,0.04001018672,0.1271475067
C003242,3,0.004009442213,0.002745905723,0.004029605736,0.004796247326,0.003287451772,0.02688129716,0.03065473264,0.9235953174
C003243,0,0.01219435458,0.2037847082,0.01236178468,0.3182446244,0.01469350362,0.2137042198,0.01329347597,0.2117233288
C003244,4,0.001375592385,0.001515185591,0.003002132138,0.001471674702,0.9373829509,0.001457077799,0.001525258943,0.05227012754
C003246,2,0.004337203316,0.005655321764,0.004648644972,0.004301027823,0.003608622314,0.8511944353,0.003556689996,0.1226980545
C003247,3,0.01457366106,0.01453826786,0.07476604718,0.03119977359,0.01826932506,0.1260749362,0.1405855173,0.5799924718
C003248,1,0.004730255291,0.007369487818,0.2447157881,0.004622967813,0.005217602871,0.6812925575,0.005116818863,0.04693452176
C003249,3,0.8585597032,0.003075691032,0.003130792538,0.003030673347,0.007303976802,0.00303769393,0.09676803726,0.02509343191
C003250,4,0.003057830466,0.003365100614,0.7004150847,0.06495859419,0.003584848965,0.003244382524,0.1651368439,0.05623731463
C003252,1,0.5922318334,0.008542510144,0.2128594611,0.007767568375,0.009734236951,0.007884520048,0.01211522308,0.1488646469
C003254,2,0.01283976966,0.01432847677,0.01343001437,0.795912953,0.01612378415,0.01388487094,0.01597387245,0.1175062587
C003256,3,0.01422496829,0.2044801143,0.02513558357,0.01134874986,0.6085441601,0.01115784938,0.0146884642,0.1104201104
C003257,4,0.02451274004,0.0352491961,0.02619974754,0.02508041235,0.0272288296,0.0255858187,0.02564817992,0.8104950758
C003259,1,0.005146810819,0.5869825137,0.005368338946,0.005254184671,0.005878117245,0.1544313904,0.1754387109,0.06149993339
C003260,4,0.02507603878,0.02672392829,0.02648650258,0.02542886727,0.02773972156,0.0260693751,0.1181912214,0.724284345
C003261,0,0.01821055327,0.0089069043,0.01694738583,0.02632061125,0.01062483394,0.00816858342,0.01002641242,0.9007947156
C003266,1,0.09132089573,0.004077432906,0.1481492269,0.00376494143,0.004056520535,0.003897298463,0.7123750078,0.03235867618
C003268,3,0.006674302602,0.004838930296,0.006619500327,0.006490611841,0.01072715261,0.01393638211,0.005436296785,0.9452768234
C003270,2,0.005075697449,0.005818786248,0.005387128704,0.1076448994,0.005929907082,0.711760742,0.005847609333,0.1525352298
C003278,4,0.01388635473,0.2830264086,0.09008307893,0.01398436599,0.01525319288,0.01407952819,0.01497916354,0.5547079071
C003280,0,0.02236194124,0.02471076197,0.02278511062,0.02183152208,0.02774682402,0.04779139657,0.02615045961,0.8066219839
C003281,0,0.01470247777,0.02710556538,0.01441111167,0.01381845675,0.1823556971,0.01475676149,0.1864607449,0.5463891849
C003282,2,0.01283417208,0.01616879055,0.01348094524,0.01251709369,0.01827344243,0.1902116693,0.01817798711,0.7183358996
C003283,1,0.007213386474,0.6407045032,0.007437795437,0.007145638541,0.126014809,0.01030118852,0.1334418852,0.06774079359
C003285,3,0.009922157204,0.4680803613,0.00958063942,0.009810295031,0.1227699473,0.224889105,0.08607163022,0.06887586452
C003290,3,0.01904869833,0.06328711502,0.01051942127,0.01940373992,0.02540135627,0.01827784847,0.02527967159,0.8187821491
C003294,2,0.007457618802,0.008600842014,0.007757240193,0.6095131941,0.2881755112,0.008312951828,0.006939268608,0.06324337322
C003295,3,0.1882755895,0.004517653629,0.7513774745,0.004625890547,0.00576528685,0.004444282459,0.005788700043,0.03520512251
C003299,1,0.003413645779,0.003975785363,0.003142266975,0.003307696682,0.0409524189,0.01305395733,0.004096230249,0.9280579987
C003301,2,0.007247633184,0.008433427947,0.00760264448,0.006520850042,0.01132153597,0.7972222472,0.01112926864,0.1505223926
C003302,2,0.01256200768,0.05485517619,0.4644030411,0.01199067263,0.09722429955,0.01352754305,0.1054866196,0.2399506401
C003303,0,0.02050820457,0.02228720597,0.02508053484,0.01966972008,0.02578965401,0.02082308351,0.02474916182,0.8410924352
C003305,1,0.00330851945,0.02971638999,0.005408459973,0.03408282985,0.005315272296,0.003423667868,0.003114052637,0.9156308079
C003306,4,0.005062462452,0.2744519578,0.2065148342,0.01021937397,0.01050848323,0.4111938378,0.01094388571,0.07110516497
C003308,0,0.01148968359,0.01303417637,0.2521984263,0.01121074608,0.01578314311,0.01226558228,0.6016298252,0.08238841707
C003310,3,0.06985893333,0.02021692005,0.003851903083,0.003686680609,0.004325670948,0.003696487521,0.004259687516,0.8901037169
C003311,1,0.01520011389,0.01617134467,0.01574481686,0.015326078,0.782310748,0.01567374055,0.01589389292,0.1236792651
C003312,3,0.004780067338,0.004941915351,0.002332888158,0.004620837487,0.02758038998,0.004911949557,0.007773352528,0.9430585996
C003313,1,0.02473793105,0.02637095248,0.02554614821,0.02434504046,0.02399949039,0.02474493522,0.02399328628,0.8262622159
C003315,2,0.01929043068,0.2186321588,0.01986896929,0.01861256525,0.02512629914,0.01224803716,0.02519401441,0.6610275253
C003319,0,0.224054974,0.07557040444,0.002890774233,0.002791139928,0.004212198747,0.003359694587,0.6203944025,0.06672641151
C003322,2,0.9581712036,0.02082825698,0.00145264569,0.001332052732,0.001777473043,0.001582548145,0.001768317434,0.01308750238
C003325,2,0.02426892683,0.02904202626,0.02525726075,0.03155262024,0.02999281404,0.0269356921,0.03479059501,0.7981600648
C003326,3,0.004218928326,0.00608328311,0.004340526813,0.004465169888,0.01599501266,0.004168055975,0.7819379989,0.1787910243
C003327,1,0.2891136414,0.02337463903,0.02191071034,0.424269518,0.02486762346,0.02157465889,0.02400397871,0.1708852301
C003330,0,0.0104557755,0.01136317127,0.6432559256,0.01028272108,0.01291819006,0.01064457636,0.01232120946,0.2887584306
C003332,2,0.002082746788,0.002550253505,0.01432775633,0.8664406988,0.05779539479,0.002470034439,0.003850380991,0.05048273436
C003333,0,0.006011643815,0.2978051189,0.00601925044,0.00579267918,0.0106711855,0.006238944503,0.5042837518,0.1631774259
C003334,2,0.001891106539,0.297893662,0.006681478489,0.4184809765,0.008851965227,0.007063039933,0.1532643846,0.1058733867
C003338,1,0.1587182486,0.01417905495,0.1199312849,0.01334261872,0.1242504587,0.01378445835,0.1393376923,0.4164561834
C003339,4,0.1019613238,0.6294218661,0.01439757266,0.00703681148,0.007118272092,0.02979132024,0.006952315548,0.2033205181
C003340,0,0.001891480674,0.00237177924,0.001826374949,0.001814758268,0.8908839121,0.002147887307,0.003518636628,0.09554517084
C003342,1,0.005492868348,0.6963041298,0.006960302291,0.2085131848,0.00726262332,0.006773562076,0.006959197565,0.06173413178
C003343,4,0.7077892594,0.01913767978,0.0179717152,0.01742274156,0.01821889982,0.017865061,0.01750314974,0.1840914935
C003345,3,0.003035223315,0.008117148575,0.003039870445,0.00291234308,0.00122961323,0.001194129871,0.001209800703,0.9792618708
C003346,1,0.01063898139,0.8601525656,0.01098244748,0.0107975158,0.01362277587,0.01097940516,0.01327777068,0.06954853799
C003347,2,0.01765965438,0.02153542623,0.01858969858,0.05936835946,0.3033156933,0.06318018459,0.0583697249,0.4579812585
C003348,1,0.01509034556,0.001795320445,0.001567824555,0.001503998024,0.0232503603,0.0549836316,0.7696678739,0.1321406456
C003349,0,0.01231598175,0.6898392395,0.01264491847,0.01189873419,0.09227057419,0.01235134608,0.05512028508,0.1135589208
C003352,0,0.009164032555,0.01117786509,0.009017724587,0.1231811124,0.137599567,0.1573745883,0.09940410988,0.4530810002
C003354,0,0.004325591671,0.002145906765,0.9223630015,0.001934980794,0.00252185817,0.002048202481,0.002333578439,0.06232688014
C003355,2,0.009224501492,0.6169773338,0.009600795254,0.008963587425,0.2178566202,0.01045587023,0.01238751922,0.1145337724
C003356,1,0.01209390674,0.0130380128,0.01256234226,0.1931390376,0.01341314744,0.6367306555,0.013546954,0.1054759437
C003357,2,0.0008550473019,0.007140009039,0.03085673368,0.001878367327,0.002703265878,0.00170007059,0.002624680582,0.9522418256
C003359,0,0.006740483281,0.1687006212,0.05522313997,0.006741282713,0.01691053588,0.0107559617,0.1436377522,0.591290223
C003361,0,0.01318669541,0.8152330893,0.01326758276,0.009397587521,0.0157463715,0.01308397436,0.01435314485,0.1057315543
C003362,2,0.011514773,0.09643051993,0.02705719085,0.008661864302,0.0042053111,0.03016167643,0.007544640221,0.8144240242
C003364,1,0.006218497014,0.6778927517,0.006466407157,0.05767172917,0.007312294181,0.05167278017,0.1449907534,0.04777478718
C003365,1,0.1883934126,0.5245679806,0.005581077403,0.005617855039,0.08794403788,0.05242601907,0.006340326137,0.1291292913
C003371,1,0.01558806793,0.08032702671,0.01606334411,0.4403676151,0.0172860668,0.1156245339,0.2038836222,0.1108597232
C003372,3,0.004115647836,0.004129729042,0.03649281195,0.00114331424,0.007255259748,0.004072196302,0.001714242373,0.9410767985
C003373,3,0.01230188895,0.007082847035,0.274536734,0.006630127436,0.006968730285,0.529956569,0.006718343327,0.1558047599
C003374,1,0.02622632805,0.02876839006,0.02830411025,0.1136686987,0.03166174658,0.02706526551,0.03216654252,0.7121389183
C003375,3,0.009827951857,0.08583372004,0.09759540272,0.05282281137,0.01268468869,0.6523691502,0.01282509368,0.0760411814
C003376,1,0.01918531377,0.3343618552,0.09022892483,0.04882949379,0.02140965078,0.09710074011,0.2478369122,0.1410471093
C003378,0,0.08549248215,0.02161134111,0.8675669225,0.001309799822,0.00169239953,0.002630488687,0.001630642049,0.01806592415
C003381,1,0.005865285981,0.006499527678,0.738651325,0.1659863435,0.004559369615,0.0059680339,0.008285059461,0.06418505488
C003382,1,0.02558644187,0.03640505902,0.02702019595,0.02551129046,0.02869936196,0.02605421698,0.02922824804,0.8014951857
C003383,1,0.00506062588,0.008511175927,0.006489014823,0.006228710535,0.8975475796,0.00636864691,0.008099213739,0.06169503264
C003385,4,0.003077587981,0.8691523985,0.003267255233,0.00324415309,0.003450896679,0.00318216949,0.003815692456,0.1108098466
C003386,1,0.0181320897,0.0192436573,0.01890021974,0.728144078,0.01920860706,0.01877567541,0.01827387121,0.1593218016
C003387,1,0.02398393498,0.02591059051,0.02500087739,0.02348114825,0.02859839324,0.03709927315,0.02863618967,0.8072895928
C003388,1,0.1556544744,0.02222775043,0.00646680118,0.006213873397,0.6359031981,0.006407044826,0.006848816242,0.1602780414
C003392,3,0.005096872829,0.08094585544,0.005301883938,0.005274732403,0.3833454852,0.1334185334,0.01909622051,0.3675204162
C003393,3,0.01255906622,0.01240103726,0.01256059272,0.01243054196,0.0163844333,0.7636534229,0.02157150247,0.1484394032
C003396,1,0.00215245538,0.002396654211,0.002269635724,0.002147610881,0.002660211967,0.1200324075,0.8051497099,0.06319131447
C003398,3,0.008803823681,0.175930487,0.008836425086,0.00862351448,0.009479493667,0.6914461519,0.009402631309,0.08747747294
C003399,1,0.01006630439,0.001984516533,0.01481976224,0.001631635206,0.3572289478,0.5712390467,0.002282895778,0.04074689136
C003400,2,0.3381835951,0.01896573641,0.1195150173,0.01543661172,0.280946026,0.01828832121,0.02175601181,0.1869086803
C003401,3,0.0279799889,0.1209473824,0.05089247838,0.09475667661,0.03669317758,0.057036996,0.03667698899,0.5750163112
C003403,2,0.001712059337,0.002017516766,0.00172391407,0.9747356877,0.002139106833,0.001879759286,0.002119225298,0.01367273069
C003404,4,0.008349011053,0.008654619498,0.7939145303,0.008437267465,0.03951521531,0.008837411919,0.0301018948,0.1021900497
C003405,2,0.01486729252,0.01748983161,0.3288411907,0.01437193568,0.3954784135,0.01681552884,0.01858879679,0.1935470104
C003406,3,0.1081799476,0.01192937307,0.01177129699,0.4339180894,0.01864156377,0.0116953346,0.2152828636,0.188581531
C003408,2,0.003460248453,0.004402496335,0.6156679423,0.2594646164,0.005368551333,0.004271442986,0.005305812816,0.1020588894
C003409,2,0.001292515299,0.002152710357,0.003966942776,0.04038735524,0.00232080106,0.002035807217,0.9325259803,0.01531788779
C003412,3,0.01240105407,0.01218297802,0.3029200638,0.01241409336,0.01403762556,0.01220307901,0.517485431,0.1163556752
C003414,1,0.005265622395,0.499353229,0.005396907892,0.005248671209,0.005807804553,0.2168135608,0.2245519514,0.03756225275
C003419,3,0.009657132183,0.5611936585,0.009842468468,0.009856948738,0.01179148884,0.009706230262,0.3127601652,0.0751919079
C003420,4,0.007368436883,0.1305834453,0.3004967093,0.007563411008,0.007992162674,0.007618946106,0.3540071275,0.1843697612
C003421,1,0.02552802166,0.02741054941,0.02704376512,0.02535604366,0.02731400741,0.0258448023,0.02902963607,0.8124731744
C003422,2,0.009079714239,0.01215832491,0.0102369798,0.008725305196,0.6660994367,0.01137085428,0.0283077631,0.2540216218
C003423,2,0.02223790479,0.02740567151,0.02270403989,0.02125036124,0.02884523211,0.02453483645,0.05325262212,0.7997693319
C003428,3,0.01546455187,0.01102292765,0.01128474677,0.01118200296,0.01322493602,0.8100117186,0.01318665894,0.1146224572
C003430,1,0.002976310437,0.06104747914,0.04390113754,0.002915532302,0.06442539287,0.7735096535,0.003687754717,0.04753673945
C003431,4,0.0396648903,0.3708637509,0.0388784744,0.452531197,0.004625075581,0.004649430305,0.05272817116,0.03605901038
C003435,3,0.62490107,0.01171133862,0.1940393433,0.05031031774,0.01315867634,0.01181849955,0.01315700033,0.08090375407
C003437,2,0.003812969957,0.004585807562,0.003979823669,0.665371196,0.2768517772,0.004421793812,0.005022337626,0.03595429417
C003446,2,0.09973769038,0.5470160313,0.01888521281,0.1412567426,0.02069829605,0.01919522014,0.02245412085,0.1307566859
C003447,2,0.003184234612,0.004010076339,0.003369599436,0.003026908777,0.8525074362,0.003778305619,0.004754317018,0.125369122
C003448,1,0.01128063037,0.07878911224,0.02290689516,0.02968175519,0.0128003885,0.01202649352,0.01243658333,0.8200781417
C003449,1,0.01007458767,0.2927395118,0.4659029658,0.01002183692,0.01310794754,0.01057965357,0.01674377364,0.180829723
C003453,3,0.002637577469,0.002510834437,0.002642024195,0.8852636058,0.002792513214,0.01384590231,0.002822902605,0.08748463993
C003455,3,0.0121694885,0.01212684101,0.01217237914,0.7259335564,0.01537681352,0.01216003011,0.01532253062,0.1947383606
C003456,4,0.00752235073,0.3977275253,0.007817469198,0.007615134693,0.00793403491,0.007814104283,0.5023436459,0.061225735
C003457,4,0.005683869202,0.1074263736,0.02077229681,0.009201490283,0.005896887425,0.06186231133,0.005576104562,0.7835806668
C003460,4,0.003368734664,0.003647736738,0.003520485012,0.003372645719,0.6963256773,0.003639264182,0.004028978107,0.2820964783
C003462,1,0.01027785703,0.1645504289,0.0231343813,0.04497106193,0.0239821648,0.04734836938,0.02563982472,0.6600959119
C003466,0,0.04839074664,0.01375014135,0.01169316683,0.128694976,0.01515249452,0.01249257527,0.01434044653,0.7554854528
C003468,3,0.5721346507,0.1523379454,0.006220421056,0.006209409688,0.007645871147,0.006095843652,0.1951287725,0.05422708581
C003469,4,0.003228811563,0.003599266448,0.003373049267,0.003652201245,0.003630102231,0.00215194088,0.00376675106,0.9765978773
C003470,2,0.4841040938,0.09163042335,0.02975758572,0.02819758401,0.03902705726,0.0324405053,0.03932912865,0.2555136219
C003472,1,0.009210009393,0.1200802193,0.009318293261,0.1744175694,0.2826039175,0.009258941071,0.3221292838,0.07298176624
C003473,0,0.003945791261,0.004482903721,0.0689592313,0.004015816267,0.004911001755,0.004190617524,0.7727971322,0.136697506
C003474,1,0.20286629,0.05305810117,0.007434616198,0.0072893697,0.008129672373,0.007693843128,0.5209117084,0.1926163991
C003475,0,0.00605717248,0.008466667197,0.005996000741,0.8876218925,0.0151315932,0.01077901157,0.02082715243,0.04512050992
C003478,1,0.09333059471,0.01199626421,0.1057956885,0.01435745852,0.2796015874,0.01114077552,0.330550614,0.1532270172
C003479,4,0.002968388845,0.06000294708,0.8766267836,0.003061656045,0.003173362448,0.02498880088,0.00325846892,0.0259195922
C003481,4,0.1726019902,0.005418698616,0.6566720516,0.005356190555,0.005740417919,0.04623501821,0.005671232589,0.1023044002
C003482,2,0.04206669649,0.003259787586,0.00175874978,0.002338763151,0.2712086574,0.604440405,0.003597311406,0.07132962915
C003484,0,0.2142486639,0.006153915553,0.7138978925,0.005469193559,0.006795074273,0.005820368031,0.006646071083,0.04096882107
C003487,2,0.009649110334,0.1178722628,0.009942524943,0.3231018924,0.4311173037,0.01074433712,0.01248127075,0.08509129789
C003488,2,0.001931281759,0.002496370677,0.04956585248,0.001100775027,0.002678573584,0.001985373385,0.002568339082,0.937673434
C003489,3,0.004486349105,0.004451896087,0.004546493546,0.004478022311,0.9325838841,0.004448747162,0.004945305669,0.04005930204
C003490,2,0.009954520824,0.01142164326,0.6264651211,0.009504005175,0.1848733537,0.01104728266,0.06525631477,0.08147775843
C003491,0,0.009033831843,0.01162352388,0.03569549958,0.06523026398,0.01300257988,0.06365196811,0.01225888573,0.789503447
C003492,3,0.02658711787,0.02529844531,0.02638312328,0.02609252047,0.02179271211,0.1107579134,0.01499699246,0.7480911751
C003493,1,0.02549015418,0.08265462564,0.02700397796,0.02531642991,0.02737279756,0.0258075594,0.02761370888,0.7587407465
C003494,3,0.005756472314,0.005803187002,0.6324920338,0.005701189298,0.007523654214,0.00579138036,0.2143082641,0.1226238188
C003496,3,0.01124153073,0.02216360266,0.02283033862,0.02251420876,0.0229236102,0.02217005364,0.6675717537,0.2085849017
C003497,3,0.03387403562,0.03377631292,0.03457887986,0.03361195647,0.03556436149,0.150913006,0.03865375957,0.6390276881
C003498,2,0.02610866085,0.02970439147,0.02722613882,0.02519752024,0.01967912383,0.1800455527,0.05076838416,0.6412702279
C003504,3,0.02165607842,0.1905719892,0.02063283577,0.02023315695,0.02349310846,0.02056380857,0.02465378176,0.6781952409
C003506,4,0.01512931427,0.01610769787,0.01630474127,0.365448491,0.1876829691,0.2250794256,0.027051084,0.1471962769
C003507,3,0.007986119481,0.007833738412,0.008070484612,0.03852687098,0.006233204581,0.8550057174,0.005950305409,0.07039355914
C003508,1,0.05280026313,0.01836657123,0.0650700909,0.01743663051,0.016607129,0.7063286894,0.01633180675,0.1070588191
C003510,0,0.5045347164,0.01503930879,0.01373578876,0.01333304654,0.02617550985,0.01435857834,0.326877762,0.08594528928
C003514,1,0.0123850787,0.01375490125,0.04147409444,0.01216157786,0.01431185324,0.01264861229,0.4373084441,0.4559554381
C003515,3,0.3516407737,0.02803424598,0.01549080817,0.01530438915,0.0414536342,0.01498372084,0.3586529511,0.1744394768
C003516,0,0.2596581172,0.008383367413,0.007534585307,0.1397241205,0.01242831755,0.007757241858,0.5070789983,0.05743525181
C003517,2,0.006326345446,0.008155925837,0.006643024768,0.2477671609,0.3688844707,0.0565672886,0.008968968435,0.2966868153
C003518,4,0.006027375048,0.3551793989,0.006276620117,0.5509025706,0.006186366064,0.006186708634,0.01942848525,0.04981247547
C003520,4,0.003592213168,0.004041840475,0.06619746512,0.003790653091,0.008689971905,0.003876537086,0.00436605875,0.9054452604
C003521,0,0.01341814232,0.01283693529,0.01152604046,0.01446390259,0.02911362345,0.4141899673,0.2835915794,0.2208598091
C003522,3,0.8275500295,0.008914584513,0.03523773554,0.009021276814,0.01183828535,0.008847004041,0.01200718583,0.08658389839
C003526,4,0.007213357724,0.01326688666,0.01364501811,0.01364252811,0.7907913028,0.01299626176,0.01314557358,0.1352990712
C003528,4,0.002601432315,0.907903645,0.0028127145,0.002779576966,0.01833296593,0.002748439593,0.002967926557,0.05985329915
C003529,1,0.008605677359,0.01020209121,0.009160262286,0.1994778682,0.009838428295,0.01716039636,0.009447934162,0.7361073421
C003531,0,0.8011225215,0.01900503398,0.009290392602,0.07276230205,0.01082129515,0.009323757453,0.01054599732,0.06712869996
C003532,4,0.07617084844,0.7607313479,0.005668454705,0.005885100257,0.006327429729,0.005884529486,0.006009377523,0.1333229119
C003534,3,0.1616703814,0.01314448863,0.1032397732,0.3948183009,0.04526577804,0.01301135051,0.01723937374,0.2516105537
C003537,0,0.01042464711,0.801223589,0.01064234514,0.01010692156,0.01404909406,0.01063536628,0.01245259482,0.130465442
C003540,3,0.07638988268,0.01395881281,0.01392206202,0.02711624811,0.02494046482,0.5759747305,0.01703500026,0.2506627988
C003542,3,0.007072185648,0.007484937481,0.007283904879,0.2742213806,0.2318128048,0.3090447804,0.01312389802,0.1499561081
C003543,3,0.01305138235,0.01296800954,0.01346772459,0.2186859892,0.01654802114,0.5731291551,0.01713955333,0.1350101647
C003544,2,0.1154244368,0.001666017118,0.001792901987,0.8275479413,0.002593433593,0.002112834914,0.002549264588,0.04631316971
C003546,0,0.3702066343,0.01330411882,0.238355733,0.01155269821,0.01596705828,0.01246833246,0.2589800107,0.07916541428
C003549,3,0.02701229204,0.0269944228,0.02772560255,0.02627029521,0.02981575179,0.02673214243,0.02982593093,0.8056235623
C003550,0,0.01354794487,0.01490058692,0.01348314907,0.01777197868,0.5904355326,0.06941675819,0.00646887676,0.2739751729
C003553,4,0.008690701505,0.009058056546,0.429778712,0.008895196457,0.456487087,0.008960459981,0.009784979695,0.06834480687
C003558,0,0.003552326718,0.9331524455,0.003621297324,0.003475037912,0.004145244235,0.003677581566,0.004111908175,0.04426415859
C003559,3,0.01020276217,0.05093619743,0.6885501698,0.04708998407,0.01158181364,0.05696291161,0.0115249322,0.1231512291
C003562,0,0.008445883838,0.8472596936,0.008649841624,0.00825003795,0.01028226179,0.004488582646,0.01014259157,0.102481107
C003563,4,0.01279776938,0.2509018645,0.01357814788,0.4353478824,0.05750154759,0.0517529861,0.06620450329,0.1119152988
C003567,3,0.009113754821,0.5241813369,0.009356034708,0.3472085082,0.01042171084,0.009072341696,0.01037589851,0.08027041431
C003569,0,0.01459740445,0.01853842851,0.01731405574,0.01646990699,0.02111220951,0.01745883976,0.7156951138,0.1788140413
C003570,1,0.00273395216,0.002988856359,0.002735897237,0.001416394624,0.004353710104,0.002884019159,0.8994827644,0.08340440598
C003573,4,0.009325388808,0.009335032958,0.4459413524,0.009280423415,0.009315326655,0.4184054233,0.008881103057,0.08951594937
C003576,1,0.00220356008,0.002341319115,0.922049168,0.04230936659,0.002400665115,0.002249003946,0.002325123804,0.02412179331
C003577,0,0.005215460622,0.005942461465,0.005337050564,0.005104897407,0.007014516033,0.005352158555,0.9168252911,0.04920816424
C003579,4,0.319718387,0.007569531936,0.01631799223,0.006422139876,0.006698477919,0.5495590616,0.007180686493,0.08653372297
C003580,3,0.01922339838,0.010521852,0.2463820835,0.2709229665,0.05001392792,0.01257882862,0.02281226457,0.3675446785
C003585,2,0.002455166924,0.003251205519,0.002060148187,0.002401468954,0.003693529017,0.003385791839,0.003586976191,0.9791657134
C003586,1,0.00294898319,0.003620248227,0.02823325243,0.002845130371,0.02757646099,0.0007127374026,0.003952402551,0.9301107848
C003590,4,0.008110955646,0.01131612097,0.1352452856,0.4173048175,0.01174318528,0.01138301122,0.3230705842,0.08182603962
C003591,0,0.02239249236,0.003220984259,0.001189876304,0.002552905451,0.003392910208,0.004308957832,0.001237790761,0.9617040828
C003593,2,0.02543250865,0.02682696263,0.0272556428,0.02444993321,0.02825468524,0.02580468153,0.02765512433,0.8143204616
C003594,2,0.007316028318,0.00872046983,0.007544459464,0.007013095534,0.006272045329,0.008223156508,0.8698257446,0.08508500043
C003595,0,0.01705821827,0.01872005712,0.01746554214,0.2764653299,0.02080840769,0.01775198311,0.01949429591,0.6122361659
C003596,3,0.003702731173,0.04585437276,0.003822508078,0.003812198206,0.004737199913,0.835131733,0.004735441089,0.09820381578
C003597,4,0.004440177395,0.004679786365,0.004586508556,0.7919419073,0.1356318011,0.004612952075,0.004508535485,0.04959833174
C003598,2,0.005368132693,0.006698843754,0.005817782413,0.005235699823,0.7160276148,0.006216998765,0.007696247294,0.2469386805
C003599,1,0.01375081756,0.7470432259,0.01400816757,0.01338131642,0.01456100263,0.01563614757,0.01413272953,0.1674865928
C003600,4,0.006138844296,0.00636484082,0.006617343555,0.7713857337,0.006757740816,0.005869803542,0.0065333466,0.1903323466
C003607,0,0.0271863794,0.03178964117,0.02871534855,0.02759309743,0.03826683949,0.3002275186,0.03444599411,0.5117751813
C003609,0,0.01565487697,0.01818861264,0.01634086588,0.01561676004,0.2187844966,0.01636659839,0.1672712201,0.5317765694
C003612,1,0.0032374701,0.003710296285,0.003300206822,0.2281604039,0.004011341589,0.003323900402,0.6905798086,0.06367657233
C003613,3,0.02612238498,0.02521023563,0.02516847307,0.02752356059,0.03051892646,0.02486119902,0.03136384675,0.8092313735
C003614,0,0.02357579824,0.02589507124,0.04676507156,0.02339758908,0.0252835088,0.02452407261,0.02294618446,0.807612704
C003617,1,0.3745510138,0.01239529383,0.009701869384,0.009642699826,0.5071772302,0.009767688898,0.009239532405,0.06752467162
C003619,4,0.002611333621,0.002752348922,0.002760113005,0.8811599506,0.07951483297,0.00270889522,0.002652553279,0.02583997243
C003621,3,0.02263835523,0.02236581123,0.02315956125,0.663650337,0.02562384719,0.02238849605,0.02589387515,0.1942797169
C003623,1,0.003397531432,0.003819280403,0.003889508478,0.003395433766,0.004515653498,0.07030692374,0.006163916455,0.9045117522
C003624,1,0.03424687086,0.03396243688,0.03605820078,0.03448841528,0.01300009692,0.03506793657,0.01468364348,0.7984923992
C003626,1,0.01032801406,0.01166861324,0.3178486792,0.03826719375,0.01436490332,0.4697418977,0.01455666819,0.1232240305
C003629,0,0.02460784407,0.02835990935,0.03197784247,0.02218963057,0.03299318802,0.02638870568,0.03220016918,0.8012827106
C003631,1,0.007105565956,0.7584309874,0.007134068692,0.05713845783,0.008494693861,0.00708851151,0.07423251846,0.08037519634
C003634,4,0.00282465201,0.002920142643,0.03819343494,0.2502935749,0.005784416026,0.6662893107,0.003881267126,0.02981320159
C003635,1,0.01798212525,0.04104686458,0.01738756726,0.002729440888,0.004946803811,0.003052819342,0.003638858694,0.9092155202
C003636,3,0.02311870805,0.01420941662,0.01439371644,0.2934092275,0.01899184984,0.01681975508,0.01884219729,0.6002151292
C003638,3,0.1361351869,0.003522939364,0.003606091392,0.003490040355,0.004502711679,0.819766459,0.004708992123,0.0242675792
C003639,4,0.05066599763,0.01185428061,0.008425313596,0.004666957005,0.01084904742,0.007557120742,0.01057355337,0.8954077296
C003640,4,0.004444916866,0.08558878029,0.004704594174,0.004615623616,0.607832427,0.02364014182,0.1777809385,0.09139257773
C003642,1,0.007216088773,0.008783649251,0.007228324384,0.006998456849,0.0179667116,0.00774869359,0.01608572758,0.927972348
C003647,4,0.007539942772,0.04138822348,0.3112481446,0.01221653088,0.00925381891,0.1177414,0.008975813739,0.4916361256
C003648,4,0.1054800875,0.007212952053,0.007342165833,0.00718886921,0.01782547718,0.007070581787,0.7887833852,0.05909648115
C003649,1,0.00224615895,0.002605351929,0.04692133183,0.002177861154,0.8698308088,0.002328221155,0.002583043374,0.07130722283
C003652,3,0.00868788854,0.0086243955,0.008912821204,0.008567113523,0.01075386053,0.5912728153,0.01072114002,0.3524599654
C003653,2,0.01599805479,0.08778443304,0.01662955657,0.4862243513,0.01835915717,0.01695964098,0.01833866257,0.3397061436
C003654,4,0.01586030826,0.1094537892,0.3652293284,0.100450049,0.01831902802,0.01635942693,0.01627432338,0.3580537469
C003658,3,0.002908376875,0.002907340499,0.004466556659,0.001450260104,0.001851871459,0.002798057164,0.001696107949,0.9819214293
C003659,1,0.03707895422,0.01031939419,0.4556599558,0.008731583811,0.01129513552,0.1802286778,0.06726079373,0.2294255049
C003660,4,0.04042480928,0.009175662223,0.009321964376,0.6174075359,0.009112795215,0.009100360034,0.02807490337,0.2773819696
C003661,4,0.003162531952,0.003318673504,0.003302283784,0.1470872518,0.003336641983,0.003277591755,0.8089143371,0.02760068805
C003662,0,0.002992135133,0.003293652664,0.002795558328,0.002669592422,0.003883362857,0.002969753008,0.003486911199,0.9779090344
C003663,4,0.04256479494,0.07812995094,0.01115898489,0.01094315518,0.3547431283,0.01133305119,0.3804508572,0.1106760773
C003664,2,0.01020465353,0.01173517023,0.01043754771,0.009726147687,0.357014467,0.5174619829,0.007608440091,0.07581159085
C003666,1,0.021540683,0.5628807362,0.001849982936,0.001789165483,0.002290984438,0.001935569231,0.3807392361,0.02697364257
C003667,3,0.4468367619,0.4490651431,0.006979661878,0.006900689563,0.00810019914,0.006727233242,0.008551659707,0.06683865151
C003669,2,0.6280607316,0.006230340584,0.005770145883,0.005378748559,0.006769464759,0.2806700111,0.02693269021,0.04018786727
C003672,0,0.02921130454,0.03202474972,0.04243326502,0.02899083524,0.03348090396,0.03023863687,0.03310760258,0.7705127021
C003676,0,0.01155775221,0.008864134888,0.01101713248,0.4563638125,0.2383906838,0.03643282378,0.01638182532,0.220991835
C003677,4,0.004201568273,0.1881197193,0.07743005154,0.2664495599,0.01428711921,0.004235288957,0.406489381,0.03878731187
C003684,0,0.009163449727,0.01064340485,0.1352241677,0.2402537484,0.01227592651,0.009567747815,0.3877796924,0.1950918626
C003687,1,0.007873408245,0.008420775897,0.007685468116,0.7063468329,0.005956211125,0.1962517666,0.005223555719,0.0622419814
C003689,4,0.008588673762,0.009430366967,0.06823394961,0.00899279286,0.6987084867,0.008986944659,0.0101822754,0.18687651
C003690,4,0.007975828933,0.4893963184,0.008543315204,0.04197988612,0.008370161948,0.02915302644,0.3613617212,0.05321974176
C003693,3,0.007856583653,0.007657480792,0.00771336205,0.08349216561,0.340240189,0.007614145086,0.00910921428,0.5363168595
C003696,2,0.002468973283,0.7349971423,0.002526166352,0.2076195334,0.003777445562,0.002794385322,0.003793218267,0.04202313553
C003697,3,0.01638945137,0.01629042828,0.01661980964,0.01648823853,0.04064341895,0.01597388402,0.7378874273,0.1397073419
C003698,1,0.009180185778,0.009666388793,0.009498628179,0.00919753052,0.009646300813,0.6424716651,0.2323210441,0.07801825677
C003699,2,0.06135178674,0.0189337932,0.8147081494,0.003504914355,0.005117971742,0.004290169299,0.00520827691,0.0868849384
C003700,0,0.002364159319,0.002632085113,0.00235451259,0.002293203695,0.00289602948,0.95390404,0.002844033625,0.03071193618
C003708,0,0.001355131459,0.01753145747,0.04517842688,0.008556781021,0.003335526413,0.002783485136,0.003083667277,0.9181755244
C003710,1,0.819702392,0.004260366406,0.004088955427,0.003447009268,0.004421940823,0.003917613133,0.004568898505,0.1555928244
C003715,2,0.1789918545,0.01048818072,0.465720157,0.008623736112,0.01279431973,0.01062518464,0.01237881096,0.3003777563
C003716,1,0.002813684738,0.003326599981,0.001329605103,0.002700588071,0.001627974785,0.002877597348,0.01363587226,0.9716880777
C003717,3,0.06260327897,0.06799893871,0.1026138086,0.3595798629,0.01606172364,0.07239717731,0.1330851924,0.1856600174
C003718,0,0.006736458976,0.007579557805,0.006840817881,0.006605994997,0.7898452201,0.006977365039,0.008024359778,0.1673902254
C003719,4,0.3702714337,0.01440145338,0.31045022,0.01424587384,0.01740194119,0.01390670551,0.01368190918,0.2456404631
C003722,1,0.03132149272,0.03392758173,0.03390286925,0.03122222588,0.01787417783,0.01948807851,0.01651197886,0.8157515952
C003723,4,0.4682060714,0.01245631006,0.01231338049,0.01201583976,0.007426839155,0.3535582529,0.01340403829,0.120619268
C003727,2,0.1053304447,0.007540359687,0.009232497589,0.338079368,0.008993565231,0.4721490344,0.008958841933,0.04971588852
C003728,1,0.2124693185,0.01060359353,0.009997124177,0.009634925341,0.2036611984,0.4012828891,0.01084807396,0.141502877
C003733,1,0.008043704941,0.01069378471,0.005515832751,0.0411567149,0.07690942577,0.02486764014,0.03334942327,0.7994634735
C003734,3,0.2916199917,0.007078215995,0.07085915218,0.006643796586,0.3982508551,0.00706856322,0.1163676783,0.1021117469
C003736,4,0.5165114171,0.006156299854,0.006080117912,0.3507656522,0.06231151613,0.006116582151,0.006429356512,0.04562905813
C003738,2,0.01576068085,0.01690406973,0.01639363637,0.1858020167,0.2823695249,0.01673982271,0.3495222037,0.116508045
C003739,4,0.1198741333,0.02120168465,0.1382641539,0.01919335574,0.01996455607,0.07824794718,0.01983770533,0.5834164638
C003740,1,0.3476809092,0.2978897284,0.01538390539,0.01438767944,0.03796806237,0.01497600745,0.1343576494,0.1373560583
C003741,3,0.0335074087,0.009579203183,0.6766907604,0.01149240397,0.01424892468,0.01877241228,0.02198181599,0.2137270708
C003743,3,0.003925381686,0.4719801388,0.0039913329,0.4730903266,0.004704728603,0.003856834474,0.004700980611,0.03375027639
C003745,0,0.007132181099,0.006345005878,0.002387145978,0.002287035379,0.003658751955,0.004156663901,0.003133379477,0.9708998363
C003746,0,0.02378066829,0.009680448489,0.6459543219,0.008423256903,0.01115052185,0.09706312541,0.151873433,0.05207422416
C003748,1,0.00412167672,0.004781894062,0.4930110799,0.2565720619,0.004905687323,0.004266652217,0.1432071818,0.08913376614
C003750,1,0.2302101262,0.01231810111,0.01130051062,0.01092686362,0.01453382755,0.01131646934,0.01494160163,0.6944524999
C003751,4,0.1997219594,0.07975198518,0.6359171198,0.00747789066,0.007592146052,0.00769816515,0.007459527308,0.05438120653
C003753,2,0.01769293917,0.02274146787,0.3022712304,0.01713630732,0.02585893458,0.02157945558,0.02529519938,0.5674244657
C003754,1,0.005423339195,0.005943887017,0.005491295854,0.005289970911,0.1670147271,0.6471250802,0.006053835045,0.1576578646
C003756,4,0.05420090922,0.005405546122,0.005242082869,0.005141826351,0.005163383189,0.005199278922,0.01215184492,0.9074951284
C003764,4,0.1427773555,0.04898989679,0.02766849782,0.02638841983,0.02830163656,0.02599138784,0.03121629777,0.6686665079
C003765,2,0.006446416641,0.003250803814,0.05070067791,0.344569398,0.1034054497,0.008081249131,0.2918123834,0.1917336213
C003766,3,0.01841022998,0.01772857717,0.01791122961,0.2285203759,0.02438771388,0.01738808991,0.02465166248,0.6510021211
C003770,1,0.2818008654,0.005477228707,0.5087302178,0.004828375829,0.005399837358,0.005007935925,0.00525048664,0.1835050523
C003773,4,0.01394946468,0.01426507572,0.2357857973,0.01374921352,0.01360854875,0.5894372892,0.01872020319,0.1004844077
C003774,2,0.01509484229,0.01522724321,0.01488238248,0.5915817229,0.01565111014,0.01454126835,0.2152721919,0.1177492388
C003775,4,0.02450932417,0.004919620537,0.004813502669,0.004707046753,0.01429301218,0.02248615258,0.01388832803,0.9103830131
C003776,4,0.001701905296,0.001798355301,0.8770851453,0.001696292775,0.001759548563,0.09954004863,0.001879943829,0.01453876025
C003778,4,0.04048524183,0.005509869721,0.006171060192,0.005274437075,0.05934733033,0.005276239776,0.08475772892,0.7931780922
C003779,2,0.02743690828,0.03194883691,0.02022670294,0.018562978,0.1280831577,0.02486470188,0.242209355,0.5066673592
C003781,3,0.7515114958,0.01479552272,0.01538687527,0.01497168031,0.01726503077,0.01485278669,0.01747813983,0.1537384686
C003784,0,0.00618574268,0.7159134252,0.006217777371,0.03075178879,0.008217327329,0.1759213892,0.007508410763,0.04928413864
C003785,4,0.005230039394,0.005741489754,0.4304027788,0.005584444232,0.006110451472,0.477796222,0.006353189923,0.06278138444
C003786,1,0.006813705631,0.007813639349,0.3613112225,0.007101139139,0.4369577887,0.04031067026,0.008207589307,0.1314842452
C003788,0,0.006730270851,0.006921078006,0.06455791047,0.006536174906,0.3671488871,0.2088842949,0.2967106239,0.04251075996
C003789,3,0.01665693587,0.01611892079,0.01614425036,0.01570568475,0.2794111608,0.0160069051,0.04476799344,0.5951881489
C003790,0,0.002208228902,0.002451848299,0.002329590477,0.8711591682,0.00275371697,0.08091169327,0.001775330011,0.03641042387
C003791,1,0.01454845077,0.2704668269,0.01492860414,0.0143974769,0.1380363376,0.01457140248,0.01434026601,0.5187106353
C003792,4,0.005696720593,0.005958501286,0.1903942281,0.005962320556,0.1590970154,0.005862431572,0.5662363193,0.06079246318
C003793,2,0.004772818308,0.005113196829,0.3325377349,0.004538163166,0.003636829762,0.004836517751,0.6109691212,0.03359561808
C003799,0,0.1377512816,0.7863620181,0.00236827723,0.001653827498,0.003570410892,0.002374969189,0.03206883423,0.03385038125
C003801,0,0.01494529724,0.01519257234,0.013720231,0.6221214974,0.0213194668,0.01450675845,0.0289753531,0.2692188236
C003802,3,0.007567481819,0.007427322309,0.348497707,0.007352932051,0.008841803071,0.007415276232,0.5317414786,0.08115599891
C003805,4,0.1357255029,0.01190181819,0.01207887738,0.01187135912,0.01175706659,0.3935223606,0.3231618367,0.09998117857
C003806,0,0.004036772279,0.01672972725,0.003789829715,0.01021568495,0.004622795001,0.07662220016,0.01787451773,0.8661084729
C003807,2,0.005144311538,0.005435605995,0.07419658782,0.3115792095,0.4688862276,0.005399128355,0.08962135732,0.03973757194
C003808,3,0.0314619837,0.03148484592,0.03227799723,0.03157131361,0.03329923916,0.03117438437,0.03371876325,0.7750114728
C003809,3,0.006510236161,0.006612714449,0.006515847349,0.006715807686,0.008215035237,0.006627520202,0.888488904,0.07031393489
C003811,0,0.01255504217,0.470228087,0.01273281371,0.01214536442,0.01940538126,0.09822794628,0.1975548947,0.1771504704
C003812,4,0.008666132474,0.009206080728,0.009189479149,0.009092956291,0.03041054352,0.008942667542,0.788694537,0.1357976033
C003813,2,0.002253779029,0.002923217118,0.002340897408,0.005077898084,0.003348630267,0.9152824005,0.003362098496,0.06541107907
C003814,1,0.01251072217,0.2373429487,0.01634437885,0.0123832626,0.5812411277,0.01262054648,0.01323167494,0.1143253386
C003816,4,0.01283070629,0.01345108067,0.2042678216,0.01308388617,0.01289731621,0.5974740238,0.01330211071,0.1326930545
C003817,1,0.8975682722,0.003846790334,0.003525115663,0.003498369755,0.004045874848,0.008700754827,0.00410984481,0.07470497753
C003818,0,0.02455906006,0.3966510325,0.01376529437,0.01343518206,0.01662218176,0.03016732732,0.3723245447,0.1324753772
C003821,0,0.004480438938,0.004606119865,0.4126720474,0.1416705957,0.004845199944,0.3511440569,0.003419969447,0.07716157181
C003822,0,0.006941613114,0.007879878584,0.007223868287,0.3220090913,0.009036036125,0.3743537101,0.008509856021,0.2640459465
C003823,1,0.003177516454,0.00360323274,0.01306256802,0.00307535155,0.00370659996,0.003282970888,0.003639496223,0.9664522642
C003824,4,0.01092092452,0.01288009511,0.01316465564,0.01243219908,0.8240344427,0.01246867926,0.01313294089,0.1009660628
C003826,3,0.02516511608,0.02450917906,0.02458169176,0.2894449884,0.03563180086,0.02386664236,0.03512998334,0.5416705981
C003831,1,0.002682776909,0.003199877253,0.002681990286,0.006761501114,0.003425746775,0.02341484445,0.004183896255,0.953649367
C003838,3,0.005301993015,0.09925293296,0.005331575225,0.09628818567,0.7316661931,0.005271261593,0.005980822832,0.05090703565
C003843,1,0.6500853793,0.006444145598,0.005373551986,0.005246776655,0.1741916289,0.005510995878,0.006424432931,0.1467230888
C003846,1,0.009575625821,0.00749746553,0.007287131628,0.1499032154,0.09233282287,0.007023479677,0.6584521024,0.0679281567
C003848,3,0.02576772711,0.4416842598,0.1274930008,0.09764040891,0.008375336296,0.02442229624,0.008136466473,0.2664805044
C003850,1,0.002600692265,0.1924693525,0.7566944458,0.002613728621,0.003011348198,0.002743512246,0.003022506414,0.03684441387
C003852,1,0.01212695609,0.01282725196,0.0125422701,0.0121565342,0.01346565007,0.8005462678,0.01285781492,0.1234772548
C003854,2,0.01656011225,0.01913077316,0.01759793144,0.01586939898,0.02454666833,0.01856615925,0.69626777,0.1914611866
C003856,1,0.004349562186,0.926837717,0.004408097134,0.004241225942,0.00529685288,0.004380579403,0.005359251649,0.04512671378
C003858,3,0.01124858088,0.01139233189,0.01136373873,0.2338924115,0.1514829887,0.3312579804,0.01283420939,0.2365277585
C003860,1,0.002245662671,0.002682089514,0.01626990523,0.002149123758,0.002863442239,0.003881011304,0.002849736311,0.967059029
C003862,2,0.007191581124,0.005739714737,0.008561020493,0.006750176411,0.009658797831,0.1922509161,0.7169066405,0.05294115276
C003869,0,0.01132618043,0.0116555482,0.01117901206,0.01109363554,0.01251320813,0.7526750172,0.08474127542,0.104816123
C003870,4,0.003754784574,0.0317990224,0.004815813177,0.006834887285,0.003785925788,0.004832431925,0.004912207365,0.9392649275
C003872,2,0.005735216063,0.007528913137,0.00601261145,0.005582300578,0.01948453338,0.4858217881,0.007734002934,0.4621006344
C003873,2,0.002795070087,0.003300040399,0.002818213731,0.9562935644,0.003634441019,0.003079198443,0.003607473093,0.02447199888
C003877,4,0.008064592098,0.008818867947,0.008267035609,0.00859451459,0.009333146439,0.7960667775,0.01037956007,0.1504755057
C003880,3,0.02600002712,0.0263062261,0.05897295029,0.09446975122,0.1535129634,0.1929416806,0.03196391382,0.4158324875
C003881,2,0.007529006308,0.6759653685,0.007784033561,0.007309392886,0.01024832156,0.008595959727,0.2232366363,0.05933128123
C003886,1,0.01156570432,0.01210912308,0.2922722443,0.5052034788,0.03980556391,0.01187605717,0.03546066788,0.09170716054
C003887,3,0.01258968653,0.8098006498,0.01255980703,0.01269136802,0.01362245441,0.01224693156,0.01355287612,0.1129362266
C003888,2,0.9246054396,0.004369895755,0.003882683933,0.003636644537,0.005789859271,0.001778524372,0.02467849806,0.03125845453
C003889,0,0.5962563714,0.01006021152,0.2770315602,0.008430395502,0.01126404401,0.00915078878,0.01098715445,0.07681947412
C003891,3,0.02449966945,0.02424752031,0.02524159849,0.02432175879,0.01787405875,0.02422397786,0.03052540784,0.8290660085
C003892,2,0.09084560846,0.05883213403,0.1971145426,0.03786648994,0.03180271428,0.05554247087,0.03079142034,0.4972046195
C003894,0,0.0062807942,0.1871344115,0.006473274144,0.01267248496,0.007737773681,0.721299902,0.007596436025,0.05080492342
C003898,4,0.1106321696,0.007309284501,0.1925298921,0.07607771508,0.3074707476,0.07388204486,0.007635216475,0.2244629298
C003901,4,0.6534275435,0.01747002238,0.01843543952,0.01784370954,0.05906854842,0.01732673689,0.06156855571,0.154859444
C003907,2,0.01356140711,0.005997333714,0.006568510388,0.8435819017,0.007584199037,0.01817920757,0.05658772953,0.04793971096
C003908,2,0.1729098637,0.05220917152,0.04254225169,0.04009788375,0.05901092792,0.06180440137,0.0580973293,0.5133281708
C003910,2,0.002931271823,0.003752225067,0.003060247519,0.8210348144,0.003221454256,0.09275597187,0.004321825178,0.06892218993
C003912,4,0.1842513184,0.1698442416,0.005438910465,0.004690500997,0.161742244,0.0492016323,0.3404318921,0.0843992601
C003918,2,0.01141593281,0.005337134682,0.004177296048,0.004124997051,0.05814271271,0.002442347484,0.006463537715,0.9078960415
C003919,3,0.007574987874,0.03185922355,0.007686030206,0.007502817522,0.009980898019,0.3973226093,0.01019668497,0.5278767486
C003920,2,0.02304414047,0.02615333041,0.02381194866,0.02198900388,0.02974340888,0.02524053013,0.02932395438,0.8206936832
C003921,1,0.01941529799,0.6172128829,0.007104659587,0.008868365805,0.01446770915,0.05936903669,0.011413147,0.2621489009
C003924,3,0.006672043649,0.005984316439,0.006509270366,0.008434345783,0.009736484214,0.006448622658,0.0898734853,0.8663414316
C003925,1,0.008847565019,0.01004302237,0.2054103887,0.008582051075,0.1396365999,0.3795540653,0.01208399461,0.2358423129
C003926,4,0.02033277737,0.005013676358,0.03218290628,0.004974311182,0.00526340852,0.004900502044,0.7614104074,0.1659220109
C003928,1,0.01906629982,0.001814152462,0.8519163609,0.001626614338,0.03014554783,0.06776905436,0.001947644554,0.02571432576
C003929,1,0.01047637675,0.01155973742,0.01062421585,0.06154694698,0.01226264142,0.01061512942,0.7020652185,0.1808497337
C003930,2,0.009658342171,0.01130680897,0.0101946185,0.8141719354,0.01230085772,0.03005017706,0.01579209323,0.09652516696
C003931,1,0.001738556302,0.001911862714,0.00178656825,0.001707890428,0.9599440686,0.001756802307,0.00500242995,0.02615182147
C003933,4,0.01160703567,0.01219088267,0.01243725849,0.01208184481,0.005327286683,0.7461178431,0.006362302558,0.193875546
C003935,4,0.09698153828,0.01056827957,0.01004419539,0.009929088393,0.6330664047,0.05762589001,0.01217689775,0.169607706
C003936,4,0.005073482586,0.06800290547,0.6931826751,0.1585082999,0.004042302885,0.007846115522,0.004028449933,0.05931576854
C003938,2,0.002902812498,0.003344192791,0.055926138,0.002986724443,0.003445106004,0.1094607714,0.7713496818,0.05058457309
C003939,3,0.008903419479,0.008797998143,0.008915777564,0.008685504742,0.01080347975,0.008730238953,0.7023382403,0.242825341
C003941,4,0.004302243976,0.917296145,0.00453346974,0.004412240452,0.004730132297,0.00446127024,0.004596016399,0.05566848188
C003942,1,0.007279712403,0.007800157282,0.007418126885,0.007104571493,0.8536193111,0.007234580518,0.007667691404,0.1018758489
C003944,1,0.0042089749,0.004817405305,0.09005189578,0.00419286938,0.005068123779,0.7598169123,0.05687544774,0.07496837084
C003946,3,0.7407907269,0.003430131326,0.1651856917,0.003402198582,0.00433068853,0.003455569887,0.03722968405,0.04217530896
C003947,3,0.01102156978,0.09910520758,0.01103527503,0.6813558225,0.07182887646,0.01755000228,0.01359334248,0.09450990392
C003949,4,0.02381886299,0.02476312218,0.02288808251,0.1407902897,0.02553709467,0.5313666154,0.02466651379,0.2061694188
C003959,2,0.008914406257,0.3704317364,0.5010692698,0.008565021142,0.01067629986,0.01010525591,0.01049929869,0.07973871195
C003961,1,0.6275446063,0.05913222548,0.0694640379,0.05683244137,0.01272224781,0.06659322655,0.01265078537,0.09506042919
C003963,3,0.005818447801,0.005730147426,0.005841456059,0.005837851239,0.01545547334,0.6576360197,0.00663395358,0.2970466508
C003964,4,0.02319142414,0.02502056917,0.02369284005,0.0239316298,0.1261520455,0.2198184905,0.03500715118,0.5231858496
C003965,0,0.0119447932,0.1893452593,0.478354235,0.01208960072,0.06156231231,0.01246924446,0.04098337786,0.1932511772
C003966,2,0.9030312166,0.003080334954,0.002537971406,0.002414236971,0.003242008467,0.006092188033,0.003176723517,0.07642532002
C003967,1,0.01664281385,0.08257170773,0.5914541411,0.003833508298,0.004226706467,0.2116914414,0.00424040909,0.08533927209
C003970,3,0.007548657941,0.007513662162,0.005714581948,0.007595012999,0.2893611136,0.5720650967,0.04868776254,0.06151411212
C003976,0,0.01715306655,0.005352913187,0.003532871409,0.003192365441,0.03674896935,0.04242015256,0.004443040549,0.887156621
C003978,0,0.006917363399,0.00752469884,0.01216529986,0.004818196559,0.9093567632,0.007280272188,0.005747885868,0.04618952004
C003980,2,0.01772428386,0.02129409297,0.01856939944,0.01714868733,0.2349268693,0.0200219234,0.4983092592,0.1720054845
C003981,2,0.4239787034,0.009893734101,0.008922507753,0.008173397338,0.01068060684,0.4524545813,0.0104882066,0.07540826271
C003982,0,0.006837289854,0.007429400672,0.006927279425,0.5103849606,0.1602993958,0.2450992902,0.008601568616,0.05442081479
C003985,2,0.005932924558,0.03681851626,0.00616266991,0.4680141645,0.008819515321,0.007037726526,0.3431858474,0.1240286355
C003986,3,0.0118665285,0.6585420004,0.01191429403,0.01165063763,0.01577915061,0.01187407925,0.01634047761,0.2620328319
C003987,0,0.01230759271,0.006439958925,0.01896800008,0.002756417902,0.003848794489,0.006229204532,0.003589005245,0.9458610261
C003988,0,0.008153194258,0.008890013368,0.05552822861,0.2524131336,0.009810081313,0.3686412001,0.009526716665,0.2870374321
C003990,2,0.01544846818,0.07907859441,0.01566360859,0.01459404481,0.661937873,0.01707778598,0.02032818697,0.175871438
C003991,1,0.02797236313,0.09330726066,0.02893682133,0.0275456197,0.03067875403,0.02832795849,0.03006040412,0.7331708185
C003992,2,0.01190013487,0.2706877264,0.1027559671,0.01190229584,0.01451616034,0.01363957601,0.4461303736,0.1284677658
C003993,3,0.01047411263,0.01263638674,0.1627073887,0.01034906285,0.01137464598,0.7123094842,0.01162360253,0.06852531631
C003994,2,0.002940539736,0.003671349885,0.003167146222,0.01957591774,0.007374829962,0.004447474457,0.007071243769,0.9517514982
C003995,2,0.01471508014,0.4723947688,0.01501287008,0.01407982378,0.01731030487,0.2832531166,0.01743323649,0.1658007993
C003999,3,0.7475676832,0.01197397991,0.01219752801,0.01193992541,0.01535304821,0.01179733537,0.01542991554,0.1737405843
C000000,3,0.00966707506,0.4606202111,0.0807365207,0.2587859703,0.01199028666,0.02182593505,0.03574580336,0.1206281977
C000002,0,0.009452388294,0.01031192698,0.06589144167,0.02371414937,0.01179939465,0.7647859798,0.01125050637,0.1027942129
C000003,4,0.003154160167,0.003637166387,0.003571681143,0.009418914144,0.003935970373,0.003543993909,0.003714782343,0.9690233315
C000006,1,0.561941453,0.01202941,0.2646795647,0.01110143339,0.01184616481,0.01130230064,0.01253946249,0.114560211
C000036,1,0.02361738086,0.02492701726,0.0247147166,0.0180799847,0.02538593919,0.02339302654,0.02622915181,0.833652783
C000042,0,0.3434375175,0.01370016825,0.01313819318,0.01074630048,0.02071843832,0.01307791601,0.4678175972,0.1173638691
C000048,1,0.004923490097,0.005658614761,0.4370596492,0.005018666975,0.08820626532,0.004904681982,0.3479286643,0.1062999674
C000057,4,0.007507266053,0.00802713841,0.04380446595,0.01398660232,0.0496744108,0.003615595996,0.007690625925,0.8656938946
C000058,3,0.01700121822,0.01649029514,0.01637150734,0.01598955987,0.01734563555,0.4162671119,0.01734615819,0.4831885138
C000059,3,0.7488778847,0.1387080475,0.007291468744,0.007111189524,0.008739025266,0.007090885853,0.008710027205,0.07347147121
C000061,1,0.7712724246,0.07633959905,0.02135275199,0.003234398408,0.003600204155,0.003337287776,0.003514547883,0.1173487861
C000065,1,0.003804230019,0.6396715337,0.0326732421,0.003716679887,0.004541257,0.03917254796,0.2036650906,0.07275541872
C000068,3,0.2039164864,0.03381556052,0.1355994979,0.09839240769,0.05154822442,0.0336063533,0.03201786963,0.4111036002
C000070,3,0.09362515652,0.008849014116,0.008972209882,0.1201454846,0.009779699456,0.008860372607,0.681040313,0.06872774977
C000071,3,0.7102080006,0.01490054103,0.01522093902,0.01481903248,0.01712586089,0.03955456137,0.01738569439,0.1707853703
C000075,4,0.006191276273,0.006881570087,0.003594204592,0.006122605713,0.00398728839,0.01402019442,0.003789183606,0.9554136769
C000081,0,0.4485283952,0.008455986782,0.2249156846,0.2114136167,0.009976125149,0.007838088694,0.009066292811,0.07980581018
C000086,3,0.02576065306,0.003844251625,0.03317543111,0.0113561561,0.03470085043,0.03935651349,0.00331709993,0.8484890443
C000087,3,0.005066971417,0.5081501323,0.005132043299,0.3519814463,0.04882216685,0.005005617678,0.03913752251,0.03670409959
C000089,1,0.2167179485,0.6320240014,0.06704540899,0.006785338553,0.007405541034,0.006960204501,0.007450244612,0.05561131245
C000090,0,0.005968557025,0.1174144136,0.006218498796,0.006074275464,0.3672515015,0.3035388796,0.006894863199,0.1866390107
C000092,2,0.0229103059,0.0265350717,0.02317036466,0.02216138766,0.0282121371,0.02473115491,0.02813870984,0.8241408682
C000096,4,0.01741328526,0.4939087244,0.01802546437,0.1476584815,0.01829819439,0.02898832501,0.01788138233,0.2578261428
C000107,0,0.01541942379,0.01743309674,0.1507222844,0.01511576441,0.09870817262,0.07036547212,0.1009632125,0.5312725734
C000108,3,0.00392569052,0.02446616643,0.2019042702,0.019902929,0.06100655571,0.4989618913,0.1442229694,0.0456095274
C000112,2,0.01276746983,0.006784619431,0.4199440609,0.005486282131,0.01198608453,0.006389560404,0.4899569342,0.04668498851
C000123,0,0.007618911371,0.04516998997,0.01569149327,0.3708836463,0.01449647934,0.06452615031,0.1128378481,0.3687754814
C000125,3,0.002481283057,0.000554391933,0.01065149375,0.0004995621749,0.003679566263,0.0005913136515,0.003692883553,0.9778495056
C000126,4,0.01345993788,0.01401971152,0.3091005371,0.1199516331,0.01529460131,0.15427733,0.01556770492,0.3583285441
C000131,2,0.4747938979,0.1155447604,0.006209039351,0.005801368331,0.1846793131,0.1573985037,0.00783128022,0.04774183715
C000143,0,0.01261834575,0.01288096166,0.01254776376,0.714022548,0.01534770561,0.05724138701,0.01354571396,0.1617955743
C000147,0,0.01359699638,0.431506355,0.04232300653,0.01306296745,0.3021262714,0.03260097825,0.01517325138,0.1496101736
C000154,4,0.003525040585,0.01248214672,0.003806044198,0.003622989884,0.07124749879,0.09079586299,0.014691822,0.7998285948
C000156,3,0.3199960673,0.01755032906,0.01841666813,0.01632637035,0.02178325499,0.183132096,0.02259740025,0.400197814
C000170,0,0.007331402889,0.007951646602,0.05578339423,0.3867808099,0.1904950631,0.007442681729,0.0815647055,0.2626502961
C000176,1,0.01288758081,0.01357925489,0.01295043092,0.107860931,0.01379586214,0.6910352525,0.01339236322,0.1344983246
C000180,3,0.005603172806,0.1700688968,0.04422364021,0.005552057461,0.05037222141,0.5711609266,0.01040606819,0.1426130165
C000184,4,0.005152327036,0.005531806136,0.005284266733,0.005195084809,0.00641368373,0.005640548136,0.005133403815,0.9616488796
C000186,1,0.01481020422,0.02588812412,0.01897135921,0.02644792991,0.01526314985,0.0152481935,0.7755110503,0.1078599889
C000193,4,0.006680960164,0.0071187473,0.2856893057,0.006815687563,0.04625041653,0.006916760659,0.07434817068,0.5661799514
C000200,4,0.5264556203,0.01160038801,0.01197724762,0.1967523294,0.03944592304,0.01141147329,0.01923719161,0.1831198268
C000204,4,0.007055441597,0.1436884445,0.007282572798,0.0069247133,0.008079937126,0.007268706761,0.7608721833,0.05882800062
C000209,2,0.003746789631,0.9311754414,0.003979166276,0.0128170407,0.004205378534,0.004108376776,0.004148484891,0.03581932175
C000215,3,0.01123021233,0.3018834534,0.3910606274,0.1047389492,0.01775745512,0.01124871014,0.01309677921,0.1489838132
C000216,0,0.005782330105,0.006408246385,0.006010086841,0.00569334075,0.007665298267,0.7550172727,0.006934437506,0.2064889874
C000220,2,0.1918501267,0.02180299762,0.01827682533,0.01684547987,0.02459801957,0.02042969501,0.02461212007,0.6815847358
C000224,4,0.008411862067,0.008959629394,0.008767818784,0.008404560292,0.2272173089,0.008719369589,0.6474233259,0.08209612503
C000227,1,0.002776038883,0.003161896855,0.002865734733,0.8080072596,0.005209241027,0.1237499626,0.002801414804,0.05142845152
C000229,4,0.2230527204,0.005924921966,0.00574363244,0.005709336528,0.6394378368,0.005740828441,0.005994230349,0.108396493
C000232,2,0.006305116377,0.04570335894,0.009442854679,0.00220868341,0.003589654862,0.8802178499,0.003583010178,0.04894947164
C000241,1,0.01476104485,0.6004614849,0.0154303251,0.01220352276,0.01551645029,0.01491722534,0.01491105337,0.3117988934
C000253,3,0.1752210507,0.3718275864,0.02266663039,0.02202525508,0.02627985523,0.01096622685,0.02687423101,0.3441391643
C000258,3,0.06144887673,0.7953614842,0.002434159184,0.002396223056,0.02149613265,0.01433340645,0.04750967623,0.05502004152
C000260,3,0.003881899724,0.8574267418,0.003214527357,0.003183363934,0.0325232769,0.005776346866,0.02428818932,0.06970565409
C000266,2,0.02418665766,0.02741473017,0.02515660511,0.02353891064,0.02692824515,0.02623932035,0.02686470178,0.8196708291
C000280,1,0.01301093934,0.01401971564,0.0848002137,0.3435697074,0.06230951126,0.2934543723,0.01485300746,0.1739825328
C000289,1,0.007656661386,0.02617659982,0.2547697283,0.007671736826,0.008755665218,0.5715623418,0.06111382286,0.06229344376
C000294,0,0.01882666219,0.02091854745,0.01910211169,0.01798474856,0.02526178378,0.01899370826,0.02248948196,0.8564229561
C000298,1,0.02752204162,0.03005168988,0.02960490426,0.02770311743,0.0318523477,0.2096761284,0.01868444469,0.624905326
C000299,0,0.002010378216,0.002199738643,0.001145924652,0.001959843028,0.003113267445,0.002102117445,0.9718619281,0.01560680244
C000303,4,0.004992404596,0.01500389665,0.005332849704,0.1790937545,0.005843315514,0.1540426519,0.006031277694,0.6296598495
C000305,2,0.01114147071,0.01274374948,0.3726437221,0.0107401828,0.01366727204,0.481221617,0.01368361479,0.08415837108
C000312,0,0.01379528755,0.1689049148,0.01445687077,0.1392055507,0.01701273438,0.1912761762,0.01642190253,0.4389265631
C000316,1,0.01501259519,0.0161624922,0.01531761263,0.6586119357,0.01688432701,0.01535696316,0.01745614591,0.2451979282
C000318,2,0.008911104108,0.0105680921,0.1430536993,0.04083687074,0.4160314015,0.08176439404,0.1938334776,0.1050009606
C000320,3,0.002296562136,0.002328032804,0.01971742879,0.7839140892,0.002817472438,0.1648128164,0.004023587268,0.02009001101
C000325,2,0.008651653296,0.01069903774,0.005807126658,0.008339290516,0.5473303709,0.3351477953,0.0114246164,0.07260010914
C000328,0,0.01554704429,0.01782089518,0.03508693699,0.718323202,0.02289789676,0.01617413112,0.05932872908,0.1148211645
C000331,4,0.008651411771,0.4722305401,0.2048957703,0.2013967821,0.006580034243,0.009092418948,0.009331431558,0.08782161098
C000333,1,0.0614541059,0.02131479387,0.1267632102,0.01932302787,0.1938081147,0.02131367192,0.1060277393,0.4499953362
C000335,4,0.007814662864,0.008313798621,0.004030367623,0.003958114266,0.004241293688,0.003922809426,0.1360311863,0.8316877673
C000337,4,0.02650900426,0.003777111117,0.3126490167,0.003735363126,0.6168534845,0.003726302979,0.008206818616,0.02454289873
C000340,0,0.01275658535,0.01573686995,0.01274686469,0.1104366917,0.06975185622,0.01367681847,0.4018590939,0.3630352197
C000341,0,0.002146197968,0.9174781425,0.002156005681,0.002071201445,0.002835327028,0.002353897489,0.002618372455,0.06834085546
C000346,0,0.02553124395,0.0567859999,0.02743889602,0.004596642166,0.00621407631,0.7761034683,0.06537948662,0.0379501867
C000359,2,0.01958682414,0.0229481815,0.1715907927,0.01878184469,0.02359821278,0.0219107487,0.02327156738,0.6983118281
C000365,2,0.02014393205,0.02402615222,0.0206988258,0.01914980331,0.02730030385,0.02267793292,0.02716824576,0.8388348041
C000366,4,0.00953437194,0.004113231415,0.004039490046,0.5764781539,0.06996452819,0.2915217657,0.00460604932,0.03974240946
C000367,1,0.04459901775,0.1176314997,0.004467305526,0.0148079709,0.005757999335,0.004893592367,0.5730088583,0.2348337561
C000368,1,0.004796857716,0.005213163254,0.00995091764,0.8629504254,0.005257629296,0.005021859515,0.00505061166,0.1017585356
C000371,4,0.002061874094,0.002267573538,0.8976726176,0.002174816465,0.002343468854,0.002178212052,0.002317430513,0.08898400688
C000374,2,0.007455213795,0.007548432148,0.3311384342,0.04734648261,0.4723849648,0.05182746586,0.009203382946,0.07309562364
C000380,3,0.01178913708,0.01182628738,0.01652833455,0.1352629068,0.01032802584,0.01163761463,0.5625269407,0.240100753
C000383,1,0.007216081748,0.363258594,0.007359847172,0.007031038058,0.008156646797,0.4670481219,0.007842134327,0.132087536
C000384,2,0.002038351865,0.002636553028,0.924250843,0.02572611565,0.002758466058,0.002333072444,0.002783664491,0.03747293348
C000386,0,0.07753402472,0.0196361656,0.01871375414,0.609445308,0.02080848101,0.01860365819,0.03564823495,0.1996103734
C000393,2,0.7578853195,0.01698883684,0.01464342739,0.01343597252,0.01743473943,0.01604770371,0.01735058438,0.1462134162
C000395,1,0.01698144081,0.337474475,0.02548595815,0.02698856484,0.02027929731,0.02532396697,0.1458358384,0.4016304585
C000396,3,0.00974741606,0.3330773354,0.2702590528,0.04403041292,0.07412954918,0.01005725415,0.07268359653,0.186015383
C000397,2,0.2634244871,0.3643890785,0.09264065596,0.01729558759,0.01742099205,0.01891363978,0.01762771281,0.2082878462
C000398,2,0.01012296438,0.01165967117,0.01053503491,0.01783269588,0.01306847692,0.7772692464,0.0129622883,0.146549622
C000402,3,0.009008570228,0.008854184821,0.009093283724,0.00881091045,0.01008724908,0.8088500831,0.01020602312,0.1350896955
C000405,1,0.01280773409,0.01374399204,0.01337572479,0.01287347843,0.01344712304,0.01313409512,0.668001248,0.2526166045
C000411,0,0.5524114653,0.008103069476,0.007237357651,0.00692935762,0.1768765003,0.189376002,0.008807885403,0.05025836226
C000412,3,0.3126127451,0.4487376377,0.008662248398,0.008492085789,0.02165894168,0.01399608204,0.04210644067,0.1437338186
C000416,3,0.00540398565,0.02130835001,0.00674809792,0.007021417402,0.006797968662,0.04164985106,0.006844533435,0.9042257959
C000419,0,0.1127270904,0.01102434503,0.00270362791,0.002615328083,0.7963054748,0.01130953094,0.003219836247,0.06009476656
C000423,3,0.009484749074,0.009078075221,0.009807983382,0.7091505597,0.01060171897,0.009054765324,0.01082439542,0.2319977529
C000432,3,0.007938701903,0.02144870822,0.01168785288,0.05511034223,0.1264310524,0.6751446971,0.01430478039,0.08793386489
C000439,3,0.008279697477,0.004913993146,0.004979417274,0.003978795267,0.004142050289,0.02703000723,0.00408326149,0.9425927778
C000440,2,0.00721222084,0.3595385095,0.007290443358,0.535388209,0.009326970616,0.008115373299,0.00935043202,0.06377784143
C000450,3,0.2637531636,0.3523003327,0.007069545516,0.006990854454,0.008027952092,0.3053154741,0.008119723794,0.04842295367
C000463,0,0.01178341485,0.008963757849,0.1561116565,0.01659804627,0.01108311578,0.02570304154,0.4085080415,0.3612489257
C000474,3,0.007280821096,0.1014226827,0.2843069743,0.007223690999,0.009302238261,0.428012721,0.009120512181,0.1533303595
C000476,1,0.00913303007,0.009736282429,0.009441991556,0.008955087322,0.01003067821,0.6466132388,0.01015189796,0.2959377936
C000485,1,0.00522287225,0.005609382407,0.005534203893,0.005186974289,0.005569202805,0.8164298027,0.02585094499,0.1305966166
C000491,1,0.003560481516,0.05160523277,0.01167726331,0.0035283745,0.003728697752,0.8083341304,0.00361160305,0.1139542167
C000499,0,0.3561343305,0.008430862434,0.007849104275,0.4325131131,0.009406545675,0.05221371535,0.0202288576,0.1132234711
C000505,2,0.005678919977,0.00634096813,0.1746034313,0.6564828604,0.1006773763,0.006015118063,0.007031460853,0.04316986493
C000510,1,0.01385113813,0.01450890788,0.06437084605,0.01350278693,0.01502028284,0.7214000875,0.01445109806,0.1428948526
C000514,4,0.01010146709,0.1605285003,0.04347833731,0.08407083623,0.2202264093,0.04338214266,0.1976492323,0.2405630748
C000517,0,0.003319764799,0.003644260468,0.003344675182,0.9370583082,0.004350702174,0.00336250996,0.003897199057,0.04102258018
C000520,1,0.06205827295,0.01456724987,0.01425160636,0.7173315645,0.01412725868,0.01401982456,0.01351995404,0.1501242691
C000530,4,0.004235069881,0.004686067139,0.2431000591,0.004586423147,0.6629569799,0.004650027334,0.005464954321,0.07032041916
C000533,1,0.008582713838,0.009431342727,0.009180465259,0.1769115851,0.009014845257,0.559236854,0.008921336919,0.2187208568
C000535,3,0.3832915521,0.005029711645,0.5441167968,0.005418365524,0.006214188918,0.004964517331,0.00618051719,0.04478435044
C000541,4,0.573332018,0.01261927253,0.01266302818,0.01063103365,0.01229463683,0.284512739,0.01233506439,0.08161220749
C000542,1,0.009632332487,0.01031037097,0.8349862258,0.009359246498,0.01063598775,0.009647927174,0.01089207035,0.1045358389
C000545,3,0.008780200188,0.008823311697,0.1499153631,0.008695294563,0.7027119015,0.03030248405,0.01009306546,0.08067837945
C000547,4,0.6742193593,0.009206621668,0.04569235777,0.008419691166,0.00866605595,0.009027119657,0.008669761801,0.2360990327
C000553,3,0.007144125628,0.007281572616,0.0402426021,0.002058751533,0.06382234077,0.05031100487,0.04157125829,0.7875683442
C000554,0,0.004780292365,0.1628717464,0.1061456128,0.004632700848,0.02641595608,0.199125905,0.4476738816,0.04835390492
C000566,4,0.02584411109,0.02695977269,0.2073616708,0.06198545727,0.0285941437,0.02660360776,0.02936342825,0.5932878085
C000568,3,0.005736491416,0.707594223,0.09024910551,0.00565403295,0.01342791737,0.005933627932,0.007781585822,0.163623016
C000569,1,0.003689662263,0.03462602078,0.003757490883,0.6670528736,0.2235294654,0.003817147927,0.004427962937,0.05909937617
C000571,1,0.02627577121,0.02783651675,0.02726523975,0.02590601354,0.02780297899,0.0263123979,0.02804821552,0.8105528663
C000577,1,0.0126252843,0.07401265037,0.01195973057,0.01553866587,0.01604618976,0.01956070424,0.06716218591,0.783094589
C000582,1,0.008800850477,0.022024342,0.008932778355,0.0240287251,0.8155345829,0.02877087037,0.00977349197,0.08213435882
C000583,2,0.008818108271,0.6521942001,0.009100178849,0.008408443007,0.01105106607,0.07350776271,0.169817336,0.06710290505
C000594,3,0.5024892844,0.06564762788,0.07186465831,0.1111552226,0.01195175722,0.005443558531,0.06042598442,0.1710219066
C000595,4,0.007414719814,0.008208835567,0.007678148289,0.7003631174,0.008240438026,0.007836309111,0.008585721565,0.2516727102
C000604,1,0.07605996958,0.03121051817,0.1058938697,0.01065799663,0.07108654101,0.0720496838,0.1824817483,0.4505596728
C000619,0,0.00920124848,0.01010157375,0.009337242569,0.01395549033,0.01093513208,0.6235218496,0.03654413912,0.2864033241
C000628,3,0.009328397071,0.3684304324,0.009632115721,0.009674795958,0.3277546644,0.009517461137,0.06527158778,0.2003905455
C000631,0,0.04093263006,0.01682312023,0.7768880231,0.01468740842,0.01850900212,0.01583754321,0.01806194948,0.09826032344
C000635,0,0.008634145397,0.01092351705,0.02502189719,0.06437319892,0.01347464428,0.009664796534,0.01546048351,0.8524473171
C000637,4,0.004224099162,0.08201492786,0.6482376858,0.004222006649,0.00722402315,0.004299193825,0.004403045093,0.2453750185
C000650,0,0.01494021409,0.07987198516,0.1863886039,0.08805890233,0.1803193801,0.07288561539,0.01730278163,0.3602325174
C000654,3,0.01269928246,0.01271640076,0.01287580931,0.01263067034,0.7797413489,0.02974357494,0.01548506032,0.124107853
C000664,3,0.01122438745,0.5999802093,0.01163683051,0.01070823931,0.01260692236,0.01114285878,0.01313512527,0.329565427
C000674,4,0.003979675789,0.802600545,0.1307834679,0.01720158134,0.00429993137,0.004111014033,0.004560464134,0.03246332042
C000687,1,0.005784402751,0.006204805019,0.006058500602,0.005795815915,0.9115668755,0.005906378244,0.006066481165,0.05261674077
C000688,4,0.003593455848,0.01292495019,0.003192128554,0.003095212617,0.03747478494,0.00311028218,0.04047154545,0.8961376402
C000704,3,0.003303029574,0.01347228203,0.005812398305,0.01047453828,0.0166135243,0.006413594371,0.008916955481,0.9349936777
C000706,2,0.008710014391,0.6604468772,0.009087648698,0.1738796988,0.01121947004,0.009423412983,0.061898923,0.06533395493
C000708,2,0.002466276785,0.003078281336,0.002654590706,0.5995920934,0.003746572397,0.002886819498,0.3397093331,0.04586603271
C000710,3,0.02534503291,0.02434424314,0.02482207651,0.02434708881,0.0285747105,0.1179386957,0.02857525164,0.7260529008
C000711,4,0.00405920341,0.004199904815,0.1790821198,0.195559123,0.004185621761,0.004148143319,0.5791615768,0.02960430713
C000715,2,0.01378846904,0.01575163741,0.01423734563,0.01342881493,0.1630269483,0.1235051082,0.2883980798,0.3678635967
C000716,0,0.00449582015,0.9257537214,0.004682065271,0.004481870445,0.005310154629,0.004700391108,0.005230112064,0.04534586489
C000719,1,0.3240525879,0.01176176346,0.02629568439,0.02434751745,0.1822381793,0.01085092451,0.2211106015,0.1993427416
C000720,3,0.3804234943,0.02391138052,0.1839073319,0.02386168051,0.02801373479,0.02373735197,0.02763065098,0.308514375
C000724,4,0.01293881646,0.02101664137,0.01386253338,0.6639484111,0.0142063239,0.01344010634,0.01386056052,0.2467266069
C000729,0,0.01909308575,0.02063630838,0.01951808875,0.01837808677,0.02659255018,0.01940958492,0.02409022266,0.8522820726
C000739,2,0.2739885201,0.556633394,0.01079873917,0.009903556255,0.01365740113,0.01236330985,0.0132808075,0.109374272
C000741,4,0.001643807888,0.04394996325,0.01189331333,0.001730043829,0.001927492058,0.906675407,0.001909935006,0.0302700376
C000748,2,0.005039652076,0.01882371602,0.005245571978,0.1225083262,0.7896353468,0.005663464576,0.006936515157,0.04614740725
C000752,0,0.02434610118,0.02653719563,0.02544434574,0.02409589746,0.03130006,0.02499388642,0.02855422108,0.8147282925
C000754,3,0.001730526311,0.03706415071,0.001740628482,0.001697895655,0.002199637616,0.001708237426,0.9244736928,0.02938523105
C000757,3,0.01439321003,0.01513823495,0.01504414071,0.01523635252,0.1801596342,0.01485237196,0.2365196355,0.5086564201
C000759,0,0.5372576025,0.01542237139,0.1105532605,0.01172176692,0.01682335126,0.01341246164,0.01529325905,0.2795159268
C000765,2,0.2575164719,0.02074694979,0.01839179164,0.01681605794,0.02781578156,0.01978745438,0.02744700276,0.61147849
C000770,3,0.01986974781,0.0294084903,0.1165006465,0.2627670379,0.02744745756,0.01936581183,0.02752613493,0.4971146732
C000773,3,0.1143899482,0.006749986452,0.6136550395,0.006776250107,0.1018864933,0.006652366352,0.07306699308,0.07682292306
C000780,0,0.00812928368,0.009721102177,0.16035133,0.4199338075,0.01169771196,0.1284981908,0.01034135308,0.2513272209
C000785,3,0.003103870274,0.003106535833,0.004130474642,0.003665255833,0.003827886244,0.00303303024,0.001455509493,0.9776774374
C000786,2,0.02006783587,0.02112569279,0.6856506813,0.0199716111,0.02363544511,0.02075008398,0.02283237215,0.1859662777
C000788,3,0.007465116163,0.007345113982,0.00751910048,0.007437797913,0.0102232525,0.007347573649,0.6309080392,0.3217540061
C000791,3,0.0117191964,0.3589029589,0.01189992403,0.01143288775,0.05500267815,0.0115581187,0.06237485164,0.4771093844
C000795,3,0.009794831693,0.118545569,0.02263268918,0.009847686477,0.4493248489,0.1975119748,0.1333417829,0.05900061702
C000797,3,0.0116330491,0.08687411375,0.3697744255,0.01190586626,0.3985426084,0.0363848957,0.01374438948,0.07114065177
C000802,1,0.003068021687,0.8622025997,0.00317497729,0.05685483363,0.003162513021,0.04368518956,0.003156961517,0.02469490364
C000803,2,0.008977753362,0.3589142472,0.5222731382,0.008715752654,0.01139044449,0.009481010694,0.01131388129,0.06893377206
C000804,3,0.8325270316,0.004270887811,0.004298144176,0.004237185501,0.0851404117,0.004305823503,0.005541443223,0.05967907251
C000806,1,0.005074639499,0.003472025184,0.006170043314,0.003243217515,0.06144198941,0.8847878737,0.003667149738,0.03214306164
C000810,1,0.01160679215,0.01274400941,0.01219742622,0.01161821647,0.01315611105,0.01171845805,0.8236507956,0.103308191
C000811,3,0.02516111174,0.03064949262,0.0251155019,0.02450483604,0.02986085887,0.02420199013,0.03008228701,0.8104239217
C000818,1,0.00228554115,0.002789226692,0.002279257834,0.002222945447,0.8484154958,0.002374281721,0.00323610992,0.1363971414
C000825,2,0.002840710556,0.003505206609,0.8617903529,0.002769599398,0.004268746387,0.003300467651,0.004201579351,0.1173233371
C000828,0,0.002975804501,0.003169774763,0.05626897813,0.8401695552,0.007710533114,0.01839602883,0.05137694266,0.01993238277
C000838,2,0.123383795,0.01052342097,0.009587780542,0.154870303,0.1537038955,0.3807718723,0.07582444976,0.09133448292
C000845,1,0.003323207521,0.7622926806,0.003361319594,0.003332823298,0.003717954869,0.02465987373,0.1063670175,0.09294512292
C000849,4,0.004153292466,0.004297269127,0.1803352269,0.004191808357,0.7648816979,0.004845966474,0.004613432901,0.03268130588
C000853,4,0.01336301576,0.01386602052,0.5360686305,0.01376250494,0.01460642596,0.2892462904,0.01460958174,0.1044775303
C000860,4,0.02314712273,0.02496059201,0.04710545648,0.02372436583,0.02543021278,0.02428663773,0.02566533567,0.8056802768
C000864,4,0.02031535609,0.01543265355,0.01497945909,0.014609268,0.01597281703,0.07603969752,0.7236783892,0.1189723595
C000866,1,0.004683546514,0.7461629337,0.02441826499,0.02532218988,0.005232403452,0.02622984029,0.09727929415,0.07067152699
C000869,1,0.02529501894,0.02702814297,0.02655575664,0.02493792046,0.02929678663,0.02529842759,0.03100623879,0.810581708
C000875,2,0.01250033504,0.6137604227,0.01261977925,0.01207367185,0.0167117965,0.0145345731,0.01664949304,0.3011499285
C000881,3,0.03419739904,0.01108570281,0.01111269237,0.01095471322,0.3160895198,0.02811818552,0.5093600773,0.07908170993
C000896,2,0.02172726994,0.02447571029,0.02237380297,0.0206301345,0.2936576355,0.02365859693,0.0249919474,0.5684849024
C000897,0,0.006781116927,0.007165669861,0.006579343868,0.006489171418,0.3560061767,0.5488602768,0.02535862159,0.04275962278
C000898,4,0.03619424075,0.7265810229,0.003083829486,0.003022920347,0.003070914941,0.1373598763,0.003053237998,0.08763395731
C000899,3,0.3080859885,0.3805709521,0.008735366165,0.09034914484,0.09604769078,0.006756216088,0.007924337148,0.1015303044
C000902,3,0.7591009537,0.009485727435,0.09981717079,0.009327708996,0.01317759691,0.009306140752,0.01346228129,0.08632242013
C000908,2,0.0809970712,0.02342483919,0.02013347893,0.02071196743,0.02821119261,0.3976179024,0.03116815331,0.3977353949
C000913,4,0.02495734202,0.02610210778,0.02662282606,0.02550749557,0.02810027817,0.0254464023,0.02857107586,0.8146924722
C000929,0,0.005530458232,0.006300650797,0.00568692299,0.006064401491,0.006705055396,0.685896789,0.006566104345,0.2772496177
C000937,1,0.007089610872,0.01032751461,0.007097474761,0.006807377453,0.009835072409,0.007250885032,0.02107206951,0.9305199954
C000941,2,0.00577730282,0.9262685318,0.003794750148,0.005491860353,0.004655937192,0.005810858502,0.007055993592,0.04114476562
C000943,1,0.008633513121,0.009392279399,0.008839409926,0.008401909646,0.009668984186,0.767074571,0.009638060769,0.1783512719
C000944,4,0.005429903744,0.5880243526,0.02266263822,0.00577276226,0.005777455258,0.2050888849,0.1002564097,0.06698759335
C000952,2,0.01532870652,0.01589818864,0.2675744253,0.5401524385,0.01802568194,0.01513942471,0.01813204333,0.1097490911
C000960,3,0.00269822168,0.08215371932,0.002687323564,0.7711877831,0.04130765687,0.002496108292,0.02414925248,0.07331993469
C000969,0,0.009770474519,0.01294756951,0.6442608602,0.01140333037,0.07927249104,0.01211090778,0.1190811747,0.1111531919
C000973,1,0.005911046665,0.6672805832,0.1065592732,0.003624088835,0.004174516047,0.003804770789,0.003974462406,0.2046712589
C000979,0,0.003777574951,0.009169365318,0.001390343036,0.00256212266,0.006838640842,0.003005607635,0.004038305448,0.9692180401
C000986,0,0.8105800469,0.00309342063,0.002787950747,0.0676555838,0.02857063807,0.002899092222,0.0273085303,0.05710473737
C000987,3,0.07677080993,0.006983203618,0.01177516345,0.006255004958,0.02042255661,0.0464807752,0.02059863894,0.8107138473
C000995,4,0.009410322195,0.0204552379,0.3040173144,0.2525918126,0.009235035241,0.008306182101,0.008774308484,0.3872097871
C001005,1,0.01082855632,0.1317876873,0.5732182758,0.01058408929,0.01298971973,0.08162134415,0.01257156493,0.1663987625
C001012,1,0.002878955188,0.003112356932,0.002818699961,0.002758307945,0.003288601637,0.8929942829,0.01322024079,0.07892855462
C001017,0,0.01900847488,0.03135659426,0.01974228883,0.02873799415,0.08875789922,0.07588921248,0.07011263952,0.6663948967
C001019,4,0.006965135562,0.1735264945,0.2443269614,0.007235832177,0.007725711198,0.2982764596,0.008060551181,0.2538828544
C001023,3,0.03933695668,0.005493541534,0.8523425086,0.01016121988,0.01067771488,0.01738073673,0.00652186556,0.05808545609
C001025,3,0.007661188482,0.8856165501,0.004078398878,0.0040453242,0.004835320325,0.004045906226,0.004707793242,0.0850095185
C001026,1,0.02537562471,0.02693890694,0.02594609584,0.02526671654,0.02697816318,0.02563404882,0.02880351763,0.8150569263
C001031,4,0.01020718921,0.1718709114,0.01939517118,0.2452761731,0.01546346178,0.1376288072,0.01501590966,0.3851423765
C001032,4,0.01865916853,0.01979818267,0.0947778734,0.01906737609,0.02013646552,0.01941353161,0.5472522873,0.2608951149
C001034,0,0.02636969744,0.01819021289,0.02168541392,0.01801744409,0.1005467894,0.6716685144,0.02828853987,0.115233388
C001041,2,0.1784083229,0.009630811772,0.005067010461,0.008095261822,0.08105143703,0.5610684334,0.08691126779,0.06976745482
C001045,1,0.007891008138,0.008782422688,0.007870481553,0.007578465339,0.03988205993,0.007959699623,0.03986024775,0.880175615
C001049,2,0.006247038535,0.007384900856,0.00641264871,0.6835709476,0.009561691975,0.00693534251,0.009413608801,0.270473821
C001054,0,0.003185886831,0.004029611719,0.003252087184,0.85434169,0.004418795801,0.003631891334,0.004179270186,0.1229607669
C001065,4,0.01437029804,0.01550744078,0.7178787801,0.05570655791,0.0161555298,0.05012456597,0.01876272194,0.1114941054
C001070,1,0.3736958608,0.009805666735,0.0854738779,0.0185077163,0.24740923,0.009084275581,0.162018169,0.09400520363
C001073,4,0.5202014719,0.008654219122,0.008319992264,0.008187639104,0.1845662319,0.008344067112,0.05971033874,0.2020160399
C001078,3,0.01199468934,0.4726432354,0.3123084061,0.01139089613,0.01505711139,0.01137831254,0.01540680912,0.1498205399
C001082,2,0.02621776606,0.00563157845,0.01976628886,0.004809306753,0.7185408246,0.005346733706,0.02218414909,0.1975033525
C001083,3,0.312561966,0.141214651,0.02648784314,0.01293373025,0.01252682986,0.3636244586,0.01255435054,0.1180961707
C001085,4,0.1802126641,0.7205397929,0.003288835191,0.003274764787,0.003921698156,0.05470114451,0.003827976005,0.0302331244
C001099,4,0.004724995608,0.003414651417,0.003963594561,0.004860238508,0.007683533773,0.004914075904,0.05850358781,0.9119353224
C001104,1,0.03453132922,0.06716007944,0.009888707149,0.01140861847,0.2878892925,0.1025970018,0.1904444346,0.2960805367
C001107,0,0.8361182319,0.06063062479,0.002744875453,0.002646087337,0.0745211867,0.002742543907,0.003143641498,0.01745280843
C001118,0,0.02220299313,0.7052162132,0.01179963525,0.02205146249,0.02687038873,0.02297095349,0.02506773385,0.1638206198
C001125,1,0.723759203,0.01296031201,0.04222484016,0.01074095513,0.0138760589,0.01110088324,0.01401577137,0.1713219762
C001128,4,0.007516249958,0.00818083707,0.3706274053,0.007730362709,0.07400347045,0.3264962175,0.07956670908,0.1258787478
C001137,2,0.005682998866,0.3037382707,0.00610393487,0.4577934625,0.08138913338,0.006642596236,0.07680387682,0.06184572666
C001145,3,0.0121107731,0.03343579517,0.03483101771,0.01203762624,0.7427822533,0.01187193767,0.04775912067,0.1051714761
C001146,1,0.006371310383,0.006830108647,0.1248281329,0.006492878653,0.006523776655,0.8027214246,0.006559583002,0.03967278524
C001158,4,0.006012454267,0.006380905318,0.00634656584,0.006128551893,0.006650352352,0.00624550796,0.8746856927,0.08754996964
C001159,0,0.03402588078,0.004581661474,0.007482544613,0.7297141127,0.06584278896,0.004403979018,0.07800399512,0.07594503735
C001161,2,0.01370536857,0.7539721499,0.01447293611,0.0485841291,0.01589064341,0.01514999295,0.01592980612,0.1222949739
C001163,4,0.007859766544,0.08415165074,0.008569427658,0.05922939448,0.009342267802,0.008365629975,0.008796877525,0.8136849853
C001167,0,0.01159467648,0.0316719122,0.1072459991,0.4734569439,0.01575988004,0.01186102111,0.01434329854,0.3340662686
C001177,4,0.005553499923,0.3277263882,0.005672466375,0.1638074403,0.002988350817,0.0144132893,0.4400909133,0.03974765183
C001180,3,0.01692330842,0.01688347699,0.01734470361,0.5039556683,0.2153905417,0.01682046629,0.02142147631,0.1912603584
C001186,3,0.009962521199,0.4688127228,0.1191931864,0.009883984919,0.1119741981,0.009644080112,0.1716718649,0.0988574415
C001187,1,0.008345382619,0.009020380684,0.008678494066,0.008272141768,0.2054874036,0.5249841156,0.1387636406,0.096448441
C001190,2,0.01982166029,0.02134777202,0.0200908182,0.4782702493,0.02308564402,0.02013786882,0.02308559726,0.3941603902
C001193,2,0.01719391512,0.2705205391,0.01781357275,0.01654011219,0.02584536387,0.3331003492,0.0151395295,0.3038466182
C001195,0,0.397025193,0.01772388078,0.01638240435,0.01551113907,0.02282822316,0.01635755141,0.01963345418,0.494538154
C001197,0,0.01466549978,0.01745345897,0.01525073489,0.02952422408,0.05721942352,0.01613059389,0.3507546314,0.4990014335
C001201,3,0.02004718377,0.01919104114,0.01964674737,0.1858049898,0.0222165932,0.09403558072,0.02281970045,0.6162381635
C001205,4,0.004621349583,0.1840432543,0.004921997597,0.004869899259,0.005165408754,0.3333652789,0.3493891767,0.113623635
C001206,1,0.01080464921,0.01161167924,0.01083407694,0.6760138649,0.01176526433,0.01087393265,0.01132319306,0.2567733396
C001217,3,0.6937283927,0.006869457482,0.006796822693,0.03134032711,0.05527041963,0.1242235568,0.007904751077,0.07386627248
C001218,2,0.009163902685,0.1062504723,0.009368485995,0.008591754191,0.2409970595,0.01019759169,0.484260088,0.1311706456
C001219,4,0.008094550065,0.008907387114,0.1417640865,0.03424090784,0.009898417016,0.00865781314,0.009836547632,0.7786002907
C001246,4,0.0186812077,0.03300887021,0.01978614633,0.6740987116,0.01986409286,0.01936735624,0.01851212252,0.1966814926
C001247,1,0.0175498012,0.01911156594,0.01871138368,0.01746828645,0.06018105085,0.0184229305,0.5293950395,0.3191599419
C001251,3,0.02818982333,0.02878387929,0.1681568383,0.02878849626,0.1301769182,0.1234705894,0.1236747546,0.3687587007
C001257,3,0.01107390925,0.02843085174,0.0112281072,0.02315280203,0.01301321714,0.8063375018,0.01334713337,0.09341647752
C001259,0,0.8550268597,0.01004195819,0.009163197963,0.008654498038,0.01040561354,0.00919740044,0.01029480907,0.08721566303
C001262,0,0.008205622565,0.005493179999,0.008590386618,0.6744272223,0.01100787697,0.008565817632,0.009962060565,0.2737478334
C001263,4,0.006606619002,0.1734462044,0.407131175,0.2070917248,0.137381924,0.006849929837,0.007380798928,0.05411162407
C001270,0,0.01825058416,0.002733846905,0.002528762063,0.7457840468,0.1541102038,0.0582762504,0.003107713643,0.01520859228
C001274,2,0.05344892693,0.09232599451,0.005488950681,0.005527318679,0.0064857322,0.02379295604,0.2558821961,0.5570479249
C001281,2,0.01055535476,0.01162897031,0.6281808903,0.01041209611,0.01354856492,0.01150325616,0.01365472193,0.3005161455
C001282,0,0.8086777304,0.005214044495,0.004805505359,0.004774724553,0.005687144456,0.004888649596,0.005376880521,0.1605753206
C001286,0,0.005161544105,0.006120091874,0.1003697677,0.005017594569,0.43541965,0.005427719309,0.402054341,0.04042929144
C001287,3,0.00504757816,0.5332362382,0.1723659767,0.02816735343,0.1874093859,0.005107813328,0.003584276156,0.06508137815
C001296,1,0.01294677044,0.4204252084,0.01347825243,0.4086334582,0.005900034381,0.01346386769,0.006181592078,0.1189708163
C001297,3,0.01229844998,0.4288938716,0.3997370502,0.01231925853,0.01368565272,0.01223265818,0.01385686987,0.106976189
C001304,2,0.002367002947,0.007595555163,0.01833002192,0.004170645383,0.005600290502,0.00281152906,0.005452989777,0.9536719652
C001309,3,0.008244295986,0.3406159971,0.00826390348,0.007993105517,0.4191547797,0.004050680058,0.09061593874,0.1210612994
C001311,3,0.01779235172,0.01300881366,0.1275470502,0.008010916426,0.3143961518,0.1107231855,0.03346543198,0.3750560987
C001319,0,0.008066981259,0.009287996798,0.2113925572,0.007780667229,0.6619045637,0.008514681913,0.009585907342,0.0834666446
C001327,4,0.8419401142,0.0105513831,0.01086241959,0.01057424057,0.01113014961,0.01045474501,0.01109213805,0.09339480986
C001332,4,0.1442061916,0.01890665766,0.2884868574,0.01853441118,0.01967427539,0.01859758917,0.02067432664,0.4709196909
C001333,3,0.01147533241,0.6475113508,0.1444327548,0.01167878799,0.01094353496,0.06505021635,0.01096983163,0.09793819107
C001338,4,0.03422002848,0.03614737313,0.4417160241,0.03453618531,0.1149418298,0.03514637516,0.04033563225,0.2629565518
C001339,0,0.01222288671,0.01339099581,0.01248866655,0.01193037511,0.01507514883,0.1056536565,0.7111059368,0.1181323336
C001344,3,0.01146416155,0.06658497676,0.0264750874,0.01027531147,0.01664547575,0.008313778423,0.01481182188,0.8454293868
C001350,2,0.008741726516,0.01115995362,0.3410814132,0.4391500581,0.0119673832,0.0106473047,0.01178059757,0.1654715631
C001357,0,0.007596539316,0.009803592222,0.03642547986,0.007413775693,0.02778554823,0.1567140946,0.255191541,0.499069429
C001358,3,0.02370559657,0.1086476439,0.1513904644,0.02393009413,0.3480855794,0.02332149495,0.1209438616,0.1999752651
C001360,4,0.008708940557,0.006276927588,0.009805430343,0.7257364405,0.01082114297,0.009515984619,0.01167153462,0.2174635988
C001363,2,0.002290071706,0.005006592192,0.01277651706,0.003967292304,0.003693061293,0.05573951938,0.003553527819,0.9129734183
C001365,4,0.002875661053,0.003151647947,0.003410400236,0.002966279885,0.01005768906,0.003046120688,0.01208685941,0.9624053417
C001368,1,0.1273550683,0.6295925874,0.01155093542,0.05358770738,0.007531227212,0.01146553427,0.007505464017,0.151411476
C001369,2,0.02530656726,0.003280064427,0.002636313472,0.0120668789,0.004668143526,0.002984963591,0.003547884203,0.9455091846
C001370,4,0.001330976499,0.02244983422,0.05885145938,0.0240242705,0.002300333293,0.8516658413,0.002479309755,0.03689797506
C001371,2,0.003017886803,0.01067966855,0.003308369057,0.002982815515,0.003701096768,0.02742631068,0.004260036201,0.9446238164
C001373,3,0.006258263985,0.006365102107,0.006493454401,0.01820891858,0.233943666,0.006388360816,0.5760601727,0.1462820614
C001379,4,0.8166737333,0.1147429226,0.005737061091,0.005539115764,0.006424654039,0.006298266113,0.006607352343,0.03797689474
C001403,4,0.01713791271,0.09847337819,0.017874414,0.1957587861,0.09779508816,0.01869097986,0.1037814092,0.4504880317
C001404,1,0.5688068385,0.06093440816,0.005473403206,0.005074504217,0.1057678309,0.09822652426,0.005763735218,0.1499527555
C001407,0,0.004283709505,0.004638796623,0.004412183294,0.004215744076,0.005216216869,0.9338236102,0.005070805856,0.03833893362
C001423,0,0.01191708608,0.7663328899,0.01209194917,0.01164738739,0.01392729775,0.01234223125,0.01358772292,0.1581534355
C001425,2,0.06275778684,0.7209947205,0.06015267604,0.09760925307,0.01050219922,0.002995511206,0.01600636447,0.0289814887
C001432,1,0.001818081313,0.03198837073,0.01112047255,0.01100955234,0.004887009233,0.001895709719,0.8965268242,0.04075397994
C001438,2,0.005489465999,0.003477055266,0.00298212343,0.002730089953,0.004648245645,0.03948525053,0.003903321307,0.9372844479
C001456,2,0.006815549547,0.04934257954,0.1787625941,0.006500142698,0.009152675997,0.494715332,0.1990099729,0.05570115316
C001465,0,0.06119228076,0.01109001605,0.2116166165,0.008975871145,0.01357079445,0.01025144607,0.5152409963,0.1680619787
C001466,1,0.01368796112,0.01471751271,0.01446910781,0.01378311271,0.02716481169,0.01443771668,0.7812118223,0.1205279549
C001468,3,0.02740869239,0.767622491,0.003439686053,0.003328112216,0.003593740106,0.003265459294,0.06865672952,0.1226850894
C001471,3,0.02382745105,0.2008110807,0.2505556563,0.02523102697,0.1147474714,0.005685288374,0.109599049,0.2695429762
C001477,2,0.007884584148,0.1530092895,0.008077134555,0.7336356342,0.01016799564,0.008824961323,0.01009462682,0.06830577382
C001482,1,0.02045919861,0.02165982367,0.5403338251,0.02039549839,0.02172224361,0.02088675323,0.02067709062,0.3338655668
C001489,3,0.002193616556,0.005387988243,0.00959905347,0.01595302488,0.01017496691,0.005350740947,0.005998451337,0.9453421577
C001496,1,0.009750559387,0.01107002007,0.2106725213,0.2182378878,0.2310366309,0.01027780878,0.01310759988,0.2958469719
C001510,3,0.0192688823,0.5346517475,0.05406353998,0.1123572911,0.01161582841,0.009554343266,0.01145687887,0.2470314886
C001515,0,0.019856269,0.006506200375,0.005243226988,0.005084593482,0.007292818814,0.006039206487,0.006832493774,0.9431451911
C001518,0,0.007867353325,0.3704709616,0.1259999611,0.07048845384,0.01101555732,0.008424129134,0.009488388512,0.3962451952
C001534,4,0.01652234051,0.4951992756,0.01748902465,0.2990998291,0.01606849212,0.01600604258,0.01564394787,0.1239710475
C001538,4,0.004043525816,0.004272767686,0.004359092031,0.004208454506,0.004432172418,0.004201391735,0.9311233691,0.04335922669
C001539,0,0.008453011809,0.4387037285,0.008233043003,0.007851694955,0.2097408169,0.09158553288,0.1399375662,0.09549460566
C001541,4,0.1160333685,0.005270600685,0.005278285148,0.005140587895,0.1808029333,0.06537198141,0.5770982705,0.04500397258
C001543,3,0.08310810389,0.005606649751,0.1704623352,0.0120313766,0.01347606323,0.4978090895,0.01348996476,0.2040164171
C001545,4,0.01694732844,0.01769382501,0.3325202072,0.0744807385,0.01861594255,0.01740338965,0.01909114227,0.5032474264
C001550,3,0.1629094267,0.1573387644,0.3827260264,0.01667899549,0.02092998101,0.01672731645,0.02085247674,0.2218370128
C001552,3,0.004015549322,0.003941284916,0.05475196586,0.004239378515,0.004803853966,0.003958572642,0.8896888953,0.0346004995
C001553,4,0.004712515703,0.04784058797,0.4195369696,0.03764042128,0.2157416338,0.0474479339,0.1461241359,0.08095580189
C001558,4,0.01570455239,0.01710263902,0.02862251661,0.01651394595,0.0684103462,0.0166242814,0.01728409777,0.8197376206
C001568,3,0.01482732685,0.001885161682,0.001906597088,0.001869580916,0.002545128024,0.001880990806,0.9104209438,0.06466427087
C001573,2,0.005880210557,0.003671491995,0.003078627395,0.004730675631,0.05531451377,0.01087258279,0.05251426772,0.8639376301
C001579,2,0.003272854358,0.8202576117,0.003620831268,0.003218846322,0.08219783624,0.003963041272,0.004553098512,0.07891588035
C001580,2,0.001477344536,0.001633680826,0.06229567005,0.001395149222,0.8665632023,0.02044093356,0.0349370457,0.01125697385
C001586,4,0.009379493632,0.01029142884,0.009823953344,0.2649551975,0.01057733319,0.4536356146,0.01028197251,0.2310550063
C001603,1,0.6265215295,0.07866535993,0.004921804263,0.004679092436,0.005460488814,0.005048181673,0.1191707188,0.1555328245
C001605,1,0.02125122418,0.006794485836,0.4939549852,0.05323409807,0.008819268187,0.006314012878,0.2282134713,0.1814184544
C001606,1,0.01354416308,0.01471054816,0.01409962214,0.01347785911,0.01560631113,0.01353379802,0.7717565044,0.1432711939
C001611,3,0.04307826424,0.00969528692,0.04595130877,0.594920963,0.01262970085,0.009432439023,0.01284717575,0.2714448614
C001612,4,0.01067639704,0.01149298295,0.2099936214,0.2984566471,0.01187735269,0.01127013886,0.2724273351,0.1738055248
C001619,0,0.00845718193,0.009302249893,0.2622136857,0.10100803,0.1029918532,0.3711657307,0.01018166123,0.1346796074
C001622,0,0.06703570716,0.2923994589,0.01168923396,0.01133932827,0.03534588245,0.01225262805,0.04596276981,0.5239749914
C001623,4,0.08844851524,0.01678153005,0.7081115572,0.02157971657,0.02000173278,0.02583450589,0.0703748242,0.04886761806
C001628,4,0.004528615509,0.6006416929,0.004870766631,0.03546420009,0.005365365651,0.004782715838,0.2907730159,0.05357362753
C001636,0,0.1980210834,0.005253696718,0.5645943248,0.004726028196,0.09262369923,0.03899403933,0.05996932748,0.03581780087
C001637,1,0.01450263036,0.01557596837,0.3176922231,0.07328138754,0.01623914516,0.01459413385,0.01658040868,0.531534103
C001646,4,0.6502233766,0.01852951567,0.01873456741,0.01822237134,0.01851171556,0.01831236069,0.01737408277,0.24009201
C001651,0,0.3254522682,0.0178324083,0.01609358365,0.01528633696,0.01952308041,0.01653286028,0.05691715124,0.5323623109
C001652,3,0.02124399294,0.9044903545,0.00115644569,0.00924580528,0.05352070499,0.001156470285,0.001421936763,0.007764289587
C001654,0,0.013754389,0.0156442042,0.01413601572,0.6319637402,0.01881089664,0.0154237117,0.02632799668,0.2639390458
C001659,0,0.003781236389,0.07756599111,0.01253055224,0.04031125856,0.742558865,0.003911164953,0.004622438108,0.1147184936
C001671,4,0.005546324437,0.3563915089,0.3230598265,0.2039650721,0.006123400591,0.005767470513,0.006036381722,0.09311001531
C001675,3,0.1039377339,0.02029317592,0.02127371936,0.02087176781,0.02121103524,0.02042620502,0.0209051587,0.7710812041
C001679,2,0.01699283759,0.02027764667,0.01654375694,0.7417276392,0.0242834686,0.01832239768,0.02445938334,0.13739287
C001684,1,0.01439984777,0.01564143005,0.01521341288,0.7502098238,0.01482465268,0.01467661962,0.01474923893,0.1602849743
C001685,3,0.01014668952,0.009984051805,0.01004912055,0.6946812155,0.01318075992,0.01429112902,0.01348012422,0.2341869095
C001688,3,0.7027434135,0.01158555203,0.01195657905,0.01167469881,0.01469880427,0.1205924034,0.01466589588,0.1120826531
C001690,2,0.01037533564,0.595125187,0.01409938549,0.01007238136,0.01449409231,0.1603026355,0.01442962635,0.1811013563
C001694,3,0.03566485348,0.01449418325,0.01477915964,0.01450983868,0.01711169909,0.7132905721,0.01714804555,0.1730016482
C001696,2,0.006881200898,0.007891864159,0.07991055536,0.006548570791,0.01026197472,0.1448340024,0.6751931154,0.06847871635
C001702,4,0.009136713545,0.1381306501,0.06919310583,0.116434146,0.0466514869,0.009423048392,0.50761532,0.1034155293
C001711,1,0.592683966,0.01056212641,0.01006583719,0.2552333451,0.01111108892,0.009837563668,0.01101597169,0.09949010098
C001722,4,0.003551808338,0.003951909776,0.005560532626,0.003655276628,0.004193348187,0.00379893225,0.004087317109,0.9712008751
C001730,2,0.01853147023,0.01558113447,0.01456653545,0.2835172601,0.01770635122,0.4260451026,0.01737461032,0.2066775356
C001738,3,0.2823965555,0.00923360744,0.007069948914,0.466605474,0.03522703142,0.00704279564,0.1282048796,0.06421970753
C001739,4,0.0191908307,0.359688188,0.1006735406,0.006687298432,0.01386589595,0.006639059179,0.006613305147,0.4866418821
C001741,1,0.002624183375,0.8776444076,0.002756753423,0.002640071645,0.07959379178,0.002670018169,0.008452722645,0.02361805137
C001743,0,0.009660856299,0.2474841814,0.01019773812,0.009938990469,0.07071812293,0.04321987637,0.4157982353,0.1929819991
C001746,0,0.01071593973,0.5616641925,0.01083041426,0.01053344855,0.2949062458,0.01109017343,0.01326280239,0.08699678335
C001754,3,0.002831176286,0.08930778969,0.002864104471,0.8722075379,0.003065890723,0.002790089299,0.003069342121,0.02386406954
C001761,4,0.01648307898,0.01714033977,0.2790015162,0.03024073965,0.01747653387,0.1661772653,0.04437623661,0.4291042896
C001764,1,0.004384005121,0.2761209749,0.02022468289,0.004359351146,0.5576417271,0.004538090394,0.005095537232,0.1276356313
C001771,2,0.004752543534,0.006873288114,0.7478529546,0.00506735952,0.006734380595,0.006044315491,0.006518984328,0.2161561738
C001774,3,0.02260110852,0.5148017603,0.006134753605,0.01634683428,0.1052915606,0.03260387095,0.227626781,0.07459333082
C001777,4,0.009086832153,0.0100022062,0.6367009365,0.009796051163,0.01070536803,0.1079095285,0.07927720495,0.1365218725
C001780,3,0.01264232887,0.01206815729,0.01228685423,0.5670811121,0.01550316456,0.01198194711,0.0156894058,0.3527470301
C001782,0,0.002697529684,0.002957887277,0.009644792124,0.002648485525,0.9498043389,0.005236396169,0.003082436387,0.02392813395
C001784,2,0.8461153123,0.06932823232,0.003489168775,0.003299963925,0.004433133419,0.003868811124,0.004441941451,0.06502343672
C001786,0,0.01147810201,0.6205695021,0.0116933476,0.04389477585,0.08865570447,0.01192362664,0.09464109013,0.1171438512
C001796,2,0.006113844258,0.4366899876,0.006272295524,0.005883882213,0.006225878311,0.006698005163,0.485583646,0.04653246087
C001808,0,0.01262332047,0.6426579487,0.1405108919,0.01295136225,0.01583982626,0.01391114466,0.01611538866,0.1453901171
C001811,4,0.2056468237,0.4613065245,0.1389279994,0.05865528985,0.007584797322,0.0635433167,0.007895491569,0.05643975698
C001812,3,0.01129326046,0.01108720491,0.01145980809,0.01121242297,0.8111375698,0.0110538335,0.013160379,0.1195955213
C001814,3,0.01046937986,0.2622500904,0.07275715755,0.01029734825,0.01467142716,0.01037011425,0.01466699634,0.6045174862
C001816,2,0.006771062916,0.008430695417,0.007283974066,0.006493521404,0.01039092483,0.3864109019,0.4031633076,0.1710556119
C001819,0,0.004932059459,0.008834883181,0.03000245612,0.008109655102,0.006170925166,0.01674029714,0.006248547083,0.9189611767
C001821,4,0.0281209875,0.06158416403,0.03039827739,0.02895859202,0.03065706948,0.02893125138,0.02900167695,0.7623479812
C001823,2,0.005615429536,0.004189756329,0.04391347359,0.02938296289,0.01129596021,0.006019215081,0.01720708278,0.8823761196
C001829,4,0.01727919409,0.01805477465,0.3608517824,0.01745758071,0.01896495966,0.01775149459,0.07904322323,0.4705969907
C001830,2,0.7319691719,0.02064292003,0.01687692253,0.0158936871,0.02085470913,0.02984074456,0.02055934101,0.1433625038
C001836,2,0.01183335902,0.4849253692,0.02133574754,0.01141074691,0.01539136118,0.2770437443,0.0152597806,0.1627998913
C001837,1,0.002657552192,0.8321696926,0.04966359969,0.002579052997,0.003222633188,0.002854570719,0.003436126375,0.1034167722
C001861,4,0.002210477872,0.002433426248,0.8706388534,0.00233728782,0.02381468016,0.002343388406,0.02205734189,0.0741645442
C001865,1,0.008232243253,0.00878150979,0.00855666587,0.7744434988,0.04895946672,0.03292669563,0.0517366701,0.06636324987
C001869,1,0.00357659771,0.6553351848,0.02648837304,0.003458425094,0.07847347992,0.003737064996,0.08051778093,0.1484130935
C001870,3,0.01891609353,0.02065610806,0.02114268932,0.2182036424,0.02216255238,0.138884065,0.02227644663,0.5377584027
C001882,3,0.02124449483,0.02162968736,0.0219099855,0.1007960019,0.1158844122,0.08830499261,0.02103532326,0.6091951023
C001883,1,0.004914405133,0.03114025316,0.1263778922,0.1616838595,0.005275222792,0.622624407,0.005132652853,0.04285130738
C001887,1,0.01092696876,0.6860780292,0.009628902323,0.01105600589,0.0309116631,0.01126655765,0.1616786543,0.07845321877
C001888,2,0.02352674154,0.02640352903,0.02461812644,0.0227290945,0.02817327072,0.02551530822,0.02779143364,0.8212424959
C001895,4,0.008459645575,0.008876834896,0.6465094329,0.008605782079,0.008964879108,0.01215989222,0.01044477032,0.2959787629
C001899,4,0.007267792264,0.07569049287,0.007674044219,0.007496834644,0.007689846914,0.1657184232,0.6691538793,0.05930868655
C001902,4,0.7861240185,0.01546961828,0.005722512901,0.009194285797,0.08326551946,0.01572948958,0.02880128952,0.05569326592
C001907,4,0.02431813624,0.02520375511,0.02638326125,0.0254747449,0.02799340531,0.1210121104,0.02952342036,0.7200911664
C001910,2,0.02264836462,0.02644217503,0.02333856808,0.5477819923,0.02741829309,0.02045057032,0.02749100992,0.3044290266
C001917,1,0.01306311413,0.01399687424,0.3808954151,0.01368337011,0.3500289308,0.01416095246,0.01553162375,0.1986397194
C001920,0,0.005574261527,0.005973032779,0.5687102571,0.07558525296,0.2768265793,0.00573284941,0.02634973947,0.03524802741
C001926,2,0.006247362089,0.007087148066,0.5849713251,0.006008154549,0.007720127997,0.006633136178,0.2435860852,0.1377466608
C001936,3,0.8346368939,0.08339610151,0.006547653228,0.006461335169,0.007500199227,0.006360884239,0.00788636664,0.04721056605
C001954,2,0.001970063461,0.002509575768,0.002084962984,0.002005839595,0.003018832648,0.002354541099,0.7641626727,0.2218935117
C001980,3,0.01854753953,0.01839317837,0.3256172885,0.4006864073,0.02195029736,0.01837027585,0.02199422446,0.1744407886
C001982,3,0.002478773106,0.01289769555,0.01992922731,0.03308180297,0.01785278456,0.8638618011,0.03090915772,0.01898875766
C001988,1,0.008737060062,0.009400448071,0.8194833198,0.008824008481,0.009126260493,0.009061254442,0.006437037596,0.128930611
C001989,4,0.4155259576,0.03066018068,0.009623093695,0.2912815085,0.0626720335,0.009385321472,0.07916206357,0.1016898409
C001990,2,0.002054592619,0.04206048575,0.002160967759,0.006055588587,0.01092497572,0.6339896439,0.2498770469,0.05287669873
C002009,1,0.04405056425,0.004147536274,0.005492876505,0.003532600493,0.8213112889,0.003671246743,0.004563259628,0.1132306272
C002017,1,0.01285606828,0.01363601673,0.01324892362,0.06750626718,0.01077879236,0.0792390677,0.6916369689,0.1110978952
C002019,1,0.2548874716,0.009899484416,0.009132611825,0.00880704582,0.01826075417,0.5867223809,0.01974221472,0.09254803661
C002029,4,0.01199365,0.3205197234,0.01312303327,0.08801847028,0.01129743459,0.1016839,0.0136495393,0.4397142491
C002034,0,0.01407947101,0.01545048663,0.01436318047,0.01376762055,0.2188237109,0.01460822254,0.1941683752,0.5147389327
C002035,1,0.01153240818,0.06086386662,0.003995582695,0.003821654416,0.02600495979,0.005539311144,0.050187809,0.8380544082
C002055,2,0.005684646055,0.2265878936,0.005899682576,0.3201125392,0.3783988062,0.006585582845,0.007327007158,0.04940384236
C002059,3,0.00547941246,0.005362690311,0.005583481897,0.00538663721,0.005379645978,0.9147177988,0.00541041467,0.05267991872
C002062,4,0.006362774169,0.335552991,0.01184518229,0.006337581399,0.2071999958,0.006576875155,0.2431785533,0.1829460469
C002065,1,0.002655137751,0.003048491315,0.9052492014,0.002584776813,0.003335231885,0.002700983475,0.003306381793,0.07711979555
C002066,4,0.004038792942,0.004620151072,0.05841947672,0.004240051105,0.02915428348,0.004392031929,0.005088702046,0.8900465107
C002073,2,0.007436325439,0.008550130232,0.8704577951,0.00724672655,0.00921107693,0.008217663342,0.009096891098,0.07978339127
C002080,4,0.6681357094,0.01644440046,0.01675121748,0.134115326,0.01747287415,0.01627017512,0.01658138497,0.1142289123
C002083,0,0.003658116599,0.003997566827,0.9019460634,0.003540889157,0.00457100839,0.003799668677,0.04669469842,0.03179198851
C002096,2,0.05504587977,0.007337238204,0.3098355157,0.005823469598,0.08585341652,0.01383652675,0.02209779222,0.5001701613
C002123,4,0.0188644188,0.01963085468,0.01970000876,0.01953630893,0.02204960703,0.07878843141,0.02128460289,0.8001457675
C002125,2,0.02248488631,0.3302564174,0.02331851819,0.02186860348,0.1496215146,0.02489536298,0.03266006408,0.394894633
C002130,2,0.003319967293,0.008438202093,0.006980701422,0.1144315607,0.009064282416,0.008118963806,0.009106438417,0.8405398839
C002133,4,0.05413823125,0.6473743563,0.006940986579,0.006707432883,0.0927185491,0.006792866533,0.1060365957,0.07929098166
C002137,3,0.02361342224,0.02298866106,0.02313624932,0.6247930219,0.02917732007,0.02277121137,0.02931507727,0.2242050367
C002140,1,0.4245909798,0.01044283675,0.3613444074,0.009625842786,0.01062516529,0.009928343636,0.01009085091,0.1633515734
C002143,1,0.008415891536,0.009012319449,0.2461723234,0.006731397765,0.5549591497,0.1070754864,0.008917562281,0.0587158695
C002145,0,0.7906264817,0.01345276459,0.04730252078,0.0113271376,0.01503944708,0.0122720449,0.01433641162,0.09564319169
C002156,1,0.006623673686,0.007746750459,0.006674248688,0.006628820298,0.008122128107,0.7785667258,0.007986929611,0.1776507234
C002169,0,0.01644506143,0.05597240777,0.04435503804,0.01635164527,0.2135084568,0.01749599405,0.1412806499,0.4945907467
C002171,0,0.009915025854,0.5741226695,0.01008946953,0.009692457438,0.011818338,0.01023286333,0.01144091249,0.3626882639
C002178,0,0.007950956778,0.008694606999,0.1641800839,0.7226437563,0.01013303646,0.008044719253,0.009296121515,0.06905671886
C002186,0,0.08529731298,0.4034758623,0.005647649575,0.03370962539,0.00986602018,0.07338405206,0.3025139811,0.08610549637
C002190,4,0.01509511102,0.2271833152,0.01612591153,0.01626343372,0.0179811952,0.01574355047,0.02132570209,0.6702817808
C002202,3,0.003335602698,0.00447192166,0.0131878563,0.003265105429,0.003957059631,0.00167688907,0.03804708936,0.9320584759
C002205,2,0.009273780462,0.01062550268,0.009516070387,0.008878037198,0.01190295073,0.01012853535,0.8026675394,0.1370075838
C002207,2,0.01216338027,0.09516612181,0.07136402242,0.01170121569,0.01430794303,0.03693355041,0.6425715098,0.1157922566
C002210,3,0.005392421156,0.1213802064,0.006956571118,0.3977162099,0.3143078035,0.006789723937,0.0990983645,0.04835869948
C002211,2,0.5161721703,0.01428171548,0.01229093122,0.01157874549,0.0151254873,0.01354283302,0.01508880274,0.4019193145
C002217,1,0.007579621047,0.001913048797,0.02286935847,0.003760502829,0.02014924254,0.004038186971,0.0113027494,0.9283872899
C002221,3,0.00431429004,0.1586085533,0.005776138188,0.01815071542,0.07150482492,0.005064474302,0.004864136205,0.7317168676
C002224,0,0.009017222934,0.01014905689,0.009232488798,0.008920344937,0.01171864848,0.2855087977,0.5750355347,0.09041790565
C002225,2,0.7991747955,0.01413868512,0.01298966697,0.01582409352,0.01623649227,0.01368160322,0.01592910172,0.1120255617
C002248,1,0.006116489395,0.05564772887,0.3668383112,0.0513440671,0.006557066801,0.1946660261,0.2713165316,0.04751377892
C002252,4,0.003462778595,0.003779304459,0.002807633801,0.002013918136,0.0511695626,0.002096963666,0.004059486492,0.9306103523
C002254,2,0.01148136121,0.6791655045,0.01175254275,0.01096856982,0.009591196796,0.109708087,0.009626583519,0.1577061544
C002258,4,0.009419603092,0.009929864021,0.009804563181,0.009647877957,0.00987770602,0.8229278085,0.009905359478,0.1184872178
C002262,2,0.002474151947,0.003131674885,0.08784875852,0.06923099557,0.7463798837,0.008379968226,0.003418580897,0.07913598627
C002264,2,0.04887142643,0.009845837424,0.009101826631,0.008411433269,0.01094713848,0.7965532845,0.01073654857,0.1055325047
C002267,2,0.02331541301,0.02905989532,0.08949136553,0.02981798188,0.03959043035,0.02660552079,0.1806829541,0.581436439
C002269,4,0.009394174215,0.6381225016,0.009812767727,0.07294678937,0.009875449362,0.125126017,0.009775103341,0.1249471973
C002270,3,0.005315966776,0.7061609977,0.005310296929,0.2180258687,0.006404586015,0.005233027329,0.006378553532,0.04717070306
C002273,3,0.00455326154,0.004426092467,0.004529829198,0.3568381163,0.5585683937,0.004429145947,0.02528073353,0.0413744274
C002287,3,0.02439134126,0.06224853782,0.4040355715,0.02388609706,0.0209199064,0.03668404336,0.01692390043,0.4109106021
C002290,0,0.01859377829,0.0214745224,0.0197714274,0.7381930319,0.0255367161,0.01964673984,0.0229823854,0.1338013986
C002295,2,0.001733745107,0.7473762699,0.00179083757,0.1336388136,0.09611003417,0.001733654224,0.002088283515,0.01552836188
C002298,2,0.01070292215,0.01253147292,0.2629489489,0.01019794695,0.01314540886,0.5839995933,0.01323421638,0.09323949056
C002308,2,0.00963998873,0.4394975342,0.01028382296,0.009667337785,0.01484564324,0.01331859971,0.2572658997,0.2454811737
C002309,0,0.007146139463,0.1229416369,0.007316865781,0.6892547932,0.009209987939,0.1047789558,0.009040518511,0.05031110229
C002314,4,0.003241446516,0.003593141567,0.003070811902,0.1270907882,0.003938187271,0.003429073121,0.003774791034,0.8518617604
C002315,4,0.005226805558,0.02561458136,0.004483417611,0.0248856748,0.006191699969,0.006447874504,0.0386303232,0.888519623
C002319,1,0.134570008,0.01300911576,0.1968992257,0.01099891002,0.03258438025,0.2549143421,0.01373826466,0.3432857535
C002330,2,0.02591972161,0.04843504998,0.02677208482,0.02504027048,0.03427438142,0.02739641799,0.03435779008,0.7778042836
C002334,2,0.001614157955,0.001876722162,0.001657577155,0.821385026,0.001954470668,0.1559578232,0.001917443783,0.01363677907
C002339,0,0.7518653123,0.004227839368,0.006426076116,0.006019798234,0.04652560538,0.006525175733,0.02223262228,0.1561775706
C002341,2,0.6249144383,0.005987494524,0.005374894376,0.1110168846,0.006563859834,0.00560864379,0.1987188709,0.04181491372
C002342,3,0.02500359079,0.01662027897,0.7502583243,0.01790648831,0.02144229133,0.01659252023,0.02137866467,0.1307978414
C002345,1,0.01936286863,0.01829401594,0.01834492003,0.01690883809,0.01934728928,0.52162413,0.0179157642,0.3682021738
C002348,0,0.05410763819,0.00407883918,0.003431142277,0.06097063997,0.1972668755,0.4775711512,0.1422390402,0.06033467354
C002352,2,0.4177718989,0.009109562787,0.1917023524,0.007445654312,0.1962014071,0.008640793632,0.108032305,0.06109602583
C002359,4,0.007601095684,0.007942560583,0.007971190482,0.007712362382,0.1829947905,0.007859178019,0.6827942074,0.09512461494
C002377,2,0.003690726736,0.003500735003,0.06536407943,0.007750879084,0.0169933347,0.02306008321,0.01546721556,0.8641729463
C002381,2,0.07780627745,0.008618779333,0.1809295928,0.615282701,0.02337492331,0.008288319124,0.02362052736,0.06207887965
C002383,2,0.8809896092,0.005582644906,0.003951197981,0.004392040706,0.006594640309,0.005229690866,0.006478469686,0.08678170638
C002387,3,0.01403993874,0.8094879262,0.01411210542,0.01411780328,0.01635831783,0.01261939374,0.01636919669,0.1028953181
C002390,3,0.01189054732,0.01028240242,0.01037396142,0.04821655192,0.01040756106,0.009464451441,0.01038712864,0.8889773958
C002392,0,0.6122997413,0.006052758959,0.32094816,0.005494580401,0.006860186908,0.005782900627,0.006552460423,0.03600921138
C002396,3,0.005837303202,0.005579660637,0.005949082705,0.218342143,0.01132530044,0.007608977254,0.6771963926,0.06816114023
C002403,2,0.02667614484,0.02980634465,0.08854667018,0.02558950317,0.0299633237,0.02806905931,0.02960564044,0.7417433137
C002407,2,0.01415214573,0.01690307346,0.01467556185,0.01350261754,0.01890083084,0.01621743231,0.7363603544,0.1692879838
C002408,2,0.02177445922,0.02639946026,0.02278575833,0.05004550247,0.03137184418,0.02519257419,0.03146134149,0.7909690599
C002409,1,0.00392161838,0.01734701477,0.001871245849,0.002189750814,0.005848649133,0.02344545413,0.004765718128,0.9406105488
C002412,3,0.1924916849,0.02113782258,0.1286614821,0.01975827039,0.02388213933,0.08220640044,0.02378955448,0.5080726459
C002416,0,0.005981692701,0.3324009014,0.006128029339,0.005712821883,0.008113275192,0.4464651039,0.007789393063,0.1874087825
C002418,3,0.134316444,0.007725657842,0.007835891061,0.2858778444,0.008548000144,0.4889958438,0.008748896565,0.05795142227
C002420,3,0.007981194014,0.007959083749,0.3357243262,0.02559857528,0.4167317661,0.1207028206,0.009229108277,0.07607312581
C002434,3,0.005230694809,0.03454149845,0.01326725521,0.00460484379,0.01166441803,0.1995334166,0.0465138084,0.6846440647
C002443,2,0.003764179138,0.01120728701,0.007033963435,0.02500375001,0.005189905363,0.004509536494,0.00348257117,0.9398088074
C002446,2,0.006231195559,0.385176369,0.04482078811,0.008155493091,0.003740816256,0.006947702428,0.01361518814,0.5313124474
C002453,2,0.001821769261,0.0599119686,0.003505018885,0.8696584575,0.002038550004,0.003881148586,0.002075214044,0.05710787314
C002454,3,0.6856929004,0.01565003004,0.1022926428,0.04996220037,0.01221569417,0.01050717043,0.01223382889,0.1114455329
C002459,2,0.244106626,0.6163799045,0.05618057678,0.009722284474,0.003273275295,0.04608929945,0.003294145336,0.02095388811
C002465,3,0.003780404879,0.003890624905,0.4712905515,0.003959447354,0.0050795067,0.05507365034,0.2819306077,0.1749952067
C002467,1,0.0113058778,0.7365941887,0.01180661828,0.01141368472,0.02028265422,0.01203843298,0.01436410889,0.1821944344
C002469,1,0.003663501139,0.004382195906,0.04419983348,0.003670789459,0.03511361309,0.09602592867,0.5242805821,0.2886635562
C002470,3,0.1146306165,0.2017752897,0.01251239098,0.01750518279,0.0142074738,0.2507860215,0.2034272087,0.185155816
C002477,0,0.02400902287,0.7016436589,0.004986769631,0.2205338626,0.006134070193,0.00519111074,0.005654115478,0.03184738954
C002484,4,0.006923076304,0.007240929994,0.8805037183,0.007289959866,0.007773313657,0.007128092245,0.007799660008,0.0753412496
C002486,4,0.01204203764,0.01345982342,0.05710527072,0.128933339,0.01354172544,0.01274835585,0.1645421164,0.5976273316
C002487,2,0.02939169873,0.05814797163,0.742535516,0.03877890505,0.009975767266,0.03641749321,0.009885377189,0.07486727094
C002489,4,0.003386384664,0.03001463812,0.1144119097,0.003520811139,0.7897967509,0.0246786443,0.004015164342,0.0301756968
C002496,3,0.4539294933,0.01104595335,0.01140569316,0.1067312911,0.01239533273,0.01105103874,0.3237794884,0.0696617092
C002497,4,0.00284409455,0.002962718307,0.002918906701,0.002852121181,0.9582347586,0.002924497014,0.002735606983,0.02452729671
C002502,3,0.006416179088,0.1706071102,0.006830109109,0.00661829573,0.326734495,0.006476742041,0.2579738185,0.2183432503
C002510,0,0.003310298672,0.003626228307,0.0033946884,0.003576013017,0.005137726111,0.02248178705,0.004719666661,0.9537535918
C002511,4,0.006121945345,0.006460753537,0.6279826203,0.02269826505,0.09257542946,0.006356917672,0.08974507554,0.1480589931
C002515,1,0.6451027509,0.01803915419,0.01741572567,0.01671915914,0.01809933356,0.01708963456,0.01804994186,0.2494843002
C002520,0,0.003964794433,0.004391868761,0.004225339171,0.003844249317,0.00502818561,0.004124313166,0.7953979777,0.1790232719
C002521,2,0.02858773914,0.6962026915,0.07162819651,0.02692430193,0.03635099622,0.02874398786,0.0310272303,0.0805348565
C002529,2,0.002685315874,0.003057693384,0.002755938134,0.002602121148,0.1956729175,0.7426714338,0.02747122081,0.02308335929
C002538,4,0.00913148545,0.009685748038,0.01021064799,0.01363586165,0.8521144892,0.009584389774,0.02276438239,0.07287299549
C002540,1,0.001863135869,0.07535633771,0.001872658053,0.001862996062,0.8494510668,0.03094283909,0.002194834687,0.03645613173
C002545,2,0.003972941882,0.0045527156,0.00430939102,0.07205296314,0.8535806205,0.004407162609,0.009341150914,0.04778305429
C002546,2,0.02629657916,0.03090006897,0.0268008007,0.02518467267,0.03108478571,0.0282262866,0.5351815013,0.2963253049
C002551,0,0.0332681694,0.01828216161,0.3106295523,0.01569392699,0.01929802753,0.04695755352,0.01819912676,0.5376714819
C002554,1,0.01228358493,0.03156763804,0.6661005158,0.01210712228,0.0148504826,0.01257457827,0.04197409184,0.2085419863
C002557,3,0.004381464892,0.8206843633,0.07893123536,0.004208040329,0.005168985747,0.004313649422,0.005361501559,0.07695075936
C002558,4,0.002682488226,0.002957391268,0.004471954582,0.01639181538,0.003298796625,0.002844624214,0.003268580861,0.9640843488
C002561,0,0.004258146688,0.7830066364,0.004181103541,0.09650116055,0.005180405823,0.00432732809,0.07087804307,0.03166717582
C002565,3,0.5256377559,0.07264797861,0.01047518286,0.01053626844,0.01378551834,0.01272616106,0.275036724,0.07915441081
C002568,1,0.01780337923,0.08395856595,0.121911292,0.0181091327,0.02021013793,0.01641648899,0.4651197531,0.25647125
C002578,0,0.05613920717,0.002363909444,0.7509694266,0.003317063129,0.002852344826,0.1426706348,0.002497509599,0.03918990444
C002588,2,0.02156354207,0.1646574765,0.008309897335,0.03789849276,0.006707138111,0.009787777268,0.01133245679,0.7397432191
C002591,3,0.03429644411,0.7061132269,0.1191176542,0.006609601356,0.0358671926,0.004114935988,0.03533066645,0.05855027848
C002592,0,0.01061046394,0.01238892517,0.01407082903,0.01049299648,0.1215851145,0.01145855749,0.1366486616,0.6827444518
C002593,1,0.003915998838,0.5746969044,0.003883977691,0.003772260703,0.05985475034,0.1299878712,0.004895587458,0.2189926494
C002598,1,0.01537199052,0.01659435114,0.01671049323,0.0152664318,0.2175254278,0.01548961481,0.2521872173,0.4508544734
C002604,1,0.02043989655,0.2692096106,0.02088144858,0.02009369823,0.02146478593,0.05302901699,0.4159735521,0.178907991
C002605,0,0.002325113112,0.01645741501,0.022356391,0.002213643409,0.003344110317,0.007523255638,0.00306735663,0.9427127149
C002619,1,0.02788073508,0.03047677019,0.3147640462,0.02810427142,0.03090485859,0.02825320743,0.02969202658,0.5099240845
C002630,0,0.0647019653,0.004229416845,0.00362418456,0.07117528539,0.005312489274,0.8074101892,0.004721608278,0.03882486111
C002631,4,0.006500498002,0.006823943563,0.8804161817,0.006617213598,0.006632673305,0.006659250706,0.006547476628,0.07980276252
C002632,3,0.03102268133,0.005373869189,0.005570824782,0.008403498748,0.07554908186,0.005331246784,0.03494206402,0.8338067333
C002640,0,0.008371521545,0.008837853254,0.008230558284,0.007895040002,0.0935354781,0.5130092041,0.0105741247,0.34954622
C002641,2,0.00924194942,0.01047236171,0.06385712018,0.1909174298,0.01209850775,0.5860771263,0.02814527436,0.09919023046
C002648,3,0.003572427529,0.03125846211,0.01438916312,0.009357402221,0.001287126464,0.008447960905,0.003059649723,0.9286278079
C002651,1,0.381384611,0.009586946153,0.008887344081,0.008874751,0.4096442061,0.009023093621,0.01035404498,0.1622450031
C002652,1,0.002868504473,0.05776103362,0.002971282963,0.02822436258,0.004111046374,0.002929494605,0.8663213491,0.03481292631
C002654,1,0.01979641677,0.6395812517,0.02053178517,0.01944608911,0.02307373627,0.01990156631,0.02773934232,0.2299298124
C002658,2,0.005671728201,0.5230600567,0.005939128321,0.2654064387,0.007561906967,0.006687995937,0.008250337806,0.1774224074
C002662,0,0.004063748709,0.06767922476,0.004205134482,0.6500973385,0.1837067915,0.02728669611,0.004830791629,0.05813027434
C002669,0,0.01517825057,0.01855857726,0.08373635359,0.0167144044,0.02043061677,0.2218638751,0.0197404244,0.6037774979
C002674,2,0.2666587537,0.5997656977,0.009339171146,0.004844696262,0.01125815492,0.009674335314,0.01120580537,0.08725338556
C002679,3,0.006850958115,0.006792592693,0.006960104607,0.006819334491,0.00840335191,0.8963097703,0.00849351067,0.05937037726
C002681,4,0.003415904434,0.003715862244,0.01229105709,0.006073767515,0.003937832096,0.002746346945,0.003823031922,0.9639961978
C002682,2,0.004707062536,0.005866421441,0.01389822211,0.7791687546,0.006374110539,0.005294579685,0.006309232918,0.1783816162
C002684,4,0.01709113463,0.02224296573,0.002705382813,0.1619002001,0.002915735302,0.7389891625,0.003039949464,0.05111546939
C002685,1,0.8931989645,0.00573529449,0.005552076352,0.005381610087,0.00568950199,0.02895376479,0.005558727359,0.04993006046
C002690,1,0.1982432026,0.3862104387,0.2250545002,0.02650796428,0.007373459723,0.006601885077,0.03722154483,0.1127870046
C002691,2,0.01542514923,0.6936310369,0.01582266787,0.02215774481,0.01890342682,0.01678775717,0.01895939187,0.1983128253
C002693,0,0.003045407552,0.055662758,0.004265485528,0.003018887894,0.005610480342,0.003288004274,0.005379417668,0.9197295587
C002695,2,0.008376290242,0.009915533851,0.008666981273,0.008001387332,0.1154137777,0.7599528852,0.01114681145,0.07852633297
C002701,3,0.02153136024,0.02086238537,0.03019981552,0.02065400238,0.02335235827,0.1327281247,0.02375061456,0.726921339
C002702,0,0.004790141009,0.005362603873,0.004872561369,0.05264273185,0.02218549169,0.009351730979,0.007464186062,0.8933305532
C002704,4,0.007835515677,0.008775079972,0.008348197614,0.008165633944,0.009749011877,0.008611261351,0.1495095012,0.7990057983
C002706,0,0.002617593559,0.004114935557,0.002623972673,0.003575893428,0.003656930246,0.001536916833,0.003416936596,0.9784568211
C002708,3,0.008095347912,0.01833817696,0.003442988831,0.3350930123,0.006338343341,0.009181346479,0.5701503706,0.04936041354
C002709,2,0.2362401207,0.07562659605,0.01177886945,0.0375788952,0.08378102081,0.03834098542,0.01727125296,0.4993822594
C002711,4,0.005758565032,0.03631977877,0.02122784809,0.007600953806,0.006730844913,0.006768198089,0.004740700655,0.9108531106
C002713,2,0.0432915891,0.07850004542,0.001466555345,0.8184173698,0.002110941249,0.02403986458,0.002013323126,0.03016031142
C002716,3,0.01525514927,0.01563297316,0.7640477784,0.01539384489,0.01881172457,0.01432677648,0.01960204827,0.136929705
C002718,1,0.007335478398,0.007834517287,0.1144535654,0.02606107109,0.0290001173,0.7535760588,0.007919109144,0.05382008256
C002722,4,0.007183898477,0.007668124406,0.007564526084,0.007350572006,0.8138452541,0.04642126726,0.008629326764,0.1013370309
C002732,2,0.002076356447,0.06687031587,0.007767400046,0.5321288972,0.009822369115,0.008127514591,0.3100072541,0.06319989261
C002741,4,0.02889808102,0.03018120073,0.06292056552,0.0154403998,0.02952205378,0.3403258501,0.02768204075,0.4650298083
C002744,4,0.06824199843,0.004663863927,0.6841660092,0.004523677924,0.004664506941,0.01806573327,0.092839374,0.1228348363
C002756,2,0.02349130655,0.02937645531,0.02419324386,0.3060435785,0.03643819916,0.02747508072,0.04509969213,0.5078824437
C002766,1,0.6740610371,0.07673262473,0.01684282418,0.01400214492,0.008736662843,0.00818573471,0.1453095679,0.05612940363
C002770,1,0.00824591999,0.009406777428,0.008339431565,0.03515265995,0.03547833227,0.05588106165,0.01017967767,0.8373161395
C002778,4,0.008431857497,0.332013686,0.008881820453,0.4868957084,0.009256922009,0.008757682758,0.01056001924,0.1352023037
C002783,1,0.959951332,0.004372322593,0.002300691249,0.005007714809,0.002540992961,0.004954479635,0.002553487169,0.01831897954
C002785,4,0.01612980138,0.01812919114,0.01702474614,0.266312759,0.01946077147,0.009850830224,0.01949592638,0.6335959742
C002789,4,0.003403530132,0.01923450557,0.002732107666,0.003456743215,0.07462511493,0.01748994937,0.003966032542,0.8750920166
C002790,0,0.002229210106,0.8676825713,0.00223375539,0.002117266849,0.04783732486,0.00237220997,0.002680694099,0.07284696745
C002797,3,0.01053910354,0.01042899728,0.01073661237,0.03752022497,0.01247047099,0.02102633007,0.01233107408,0.8849471867
C002825,4,0.02178506415,0.03649047646,0.006245356093,0.4778079096,0.175772336,0.1196438351,0.01437627194,0.1478787507
C002833,0,0.00856973429,0.843086455,0.008727856785,0.008304276349,0.01043256741,0.008753833009,0.01012013758,0.1020051396
C002835,0,0.01043105236,0.04482221362,0.01073247515,0.01030165319,0.04637795985,0.01111029891,0.1985710873,0.6676532596
C002845,4,0.01678878992,0.01764804997,0.3950656282,0.01720643562,0.01819664023,0.01744989958,0.01822488229,0.4994196742
C002857,4,0.02713952223,0.007858532617,0.007948784046,0.03928152859,0.6048193957,0.2469944268,0.008064003918,0.05789380606
C002860,4,0.07982553624,0.1031234617,0.0136566793,0.1291872566,0.003458328614,0.630825082,0.003423823348,0.03649983224
C002865,1,0.01011167628,0.01150662596,0.02100407182,0.1410572708,0.03591108871,0.01332759251,0.4389437835,0.3281378904
C002878,3,0.002469573243,0.009864828532,0.005838425551,0.005591465221,0.006008443625,0.01873878276,0.02996848408,0.921519997
C002881,4,0.003503835476,0.00283592173,0.09235681332,0.002547100261,0.0027535842,0.002781892175,0.8589944989,0.03422635397
C002886,0,0.08229419786,0.007487839474,0.006050461437,0.004993692459,0.1802429768,0.006871412776,0.007561157708,0.7044982615
C002887,3,0.6045640942,0.003178430325,0.002636226743,0.3451715684,0.009726238592,0.002584925464,0.01030495279,0.02183356347
C002888,3,0.01093559707,0.363105918,0.0114020547,0.07635961738,0.01304921616,0.1213050167,0.01299943547,0.3908431446
C002893,0,0.01065037712,0.07152699731,0.01042060057,0.05658606093,0.05427670615,0.6161726488,0.01180897581,0.1685576333
C002901,4,0.0188132147,0.01953572316,0.01900258702,0.01909344562,0.02002246681,0.6855509704,0.02239331923,0.1955882731
C002904,1,0.009150980166,0.006805932833,0.005713042593,0.2532924457,0.06240248258,0.005833113301,0.007317050534,0.6494849523
C002906,4,0.07020307349,0.01297465331,0.1823206115,0.01029810646,0.01156801017,0.01023348252,0.01066193389,0.6917401286
C002914,0,0.1012031825,0.147873558,0.002879759622,0.01185647903,0.005119201267,0.00674250229,0.6810533289,0.04327198837
C002925,4,0.2144765484,0.0160697832,0.01822686658,0.01826431689,0.01845210213,0.1309192261,0.01931966178,0.5642714949
C002930,3,0.629137713,0.01618697136,0.008245152126,0.1032388017,0.009642938822,0.01786216934,0.009640966809,0.2060452868
C002933,0,0.6961692064,0.01102472818,0.02109664426,0.01545146007,0.03900096852,0.01685736698,0.01921541146,0.1811842141
C002937,4,0.009618174852,0.1955364407,0.01005150634,0.00989446842,0.4870080003,0.01007468404,0.04331040693,0.2345063185
C002939,2,0.01406683696,0.03704763482,0.07515432549,0.01359026477,0.01670595087,0.01569927533,0.678387046,0.1493486658
C002949,1,0.00246905664,0.8262739095,0.01295351443,0.05475628622,0.047002646,0.002804553389,0.003004055738,0.05073597806
C002951,4,0.02650248536,0.02690078623,0.02857544031,0.02645766921,0.02892350959,0.02702906078,0.02939164804,0.8062194005
C002956,2,0.01902844031,0.002563861422,0.001727039215,0.047651367,0.02522340175,0.002447100119,0.8825124634,0.01884632683
C002961,3,0.01363953098,0.09640014972,0.01342546889,0.04897582324,0.0167480528,0.01316771009,0.5603170582,0.2373262061
C002962,3,0.02475314947,0.02398984065,0.02388807217,0.02350034345,0.02881656287,0.02265085943,0.02959151875,0.8228096532
C002965,0,0.5074023084,0.2836541283,0.002362868672,0.002273900641,0.002763723126,0.161147079,0.002649291661,0.03774670024
C002972,4,0.01011484329,0.01078385704,0.57484972,0.04904521967,0.01096230179,0.01050511623,0.1125938371,0.2211451049
C002974,1,0.007772178727,0.008520985657,0.007928903357,0.3756660235,0.005407716206,0.4178191699,0.004292912339,0.1725921103
C002979,1,0.01519171659,0.05020318108,0.01508097493,0.0147653596,0.06796405333,0.01531852655,0.01684417953,0.8046320084
C002985,0,0.005220682984,0.7859652575,0.005311144424,0.005012711521,0.03038204012,0.005422291309,0.02644328221,0.1362425899
C002986,2,0.7527872238,0.1224618138,0.009403473736,0.008805277754,0.01104905077,0.009706433571,0.01072708787,0.07505963871
C003000,3,0.02025796195,0.02047036625,0.06945900227,0.02049032061,0.02945243574,0.5871173262,0.02940497414,0.2233476128
C003002,4,0.7440138049,0.008034754545,0.008361808699,0.007933133457,0.00826258033,0.007838606197,0.008084230376,0.2074710815
C003003,2,0.2100712025,0.4364549658,0.0112890957,0.006608179085,0.01512053896,0.008246909656,0.01537531716,0.2968337911
C003005,2,0.01827262957,0.6063955271,0.01932802893,0.0178401203,0.02239483065,0.01940284042,0.02175798066,0.2746080424
C003013,3,0.01096965828,0.01093265003,0.01110243545,0.01100809373,0.427911809,0.4501028515,0.01245653534,0.06551596662
C003014,2,0.01088543283,0.01202623149,0.01303113355,0.03361737512,0.01313170306,0.7237604609,0.0127746653,0.1807729977
C003019,0,0.0108965359,0.2498748677,0.2365571538,0.386964308,0.01307284634,0.01113487337,0.01223024263,0.07926917222
C003027,2,0.004246233197,0.2583296003,0.005336525543,0.004031842006,0.006085912878,0.004902641442,0.6449656883,0.07210155631
C003028,4,0.003004776918,0.6933165484,0.002759434567,0.003061990921,0.003960764284,0.2061565958,0.003555276405,0.08418461271
C003036,0,0.01235730378,0.7063088859,0.01248632158,0.01207748493,0.01451411005,0.01279029012,0.01435055403,0.2151150496
C003039,3,0.003346226355,0.002244253839,0.02198465093,0.004699295084,0.009201880032,0.003371312277,0.006378951622,0.9487734299
C003040,1,0.01813071963,0.02358050701,0.02128563262,0.02127261562,0.1823078905,0.02184972693,0.0248562322,0.6867166755
C003042,2,0.1161373201,0.1692096579,0.01062160139,0.5435626904,0.01400805631,0.0123424048,0.01383312755,0.1202851415
C003043,3,0.4245090604,0.1495489672,0.01130860347,0.0111332219,0.1389086511,0.01113073393,0.1508684654,0.1025922967
C003056,1,0.1977723654,0.5987773148,0.01283275714,0.0123804997,0.01328389588,0.03126952227,0.01318543246,0.1204982123
C003057,0,0.002855998367,0.003785227682,0.003135111116,0.01865548166,0.00599649078,0.003419349455,0.005419971816,0.9567323691
C003059,4,0.008065090132,0.008561726666,0.07073030856,0.7215264201,0.008955082523,0.008413182708,0.03096666441,0.1427815249
C003064,3,0.2676921545,0.02559592474,0.02745344943,0.02728746915,0.2943881579,0.04495729388,0.01517813443,0.297447416
C003069,3,0.01488502488,0.3373192362,0.3793601516,0.01481685963,0.01979972821,0.01441884765,0.02038965762,0.1990104943
C003080,3,0.2927794353,0.01660537515,0.01642865112,0.0165296177,0.4602927302,0.01631722773,0.02144859824,0.1595983645
C003082,0,0.02218811196,0.02420093608,0.02252342436,0.02158992401,0.02717898618,0.02276110104,0.02639639332,0.8331611231
C003091,4,0.03332978148,0.5944368707,0.004258694562,0.004196904685,0.04133236397,0.1759658231,0.02899926578,0.1174802956
C003093,2,0.1623088064,0.00818871124,0.007293290617,0.006678976954,0.004146532752,0.6066276776,0.004347830941,0.2004081735
C003094,4,0.03890872341,0.1220551842,0.1416411298,0.05220814775,0.03642214745,0.3804015303,0.06890438401,0.1594587532
C003101,0,0.01007950869,0.01245469808,0.02905784504,0.2470055011,0.06797243579,0.1635075563,0.05115577392,0.418766681
C003105,2,0.04343038218,0.02452582254,0.04777091653,0.1105330123,0.05865618134,0.02317120828,0.05734669623,0.6345657806
C003115,1,0.05308965048,0.04405725171,0.0135457302,0.01962627226,0.1253377468,0.04997665822,0.06094035065,0.6334263397
C003117,3,0.4143867687,0.008737729823,0.008947418393,0.008774953388,0.009777249394,0.4739827656,0.009819512703,0.06557360194
C003131,1,0.8418008227,0.0178199146,0.009786932946,0.03752456456,0.01037554994,0.009704092526,0.01032385327,0.0626642695
C003136,2,0.0176228276,0.02100765247,0.04429304169,0.2340349206,0.01950141117,0.0200539096,0.02152986704,0.6219563698
C003142,0,0.7225226863,0.04430093765,0.00283301684,0.002887227518,0.1716189178,0.003205009138,0.00379963434,0.04883257043
C003159,4,0.004575175616,0.00490869355,0.004808857465,0.05930753082,0.7336537017,0.003847139797,0.005096106831,0.1838027943
C003166,0,0.01038985077,0.3675450955,0.01058238495,0.01001652708,0.4123983531,0.01053514873,0.01236758382,0.166165056
C003169,4,0.002846395668,0.017313692,0.002937434828,0.01356553176,0.06859426569,0.8422209891,0.003061962794,0.04945972814
C003174,0,0.002973630231,0.009166479632,0.003063591111,0.005659161013,0.005131773989,0.003192527461,0.004970983001,0.9658418536
C003177,0,0.01979203744,0.09583003307,0.01988714075,0.01907099399,0.02398030208,0.02049806898,0.6179804822,0.1829609415
C003190,2,0.009550320845,0.0105067819,0.01003441823,0.009378402433,0.1992746827,0.6294072462,0.04227895149,0.08956919625
C003195,3,0.01091173945,0.01958362163,0.3407633116,0.01109869233,0.2780731795,0.01022428443,0.1871441205,0.1422010506
C003199,4,0.02228763807,0.0237521255,0.02397929217,0.02313273724,0.1018194741,0.02339650554,0.1301663618,0.6514658656
C003204,2,0.002039871924,0.002572140581,0.002106957047,0.02386927723,0.002615185091,0.9206093118,0.002615668656,0.04357158765
C003208,4,0.026572711,0.0290713322,0.06580958549,0.03621225917,0.1024045326,0.02799242632,0.04896037034,0.6629767829
C003212,0,0.08163021713,0.2516871904,0.2530456552,0.03989646279,0.007198326818,0.3125953165,0.006926025834,0.04702080528
C003225,0,0.00344018503,0.003913816807,0.0138284339,0.003445422019,0.02005199817,0.003623979688,0.0066888026,0.9450073618
C003226,1,0.1354049272,0.06731432665,0.02961043049,0.6872582769,0.008260089742,0.00738838738,0.008218147866,0.05654541381
C003239,3,0.007219865206,0.007190334332,0.7224297795,0.007098022998,0.009329453471,0.007138104541,0.009406824996,0.2301876149
C003253,3,0.04108602404,0.007421390179,0.007582322478,0.2245385574,0.009321503152,0.1115819894,0.4967952148,0.1016729986
C003265,1,0.009924605164,0.06025475222,0.01000480545,0.05853084653,0.08865306372,0.04629552202,0.03030175726,0.6960346476
C003275,4,0.002632684865,0.002711610646,0.880375804,0.002730600878,0.002753045144,0.04636153458,0.03651643843,0.02591828141
C003279,2,0.002269763926,0.01358383969,0.002425727438,0.002273571423,0.0007391152029,0.002692494181,0.002927421729,0.9730880664
C003288,3,0.002362169997,0.9116841958,0.004484697226,0.002367635857,0.00312937097,0.03977610694,0.003181402526,0.03301442071
C003292,3,0.05781600773,0.01064039024,0.003524612532,0.00948852051,0.8872818352,0.003428744017,0.003730425778,0.02408946397
C003296,3,0.004112081229,0.8526164549,0.0876026799,0.004067822674,0.00488708331,0.004089656707,0.004855729745,0.03776849152
C003298,3,0.004354644424,0.02016608983,0.02071807144,0.3674629234,0.01464591274,0.02111034061,0.4602708035,0.09127121403
C003316,1,0.007885263893,0.1150244612,0.7214952,0.007757486055,0.05604238357,0.007948635624,0.03041149942,0.05343507024
C003324,4,0.01192343893,0.5561039908,0.04691807857,0.01199403275,0.01245250505,0.01336032193,0.2616380443,0.08560958767
C003328,3,0.003011370878,0.003825721057,0.003897816965,0.003743433319,0.006012461396,0.003815300246,0.003347668711,0.9723462274
C003329,0,0.2940335238,0.01141002058,0.005214926581,0.007267916998,0.5660532411,0.008611176348,0.006315366913,0.1010938277
C003331,3,0.009706909688,0.1977982214,0.1478268799,0.5094939075,0.01072276619,0.009621171454,0.01063467791,0.104195466
C003335,3,0.007236715568,0.003514056462,0.003170508662,0.003477118751,0.01329955148,0.008966595197,0.01088041264,0.9494550412
C003336,3,0.02172258954,0.005977822164,0.02499548602,0.5995142857,0.2439836714,0.006066585024,0.03523335166,0.06250620849
C003341,3,0.01036678252,0.01077584412,0.01073692762,0.1485293385,0.4672750423,0.2654582918,0.01222231556,0.07463545758
C003353,1,0.01604192852,0.01714241945,0.01654865689,0.01623476922,0.01775589436,0.7858683253,0.0174233119,0.1129846943
C003358,4,0.3472981443,0.007217397169,0.006860137692,0.006725070437,0.05996796039,0.4780829002,0.007956901563,0.08589148824
C003363,1,0.08851077218,0.01122266164,0.00961071409,0.009266196182,0.1514645932,0.009573230197,0.2036870376,0.5166647949
C003366,0,0.005873789315,0.006453229744,0.005912932294,0.4471699982,0.06388229122,0.09134021344,0.3375458461,0.04182169965
C003367,4,0.4274832215,0.01668713341,0.01654373422,0.01484531164,0.01827896363,0.01572283719,0.1373186355,0.3531201629
C003370,4,0.01779644593,0.01868195729,0.6476810144,0.01774944681,0.01795885256,0.01837640803,0.01709239507,0.2446634799
C003377,1,0.09377188905,0.01091709143,0.3131882655,0.293738374,0.01136838769,0.01027923264,0.01133075879,0.2554060009
C003384,1,0.002922680931,0.003145585081,0.003054295154,0.7637083377,0.08916259912,0.003010771679,0.1117254912,0.02327023913
C003394,1,0.00320004012,0.8262786122,0.038692452,0.003306281158,0.001450912027,0.0152043191,0.002501581528,0.1093658018
C003410,2,0.8059028559,0.01555462368,0.0125054107,0.01160608503,0.01745531748,0.01353536117,0.01733307027,0.1061072758
C003411,0,0.01457535756,0.06008524562,0.127581146,0.2023817182,0.0220647684,0.09621679599,0.02027320904,0.4568217592
C003416,1,0.05218172569,0.03674355222,0.02461658274,0.03338022947,0.03759357303,0.03476380609,0.25478031,0.5259402208
C003418,1,0.3736254982,0.01655689944,0.01418668479,0.01361628595,0.03787835482,0.08679640784,0.1391588565,0.3181810124
C003424,1,0.01066414563,0.01139955442,0.01106709465,0.01070553903,0.5164282471,0.3279843723,0.009459667393,0.1022913794
C003426,3,0.00549908716,0.5562616043,0.005575345567,0.005534207442,0.00659219409,0.05186179939,0.3221429675,0.04653279459
C003427,2,0.006855403789,0.227253422,0.006975861247,0.3629853712,0.007669433828,0.3288754578,0.007728565143,0.05165648498
C003432,1,0.02384289292,0.02586612126,0.0249012693,0.02338138685,0.02825580449,0.02372254684,0.03075362943,0.8192763489
C003434,3,0.01036306491,0.08079813178,0.04068621352,0.03461458322,0.7418915138,0.01021043436,0.01115978925,0.07027626921
C003436,4,0.004119538585,0.2072979187,0.5461240698,0.04828795706,0.08927072221,0.004236925105,0.06508306443,0.03557980411
C003438,2,0.5058217545,0.00514402437,0.3840661071,0.006825140561,0.02449846907,0.00501921969,0.02554358611,0.04308169858
C003441,4,0.005918009181,0.006247919435,0.8614239097,0.006078951121,0.006652861395,0.006158470364,0.006671565712,0.1008483131
C003452,4,0.00428775078,0.7910434591,0.004519614865,0.004482585187,0.004904109649,0.004529464833,0.08893005068,0.09730296494
C003454,1,0.003521431401,0.005772400921,0.02461844261,0.003137468537,0.1103105696,0.003374000182,0.00354486675,0.84572082
C003459,1,0.8636668349,0.03851598432,0.005091200315,0.008602341391,0.003319257062,0.009998549785,0.003457373197,0.06734845904
C003463,0,0.01918436981,0.02128590527,0.01962703043,0.01910156333,0.05903947541,0.2144060009,0.2886000262,0.3587556287
C003477,0,0.5533398185,0.0133733566,0.0126362041,0.01217981763,0.1627276723,0.01262215396,0.1111943103,0.1219266665
C003499,2,0.0068213129,0.03269129614,0.4520858394,0.03567685864,0.009727686429,0.3371699579,0.0098185435,0.116008505
C003505,3,0.4790836345,0.01100314491,0.01164212902,0.01121972023,0.01209515605,0.02065878734,0.3499933328,0.1043040951
C003523,1,0.002633035492,0.01864105648,0.00625910405,0.01479587175,0.003584324322,0.002694242812,0.003692450537,0.9476999146
C003527,4,0.009768890137,0.0103488476,0.01017693113,0.0707909142,0.7613492073,0.01009799506,0.009889509837,0.1175777048
C003541,0,0.003098005282,0.003834860655,0.003049792261,0.04528498916,0.005741373719,0.001332322977,0.005940422516,0.9317182334
C003545,2,0.003090462551,0.7872613699,0.003198281524,0.002946552542,0.004023842681,0.1687176075,0.003952313188,0.02680957019
C003547,1,0.001934623863,0.002214552744,0.003121713435,0.9039087467,0.001059278208,0.001995516455,0.002462040275,0.08330352832
C003548,3,0.01572663675,0.01784559814,0.2104972084,0.01563533681,0.01940165276,0.01559691446,0.1884449577,0.5168516949
C003551,0,0.01194314111,0.6983589323,0.09247602196,0.01089955568,0.01425395741,0.01185961955,0.03906441033,0.1211443616
C003555,0,0.01162382769,0.01283630702,0.3461033854,0.008788739159,0.01382748901,0.4164163041,0.01356441786,0.1768395298
C003564,4,0.01417577251,0.01520369927,0.02841256557,0.0145641972,0.0161750683,0.01506846452,0.7641833289,0.1322169037
C003566,2,0.004205041104,0.005595066289,0.004435616372,0.004159311506,0.0064719279,0.002075587673,0.1567436432,0.8163138059
C003568,0,0.8181533412,0.003172397178,0.003999030019,0.002781476385,0.003639883063,0.002970059036,0.1216105334,0.04367327969
C003571,2,0.02264439219,0.08489188344,0.02332308527,0.1529208931,0.02955003422,0.09745818114,0.2808431167,0.3083684139
C003574,1,0.003810726615,0.007266991334,0.003878538977,0.01535318239,0.004206177969,0.0103242593,0.004251743383,0.95090838
C003581,2,0.007047267739,0.008726252112,0.01832904631,0.5040739026,0.3209153648,0.007897399747,0.02449074738,0.1085200193
C003584,2,0.01731273137,0.02090344312,0.0199767956,0.01913216508,0.02360458649,0.05493804567,0.02284643063,0.821285802
C003587,1,0.6121582689,0.0159046595,0.02462086483,0.01462415631,0.01877355658,0.03024829924,0.0187705697,0.264899625
C003588,4,0.01365461508,0.01455601124,0.01448946105,0.0140051605,0.01427443506,0.01418821167,0.6957707549,0.2190613505
C003589,3,0.008662559732,0.04218542828,0.008791180098,0.01633579645,0.003247313963,0.06415711976,0.01147706702,0.8451435347
C003601,2,0.01568852629,0.0182930319,0.01615352039,0.1600018761,0.02058437414,0.1914819233,0.02053020886,0.5572665391
C003604,0,0.6265194938,0.00899214236,0.008403635337,0.008107579461,0.1258664284,0.008434512999,0.1118497059,0.1018265017
C003605,3,0.004060344829,0.004014420101,0.004117208063,0.4128803485,0.4369537203,0.00404857893,0.00524874317,0.1286766361
C003611,3,0.0135627011,0.0240705568,0.07327927823,0.2735767875,0.4482733063,0.01300685385,0.04720233834,0.1070281779
C003620,0,0.002757288873,0.003321666622,0.002734743089,0.0026394298,0.00385699266,0.8750736882,0.00348134522,0.1061348455
C003622,2,0.01223315898,0.0196048473,0.01616213173,0.01689602926,0.0259203321,0.01785284309,0.07639003487,0.8149406226
C003628,2,0.008237622678,0.01038802126,0.008864221184,0.008369995583,0.007757391858,0.01030336646,0.042593381,0.903486
C003632,0,0.05619882463,0.4814114447,0.004313657469,0.3933948483,0.005196239157,0.00455101023,0.005044151524,0.04988982399
C003637,2,0.01544829619,0.09876021874,0.005679774238,0.01984112777,0.4290816898,0.3779190784,0.007524671343,0.04574514353
C003643,1,0.008366769183,0.1652924586,0.104846064,0.008351220233,0.1429713985,0.2203949601,0.1333935266,0.2163836028
C003645,2,0.002830344184,0.7913971146,0.002949820009,0.002784158353,0.0645298207,0.003381170614,0.07482454476,0.05730302681
C003651,4,0.01171414468,0.02315327068,0.4980906945,0.01169409865,0.01190012917,0.3426617536,0.01505722155,0.08572868718
C003655,4,0.00951241708,0.01792313812,0.01731381788,0.0664860091,0.01911472795,0.01730428337,0.03194483583,0.8204007707
C003665,1,0.0062519211,0.006516082664,0.006373707602,0.006181736218,0.4868099725,0.006297363054,0.4220638012,0.05950541569
C003673,4,0.005869628131,0.006586985953,0.006322327519,0.006229084666,0.05317382318,0.005875146401,0.008704659585,0.9072383446
C003679,0,0.00353325537,0.003878666088,0.08859734965,0.002444548245,0.002890794155,0.001685530407,0.854854857,0.04211499911
C003681,4,0.1737744846,0.09461666035,0.01756959546,0.07178981632,0.01914634448,0.01726314317,0.01816754628,0.5876724093
C003686,4,0.09098489557,0.07298508961,0.07305449071,0.02138376824,0.02327828682,0.02363207076,0.02513466448,0.6695467338
C003688,2,0.003262416547,0.003992139118,0.0009699489375,0.003619433112,0.004703621444,0.003812350937,0.002343809652,0.9772962803
C003692,1,0.02545390834,0.02675899583,0.0267801405,0.02528074251,0.02704550987,0.02555059479,0.02621049663,0.8169196115
C003701,2,0.007179082277,0.2620484265,0.007440261458,0.006838247604,0.009608231099,0.007893223072,0.5499431183,0.1490494097
C003702,3,0.027160743,0.02658691702,0.02702573007,0.02661741474,0.0315700453,0.02621639141,0.03242713637,0.8023956221
C003704,1,0.01072960789,0.01171427008,0.0112778294,0.09076435725,0.01135763276,0.08963819517,0.6654431487,0.1090749588
C003707,4,0.009460921779,0.004249321688,0.009960132457,0.1848690121,0.3610901494,0.009992671194,0.01882460483,0.4015531866
C003711,1,0.01201157762,0.05017101267,0.6408607594,0.01204375094,0.1356933533,0.03476105307,0.02375525352,0.09070323948
C003712,3,0.02441020548,0.02348284728,0.1227480962,0.02346883455,0.02562726194,0.02325436013,0.0260370113,0.7309713831
C003714,0,0.0144871418,0.01803661591,0.03350151211,0.01443907499,0.4773205968,0.01644531221,0.01905812866,0.4067116175
C003726,0,0.01162623376,0.089255841,0.01204682209,0.01757160947,0.01431602,0.01803175246,0.01378625437,0.8233654668
C003730,0,0.00138913412,0.001666544347,0.001400828056,0.001361975826,0.8402745508,0.1169593033,0.001767391984,0.0351802716
C003731,1,0.003268750809,0.7361627005,0.003266830763,0.003599015154,0.01862434733,0.003361941014,0.1737330998,0.05798331466
C003737,2,0.007139364288,0.009022837685,0.2115212325,0.1419775853,0.01007688954,0.008378875689,0.3739394505,0.2379437645
C003742,2,0.02168057338,0.2119987265,0.01796458056,0.01211311135,0.07353318872,0.02560069692,0.02838353452,0.608725588
C003744,2,0.01761781916,0.06606742153,0.2586448337,0.03772524985,0.02129086844,0.06617289103,0.02154699999,0.5109339163
C003757,2,0.009419204133,0.01329824579,0.01141264901,0.7551199676,0.01440553608,0.01260378984,0.01428798198,0.1694526256
C003758,2,0.001774605819,0.002246710846,0.001847161131,0.001712286367,0.07631438455,0.3178692092,0.5537889056,0.04444673647
C003760,2,0.001173545507,0.007108414671,0.6997218341,0.2657295029,0.001530124352,0.01330023008,0.001501113556,0.009935234853
C003772,4,0.003538590107,0.01277885383,0.01268079603,0.003623262108,0.03001788931,0.004242061529,0.01665807471,0.9164604724
C003783,4,0.006753611947,0.006123562604,0.007157261719,0.006971570137,0.00650872676,0.00715677647,0.007127716623,0.9522007737
C003795,4,0.00850571188,0.009497696827,0.009114651933,0.009004481898,0.01015467692,0.4319271973,0.01049196256,0.5113036207
C003797,4,0.04801276805,0.005754569592,0.288674243,0.00525103965,0.3618615959,0.005421129738,0.006009550803,0.2790151032
C003798,3,0.009986224177,0.009742336661,0.2531271005,0.009751605552,0.0132598121,0.01559478902,0.01321052865,0.6753276033
C003803,3,0.1255751083,0.09043997264,0.009252246202,0.007479211663,0.09083491232,0.2571775071,0.1803382111,0.2389028308
C003804,0,0.00807942096,0.009150030791,0.6053436053,0.007905585485,0.01011240279,0.008506870136,0.2601742818,0.09072780277
C003828,2,0.003405387099,0.9221354658,0.02246142424,0.003300792407,0.004502669414,0.003817474907,0.004409683917,0.03596710222
C003834,3,0.02007812055,0.02023512344,0.2111535981,0.02698215487,0.4900956873,0.0199804526,0.07691275093,0.1345621123
C003839,1,0.01302384964,0.7893109522,0.01361131737,0.01317476525,0.0152677859,0.01340546543,0.01480879081,0.1273970734
C003842,0,0.005457314188,0.09744835683,0.07175934186,0.005393074949,0.1171005034,0.005880878565,0.09845563429,0.5985048959
C003845,2,0.006012415117,0.007339887636,0.006331844784,0.005701785622,0.007795970865,0.006908020894,0.7201313205,0.2397787545
C003847,3,0.3972337964,0.008890351639,0.009043160379,0.008747588295,0.4063164163,0.008901214614,0.01018754117,0.1506799312
C003859,3,0.0168468812,0.01771150513,0.1179503433,0.01706261811,0.6465249948,0.01683233357,0.01693735091,0.1501339729
C003867,2,0.004162261198,0.005091118627,0.1446885037,0.004269451314,0.1649466232,0.004763793455,0.5921148696,0.0799633789
C003871,2,0.005093679491,0.01082342447,0.8444170448,0.008904322014,0.01251130838,0.01046507758,0.01251727611,0.09526786711
C003884,1,0.006749279853,0.007376086327,0.007089181107,0.006932596471,0.8848401022,0.007064731905,0.02956654313,0.050381479
C003896,0,0.006223573968,0.02645148267,0.006535906718,0.006224073791,0.007688523248,0.8925450373,0.007365596696,0.04696580557
C003902,3,0.3446617801,0.00247337256,0.008528119069,0.002432714414,0.003067553492,0.595829351,0.003086921405,0.03992018798
C003909,4,0.003612740996,0.2261333723,0.7233911959,0.003684443265,0.003715215886,0.003750575794,0.003585749824,0.0321267061
C003915,4,0.003819721307,0.004012588688,0.003975740269,0.003962808146,0.004104960577,0.9253802729,0.004018617809,0.05072529027
C003922,1,0.004885153467,0.005978828924,0.02115771234,0.003534995744,0.007448792301,0.00334877838,0.007691428902,0.9459543099
C003923,2,0.004131575512,0.008557983544,0.003546103746,0.008038054483,0.004813289963,0.003924188879,0.004763307293,0.9622254966
C003934,4,0.01237263021,0.00807526818,0.007771640958,0.1279500832,0.008792676572,0.06779265241,0.008914740193,0.7583303083
C003937,0,0.002493213789,0.002754845007,0.002544126397,0.002422996135,0.003200543185,0.0575566414,0.903832639,0.02519499507
C003940,1,0.4808567677,0.02326336925,0.2002170165,0.02163279124,0.02418021181,0.02191691342,0.02401800552,0.2039149246
C003945,3,0.01129955322,0.734127509,0.01107585812,0.01132108828,0.01233815309,0.1348851244,0.01246186563,0.07249084827
C003948,0,0.00992765077,0.01037452966,0.03939542977,0.02588945688,0.2505301814,0.01456848401,0.1390744001,0.5102398674
C003955,1,0.004485795838,0.001682199099,0.8537978752,0.001406798429,0.001750922408,0.05979761487,0.001787088374,0.07529170579
C003957,1,0.3454217327,0.009925184409,0.008855970253,0.01979756307,0.01711761256,0.008992824891,0.178359987,0.4115291251
C003974,4,0.003846714247,0.004118937975,0.003965336696,0.01777933301,0.08237842839,0.6278981097,0.06790569224,0.1921074478
C003975,3,0.0135265093,0.01419506982,0.5414662206,0.01411032106,0.01875137142,0.04504636876,0.01882658538,0.3340775537
C003984,0,0.002787167545,0.003315675888,0.00289343107,0.002710714759,0.002920223989,0.003128860032,0.003586248876,0.9786576778
C003997,4,0.008142870153,0.2653087591,0.00852014588,0.008481703038,0.3484554416,0.16769937,0.009199633094,0.1841920772
C003998,0,0.002395154722,0.01092090032,0.00964640945,0.8881690764,0.001627417807,0.006908356479,0.001529989807,0.078802695
