client_id,fold,cloud,gym,insurance,mobile,music,software,streaming,none
C000000,2,0.00455472576487,0.0340660118011,0.00762714387033,0.011251015015,0.00911266263233,0.0242703503957,0.0213155679059,0.887802522615
C000001,2,0.139792955435,0.0124435985488,0.0219242584535,0.483690296735,0.00927221438314,0.00797634853478,0.269739326418,0.0551610014915
C000002,4,0.0110894628519,0.0151740663698,0.0151740663698,0.118495190525,0.0151740663698,0.712935219881,0.015005379669,0.0969525479637
C000003,3,0.00486308521407,0.0043637630329,0.0043637630329,0.00668685369277,0.0043637630329,0.00183927024617,0.00507443497956,0.968445066769
C000005,0,0.00871370525618,0.0889767519631,0.0103025228361,0.799220069963,0.0103025228361,0.0103025228361,0.0107482664678,0.0614336378419
C000006,1,0.688338885079,0.0126040299634,0.12000380196,0.0110994976302,0.00898080404325,0.0117196324237,0.023807142601,0.1234462063
C000007,1,0.854601490443,0.00940777771109,0.00889756312638,0.00828477928985,0.00940777771109,0.0130073360262,0.0102413078513,0.0861519678406
C000009,1,0.0459096437341,0.00429655420655,0.00406353800575,0.00378367818642,0.00383630302304,0.44148531579,0.474990256426,0.0216347106285
C000012,3,0.00824265210243,0.00869118932167,0.00869118932167,0.00708325606584,0.00585279973258,0.849524624544,0.0111097691151,0.100804519796
C000014,1,0.551515084919,0.0139357413359,0.01317996046,0.0122722437491,0.0479909079258,0.278238676657,0.0220879918732,0.0607793930801
C000015,3,0.011054168769,0.0116556992059,0.571084652699,0.00949931005369,0.0116556992059,0.011545747658,0.0127317795626,0.360772942846
C000016,2,0.01355990662,0.2044135889,0.642806409287,0.0133370940331,0.0145584752894,0.0109592523052,0.0170099644608,0.0833553091044
C000017,0,0.0432055450185,0.0218482809822,0.00570479055053,0.611959096655,0.0102396635757,0.0102396635757,0.0932773321906,0.203525627452
C000021,0,0.0216118330561,0.026286359978,0.023135083673,0.36004401702,0.026286359978,0.137024808919,0.153109854389,0.252501682987
C000022,0,0.00829559161463,0.00980817224545,0.00980817224545,0.00878524337107,0.00526666247464,0.796688350229,0.119579779236,0.0417680285844
C000024,4,0.00395850730223,0.877826831041,0.00411792715726,0.00402046483806,0.061763288316,0.0202169081954,0.00601371719979,0.0220823559502
C000025,3,0.875724050478,0.00821871301926,0.00821871301926,0.00347766926717,0.00821871301926,0.00400637016446,0.00534543112787,0.0867903399043
C000026,1,0.00461827680893,0.31563785265,0.0308833201677,0.529457705703,0.0037809719547,0.0833590904706,0.00524082254186,0.0270219597024
C000027,4,0.00376420097611,0.0291360581441,0.00391579558693,0.209243279822,0.685253526154,0.0404721805617,0.00396347043698,0.0242514883175
C000028,4,0.356657141003,0.132364667387,0.00912535858839,0.00890938133148,0.0180318125346,0.383042433706,0.0142938355856,0.0775753698639
C000029,4,0.182707443958,0.0168089505484,0.0143610353432,0.0252720784446,0.155086705365,0.0626872168548,0.0376298629856,0.5054467065
C000030,2,0.0233971560871,0.0036879386538,0.0189815142737,0.00337853955419,0.00399376068286,0.00281350935299,0.00388335414772,0.939864227248
C000033,4,0.0414853648677,0.0120603668896,0.0120603668896,0.00656130809149,0.0120603668896,0.0320714883784,0.271866730697,0.611834007296
C000035,2,0.0172550075376,0.0412348613929,0.0235952105929,0.617276770582,0.034572099781,0.0199645214964,0.0217656399515,0.224335888666
C000036,0,0.0323619265359,0.0398184727978,0.028241645555,0.02160085294,0.0339015171765,0.0261591350962,0.030013351485,0.787903098414
C000038,3,0.0154168494448,0.0167933949634,0.0167933949634,0.016296300734,0.241681522226,0.50826097156,0.0492095769668,0.135547989142
C000039,0,0.0199231761581,0.0241826733707,0.0241826733707,0.0216644298539,0.0597117139291,0.0241826733707,0.0214965984352,0.804656061512
C000040,4,0.848338822973,0.104693174487,0.00377070925877,0.00501142561684,0.00513291036619,0.00416418538479,0.0054015164543,0.0234872554591
C000041,3,0.00545396265478,0.00585389949461,0.708933148279,0.00477088549902,0.228339801086,0.00579867798457,0.00936562216072,0.0314840028416
C000042,3,0.263766446704,0.0150684854562,0.0150684854562,0.0342419919758,0.00459735665907,0.0174977350539,0.527062156897,0.122697341798
C000043,1,0.00987242057243,0.0108281373092,0.0214193294485,0.00975764963372,0.0586118052942,0.0415706604255,0.0120450755053,0.835894921811
C000044,0,0.0232644583366,0.0215617850026,0.0215617850026,0.0192223458165,0.171213464176,0.0215617850026,0.0348852092176,0.686729167446
C000047,0,0.00907926164684,0.545682216575,0.0107347331246,0.00954095353745,0.315781984283,0.0107347331246,0.0129187037233,0.0855274139855
C000048,4,0.00511398554619,0.0225784627784,0.576129196808,0.00798793633709,0.110876551721,0.00802216568388,0.198769368195,0.0705223329294
C000053,3,0.00853065265196,0.799169374012,0.0137924573179,0.0112407523693,0.0137924573179,0.0129451829944,0.0195338933779,0.120995229958
C000055,3,0.027613411814,0.0265062116989,0.0265062116989,0.021602369693,0.0265062116989,0.326631765029,0.0279265090862,0.516707309281
C000057,1,0.00234794692537,0.00540236083461,0.00845659429692,0.012133361956,0.0404988666606,0.010516799829,0.00778746611042,0.912856603387
C000058,0,0.0276640376199,0.0331268900937,0.0331268900937,0.0341221508338,0.0290741714233,0.255086792684,0.0502105351779,0.537588532074
C000059,1,0.716661297623,0.193645226309,0.00742330315398,0.00691205303731,0.00414492247365,0.0072982330903,0.00561954320552,0.0582954211066
C000060,0,0.00943982470545,0.0163262847141,0.772515303275,0.014264255984,0.0106592727505,0.0163262847141,0.0135172253952,0.146951548462
C000061,3,0.835176903343,0.0121523574515,0.0121523574515,0.00604353215937,0.0160761575967,0.00957116940889,0.0095703400901,0.0992571824986
C000062,4,0.129572373795,0.00929147659713,0.00929147659713,0.0580504012623,0.00929147659713,0.0316675234933,0.0101143442293,0.742720927428
C000063,0,0.0528339470606,0.0217454247929,0.616373751313,0.0198140100835,0.0217454247929,0.0217454247929,0.0355113043964,0.210230712768
C000064,1,0.00380561563764,0.0112342971182,0.0600517557598,0.0684120400997,0.0112342971182,0.753472159683,0.0118082970127,0.0799815375702
C000065,3,0.0156390887892,0.660345724799,0.0225954784128,0.00603157804049,0.189505620771,0.0492100699127,0.0094386957191,0.0472337435565
C000066,3,0.0302288382665,0.0244868503268,0.0244868503268,0.0237620253571,0.0406338389437,0.486369764467,0.0313672545238,0.338664577788
C000068,4,0.257210300509,0.0225216927503,0.30297450049,0.0647565391134,0.0276757833766,0.0213542391845,0.0284816521612,0.275025292414
C000069,4,0.00374147463523,0.00340449743938,0.0596568074377,0.00573904128582,0.00612019489633,0.0032280190228,0.00294409893624,0.915165866346
C000070,0,0.0913756103355,0.0102886581703,0.00733610853562,0.231942142802,0.0285937618417,0.0101911086855,0.580850064537,0.0394225450922
C000071,2,0.729875923681,0.0160204173533,0.0200025831878,0.0146763866712,0.005076996228,0.0396244534431,0.0209504943385,0.153772745097
C000072,2,0.00365061230341,0.00382512589619,0.00382512589619,0.204597920888,0.00382512589619,0.602509273742,0.040315158005,0.137451657373
C000073,0,0.0101503004235,0.0104852352076,0.0930710740086,0.0105912781112,0.0796518446685,0.00604289064095,0.0159879180483,0.774019458891
C000075,2,0.0260005462372,0.00373995956995,0.00662113610254,0.0143431106297,0.00491790683718,0.00369834507604,0.00678518724739,0.9338938083
C000077,0,0.0782811523799,0.0315636008519,0.00440121031582,0.00424593830083,0.00382536090573,0.0047614557919,0.00447236499784,0.868448916456
C000078,2,0.00260033676875,0.00263929725948,0.795931562684,0.00241787378356,0.163921207948,0.00217475426776,0.0197138099602,0.0106011573279
C000079,4,0.00400212913524,0.695570791742,0.00416330576012,0.0643067765054,0.00416330576012,0.140393215289,0.0052477684478,0.082152707361
C000080,3,0.038777658787,0.00942704632703,0.00942704632703,0.0076829741716,0.00942704632703,0.122601425913,0.0106156902161,0.792041111931
C000081,1,0.382329403712,0.0063329716103,0.476828586754,0.0248726696631,0.0063329716103,0.0263912347268,0.00838247902029,0.0685296829029
C000084,1,0.00538676502193,0.00573356759305,0.0538493191022,0.122700650433,0.00573356759305,0.00533125554779,0.00718136791703,0.794083506792
C000085,0,0.00709571356226,0.00855990793441,0.865353026382,0.00783225974548,0.00855990793441,0.00855990793441,0.00635607286404,0.0876832036427
C000086,2,0.015521428362,0.0174029981403,0.0123711217959,0.174177345084,0.00956067922086,0.253959002308,0.0492015050432,0.467805920045
C000087,1,0.00204107194199,0.553909338923,0.00380055495077,0.311949454913,0.0414419772473,0.0290572830526,0.0370605469199,0.0207397720515
C000088,3,0.0302411324542,0.0210759399804,0.856092731073,0.00660758349876,0.00810753678996,0.00803105607404,0.0132714746188,0.0565725455109
C000089,4,0.273992154861,0.472881643863,0.144014406562,0.00772802132857,0.0223110319479,0.00750505323803,0.00665555062849,0.0649121375716
C000090,2,0.00848271879068,0.0807878694221,0.0166302258734,0.0640478307333,0.188496817387,0.10679868339,0.0182503006024,0.516505553801
C000092,4,0.0355577831682,0.036989791803,0.036989791803,0.0805799202507,0.0111115592698,0.026619482528,0.070319520354,0.701832150823
C000093,3,0.00430664037197,0.00288732387516,0.00991347891734,0.00408203492047,0.00122583309519,0.00859016082386,0.00368121274239,0.965313315254
C000094,4,0.704879696077,0.0154677692672,0.0297859127177,0.0151016810369,0.0126362422262,0.0146659688614,0.0185451607236,0.18891756909
C000095,2,0.0382644172614,0.00454150197877,0.00454150197877,0.720237269693,0.0279339081054,0.182083161676,0.00521455478247,0.0171836845244
C000096,0,0.00714782174862,0.15498133959,0.0155177671508,0.511677002159,0.0412715866177,0.10990326961,0.0186796932657,0.140821519858
C000100,1,0.039548711972,0.584112095622,0.235541134895,0.0114759164961,0.0130314722516,0.0121170820104,0.0188641245373,0.0853094622161
C000101,4,0.0121916597143,0.106153345018,0.0126826510087,0.0123824804292,0.0126826510087,0.012025222355,0.0138836194076,0.817998371059
C000102,0,0.00577169961987,0.0917135417547,0.00691144443875,0.00614284207174,0.00691144443875,0.75376170175,0.0172841368873,0.111503189039
C000103,4,0.00942741905513,0.00707984471661,0.272267276468,0.455186275842,0.168154969099,0.0474264354276,0.00802950749537,0.0324282718966
C000104,3,0.0112647827627,0.0120908246527,0.418153982035,0.00985393412714,0.433489909732,0.0118227955995,0.0124629420888,0.090860829002
C000105,0,0.00287463752258,0.247994771311,0.0142346438224,0.00295219102064,0.0033969530063,0.00332157395119,0.712181862149,0.0130433672176
C000106,3,0.0260030865177,0.010541653321,0.010541653321,0.00859137076255,0.010541653321,0.0104422108869,0.810593455943,0.112744915927
C000107,1,0.0765643323311,0.0258961828927,0.0255380276422,0.0228049775733,0.0965913531222,0.275050421081,0.0402560434621,0.437298661895
C000108,2,0.0154571884394,0.0334098282753,0.256135317317,0.0165018506024,0.0503906486451,0.178427157562,0.3645391389,0.0851388702581
C000109,1,0.593651053664,0.00617985504959,0.00584470127847,0.00544217101013,0.00617985504959,0.337021095758,0.0100609433823,0.035620324808
C000110,0,0.00746497225968,0.0949083530728,0.500493109562,0.309026933408,0.0331754624052,0.00890790726628,0.0111730561995,0.0348502058269
C000111,1,0.00566236038696,0.00618085206371,0.213352119204,0.00544304901153,0.00618085206371,0.00574715503391,0.720961201758,0.0364724104781
C000112,1,0.0283815250958,0.00669594877593,0.467343119183,0.00133824885119,0.00824872075902,0.00604625585261,0.42476497861,0.057181202872
C000113,0,0.0179640098225,0.0215290387149,0.0215290387149,0.751729214543,0.0145196036165,0.0215290387149,0.0247943652727,0.126405690601
C000115,0,0.0605385597772,0.0197710551031,0.0197710551031,0.0169613523141,0.257096117288,0.490133428465,0.0246267990614,0.111101632888
C000116,2,0.116318803912,0.00211678942552,0.854143624379,0.00193920167154,0.00211678942552,0.00157696064434,0.0136205302349,0.00816730030696
C000117,2,0.00666786001765,0.87882295624,0.00700517530197,0.00630468723748,0.0068820564005,0.00529665020419,0.00759098674285,0.0814296278549
C000119,1,0.525290601322,0.00764646121098,0.00723176858632,0.00802329367967,0.00764646121098,0.00710992555514,0.392274732776,0.0447767556587
C000120,4,0.00922966891302,0.847252823928,0.00960137278211,0.00937412931151,0.0165652814798,0.00910366787977,0.0338249553444,0.0650481003613
C000122,0,0.715955933255,0.0191927500185,0.0191927500185,0.064268543291,0.0191927500185,0.0191927500185,0.0224152162669,0.120589307113
C000123,4,0.0147627161739,0.0191634810403,0.0219562912104,0.126115977005,0.0463228107674,0.030836696986,0.130572918628,0.610269108189
C000125,2,0.00742157614019,0.0171106275697,0.00545220231829,0.00328566092512,0.00472960694049,0.0101091606383,0.00466702675859,0.947224138709
C000126,4,0.0126144341056,0.0166149326681,0.368316162135,0.00899474411809,0.0562186579898,0.201223164489,0.0170198277527,0.318998076742
C000127,0,0.00856549911599,0.00825320292889,0.0103441994921,0.00954188396271,0.0103441994921,0.018307104709,0.034503585682,0.900140324617
C000128,4,0.000989622084722,0.00305939225414,0.90626564778,0.00298698313832,0.0554493382277,0.00290080300262,0.00409202567218,0.0242561878403
C000129,0,0.204440298651,0.00740400875221,0.00740400875221,0.00695561117001,0.00740400875221,0.735185273557,0.00586496020333,0.0253418301613
C000130,2,0.0131294434534,0.656442920795,0.0148268551059,0.0134642734395,0.0146973015016,0.0110637571696,0.0207977148322,0.255577733703
C000131,1,0.511944577961,0.0977059927442,0.00327876393685,0.0115413217304,0.203330957176,0.0415018506903,0.0111466471593,0.119549888603
C000132,0,0.00448259359706,0.0158295643651,0.00544125354446,0.257185815154,0.246787649252,0.415449247316,0.00999223580229,0.0448316409691
C000134,4,0.0704855615553,0.00743962696747,0.515541502706,0.00827513512614,0.00743962696747,0.00705398015453,0.345166717178,0.0385978493449
C000135,3,0.059159457411,0.00476509689935,0.00476509689935,0.00388351930528,0.0050951037173,0.00717640790186,0.00405375916664,0.911101558699
C000136,2,0.000879043618845,0.00361378228036,0.0249787875803,0.00285376638036,0.00397044766327,0.00202387990495,0.00539936028559,0.956280932286
C000137,1,0.442295133784,0.00764396860143,0.00914809833453,0.00851805989425,0.0281835094175,0.00463134583967,0.36057596584,0.139003918289
C000140,2,0.0220969715786,0.0114343222052,0.0434423928092,0.0230034956121,0.0251101043157,0.43848466815,0.0647985784929,0.371629466836
C000142,0,0.127583283109,0.0113411669636,0.00436522908079,0.752123878243,0.0044642926116,0.00436522908079,0.0783811359793,0.0173757849323
C000143,0,0.0171069215968,0.0378275136254,0.0284699552623,0.471965896648,0.0385473064938,0.0325216436388,0.0298463740749,0.34371438866
C000144,3,0.0103624372975,0.0111223105654,0.0111223105654,0.00906460219225,0.0111223105654,0.822485092727,0.0116482256956,0.113072710392
C000147,1,0.013699800342,0.0732831337901,0.0513059656302,0.0236367969496,0.515235993093,0.0564265225865,0.0321058908203,0.234305896788
C000148,4,0.0549216108121,0.17496651403,0.00652119344199,0.119292739448,0.00652119344199,0.00639413385747,0.590161546586,0.041221068383
C000149,2,0.0117091773642,0.012248288426,0.012248288426,0.0112207199747,0.012248288426,0.00922020201284,0.751185569416,0.179919465955
C000150,3,0.0143360451526,0.0151161641905,0.0151161641905,0.0123195638401,0.0608944573044,0.60721042732,0.0167422439188,0.258264934084
C000152,1,0.863059293344,0.0113586482969,0.0107426316135,0.00993702027181,0.00812510900002,0.00895638704786,0.00856617798001,0.0792547324457
C000153,0,0.00750217783213,0.00915680177317,0.00915680177317,0.629767432465,0.00915680177317,0.00915680177317,0.0145696463924,0.311533536217
C000154,2,0.0071319410144,0.0763023788893,0.00780706255085,0.00552657791264,0.0172587244253,0.00203358523033,0.0100768906319,0.873862839345
C000155,0,0.00281846235688,0.0034678672966,0.0101197421325,0.00331072512196,0.0329634114045,0.00198060977922,0.00295753663932,0.942381645269
C000156,3,0.188421073939,0.0423514470592,0.292575832756,0.0197836583951,0.0777040566954,0.0333818181034,0.0353074764038,0.310474636648
C000157,3,0.0315360893775,0.0307216968428,0.0307216968428,0.0297459814797,0.0307216968428,0.0288344548301,0.0266311182189,0.791087265566
C000159,2,0.184067257119,0.00925098349169,0.592374615998,0.102380224367,0.0163757140068,0.00696390660019,0.00969123533117,0.0788960630856
C000160,4,0.0502247168455,0.0275410307764,0.0275410307764,0.0268891948817,0.0275410307764,0.0261133905479,0.0299508441587,0.784198761237
C000162,3,0.0648855623814,0.0085251660318,0.0231092524009,0.00373014912291,0.0085251660318,0.124420876802,0.158483419776,0.608320407453
C000164,2,0.458791498836,0.0134243109393,0.0790959610281,0.0122980802431,0.356555014947,0.010241337487,0.0157075525687,0.0538862439506
C000168,0,0.00220467782291,0.0138758711485,0.00305010956974,0.00610772559942,0.00305010956974,0.0109849686737,0.00357649855067,0.957150039065
C000169,1,0.00664676486172,0.00245139266762,0.0068948441188,0.06649653771,0.0641913801951,0.013538358336,0.0269471327339,0.812833589377
C000170,0,0.0122800263346,0.0222977591302,0.245721051881,0.0730219588853,0.0988273103888,0.0618947660142,0.0326516223569,0.453305505009
C000171,0,0.00516386268286,0.00613906549509,0.00613906549509,0.00300238859442,0.0415052885764,0.00613906549509,0.891817797135,0.0400934665256
C000172,0,0.0204529258159,0.023321349684,0.023321349684,0.0213426779053,0.023321349684,0.0272529428454,0.0176192924158,0.843368111966
C000173,0,0.0223909300779,0.00714502453406,0.206717719956,0.663558049145,0.00714502453406,0.00714502453406,0.00931048583508,0.0765877413831
C000174,2,0.0317762459715,0.0354736684247,0.0354736684247,0.0324976099539,0.0148220524347,0.0218188803089,0.0452372641237,0.782900610358
C000175,4,0.00576438442217,0.00709436051699,0.762189294913,0.00692645253736,0.172876625689,0.00672661122859,0.00629059131186,0.0321316793805
C000176,2,0.00713855209032,0.00996384480136,0.35131227144,0.241013680327,0.0170967242437,0.220116856212,0.0177024756618,0.135655595223
C000177,0,0.0617131275246,0.00936482868421,0.232201575851,0.526650902784,0.00689817396655,0.00936482868421,0.0385008438685,0.115305718637
C000179,1,0.0261869662125,0.25732997079,0.0203409615788,0.011131441803,0.446006604081,0.0199982508869,0.0159322284642,0.203073576184
C000180,0,0.0051359227724,0.423017265286,0.0159540059537,0.00537826392182,0.0581756820451,0.300219527104,0.0103041749194,0.181815157998
C000181,4,0.0155253279302,0.0129352332948,0.0161505751103,0.0157683263607,0.797041740912,0.0170682516159,0.0163111922125,0.109199352563
C000183,4,0.0133226908107,0.0990967669852,0.0138592318034,0.218678792725,0.264868181249,0.0135891971463,0.0179273831466,0.358657756134
C000184,4,0.00642725727184,0.00679677395841,0.00429240897005,0.00359519784323,0.00941406206804,0.0450916571891,0.00573215053864,0.918650492161
C000185,1,0.262981148935,0.6406121302,0.0074823108591,0.00696699682432,0.007911370375,0.0073562466157,0.00902897233996,0.057660823851
C000186,4,0.0119675365838,0.025068684433,0.266232548776,0.0244753635628,0.00953961259577,0.0208377580632,0.432404558154,0.209473937832
C000187,0,0.00772326141911,0.00913148595234,0.399901016327,0.00811599899018,0.482796622759,0.00913148595234,0.0167567975061,0.0664433310939
C000189,2,0.0101609507534,0.0145685168457,0.0127050863536,0.0116391949038,0.0179365128189,0.740728933863,0.0135450945818,0.17871570988
C000190,3,0.339356836441,0.0254053710955,0.0254053710955,0.0246533573784,0.0254053710955,0.0236383307675,0.0337783216486,0.502357040478
C000191,1,0.00363089587391,0.00541842900418,0.00832530749342,0.565985036164,0.0355087977398,0.00818504018697,0.272372988416,0.100573505122
C000192,1,0.00128019415789,0.881752231947,0.0377059467306,0.00123651629182,0.00521006068895,0.0593367391848,0.0017149399077,0.0117633710911
C000193,1,0.0289656839175,0.0219114384509,0.0572589574839,0.0197452371788,0.0521208413615,0.0213401006813,0.0281665560064,0.77049118492
C000196,3,0.826122109435,0.0111802094463,0.0111802094463,0.00911178935897,0.0120111606338,0.0107917619909,0.0110129272112,0.108589832477
C000197,0,0.0169827518191,0.0203363572856,0.0203363572856,0.0177678517301,0.696443242232,0.0198480663721,0.0246792276129,0.183606145662
C000198,4,0.00353140019812,0.0132327368506,0.00759411713859,0.0185201017471,0.0132327368506,0.00864559911169,0.253518715405,0.681724592698
C000200,3,0.476149015018,0.0180214214784,0.0146801539057,0.306755209217,0.0582027074769,0.0145416718107,0.0178420190703,0.0938078020231
C000201,0,0.0114577429394,0.590391453741,0.0135468959315,0.132486280377,0.0135468959315,0.0135468959315,0.0268342989154,0.198189536233
C000202,4,0.246022270361,0.505636174103,0.0157485874253,0.00551850719022,0.00565228438539,0.116424343484,0.0758490496088,0.0291487834426
C000203,2,0.00851779633212,0.20314468465,0.0125361595611,0.00886711266425,0.00967914301953,0.701229763161,0.00952220276453,0.046503137847
C000204,0,0.015837479472,0.0543833184257,0.0103372262541,0.00886818308543,0.0161984623504,0.00933050329214,0.816433576327,0.0686112507928
C000205,4,0.00270707101174,0.0035497776851,0.0035497776851,0.00538485701433,0.0035497776851,0.00570074925339,0.00382084276322,0.971737146902
C000206,0,0.00698434385654,0.00825655568729,0.00825655568729,0.0351784310876,0.646922357465,0.240494691555,0.00812281953522,0.0457842451258
C000207,0,0.902477934605,0.0472893354491,0.00214019242958,0.0258097331361,0.0021887614771,0.00214019242958,0.00400573341359,0.0139481170602
C000209,1,0.00801983332958,0.79313549225,0.012322236873,0.0238964124817,0.0139691755894,0.0108611344944,0.014702539392,0.12309317559
C000210,1,0.390019226637,0.0536311939718,0.0611821152323,0.37301116752,0.0152540773417,0.0152871151372,0.0174612820121,0.0741538221473
C000212,1,0.573858172451,0.0821211935914,0.107893274251,0.174367476714,0.00551668419998,0.00523520697923,0.00674865519771,0.044259336615
C000214,3,0.00122909153786,0.00296378572689,0.00296378572689,0.0114028962771,0.00447138835305,0.00703322321114,0.00395764929217,0.965978179875
C000215,0,0.0246856521727,0.239988912436,0.537297164067,0.0297642588033,0.0472312343332,0.0118458189963,0.0086006348663,0.100586324324
C000216,0,0.0501784332134,0.0276019598511,0.0276019598511,0.0240884757195,0.0174342248706,0.290385180493,0.0205613079189,0.542148458083
C000218,2,0.00854528205249,0.0318732030009,0.531425935853,0.00303901293636,0.0501064887154,0.00809048071679,0.320943251566,0.045976345159
C000219,2,0.0860000886787,0.63998961493,0.00340776741986,0.12881147889,0.123776726176,0.00256528119939,0.00417850397307,0.0112705387321
C000220,2,0.151133742424,0.0270752388812,0.0270752388812,0.0112377164306,0.0937117480396,0.00946407947665,0.0359327942936,0.644369441573
C000222,1,0.00303548844497,0.00332934415036,0.00314878291739,0.00278722062048,0.0100772322078,0.0081429865446,0.00417395522265,0.965304989892
C000223,0,0.85543430033,0.00850502390262,0.00869091595652,0.0142572684811,0.00869091595652,0.00869091595652,0.0220552775524,0.0736753818642
C000224,3,0.00685160604962,0.00734603027496,0.00730636533984,0.0253382720212,0.0637247680226,0.00736803235661,0.80372397556,0.0783409503752
C000226,1,0.00453662809003,0.00495203858043,0.929197429695,0.00436091794828,0.00495203858043,0.00469937121611,0.00679166340297,0.0405099124867
C000227,0,0.00126262533949,0.00714876227516,0.00964213407944,0.820467018644,0.00189825487013,0.0825617316549,0.003618633091,0.073400840046
C000228,3,0.00687355895382,0.0797252055459,0.541159522559,0.00381658656207,0.318167635503,0.0074166581702,0.00984115053639,0.0329996821699
C000229,2,0.347966095022,0.0213261236829,0.0150604325436,0.0216337519384,0.404847628895,0.0154315493313,0.03176893754,0.141965481048
C000230,0,0.0169812120361,0.115398904305,0.467823360679,0.017746110635,0.0203345134397,0.0203345134397,0.0400933209374,0.301288064528
C000232,2,0.0911494995818,0.0955441402649,0.0232078256098,0.0212608083132,0.119435563459,0.298083807301,0.0251756696798,0.32614268579
C000233,0,0.0100984117365,0.0119397104292,0.216020853219,0.0108792329922,0.676972202367,0.0119397104292,0.0151136373351,0.0470362414913
C000234,0,0.158432387987,0.00418405483166,0.00643545127514,0.0114144355142,0.787506919894,0.00418405483166,0.00418263127206,0.0236600643946
C000235,1,0.00926376487345,0.0101120303765,0.00956362186417,0.819257079476,0.0101120303765,0.00959608527196,0.0118134219517,0.12028196581
C000236,4,0.010588177288,0.0110145919841,0.0110145919841,0.762570750847,0.00835284623715,0.0104436302527,0.0540827622921,0.131932649115
C000237,4,0.866405991014,0.00521423553272,0.00521423553272,0.00509082599474,0.0329936835056,0.0544775246134,0.00633653170004,0.0242669721063
C000238,2,0.0119338545942,0.306384885258,0.0135259376376,0.432651655969,0.146799061628,0.0113851389833,0.0155033166954,0.0618161492344
C000239,0,0.00953236817761,0.00987991517942,0.0112054754657,0.0091996264454,0.00910741666281,0.730287538197,0.165208634481,0.0555790253904
C000240,3,0.011721782241,0.70283469347,0.0123596419427,0.0100730182627,0.00555534787305,0.0122430499014,0.0169236976383,0.228288768671
C000241,1,0.0151648276204,0.643116834721,0.0157308291637,0.0133207548128,0.0101870278573,0.0100991323934,0.0266780025955,0.265702590836
C000242,4,0.0116795693958,0.0350679926514,0.0121499374203,0.528439147216,0.0121499374203,0.243573070848,0.0813984086834,0.0755419363644
C000245,4,0.00937582064337,0.00249109436194,0.00249109436194,0.00243213561289,0.00121093148607,0.00199536891711,0.000883872394042,0.979119682223
C000246,3,0.722859158296,0.0154774963901,0.0145727860177,0.0118767145825,0.105969937235,0.0136775758945,0.0230858876464,0.0924804439383
C000248,0,0.0423601221115,0.0106767157382,0.820680069333,0.00916176879634,0.0106767157382,0.0106767157382,0.00745088809838,0.0883170044458
C000249,4,0.0352578989717,0.0316720821267,0.0300993090466,0.0310007316507,0.0317522375898,0.0301063016734,0.0351645793,0.774946859641
C000250,3,0.435036005256,0.0114462666159,0.0114462666159,0.00932862401649,0.0114462666159,0.40252317377,0.0180234816301,0.10074991548
C000252,2,0.014396436863,0.0389263860303,0.00374127240923,0.00354039651522,0.0124397728177,0.0675623120944,0.0043002023797,0.85509322089
C000253,4,0.461030619682,0.204912440717,0.016054276703,0.0141519892526,0.016054276703,0.0174952689328,0.0189453093212,0.251355818689
C000254,3,0.0173162678536,0.0173543518414,0.0341945266,0.014143670492,0.0174024583322,0.0162882693894,0.331297973116,0.552002482375
C000257,1,0.673857568057,0.00811862764882,0.00767832789245,0.0071495139737,0.232865266876,0.0075489610946,0.0101316874429,0.0526500470142
C000258,4,0.0747345331791,0.787060521182,0.00689979451086,0.00673649148257,0.0125692491251,0.00654213091096,0.00786802929049,0.0975892503192
C000259,2,0.00826341731798,0.0153022989646,0.476595035442,0.0140185147246,0.2503495941,0.0116740448529,0.0170159142028,0.206781180396
C000260,1,0.12310330874,0.59274757022,0.00463638974463,0.0445465594991,0.0738509878988,0.0150890636597,0.012931995808,0.133094124429
C000261,3,0.0153224059247,0.0165912634707,0.0165912634707,0.0135217590216,0.0262866603241,0.278702057923,0.016578586903,0.616406002962
C000262,3,0.006979005465,0.0074907730673,0.0074907730673,0.0598543766564,0.0074907730673,0.00732467789233,0.806868822424,0.0965007983608
C000263,3,0.889468018339,0.0656523410107,0.00507308488579,0.00300336486474,0.00788097061364,0.00295569429059,0.00501735563786,0.0209491703576
C000264,0,0.00539657265522,0.0496103880482,0.00636782732558,0.018970409527,0.26347315855,0.00636782732558,0.00597499044584,0.643838826123
C000265,3,0.523088447017,0.00673517463552,0.0103788716938,0.00845870492066,0.00597787964556,0.373135321073,0.0169709898091,0.055254611205
C000266,3,0.0191171093881,0.0366404482581,0.0561780547646,0.0162925508367,0.0306653024881,0.0408815370179,0.0382362303057,0.761988766941
C000270,2,0.016815641351,0.0176309905082,0.0176309905082,0.0161518410156,0.5067938989,0.0134505916052,0.0176857294199,0.393840316692
C000271,4,0.0101788493834,0.806757280883,0.0914788755868,0.0100965335201,0.010341289192,0.00843982394951,0.0132097583711,0.0494975891141
C000272,3,0.00602143141125,0.856714639433,0.00565573780233,0.0639067480258,0.0051193045563,0.00619923724761,0.00697386446283,0.0494090370613
C000274,0,0.00675133243826,0.00819474093267,0.00665160329492,0.102164625058,0.00819474093267,0.636254817222,0.0174720246238,0.214316115498
C000275,2,0.0335422110427,0.0325902610873,0.0482213148621,0.0699792886675,0.0381160112945,0.0290785081702,0.0394374978486,0.709034907027
C000276,4,0.236699545868,0.00674077485912,0.00674077485912,0.583794073813,0.00674077485912,0.0657358155111,0.00677766711316,0.086770573118
C000280,2,0.00650185788022,0.0125889504543,0.0525564453055,0.155421442722,0.0957950207125,0.445099906445,0.110675697124,0.121360679357
C000281,0,0.00442725249822,0.216226329542,0.741074792467,0.00420556158972,0.00481897416435,0.00471580187105,0.00506858316214,0.0194627047049
C000283,3,0.0129074898721,0.0136098717685,0.0136098717685,0.0181876107491,0.0136098717685,0.0134814859512,0.707079511463,0.207514286659
C000284,3,0.00479282583845,0.00982041613528,0.00982041613528,0.397373343347,0.00982041613528,0.482970306832,0.0194170264713,0.0659852491056
C000285,4,0.0104226325077,0.00400333306971,0.00445265901728,0.0201772856911,0.00228698077275,0.0073438116257,0.0139287087435,0.937384588572
C000286,4,0.00547238514812,0.00569277298131,0.00593494432556,0.151720783674,0.795073359264,0.00392507956826,0.00634209499722,0.0258385800414
C000289,0,0.00937328183275,0.0139123947785,0.35888981957,0.00972689638321,0.0115954944855,0.515009931326,0.028900526528,0.0525916550965
C000290,2,0.011394176422,0.0115462391037,0.0115462391037,0.801134300096,0.0115462391037,0.0086917170238,0.0106486820503,0.133492407097
C000292,1,0.123375778681,0.00839018313433,0.00721691430695,0.00671987839115,0.00763075513997,0.0169370782745,0.00829744203024,0.821431970042
C000294,1,0.0128377781798,0.0145621581179,0.0261895724471,0.0720396565149,0.101943384442,0.039542265152,0.0285790716841,0.704306113462
C000295,1,0.024426529277,0.0961044852332,0.0155559702039,0.0234804546073,0.0266632205606,0.0170468340273,0.0466383587767,0.750084147314
C000296,0,0.00939199051565,0.012436501045,0.0113999613886,0.0101630732372,0.59564481651,0.0113999613886,0.0225752859699,0.326988409946
C000297,0,0.029822849237,0.0238905994878,0.0207460602238,0.0208495385397,0.473837927637,0.0238905994878,0.0350697284951,0.371892696892
C000298,4,0.0144224663656,0.0112146468767,0.0438146994539,0.0374889792568,0.0209349607914,0.149414992611,0.0423237040688,0.680385550576
C000299,2,0.0125815672666,0.00933289323797,0.163648820232,0.00854991145988,0.0205331623453,0.00501809155695,0.730049438486,0.0502861154156
C000302,1,0.0260651482114,0.0284518847448,0.0269088458885,0.0250556074696,0.0284518847448,0.0249224394879,0.0354684054682,0.804675783985
C000303,4,0.00217203811553,0.0218840435103,0.00765508017614,0.144032663051,0.0316231735185,0.0776337379209,0.0098479989771,0.70515126473
C000305,1,0.0214732656877,0.0185737007123,0.379044631995,0.0105922528119,0.011867812705,0.446258793717,0.0208916468596,0.0912978955117
C000306,4,0.205865840589,0.00873723048766,0.00873723048766,0.688993461074,0.00873723048766,0.00828431999817,0.0116419833441,0.0590027035315
C000310,3,0.00186632305108,0.00235966128161,0.00260091093141,0.00963486805842,0.00596993996965,0.00177953732982,0.00382831478739,0.971960444591
C000311,2,0.498461918307,0.0227015061399,0.0227015061399,0.0207969664447,0.0227015061399,0.0187623078834,0.0244515576666,0.369422731279
C000312,3,0.151194053389,0.0261230557958,0.0261230557958,0.0212901004195,0.0158640873856,0.0258766295308,0.0601353494975,0.673393668186
C000313,2,0.224309393634,0.00921024081585,0.00921024081585,0.00637367809802,0.00733728685731,0.00755167492342,0.662366824217,0.073640660639
C000316,2,0.0121647297434,0.0445114520428,0.00924899960282,0.778087378806,0.00738419962854,0.0127413936265,0.0213786507638,0.114483195786
C000318,0,0.0222008570581,0.0659635796881,0.143386681964,0.0172146255254,0.682206897867,0.0110088726567,0.0155297119901,0.0424887732501
C000319,0,0.589153527725,0.105262556279,0.0144780538225,0.0198681712292,0.0144780538225,0.0144780538225,0.0167496589868,0.225531924313
C000320,2,0.00686365249121,0.00457032313846,0.0205352336383,0.655414994086,0.00187162836247,0.267128862287,0.00982550791711,0.0337897980792
C000322,4,0.00743502783852,0.00939206665794,0.00780937997805,0.00762454905338,0.878021766241,0.00740456633447,0.00798529205516,0.0743273518411
C000323,0,0.0516912914632,0.00226792776183,0.924782314871,0.0020157178712,0.00226792776183,0.00226792776183,0.00253383756545,0.0121730549432
C000324,0,0.00610765857231,0.0085662718127,0.00881832701279,0.0137510583734,0.00539929163669,0.00354725014342,0.00497008703302,0.948840055416
C000325,4,0.0139504278893,0.0145122495614,0.0118812448173,0.0141687763903,0.544352471633,0.267326052726,0.0189906521256,0.114818124857
C000326,3,0.0381681145083,0.020319415986,0.020319415986,0.016560176198,0.664826332283,0.0190711888546,0.0305730879027,0.190162268281
C000328,3,0.00987576352222,0.0165729922541,0.540211676771,0.222960578439,0.0186784831794,0.0420781294025,0.0578621589523,0.091760217479
C000330,4,0.0960237128451,0.555583574109,0.275469551988,0.00420605650632,0.00430801785614,0.00408470378898,0.0403234928619,0.0200008900447
C000331,4,0.025177396215,0.600349797317,0.0468261122622,0.170311389331,0.0284122652303,0.0105836807494,0.0135676234438,0.104771735451
C000332,2,0.00794069523283,0.00885931495325,0.00885931495325,0.107627694582,0.00601321592313,0.0532878598959,0.0205714522731,0.786840452187
C000333,0,0.105410854784,0.0196960736813,0.0159247649183,0.00405305803713,0.134708626539,0.0759053539889,0.375543860103,0.268757407948
C000335,3,0.0165993975748,0.019486206274,0.0141275549009,0.00688844828467,0.00451452324109,0.0041968548924,0.149646785133,0.784540229699
C000336,4,0.00809249938989,0.00822164405078,0.045671059009,0.0544193344754,0.00822164405078,0.00779545993709,0.809959450438,0.0576189086488
C000337,2,0.114038520089,0.00866917867404,0.585904799501,0.00510943430822,0.184456338573,0.0100936135475,0.0140164073398,0.0777117079677
C000338,0,0.378089237704,0.0116440358412,0.00804372129299,0.0759419519868,0.019931843249,0.0680578232936,0.029782012267,0.408509374365
C000339,2,0.0175704797424,0.0183794554454,0.0183794554454,0.0168375135911,0.0183794554454,0.351882387435,0.0183724560019,0.540198796893
C000340,2,0.0481251622839,0.0322847384875,0.0127447264139,0.0229973167226,0.0866319571791,0.00844819462166,0.0268213564908,0.761946547801
C000341,2,0.00276428574511,0.897586484995,0.0051233195768,0.00319930701874,0.0170877241466,0.00125347939796,0.00577016824926,0.0672152308704
C000342,1,0.0139016257797,0.0152473966906,0.00933719771873,0.0818329619406,0.0218052795547,0.623278637325,0.0179468797415,0.216650021249
C000343,2,0.748629618695,0.169074642979,0.00592182559365,0.00342385530055,0.00428559160257,0.00445780066237,0.00639004373491,0.0578166214319
C000346,1,0.0107094158563,0.0136877250244,0.0207829375976,0.0130863693134,0.223560936661,0.544225425332,0.0647470158052,0.10920017441
C000348,0,0.297970562163,0.0138498084792,0.585782595802,0.011881585473,0.00584982593518,0.0138498084792,0.0233753197472,0.0474404939213
C000350,4,0.109714326452,0.0111335087535,0.0111335087535,0.0108700029792,0.615109928797,0.186662862949,0.0100833136632,0.0452925476525
C000351,3,0.00816081758421,0.00914877323635,0.007159956263,0.00745618362723,0.00914877323635,0.898663374755,0.0118615776171,0.0484005436809
C000352,0,0.00822140363371,0.205850396198,0.0106616924695,0.00845618709115,0.125912020859,0.00967860631501,0.596856864635,0.0343628287982
C000353,1,0.00485229306146,0.00532202767787,0.00503339669351,0.915670922654,0.00712102175597,0.00639591649334,0.00756332931697,0.0480410923467
C000356,1,0.00411097029261,0.00466598443147,0.361718110263,0.569572763794,0.00603068188579,0.0056075219728,0.0095708614734,0.0387231058871
C000358,0,0.690516096129,0.0193661573844,0.0193661573844,0.0166139953914,0.0184214681152,0.015169521158,0.0281037850697,0.192442819368
C000359,0,0.0767851573535,0.0229997513456,0.393942590278,0.0205042937774,0.0229997513456,0.0229997513456,0.044604773829,0.395163930725
C000361,3,0.11678503306,0.00759565708833,0.0267455440931,0.00619040526602,0.00544606220244,0.770420453668,0.00785051171388,0.0589663329083
C000363,4,0.0155161543542,0.0091140597771,0.00814421526447,0.434371129523,0.00814421526447,0.466830118099,0.00772751235129,0.0501525953665
C000364,1,0.0128912401986,0.014139198987,0.772681203748,0.0324618576207,0.014139198987,0.013147081955,0.015896906093,0.124643312411
C000365,0,0.0220337618202,0.0251238902878,0.0251238902878,0.0229922841262,0.0251238902878,0.0251238902878,0.0205191881306,0.833959204772
C000366,3,0.0219634609487,0.0120540286445,0.0088033651115,0.022851578966,0.16992160657,0.633502930947,0.0153003471799,0.115602681633
C000367,2,0.0258136520999,0.296651391042,0.00416187871942,0.00231384052091,0.00198874791414,0.0126997399873,0.600339275182,0.0560314745339
C000368,0,0.0775352363618,0.0173509057456,0.0151609512232,0.654408410133,0.0173509057456,0.0173509057456,0.0208787317396,0.179963953306
C000369,2,0.00766919526632,0.0184196721181,0.0876602193999,0.0239214145652,0.0261120842345,0.0199207742092,0.0661583626651,0.750138277542
C000371,2,0.00251890197762,0.00634053429879,0.795693670299,0.00242820447387,0.00634053429879,0.00483716087148,0.0110190113296,0.170821982451
C000372,1,0.016557885721,0.0103871785697,0.0170938446808,0.0159165749524,0.0180740601331,0.0168058423995,0.548137907519,0.357026706025
C000374,4,0.0253859111823,0.032048676707,0.127336825658,0.0164239487812,0.629176512634,0.0164943275393,0.0164326558747,0.136701141623
C000375,4,0.00708498453847,0.00737031613489,0.00695241528734,0.00393220391115,0.00521622705084,0.896635055105,0.00798292238321,0.0648258755892
C000376,0,0.0175896584497,0.0190338587107,0.0171623691236,0.363211161692,0.021549330012,0.121278997955,0.0308846756904,0.409289948366
C000380,4,0.0014000539142,0.00621827285633,0.0426828103509,0.0596299158419,0.0046587331692,0.0262080629087,0.0654783884914,0.793723762467
C000381,0,0.0110310586514,0.0184945748615,0.0184945748615,0.620521048285,0.0184945748615,0.0728700273663,0.0169225454179,0.223171595695
C000382,2,0.00880807425467,0.013893651217,0.0104890560685,0.381988286465,0.153291463292,0.363752895344,0.0122451333191,0.0555314400401
C000383,0,0.00679848009976,0.622935043055,0.00849695927394,0.00682703983506,0.00427371848068,0.257234199583,0.0180608762852,0.0753736833867
C000384,1,0.0023050556504,0.00509810355521,0.855308840007,0.0760486958574,0.00511339673596,0.00482539149568,0.0058721397565,0.0454283769422
C000386,0,0.0118278360656,0.0130279979199,0.0141140868537,0.192213438839,0.00531851765156,0.0292779912646,0.655068372061,0.0791517593441
C000387,3,0.00310296207652,0.00885610340702,0.12196349653,0.00721765984559,0.00696045863809,0.00831207061794,0.11922259599,0.724364652894
C000388,2,0.0128709605759,0.254586860562,0.0124447543588,0.0133989892722,0.014207115263,0.0110101123757,0.017503941026,0.663977266566
C000389,2,0.0267943352391,0.0272003726974,0.0304479982939,0.0278935677186,0.0304479982939,0.0237487882364,0.490301077318,0.343165862202
C000390,3,0.0111518756657,0.0118026267052,0.0118026267052,0.00961905489663,0.0462827586506,0.0122194715105,0.809338005269,0.0877835805975
C000392,0,0.013393313851,0.0080706809672,0.0080706809672,0.00692374092254,0.0080706809672,0.0080706809672,0.870668115791,0.0767321055663
C000393,4,0.800616504055,0.0139159172661,0.0109146410882,0.00936010170611,0.00674208979059,0.0326370270676,0.0143960973288,0.111417621698
C000394,3,0.00837283589841,0.00890644138968,0.00890644138968,0.00864280555967,0.134901133946,0.014885045326,0.013902870568,0.801482425922
C000395,2,0.0116802037465,0.170909063009,0.0202360023598,0.206979230746,0.00762239544381,0.170622858482,0.0429918627986,0.368958383415
C000396,0,0.00115871530611,0.0788742828905,0.0138138388931,0.0177133446357,0.00947902968661,0.0525950552797,0.0111479446093,0.815217788699
C000397,2,0.570156564879,0.0227901448541,0.0227901448541,0.0228056191137,0.0592742619816,0.0169776353686,0.0359803075272,0.249225321422
C000398,0,0.00721286771846,0.0170523132979,0.0151960966313,0.0664033791395,0.0170523132979,0.778954027342,0.0221615805516,0.0759674220212
C000400,0,0.0272428292779,0.011206577968,0.0107080043401,0.0141319219329,0.0107080043401,0.0169748786505,0.0132242681405,0.89580351535
C000401,4,0.0239310811137,0.00475911682228,0.00475911682228,0.0202307163803,0.00475911682228,0.00481076265475,0.00745320049689,0.929296888888
C000402,3,0.0342498563658,0.0120284294227,0.0141251519155,0.0251833086262,0.0106065145259,0.725698115278,0.0115323692964,0.166576254569
C000403,0,0.0157138384249,0.0186814191613,0.601242945319,0.0166039108902,0.0186814191613,0.176843588782,0.0203024961874,0.131930382074
C000405,2,0.0282197547972,0.0914615196574,0.0233914656585,0.0210524174836,0.0229803508139,0.0190953928894,0.460963003568,0.332836095132
C000406,3,0.01597785084,0.016955186148,0.016955186148,0.289662961511,0.0153057214395,0.0165792336816,0.522727463043,0.105836397189
C000407,4,0.00524554485359,0.299933247624,0.00609967396404,0.00532764676938,0.00340870307285,0.00783851517847,0.640534603105,0.0316120654327
C000408,4,0.0282290459334,0.0293659063878,0.132355639619,0.0286708796831,0.0293659063878,0.0278436703594,0.0319353946096,0.69223355702
C000410,1,0.00706649420034,0.348835733508,0.0866196946688,0.393692493066,0.0973966240343,0.00441421046399,0.0101229799745,0.0518517700839
C000411,3,0.141616669716,0.0102792590298,0.0102792590298,0.00997498700156,0.29717333741,0.455628652599,0.0107207260786,0.0643271091359
C000412,0,0.0446247969116,0.465524984301,0.00583738245775,0.00482693506739,0.0112953759397,0.0101957586907,0.00611711180342,0.451577654829
C000414,3,0.0179932717565,0.0190432422413,0.0190432422413,0.422155109731,0.0132299320849,0.0188636018847,0.0339632078196,0.455708392241
C000416,4,0.00343373144745,0.0362711347931,0.0708273400079,0.00556668062707,0.0021914954514,0.00668089032156,0.00619815057446,0.868830576777
C000417,3,0.00867696654447,0.00867346276216,0.00775825239811,0.146107452806,0.00867346276216,0.00859164350451,0.760031002065,0.0514877571577
C000418,1,0.0212864802374,0.0430318516106,0.0219754981469,0.0204620241908,0.0232356431441,0.481122330085,0.049512037965,0.339374134621
C000419,4,0.226130863112,0.0257119349271,0.00756276517246,0.0286868152075,0.125241208299,0.0462284489176,0.0161311526519,0.524306811712
C000420,0,0.013384627415,0.457641548543,0.0161904258399,0.0219933118678,0.0105589305867,0.115629660691,0.168780415433,0.195821079624
C000422,1,0.0124670052076,0.0136738951944,0.0626767313879,0.0120416539588,0.00693502342598,0.0295373012859,0.0682931666227,0.794375222917
C000423,1,0.0399208879732,0.0159876289676,0.0207684880156,0.450444961171,0.0219594192107,0.0125456311622,0.0320628772843,0.406310106216
C000424,2,0.00517890385875,0.646299730613,0.00561466097462,0.0051436197743,0.00561466097462,0.285120698003,0.0090234999963,0.0380042258061
C000425,3,0.0193830029655,0.0191589736185,0.0201525938962,0.0176453718485,0.00730849959475,0.0189146146902,0.731715469359,0.165721474027
C000426,4,0.0183342796135,0.864033758554,0.00696623184408,0.00680135638958,0.00696623184408,0.00660512434223,0.00696145897251,0.08333155844
C000427,0,0.00639828792344,0.00781585497258,0.00781585497258,0.0067051287417,0.00781585497258,0.0982122157277,0.616487078389,0.2487497243
C000428,4,0.0220018785352,0.0228879540224,0.0228879540224,0.0223462462661,0.0228879540224,0.0540822451154,0.0252125871789,0.807693180837
C000431,2,0.00838842624898,0.845161150716,0.00850037524324,0.00778723744634,0.00850037524324,0.00639886767863,0.00812333359155,0.107140233832
C000432,1,0.0157420405647,0.0518970973838,0.004796822542,0.00896948592602,0.0451023290874,0.675893553771,0.117155131775,0.0804435389499
C000433,1,0.014650076395,0.0160683023613,0.76339897131,0.0141502427793,0.00491304184472,0.0219719764276,0.0200968783844,0.144750510497
C000434,4,0.0291176691083,0.0302903168347,0.0302903168347,0.0295734113589,0.0302903168347,0.0189794810511,0.0266981950893,0.804760292888
C000436,0,0.521485556569,0.000748104383719,0.0618699070926,0.0215741819065,0.00760067442648,0.358605581811,0.00627737700137,0.0218386168092
C000437,3,0.0315195996616,0.0307056329597,0.0307056329597,0.0322784808413,0.0307056329597,0.0288193777556,0.0245920241531,0.790673618709
C000438,3,0.305294877383,0.328884466134,0.0156397423502,0.012746276231,0.0156397423502,0.0152929576167,0.211822484311,0.094679453624
C000439,4,0.0891286765998,0.0203848107116,0.0203848107116,0.0070356168444,0.00343920970429,0.237539169644,0.0235218874359,0.598565818349
C000440,0,0.0212886561769,0.17914630408,0.0267458649725,0.443293596916,0.0667445073458,0.0267458649725,0.0332744323255,0.202760773211
C000443,4,0.240808646573,0.00754031327512,0.681687571414,0.00736185057016,0.00371681511884,0.00714944720134,0.00660031221902,0.0451350436292
C000445,4,0.0250309707683,0.0260390360379,0.0260390360379,0.02542274907,0.0260390360379,0.486721001629,0.0271742036635,0.357533966756
C000446,1,0.00828708257496,0.00908932792684,0.732194529722,0.00800434258541,0.122962742576,0.00735325578914,0.0511703547332,0.0609383640928
C000447,4,0.00305192785265,0.219190679297,0.690567437731,0.00309969584064,0.00317483728762,0.00301026372944,0.0630299572086,0.0148752010529
C000448,3,0.140617279172,0.0700124250525,0.00704003043634,0.00573757358703,0.716138991401,0.00660755949314,0.0115166337639,0.0423295070937
C000450,0,0.0310616753958,0.105709767892,0.0152938569213,0.00897065088139,0.0890880568016,0.657264834028,0.0116154714867,0.0809956865929
C000452,3,0.00258682843414,0.717260251175,0.00273777894174,0.00223126991925,0.0371151665662,0.223994423868,0.00309155204066,0.0109827290556
C000453,3,0.00120300428154,0.00391100258451,0.0254333091379,0.0110353350673,0.0637036738171,0.0051326970698,0.849921586323,0.0396593917186
C000454,3,0.00552370956304,0.00592876091498,0.122735604617,0.00483189701198,0.00592876091498,0.804518686379,0.00732849330585,0.0432040872931
C000455,0,0.531556875131,0.161755970732,0.00747029198711,0.213692911222,0.00625193612499,0.00625193612499,0.00961429796839,0.0634057807093
C000456,4,0.0116958762128,0.0121669009572,0.0121669009572,0.0118789370522,0.0305533753218,0.0126243048568,0.835270181267,0.073643523375
C000457,3,0.233768708351,0.00600659593158,0.553692769174,0.00952759462917,0.0839055910346,0.0115801255833,0.0173880410017,0.0841305742944
C000458,1,0.0155581089842,0.0530638914992,0.536544079835,0.014955521009,0.201511067559,0.0157910938647,0.0254271385075,0.137149098742
C000461,2,0.0163003047251,0.0165178428742,0.738408684224,0.0151320807473,0.0165178428742,0.012601377024,0.0181478746949,0.166373992836
C000462,0,0.0170661815367,0.0206681946403,0.132836377354,0.0180577776414,0.0206681946403,0.493207482959,0.225797043075,0.0716987481534
C000463,3,0.00330675721012,0.00653711079811,0.00327156671623,0.0920174715901,0.00797820048343,0.0322116441892,0.490882310237,0.363794938775
C000464,3,0.029608697801,0.0299738413869,0.0299738413869,0.0109600739208,0.541140518712,0.0281325403339,0.0119795507724,0.318230935686
C000465,3,0.12094005325,0.00888358935661,0.530016511388,0.263836907347,0.00888358935661,0.00879978791463,0.0134982741997,0.0451412871879
C000468,2,0.00756431840996,0.00818699434106,0.450002022108,0.0075001475913,0.0444011047487,0.432653646476,0.00714901136615,0.0425427549591
C000469,1,0.00759876003862,0.00833437113769,0.74104595256,0.152497262733,0.00526668686717,0.00818391781348,0.00823883908573,0.0688342097642
C000470,3,0.00808950381661,0.00856400530311,0.485703528829,0.00697960201602,0.182815619105,0.00803791617829,0.0211817548134,0.278628069939
C000471,2,0.526264085219,0.0115999503998,0.0115999503998,0.0106267741769,0.0115999503998,0.303311263157,0.0131080253878,0.11189000086
C000472,4,0.0259832544666,0.0270296707907,0.0270296707907,0.0263899376672,0.0270296707907,0.0256285378521,0.0281268661683,0.812782391474
C000473,1,0.00910440070457,0.177165721547,0.00944420706299,0.0914790793419,0.615462696009,0.00646862715579,0.0125109793564,0.0783642888221
C000474,0,0.00558725972642,0.0248079327404,0.296224254995,0.132420981661,0.0278979283153,0.182485469582,0.0057702717773,0.324805901202
C000475,2,0.00414462557615,0.0107323965956,0.229991043847,0.669877447392,0.0107323965956,0.00818768993641,0.0131597483895,0.0531746516675
C000476,1,0.0312298012746,0.0197406335854,0.033274743578,0.0233687181186,0.0325003985829,0.152216931049,0.0385202792258,0.669148494586
C000477,0,0.0463422932731,0.11842328888,0.00466080034083,0.00315796319083,0.0047665714996,0.0268862591718,0.77999140331,0.0157714203336
C000481,4,0.326977801365,0.323337468621,0.0358161790696,0.0218442552046,0.0238390396232,0.00594975124039,0.0211818450279,0.241053659848
C000482,0,0.0102983068997,0.0197480121472,0.0125689334491,0.011594063378,0.0221627745598,0.0125689334491,0.772121158351,0.138937817766
C000484,0,0.00202728989256,0.00246176690881,0.00246176690881,0.00277255427726,0.00246176690881,0.00235086353773,0.0142402101147,0.971223781451
C000485,3,0.0430391174695,0.0239740950972,0.0301654184646,0.0245845965851,0.0286878090136,0.104177717342,0.293990137792,0.451381108237
C000491,4,0.00372556131118,0.0125619124595,0.0055440728545,0.0122645994971,0.0153540229044,0.830175166126,0.0119818350789,0.108392829768
C000492,0,0.0416749127732,0.0301328351603,0.18709028762,0.00796255959368,0.00234379683174,0.0400074468511,0.0147152559041,0.676072905265
C000493,2,0.0165887047903,0.0639855943071,0.0188507328376,0.0160988552967,0.491936079478,0.0141903553221,0.0746349551089,0.30371472286
C000497,2,0.0123092154133,0.00832973266243,0.00772703471705,0.103844122847,0.00832973266243,0.0379881642236,0.0296550837082,0.791816913766
C000498,1,0.114042704291,0.0121404820349,0.0114820639483,0.696190301654,0.0121404820349,0.0115030320221,0.0228570551772,0.119643878838
C000499,1,0.129475019011,0.031190326217,0.00793004826263,0.712708230383,0.00440312048751,0.0125864121481,0.0125668760354,0.0891399674545
C000502,1,0.00711924922946,0.00845472678708,0.214565000698,0.00744549324378,0.130000648555,0.0189950342352,0.568791696871,0.0446281503809
C000503,4,0.0970862392562,0.00427219885856,0.0261530789999,0.00417108526598,0.00496270125705,0.00340135369129,0.00410239241971,0.855850950251
C000504,3,0.0296342466022,0.0236234125017,0.0313635087782,0.0255610314742,0.212391073808,0.401983584305,0.0373131889035,0.238129953627
C000505,4,0.00395378414509,0.00823433483962,0.126769444115,0.716145467012,0.0799285774954,0.00720770678192,0.0071938863838,0.0505667992265
C000506,3,0.00785429217275,0.0083126176553,0.00551592656045,0.00677472291198,0.37001521362,0.55253136522,0.00723434237377,0.0417615194857
C000508,1,0.0083029266711,0.0189867256426,0.00212319209516,0.00698166783858,0.00161363867431,0.0169628859169,0.00244742865626,0.942581534505
C000509,0,0.0159353443973,0.54521057158,0.0190155522632,0.0163132154405,0.013690042642,0.063027411255,0.260418406959,0.0663894554632
C000510,1,0.00910981135417,0.0170921274219,0.0388765749833,0.00747481597489,0.025602040363,0.708267953718,0.0265952577995,0.166981418385
C000511,0,0.0116265060457,0.0631165869716,0.0138738409311,0.603638126854,0.0168237257298,0.216557130113,0.0105169760838,0.063847107271
C000512,1,0.00825592346678,0.87507910441,0.00856406184729,0.00797424656859,0.00706755773007,0.00841977193505,0.0123531730178,0.0722861610248
C000513,4,0.0392380898093,0.0187459691827,0.11977681149,0.0183022931383,0.0187459691827,0.17348319377,0.0221415708367,0.58956610259
C000514,0,0.0362358084319,0.220889326565,0.0249849919876,0.0253258512113,0.08944448409,0.161269801479,0.0357179035266,0.406131832708
C000516,1,0.00379655636845,0.00790649611976,0.0262834855232,0.00696270440479,0.382833997456,0.00735171437642,0.491756294228,0.0731087515231
C000517,4,0.00284655589895,0.00766587369323,0.00766587369323,0.893320794868,0.00288057364184,0.00726849896313,0.0089927680166,0.0693590612248
C000518,1,0.796051464301,0.00714188289752,0.0067545552067,0.0253801127135,0.0229001939985,0.0715457684483,0.00689808938399,0.0633279330509
C000520,0,0.281532610476,0.0248809963282,0.0248809963282,0.39347329209,0.0273795176098,0.0248809963282,0.0296278860599,0.19334370478
C000521,0,0.00620657029622,0.525582465683,0.00733824823434,0.00652218221333,0.400116418775,0.00733824823434,0.00959716962721,0.0372986969369
C000523,2,0.423148678356,0.317629699441,0.0136574465591,0.0346570567124,0.0136574465591,0.0111980347485,0.0124559534228,0.1735956842
C000526,3,0.0318033157315,0.0210260135479,0.0210260135479,0.0171360480702,0.0210260135479,0.111909311168,0.0130167452114,0.763056539175
C000529,3,0.717371474015,0.0188916586015,0.0188916586015,0.0153965643171,0.0188916586015,0.0187134481768,0.0194817797326,0.172361757954
C000530,3,0.0087379707322,0.0295480701532,0.120574944534,0.0286734301416,0.329246493475,0.0321190670981,0.0195581419789,0.431541881887
C000531,4,0.00958954251269,0.4691903204,0.27280244898,0.00973963556,0.0099757394704,0.159817617572,0.0100633849786,0.058821310526
C000532,3,0.436874934802,0.00760397141941,0.00760397141941,0.453229976662,0.00760397141941,0.00753224097982,0.00747341902567,0.0720775142724
C000533,2,0.114632234564,0.0158375333047,0.0158375333047,0.00966104983951,0.00509590544664,0.502676726428,0.0178476816935,0.318411335419
C000534,2,0.34108806447,0.00407042163044,0.314854704203,0.00372893417478,0.29986085796,0.00310530364057,0.0168754300583,0.0164162838633
C000535,2,0.609575721896,0.00883633197545,0.283548918553,0.00988957400966,0.0140553402592,0.00665176741701,0.0084623893104,0.0589799565789
C000536,3,0.0090843437817,0.0044423975609,0.440706097244,0.00959374864209,0.00972110357563,0.0283946252564,0.422451425954,0.0756062579852
C000539,1,0.00193325531052,0.0142546511928,0.0100978111551,0.00273691430246,0.0041061586536,0.00177382024779,0.00230940111646,0.962787988021
C000540,1,0.0221724536712,0.0243188963712,0.132428500977,0.0813423326222,0.0243188963712,0.0228632727681,0.123473977422,0.569081669797
C000541,4,0.355560961081,0.0129673443749,0.0154321359068,0.0167081413119,0.0154321359068,0.337245425543,0.0135081717638,0.233145684111
C000542,4,0.0170605896821,0.0153116879994,0.770454849088,0.013348457376,0.0173328521764,0.0164343717512,0.0237791470304,0.126278044896
C000543,4,0.00975726622151,0.312819811603,0.0101502178691,0.537925062595,0.0101502178691,0.00962406256739,0.012208023924,0.0973653373503
C000544,0,0.0119980745326,0.0144591789762,0.0282163085342,0.0126329678704,0.0144591789762,0.554986768364,0.0266460014263,0.33660152132
C000545,4,0.00576977694985,0.020756385476,0.20094228635,0.0202651272799,0.398237822146,0.167659755263,0.0244161995969,0.161952646939
C000547,2,0.48885296445,0.0189377220279,0.244938213968,0.0173489444765,0.022486236254,0.00790174872566,0.0218580942512,0.177676075847
C000548,3,0.0131702799819,0.0107561148476,0.0107561148476,0.0553203341449,0.13627038869,0.0336732571337,0.0121433639731,0.727910146381
C000549,3,0.114107021012,0.00810615533128,0.00810615533128,0.00660645761999,0.328677722064,0.381237186991,0.012210448076,0.140948853575
C000550,3,0.0313122325379,0.0310507615859,0.0310507615859,0.0253061447878,0.0310507615859,0.029971927653,0.0515948978613,0.768662512402
C000551,1,0.00994075551764,0.226765809477,0.382792913994,0.305133415465,0.010851011779,0.010297361701,0.00958137534574,0.0446373567208
C000552,4,0.0104918033032,0.0109143367568,0.0109143367568,0.0786002588428,0.0109143367568,0.0110701961343,0.0119096315834,0.855185099866
C000553,2,0.0209241277648,0.00955098792972,0.0800514758287,0.0475998207335,0.00904149776315,0.043251513163,0.00796875861787,0.781611818199
C000554,3,0.00302438472314,0.208988034033,0.0052328699585,0.00375525931354,0.00382825652491,0.212683387096,0.541902924807,0.0205848835432
C000555,4,0.384677860287,0.0285973977912,0.0285973977912,0.0228641320579,0.0584145000896,0.0271149988262,0.0276476069616,0.422086106196
C000556,1,0.00538811317181,0.00938104221985,0.172634455363,0.00826123519145,0.00938104221985,0.716029266182,0.0197301151704,0.0591947304815
C000557,4,0.0415751886063,0.0202733219678,0.0351090066591,0.521000062948,0.0202733219678,0.0383944721216,0.0301237222229,0.293250903506
C000558,1,0.0241114494964,0.0307826810531,0.0297708823892,0.0271081786057,0.0307826810531,0.029406659242,0.0365180788477,0.791519389313
C000559,2,0.00802897328701,0.00972822705102,0.00972822705102,0.631500550742,0.0114492765613,0.238216640998,0.0381362917159,0.0532118125938
C000561,2,0.0338432352449,0.0390423454183,0.0390423454183,0.0357668932882,0.0390423454183,0.0327014589936,0.0367545254959,0.743806850722
C000563,2,0.00600134149038,0.00638296194223,0.00638296194223,0.778868956598,0.00638296194223,0.147072502913,0.00722656483817,0.0416817483333
C000564,3,0.00501762280469,0.00488407528562,0.00488407528562,0.039568480836,0.833340228493,0.00483800240502,0.0798070334894,0.0276604814002
C000566,0,0.0353535646148,0.0324497144281,0.062914515273,0.0332648485862,0.054082498129,0.0347931981073,0.0609449235155,0.686196737346
C000567,2,0.84871980157,0.0112732923526,0.0114749697713,0.0103275210611,0.0112732923526,0.00848624960694,0.0112408509222,0.0872040223632
C000568,4,0.0371254039535,0.370834340118,0.144477228114,0.0149588424718,0.0553507362387,0.0150229430586,0.00776094762535,0.35446955842
C000569,1,0.00574688171083,0.0824548268397,0.00934210748258,0.467829803345,0.296334717988,0.0418641130852,0.00678248177307,0.0896450677756
C000571,0,0.319249043144,0.0307807926545,0.0307807926545,0.0168138299802,0.0462556925421,0.0253231589228,0.0417125271238,0.489084162979
C000577,3,0.00808552818087,0.0233535438177,0.0038912751086,0.00671981218595,0.00659758869378,0.0235224507669,0.00801120925993,0.919818591986
C000579,2,0.0102066182367,0.748145836519,0.00952052416304,0.0788683867202,0.00221038501875,0.0118744087272,0.0130103210496,0.126163519566
C000580,3,0.700436245796,0.00653116574109,0.00653116574109,0.0401626473282,0.140084413762,0.00638634822937,0.0101706820484,0.0896973313538
C000582,1,0.00268345811424,0.00962976024088,0.0691414718879,0.00345232978433,0.809770729755,0.00500940444443,0.0133028976061,0.0870099481667
C000583,0,0.00505409965853,0.541321032532,0.00611358263268,0.00524476960856,0.00510954954277,0.0899579879516,0.314826960575,0.0323720174997
C000586,0,0.0129972208231,0.0153670752452,0.0153670752452,0.0131832305313,0.268832026297,0.0153670752452,0.554434201602,0.104452095012
C000587,1,0.00423624970382,0.206386634737,0.0152783344246,0.0061613853812,0.0874618668458,0.621134454626,0.0087176990115,0.0506233752702
C000588,1,0.470792189446,0.0182623676012,0.0172719396184,0.019608611836,0.0182623676012,0.0244562799519,0.0254513215119,0.405894922434
C000592,0,0.00568077143404,0.00693367967332,0.0246064541269,0.33101497688,0.517503671273,0.0619700302708,0.00781302927005,0.0444773870716
C000594,4,0.176954157835,0.0620334311385,0.0551052772493,0.00780811778416,0.00673237002967,0.0185879463473,0.0129597615975,0.659818938019
C000595,1,0.0163158281169,0.0128404000287,0.161716890445,0.23169974493,0.0108088743679,0.0671859467328,0.0371101502346,0.462322165144
C000596,1,0.706280456734,0.0151405441002,0.0143194228261,0.0162566573365,0.0151405441002,0.0143680296478,0.0202934122417,0.198200933014
C000597,0,0.751481197878,0.00652411131389,0.148414430742,0.00570010847411,0.00652411131389,0.00652411131389,0.00318481641337,0.0716471125509
C000599,2,0.0132524462289,0.0148302570317,0.39712128687,0.222063926572,0.0148302570317,0.0113139265,0.0258871851826,0.300700714582
C000600,2,0.0660479234106,0.0107587486674,0.0140866102017,0.00985614494665,0.0169843523561,0.00809891412321,0.748889602691,0.125277703603
C000602,0,0.0192270780427,0.00454290708866,0.0290228763329,0.0039812253313,0.00865478921425,0.00980433796728,0.00458503085462,0.920181755168
C000604,3,0.00675169935778,0.00365267009598,0.00874608141763,0.0453487326449,0.00201304093465,0.0126851314353,0.00657959476861,0.914223049345
C000605,1,0.094612079337,0.00939905680537,0.00888931518393,0.66907273544,0.031097107598,0.0898141914812,0.0150083260962,0.0821071880587
C000606,1,0.00853668544221,0.00561415345875,0.00537837818963,0.00820604731641,0.00553402429832,0.00866452351304,0.801995822231,0.15607036555
C000607,3,0.508681663964,0.011924570826,0.011924570826,0.0115715966144,0.00812363248673,0.0115102611284,0.0130621305809,0.423201573573
C000609,2,0.914951000234,0.00311152778937,0.0176433886072,0.00285048659893,0.00311152778937,0.00240932702244,0.0437813792311,0.0121413627279
C000612,3,0.00702046377584,0.640419537041,0.268693957851,0.00614119145007,0.00753527149903,0.00746418912545,0.0128566315092,0.0498687577482
C000615,3,0.00759852319748,0.102434952415,0.00815571978047,0.00664685228548,0.00815571978047,0.464729732709,0.367873628883,0.0344048709488
C000617,0,0.00215883636288,0.00243532855065,0.00309964324805,0.00208923931134,0.00243532855065,0.00313209581218,0.017716513612,0.966933014552
C000618,2,0.00667430804982,0.00768668835915,0.00796167664362,0.00704181471004,0.00768668835915,0.882060989245,0.0108013782356,0.0700864563974
C000619,4,0.00496477071018,0.0335785104469,0.0656788988369,0.0930181367994,0.0201104881043,0.222257326876,0.0397026826923,0.520689185534
C000620,2,0.00733234425827,0.0133981827538,0.60620903159,0.0122741440781,0.103203362336,0.0113575671835,0.132304903688,0.113920464112
C000621,2,0.00668687460848,0.00746044602801,0.0241538938622,0.00683455294776,0.00746044602801,0.00561603524442,0.876703009077,0.0650847422044
C000622,0,0.0489215942697,0.020260584689,0.0439675615136,0.0631888523904,0.374097521332,0.020260584689,0.311595174033,0.117708127084
C000624,4,0.017597958775,0.368256669231,0.0183066764361,0.0178733974891,0.0177683357725,0.0173577160307,0.0231458015166,0.519693444749
C000626,1,0.355980991869,0.00534622695827,0.00505628356771,0.00470805239483,0.00534622695827,0.0557217209429,0.541001118852,0.026839378457
C000627,4,0.00392063610992,0.00208333377809,0.00208333377809,0.00635157411169,0.00138995252767,0.00107522693826,0.00212481452435,0.980971128232
C000628,1,0.0142331692875,0.139571764216,0.00621616202684,0.00578804889505,0.606505565738,0.0356854492555,0.00986411126556,0.182135729315
C000629,2,0.484341220495,0.364221613337,0.0068440254436,0.0322337718811,0.0068440254436,0.00515200940542,0.00921961096113,0.091143723033
C000630,1,0.0116749647803,0.0127440193178,0.0120528694285,0.0114841243584,0.0127440193178,0.0750975687176,0.461697585663,0.402504848417
C000631,2,0.0266725782966,0.0545211726146,0.519482268636,0.0171275261223,0.103195872018,0.0151529625408,0.0304046036918,0.23344301608
C000633,1,0.0145128107474,0.752346653284,0.0109541195647,0.0140176603827,0.0230188567888,0.0148008344701,0.0392078752155,0.131141189547
C000635,4,0.0151938847695,0.0102519360059,0.0181530201601,0.0268866937839,0.00270267878478,0.00705179958382,0.111319689701,0.808440297211
C000636,2,0.0267678514037,0.00267749873003,0.945598207972,0.00245287034706,0.00267749873003,0.00204264995346,0.00280112556116,0.0149822973022
C000637,1,0.00275523384688,0.118084581308,0.356816773766,0.0326737059035,0.0513517046697,0.00839229675678,0.0138924297501,0.416033273999
C000638,0,0.200255396889,0.380334349886,0.00639132455061,0.00548304108663,0.00445346318639,0.371212356227,0.00587456666389,0.025995501511
C000639,4,0.0088404446884,0.0106533782223,0.0136991959797,0.0824740053056,0.0305563151536,0.024299858022,0.010686472947,0.818790329682
C000640,2,0.00780220216062,0.00790632761382,0.858094705332,0.00724302736004,0.00790632761382,0.00595168363479,0.00872423640765,0.0963714898775
C000641,4,0.00296155977036,0.055526366193,0.0160976652166,0.214807930094,0.623946438089,0.00395621421421,0.0489987514821,0.0337050749411
C000644,3,0.142046011482,0.0128004350712,0.0128004350712,0.0150535668264,0.0128004350712,0.116711057718,0.630152747561,0.0576353111995
C000645,4,0.208809310667,0.200426158739,0.489002907502,0.0112976408265,0.0115657607549,0.0132020777159,0.0111915328291,0.054504610966
C000647,0,0.201143256423,0.0160999100543,0.0793639277189,0.529629423631,0.0160999100543,0.0160999100543,0.0191836612268,0.122380000837
C000648,2,0.0180124897593,0.0835721769439,0.0191640070116,0.0175562453129,0.71654639024,0.0146201219785,0.0234983405766,0.107030228177
C000649,4,0.00445333087337,0.762184529825,0.00463267861938,0.114625918423,0.0843304607813,0.00439253516155,0.00430521233079,0.0210753339857
C000650,3,0.0013967327995,0.0070170213301,0.0250036840728,0.0161692271925,0.0380763590381,0.0148008498976,0.0192430384333,0.878293087236
C000651,4,0.00381457408758,0.00772221363046,0.00727695806813,0.00710472840427,0.00131860667601,0.404041624071,0.534461400596,0.0342598944665
C000652,3,0.063424151102,0.011216533735,0.129379502868,0.0767224139509,0.011216533735,0.254354978859,0.392650927336,0.061034958415
C000654,2,0.0139250313982,0.0323572708552,0.0323572708552,0.0296426621243,0.463087061309,0.0997906139737,0.0290532209174,0.299786868567
C000657,0,0.0246993063204,0.0297959868717,0.0297959868717,0.0260327191077,0.0297959868717,0.0297959868717,0.500931455486,0.329152571599
C000660,3,0.00308612479805,0.00771707967544,0.0076061124273,0.00201659757683,0.00287392056597,0.0028468100504,0.00318001964423,0.970673335262
C000664,1,0.0101054917813,0.392827976729,0.0178300847725,0.0952941042124,0.0231738599612,0.0783717661671,0.0319538967308,0.350442819646
C000665,2,0.0152860110612,0.0185605438965,0.0128867452919,0.522086601223,0.0185605438965,0.0141597430845,0.0312940284495,0.367165783096
C000666,1,0.0118230594497,0.811896488322,0.0122057577453,0.011365135324,0.0129056747373,0.0122471897986,0.0156445371903,0.111912157433
C000667,4,0.764346606404,0.00302341853046,0.0763163114527,0.120797407315,0.00219186296729,0.00286669404339,0.00695910123691,0.0234985980506
C000668,4,0.00943821326216,0.00981831577938,0.00981831577938,0.0170634156677,0.544824821433,0.00930936523584,0.327507926996,0.0722196258467
C000669,3,0.00956081287855,0.0102619033573,0.0102619033573,0.0105247247434,0.497541948383,0.0101650998847,0.012746164613,0.438937442782
C000670,0,0.00316641146885,0.00374376060554,0.125770814939,0.00367511062551,0.00374376060554,0.00374376060554,0.815742729981,0.0404136511692
C000672,3,0.418722653753,0.00564332324272,0.00564332324272,0.00459926738574,0.00564332324272,0.00529665239412,0.505993634804,0.0484578219352
C000674,2,0.0193362261064,0.893519255204,0.0415835623311,0.0116423286256,0.00198254388487,0.00344737388184,0.00453288831367,0.023955821653
C000675,0,0.0102339316391,0.0123456946041,0.0123456946041,0.0110186798052,0.00712656834873,0.0123456946041,0.801061062304,0.133522674091
C000677,2,0.0338432352449,0.0390423454183,0.0390423454183,0.0357668932882,0.0390423454183,0.0327014589936,0.0367545254959,0.743806850722
C000678,4,0.0267361416923,0.014856529645,0.014856529645,0.658400740708,0.152474256195,0.0140864139746,0.0142983270767,0.104291061063
C000679,0,0.270369085882,0.00872991317842,0.00492386741619,0.272774236464,0.00304685922274,0.0239264902117,0.363846396692,0.0523831509325
C000680,4,0.130116957329,0.529498184977,0.0115987837465,0.140162653099,0.0115987837465,0.0741395768198,0.012463471039,0.090421589244
C000681,1,0.138614830079,0.0211660012912,0.151963295486,0.0673861993795,0.0117907352677,0.0196808287296,0.211034983777,0.37836312599
C000682,4,0.309822350071,0.234968979326,0.31031020034,0.00807902482883,0.0451584968552,0.00961152445062,0.00585029980621,0.0761991243219
C000683,3,0.221342187677,0.333122722367,0.010321890716,0.00841226583829,0.0369900419748,0.00968781422244,0.336796600505,0.0433264766991
C000684,3,0.396424147799,0.0254133826419,0.00417365372267,0.52908263177,0.00417365372267,0.00413428245209,0.00602667613479,0.0305715717566
C000687,1,0.0167031587188,0.00538296517217,0.00515067058954,0.00657428535885,0.83446758277,0.0069415941533,0.0566075200238,0.0681722232133
C000688,2,0.00455260628283,0.0346969348987,0.0104473143643,0.00652375976939,0.00610865128675,0.0071399855182,0.0137703618113,0.916760386069
C000694,1,0.00538017557828,0.0603804462565,0.0122579348465,0.0114137189374,0.027249972296,0.0127849388374,0.0179822839759,0.852550529272
C000696,3,0.00411277522117,0.00440105690285,0.59302112763,0.00358682935665,0.339447399216,0.0041306988061,0.00779893534761,0.0435011775192
C000699,2,0.00778117130405,0.0669711847516,0.00886323531727,0.122921344158,0.00870746022976,0.00655475602344,0.736428545525,0.0417723026913
C000700,1,0.00942302879035,0.0108695372987,0.073739795337,0.00957204987917,0.442833230724,0.27663640981,0.0137415032701,0.163184444891
C000701,2,0.01288010612,0.44996974986,0.0147251466905,0.0101300526701,0.328551285751,0.0112337383636,0.0156545256485,0.156855394896
C000702,1,0.00338647180657,0.00313847968966,0.0415561848897,0.00276384203932,0.00313847968966,0.00318555206011,0.00779955499031,0.935031434835
C000704,3,0.104753667744,0.0197622891721,0.0175847620417,0.0188962532188,0.359237357759,0.21967331401,0.0156064621733,0.244485893882
C000705,4,0.0193949480601,0.00674524142026,0.0197044635595,0.0192381020519,0.397606782629,0.13888793339,0.0274989698897,0.370923559
C000706,3,0.0160061351688,0.331672118025,0.00826161696677,0.0353175691084,0.00826161696677,0.477630377852,0.0387932645387,0.0840573013735
C000707,1,0.00443356301642,0.00483953603213,0.00457707214931,0.00426184473345,0.00483953603213,0.930593421489,0.00575374559094,0.0407012809567
C000708,1,0.00753651157075,0.00336993250886,0.00397896219565,0.706510450608,0.0224737422388,0.0039119234334,0.199901573017,0.0523169044276
C000709,2,0.00489677364413,0.00549083317453,0.227005890897,0.00558430531153,0.0060957035082,0.63840631748,0.00495417911549,0.107565996869
C000710,4,0.151746457948,0.030217268169,0.030217268169,0.0295020915952,0.0295475599828,0.172421130229,0.0404383530428,0.515909870864
C000711,4,0.0249792399994,0.00686799959436,0.122577666288,0.248891560817,0.00287114597286,0.0242016510591,0.531655423748,0.0379553125208
C000712,3,0.246958803713,0.00906871984741,0.00973394182678,0.00793309177113,0.642448079503,0.0109764149316,0.0129300457441,0.0599509026633
C000713,0,0.00457190255153,0.0144249919943,0.00541191143556,0.467867064311,0.0882760563117,0.393020164593,0.00687198891411,0.0195559198892
C000715,4,0.00709659159733,0.255369739547,0.0356649893461,0.0238783341774,0.0135779879287,0.0181008457314,0.0261266821785,0.620184829494
C000716,1,0.00946415209895,0.851882353293,0.00935006525297,0.00870611715435,0.00988622774963,0.00937398924826,0.0202379101053,0.0810991850977
C000717,4,0.0173247980982,0.029102394294,0.486020103772,0.0284136043436,0.029102394294,0.027593817902,0.0258834089767,0.356559478319
C000719,1,0.217526849399,0.00424298349012,0.0336723155033,0.0109588423792,0.118230740073,0.00749857937188,0.546156633357,0.061713056426
C000720,2,0.386916049868,0.0192332958107,0.258118606847,0.017619721138,0.00763481237967,0.0144783390609,0.0243675817197,0.271631593177
C000721,1,0.00560737064403,0.00615020185089,0.00765663899868,0.00541605748854,0.0178144428939,0.0163089176462,0.00532217647991,0.935724193998
C000724,2,0.00774932563424,0.0157888637783,0.0096794949914,0.782157938188,0.0698851351745,0.00804312176646,0.0101628135856,0.096533306882
C000725,3,0.0307956074321,0.015756959926,0.015756959926,0.0128418077025,0.11171696414,0.681039832307,0.0214820479396,0.110609820627
C000728,0,0.00966763756104,0.157485327106,0.689968626581,0.0116751372483,0.0114303908401,0.0114303908401,0.0257997466871,0.0825427431365
C000729,4,0.0148545855651,0.0332417961024,0.0738292825706,0.0271979370841,0.0264589092562,0.0291380722941,0.0370025343749,0.758276882753
C000732,3,0.0150890650768,0.0220358109464,0.0163015814501,0.0179590256034,0.0220358109464,0.0112413882057,0.02274942285,0.872587894921
C000734,0,0.0110376005086,0.0133151998515,0.0133151998515,0.0119265106997,0.0133151998515,0.0133151998515,0.79589569332,0.127879396065
C000735,4,0.00628739024272,0.00723298560773,0.675494563739,0.00706179667573,0.00723298560773,0.00685805043156,0.248348649613,0.0414835780824
C000737,4,0.0645025182104,0.00489091813433,0.229356693558,0.00477516081124,0.00489091813433,0.6632287683,0.0052039452583,0.0231510775936
C000738,2,0.0149881924223,0.0316395912041,0.0316395912041,0.0289851921075,0.0316395912041,0.0286654338517,0.0392640322286,0.793178375778
C000739,3,0.0299326692216,0.772964926633,0.0156126640182,0.0127242075875,0.0291026340312,0.0170151279526,0.0212968367114,0.101350933844
C000741,1,0.00524240830448,0.0520242063454,0.00543807232819,0.00479302220993,0.0060982940744,0.783049629525,0.101518279191,0.0418360880216
C000743,1,0.00363435377827,0.0104216627595,0.00270005156983,0.00270091846734,0.00285488111932,0.00158017061687,0.00320507544582,0.972902886243
C000746,0,0.0138882015036,0.0214355639306,0.0113410760947,0.0369640742487,0.0595106127447,0.0216103055344,0.129361479038,0.705888686906
C000747,4,0.0180270293133,0.0183147147953,0.753832020467,0.017881245598,0.0183147147953,0.0197560602408,0.0189748301686,0.134899384622
C000748,2,0.00747092280972,0.03693023269,0.0190324327967,0.119024376022,0.611742033016,0.0321774989402,0.0109901961289,0.162632307596
C000749,3,0.596213247828,0.00656532829854,0.290873060616,0.00939901110512,0.0115326319128,0.00674690748067,0.0205502470184,0.0581195657412
C000750,3,0.0100770080843,0.00353184640473,0.0158073408118,0.00287842912448,0.00596238387529,0.00223361453184,0.00406303232303,0.955446344845
C000752,3,0.0178591625937,0.0553697632052,0.0303259792048,0.026553067188,0.0503770486476,0.00809426250672,0.0311601906082,0.780260526046
C000754,2,0.00811434950695,0.0770566564537,0.00639693393256,0.00388236348164,0.00423790165023,0.00323307328273,0.859796780093,0.0372819415992
C000756,0,0.016338535373,0.019709978052,0.019709978052,0.0172205849216,0.55854434854,0.019709978052,0.019654655817,0.329111941192
C000757,0,0.105507187014,0.0160286251978,0.0160286251978,0.0623096440698,0.149742276981,0.0908849261846,0.016452329097,0.543046386258
C000758,4,0.0061859417334,0.00643506643094,0.00643506643094,0.00628276249873,0.0046139221242,0.00885631848357,0.00745109595323,0.953739826345
C000759,2,0.387340098264,0.00952863989228,0.203418691193,0.00872923597589,0.0320170116722,0.0074873128276,0.00933781073235,0.342141199443
C000761,3,0.771813489347,0.00691891478855,0.00691891478855,0.147543952834,0.00691891478855,0.0068536466843,0.00774445308019,0.0452877136884
C000763,4,0.600221572213,0.00811481192655,0.00811481192655,0.00792275209643,0.00811481192655,0.00754626484073,0.325520439383,0.0344445356876
C000764,2,0.00721313508033,0.0229814840555,0.751475105497,0.0165280374811,0.00766282901436,0.014499357078,0.019397321816,0.160242729978
C000765,0,0.278537401864,0.0197263696037,0.0197263696037,0.0326345771067,0.0133945236605,0.0197263696037,0.0249228322017,0.591331556356
C000766,1,0.0171288488117,0.0225980230553,0.021372458283,0.0199005162695,0.0225980230553,0.0210123686217,0.242355282173,0.63303447973
C000769,3,0.0504340931382,0.0155012802568,0.0858811588147,0.0880483618672,0.0155012802568,0.0425054417518,0.0184142865365,0.683714097378
C000770,4,0.0104460160646,0.0658845909417,0.0928400804038,0.0454263752498,0.0296059118882,0.00555837385765,0.0155980874312,0.734640564163
C000771,2,0.00901780811702,0.00913815662091,0.00913815662091,0.00837151224418,0.00913815662091,0.00697145249298,0.862435993668,0.0857887636151
C000772,0,0.00879740511453,0.0104978915149,0.276719779737,0.136587441539,0.0107361283131,0.00911547340902,0.501024848356,0.0465210320166
C000773,3,0.0729044305526,0.176991509474,0.662786140154,0.00569543282578,0.0246565875671,0.00692240066256,0.0106318225081,0.0394116762553
C000775,4,0.0213288200406,0.0264643239948,0.0264643239948,0.0258379713921,0.0264643239948,0.0250924968522,0.0250737619702,0.82327397776
C000776,0,0.00713276079084,0.0226674893667,0.00808594647852,0.167999985961,0.00866141273029,0.00866141273029,0.115016250978,0.661774740964
C000778,2,0.792032190507,0.00295391426171,0.00595779218586,0.00545796404037,0.00595779218586,0.152984166423,0.00792211785558,0.0267340625414
C000780,2,0.00767294266177,0.0133585968243,0.0907478873682,0.387483369147,0.00937882736971,0.0633211291161,0.0153108940117,0.412726353502
C000781,3,0.00629841999397,0.00615552217574,0.360426775313,0.543663965793,0.0067602805434,0.00421153608647,0.00933597536888,0.0631475247252
C000783,3,0.0751745411051,0.0251875292241,0.0751812539738,0.0212061034503,0.0274400411605,0.0244215761314,0.0261826669618,0.725206287993
C000785,0,0.00795979009233,0.00497236160386,0.00293339144341,0.0150634647127,0.00359636332305,0.00456759581007,0.00371934773937,0.957187685275
C000786,4,0.00350948872542,0.0252321455443,0.686552084537,0.0246349559076,0.0256201804577,0.0100136109333,0.030119685425,0.19431784847
C000787,2,0.010780646834,0.00809885703571,0.0124698537302,0.0112229208088,0.660773614499,0.00934598874959,0.0152042513526,0.27210386699
C000788,4,0.0105378702054,0.0152324989118,0.0159404169487,0.0148719790156,0.0608672330737,0.0144428941797,0.725544593378,0.142562514288
C000791,0,0.00834617055026,0.648400865714,0.024329967239,0.00880404512046,0.00699996640296,0.00561882133205,0.0106402869116,0.286859876729
C000792,3,0.0231071692088,0.0435423622651,0.0245205916122,0.355515843071,0.0245205916122,0.167665579014,0.0391009054972,0.32202695772
C000793,4,0.00876327942698,0.0215481097773,0.00911620052303,0.00490996769948,0.00911620052303,0.00864364542138,0.815890282356,0.122012314273
C000794,4,0.0108848905998,0.144808519172,0.0113232547479,0.00971251676065,0.721546521666,0.0107362929117,0.0296497407029,0.061338263439
C000795,1,0.00562261906618,0.144052184775,0.0164700495518,0.0120149669822,0.177595186939,0.56236602221,0.016624293569,0.0652546769076
C000797,2,0.0222073252262,0.0151689917571,0.320048592139,0.0138963913067,0.473079397766,0.0331097646446,0.0206015391334,0.101887998027
C000799,1,0.0211385975173,0.0231849559854,0.0219275599188,0.0170012860482,0.0186703980114,0.0215581177367,0.0302501611609,0.846268923621
C000800,1,0.0161513617437,0.0111384071553,0.01053433487,0.00980882496969,0.612791435868,0.216912013167,0.0179646021563,0.10469902007
C000802,1,0.00682009667431,0.481281261225,0.00560732793071,0.289195110339,0.00636234922352,0.139066451476,0.00778827431378,0.0638791288167
C000803,3,0.0126291634948,0.654769144134,0.164660212998,0.00585691507917,0.0226168656186,0.00811570779892,0.0287660926384,0.102585898238
C000804,3,0.739136315368,0.0172895734558,0.00953871988396,0.00777398730803,0.103360238486,0.0102564791059,0.0144352785022,0.0982094078902
C000805,1,0.0163457404401,0.772501727774,0.00550760412629,0.00512829006707,0.136218815093,0.00582691849926,0.00902845719022,0.0494424468094
C000806,3,0.00450625556001,0.00594196128866,0.0153367985852,0.00427085403329,0.284311945238,0.58016478255,0.0194921648122,0.0859752379326
C000807,1,0.207404359473,0.00734462549469,0.00694630240908,0.00476652819566,0.0456716489917,0.00803567233332,0.00902119331983,0.710809669782
C000808,4,0.0072259369297,0.059105978484,0.00666191075623,0.00733903543174,0.0020317253776,0.0424400341217,0.01643656931,0.858758809589
C000810,3,0.00539100391415,0.00612386265322,0.00846233406901,0.00323527543501,0.00612386265322,0.00377849491394,0.896980192156,0.0699049742059
C000811,2,0.0495096439905,0.1473495107,0.0308840896652,0.0364642417981,0.0146813645583,0.0253225306613,0.0322788169759,0.663509801651
C000815,4,0.00997725018117,0.00638602056805,0.0103790611811,0.0644688416566,0.00662199973909,0.0354982717549,0.00988119441034,0.856787360509
C000818,1,0.0150807570152,0.0113140028942,0.0107004074772,0.00996345999468,0.5667734188,0.0107199481221,0.0168412296785,0.358606776018
C000819,1,0.401014152731,0.00676366980104,0.532750173895,0.00595629629142,0.00676366980104,0.00377461376636,0.00933216766102,0.0336452560531
C000821,3,0.00400185472956,0.00430978185233,0.125974113277,0.825964683675,0.00370890771595,0.00426912644613,0.00426717700041,0.0275043553037
C000822,4,0.018445564028,0.00367135755714,0.00367135755714,0.0131143977192,0.00553196128581,0.0193241788725,0.00458366224266,0.931657520738
C000823,2,0.1396684906,0.199498912823,0.00551345504322,0.00505090450041,0.00551345504322,0.0103843236872,0.610727857795,0.0236426005068
C000825,0,0.0035210127468,0.0103022465041,0.512388451329,0.0107350378467,0.00678240451636,0.0123008233105,0.01439091278,0.429579110966
C000826,0,0.507867425592,0.121263634253,0.0809699739655,0.00767469899276,0.00914905704167,0.240972320085,0.00884625610862,0.0232566339614
C000827,4,0.00214892835464,0.00125324726488,0.00642394270638,0.00147197950922,0.00223547154393,0.00155026654575,0.00224277426139,0.982673389814
C000828,0,0.0143372610528,0.00639040191837,0.189868017244,0.551836182321,0.00384333611785,0.00357270257042,0.2021963215,0.027955777275
C000829,4,0.0260670256309,0.0271168156476,0.0271168156476,0.0264750199962,0.0271168156476,0.0275664582715,0.0256919685941,0.812849080564
C000831,0,0.00133411860901,0.0566285459156,0.576852673225,0.110961029886,0.00471692091934,0.212066544495,0.0028556934266,0.0345844735239
C000832,3,0.00529830872927,0.00447070811498,0.00519124526049,0.0214526217324,0.00699085188737,0.0056734735034,0.0313144124644,0.919608378308
C000835,1,0.396505104241,0.0111551300417,0.0105501508196,0.0382930149039,0.0253321353915,0.210599790613,0.149355822522,0.158208851467
C000836,4,0.29696531743,0.0134136548541,0.0147680762013,0.0144185481737,0.0147680762013,0.0140025456787,0.539178665885,0.0924851155767
C000837,4,0.00571614251019,0.00465952299374,0.0760433409887,0.00435980598738,0.306468177464,0.544621375367,0.0304271461072,0.0277044885815
C000838,4,0.128468476061,0.00758311548606,0.00457897693566,0.407731161134,0.0458951003981,0.365006240861,0.00818109810207,0.0325558310222
C000840,0,0.00389378844765,0.00739423987836,0.00739423987836,0.00657194718353,0.877599939734,0.00739423987836,0.0073626131549,0.0823889918447
C000841,0,0.454888722008,0.128611832006,0.02623527225,0.0343749526295,0.0177219216662,0.0934974446544,0.0216623362212,0.223007518565
C000842,2,0.00721890886573,0.00780750756652,0.00780750756652,0.408187110533,0.0218254684001,0.400777041096,0.0100946865589,0.136281769413
C000843,0,0.0227172576809,0.0240785100295,0.0240785100295,0.0210135297398,0.0845048359866,0.0240785100295,0.0393460631206,0.760182783383
C000844,1,0.178094793087,0.191440991073,0.0125946756606,0.222225355598,0.107833548506,0.0214752248427,0.0240991023165,0.242236308916
C000845,2,0.0114118659166,0.290421125427,0.0129679826299,0.0118800355336,0.00801634046539,0.0256582326421,0.486905608069,0.152738809317
C000849,0,0.0089616868388,0.0107525836816,0.455237572089,0.00928268314437,0.431591545442,0.0108203895865,0.00918837728909,0.0641651619285
C000850,1,0.00907472981358,0.00995322471775,0.00941342875617,0.725970141555,0.00995322471775,0.00944538233827,0.0116453773559,0.214544490746
C000851,4,0.018008148253,0.353246070608,0.00958540297273,0.0100790142125,0.00562391769831,0.542223487243,0.00978613201942,0.0514478269928
C000853,4,0.0318609198217,0.0319444194372,0.463388433338,0.05339648448,0.0385056816025,0.0303386676583,0.01966696727,0.330898426393
C000854,3,0.00495425291736,0.339124891041,0.190314724484,0.00606549925743,0.00855346496267,0.317807538661,0.081352793317,0.0518268353604
C000856,4,0.0663249667763,0.0184431619856,0.0216308544845,0.0273391061764,0.0216308544845,0.0769968732463,0.0271516041323,0.740482578714
C000857,2,0.472290650929,0.0242959654915,0.0125264582927,0.0114755528192,0.0125264582927,0.0106328408086,0.395065881052,0.0611861923142
C000858,0,0.345438452801,0.0074991860094,0.0074991860094,0.573453610862,0.0074991860094,0.0074991860094,0.00924589401499,0.0418652982839
C000859,4,0.0121846251258,0.0123790742329,0.159984464,0.705208358213,0.0123790742329,0.0211832539464,0.0113701716568,0.0653109785925
C000860,1,0.162491751814,0.0122746595205,0.0600083134051,0.00886986546095,0.195902187856,0.0217060479324,0.0308871471543,0.507860026857
C000862,4,0.00988344315233,0.0102814762881,0.0102814762881,0.157418763156,0.0102814762881,0.735103503849,0.00858682901026,0.0581630319685
C000864,4,0.492801210244,0.0163713243381,0.0122038374237,0.11006735747,0.0116356143805,0.00655319634697,0.214948014289,0.135419445507
C000865,4,0.00372767610095,0.00430822568397,0.00338207566837,0.00420625941531,0.00522441713923,0.00620523783886,0.00530029001346,0.96764581814
C000866,0,0.00612277584397,0.642548788494,0.011690908831,0.0109272799842,0.0471632290577,0.014169078061,0.105991160448,0.161386779279
C000868,1,0.0211966477288,0.023248625848,0.0219877767563,0.0282214509222,0.023248625848,0.0170696549005,0.0270756614179,0.837951556578
C000869,0,0.0746894264942,0.0288996958028,0.0432630491313,0.0196875337399,0.0288996958028,0.0288996958028,0.0445301069365,0.73113079629
C000873,1,0.0357274525948,0.0134764937238,0.0127456193494,0.0118678161338,0.0134764937238,0.0125308772878,0.766998609491,0.133176637695
C000874,3,0.0131567421242,0.524064690892,0.0933524182723,0.1340350848,0.0084215444105,0.0135358673315,0.0283115000747,0.185122152095
C000875,4,0.00694470203931,0.741176966346,0.00734212835669,0.00716835625481,0.00688323368215,0.00466810333727,0.00618648569406,0.219630024289
C000877,1,0.00719306778502,0.0199670281893,0.0036406386184,0.00338990429167,0.00293348727951,0.772874125523,0.166774317281,0.0232274310325
C000878,4,0.0364915706786,0.00484786567714,0.00484786567714,0.00388323776556,0.00484786567714,0.682800503133,0.237059816234,0.0252212751577
C000880,4,0.00617913557332,0.00697886271694,0.00697886271694,0.00681368831734,0.00697886271694,0.00878591879537,0.899381427371,0.0579032417918
C000881,3,0.00750699216733,0.00751678941618,0.00638410905718,0.00680934407277,0.39221014488,0.0363992568415,0.487522905351,0.0556504582146
C000883,0,0.0122804636817,0.0127781230547,0.0935219228575,0.0126682242009,0.0147667564529,0.0738453506363,0.701886042509,0.0782531166066
C000885,3,0.308878397656,0.00402358609632,0.00402358609632,0.0593871755385,0.315888350681,0.27820979122,0.00291181198449,0.0266773007264
C000886,2,0.00345111248494,0.191404860368,0.00275798901261,0.00252660790859,0.00275798901261,0.00118318998536,0.781284825981,0.0146334252466
C000887,3,0.224943184397,0.00668361141902,0.681507116963,0.00544709468098,0.00668361141902,0.00662056299883,0.00904371924414,0.0590710988777
C000889,2,0.0385048116546,0.00576626043022,0.0382612585398,0.00528250081469,0.860909705623,0.00489457816274,0.00593147393559,0.040449410839
C000891,4,0.0558660406699,0.0717950466655,0.0929333353656,0.0141853504812,0.00498568977676,0.73160145736,0.00416601492486,0.0244670647557
C000892,1,0.00837119185523,0.00918157955136,0.869708149031,0.0236585054329,0.00918157955136,0.00869949012647,0.00906421639519,0.0621352880562
C000894,4,0.00634874038358,0.734131803704,0.00660442142552,0.00249938751688,0.00852410337041,0.00626206903538,0.127703965816,0.107925508748
C000895,1,0.51801669894,0.00957493754547,0.343319209853,0.00843198539702,0.00957493754547,0.00890308487352,0.0101772273103,0.0920019185343
C000896,0,0.00850396012727,0.0105909503796,0.0164836295066,0.017644104538,0.652286405675,0.0164836295066,0.0203710305147,0.257636289752
C000897,1,0.168622854404,0.00958386997872,0.00832585608065,0.0134758736394,0.395600694905,0.304394819786,0.0152644521659,0.0847315790399
C000898,4,0.0153103981264,0.814572726938,0.0040924032386,0.00399554501467,0.00524077333872,0.0986784209087,0.00371684438592,0.054392888049
C000899,0,0.215266204802,0.307710416241,0.00912670566641,0.308163878841,0.0468750494439,0.0102931359147,0.0114039138706,0.0911606952217
C000901,4,0.0198903743774,0.0206914138495,0.0206914138495,0.0202016933896,0.207082985823,0.0800195505453,0.0954576923708,0.535964875795
C000902,1,0.680082691338,0.0103298888838,0.0154124946397,0.0102409744947,0.00528264838572,0.015152820254,0.015916782355,0.247581699649
C000903,3,0.00740379186386,0.00792275471851,0.556785117489,0.00645698745488,0.00792275471851,0.347336124616,0.0108720679686,0.0553004011703
C000904,2,0.0207721167029,0.0162079971193,0.0162079971193,0.0148482294588,0.0164168701799,0.520340602871,0.0219924902786,0.37321369627
C000905,3,0.0261714831152,0.0275956466142,0.600309418379,0.022490251223,0.0275956466142,0.025900438699,0.0266948493599,0.243242265995
C000907,1,0.00614088037495,0.0102470782895,0.00837635014863,0.44853700346,0.0102470782895,0.390645871412,0.0120137447117,0.113791993314
C000908,0,0.00443082635582,0.00716655326955,0.00389335649708,0.0148118878104,0.0114215911699,0.0302124339828,0.0202414192663,0.907821931648
C000911,0,0.119053899816,0.543998329603,0.0360223240424,0.0309031220675,0.0385726726027,0.0360223240424,0.0402368633166,0.155190464509
C000912,2,0.0153102711218,0.0200644950901,0.0115589181867,0.00438697908063,0.0047887288177,0.0173204558412,0.00447119726569,0.922098954596
C000913,2,0.0338432352449,0.0390423454183,0.0390423454183,0.0357668932882,0.0390423454183,0.0327014589936,0.0367545254959,0.743806850722
C000914,3,0.0155252939717,0.0160533513908,0.626981788287,0.01308336459,0.0160533513908,0.0150671897428,0.018972043765,0.278263616862
C000916,3,0.360246679895,0.0173966677523,0.0748171039341,0.381530305258,0.0173966677523,0.0172325600043,0.0166001593111,0.114779856093
C000917,1,0.866585467835,0.00746688803343,0.00706193425008,0.038905340091,0.00746688803343,0.00425284358383,0.0131258021199,0.0551348360534
C000920,3,0.0111850149155,0.0120052074621,0.0120052074621,0.00978415673971,0.0120052074621,0.713940537753,0.14007293517,0.0890017330355
C000921,2,0.0168771320119,0.0211005724171,0.0211005724171,0.0425634678864,0.0582496072746,0.0406903604712,0.133339417585,0.666078869937
C000922,3,0.0244359506781,0.274908077485,0.0258809355054,0.0210927741444,0.0585089470124,0.0245028872456,0.410835057877,0.159835370053
C000923,2,0.00546525031125,0.0060162836009,0.0060162836009,0.159222839899,0.0060162836009,0.0111291374867,0.731200397526,0.0749335239747
C000926,3,0.0091829275443,0.534978242457,0.294567524365,0.012823472954,0.0157344631013,0.0155860354057,0.0166745528965,0.100452781276
C000927,1,0.372182010228,0.00618097208605,0.558254689922,0.0032195908635,0.00618097208605,0.00574726663455,0.0110045720058,0.0372299261741
C000929,1,0.0123338807015,0.00784197765512,0.0108845638344,0.00466979325298,0.0583413286768,0.767687439058,0.00919550273298,0.129045514088
C000930,4,0.205622135189,0.0167118474394,0.0167118474394,0.0163163146028,0.0167118474394,0.59826797624,0.0150046980577,0.114653333592
C000931,1,0.024509947191,0.0266721909359,0.0253033048709,0.0280727796558,0.0267542768958,0.025389196128,0.0325492121789,0.810749092144
C000932,4,0.0190248387048,0.018437436715,0.0197910207014,0.0193226105758,0.535401315725,0.0187651165678,0.264369038318,0.104888622692
C000933,0,0.00626171878269,0.878545041525,0.00760044979071,0.00663298009375,0.00760044979071,0.0108714289738,0.010375137763,0.0721127932802
C000936,4,0.0396945293977,0.0328294908209,0.324835757664,0.0128816066962,0.420928315312,0.0911067414059,0.0119303898054,0.0657931688975
C000937,4,0.0117672308965,0.00148553286992,0.00260815637342,0.00476680532738,0.00287316056768,0.00326217047871,0.0327827833378,0.940454160149
C000938,1,0.0118878001514,0.471220542392,0.0201387166615,0.158827596183,0.0267310342066,0.0189882419235,0.0200732130624,0.272132855419
C000941,2,0.00544127392722,0.755820413389,0.0148884555588,0.0136393906537,0.0338229952242,0.0180675528732,0.0141580069224,0.144161911451
C000942,0,0.0150223701641,0.0851515736097,0.0181555883995,0.184203264439,0.0185676072552,0.403976139299,0.197491176127,0.077432280706
C000943,2,0.00755189788156,0.00858167115406,0.00822380494113,0.00786171304805,0.00858167115406,0.710869769966,0.0058394198367,0.242490052019
C000944,1,0.00669775657649,0.465656489925,0.00477349963546,0.00207835295868,0.00140585140998,0.359565154353,0.134100911943,0.0257219831987
C000948,3,0.394902658613,0.0199541420218,0.0497705233067,0.264471411749,0.0199541420218,0.0197659088868,0.0236731609269,0.207508052474
C000949,3,0.024893597237,0.0238841105298,0.0238841105298,0.0325761856791,0.0238841105298,0.0233546482544,0.704276789858,0.143246447382
C000950,3,0.00316492376063,0.00328858601838,0.00360277832828,0.00268017367941,0.00371136423793,0.0259002922158,0.00296365837423,0.954688223385
C000951,2,0.163494273393,0.011974763233,0.011974763233,0.0109701421397,0.598565066443,0.0091463687452,0.0189733518478,0.174901270965
C000952,4,0.0732147947412,0.0227346167494,0.224075952816,0.396378591258,0.0554208837192,0.033347456998,0.0225718785071,0.172255825211
C000954,3,0.00698410786458,0.388695624071,0.0076077075447,0.0394628969978,0.0110196772217,0.487847488854,0.00908976522658,0.0492927322198
C000956,0,0.00556104321857,0.179888915603,0.00663051870843,0.00591781709605,0.00663051870843,0.237243301618,0.532231894881,0.0258959901655
C000957,4,0.0254685435093,0.673311255043,0.00289014711512,0.0139083424507,0.264920050099,0.00297013351616,0.00258246261821,0.0139490656482
C000958,2,0.00338758640314,0.00907294201142,0.00907294201142,0.00831176880527,0.00907294201142,0.854700990704,0.0132562710408,0.093124557013
C000959,4,0.022997541898,0.126070882591,0.0239237154568,0.0233574934953,0.0839506644987,0.022683585453,0.039923851546,0.657092265061
C000960,0,0.0271491626607,0.0368438979938,0.0146113714936,0.451694649357,0.0126720989226,0.0146113714936,0.0151430464371,0.427274401642
C000964,0,0.00665836895097,0.177777665989,0.00769358386622,0.00660023381819,0.00786818033488,0.0866725887742,0.681680170476,0.0250492077914
C000965,0,0.259307626847,0.0132591203018,0.262631373736,0.011584478001,0.0911397628758,0.0132591203018,0.0144624198198,0.334356098117
C000966,4,0.00975211330769,0.266174445,0.0101448574335,0.186581627359,0.0101448574335,0.00961897999981,0.439769289081,0.0678138303864
C000967,3,0.00560145192127,0.909474814636,0.00601220408839,0.00489990259123,0.00601220408839,0.00564287279127,0.00815337300982,0.0542031768737
C000968,0,0.00329912034961,0.00395384384853,0.0810750066681,0.00388134153606,0.00395384384853,0.00395384384853,0.871072508382,0.0288104915186
C000969,3,0.0414894068055,0.0219878385314,0.625278084285,0.0238580095618,0.112989101953,0.00768441827794,0.0191439922471,0.147569148339
C000971,1,0.00434092737027,0.288874674494,0.00450294514275,0.00419282292601,0.662290845862,0.00347284400473,0.00599628157181,0.0263286586281
C000972,3,0.0148760919554,0.0159669496643,0.150829478786,0.0130129478114,0.676085429232,0.0158163288564,0.0339056339872,0.079507139708
C000973,2,0.00780826208864,0.580245507908,0.0606711838972,0.0103566905557,0.0113051331244,0.00851021853531,0.0106725597227,0.310430444168
C000974,4,0.448289024484,0.222270657691,0.101539394404,0.0223601538607,0.0229021987587,0.0217150209608,0.023789439162,0.137134110679
C000975,0,0.15776154411,0.00330344482751,0.00330344482751,0.00288621590729,0.807522214771,0.00330344482751,0.00535047195381,0.0165692187757
C000977,4,0.012399380255,0.0128987370205,0.0128987370205,0.0190123714621,0.0128987370205,0.0128897324595,0.762004331968,0.154997972794
C000979,4,0.0165976002423,0.0272134083672,0.00675164324275,0.00666685864368,0.0108219100161,0.00142440438174,0.00711701447119,0.923407160635
C000980,3,0.00847255342609,0.0090938422865,0.815794566666,0.00741141530274,0.0090938422865,0.00558142908016,0.0109298252784,0.133622525673
C000981,1,0.00577130500407,0.00633000615999,0.0102784727472,0.00557439871024,0.00823888633515,0.00894383335856,0.0110805514322,0.943782546253
C000983,0,0.0970894960223,0.0128610842269,0.0342479910281,0.0110333707319,0.729205959566,0.0128610842269,0.0268349307488,0.0758660834487
C000985,1,0.00241662927371,0.00216974187087,0.00250682587421,0.00439346787947,0.00208923102837,0.00450459666213,0.0299731339262,0.951946373485
C000986,2,0.658261092861,0.0090223650081,0.0206515325776,0.121789082679,0.0332057731264,0.00881737923851,0.0283256999804,0.119927074529
C000987,0,0.0319121059636,0.00602565444395,0.0313623529727,0.0051693370644,0.0191233124357,0.0113266979753,0.0174465776045,0.87763396154
C000988,3,0.0105588459853,0.0113331218216,0.0119242385967,0.00923641183234,0.794230862034,0.0106369251321,0.0180064315714,0.134073163027
C000990,3,0.0147805986982,0.0195649591721,0.179002798142,0.41262142261,0.0195649591721,0.116817525452,0.0253434985118,0.212304238241
C000993,0,0.00281146536468,0.783458292827,0.00239683507638,0.00205621621898,0.165975453311,0.002639478315,0.030719975801,0.00994228308575
C000994,0,0.0662093462505,0.0292734501576,0.0292734501576,0.496303810138,0.0295365827548,0.0292734501576,0.025951877202,0.294178033182
C000995,0,0.0021904748212,0.0501275903633,0.101550647169,0.0334557913676,0.0063865574687,0.00394229286291,0.00841806021099,0.793928585736
C000996,1,0.0267131461063,0.0175583557649,0.00174784593517,0.00162747008364,0.00184807298332,0.936840996885,0.00250764110679,0.0111564711345
C000997,4,0.00472256999688,0.9019888818,0.00479793542743,0.00468437880142,0.00199149626251,0.00497112929041,0.00772280167482,0.0691208067463
C000998,1,0.0137417445066,0.789524171355,0.014186548343,0.0132095069444,0.0150000501714,0.0142347041265,0.0190144811779,0.121088793376
C000999,4,0.00220880836098,0.00359818546477,0.00203479883774,0.00224338006004,0.00143005349005,0.00563825681934,0.00203156567206,0.980814951295
C001000,4,0.0206739253213,0.0219522437308,0.254644022554,0.0214326821883,0.0188748523179,0.0208143086074,0.116153513922,0.525454451358
C001002,3,0.0216699576575,0.00274352574457,0.00274352574457,0.0309266418741,0.917408002369,0.00271764528068,0.00277418153328,0.0190165197961
C001004,2,0.00983412293842,0.0110084688923,0.0110084688923,0.547609701254,0.00566419002594,0.3022154835,0.0116566226786,0.101002941819
C001005,3,0.00953067297671,0.0126637585429,0.743636932205,0.0103208710794,0.00721552457355,0.102568685936,0.00990000061616,0.10416355407
C001006,3,0.914772525767,0.00531716147991,0.005208875164,0.00217586182146,0.005208875164,0.00488889257649,0.005512156139,0.0569156518885
C001008,0,0.0159810394321,0.661425238737,0.0189990814587,0.0168862468538,0.0189990814587,0.0189990814587,0.157232204089,0.0914780265122
C001012,4,0.00418355926546,0.00730539217142,0.0042054251028,0.0071324895346,0.00384912852759,0.870571016465,0.0295441487207,0.0732088402119
C001013,1,0.0137337448946,0.013609189255,0.0142463336955,0.0132651748215,0.0444556992147,0.0564982327492,0.0210699800191,0.82312164535
C001017,0,0.0666328122865,0.0255269242501,0.0541594494153,0.0259692582142,0.129683782177,0.0191628537159,0.0220977204087,0.656767199532
C001018,0,0.0270668959972,0.0229775929243,0.0229775929243,0.0259445875851,0.0229775929243,0.0250369432707,0.0311081457865,0.821910648588
C001019,2,0.0150016160962,0.193875919673,0.121072135616,0.0102115110465,0.00889140764049,0.553528018344,0.0108857820361,0.0865336095471
C001020,2,0.00500775946584,0.00525057342546,0.00525057342546,0.00481007729935,0.00525057342546,0.561984159667,0.370854984323,0.0415912989683
C001021,0,0.00133070674344,0.0413449582302,0.00425267406594,0.00371134645992,0.00425267406594,0.00425267406594,0.00520273918635,0.935652227182
C001022,0,0.0128763340704,0.130949049673,0.0381727811373,0.0133315676808,0.0155399849226,0.0984692983267,0.107559072524,0.583101911665
C001023,3,0.180458447712,0.0183227618304,0.444302733133,0.00439418574223,0.0943699377078,0.062115766107,0.0229707691301,0.173065398638
C001024,3,0.00704417528784,0.00615809652156,0.0238066090532,0.0281097977051,0.00615809652156,0.00157823818005,0.0101563224108,0.91698866432
C001025,1,0.0309156602583,0.639776241245,0.00952415101724,0.0075232283982,0.0704077267036,0.0133560268775,0.0158366230528,0.212660342447
C001026,2,0.0316460233709,0.0348015177558,0.0348015177558,0.0314506272143,0.0255297677791,0.0295656997594,0.041103599958,0.771101246407
C001027,1,0.00856896605709,0.0695392678422,0.00888878822285,0.577309108503,0.262777584283,0.00873902722211,0.0106164809307,0.0535607769384
C001028,2,0.00624462421099,0.234278224679,0.00709603851568,0.00940955475311,0.00269176209149,0.540884628819,0.168640571102,0.0307545958281
C001029,4,0.0102671554434,0.370940987239,0.0106806417167,0.0104278543136,0.0121278526389,0.517618971695,0.0129699518458,0.0549665851079
C001030,4,0.0020534959818,0.00637313313368,0.00637313313368,0.00622229502701,0.0362397008743,0.00548748742915,0.114412004273,0.822838750147
C001031,3,0.0281412398604,0.211735015639,0.0835984021064,0.0442311858616,0.0389075477414,0.0261928497278,0.0318204311887,0.535373327874
C001032,0,0.0212696889212,0.0134901552027,0.533093686411,0.0115730432175,0.0328905460183,0.00877120589478,0.275831894445,0.10307977989
C001033,2,0.0748892238189,0.0145238405313,0.0145238405313,0.0133053649532,0.0145238405313,0.0109331801345,0.702996400416,0.154304309084
C001034,1,0.168098646413,0.166686963397,0.0189771161055,0.0243466892812,0.396237423687,0.0525614212835,0.0361820468679,0.136909692965
C001035,2,0.0263879342902,0.0226544127828,0.313363302073,0.0207538239783,0.0226544127828,0.459456074445,0.02827766854,0.106452371108
C001037,1,0.00891793968778,0.0391974085909,0.00932080378717,0.014234494356,0.0134988652569,0.0741639374729,0.0117584847646,0.828908066084
C001038,4,0.00121037686861,0.00347669873763,0.00728209300867,0.00231451251799,0.00678143976529,0.00329647763332,0.00453278210503,0.971105619363
C001040,0,0.00672717815317,0.0104105427647,0.0197807181093,0.099810444043,0.00791953684022,0.723596188733,0.00905929050562,0.122696100851
C001041,2,0.391566369445,0.00477887281657,0.0330316993603,0.00813784515027,0.0110202530207,0.437547458993,0.0168145253751,0.0971029758396
C001043,2,0.867842269126,0.00403649262723,0.00426979297809,0.0382395177993,0.00406854829937,0.0542843410734,0.00364541798451,0.0236136201124
C001045,4,0.00957921599407,0.0260234908283,0.0309160151571,0.0254075717814,0.147445781431,0.0828256499758,0.0299639160244,0.647838358808
C001046,3,0.0172071020045,0.516901752042,0.0334826099264,0.0240774055758,0.0162276747299,0.028888024731,0.133105915392,0.230109515599
C001049,4,0.00979151395142,0.0143030978734,0.0143030978734,0.729743491741,0.0168470451319,0.0135616703617,0.0194997510669,0.181950332
C001050,3,0.0248848552746,0.210752643299,0.239174753782,0.0220918315044,0.155978581554,0.13135159273,0.0574575098601,0.158308231996
C001051,4,0.00411153002624,0.0154420806407,0.0134669918393,0.469391513367,0.223335785185,0.0207184963332,0.0681635502251,0.185370052384
C001054,3,0.0061123594143,0.0125471596626,0.00997347813466,0.278716471143,0.00744621528499,0.0292725004064,0.00432814539536,0.651603670558
C001055,2,0.0234202931646,0.0401039680859,0.0401039680859,0.03673945127,0.0401039680859,0.034070407156,0.0651890458444,0.720268898307
C001056,2,0.00359954871482,0.00311792145621,0.0691197287912,0.0452654228062,0.780655896384,0.0175201264131,0.0626531733234,0.0180681821109
C001060,1,0.016122230217,0.017598512475,0.535945954367,0.0158586942428,0.017598512475,0.0167005853505,0.0206425308513,0.359532980021
C001061,1,0.322654568515,0.00835319265868,0.00790017167389,0.0073560791579,0.0131071685043,0.0218367162713,0.056198360688,0.562593742531
C001062,3,0.00865996845706,0.00951652900587,0.00951652900587,0.00775590190383,0.403349269684,0.0544795494066,0.233261584156,0.273460668381
C001063,0,0.725234280034,0.0134632185038,0.0134632185038,0.0115499345449,0.0762449728684,0.0134632185038,0.0240146643777,0.122566492663
C001064,4,0.007781327698,0.00790550650586,0.275229638063,0.00771840047675,0.00338623986023,0.630827804537,0.00814603121601,0.0590050516427
C001065,1,0.0643099671509,0.0433031910407,0.592606646583,0.023111904337,0.0977139683049,0.0213188591613,0.0250415735476,0.132593889874
C001066,0,0.0200855257031,0.0242301566042,0.0242301566042,0.0217031081184,0.591464183033,0.0242301566042,0.0192792560986,0.274777457235
C001067,3,0.0567863492286,0.036186205775,0.01118226409,0.20384737386,0.01118226409,0.0110767785911,0.0172448132524,0.652493951113
C001068,4,0.0608647751245,0.0103396587317,0.801377090701,0.0166208998502,0.0103396587317,0.00980368341279,0.011751672023,0.0789025614254
C001070,0,0.193897706558,0.0105257338589,0.0105257338589,0.0109154273112,0.639579958153,0.0293058591049,0.0122230283199,0.0930265528346
C001072,4,0.646374300462,0.141234987264,0.0197847626978,0.0193165006854,0.0253665316556,0.0187591829593,0.0267150458764,0.102448688399
C001073,0,0.0412487437086,0.0165028799577,0.0214864520404,0.0567678991731,0.187249240948,0.0308989378514,0.0336468857226,0.612198960599
C001074,0,0.00817305859805,0.00966329711319,0.00966329711319,0.00844281145931,0.00966329711319,0.224696223038,0.658726698957,0.0709713166085
C001075,3,0.00285658686545,0.00500728051977,0.00471242731014,0.00252088865213,0.00825952778062,0.00300186216498,0.00323839826305,0.970403028444
C001077,1,0.0473105622285,0.711816077085,0.00644726015563,0.00928861616437,0.126237960686,0.00980757605417,0.0406662926274,0.0484256549985
C001078,3,0.0397358750063,0.390415665126,0.325445386052,0.020501236009,0.0251551153632,0.0249178199574,0.0218892254998,0.151939676986
C001080,0,0.852091008781,0.00809172545229,0.00809172545229,0.00694179473525,0.0364107105424,0.00809172545229,0.0109844945784,0.069296815006
C001082,0,0.0396517778833,0.0233373316351,0.0983121087378,0.0229732988191,0.444909754478,0.0297838799163,0.0265534040657,0.314478444464
C001083,1,0.128783217813,0.351762659934,0.0105536887572,0.00942424523911,0.00646623701915,0.363945573417,0.0181805312381,0.110883846583
C001084,0,0.00283068511434,0.00330914816212,0.0352691833318,0.00177338348127,0.00338424522915,0.912562249777,0.0268571611618,0.0140139437425
C001085,2,0.186926659781,0.71580931518,0.0131287344146,0.00664397251788,0.00511229434179,0.029872761091,0.00498030928738,0.0375259533868
C001086,0,0.00635344962946,0.0144688267634,0.00453886274981,0.00548538185258,0.00639405307199,0.00850420221371,0.00670893382059,0.947546289898
C001088,2,0.299784326436,0.212675393911,0.0102640092469,0.00940291162098,0.0102640092469,0.00794765674975,0.410149515076,0.0395121777122
C001090,2,0.134088399821,0.0370414623705,0.0370414623705,0.0163283725992,0.0370414623705,0.0307793942265,0.0559363989927,0.651743047249
C001092,4,0.00705290410548,0.0087236970438,0.757549903737,0.162041174362,0.0087236970438,0.00827148808538,0.00826979069705,0.039367344925
C001093,4,0.00687967190289,0.00715673500109,0.843780209532,0.006987350754,0.00715673500109,0.00678575241604,0.00728660851014,0.113966936883
C001095,0,0.00334181742182,0.933454822449,0.00403139856384,0.00368870330517,0.00403139856384,0.00403139856384,0.00352557546993,0.0438948856622
C001096,3,0.0199042714619,0.0211727817589,0.0211727817589,0.0168933475433,0.0211727817589,0.476947423489,0.0165614240208,0.406175188209
C001098,4,0.385193083786,0.00616684763013,0.55378296002,0.00602089184965,0.00616684763013,0.00584717768635,0.00590656420487,0.0309156271928
C001099,0,0.00752269131027,0.049069308533,0.0116069544998,0.00788734515499,0.00843413149507,0.0129670885096,0.0720938027899,0.830418677707
C001100,2,0.00897604453048,0.00941127088849,0.00941127088849,0.00862171362833,0.00941127088849,0.00717980995725,0.751585438473,0.195403180746
C001102,4,0.636292494945,0.018577700484,0.018577700484,0.0183369930814,0.018577700484,0.0176146910462,0.0127267656503,0.259295953825
C001104,2,0.113105391187,0.0577981545799,0.0171888359967,0.0157467809952,0.238659988349,0.307764253216,0.0147557442857,0.23498085139
C001106,1,0.0558344510664,0.00816051315631,0.479507458735,0.258040186847,0.142255021882,0.00758790758656,0.0113046105613,0.0373098501658
C001107,3,0.336339947293,0.333292876725,0.0166590207388,0.0167296034477,0.191382408244,0.0162897240461,0.0219817658208,0.0673246536843
C001108,4,0.00945811990102,0.69671250134,0.00983902411272,0.00960615595549,0.207924634308,0.00932900011446,0.0071006254182,0.05002993885
C001109,2,0.0113549083356,0.0526076840501,0.012638949851,0.0115786069139,0.791685718582,0.00951428206158,0.013437554382,0.0971822958239
C001110,2,0.157901711288,0.101756945994,0.0275702699554,0.0252572659981,0.0275702699554,0.0207542025217,0.0315205078473,0.607668826441
C001112,3,0.00500208838163,0.00558270328982,0.00529397777418,0.888587938365,0.013777759583,0.0474055014951,0.00561033994672,0.0287396911649
C001113,1,0.0208110367469,0.0228256851285,0.0215877734967,0.0408662863733,0.150050967134,0.134108751685,0.025987673091,0.583761826344
C001115,2,0.00368268416386,0.00424128543086,0.0322238508472,0.00388546338047,0.00454839166368,0.00319273249507,0.904931002978,0.0432945890407
C001118,2,0.0146351566129,0.588016115203,0.0183110331267,0.0128823502408,0.166392765737,0.0622692772183,0.0201768157322,0.117316486129
C001119,3,0.0215014714465,0.0161098193732,0.0199660161805,0.179611505666,0.411695261189,0.0195233036699,0.0242125595004,0.307380062974
C001120,2,0.00396594589814,0.0755255708824,0.00407970598992,0.00373743962422,0.00407970598992,0.878708804132,0.0036207950047,0.026282032479
C001121,0,0.00392055852342,0.0401262316428,0.202268105245,0.107068214387,0.00464089408458,0.369090617292,0.00582218797786,0.267063190848
C001122,0,0.00877336675675,0.0107171423063,0.0107171423063,0.00919410853435,0.0532816350244,0.0128582981448,0.0114106168666,0.883047690061
C001123,0,0.103670290604,0.180528743465,0.00960115871266,0.523821427905,0.0205012517299,0.0205012517299,0.0410697782632,0.100306097591
C001125,0,0.597960410478,0.0145082236929,0.047996534905,0.0121923888113,0.0176841091082,0.02133549338,0.0318135077027,0.256509331922
C001128,1,0.0112100989709,0.00455583975926,0.150605807043,0.0280988070108,0.00764794111248,0.669789127417,0.00532828462466,0.122764094061
C001129,3,0.0164928017122,0.017702212083,0.0872280451939,0.0107976768105,0.196009675662,0.177781665329,0.408041217636,0.085946705573
C001130,1,0.00613739003619,0.0066993792833,0.0102004192891,0.00589968007808,0.0066993792833,0.00634762064659,0.904566157773,0.0534499736105
C001132,0,0.0236354345897,0.0283259801877,0.0283259801877,0.0243005204882,0.451677341563,0.21402457786,0.0292937392415,0.200416425882
C001134,2,0.641510345757,0.00984987397515,0.255849958141,0.00902352017013,0.00880046078229,0.00751441798694,0.0100584122025,0.0573930109851
C001135,1,0.0220776155704,0.0242148773042,0.0229016252327,0.0201359148861,0.012567741935,0.0225157717027,0.0340712143286,0.84151523904
C001136,2,0.00712350810898,0.00725441348585,0.737160258596,0.00664580547702,0.0229833850113,0.171089959642,0.00750966801429,0.040233001664
C001137,1,0.0162062846941,0.242308646351,0.00988159418492,0.596474785073,0.0266097513212,0.00971510608813,0.0160209630245,0.082782869263
C001138,4,0.0056410853013,0.00586826714847,0.00586826714847,0.739056777042,0.201257744043,0.00556407467576,0.00828664674641,0.0284571378946
C001139,0,0.0220337618202,0.0251238902878,0.0251238902878,0.0229922841262,0.0251238902878,0.0251238902878,0.0205191881306,0.833959204772
C001140,1,0.653468901338,0.249871651239,0.0029494498781,0.00534240675374,0.00537623118099,0.00591471020156,0.0510790911649,0.0259975582432
C001141,4,0.00954576340309,0.00993019725698,0.00993019725698,0.00969517123105,0.00472167727217,0.26763409502,0.0121629310695,0.67637996749
C001143,4,0.00543509388102,0.292663520946,0.00454502582181,0.0408587433228,0.136863149056,0.493984936964,0.00387723248743,0.0217722975209
C001145,3,0.0239750735002,0.0538118742555,0.0173474964177,0.0141380833716,0.732425791649,0.017183852517,0.0220505488899,0.119067279399
C001146,0,0.00345688916487,0.00728102803519,0.342282069566,0.00915454813829,0.00578253911116,0.575299808176,0.0116253600537,0.045117757755
C001147,0,0.00955168389867,0.011522665631,0.807063721818,0.0100673395728,0.011522665631,0.011522665631,0.00878745868534,0.129961799132
C001148,2,0.055325850216,0.0124506980254,0.0124506980254,0.011406148449,0.0501118270894,0.00937257084442,0.0437369315001,0.80514527585
C001149,2,0.016448893837,0.651352866085,0.0186796701186,0.152348653278,0.0186796701186,0.0145697436557,0.0209732327373,0.106947270169
C001151,1,0.0118982424535,0.00462174630955,0.00437109387639,0.00347635486326,0.0308376789742,0.0141265884623,0.00629690042358,0.924371394637
C001152,2,0.00639085295924,0.00736023789735,0.00736023789735,0.00674275176426,0.00289256300321,0.24430937381,0.6459676474,0.0789763352691
C001153,2,0.0148175756852,0.0168380933938,0.0720868343188,0.0174181256043,0.0109175645756,0.551195689275,0.0229177478452,0.293808369302
C001154,0,0.0063997979084,0.00766986314851,0.531577735196,0.00696370586903,0.393716312174,0.00766986314851,0.0116352844368,0.0343674381186
C001156,2,0.0287221974647,0.0402218624862,0.0402218624862,0.036847454936,0.0402218624862,0.0341705645821,0.0785504446776,0.701043750881
C001157,1,0.00269474397601,0.0087504724107,0.0131561244338,0.0697038756556,0.0087504724107,0.0882501048391,0.0056407108183,0.803053495456
C001158,2,0.00222240552664,0.00471216219751,0.00768616594274,0.00704133612168,0.00360507793276,0.00586373630326,0.893478468284,0.075390647691
C001159,4,0.0496816344189,0.00612937062672,0.0445781874539,0.648088987412,0.00441591026771,0.00439418168856,0.190358545653,0.0523531824796
C001160,2,0.082066871753,0.00641392152323,0.00641392152323,0.00587582647053,0.806255298516,0.00521489878439,0.0364864136409,0.0512728477882
C001161,0,0.0249980654383,0.86904559351,0.00733667950358,0.00391695850529,0.00862053857459,0.00862053857459,0.0106727937576,0.0667888321365
C001163,0,0.0176041170745,0.541743026729,0.016869633297,0.0173663227916,0.00488946900921,0.0991604658347,0.0155514810437,0.28681548422
C001164,1,0.000966612092064,0.00255807006906,0.704102056417,0.110620708453,0.153502457853,0.00237857582142,0.00281213927732,0.0230593800162
C001165,0,0.884631423404,0.00661516712116,0.00661516712116,0.0060528346274,0.00661516712116,0.00661516712116,0.00566341852042,0.0771916549632
C001167,4,0.00539079825637,0.0039661317268,0.0735138224377,0.725698349927,0.0160109839456,0.015181025003,0.0103094989726,0.149929389731
C001168,0,0.0124172568218,0.00658857933181,0.0150071261356,0.0143943937262,0.0150071261356,0.118726414924,0.710838246227,0.107020856698
C001170,3,0.132220370056,0.00648948353005,0.00648948353005,0.00528888186382,0.00648948353005,0.78811585253,0.00778363336793,0.0471228115913
C001171,2,0.0304715455114,0.0169147559317,0.818832721587,0.0154956948391,0.0124188080854,0.0122985733704,0.0162198504229,0.077348050252
C001172,1,0.428280526678,0.0129766966653,0.0150741328091,0.0140359626041,0.401014293499,0.0151253014696,0.0190384159325,0.0944546703424
C001173,3,0.778336988649,0.141172673349,0.00809859239881,0.00660029388505,0.00809859239881,0.00621788670401,0.0136166276101,0.0378583450046
C001174,3,0.37787602047,0.383235355219,0.00643201343737,0.0400527663023,0.00643201343737,0.00637133841298,0.00803655965017,0.171563933071
C001175,2,0.000813754996144,0.0118713995634,0.00354107577113,0.00320889297765,0.00350275622303,0.000461377798011,0.00239366243002,0.974207080241
C001176,0,0.69306415839,0.00790091459789,0.193401494689,0.0124456086646,0.0253693456848,0.0128971147973,0.0176270069983,0.0372943561783
C001177,1,0.0123616481708,0.0910154227282,0.00378457559941,0.0861651239705,0.0192524330813,0.0212968899119,0.726666285604,0.0394576209342
C001180,4,0.0199951052175,0.022874448729,0.022874448729,0.215008570505,0.456223628087,0.0216887094052,0.0265450870655,0.214790002262
C001181,2,0.0180115776313,0.0133432738922,0.356571596583,0.470840304348,0.0113493411368,0.0101795147423,0.0138750916396,0.105829300026
C001182,3,0.00133087010083,0.00463438919208,0.00463438919208,0.112080089239,0.00463438919208,0.74833726208,0.007427827693,0.116920783311
C001183,1,0.00697137458261,0.00262043746735,0.0280529865658,0.00230763807634,0.00681683651258,0.000481945494935,0.00354370410309,0.949205077197
C001184,2,0.00966305152776,0.860866947311,0.00871034170303,0.00797958879923,0.00871034170303,0.00664507470153,0.013230998852,0.0841936554021
C001185,2,0.00614884584781,0.00632522073692,0.00632522073692,0.00579456722432,0.256030792027,0.669553015689,0.00542988133477,0.0443924564038
C001186,1,0.00365544617428,0.643084111792,0.0119034901431,0.00752983466029,0.196878640738,0.0119252278082,0.0243701950223,0.100653053662
C001187,3,0.0101442817273,0.0204567277232,0.00348889235439,0.0061694873875,0.010022361693,0.880175356719,0.00975115675644,0.0597917356391
C001188,3,0.0118374132761,0.0127054459263,0.0127054459263,0.0103548459935,0.0127054459263,0.71607113702,0.0172835817456,0.206336684186
C001190,0,0.122929554219,0.0288898336164,0.0288898336164,0.295715061742,0.0419200412022,0.0295332030601,0.062965552825,0.389156919718
C001191,3,0.00668712156397,0.00675057466837,0.00717748543976,0.00584959841478,0.660478514407,0.264200310383,0.0105874786641,0.0382689164594
C001192,0,0.0286349325491,0.0295473455053,0.0295473455053,0.0258941330083,0.125990934428,0.434907340809,0.048485440815,0.27699252738
C001193,3,0.00406341164512,0.274851299828,0.00369458385469,0.00988658125651,0.0476044461854,0.478710246578,0.0136125568524,0.167576873799
C001194,4,0.0323712180082,0.0170671357088,0.0126659142049,0.0111997432861,0.0063269276853,0.317686926809,0.0180775764461,0.584604557851
C001195,3,0.630642607669,0.0327195752018,0.0139870542115,0.0113993474219,0.0246691511988,0.00531083402204,0.0130748093345,0.26819662094
C001197,0,0.0238401667073,0.00682170335709,0.00243019783186,0.0130620957291,0.00884697160955,0.00714459289536,0.0221053731271,0.915748898743
C001201,4,0.02104699339,0.18715193377,0.0218946130554,0.0501174222855,0.0607048805398,0.140843449492,0.0265138277701,0.491726879697
C001202,4,0.0139447430453,0.0145063357733,0.0145063357733,0.177380741059,0.00559379217029,0.0176554966689,0.0128234478645,0.743589107645
C001203,4,0.163831280586,0.0110317048917,0.0110317048917,0.128427375141,0.0501610148839,0.53442662212,0.0105701678467,0.090520129639
C001204,2,0.112426187058,0.0146512454997,0.60335087842,0.0134220812995,0.0317554286199,0.0409144037556,0.0782976800701,0.105182095277
C001205,1,0.17860230747,0.408200388928,0.00620846188752,0.00834659016569,0.0692347816944,0.0824437714525,0.138312357006,0.108651341395
C001206,4,0.00660342185529,0.00736589600652,0.00626556856531,0.836007403443,0.00736589600652,0.0069840711742,0.00845783329042,0.120949909659
C001207,1,0.0281587369264,0.0301154488024,0.0284821894211,0.0323354648603,0.0301154488024,0.0285788712998,0.039540843509,0.782672996379
C001209,4,0.0214009321067,0.0222628058468,0.0376075581911,0.021735893979,0.418046587198,0.0258661608037,0.28014339406,0.172936667814
C001210,3,0.00244384029484,0.00559166775771,0.00559166775771,0.212322816913,0.00559166775771,0.0052481701193,0.674300767792,0.0889094016073
C001211,3,0.777533612392,0.0135156567031,0.0135156567031,0.034466069588,0.00902103916074,0.0133881596436,0.0203387383654,0.118221067444
C001214,2,0.00616112938317,0.127313973548,0.0635870702649,0.0056433876694,0.735784976599,0.00473716515497,0.0053644129421,0.0514078844385
C001216,2,0.00597800304544,0.0812902107654,0.00598070344927,0.00547895316652,0.00598070344927,0.479167488551,0.392303282388,0.0238206551851
C001217,3,0.568450006581,0.022040670954,0.0572012983402,0.120068694895,0.114010832761,0.0199469205832,0.0112845176781,0.086997058208
C001218,2,0.00674069115387,0.0309231984355,0.0067028789114,0.00614054181886,0.0980351316352,0.0134710445976,0.796890852537,0.0410956609104
C001219,3,0.0126390113,0.00764107217649,0.0135658248039,0.220468469188,0.0241200186228,0.0132650979897,0.013812293482,0.694488212437
C001220,3,0.562524089122,0.316492029614,0.0111069707216,0.00905210033112,0.0111069707216,0.0110021954866,0.0154068911635,0.0633087528406
C001221,1,0.00620616392028,0.00677445066244,0.00640705002464,0.0275885634177,0.00677445066244,0.0974557235415,0.00774918931312,0.841044408458
C001222,3,0.0400630573827,0.00644176240065,0.419693181083,0.00524998949054,0.0439961033669,0.272259515177,0.186829202845,0.0254671882538
C001223,1,0.0112174010738,0.649301584674,0.011580494932,0.110783127071,0.0122445573645,0.012023516769,0.0152582284538,0.177591089662
C001224,1,0.00456334641822,0.00129216526733,0.00123475134096,0.0193408837571,0.00234138152141,0.00288602210301,0.00303180836595,0.965309641226
C001225,2,0.00756687017173,0.186648680187,0.0246696936831,0.00814516291586,0.00889107872711,0.00893721827217,0.00849974309118,0.746641552952
C001229,3,0.0385143022424,0.0514925855574,0.684324566066,0.00754505474529,0.158190432599,0.00917048687353,0.012977621458,0.0377849504581
C001230,0,0.0791339605612,0.00530488716792,0.0261290904561,0.00481094474269,0.0056078932767,0.0056078932767,0.00468638379113,0.868718946728
C001232,3,0.00337410776093,0.0144159315015,0.00291198749679,0.0023732486242,0.00402822280106,0.00998854641983,0.00354372948873,0.959364225907
C001234,4,0.0259832544666,0.0270296707907,0.0270296707907,0.0263899376672,0.0270296707907,0.0256285378521,0.0281268661683,0.812782391474
C001237,4,0.00790360581244,0.809370068511,0.00822190551397,0.00802731101313,0.00822190551397,0.00779570784686,0.00685515208498,0.143604343704
C001238,3,0.107915786293,0.0369911037344,0.0369911037344,0.0971100580494,0.367138135832,0.0361708888125,0.0349356299631,0.282747293582
C001239,1,0.504769259143,0.00519200573295,0.00491042626433,0.00457224042596,0.00519200573295,0.00482769391286,0.436319718049,0.0342166507383
C001241,1,0.00984279801211,0.0107440844892,0.0101613976131,0.0115361045667,0.0107440844892,0.742584667984,0.0146470937563,0.189739769089
C001243,4,0.0188899113369,0.0196506594414,0.0196506594414,0.0191855713595,0.0196506594414,0.711285673362,0.0155038687568,0.176182996861
C001244,0,0.00339805275393,0.235210356113,0.00380254920125,0.00643266817328,0.00766842427344,0.0810535005725,0.628314724579,0.034119724334
C001246,0,0.0192495604548,0.0814722673247,0.0195529189918,0.560465074051,0.0568078228055,0.0176265612194,0.0373255711114,0.207500224041
C001247,4,0.0243556611277,0.0442697246956,0.0176676448066,0.0239264995605,0.0107173532438,0.0185571205785,0.600714692385,0.259791303603
C001248,0,0.00132437530726,0.00374917013089,0.00374917013089,0.00433560810883,0.00834128375528,0.00178419546973,0.00534212260708,0.97137407449
C001249,4,0.0284329035097,0.00898819145402,0.155325106551,0.00877546064284,0.236737709541,0.468103286159,0.00946442870301,0.0841729134394
C001251,0,0.0452760881993,0.0199486671854,0.0300793909381,0.0099787819737,0.0792312685094,0.0760776087547,0.302198674732,0.437209519707
C001252,0,0.797550325777,0.00838874170826,0.00838874170826,0.11411281775,0.00838874170826,0.00838874170826,0.00749627027868,0.0472856193609
C001254,0,0.00875997336824,0.0105675863156,0.0105675863156,0.814893505853,0.0105675863156,0.0105675863156,0.00966131120051,0.124414864316
C001255,4,0.219497226071,0.314639782053,0.0266527618658,0.0260219493513,0.181405550836,0.0252711666979,0.027826748382,0.178684814743
C001256,4,0.537151131764,0.0116677633731,0.103276881155,0.0113916129617,0.0116677633731,0.0110629432956,0.240152304029,0.0736296000486
C001257,2,0.00882152988483,0.00917201265693,0.00920424574943,0.010409058329,0.00676147104636,0.815136359171,0.0108265987655,0.129668724397
C001258,3,0.00956193346218,0.824687505324,0.0102631061129,0.00995931222034,0.0102631061129,0.00963264077316,0.00921153294755,0.116420863047
C001259,4,0.872924085726,0.00273060074599,0.00780868060766,0.00711815143343,0.00178040440073,0.0197383151944,0.00647353279026,0.0814262291017
C001260,2,0.0504081045954,0.0060890599231,0.0060890599231,0.00351270876767,0.0420332299889,0.0366908244362,0.00714589374569,0.84803111862
C001262,4,0.0144435334606,0.102291249311,0.0299258378299,0.333286782005,0.0168611559622,0.012265597933,0.0326331377967,0.458292705701
C001263,0,0.0167087332609,0.029966096904,0.537593307031,0.201656969748,0.138432664451,0.00499036925815,0.0133713832914,0.0572804760552
C001265,3,0.00624812910698,0.574707208054,0.00670630184634,0.17432444819,0.0197417651401,0.0696999420148,0.108083826945,0.0404883787023
C001266,2,0.871792862917,0.00727948613364,0.00411215698223,0.00514415884375,0.00262193738208,0.00547981320879,0.00765321532182,0.0959163692103
C001267,4,0.0076689147663,0.0360372411468,0.00797776282112,0.00778894664324,0.00349274279503,0.00923670225789,0.867929033445,0.0598686561249
C001268,1,0.0045764536747,0.00764646942524,0.0181946917894,0.283850749745,0.00764646942524,0.0713051178495,0.00803769666239,0.598742351429
C001269,0,0.0111683852345,0.0134475246075,0.0134475246075,0.559264929589,0.11298612082,0.0134475246075,0.0266300650723,0.249607925462
C001270,0,0.0455461726605,0.00664236936799,0.00278888853404,0.636036959488,0.0652201253336,0.207688974473,0.00817743262047,0.027899077522
C001271,1,0.0103378854443,0.0112845061452,0.0106725104334,0.00993748424747,0.827171059218,0.0114024580027,0.0142193318905,0.104974764618
C001272,2,0.118311582545,0.0165091573782,0.0165091573782,0.0151241239197,0.249015151997,0.0178878660247,0.172180800005,0.394462160753
C001274,3,0.00333249128711,0.0111076420749,0.00776049306425,0.0258813675378,0.00776049306425,0.00433112148902,0.0109555575199,0.928870833963
C001275,4,0.0261211367345,0.0271731059525,0.0271731059525,0.0265299780329,0.0400735433812,0.439257872994,0.0258333918861,0.387837865067
C001276,1,0.0092401891815,0.0101347016658,0.00958506361517,0.0119293779184,0.0101347016658,0.788720526055,0.012294087574,0.147961352324
C001279,4,0.729488537021,0.183132254589,0.00856460393863,0.0111280897953,0.00856460393863,0.00812064186533,0.0057333218489,0.0452679470031
C001280,2,0.0144003552036,0.165470412815,0.0117355349021,0.0107509838363,0.0117355349021,0.0345495154019,0.672035292915,0.0793223700241
C001281,0,0.0149338970007,0.020022675441,0.201664274293,0.0169909757587,0.0721738201281,0.0125082683808,0.0278300741506,0.633876014847
C001282,4,0.693290175228,0.014793657362,0.014793657362,0.0144435238844,0.0131079126791,0.0181340391565,0.0148971482932,0.216539886035
C001283,1,0.0194455636619,0.158629330504,0.573411011513,0.0186924089664,0.0212261573047,0.0197367637256,0.0317892273394,0.157069536985
C001284,3,0.0271630662563,0.0260739234047,0.0260739234047,0.0274095192299,0.0260739234047,0.0244721953512,0.0747255172467,0.768007931702
C001286,2,0.0205292227905,0.0311513255825,0.0769997750956,0.0244169951252,0.49638275501,0.027596786172,0.108129345561,0.214793794663
C001287,3,0.00244402297138,0.651029766962,0.071378867077,0.0163947423368,0.178339235311,0.00654120286533,0.0127557709418,0.061116391535
C001288,2,0.170538821122,0.210501537592,0.243145411933,0.0117840518632,0.00896350122252,0.298319189007,0.0116169599995,0.04513052726
C001289,0,0.031576710337,0.0230871504729,0.0230871504729,0.0211283490437,0.0230871504729,0.0230871504729,0.0200475541892,0.834898784539
C001290,3,0.0136220465918,0.0148383370704,0.678536249787,0.0120931367585,0.0148383370704,0.010476734035,0.0186667604344,0.236928398252
C001291,0,0.327271903571,0.00579636928727,0.00745005213706,0.596783720302,0.00877844023141,0.00877844023141,0.00842723160864,0.036713842632
C001292,4,0.0111753803479,0.0116254433083,0.0116254433083,0.0113502945202,0.0204108523216,0.0110228169695,0.806855194173,0.115934575051
C001293,4,0.545578859953,0.0620055612139,0.00323029417811,0.00315384018796,0.00446030908038,0.00306284590952,0.366790632746,0.011717656731
C001294,4,0.0242928873757,0.783585743415,0.0139005588572,0.0135715630657,0.0139005588572,0.0131799976994,0.0121340941362,0.125434596593
C001296,3,0.0180972133261,0.0465994756032,0.00604028573375,0.793590917926,0.0440160671778,0.00466571284858,0.00866540216626,0.0783249252181
C001297,4,0.0102299942534,0.625903719034,0.133704693154,0.0889120969441,0.0129919223934,0.0149250193088,0.0118322675665,0.101500287346
C001299,0,0.00907771124673,0.0108329743482,0.597005360483,0.0829234280459,0.0108329743482,0.0108329743482,0.215497310655,0.062997266524
C001301,4,0.00157310859722,0.0103150644823,0.0025165182317,0.00829037940737,0.0025165182317,0.00147958184136,0.00918969394616,0.964119135262
C001304,2,0.00514756913691,0.109106141074,0.0220315759412,0.0174267671947,0.0317479108291,0.0463839164547,0.02032523136,0.747830888009
C001306,2,0.00530451087796,0.00556171358486,0.868510728756,0.00509511439843,0.00556171358486,0.00424300257097,0.00541322748452,0.100309988743
C001307,4,0.00308618707021,0.00321047621704,0.00456388194167,0.538988943878,0.151544368133,0.0384154438039,0.240942587635,0.0192481113212
C001308,1,0.00494265470933,0.00542113694125,0.00512713093706,0.00568830110521,0.00542113694125,0.00308260212631,0.00678974865374,0.963527288586
C001309,2,0.0147078351454,0.143134882038,0.0161532102102,0.0147980388898,0.631817577071,0.00966920190063,0.0136913240854,0.156027930659
C001310,0,0.143547225366,0.00549472973069,0.0590391230727,0.00599773964379,0.755034120106,0.00532573771514,0.00635049425842,0.0192108301069
C001311,2,0.00801113906081,0.0294042054124,0.202733953736,0.043143823101,0.024980643252,0.126249164846,0.0259941045755,0.539482966016
C001312,4,0.752151228094,0.00653939126409,0.00653939126409,0.137575079302,0.0461148024603,0.00620040983255,0.00651647322825,0.0383632245545
C001316,0,0.0396706765483,0.0395927879282,0.023997398503,0.0191460962969,0.0215416869308,0.0215416869308,0.399245799771,0.435263867091
C001317,0,0.0152438053394,0.00593912973988,0.00593912973988,0.00266425188693,0.0460419621415,0.00211200819751,0.00516788212362,0.916891830831
C001318,3,0.00523929114847,0.0132394317744,0.0132394317744,0.0107900405748,0.0132394317744,0.140385578788,0.290592692737,0.513274101429
C001319,1,0.0116643684825,0.00746631741558,0.749791034551,0.00684826348391,0.00811541776771,0.0879559747187,0.00903873071478,0.119119892865
C001320,0,0.620826748535,0.023952314114,0.0270891543233,0.0762943431875,0.0270891543233,0.0270891543233,0.0271459655426,0.170513165651
C001321,4,0.722743074545,0.0113185544132,0.0113185544132,0.148900011906,0.0142305437655,0.0107318362275,0.0169929522462,0.0637644724832
C001322,0,0.00960604239219,0.0231020745581,0.00544275546393,0.855894998665,0.0583460189261,0.00638838853866,0.00442399873334,0.036795722723
C001323,2,0.0200473072443,0.0107594966999,0.0090888612883,0.00538264272651,0.235367856664,0.256926924588,0.184718185441,0.277708725347
C001324,1,0.0955292992222,0.00905495217704,0.00585851721442,0.00797407023961,0.0465256505859,0.020315614141,0.0103368247515,0.804405071668
C001326,4,0.0143286741525,0.0149057288304,0.0149057288304,0.0145529428666,0.0149057288304,0.72139526028,0.0150272332286,0.189978702981
C001327,4,0.773611080016,0.0122253651605,0.0145109845625,0.00979366880925,0.0145109845625,0.013438008845,0.0155944886035,0.146315419441
C001328,2,0.0230157541417,0.0244379426789,0.0318661068836,0.163233001604,0.0652875836817,0.0243104883721,0.0357092543756,0.632139868262
C001331,0,0.049708458469,0.0236112528251,0.00734225947688,0.00756218229923,0.130682982334,0.0436445485482,0.473325389873,0.264122926174
C001332,0,0.389048675185,0.0246772695336,0.0246772695336,0.0224894497468,0.081693196735,0.0246772695336,0.0459843949468,0.386752474785
C001333,3,0.0110081776856,0.558232876291,0.0112953241225,0.00920560698256,0.00911010059108,0.318308961971,0.0121451616303,0.0706937907256
C001335,3,0.843335240006,0.00463936220871,0.00463936220871,0.00378104644718,0.00463936220871,0.00453649222843,0.107072376634,0.0273567580585
C001336,0,0.00194582016116,0.00240735308051,0.00579205279745,0.00115283292444,0.00261656416606,0.00107039073057,0.000693853853873,0.984321132286
C001337,3,0.00708903061792,0.145189936515,0.00131537996633,0.00229607248249,0.431805781507,0.39724686399,0.00410178651629,0.0109551484053
C001338,3,0.0162990159415,0.0078165612978,0.34480610111,0.0184553404816,0.451140340999,0.0114787085764,0.0282955193308,0.121708412263
C001339,3,0.00263092463856,0.0136158370106,0.014996770554,0.010349792034,0.0126992446936,0.0666302323728,0.776614994383,0.102462204313
C001340,1,0.00975061286369,0.00640344169907,0.00610199979398,0.00463385273434,0.00640344169907,0.0374575070433,0.200929873889,0.728319270278
C001344,0,0.0460767147283,0.0367636844389,0.255384840214,0.0390172729505,0.00839605520953,0.00934309596945,0.00751898128022,0.597499355209
C001345,1,0.0121189697015,0.00537721203683,0.0022441625471,0.00473533881092,0.0168562902754,0.00277398818097,0.00816533680254,0.947728701645
C001347,1,0.233444023695,0.0120265560615,0.0113743165534,0.0108375907136,0.0255474897137,0.0113950878634,0.0180725604189,0.67730237498
C001348,3,0.00411999019586,0.00714087883504,0.00745986614369,0.0112292580716,0.00745986614369,0.00238334932993,0.0073554086095,0.952851382671
C001350,1,0.0193942557547,0.0185678387634,0.262419133962,0.56432798945,0.0149937924152,0.00873285947367,0.00688082919363,0.104683300987
C001351,0,0.0187366784707,0.022742507114,0.394090172985,0.0293465366441,0.022742507114,0.141976757001,0.021402027267,0.348962813405
C001354,3,0.58978099303,0.129725242041,0.0153088880233,0.0124766323617,0.00649852377153,0.0151644748993,0.0214149716986,0.209630274175
C001355,2,0.011791675891,0.0121704682347,0.385106687087,0.0111494284976,0.0121704682347,0.00936678069884,0.426355413291,0.131889078065
C001356,1,0.22284889692,0.00409723882988,0.00387503215449,0.72268275811,0.00409723882988,0.00380974443711,0.00575658485044,0.0328325058682
C001357,3,0.0136695326066,0.00327134580475,0.0132568795994,0.00444398323702,0.0040410815029,0.0177581901362,0.00520121399312,0.93835777312
C001358,3,0.00586628666579,0.133746232195,0.017999516528,0.0227416049957,0.309684059609,0.00785555320285,0.242312468555,0.259794278248
C001359,4,0.00576595524717,0.0507386655383,0.00599816594666,0.00585620249228,0.00323182379148,0.00568723992968,0.86573726343,0.056984683624
C001360,3,0.010114701226,0.215890889009,0.0180600641074,0.365211546448,0.012992418234,0.0178896983516,0.0199596182593,0.339881064365
C001361,2,0.0338432352449,0.0390423454183,0.0390423454183,0.0357668932882,0.0390423454183,0.0327014589936,0.0367545254959,0.743806850722
C001363,4,0.00434675787702,0.00805954707148,0.0200688131954,0.0147602324367,0.0154141254235,0.103195365821,0.00828041611087,0.825874742064
C001364,1,0.00554649409314,0.00608343204026,0.00575350760462,0.741247879003,0.193683849759,0.00565657076295,0.00841736619124,0.0336109005467
C001365,0,0.00343102263349,0.00422156824467,0.00347189288856,0.00403027303132,0.00222499152839,0.00331397303713,0.00888235708253,0.970423921554
C001366,4,0.010804701806,0.0299688530831,0.0363055440543,0.0292595559504,0.0299688530831,0.13819941436,0.0427194460699,0.682773631593
C001367,0,0.765294383644,0.0125219485547,0.0125219485547,0.0120835763564,0.0600917797949,0.0125219485547,0.0212584758658,0.103705938675
C001368,0,0.229489067713,0.354943135951,0.0141991008498,0.0288051819489,0.0285112904444,0.0138980755169,0.0366624518806,0.293491695695
C001369,2,0.0472121534561,0.0117645822834,0.013233699336,0.161550367497,0.00906789155743,0.0147674439373,0.0306902192519,0.711713642681
C001370,4,0.00650988303904,0.015910429153,0.0967656722311,0.0152668567652,0.00710399131743,0.808305288309,0.00308958579495,0.0470482933904
C001371,2,0.0194064067828,0.167742505287,0.0170383826589,0.0173315594796,0.0567763206341,0.290251851596,0.0203640400625,0.411088933499
C001373,2,0.00232111038471,0.00537490950858,0.00537490950858,0.094062515142,0.127920007785,0.00410049070591,0.690044206003,0.0708018509628
C001374,4,0.0774635150647,0.0285151932427,0.0285151932427,0.0278403010555,0.0285151932427,0.0270370555024,0.0330869748936,0.749026573756
C001377,4,0.00674252773581,0.00701406766541,0.00701406766541,0.00684806004176,0.00253141882657,0.0524685033316,0.0122595377015,0.905121817032
C001378,0,0.560299226493,0.0221067855873,0.353907457265,0.00626116757483,0.00717440563836,0.00717440563836,0.00768833716552,0.0353882146377
C001379,3,0.28986711044,0.0949549584596,0.00790620211717,0.00644349720521,0.529229954527,0.0204518346111,0.00884662080799,0.0422998218318
C001380,2,0.108123489323,0.0227711516287,0.0313137895847,0.0208607690349,0.0227711516287,0.0333259704187,0.172571366883,0.588262311498
C001382,4,0.00484587976805,0.00492321304535,0.0172211948382,0.00480669137243,0.00492321304535,0.0123373475341,0.0399736913084,0.910968769088
C001385,2,0.0757685025623,0.0182499885574,0.0203572858515,0.0717942921835,0.0182499885574,0.0299195871337,0.0206229201584,0.745037434996
C001386,3,0.0111939601746,0.222632063567,0.518728542892,0.0719208625448,0.015117415516,0.011901469543,0.0197215735414,0.128784112221
C001389,3,0.0061047424938,0.182421667896,0.0146098995576,0.00818901966444,0.0146098995576,0.0930014154559,0.220001383918,0.461061971456
C001391,0,0.0091478605907,0.218300305318,0.0125972256907,0.00966601908313,0.675144427888,0.0108754470743,0.0183303138474,0.0459384005079
C001397,1,0.381232072597,0.00522094418386,0.518315967865,0.00459772451861,0.0307555987067,0.00498756187843,0.00646152553969,0.0484286047109
C001399,2,0.0101509525385,0.0115349695594,0.011741328342,0.841814069088,0.0115349695594,0.0138559313935,0.0144036033618,0.0849641761572
C001400,1,0.00745392521756,0.00342585894694,0.0077321303698,0.0159143368895,0.311029280839,0.00760185709149,0.599566539057,0.0472760715892
C001402,1,0.0150109982204,0.0164641638478,0.0155712583415,0.014498850617,0.0785216218463,0.0155996939343,0.625452866193,0.218880547
C001403,1,0.0104647046552,0.0501238154528,0.010698812132,0.341108118607,0.0366161478989,0.0162670811972,0.01787504895,0.516846271107
C001404,0,0.405083956989,0.0164444660867,0.0105454165384,0.00904678704668,0.180153535886,0.0512678059376,0.0117526265906,0.315705404925
C001406,1,0.897029190474,0.00664255350263,0.00628230607961,0.0058496375425,0.00664255350263,0.0198407322849,0.00733870061377,0.0503743260003
C001407,1,0.0155220171252,0.0214137447786,0.0142708647726,0.0104621901333,0.061808065468,0.656307006081,0.0313853915483,0.188830720093
C001408,0,0.00766412989981,0.00344421625369,0.00271488220336,0.00561261428878,0.00232852154988,0.00253844744156,0.00434028317747,0.971356905185
C001409,2,0.00627068459423,0.0168186407329,0.0168186407329,0.0154076432115,0.0271990235073,0.168727029212,0.0225819833859,0.726176354624
C001410,3,0.0129087368461,0.0065724629022,0.162818229636,0.0112919925067,0.0138553292134,0.0464502849978,0.683446671333,0.062656292565
C001413,2,0.00709891106158,0.00163626455812,0.0627670507357,0.00462628180256,0.0164865530703,0.00500480961122,0.00586567640893,0.896514452752
C001414,0,0.00419420908926,0.032243234935,0.100001201781,0.00437279707917,0.830261178658,0.00406892653827,0.00606540381697,0.0187930481015
C001415,3,0.0145076374498,0.00288294556947,0.00521905298684,0.00756821558318,0.00717320220281,0.0196963265109,0.00376371779633,0.939188901901
C001416,1,0.908842758986,0.00643304497432,0.00608415988469,0.00566513786897,0.00643304497432,0.00610481237035,0.00781182716303,0.0526252137781
C001417,0,0.00452443825839,0.735447497489,0.00534940385372,0.00467376793114,0.00534940385372,0.00534940385372,0.211679837823,0.0276262469377
C001419,0,0.117342694682,0.00618071293058,0.821380664334,0.00549337316676,0.00618071293058,0.00618071293058,0.00909553237095,0.028145596654
C001420,0,0.0117450623264,0.0140759164592,0.0140759164592,0.0127799597152,0.609927651792,0.0830998540084,0.0215664114949,0.232729227745
C001421,3,0.227186631315,0.0349555875576,0.0131413431048,0.0107100990227,0.61926340166,0.0130173770526,0.0213759846037,0.0603495756844
C001422,3,0.00540035502443,0.00579636083876,0.14359103481,0.00472399191311,0.792856273024,0.0056678363782,0.00677694760121,0.0351872004101
C001423,1,0.0244175765516,0.605942221377,0.0158089661987,0.0147201873026,0.0579437782209,0.0873544832752,0.0234157858205,0.170397001254
C001424,1,0.0520569903432,0.0134843230172,0.0409139159399,0.0524391773337,0.00692576968455,0.625302463876,0.0160423650636,0.192834994741
C001425,2,0.0556481356597,0.783926499249,0.0361649838566,0.0770080148768,0.00164725550746,0.00243036044884,0.0193881912307,0.023786559171
C001427,3,0.709162913015,0.0201004854279,0.0201004854279,0.0163817493859,0.0201004854279,0.0495889549077,0.0217540939609,0.142810832447
C001428,4,0.00365971437112,0.0388220450894,0.856266018834,0.00584526989121,0.00598696832234,0.00567662275491,0.0302928182869,0.0534505424505
C001432,0,0.00615045332122,0.0259005137993,0.00859471994764,0.041292867816,0.0113704814357,0.0259039865275,0.623000457906,0.257786519246
C001433,4,0.00277498130869,0.832171708551,0.0614991881878,0.00275254016888,0.00281926602257,0.00267312415804,0.0840431538095,0.0112660377939
C001436,1,0.00569801757146,0.00621977430944,0.646837229456,0.00390197682386,0.00621977430944,0.00578334618979,0.292602188689,0.0327376926507
C001437,2,0.126702391713,0.0337026079957,0.0337026079957,0.0308751323928,0.0441040898679,0.0257115455861,0.0392877330299,0.665913891418
C001438,2,0.0163631895884,0.0301584020258,0.0420225801101,0.00661492358421,0.00299974249878,0.0244182911481,0.0071206437018,0.870302227343
C001439,4,0.406684059504,0.00733907586094,0.00733907586094,0.497217492079,0.00733907586094,0.00695864130043,0.00872200093156,0.0584005786027
C001440,1,0.301246340087,0.0195404477477,0.0184807052943,0.0209809080265,0.0195404477477,0.0186097010561,0.0269719507757,0.574629499265
C001441,2,0.00815271610276,0.166232288705,0.405980857277,0.00746761424166,0.00815148165999,0.361369029674,0.00911959397832,0.0335264183612
C001442,0,0.00266543685133,0.00319178403525,0.950153368016,0.00297091520925,0.00198067104775,0.00319178403525,0.00480391489563,0.0310421259098
C001444,0,0.0224027705637,0.0271923953713,0.0271923953713,0.0277711086281,0.0271923953713,0.144757440383,0.0444145244128,0.679076969898
C001445,4,0.0240515609434,0.0250201827157,0.0250201827157,0.287489174661,0.0250201827157,0.0237232153052,0.0350437458144,0.554631755129
C001446,2,0.0149418400793,0.0184490241117,0.0184490241117,0.0091218478515,0.148324448513,0.0138879591444,0.0181869267363,0.758638929452
C001448,2,0.0139472189541,0.0153237867554,0.0153237867554,0.765292700652,0.0153237867554,0.0146438502742,0.0198765943036,0.14026827555
C001449,3,0.00847511134588,0.54823803248,0.063891107058,0.00752388268962,0.06743892587,0.00877761783752,0.251627252275,0.0440280704444
C001450,1,0.825843236482,0.00952036369072,0.0109122551062,0.0101607174712,0.0115379985405,0.0107284021215,0.0143982460461,0.106898780542
C001451,4,0.00293058338694,0.854414881395,0.0108241623463,0.0105679781241,0.0108241623463,0.00819689501451,0.0147453861996,0.0874959511868
C001452,1,0.004683268586,0.00513664049593,0.0031107495642,0.10244385208,0.00513664049593,0.521106278218,0.331866797494,0.0265157730657
C001453,4,0.0175266990995,0.0183065271441,0.0182325469397,0.359410975831,0.0182325469397,0.0172874291737,0.0281750093784,0.522828265494
C001456,4,0.00376104384116,0.0241560947421,0.117803637294,0.00640192422227,0.0123862934867,0.575052875402,0.217122412987,0.043315718025
C001457,3,0.565297896917,0.0130044614763,0.141907978999,0.0292447815152,0.100712003091,0.0128817866677,0.0201091027312,0.116841988602
C001458,2,0.239793309801,0.0371977794852,0.0944627212418,0.0340770769571,0.0371977794852,0.028377993865,0.362013298672,0.166880040492
C001459,4,0.0431672209256,0.00624061995882,0.00624061995882,0.742060389093,0.155183041496,0.00591712589004,0.00803846434383,0.0331525183337
C001460,4,0.0145253945836,0.0353372381345,0.0181217193143,0.0176928178974,0.016974018626,0.122288071738,0.0168384046158,0.758222335091
C001461,3,0.0129235905752,0.0133631569948,0.811880689253,0.0108908757293,0.00815567970527,0.0125422547044,0.0131002502024,0.117143502835
C001462,4,0.00618673320123,0.00643588977332,0.00643588977332,0.00628356635441,0.614164673399,0.0428426274331,0.286927353407,0.0307232666584
C001463,3,0.0249669698559,0.301235576804,0.0239658827,0.0195320200407,0.0239658827,0.0648173707308,0.0314663837293,0.51004991344
C001465,1,0.0040331236352,0.00792419578574,0.0814649183178,0.0264927263448,0.0656230539688,0.00650483601874,0.235071078947,0.572886066982
C001466,1,0.00347767922451,0.00768260471514,0.00555470926559,0.0110178415191,0.0297526164354,0.0114858771026,0.805757248267,0.125271423471
C001467,4,0.789308946697,0.00994108115372,0.00994108115372,0.0097057975298,0.00994108115372,0.00942576684013,0.0118592364813,0.14987700899
C001468,4,0.00256170183963,0.906104095511,0.00250688041993,0.00414758425087,0.00119139644727,0.00402791856913,0.00508104801048,0.0743793749519
C001469,3,0.0179722887691,0.679729185185,0.039932838778,0.0563360170091,0.0194605846892,0.0129308706079,0.0165532798509,0.157084935111
C001470,1,0.0393871882779,0.0087737234564,0.400504135315,0.00772641155208,0.0133669480921,0.0081580902453,0.467133641511,0.0549498615503
C001471,0,0.0861512872275,0.0948916441326,0.148474398955,0.0260417738667,0.0148844609699,0.0135662067439,0.0138968119441,0.60209341616
C001472,0,0.0028924507602,0.00341559785073,0.00341559785073,0.0167003271402,0.0026047608721,0.0114063593805,0.00464061501713,0.954924291128
C001474,2,0.630383893972,0.0261340509549,0.0118003750663,0.0108103842439,0.0118003750663,0.221066542286,0.0115175859426,0.0764867924679
C001475,3,0.0288450818391,0.0276884961138,0.0276884961138,0.200680008445,0.0276884961138,0.0259875844291,0.0255424867825,0.635879350163
C001477,1,0.00839252962024,0.15306080376,0.0149854045836,0.62953767301,0.0246761566998,0.015036272059,0.0174474851963,0.136863675071
C001482,4,0.0134641132764,0.021183190251,0.540242302591,0.0209499417825,0.055250022412,0.037240152328,0.0289006156283,0.282769661731
C001484,0,0.0071092347598,0.436380632981,0.327217776778,0.00743858344038,0.00855924234025,0.00836931106982,0.172151146489,0.0327740721411
C001485,0,0.00806924374681,0.0027612069451,0.0012325922539,0.00260349070239,0.0027612069451,0.00905652835433,0.0046682504483,0.968847480604
C001486,2,0.0983600350239,0.00572598001148,0.00572598001148,0.812392534645,0.00553753758277,0.00431037305713,0.00515707994713,0.0627904797211
C001487,4,0.00942280480395,0.336240059454,0.0686881440371,0.00957028811563,0.00980228678065,0.0108680817425,0.43428604251,0.121122292556
C001489,3,0.0224732977427,0.0240824922711,0.0257811369702,0.068095898883,0.119803563427,0.09086969223,0.0214245348613,0.627469383614
C001492,4,0.00895695290582,0.0175884547556,0.0093176737596,0.221130052032,0.0093176737596,0.184749713148,0.0129681202656,0.535971359373
C001493,1,0.0815310642269,0.00971150359391,0.0768191719017,0.0108786144001,0.0490319189727,0.0556183904385,0.0121727111761,0.70423662529
C001496,4,0.0035077227079,0.0144628242134,0.132240220885,0.0218586733924,0.0438035636563,0.0292619317547,0.0208916475002,0.73397341589
C001497,4,0.884800985028,0.00803093531593,0.02099010141,0.00784086066153,0.00299109722614,0.00319820876507,0.010937601552,0.0612102100409
C001498,0,0.382427146724,0.00573840672572,0.00573840672572,0.0050136392884,0.0812219904681,0.493671681541,0.00651663806117,0.0196720904654
C001499,0,0.00844548463007,0.656601818119,0.00994240454741,0.00868666730028,0.00994240454741,0.0257801729799,0.245594871294,0.0350061765823
C001500,3,0.0185715791542,0.0199334254204,0.576489266295,0.0162455966953,0.0199334254204,0.121544960761,0.0207014276781,0.206580318576
C001501,3,0.709312575718,0.0181565824463,0.0251187304724,0.015897687931,0.0181565824463,0.0170412187548,0.0273746186094,0.168942003622
C001503,3,0.0036425437193,0.00265407278575,0.00265407278575,0.00210897968874,0.00652411197913,0.00136524903482,0.00189736337239,0.979153606634
C001504,2,0.90313233218,0.00335200986256,0.00335200986256,0.0648031568258,0.00335200986256,0.00261449608686,0.00403357620998,0.0153604091097
C001506,2,0.00560152709999,0.00808313899508,0.00767546927024,0.303907518233,0.00230842549268,0.00585557586705,0.596519260764,0.0700490842783
C001509,4,0.00563011822159,0.00686394264355,0.136875597869,0.68928309437,0.00585685839463,0.00555325731575,0.120496813537,0.0294403176485
C001510,1,0.0135406454052,0.320140177366,0.0101715983121,0.0888711856098,0.00562768279232,0.0101301593152,0.160316434726,0.391202116473
C001513,1,0.00996663042823,0.828808048087,0.0102892383364,0.00980371465146,0.0108792560064,0.0103241648261,0.014304011117,0.105624936548
C001514,3,0.00708323192981,0.00837631591645,0.301977625798,0.608908352693,0.00837631591645,0.00829729973007,0.0104434705157,0.0465373875007
C001515,0,0.0292552741544,0.0184496435901,0.0184496435901,0.0104961660325,0.0845682315243,0.0125078891847,0.0198734177301,0.806399734194
C001516,3,0.00272645430084,0.00295223360276,0.00248081378163,0.00141818151748,0.00295223360276,0.000726131040068,0.0012180475904,0.985525904564
C001517,1,0.00750257900129,0.0110632898802,0.0509407091963,0.00724660482833,0.0164687059759,0.848005574919,0.00819239622376,0.0505801399757
C001518,2,0.00156588440384,0.566346325133,0.231139483581,0.0369947575354,0.0210778552748,0.0046295983319,0.00571843196984,0.13252766377
C001520,4,0.00862248404827,0.255883032457,0.0087600865027,0.00855275443625,0.00449375755667,0.660783099694,0.0104741272406,0.0424306580651
C001524,3,0.0112461366909,0.579343471184,0.0119340418778,0.184725508125,0.130773778682,0.0116694247607,0.0161093537712,0.0541982849079
C001525,4,0.0257449485915,0.0607036842705,0.0267817676899,0.0533734156664,0.301630439826,0.0649512747271,0.0326379672271,0.434176502001
C001526,3,0.00570276518741,0.906213693108,0.00601309036035,0.00490062489643,0.00601309036035,0.00587976029061,0.0111733862028,0.0541035895937
C001527,4,0.233787039558,0.200102305696,0.011170728203,0.00810009128872,0.00804894799945,0.469488731743,0.00821405432708,0.0610881011851
C001530,0,0.0106005215673,0.0128668716568,0.0128668716568,0.713977860902,0.0128668716568,0.0128668716568,0.00983306123479,0.214121069669
C001533,4,0.0117002827958,0.24900842889,0.0103675684921,0.181318036843,0.0103675684921,0.301524712746,0.0437808471884,0.191932554553
C001534,2,0.00164906944728,0.310108340537,0.00422941687204,0.622583629099,0.00262480008958,0.017292569424,0.0158797225116,0.0256324520195
C001536,3,0.0102405083561,0.00997605598675,0.00997605598675,0.0104870638056,0.00997605598675,0.740516848937,0.010779277564,0.198048133377
C001538,3,0.0238504762126,0.020737546988,0.020737546988,0.0169009499226,0.00580369709283,0.010516524192,0.760586703921,0.140866554683
C001539,1,0.0251604050498,0.369962930715,0.0112612464791,0.0104856734684,0.377046147527,0.0675104522649,0.013780627068,0.124792517428
C001540,2,0.0201132485086,0.465221501513,0.0235543280727,0.298014870055,0.0336821100813,0.0179694752426,0.0272746547343,0.114169811792
C001541,1,0.0941958150155,0.00686700889839,0.0206775768697,0.0234819404501,0.0456809904308,0.13265228328,0.507062098704,0.169382286352
C001543,2,0.0663617689516,0.0166886642984,0.150958953667,0.0179982684737,0.0085883075164,0.414376170747,0.0205029293239,0.304524937022
C001545,3,0.104944048931,0.0224114908229,0.21834950202,0.25931934604,0.0172103503488,0.0244700810384,0.0233373627501,0.329957818049
C001548,3,0.00447799839399,0.00210329709192,0.931526611954,0.00230753350915,0.0345396488431,0.0028046457541,0.00358703265611,0.0186532317976
C001549,0,0.00373984954368,0.00571844342323,0.00453941476262,0.92883030895,0.00453941476262,0.00453941476262,0.00542582676222,0.0426673270327
C001550,3,0.08602347773,0.23958329851,0.473512753805,0.0108229138122,0.0303292680645,0.00800816398651,0.0246705656532,0.127049558438
C001552,1,0.0132013777688,0.0056921997616,0.0303522431048,0.021642954844,0.00470891192947,0.00468827826859,0.781316342986,0.138397691336
C001553,3,0.0230201365677,0.0283770746294,0.130152542411,0.0268568459753,0.4422406663,0.0263142197569,0.0216889030303,0.30134961133
C001554,1,0.358551221058,0.186282588054,0.29570870492,0.00916576736971,0.0104081833624,0.0613197692016,0.012885277435,0.0656784885984
C001555,0,0.00841514398206,0.010354086348,0.0682785916037,0.00920263742208,0.010354086348,0.102221486265,0.0131879207706,0.77798604726
C001558,3,0.0099807694794,0.00278118678448,0.110443993886,0.00840349775446,0.0323927907609,0.0476994357179,0.00479233993902,0.783505985677
C001560,4,0.0137533281819,0.0132079552062,0.53066287347,0.0128953518266,0.0132079552062,0.0125232964386,0.329508453179,0.0742407864917
C001561,0,0.0220337618202,0.0251238902878,0.0251238902878,0.0229922841262,0.0251238902878,0.0251238902878,0.0205191881306,0.833959204772
C001564,3,0.00986436442757,0.011218145379,0.8368990588,0.0117911117399,0.0144677509174,0.0143312724805,0.0158722256616,0.0855560705937
C001567,2,0.00635646326737,0.721953861419,0.132887434278,0.00619545825899,0.0854588895817,0.0054985775883,0.00843900153012,0.0332103140768
C001568,1,0.0256462628408,0.0100304413984,0.00608351187685,0.00883311614256,0.0299411233888,0.128463661222,0.635042126886,0.155959756245
C001569,0,0.00324709153438,0.480401648367,0.00396302788372,0.00359815553402,0.466081859467,0.00396302788372,0.00707442960703,0.0316707597228
C001570,0,0.0820589291325,0.273676583275,0.00430579067174,0.00415505223722,0.00440350532062,0.588420982298,0.0264102674744,0.0165688895913
C001571,1,0.00168612941516,0.0820812044961,0.00174070740794,0.023636630229,0.00184052511023,0.849047025642,0.0287380037786,0.0112297739213
C001572,4,0.381308746525,0.0198418868801,0.0198418868801,0.268572194404,0.0198418868801,0.0188133460041,0.0202811318275,0.251498920599
C001573,4,0.0434096909088,0.0125993132815,0.00702132566354,0.00758586095658,0.0744770411735,0.113364014479,0.0176128697843,0.723929883752
C001574,1,0.0244819376774,0.0268519539683,0.0253956845959,0.0288313954631,0.049515720621,0.2688013324,0.0318805306559,0.544241444619
C001575,0,0.0174371524447,0.00643051644026,0.00643051644026,0.864389884418,0.00535126723455,0.00643051644026,0.012868905603,0.0806612409786
C001576,2,0.0164585748528,0.0187028584426,0.0187028584426,0.018442139393,0.16138169533,0.0390246624666,0.0233469247201,0.703940286352
C001577,4,0.0123640484288,0.460871527508,0.0105433737637,0.00992266467244,0.122828816263,0.183270773206,0.146946122647,0.0532526735116
C001578,0,0.00602071681614,0.0154198891649,0.00720963537549,0.00676533513628,0.00720963537549,0.841950847655,0.00864698544672,0.10677695503
C001579,0,0.0183802991918,0.806984981223,0.0145412439058,0.00683824790793,0.0182537479049,0.0107202819986,0.0127462957554,0.111534902113
C001580,0,0.0108847806161,0.00622486435801,0.321452559823,0.00534023687319,0.501610079835,0.0444727839203,0.0787075763409,0.0313071182331
C001581,2,0.00190250874259,0.00266200566132,0.00447315131113,0.0170038491693,0.00447315131113,0.00341254403411,0.00479120406747,0.961281585703
C001582,2,0.0942865028149,0.518167128681,0.00713398842024,0.00942288069155,0.145432010699,0.0838512898367,0.0105355417727,0.131170657083
C001583,1,0.0123454963392,0.01354062345,0.0128062711106,0.0119242907491,0.800685098611,0.0135178559443,0.0191839706502,0.115996393146
C001584,0,0.0172902117786,0.0209867914953,0.0209867914953,0.0183361353433,0.0209867914953,0.0209867914953,0.0447794514,0.835647035497
C001585,1,0.00814917241269,0.133357588442,0.00841295137835,0.0078335432248,0.0163475765641,0.566874233752,0.196635137662,0.0623897965644
C001586,4,0.0379561675092,0.0124768711011,0.0124768711011,0.540769430992,0.00388042399607,0.253057123019,0.0129449794885,0.126438132792
C001587,1,0.00619703665389,0.00679695149799,0.0046875223553,0.0228711896586,0.035128108924,0.00351209952026,0.0164991066038,0.904307984786
C001589,3,0.0194028664962,0.0209462990381,0.182393336217,0.458640758787,0.0183844224646,0.0204819620833,0.015750213354,0.26400014156
C001590,4,0.0101112949454,0.0105185042926,0.019610143306,0.835909624724,0.00641948585356,0.00997325818349,0.0112682829856,0.0961894057089
C001591,2,0.0129454138287,0.0127719014637,0.62655923831,0.00637480362149,0.189013318172,0.0127274870087,0.0147594582226,0.124848379373
C001592,1,0.0294806367014,0.0321801230835,0.0304348896565,0.0283388091699,0.419445055048,0.0304904686027,0.0621285550679,0.36750146267
C001593,4,0.0183488844659,0.0190878439469,0.729951578627,0.0186360764754,0.0190878439469,0.0180983902799,0.0493566267447,0.127432755513
C001594,4,0.0254839182878,0.0117674278108,0.665134085866,0.0114889185605,0.0117674278108,0.011157441443,0.0162617325886,0.246939047633
C001599,3,0.00509978946955,0.00552210606809,0.00552210606809,0.00259906587055,0.890671867747,0.00547001446044,0.00574042390895,0.0793746264071
C001600,2,0.0975147902877,0.014443908203,0.014443908203,0.351517460893,0.014443908203,0.0110191829739,0.245336962288,0.251279878947
C001601,4,0.189835496216,0.413429816863,0.0137553710489,0.0134298115349,0.0137553710489,0.0130423359694,0.255394384265,0.0873574130546
C001602,0,0.0220337618202,0.0251238902878,0.0251238902878,0.0229922841262,0.0251238902878,0.0251238902878,0.0205191881306,0.833959204772
C001603,0,0.37140592589,0.0661490026289,0.0188865153701,0.0162025162293,0.0139385622464,0.0886884281221,0.101738195265,0.322990854248
C001604,4,0.005116777179,0.130755681824,0.0195504307347,0.0190877148468,0.0195504307347,0.0116428809572,0.516590651626,0.277705432098
C001605,1,0.00756603786516,0.00651289790276,0.640024309698,0.105494627984,0.00306607296219,0.00504904322961,0.183762614482,0.0485243958761
C001606,1,0.00731072675985,0.00747267733494,0.00239364365879,0.00185305671585,0.00579934220255,0.00302526723244,0.928187761352,0.0439575247439
C001607,3,0.00823336725114,0.859768695229,0.00868139922021,0.00707527720437,0.00868139922021,0.00859950509568,0.00959047575545,0.0893698810235
C001608,4,0.00564348218366,0.897989719608,0.00587076055979,0.00573181251195,0.00587076055979,0.0055664388365,0.00722371798126,0.0661033077587
C001611,1,0.00850032938749,0.00594340310688,0.0168819832344,0.550349879881,0.00338109116942,0.00552636735716,0.00766003099746,0.401756914866
C001612,2,0.0121177743324,0.0185135671053,0.187735647071,0.19131235855,0.0907167104873,0.0117430860637,0.339202744025,0.148658112366
C001613,2,0.039976039188,0.0118923170843,0.153457633954,0.0108946127991,0.0118923170843,0.197644365547,0.530064115951,0.0441785983925
C001614,2,0.00514007686338,0.00573816625452,0.911643284295,0.00525676359595,0.00573816625452,0.00431954655294,0.00441280847902,0.0577511877047
C001615,1,0.00141175643495,0.00216244570928,0.820394091924,0.00338327921731,0.110662539362,0.00911496659562,0.0044581574572,0.0484127632995
C001616,3,0.0172013803926,0.469393829505,0.0172972980914,0.227821398869,0.0172972980914,0.0997674623759,0.0300383217678,0.121183010907
C001617,2,0.0068037841163,0.00452413865323,0.00452413865323,0.746876874086,0.00452413865323,0.117590289076,0.0867219676613,0.0284346691007
C001618,2,0.00583211120008,0.095158330458,0.00650679927247,0.0917846105295,0.00282084012614,0.0116392584562,0.0073826456034,0.778875404354
C001619,3,0.00630538023374,0.0147944722215,0.301138673154,0.150624244483,0.00767551895459,0.369334038746,0.0152616729184,0.134865999289
C001621,2,0.00390438657879,0.00743259466031,0.00800730216755,0.00733553066765,0.294077381665,0.00610872947069,0.624955156151,0.0481789186388
C001622,2,0.0264104973877,0.0487510856786,0.0169053084529,0.0154870399553,0.111066321279,0.014338580437,0.0150614428546,0.751979723955
C001623,4,0.139880076245,0.177032233713,0.407179627787,0.00395000697274,0.059406778998,0.0247498917785,0.0703473857172,0.117453998788
C001624,1,0.874938899425,0.00928766080626,0.00878396055454,0.00817900063775,0.00928766080626,0.00863596572217,0.0113762780954,0.069510573953
C001625,0,0.0126367472702,0.0151445598114,0.0091222215143,0.0134603757568,0.0151445598114,0.646731465694,0.0274414637453,0.260318606396
C001626,3,0.0198711417944,0.0208525163874,0.0208525163874,0.372643367457,0.0208525163874,0.0195715407564,0.0219226674847,0.503433733346
C001627,0,0.00584709926933,0.0112967597921,0.0112967597921,0.320876270956,0.0296327694022,0.15347245301,0.0143310797248,0.453246808053
C001628,4,0.00416274766424,0.263058579831,0.0115120386198,0.0349551569083,0.0192913914169,0.00473973264767,0.548648058489,0.113632294423
C001631,3,0.0215536301015,0.0226864826111,0.302747466743,0.0184893182763,0.0226864826111,0.021292845947,0.0229848372162,0.567558936494
C001634,0,0.0915526482469,0.00607380543505,0.00607380543505,0.796034576507,0.0608742850711,0.00607380543505,0.00682967037775,0.0264874034922
C001635,2,0.405054530575,0.158388815944,0.0199998405567,0.0183219567192,0.0133532840786,0.00763647715922,0.249003498844,0.128241596122
C001636,2,0.246230362873,0.0074511548537,0.535592074959,0.00682604125523,0.0356258576988,0.122921671119,0.00758289734732,0.0377699398945
C001637,4,0.0246454289096,0.0277568582115,0.271300385498,0.0333305452473,0.013631520775,0.0153765684114,0.0136721463692,0.600286546578
C001639,2,0.0176307929018,0.011985193059,0.011985193059,0.0109796969569,0.793534688357,0.00902215046896,0.0160638746979,0.128798410499
C001640,0,0.00801409352521,0.0133143962547,0.0133143962547,0.264574827097,0.246746673266,0.0117851724514,0.0134069167396,0.428843524412
C001641,1,0.0266039796917,0.0266301794952,0.0251859376785,0.0234513576258,0.0179267445209,0.0247615973594,0.0316421836828,0.823798019946
C001642,3,0.0230320816961,0.0311760734039,0.0311760734039,0.0327730188592,0.0280265925061,0.0292609189181,0.0311744838275,0.793380757385
C001644,0,0.0109772180963,0.00672893617593,0.010850338116,0.0140537758633,0.0466742129897,0.0258475151536,0.010937072481,0.873930931124
C001645,4,0.0164529972428,0.570197986485,0.0171156041891,0.0167105153142,0.0171156041891,0.217693768057,0.0185181187847,0.126195405738
C001646,4,0.523022063334,0.0256437535428,0.0256437535428,0.025036822046,0.0256437535428,0.0274002122963,0.0724559917929,0.275153649902
C001648,1,0.00770879528083,0.00841467514677,0.0181744226124,0.0074102225337,0.00841467514677,0.817289047967,0.00503400328877,0.127554158023
C001650,1,0.00690533065766,0.00765293566263,0.902828835079,0.00663787725292,0.00753763878122,0.00700873896007,0.00908410521651,0.0523445383898
C001651,3,0.0403035623825,0.0317233808054,0.0317233808054,0.0258543245581,0.0419596583388,0.0314241250711,0.362401526878,0.434610041161
C001652,2,0.107931063369,0.678839157694,0.00881684132391,0.109016041822,0.0489966873819,0.0123209512409,0.00635213610624,0.0277271210626
C001654,2,0.00760048328632,0.0358859387754,0.0139038953607,0.434691580725,0.336609397516,0.0106072099654,0.0145683169259,0.146133177445
C001655,4,0.00436216888922,0.0045378452942,0.0045378452942,0.0405027396705,0.507342067466,0.00430261769704,0.352758929335,0.0816557863548
C001656,1,0.00194569929683,0.119787742006,0.834345811699,0.00187033955994,0.00212386331712,0.0258189319908,0.00244494704205,0.011662665088
C001659,2,0.00936537317015,0.206194170325,0.0781432818448,0.0586186111226,0.444507099027,0.0106871354755,0.0135105279683,0.178973801067
C001660,2,0.0194015113649,0.0203422430093,0.0207061625221,0.543119518211,0.0203422430093,0.0155189921363,0.0218023296249,0.338767000122
C001662,1,0.00379075609115,0.00285536006694,0.0028158692198,0.00251451816509,0.919165059994,0.0442976781229,0.0052476691206,0.0193130892193
C001664,1,0.00779895871963,0.00855395039803,0.0080900416638,0.00753287261672,0.795296834261,0.0554983411593,0.01102590069,0.106203100492
C001665,1,0.011556900328,0.012615143926,0.0119309833711,0.0111092849285,0.012615143926,0.771290397356,0.0136778834849,0.15520426268
C001666,0,0.004119873822,0.00509707481437,0.00509707481437,0.0117687598776,0.00171296446338,0.00565143404916,0.00675020604623,0.959802612113
C001668,3,0.00819304496661,0.00823873071983,0.00823873071983,0.563869847837,0.337267331162,0.0132139175321,0.0198623609565,0.0411160361058
C001670,4,0.021097031356,0.29079650555,0.0266954479835,0.258749366535,0.0291056205319,0.22158283094,0.0318296507847,0.120143546318
C001671,1,0.00770416464686,0.349372987106,0.382828121403,0.117267942869,0.0131204982778,0.00407807237341,0.00937297164948,0.116255241675
C001672,3,0.0134213003877,0.014748805965,0.014748805965,0.490036091265,0.0229084730213,0.0138427828896,0.0184928907232,0.411800849783
C001673,1,0.00980886590039,0.0107070452779,0.319553567695,0.00942895439263,0.0107070452779,0.00995575505335,0.570706428674,0.0591323377284
C001674,0,0.00367662168206,0.00438729091786,0.015058739132,0.833794619782,0.115235684923,0.00438729091786,0.00516621365362,0.0182935389923
C001675,0,0.0444463442613,0.031980904716,0.0238164235839,0.030154200586,0.0202182366537,0.183376048158,0.0492877234399,0.616720118601
C001676,2,0.00862771550057,0.00980418676177,0.00980418676177,0.0109579501228,0.00980418676177,0.405622239286,0.475241094126,0.0701384406791
C001678,3,0.0162528372866,0.748021969218,0.0171372616625,0.0139667435756,0.0171372616625,0.025846873908,0.0241633094834,0.137473743203
C001679,0,0.00749741241851,0.0237675176027,0.00990432842322,0.680019424893,0.0237675176027,0.042405018824,0.0228124556891,0.189826324547
C001680,1,0.202161224783,0.38066607181,0.0146213990196,0.0136144090315,0.143340417821,0.0243326740202,0.0232311767533,0.198032626761
C001681,3,0.0108478218231,0.0705790868117,0.0118164062652,0.0114666337873,0.0118164062652,0.0117049387216,0.679676505428,0.192092200898
C001682,3,0.019699904784,0.0209553906788,0.0209553906788,0.0874432352195,0.0209553906788,0.0207577124785,0.0276931441061,0.781539831375
C001684,2,0.00681177985843,0.0241655523161,0.0241655523161,0.714516945676,0.0122305685481,0.01819121712,0.0281970407151,0.17172134345
C001685,1,0.00597712115746,0.00913830720503,0.00864270688807,0.477653851523,0.0129317614619,0.0803138036827,0.0107620513468,0.394580396735
C001686,4,0.00547277762425,0.00556011529045,0.0530766212851,0.00542851953594,0.785237525165,0.00527189643879,0.0789809039029,0.0609716407571
C001688,2,0.6233474558,0.00883992182832,0.00883992182832,0.00809829781797,0.00385722736658,0.228165341692,0.00989816861067,0.108953665056
C001690,2,0.00222822698192,0.281696202248,0.098362273065,0.00324816950028,0.00118708428688,0.554672328367,0.00411836373639,0.054487351815
C001692,0,0.0208264424303,0.0249595324098,0.0249595324098,0.0217824058026,0.00813536480961,0.731221730709,0.024981936194,0.143133055235
C001694,0,0.0074468945491,0.0226667448171,0.0226667448171,0.0197814696896,0.0326909668026,0.645358447495,0.0391759352571,0.210212796572
C001695,0,0.0614290403038,0.0119604645386,0.0055202076806,0.00864358569365,0.0172130835915,0.00886101485209,0.0157529998571,0.870619603483
C001696,4,0.00862643846398,0.00897384860228,0.223761266401,0.0110392959088,0.527059664834,0.0228847744172,0.120377248097,0.0772774632753
C001697,2,0.00227654137088,0.00258696949031,0.00295807415775,0.00107289224489,0.00138611092627,0.00346723788709,0.00263424364555,0.983617930277
C001699,3,0.00357926896402,0.00828865193902,0.00905569319467,0.00337722610832,0.00576972072126,0.00766177186258,0.0583809395283,0.903886727682
C001700,2,0.0315316401815,0.036314459824,0.0768557823059,0.0332678632758,0.036314459824,0.0308510227518,0.034186489699,0.720678282138
C001702,4,0.0110063038135,0.011449557602,0.0113228323,0.0111785716435,0.037347847002,0.00947215652743,0.747992332791,0.160230398321
C001703,4,0.00489078950171,0.0101382102693,0.885899293301,0.00496733887818,0.00508775489644,0.00482402171877,0.00937841223419,0.0748141792003
C001704,0,0.0118138974263,0.116631610366,0.0142904261905,0.5340674305,0.160567173506,0.0142904261905,0.0155358244102,0.132803211409
C001705,4,0.461665966603,0.00983716388229,0.00983716388229,0.0496695944102,0.00983716388229,0.00617572245398,0.346707876456,0.10626934843
C001706,1,0.79282216876,0.00461012520902,0.146359483351,0.00554668448152,0.00408488533226,0.0061408711092,0.00704386007857,0.0333919216784
C001707,4,0.00362089169569,0.228833703629,0.00677571819128,0.00406725132835,0.710279770853,0.00642448631671,0.00854153195822,0.0314566460279
C001708,0,0.00835624827804,0.010048047564,0.0164990364944,0.366714369858,0.010048047564,0.178933835396,0.0164725673711,0.392927847474
C001710,3,0.00757547071093,0.00467056812196,0.764441158774,0.00662668698902,0.0476002689295,0.0080542750317,0.00964358551222,0.151387985931
C001711,3,0.695007064851,0.00701127224351,0.00500863850112,0.234583086292,0.00322906732736,0.0030345592629,0.00809053803453,0.0440357734878
C001712,0,0.00323624168994,0.0053727322706,0.506422497235,0.453211934107,0.00337249357175,0.00337249357175,0.0037637396051,0.0212478679492
C001713,4,0.00598943348288,0.00259513751386,0.00409831870117,0.00253371629122,0.00562026439879,0.00103053696881,0.00731513722675,0.970817455417
C001715,1,0.116121575159,0.663488538834,0.0041097475182,0.00382670520475,0.0462645230611,0.143770772493,0.00530022497169,0.0171179127585
C001717,3,0.722982219223,0.0149981574195,0.0149981574195,0.0122233891802,0.0400640447848,0.0146655987425,0.0171504786949,0.162917954536
C001718,1,0.00489268173963,0.115780431489,0.0400720780022,0.696958594887,0.0223085588096,0.00655618173914,0.00741250809945,0.106018965233
C001719,0,0.00218007316438,0.962064834366,0.00355947459053,0.00227827197995,0.00261057496758,0.00261057496758,0.00373097860217,0.0209652173619
C001720,4,0.0079360332356,0.0109007704238,0.0079107449355,0.00806024598196,0.0131070177649,0.00782769257929,0.00863310151266,0.935624393566
C001721,4,0.00514950416225,0.00535688869999,0.00535688869999,0.0052301028739,0.00535688869999,0.00507920447423,0.914353674294,0.0541168480953
C001722,1,0.016052294391,0.008041572983,0.0179625290266,0.0174907498039,0.0121683190696,0.0119162855725,0.0274805394591,0.888887709694
C001723,4,0.0163051511255,0.0169618039065,0.0169618039065,0.0158144838949,0.0169618039065,0.0160825574541,0.670208015161,0.230704380645
C001724,3,0.0047951900691,0.924896809234,0.00505612807699,0.00412070759772,0.00505612807699,0.00500843217315,0.00482662067924,0.0462399840924
C001730,0,0.118577978496,0.0152028336682,0.019117628074,0.0948837661111,0.0119624063642,0.517512251713,0.057140732746,0.165602402827
C001732,1,0.0125649873037,0.00856559313395,0.0383127831552,0.0121362930863,0.0761788903698,0.0141779710479,0.0158418547097,0.822221627193
C001734,2,0.286672018424,0.0211243249832,0.0211243249832,0.0193521026814,0.0211243249832,0.0174588014875,0.0210635349941,0.592080567464
C001735,2,0.0994940708433,0.333223381123,0.00594006805759,0.00544172687537,0.252636843071,0.0050421113912,0.275224729398,0.02299706924
C001736,3,0.0170297000553,0.0167008158895,0.018223383227,0.0159561779012,0.595073044194,0.0138932558676,0.0328945945377,0.290229028328
C001737,3,0.247584147713,0.633044299684,0.0318016736049,0.0275814665902,0.00123356786092,0.00626601669016,0.011507483439,0.0409813444181
C001738,2,0.248996469408,0.00876378212638,0.00536186055549,0.501408201444,0.00926781857192,0.00192885176316,0.171437467629,0.0528355485019
C001739,2,0.00684769172247,0.00564062328698,0.00353986072094,0.00867760231474,0.00813716898003,0.0115162765211,0.00455777531497,0.951083001139
C001740,0,0.802472830319,0.0129427856245,0.0129427856245,0.0111034613863,0.0088039944544,0.0129427856245,0.017253088137,0.121538268829
C001741,2,0.00732370840145,0.835537748928,0.00832236586288,0.0031186405076,0.00389731410763,0.00373138794996,0.0491857857587,0.0888830484835
C001742,0,0.182468436262,0.0111899867377,0.216038344442,0.00959975613125,0.0111899867377,0.451203912321,0.0490346296037,0.0692749477635
C001743,0,0.00223275304768,0.109054377708,0.128251823337,0.00872674181034,0.00736724210358,0.0280865439922,0.637951492688,0.0783290253129
C001744,4,0.0112359632224,0.0110501046075,0.446924762394,0.00782310877141,0.00480634504768,0.322235742188,0.0855744801593,0.11034949361
C001746,3,0.00475564110217,0.54299964357,0.00981428076156,0.00799856741848,0.327122441473,0.00763404924212,0.0176533905501,0.0820219858828
C001749,0,0.541886439834,0.00514399094124,0.0128537018389,0.140922014674,0.00526072751925,0.00514399094124,0.225634376398,0.0631547578538
C001751,1,0.00976991568529,0.00722023671516,0.2148122981,0.00943658416195,0.0144601495445,0.030774198074,0.124414288584,0.589112329135
C001753,0,0.0170358304041,0.020416658415,0.0716675947708,0.0178177992851,0.020416658415,0.730435975293,0.0164139915405,0.105795491876
C001754,3,0.00260460476202,0.0314296708502,0.0116879866848,0.811701428202,0.0235098480834,0.0164146952256,0.0154442613253,0.0872075048661
C001755,0,0.00419685490287,0.00506287229147,0.00506287229147,0.0043433777413,0.00283419733248,0.0055980309681,0.942053058683,0.0308487357896
C001757,0,0.911334465504,0.00358923288274,0.00358923288274,0.0032148991271,0.0317434080052,0.00358923288274,0.00920322605656,0.033736302659
C001758,1,0.758713942936,0.0160859326216,0.0463873806015,0.0141657685304,0.0160859326216,0.00763807762442,0.0196628983695,0.121260066695
C001760,2,0.0338432352449,0.0390423454183,0.0390423454183,0.0357668932882,0.0390423454183,0.0327014589936,0.0367545254959,0.743806850722
C001761,3,0.0320061324518,0.0332291716919,0.0348870843507,0.0424271544727,0.00579166289979,0.158949659452,0.042912707943,0.649796426738
C001762,1,0.0182943614545,0.00562020415257,0.0627071795139,0.00494932516454,0.00562020415257,0.0034426200608,0.00636962232637,0.892996483175
C001764,4,0.0138896497,0.44628780655,0.0170719456086,0.0164663165175,0.173938144277,0.00444760015515,0.0203990019964,0.307499535196
C001765,1,0.0297445433438,0.0116261087704,0.0109955868299,0.0194082708903,0.0122176114668,0.0793496618046,0.0115805869306,0.825077629964
C001766,3,0.00967863221839,0.0220262283135,0.00784570368374,0.00831725390299,0.0102053106136,0.0916156961819,0.0109322908508,0.839378884235
C001768,2,0.0283124538729,0.0415858487684,0.0321731268765,0.029473966879,0.135854649481,0.0245447123391,0.0691999354249,0.638855306358
C001771,2,0.00279488433022,0.0116544692271,0.367239846269,0.0124791966675,0.0116544692271,0.00445186916937,0.0139929248251,0.575732340285
C001772,1,0.011150913665,0.00740887518729,0.0127285116203,0.00365024180465,0.875918828664,0.00688901042921,0.0107563852073,0.0714972334223
C001773,4,0.660997297976,0.0203412689377,0.0203412689377,0.0198598356412,0.0203412689377,0.0154488733039,0.0188962876107,0.223773898655
C001774,4,0.0121238841537,0.194667909373,0.00447782868505,0.00603960111185,0.0219708185424,0.0166268029548,0.123213421977,0.620879733202
C001777,0,0.0181252086844,0.027159359718,0.18061322154,0.0158988304702,0.0208953618836,0.0374721325381,0.345229493486,0.35460639168
C001778,3,0.026011716649,0.0240776615704,0.590550086737,0.020792565082,0.0255125775394,0.145173110559,0.0276114564684,0.140270825396
C001779,3,0.00343280283725,0.446787695217,0.0044240439432,0.12017837741,0.0044240439432,0.0526320031843,0.00661295365651,0.361508079808
C001780,2,0.0184343558619,0.0205669352307,0.0205669352307,0.0359445418516,0.0205669352307,0.38547059637,0.0299969554736,0.468452744751
C001782,4,0.0130435953128,0.0110496904166,0.0231937627177,0.0107881684388,0.724471764196,0.129702561715,0.0103566170488,0.077393840155
C001784,3,0.512748594394,0.140367988046,0.00966861644423,0.0197370502932,0.010501579377,0.05372610966,0.0316370532273,0.221613008558
C001785,4,0.0127414830732,0.0132546172496,0.0132546172496,0.0129409094816,0.790515084167,0.0125675396688,0.0275650379375,0.117160711173
C001786,3,0.013736828662,0.799635714929,0.0138631738899,0.0128422505428,0.0143154416877,0.0130115554286,0.0187703473775,0.113824687482
C001787,1,0.0997152706736,0.0431610685919,0.00681524731354,0.0330562417808,0.00246179895979,0.750921462921,0.00776918366501,0.0560997260942
C001788,4,0.80762437391,0.0285988631091,0.0101185283119,0.0098790449023,0.0101185283119,0.00959401569695,0.0126526739889,0.111413971769
C001789,2,0.858701571619,0.00879487215746,0.00895221103054,0.00805702758297,0.00879487215746,0.00670956254867,0.00920095346118,0.0907889294425
C001791,2,0.00943202778823,0.0108627078136,0.0110570399398,0.817734018514,0.0108627078136,0.00817717194144,0.0219319687841,0.109942357405
C001792,2,0.018952831495,0.019205769336,0.0195493575144,0.017594503993,0.019205769336,0.716789335863,0.0202598753364,0.168442557127
C001793,4,0.0799988747189,0.0250211325455,0.0123664994306,0.0120738114667,0.357742247628,0.440967803481,0.0171862376613,0.0546433930679
C001794,2,0.247291275499,0.0129205579515,0.0583088928108,0.112182588666,0.0129205579515,0.235822986548,0.265020078385,0.0555330621885
C001795,2,0.00772844508863,0.00890072026249,0.00876335348097,0.00495662397304,0.00890072026249,0.00679031352136,0.864001466046,0.0899583573648
C001796,2,0.00566964716399,0.198078391014,0.00803893299857,0.00737548395334,0.00697959298591,0.0180811005302,0.683954545182,0.0718223061719
C001797,2,0.00209097709526,0.004041101494,0.00411339616113,0.00121388512859,0.00901689073245,0.0175203326576,0.00443794631007,0.957565470421
C001799,0,0.0105536990253,0.0128100386382,0.0128100386382,0.00578790395498,0.0294297050079,0.177654416288,0.586217956176,0.164736242271
C001801,4,0.0042487121389,0.0053712293052,0.0053712293052,0.00515803121526,0.0335164098964,0.00894470274533,0.0065497595722,0.930839925822
C001802,4,0.00382981252198,0.00398404948819,0.00172340085046,0.00388975576028,0.00168645863988,0.0297219082837,0.0045339719557,0.9506306425
C001806,1,0.0123365369605,0.0089892943617,0.0169249888633,0.00791624994183,0.871662736334,0.00835853500613,0.0163867064222,0.0574249521104
C001808,4,0.263740456261,0.198130565261,0.321009969659,0.0156421002762,0.011876142874,0.0384290414966,0.021879028717,0.129292695454
C001809,0,0.28305175031,0.0434781827536,0.0692494149815,0.216201641381,0.0191375870374,0.189132104546,0.0177484938454,0.162000825145
C001810,3,0.0136101804879,0.145075612437,0.0147372476273,0.0120107495978,0.179522529266,0.0116134236736,0.0123044174262,0.611125839484
C001811,1,0.0667003969427,0.562948179836,0.00990360051856,0.100567756555,0.0155291699745,0.112747510504,0.0153879923286,0.116215393341
C001812,0,0.0567222822465,0.0214927960267,0.0214927960267,0.0191608420981,0.691164064217,0.0119992835522,0.0281394984675,0.149828437365
C001813,0,0.00867800188532,0.0102603094742,0.399655717387,0.00911928921165,0.0102603094742,0.447905050596,0.0263086711245,0.0878126508474
C001814,1,0.00527123222679,0.248429897195,0.0156845575001,0.00592114647443,0.00672375544083,0.00242070751036,0.006522145733,0.709026557919
C001815,1,0.00368401886646,0.945349247613,0.00380326615156,0.00354133150827,0.00402135753597,0.00369831464635,0.0052685970136,0.0306338666652
C001816,0,0.00291270257353,0.00372832973424,0.00230334126737,0.00303565644448,0.00203317546188,0.332701253238,0.603536804882,0.0497487363984
C001817,2,0.0272710203101,0.0145438733026,0.0145438733026,0.0133237170779,0.277350212629,0.0192949109345,0.540453282243,0.0932191102003
C001818,1,0.00822236360856,0.0517806181725,0.660709278445,0.0079418317109,0.0273155106538,0.00838554604214,0.167701846613,0.0679430047545
C001819,0,0.00452692662261,0.0547204017436,0.0315229388115,0.0319744566793,0.0136546921335,0.0224611883014,0.0213612121148,0.819778183593
C001820,0,0.0141586323078,0.0169545553249,0.723213976791,0.0154957297434,0.0169545553249,0.0167916094457,0.0195823768163,0.176848564246
C001821,4,0.00321243866229,0.43890340774,0.00767878585494,0.0355048582667,0.0101147945661,0.0203580181613,0.0257068555469,0.458520841201
C001823,2,0.00683348698549,0.00590575711096,0.0024860853986,0.0301139275323,0.00634172985321,0.0412252121453,0.0257968809158,0.881296920058
C001824,4,0.577894142575,0.00633252930693,0.353519628679,0.00618265220393,0.00633252930693,0.00600427094723,0.00667068880461,0.0370635581766
C001826,1,0.00584655017008,0.0240426960692,0.00823425135675,0.00766715044769,0.00931012607268,0.00809551819171,0.852069943069,0.0847337646232
C001827,1,0.00729676664278,0.845850529063,0.0100843710386,0.00938985058547,0.0195416482517,0.00991446649584,0.0142493460758,0.0836730218473
C001829,3,0.00507075898363,0.0160850656127,0.0160850656127,0.0131092114501,0.20584607471,0.0150969557516,0.515091031235,0.213615836644
C001830,0,0.646354832576,0.028924688553,0.0251614181308,0.0190603531387,0.0316781464308,0.0208412548281,0.0582272281471,0.169752078195
C001832,1,0.432268006534,0.00663235619649,0.0765059695415,0.00584065748012,0.0342334457723,0.00629395415616,0.397164161863,0.0410614484564
C001834,1,0.0377443279687,0.0121160397594,0.0114589472574,0.76325278923,0.0121160397594,0.0112658834375,0.0139296027846,0.138116369803
C001836,2,0.0339338151955,0.254498958825,0.102995664444,0.0164467355189,0.00821135711286,0.0617753527085,0.0164081728217,0.505729943374
C001837,0,0.0149930887647,0.438040285482,0.0917368577053,0.0186346728987,0.0204474920894,0.00820762030409,0.0378101828051,0.370129799951
C001838,3,0.0108993502925,0.691351299232,0.0116633315126,0.00950553032814,0.191980596163,0.0114047169383,0.00976456089967,0.0634306146329
C001840,3,0.00937921301534,0.0117659878218,0.00278402346925,0.00226895887273,0.00565940424358,0.00284271625814,0.00322506473098,0.962074631588
C001841,3,0.00742282062141,0.0119737935623,0.00723113262775,0.00589332048269,0.805187515354,0.00716291928323,0.0117156061773,0.143412891891
C001843,1,0.00983112866743,0.01078284807,0.0116839416103,0.157801040129,0.0151689470342,0.0916992943987,0.623197277125,0.0798355229656
C001844,4,0.132983162454,0.0341867558268,0.00525621363741,0.71986690337,0.00525621363741,0.00515380104578,0.0684385251194,0.0288584249096
C001846,3,0.0131318031426,0.0131355387489,0.513352570936,0.00707218858023,0.0131355387489,0.248524042396,0.0265496336464,0.165098683801
C001848,1,0.16280842807,0.011588126077,0.00945189949793,0.00784389940799,0.608929522379,0.0111617443183,0.138516305192,0.049700075057
C001849,0,0.0220337618202,0.0251238902878,0.0251238902878,0.0229922841262,0.0251238902878,0.0251238902878,0.0205191881306,0.833959204772
C001850,4,0.714263585216,0.0143818648195,0.0143818648195,0.0140414775697,0.0143818648195,0.116868279594,0.0145739688088,0.0971070943536
C001851,2,0.408979812646,0.00706583613586,0.00706583613586,0.00647304879754,0.00706583613586,0.00539048989723,0.523601867271,0.0343572729814
C001854,1,0.00321789712563,0.902947933621,0.00332205660741,0.00316529698022,0.021106829445,0.00326608558982,0.00493033934293,0.058043561288
C001855,2,0.0294569065517,0.015503429824,0.0663096430519,0.0142027717386,0.183802406328,0.0104725220659,0.0147767168173,0.665475603622
C001856,2,0.678257504547,0.00628712788799,0.00628712788799,0.00615100399026,0.00247787596891,0.0060488426259,0.00786860575702,0.286621911335
C001857,3,0.0032748207825,0.0286052591139,0.00354601063886,0.024419615387,0.153754341146,0.00332817826165,0.761741033281,0.0213307413891
C001859,4,0.0959713281881,0.0114015644944,0.0778779971126,0.0111317144277,0.735574774333,0.0108105433278,0.012446029386,0.04478604873
C001860,3,0.0222461614127,0.0238774632856,0.0238774632856,0.0194599588612,0.653416847274,0.0233480210764,0.0220050050332,0.211769079771
C001861,2,0.00291383290424,0.00918881700284,0.847546121828,0.00799278276064,0.00454790833147,0.0072572651652,0.0103687281522,0.110184543856
C001863,3,0.013669236727,0.0894797690091,0.0147210312124,0.615014050434,0.0147210312124,0.155178564051,0.0204972281052,0.0767190892491
C001864,4,0.00408435376821,0.00301181610457,0.0233351190093,0.00572692560235,0.00254091638871,0.0184737740941,0.00621597336555,0.936611121667
C001865,4,0.00845918127438,0.0105944236314,0.00759872099608,0.829530842001,0.0149739573823,0.0127293445281,0.0200228354554,0.0960906947314
C001866,0,0.0332017642649,0.0410629630291,0.0249091792589,0.0276526270659,0.0247279833643,0.032233374046,0.0549553894606,0.76125671951
C001867,2,0.0994070510175,0.0170960189905,0.0170960189905,0.0594437180493,0.0170960189905,0.0433862274728,0.0509221235515,0.695552822937
C001869,4,0.0978969655651,0.653565420176,0.0143611651979,0.0177360534221,0.00456992359647,0.00367969814792,0.0110661104291,0.197124663465
C001870,3,0.0387453551018,0.0193202579477,0.0282535928685,0.015745869666,0.0148904936798,0.444434080939,0.0287918502264,0.409818499571
C001871,0,0.0191590079166,0.0279486649825,0.0279486649825,0.0263522766938,0.0167800457431,0.0279486649825,0.0375993606255,0.816263314073
C001873,3,0.247743333663,0.0277854235989,0.0249874029698,0.0269629589475,0.0277854235989,0.0275233157425,0.0501626559052,0.567049485575
C001875,1,0.0102793395898,0.00577400512002,0.567431439206,0.00992862746135,0.290724851401,0.0108777363906,0.0147106628255,0.0902733380053
C001879,2,0.353277768426,0.0159278597006,0.486630740912,0.015066999311,0.0164468014255,0.00796956802426,0.0161081004899,0.0885721617106
C001880,1,0.00208243739721,0.00228403134869,0.000582324029034,0.000668682032804,0.000895975090024,0.00284926064838,0.00267455707775,0.987962732376
C001881,3,0.00394185412678,0.00437559228766,0.220000530651,0.00356607588054,0.00437559228766,0.00427859428365,0.72662709798,0.0328346625033
C001882,1,0.0138051841087,0.0147921730893,0.025610586907,0.162764369188,0.0190072404526,0.102289288971,0.11488046957,0.546850687714
C001883,1,0.10098631755,0.00404684966689,0.136272345478,0.465858796547,0.00681592859563,0.224447600978,0.00409483511367,0.0574773260714
C001884,4,0.00704653151113,0.00733031449956,0.388697032904,0.475670786442,0.00347581989358,0.00695033410042,0.00725961435343,0.103569566295
C001886,2,0.00339090728555,0.93632091798,0.00355532405323,0.00325705063705,0.0120350050445,0.00267635810423,0.00378333779168,0.0349810991036
C001887,4,0.00323817143423,0.558106891882,0.041040854952,0.0184591704572,0.220328382495,0.0119182866171,0.0056898136473,0.141218428516
C001888,1,0.0362223573411,0.0298910180386,0.0282699302724,0.0437744564282,0.0175411895023,0.029097239427,0.0473819576259,0.767821851364
C001891,1,0.00835093817859,0.707212328505,0.0930251066474,0.112589522833,0.00911561786034,0.00847599465791,0.0111239998508,0.0501064914666
C001893,4,0.0118480040227,0.0123251553677,0.0123251553677,0.755956859615,0.0123251553677,0.0116862581613,0.0133537926347,0.170179619463
C001894,1,0.824911700173,0.0112705367465,0.0106592986409,0.029091616097,0.0112705367465,0.0106787642145,0.0139183998993,0.0881991474823
C001895,0,0.016829238673,0.0222530682124,0.397088414455,0.0194204504394,0.0222530682124,0.0128980670393,0.0636679489448,0.445589744023
C001896,1,0.421654238224,0.325906641983,0.0069203026348,0.00784807494,0.00891187826645,0.0416749228984,0.133470275842,0.0536136652106
C001897,1,0.0281410994335,0.347302563574,0.102922257414,0.0270511541102,0.0307179269107,0.0285625163742,0.157366927653,0.27793555453
C001898,0,0.0120954441666,0.487133467906,0.0114577394078,0.00982945795282,0.0774272522419,0.0114577394078,0.330507352134,0.0600915467828
C001899,3,0.00131735713986,0.0100720406595,0.0126764426007,0.00100721414168,0.00317460590407,0.0457869860356,0.902386200328,0.0235791531905
C001900,3,0.00545551190719,0.494484158723,0.205385029366,0.00452223484486,0.244799298027,0.00520793944098,0.00680206967054,0.0333437580218
C001902,2,0.673219714797,0.0162003165609,0.0296147918602,0.00724103523104,0.03643985759,0.0134615616693,0.046922964572,0.17689975772
C001903,3,0.0425469425223,0.599679488829,0.00545142281194,0.292670159728,0.00559984199386,0.00539999797968,0.00539862439906,0.043253521736
C001904,0,0.300668434989,0.0191726145475,0.102277061786,0.0164479573006,0.00947166338262,0.135252399629,0.0229864148478,0.393723453518
C001907,0,0.0184027704313,0.0229919984459,0.0229919984459,0.0200653214227,0.0727111279149,0.0673102860791,0.030400975091,0.745125522169
C001909,0,0.00703217502062,0.0143142631509,0.820444109855,0.00779797694302,0.00837621751248,0.00837621751248,0.0111989247857,0.12246011522
C001910,1,0.118326032286,0.026872765866,0.0254153677963,0.275913353237,0.0188727988192,0.0380113662111,0.0132110481896,0.483377267595
C001911,3,0.786485779197,0.114762776102,0.00261027425039,0.00212735452344,0.00261027425039,0.002585650786,0.0791709365362,0.00964695435469
C001914,0,0.0135224193333,0.0157413167454,0.536384308895,0.0973175257539,0.0157413167454,0.0157413167454,0.186726685923,0.118825109858
C001917,0,0.083497113665,0.0171610755634,0.430277668323,0.0138504090154,0.296860936057,0.0197651735632,0.0197314479929,0.11885617582
C001920,0,0.0080605819534,0.00969048840352,0.52633626988,0.113825503983,0.269955222057,0.00842842977963,0.0128799572941,0.0508235466489
C001921,4,0.00146391119284,0.00228161435142,0.00228161435142,0.00840815383385,0.000865750272293,0.000737995016166,0.00197001474901,0.981990946233
C001922,0,0.00256223395086,0.00296059919944,0.132924045613,0.815357498439,0.0254290914748,0.00296059919944,0.00421574790493,0.0135901842185
C001923,2,0.010848315082,0.0120750697617,0.0120750697617,0.0110620334661,0.788547943648,0.00929335898992,0.0340221650685,0.122076044222
C001926,3,0.0119541491004,0.00809646280733,0.39549610192,0.0169062463151,0.144772041395,0.0157500169249,0.0411245848019,0.365900396736
C001928,2,0.0241998513376,0.0935452907376,0.0274997317778,0.0255713264114,0.0274997317778,0.0209794033536,0.0414450341674,0.739259630437
C001929,1,0.0201146137123,0.0239594836584,0.0227583144334,0.025249237192,0.237963858858,0.0223748754473,0.0390164048389,0.60856321186
C001930,0,0.230301886687,0.00372718781408,0.640248919192,0.010304166714,0.0118071064043,0.0118071064043,0.013181951065,0.0786216757188
C001931,1,0.01556291563,0.0170695105761,0.0111711381835,0.0150319376214,0.0170695105761,0.0161732562344,0.0999303997828,0.807991331396
C001932,2,0.147398902262,0.0156039407446,0.0156039407446,0.0118929949458,0.0156039407446,0.209926800922,0.0173251582718,0.566644321364
C001933,1,0.00237701899376,0.0238773417944,0.00225945967953,0.0323883234494,0.00260713042584,0.49179578248,0.384300274986,0.0603946681912
C001934,1,0.0204051795502,0.00283449700845,0.00424777265687,0.00376092665236,0.00911235607143,0.00397105161032,0.00492900581127,0.950739210639
C001935,4,0.00530960936945,0.00552344177932,0.00552344177932,0.00539271400653,0.436016121914,0.00523712396689,0.497413115043,0.0395844321408
C001936,3,0.69858828346,0.11302437031,0.0145382721838,0.00609257256877,0.0180640372693,0.0144011284997,0.0188678725317,0.116423463177
C001937,1,0.0161225358334,0.0164946192858,0.740101100493,0.00897857622405,0.125489519521,0.00948021401868,0.0181039503855,0.0652294842384
C001939,4,0.0639747963546,0.0298052775767,0.0298052775767,0.029099851918,0.0298052775767,0.0282602659307,0.0282391658883,0.761010087178
C001940,0,0.00553748542562,0.00663678597529,0.00663678597529,0.554281765782,0.00663678597529,0.00663678597529,0.316945417117,0.0966881877737
C001942,1,0.0177435673534,0.131440670853,0.14794617898,0.0171381895256,0.261184647996,0.216427318972,0.0242006579736,0.183918768347
C001943,4,0.00683237617091,0.561692283163,0.311732997913,0.00677712307483,0.00694141107609,0.00496486567739,0.0193241351631,0.0817348077614
C001947,4,0.0234277885622,0.0204927200246,0.58786388047,0.0200077022125,0.208672509043,0.0194304420098,0.0189322560498,0.101172701627
C001948,1,0.00360614261154,0.0197460751671,0.0346039834001,0.00367294040371,0.00797065956048,0.0180624331445,0.00407192678217,0.90826583893
C001949,0,0.285519404075,0.0880854159753,0.48008395228,0.0121254982256,0.0125595829268,0.0125595829268,0.0150106566422,0.0940559069489
C001950,0,0.00458170551639,0.396378195009,0.0354429452321,0.00471619932004,0.00562221093487,0.524642817718,0.00739291392995,0.0212230123394
C001951,1,0.124876800165,0.0107664779414,0.010182576595,0.00948129262962,0.710311750082,0.00950278443083,0.017098868334,0.107779449823
C001952,3,0.0105358836869,0.0114083664801,0.0114083664801,0.137326281749,0.0114083664801,0.0448441673301,0.00924253387402,0.76382603392
C001953,3,0.0165253422651,0.218982086563,0.0246903752602,0.0201224762063,0.0246903752602,0.0188861051382,0.0303842778445,0.645718961462
C001954,0,0.00639697318132,0.0103578064221,0.0103578064221,0.0090393497365,0.0103578064221,0.0103578064221,0.525284856169,0.417847595224
C001955,3,0.0332138089641,0.00940097056527,0.00940097056527,0.00766172261547,0.221258268747,0.35094141125,0.0167038508809,0.351418996412
C001956,3,0.0034340327592,0.0325927220565,0.0061464250812,0.00512582879121,0.00273866026883,0.00373809581882,0.00439324892824,0.941830986296
C001958,2,0.174346092923,0.259443938746,0.00393569102092,0.00428190083228,0.32609734925,0.193431828764,0.00456084979179,0.0339023486718
C001960,3,0.0305083819061,0.0287897966111,0.0710857974699,0.629743631065,0.0287897966111,0.0285182142165,0.0280263058678,0.154538076252
C001962,3,0.00205883362238,0.00556723832263,0.016911652187,0.00398961784031,0.00518424685695,0.00236364476092,0.00442158443951,0.95950318197
C001964,1,0.0118639526955,0.012791056139,0.0120973552889,0.0112641986503,0.012791056139,0.0118935353768,0.812547749006,0.114751096705
C001965,2,0.548016698479,0.0148647975971,0.0128037884645,0.222912500376,0.0128037884645,0.00976794409567,0.0135963094374,0.165234173086
C001966,2,0.00769674607647,0.0155147932662,0.00858714452668,0.00786672723283,0.758641426478,0.00646418540254,0.0125275619652,0.182701415052
C001968,1,0.00557871699299,0.0121914814595,0.00955150187542,0.0181900305509,0.0526254056629,0.014443716566,0.0335359807467,0.853883166146
C001970,3,0.0907119108935,0.0124709579028,0.0124709579028,0.2082887786,0.124887260827,0.284613947623,0.140342789043,0.126213397207
C001973,4,0.0114121912323,0.011871791211,0.011871791211,0.853459459049,0.011871791211,0.0112563949734,0.0142574608791,0.0739991202335
C001974,3,0.0117223773636,0.0123602694499,0.0123602694499,0.276660543733,0.0123602694499,0.54638035063,0.0195835857096,0.108572334214
C001975,4,0.00603407742588,0.0566261667883,0.00776917278001,0.0164423717589,0.012170363019,0.0171673889185,0.00786141517922,0.87592904413
C001978,3,0.00945477194328,0.00947556599789,0.730112976898,0.0228476772586,0.00947556599789,0.159682470121,0.0155037241015,0.0434472476816
C001980,4,0.0530382656248,0.0187048895609,0.206660604196,0.207534538095,0.13449004039,0.213753077987,0.0208083191616,0.145010264986
C001982,3,0.0045593417979,0.00493690360338,0.0740007489494,0.0504656464158,0.0223596628141,0.809446118784,0.00583095313463,0.0284006245006
C001983,0,0.0036741017235,0.00512203793118,0.00436796105967,0.00374722168549,0.679813343186,0.278168532977,0.00678022854027,0.0183265728966
C001984,3,0.00953774638057,0.852212168815,0.0102371454025,0.00834319902438,0.0102371454025,0.0101405754788,0.00992898951599,0.0893630299798
C001987,3,0.00467618161266,0.00840073493758,0.00840073493758,0.0519403406157,0.00355208630755,0.0127591928737,0.00879956002602,0.901471168689
C001988,4,0.0318858123324,0.0219487382933,0.621061568494,0.0253496459895,0.0193463341497,0.0252278662208,0.109977165392,0.145202869128
C001989,3,0.673511981695,0.0569819864716,0.0134134061983,0.0169805564581,0.00907267178137,0.0203732388593,0.0266313676613,0.183034790875
C001990,3,0.0129542832275,0.091736857157,0.0128794343282,0.0125717626327,0.0123200499038,0.133363053051,0.553397557566,0.170777002133
C001993,0,0.000839821712512,0.00265669243648,0.00265669243648,0.0135367669627,0.0047017729727,0.00848416668688,0.00200039078263,0.96512369601
C001994,1,0.00371968056716,0.00406028471145,0.00384008217887,0.905356670946,0.00406028471145,0.00385311721471,0.00463892419853,0.070470955472
C001995,0,0.00604723835065,0.0100965825197,0.0206229665514,0.0084063240955,0.0695025052038,0.0114181858187,0.0108744293147,0.863031768145
C001996,1,0.0366238783986,0.00362882381191,0.409158651747,0.00293950428786,0.00187431748831,0.00275024400317,0.499236994061,0.0437875862017
C001997,3,0.117443021839,0.00769828570589,0.00769828570589,0.00627404684268,0.783096018589,0.00563965193284,0.0132700652348,0.0588806241496
C002000,2,0.858803991098,0.00653724021855,0.00665419041301,0.00598879936108,0.00653724021855,0.00503126866788,0.00651842784172,0.103928842181
C002002,3,0.00705616349233,0.0013334006498,0.0036986639535,0.0210488776561,0.0175421469398,0.00166932887237,0.00505781738378,0.942593601052
C002003,1,0.029001980215,0.032611010364,0.0300844300768,0.0280124860826,0.063392468559,0.030139369028,0.0445300919469,0.742228163728
C002004,3,0.00529026835882,0.0055355343926,0.0712485320873,0.0262678791476,0.84422498674,0.00548331611172,0.00699825074566,0.0349512324159
C002005,2,0.00677970458402,0.00479728780263,0.209838170811,0.00439482001071,0.0350383760172,0.672716102503,0.0299872605766,0.0364482776951
C002008,3,0.00616926973227,0.0675915058704,0.0960234168619,0.00495017704848,0.745628550989,0.00601659433592,0.0498642546353,0.0237562305263
C002009,3,0.0260194807714,0.00541606810629,0.0271020751975,0.00441405610291,0.703403858793,0.00816638661287,0.00515099481658,0.220327079599
C002010,3,0.00693615041729,0.00734089910973,0.277716389664,0.00598277936692,0.461586615446,0.167293844518,0.00948187616277,0.0636614453158
C002012,1,0.026191691303,0.028590015149,0.0252171544803,0.0299989866577,0.028590015149,0.0271312696937,0.035413147098,0.798867720469
C002013,3,0.799929674542,0.0118505525136,0.04988687524,0.00965811408179,0.0213886475411,0.0416523177676,0.0118168240813,0.0538169942328
C002014,4,0.0151458769629,0.591770679575,0.226259512023,0.0139538058416,0.0157558426205,0.0239211422873,0.0174432515827,0.0957498891065
C002015,2,0.471981784073,0.00986323356203,0.27594457874,0.00623786037896,0.0421923087355,0.00742479298158,0.136667161811,0.0496882797175
C002017,4,0.0133602821229,0.0115222005632,0.0205213286208,0.0326907932153,0.00898845506715,0.0366067283573,0.665810593259,0.210499618794
C002019,1,0.306222117577,0.00647720623458,0.0105442858006,0.0280463322237,0.00572266758247,0.528959686544,0.0117551303382,0.102272573699
C002020,3,0.026510829832,0.278820259268,0.0190543626373,0.171145972112,0.346795906362,0.0188746173788,0.0202621192545,0.118535933155
C002021,1,0.40919270615,0.00570180250157,0.00360820882755,0.232333281808,0.00570180250157,0.00530171934412,0.0902242363103,0.247936242557
C002022,2,0.453998296225,0.0148268188924,0.0148268188924,0.0135829249869,0.211204698387,0.0113113035614,0.206767748868,0.0734813901877
C002024,1,0.0026408824593,0.0533542946124,0.00273944893068,0.438976430116,0.406041220363,0.059289532478,0.00333939242005,0.0336187986203
C002025,4,0.00693621171727,0.543437579235,0.00721555182757,0.0407267454914,0.0274336778437,0.307392309695,0.00721278099474,0.0596451431955
C002026,1,0.0122529243157,0.0133749015195,0.0271422986232,0.00605657403855,0.0133749015195,0.00782172391864,0.0206787522136,0.899297923851
C002028,1,0.00905874846815,0.00993569627055,0.0807118573203,0.208843385314,0.109574800387,0.0324504060286,0.0112022548137,0.538222851397
C002029,4,0.0116398925674,0.469006289459,0.0169384545735,0.0113254204226,0.0338301643765,0.0897983371044,0.0126452227743,0.354816218722
C002031,1,0.000620432873842,0.00247020232409,0.00233623516504,0.00492578209023,0.00247020232409,0.00537316646114,0.0520125033686,0.929791475393
C002033,3,0.00356856952083,0.118779056026,0.833566459747,0.00305199306559,0.00374481019674,0.00351476550979,0.00519019944294,0.0285841464914
C002034,4,0.0349024970006,0.0325576512764,0.095258835126,0.0354487818861,0.165053564734,0.041565401,0.04579760365,0.549415665326
C002035,4,0.0109909003518,0.0174705026942,0.00374686857418,0.00375931549205,0.000973513164648,0.00719121934774,0.0401160645907,0.915751615785
C002037,3,0.00869582741069,0.120593382644,0.00930924597619,0.0113848199664,0.735020443966,0.00922142919344,0.0104288401048,0.0953460107389
C002039,3,0.0169404523341,0.00873390602894,0.00873390602894,0.00711806987148,0.858140989064,0.00865151659265,0.00997077425174,0.0817103858285
C002040,3,0.00638458101341,0.113199983958,0.00850348851149,0.00693028127113,0.763709779098,0.00842327266961,0.0157850492172,0.0770635642611
C002041,3,0.315951463834,0.00732940818388,0.00845474255616,0.448479348904,0.134964554779,0.0072602677779,0.0075167882072,0.0700434257578
C002042,1,0.0988939087121,0.0105030629133,0.323787316105,0.00924932122937,0.0105030629133,0.484090458882,0.0152207409749,0.04775212827
C002044,2,0.00227093195697,0.00278458380554,0.00253364483264,0.942635997187,0.00253364483264,0.00193290455806,0.00390097232866,0.0414073204981
C002045,2,0.115601894769,0.0208271959994,0.0208271959994,0.593054963106,0.0171157506029,0.0158889602679,0.0330020584829,0.183681980773
C002046,3,0.0261458087153,0.0569080286125,0.038035075567,0.0241698080173,0.038035075567,0.0371919151056,0.0380403894171,0.741473898998
C002049,4,0.0036419146199,0.739455755467,0.00378858442657,0.00369891692868,0.00317844826322,0.00359219615119,0.219470952239,0.0231732319045
C002050,2,0.503994144711,0.0298070232674,0.0298070232674,0.0273063672026,0.0165242871251,0.0244394207112,0.047783339895,0.32033839382
C002051,2,0.00328945254688,0.00315018470941,0.00800529783293,0.00341773856657,0.0092162806809,0.00440764491471,0.00454145935667,0.963971941392
C002053,4,0.00755847381798,0.0115188061495,0.00786287411544,0.00767677710167,0.196035959221,0.0205888010331,0.0111402534937,0.737618055068
C002055,0,0.00525696491862,0.196182615851,0.0045891304458,0.0909149709409,0.618643696758,0.0188793093949,0.00563430306159,0.0598990086296
C002056,1,0.00697298568257,0.00764801761353,0.00723324058007,0.00673508025793,0.865365816925,0.0072577935833,0.00828241341268,0.0905046519453
C002057,4,0.00820779232651,0.00833877689699,0.00606806405212,0.0269760403162,0.840900341689,0.00790652098575,0.00748424070008,0.0941182230338
C002059,1,0.0053460586819,0.0236563302631,0.008064209199,0.00750881925892,0.00657189524889,0.825832895711,0.010091722583,0.112928069054
C002061,3,0.00378079875418,0.00400142161558,0.122124966959,0.00326112950501,0.19771037287,0.64860373713,0.00426513328001,0.016252439886
C002062,4,0.0056695707405,0.274368176042,0.0197262657895,0.015003569147,0.109526007093,0.214070045902,0.0193324301441,0.342303935142
C002064,3,0.86429745496,0.00373942852485,0.00519215812754,0.00423157109924,0.00519215812754,0.00287790199617,0.0922625473728,0.0222067797918
C002065,4,0.0143165090713,0.0283975221857,0.809104715777,0.00781979082691,0.00192431985301,0.00759417501208,0.00471995003314,0.126123017241
C002066,1,0.002354369298,0.00415356862103,0.0872630405793,0.00365776066859,0.00703600281859,0.00593167408517,0.00865984715203,0.880943736777
C002067,0,0.404644864116,0.0145077391059,0.292420664065,0.0680952054594,0.0145077391059,0.0145077391059,0.0181649150121,0.173151134031
C002068,0,0.00447901595826,0.00135265647725,0.00549861468888,0.00471719594585,0.00549861468888,0.0146150834007,0.00954739580203,0.954291423038
C002069,2,0.870909619293,0.00395626367447,0.0614772303509,0.00362435348462,0.00144741462431,0.0381499016549,0.00389211574023,0.0165431011777
C002072,1,0.190847617794,0.762438573749,0.00369242368081,0.00343812286641,0.00390415900521,0.0036302126064,0.00572094510133,0.0263279451961
C002073,3,0.00799069136671,0.0234977997749,0.565052800192,0.0199439635335,0.117887141784,0.0174008635284,0.0466008674046,0.201625872416
C002074,2,0.00950097982813,0.00949954123813,0.264268889125,0.515028117106,0.134050245229,0.00801183449316,0.00847346502366,0.0511669279561
C002075,2,0.0170657125436,0.0203226279143,0.0206861965162,0.0186176638765,0.0203226279143,0.032317412267,0.69895807989,0.171709679078
C002076,3,0.0057440366719,0.173782966638,0.00854080156807,0.00263304566371,0.00323075971604,0.0032002830346,0.760174740732,0.0426933659753
C002078,4,0.315544778193,0.00990959474907,0.529816359811,0.00726051593435,0.059364199781,0.00939591259145,0.00949273929597,0.0592158996446
C002079,2,0.0028346337637,0.135495883176,0.0679922828131,0.00300577158756,0.00771805431119,0.00269019001484,0.748254526586,0.0320086577479
C002080,2,0.318772040159,0.017294520245,0.0111340354026,0.0355930299934,0.00901441958282,0.519892703858,0.0111303249036,0.0771689258554
C002081,1,0.00211450428692,0.00230812546224,0.895777405361,0.00203260648956,0.0788865672643,0.0021903582099,0.00441696839696,0.0122734645289
C002082,2,0.0339744372523,0.0392173459172,0.0472325559034,0.0359272121446,0.0335973626506,0.0333171755003,0.0570201959248,0.719713714707
C002083,4,0.00199051529104,0.00277643944655,0.88526907753,0.00158520869218,0.000852486376192,0.00321194608523,0.0630356686806,0.0412786578987
C002084,0,0.0548466834536,0.00853565330785,0.00433199214829,0.735086268932,0.113698351981,0.0349996934861,0.0102351903085,0.0382661663821
C002085,0,0.01305095904,0.0297356941423,0.016058044534,0.0140726394844,0.016058044534,0.0301972381608,0.200486118466,0.680341261639
C002086,0,0.296771491514,0.583511891606,0.0563339185555,0.00688799667597,0.0077498339961,0.0077498339961,0.0106906414368,0.0303043922197
C002088,0,0.172280861285,0.0257420817647,0.171760341566,0.0872715525331,0.0534810304254,0.0737245907356,0.277632299401,0.138107242289
C002089,4,0.0079981625126,0.00832027026962,0.00832027026962,0.00812334769039,0.820878726138,0.0126562237302,0.0141041979969,0.119598801393
C002091,4,0.00231605794838,0.635798062448,0.217480402302,0.0343003771541,0.0932575946695,0.00228443972921,0.00408420556906,0.0104788601797
C002094,4,0.0114735369436,0.0119356074809,0.0119356074809,0.280240385847,0.158088834335,0.0113169032091,0.444981805516,0.0700273191873
C002095,1,0.0222113137715,0.0243615183907,0.023040313493,0.0214535046672,0.0439044457759,0.0179503721069,0.0319611432368,0.815117388558
C002096,4,0.663616550133,0.0293322321858,0.100852111594,0.0169466301332,0.0230821341837,0.028600456477,0.018555717798,0.119014167495
C002097,4,0.021276993695,0.0263774356633,0.0221338760982,0.0216100157153,0.633415027322,0.0209865257253,0.0212372755174,0.232962850264
C002098,3,0.00753272189503,0.00794262711608,0.00794262711608,0.00647318331432,0.00763531015449,0.894921493375,0.0102032871706,0.0573487498581
C002100,4,0.00472182778552,0.00491198863242,0.00491198863242,0.88159143475,0.00491198863242,0.05369731971,0.00442751178289,0.0408259400744
C002101,1,0.00876853879285,0.00957145737638,0.0275516158643,0.191057384082,0.515134075989,0.00889984890037,0.00731767636459,0.231699402631
C002103,3,0.0411294438481,0.00242075577545,0.0330047640994,0.00309780709025,0.0265531114103,0.0037651680759,0.876470402716,0.0135585469849
C002104,2,0.0288656806414,0.0307033876899,0.0312526664438,0.0281275312568,0.441660608875,0.023423455904,0.0331393185032,0.382827350686
C002108,2,0.00983151451333,0.173730133653,0.699154358861,0.00912690124464,0.00996272245736,0.0074996857079,0.0145806572556,0.0761140263069
C002111,1,0.00934146869804,0.010245785721,0.010104082136,0.0113470247562,0.264451955118,0.0363819659615,0.0200552845944,0.638072433015
C002113,4,0.00552828802735,0.00972636440568,0.805998512002,0.00574404008838,0.0240295183663,0.00576865404771,0.105668296283,0.0375363267792
C002115,2,0.0338432352449,0.0390423454183,0.0390423454183,0.0357668932882,0.0390423454183,0.0327014589936,0.0367545254959,0.743806850722
C002116,3,0.267674759697,0.00701048365467,0.410571330311,0.0497429351473,0.00490954797183,0.0534144159295,0.00691707956201,0.199759447727
C002117,3,0.67520411257,0.00738944729679,0.00812246313978,0.00661974836527,0.00812246313978,0.245693850187,0.0105995711463,0.0382483441547
C002118,1,0.00834082900542,0.00910458300921,0.00861081166579,0.00801777668158,0.866792487275,0.00864004078991,0.0114919954898,0.0790014760832
C002119,1,0.0394880710389,0.00461895722792,0.824467515334,0.0808471287019,0.00461895722792,0.00429485498282,0.0087563710899,0.0329081443964
C002121,3,0.446265885708,0.0104010729167,0.0115260875821,0.387228964766,0.0115260875821,0.0549018928217,0.0117061256013,0.0664438830214
C002122,1,0.661613552492,0.0159661622627,0.0202592351493,0.0883457661805,0.0159661622627,0.0148458511666,0.0952300321614,0.0877732383243
C002123,0,0.0117757942192,0.0156870554638,0.0139430314612,0.379896808462,0.0239340459733,0.321630791383,0.0271180288199,0.206014444218
C002124,0,0.0214858721426,0.0260794676504,0.0260794676504,0.0227597832423,0.0293546940944,0.0485750303606,0.0299911539858,0.795674530873
C002125,1,0.0440388316864,0.186499063199,0.0211904294509,0.030476266745,0.331013775239,0.0321789918605,0.0435218017514,0.311080840069
C002126,2,0.380947932026,0.0202757706252,0.0202757706252,0.301947019086,0.100057572315,0.015263087758,0.0206474628629,0.140585384702
C002127,4,0.0559849321127,0.00771421306648,0.00771421306648,0.837171894475,0.00771421306648,0.00731433257564,0.0114996593933,0.0648865422436
C002128,3,0.028864493805,0.0308877273559,0.0308877273559,0.0348840674373,0.0308877273559,0.0289902860446,0.0304851294471,0.784112841198
C002129,1,0.00435770400408,0.00477955907196,0.00452034793604,0.00557667837986,0.669674776172,0.00378141156363,0.00714755616608,0.300161966706
C002130,1,0.0192776927789,0.0240769113819,0.118006726628,0.144640727781,0.0139003542151,0.0223874865509,0.260414219678,0.397295880986
C002133,3,0.201542996156,0.549447705976,0.011115502933,0.0059894170694,0.111722863394,0.00650270410601,0.0137259658085,0.099952844557
C002134,3,0.00319020911769,0.00638010194935,0.00638010194935,0.0881940412502,0.00638010194935,0.803552392068,0.0101087283171,0.0758143233986
C002136,4,0.00543205190155,0.0056508154052,0.0056508154052,0.00551707297758,0.0056508154052,0.0586732774207,0.865894744261,0.0475304072239
C002137,0,0.0271085919605,0.0124676625245,0.0124676625245,0.762955404505,0.0124676625245,0.0124676625245,0.0152011968737,0.144864156563
C002138,3,0.165899582652,0.00826114114748,0.00826114114748,0.00673276993262,0.567940895076,0.194928344689,0.013914054152,0.0340620712042
C002139,3,0.0245247879738,0.026323180596,0.026323180596,0.0214532006757,0.0152927532804,0.1948694042,0.047879857086,0.643333635592
C002140,4,0.437461996489,0.0138219543118,0.302890906317,0.0679177491751,0.0212556432794,0.0267671510554,0.013339931622,0.11654466775
C002142,4,0.0117629044335,0.27166074215,0.0119506234843,0.60729754028,0.00428625156891,0.0113311408302,0.0113762901754,0.0703345070776
C002143,3,0.00773623922471,0.00840763289397,0.451407857054,0.0407893610858,0.305980198116,0.0682678090215,0.0128137874252,0.104597115179
C002144,1,0.00432961966867,0.00472607478778,0.00446976427969,0.864190632063,0.00472607478778,0.00448493675122,0.00611558688361,0.106957310778
C002145,3,0.57393604599,0.0155233021118,0.00986641739864,0.005449476174,0.027315492879,0.0835571780133,0.178095900164,0.10625618727
C002146,0,0.0208181314627,0.0261812617263,0.00626688747982,0.0224605921055,0.169074530318,0.0199400554971,0.0405837072241,0.694674834186
C002147,4,0.0133863489561,0.0135999758485,0.494639374227,0.15478845956,0.235598699456,0.0128949959664,0.0144733613651,0.0606187846209
C002148,0,0.00890015858478,0.0108029777128,0.0108029777128,0.00964178656424,0.418770624945,0.436753786301,0.0132734971362,0.0910541910432
C002149,0,0.00979454963008,0.0423901932596,0.011738961753,0.718710095894,0.011738961753,0.011738961753,0.0233766256954,0.170511650262
C002150,0,0.0245939203294,0.0258821505213,0.0248406328847,0.0249102036552,0.0248406328847,0.0248406328847,0.0365066182457,0.813585208594
C002151,2,0.00665432869517,0.00765868170542,0.00765868170542,0.00701615767063,0.907242140428,0.0156049411167,0.00722181614937,0.0409432525292
C002153,4,0.00736941994037,0.00766620652401,0.00766620652401,0.00748476420151,0.00766620652401,0.746122020285,0.00975385424372,0.206271321757
C002154,4,0.0128444401451,0.760117398111,0.0133617206828,0.0128457834077,0.00524081041005,0.0824578141837,0.0388884623537,0.0742435707059
C002156,4,0.00725324670714,0.0162802074447,0.0162802074447,0.0119703904723,0.0162802074447,0.562362579155,0.0252907429485,0.344282418383
C002157,3,0.0173489926401,0.0192236956652,0.339237277715,0.0156671721083,0.0192236956652,0.0190423530398,0.464649491272,0.105607321894
C002158,4,0.0158496335281,0.029259806093,0.029259806093,0.02856729055,0.029259806093,0.0277430699695,0.0318200106423,0.808240577031
C002160,4,0.017538847229,0.0225393554548,0.443718494327,0.0178133607444,0.0182451843074,0.0172994114601,0.34665585247,0.116189494007
C002162,2,0.10243756123,0.110266904135,0.560258494313,0.023677201102,0.0258455062483,0.0219384559575,0.0286575811953,0.126918295819
C002163,2,0.0158811114989,0.279607935993,0.0171884052105,0.0157463863497,0.0171884052105,0.0132287451119,0.0164259983161,0.62473301231
C002165,1,0.216907484745,0.00704823405091,0.00743134481185,0.00691954085837,0.0078574817724,0.696661353392,0.010282468039,0.0468920923306
C002166,4,0.0067299192107,0.70025496667,0.0070009513607,0.00683525417127,0.0070009513607,0.00663804410855,0.158418047857,0.107121865262
C002167,2,0.0170097398352,0.00591179440711,0.0314745749235,0.0112031504026,0.00591179440711,0.217184934134,0.00671383715926,0.704590174731
C002168,3,0.00180351827505,0.0646938677319,0.00895889778275,0.078114209717,0.00725379569155,0.0401949384198,0.0320847888641,0.766895983518
C002169,0,0.0198769390779,0.140809111777,0.0142083860345,0.00662534415194,0.17582132233,0.0136963773353,0.509718936033,0.11924358326
C002171,3,0.0185449908935,0.0929774212615,0.0184502657173,0.0234052703997,0.316389022829,0.0284474708558,0.0444498989862,0.457335659057
C002172,1,0.011521595852,0.00961334740651,0.00909198410422,0.391291733247,0.466173635154,0.00893879959763,0.018021442083,0.0853474625554
C002173,4,0.692420979469,0.0121549321774,0.0121549321774,0.0118672515472,0.191152065305,0.0115248588046,0.0106645854991,0.0580603950206
C002174,0,0.0050452063516,0.00611982232156,0.00611982232156,0.00546201447457,0.89625684125,0.00611982232156,0.00560056060957,0.06927591035
C002175,4,0.0101316562168,0.0353977471169,0.0334093031965,0.0326185781428,0.0606073872174,0.08241301369,0.286749845237,0.458672469183
C002176,2,0.00198706383638,0.00214923177624,0.00218768119309,0.0123610589994,0.129359130855,0.00177094526242,0.837319329751,0.0128655583257
C002177,2,0.00354181762399,0.00781939607715,0.00781939607715,0.00716338893253,0.783434186116,0.00596537688475,0.011804032719,0.172452405569
C002178,3,0.00418701389333,0.0124963384928,0.216821146864,0.665021064185,0.017168330241,0.012219253403,0.0111340470523,0.0609528058683
C002183,2,0.00630514521534,0.00660609074369,0.00660609074369,0.688201578673,0.101955125231,0.00560745181152,0.00809957642678,0.176618941154
C002184,0,0.309127550703,0.353202667471,0.00451793482018,0.305401416806,0.00451793482018,0.00451793482018,0.00450810983633,0.0142064507229
C002186,3,0.00900704523677,0.629046584819,0.00803749814342,0.0139821688777,0.031735643613,0.0855426133255,0.172747009336,0.0499014366488
C002187,1,0.00304880075234,0.00343784781209,0.00325140207032,0.781000561799,0.180484250735,0.00337578726512,0.00585822103168,0.0195431285341
C002188,3,0.000801595021094,0.00420173717071,0.0111244355051,0.00214721765832,0.00573535872575,0.00991371108937,0.00379384315121,0.962282101678
C002189,4,0.0127037465628,0.326392079541,0.518041287704,0.012902582329,0.0132153609873,0.0125303183274,0.0128772847979,0.0913373397507
C002190,0,0.105141654697,0.0602131854491,0.0179301213196,0.0163404853937,0.215715631911,0.0179301213196,0.031005382952,0.535723416958
C002191,4,0.0222681696559,0.0823873931111,0.473510086632,0.0226167053068,0.0536042727323,0.0188773828248,0.024486268152,0.302249721585
C002194,3,0.00721694124536,0.0026458883536,0.0149386769664,0.00433105785124,0.0400854871721,0.0311268827381,0.00511865446347,0.89453641121
C002195,2,0.0270980787444,0.324120285263,0.0276031311512,0.0268577383081,0.0293173099416,0.0223660243481,0.0469947034866,0.495642728757
C002196,1,0.0128080286042,0.313137765507,0.0132860666102,0.0123710422654,0.0286602065467,0.0130622189291,0.525351690236,0.0813229813021
C002197,0,0.00405945478143,0.003160267008,0.003160267008,0.00333612755187,0.00266459696261,0.0241328306923,0.00317131472598,0.95631514127
C002198,2,0.0011999462451,0.00687699367678,0.00375311500066,0.00297347557855,0.00281208592635,0.00622455734909,0.0040957819233,0.9720640443
C002199,4,0.0156226193522,0.00481622847106,0.00481622847106,0.0254759821632,0.00147221871503,0.0119457477108,0.0119769418271,0.92387403329
C002200,0,0.0133754500343,0.532504384929,0.255994008833,0.0139443335583,0.0166231279238,0.0897702424503,0.0139608308066,0.0638276214649
C002202,0,0.00356364617813,0.0226544012076,0.01070098882,0.0098710000407,0.00378085559492,0.00672301398194,0.104480145272,0.838225948904
C002205,3,0.0390810540988,0.0267473116937,0.0267473116937,0.0217988644347,0.532211758039,0.0251042172184,0.0295449492327,0.298764533589
C002206,1,0.388190272341,0.010538766484,0.03085771329,0.00928076289521,0.010538766484,0.00979928401872,0.478112552499,0.0626818819871
C002207,1,0.0173860510798,0.0104712451845,0.00990335527713,0.00646548422264,0.00834082073029,0.124303146029,0.739924643721,0.0832052537552
C002210,1,0.0419287207341,0.0213168614662,0.0031273151388,0.60689430972,0.0107876375382,0.00340092554801,0.250665059675,0.0618791701798
C002211,1,0.0916203402313,0.0232235691583,0.0219640789729,0.0249355375501,0.0216203788375,0.022606849699,0.0405155629082,0.753513682643
C002212,3,0.0123070155394,0.320677711079,0.0127136317164,0.0256017392717,0.533902238655,0.0125937003882,0.0132771996962,0.068926763654
C002215,4,0.143048403189,0.0116762525468,0.0116762525468,0.0113999012153,0.069731381767,0.0074624551994,0.670187703133,0.0748176504028
C002216,1,0.0118849453587,0.53182890901,0.0122696468271,0.0580539427318,0.0129732274223,0.0120629240949,0.288840160705,0.0720862438495
C002217,3,0.044781389758,0.107082874098,0.00522460881206,0.0163455999369,0.0676818901557,0.013538834304,0.0105680860074,0.734776716928
C002218,1,0.0017952715911,0.568926765352,0.000943305892486,0.00173402023197,0.0922084426513,0.310911868454,0.00236786507172,0.0211124607559
C002221,0,0.0153176696077,0.107245813955,0.0612790754607,0.014229935291,0.0467844901845,0.028866942884,0.0165913072819,0.709684765335
C002222,2,0.00321971680322,0.00281879288918,0.00287354314182,0.00127680922572,0.0139345162737,0.000742753249277,0.0028411882538,0.972292680163
C002224,2,0.0141329702883,0.0314370224085,0.016176083146,0.0147046297574,0.019136501714,0.290495567809,0.488970201771,0.124947023106
C002225,3,0.81973122403,0.0124147115662,0.0124147115662,0.00503379806487,0.0135427453799,0.0116520725309,0.00949501374864,0.115715723114
C002227,2,0.0050795588276,0.0138614543078,0.0138614543078,0.0241717658764,0.130940555384,0.0593378912939,0.538348046333,0.214399273669
C002232,0,0.185768399059,0.607121298691,0.0110197182484,0.0121784524638,0.114806921634,0.0110197182484,0.0122868438259,0.0457986478297
C002234,4,0.00404823450237,0.00421126791578,0.00688325019479,0.0041115964252,0.00848380371429,0.00399296906058,0.00480692736545,0.963461950822
C002235,2,0.00804226413882,0.584150705262,0.00957709449658,0.00877362548792,0.00957709449658,0.00938914812044,0.28707888827,0.0834111797275
C002236,3,0.0128326032324,0.0114323864744,0.80463597793,0.0112253941861,0.0412754898423,0.0136436823203,0.0174529142651,0.0875015517493
C002238,0,0.0966784044317,0.0138737833299,0.0138737833299,0.00643085130392,0.0138737833299,0.0449412804505,0.244937095684,0.56539101814
C002241,0,0.427276055951,0.00830227339046,0.0152034251089,0.0140242189197,0.00299425268175,0.0152034251089,0.255812973051,0.261183375788
C002242,0,0.00297603795159,0.00355128849397,0.00355128849397,0.0107656725237,0.817342821429,0.141857579403,0.0058256947613,0.0141296169435
C002243,3,0.0261446385353,0.00641368317787,0.00641368317787,0.0322287658605,0.00350982462416,0.0943180242446,0.711151730846,0.119819649533
C002245,1,0.00431146226495,0.00294132048167,0.00278180304257,0.00173102859959,0.00128381775957,0.00598353789189,0.0190523990991,0.961914630861
C002247,1,0.00871028703082,0.343973111489,0.259381296009,0.00837292506539,0.00950787161021,0.00884072480998,0.133169367942,0.228044416044
C002248,2,0.0287608244767,0.0136710562673,0.228610775475,0.0133272515565,0.00631065829314,0.496995596982,0.185316469081,0.0270073678687
C002250,1,0.00679491741868,0.126638325464,0.512425542335,0.0675821137938,0.036820230207,0.0374325610049,0.171699112728,0.0406071970488
C002251,2,0.194887446089,0.00817532268766,0.00832157791863,0.00748945512963,0.00817532268766,0.723628578502,0.00971354849297,0.0396087484923
C002252,0,0.00204093908966,0.00753083290472,0.0563196019655,0.00321034216422,0.0205685223278,0.00491815538795,0.00700947464323,0.898402131517
C002254,4,0.0028423088574,0.629414664611,0.0121492048083,0.0154988188103,0.00830240288705,0.136751320933,0.0174968099993,0.177544469094
C002256,1,0.0725326905508,0.0232868947658,0.0220239702254,0.02050715795,0.0232868947658,0.628707212003,0.024953575226,0.184701604513
C002258,4,0.00838782632037,0.0087256268987,0.0087256268987,0.00851911041563,0.0087256268987,0.782105239916,0.00867182568514,0.166139116967
C002261,0,0.00479010215246,0.774419207892,0.00581420727529,0.0051833696923,0.0221373402733,0.110661548733,0.0124668991656,0.0645273248157
C002262,1,0.00660745615571,0.00770992906746,0.0243591225046,0.115502345526,0.172295992626,0.36712301898,0.014860096523,0.291542038617
C002264,3,0.0436078780832,0.0244832657608,0.0244832657608,0.0381159583455,0.0097632545864,0.539407553644,0.0322978347896,0.287840989029
C002265,1,0.0354486192837,0.0789617799534,0.036596048698,0.0406015268209,0.0386945825913,0.036720272812,0.0550698949532,0.677907274888
C002266,0,0.00386710308242,0.00440203673655,0.00463479964818,0.0257235787141,0.883338700133,0.00463479964818,0.00541265457852,0.0679863274594
C002267,1,0.0518272357032,0.00918195249869,0.192810863888,0.0114546845216,0.129943289523,0.116509922525,0.0161981840312,0.47207386731
C002269,1,0.127978866386,0.538259911243,0.0170428918907,0.0158691313306,0.0101161282553,0.0121046964508,0.0202932905786,0.258335083865
C002270,3,0.0272530302133,0.345016403757,0.0115413605722,0.510584730578,0.00954967138355,0.0108323717208,0.00985553248033,0.0753668992946
C002273,0,0.00677501375835,0.00810889492695,0.00721935828234,0.322370637414,0.603387034846,0.00810889492695,0.00903594558819,0.0349942202571
C002274,0,0.00522287246631,0.00638002137843,0.00638002137843,0.0623856903125,0.00638002137843,0.0114866352076,0.0109534330285,0.89081130485
C002275,4,0.0109169475734,0.863374566103,0.0100265189234,0.00978921317449,0.0100265189234,0.00950677578508,0.0106919864193,0.0756674730976
C002276,2,0.00361591791111,0.00324314781156,0.00324314781156,0.00309542733818,0.00324314781156,0.00421890602117,0.00413588535623,0.975204419939
C002277,1,0.00663383066416,0.00724127804462,0.00684855982957,0.00652539324558,0.0262262124149,0.841899734329,0.0098731818683,0.0947518096042
C002278,4,0.0137051223683,0.0106766892415,0.00370830703345,0.00362053952567,0.00370830703345,0.00577026430416,0.00369080775092,0.955119962743
C002280,3,0.028864493805,0.0308877273559,0.0308877273559,0.0348840674373,0.0308877273559,0.0289902860446,0.0304851294471,0.784112841198
C002281,2,0.00234875201541,0.000788741313853,0.0036748478914,0.0025201588985,0.00245273050639,0.00308075789837,0.00307538864658,0.98205862283
C002282,2,0.583913238408,0.0848659836183,0.0105833935091,0.242477948853,0.0105833935091,0.00896803504451,0.0113500199652,0.047257987092
C002285,3,0.00939457154477,0.0247443023826,0.170851138439,0.0225754360725,0.0241883974615,0.0274388652112,0.105634777189,0.615172511699
C002286,0,0.00716840783752,0.0107021810129,0.00299985398746,0.0102446509094,0.0272737039342,0.0873212355846,0.00718614014123,0.847103826593
C002287,3,0.0573588129509,0.0370233726539,0.159144673514,0.0301737793554,0.0856644472767,0.0718600865037,0.0373327556889,0.521442072057
C002288,2,0.0974259274479,0.225083637565,0.0115327939846,0.612301545451,0.00752792661014,0.00681026194203,0.00737008779108,0.0319478192075
C002290,0,0.00390199472744,0.0171737182835,0.00773261445163,0.76460084297,0.0107458830247,0.00936977942187,0.0243289509398,0.162146216181
C002291,1,0.338146988199,0.204594071227,0.288091604795,0.0148584962979,0.0168725593526,0.0165679733676,0.032698228574,0.0881700781878
C002292,1,0.00666411717179,0.260993529211,0.0738894256653,0.485345094918,0.00730924855273,0.00679637438025,0.0102985685189,0.148703641582
C002293,1,0.0141810397573,0.0166344280172,0.0276941552664,0.0146487904974,0.0166344280172,0.398922882713,0.0331862466162,0.478098029115
C002294,2,0.0067680584119,0.348264679474,0.00732041212566,0.00670626717014,0.320404032306,0.275592123523,0.00769387707886,0.0272505499104
C002295,1,0.00245545377578,0.0701828666365,0.00809457347387,0.321988037381,0.46087998824,0.0135449718549,0.00931724117888,0.113536867458
C002296,4,0.022628966685,0.00747349170254,0.00366158164754,0.00318606685504,0.00366158164754,0.0136156019267,0.00488246300644,0.940890246529
C002297,3,0.00469508692538,0.0340644018819,0.00502418527909,0.00409467444982,0.00502418527909,0.0472102488187,0.877734985521,0.0221522318455
C002298,0,0.00699271781592,0.0142960187025,0.106504385294,0.011175507344,0.0208796120355,0.760748788839,0.0196934069763,0.0597095629925
C002299,0,0.0372352769125,0.459502770565,0.0162273218932,0.0145349172634,0.0162273218932,0.038528416681,0.356365234315,0.0613787404765
C002300,2,0.253468885093,0.00735007011532,0.00735007011532,0.390128031161,0.00511093343458,0.291624276213,0.00825228898655,0.0367154448812
C002301,3,0.00681334760492,0.0824628365122,0.00656736275446,0.851437115533,0.00533377299106,0.00642174263543,0.0107844126741,0.0301794092946
C002303,2,0.00722221360298,0.00831770197224,0.010642236121,0.00761988952397,0.0533734098166,0.803961557916,0.0143219632064,0.0945410278412
C002304,2,0.184561885104,0.0239203709892,0.0212101745093,0.0219135747972,0.0239203709892,0.0645750084658,0.0342979435863,0.625600671559
C002307,1,0.0205101579919,0.0224956792856,0.021275664951,0.0198103891886,0.0162735237523,0.0213478845135,0.0289209568372,0.84936574348
C002308,3,0.0118395852188,0.132452104852,0.00932594610074,0.00942669062314,0.0103933356617,0.0780778648637,0.28339807807,0.46508639461
C002309,1,0.00393096303423,0.191827148915,0.0161211400107,0.3451191485,0.0138784422911,0.31085521177,0.0288174128149,0.0894505326638
C002310,4,0.0233834435096,0.0243251583758,0.0243251583758,0.0237494351394,0.0243251583758,0.0230642188364,0.243786201133,0.613041226254
C002311,2,0.0165037686347,0.0170673339668,0.648260909351,0.017180832587,0.0187542148274,0.0143074936375,0.0305696786044,0.237355768391
C002312,2,0.0135590784547,0.115687970981,0.023453326413,0.345208521509,0.023453326413,0.0176550714581,0.031721407408,0.429261297364
C002313,1,0.00460174057701,0.0289299913593,0.0047866503254,0.00379360594218,0.00502311329522,0.0225544674454,0.00589806536337,0.924412365692
C002314,1,0.00531835812889,0.00884892656037,0.0131972317294,0.0911437833371,0.00884892656037,0.00822801651001,0.0159527818959,0.848461975278
C002315,2,0.356602843903,0.0371955537808,0.0142062480821,0.189951447028,0.0046862853813,0.0166942861932,0.0231543160765,0.357509019555
C002316,4,0.0037655210047,0.935779150697,0.00391716877666,0.00382445796874,0.0196392723469,0.00371411509385,0.00325399680033,0.026106317312
C002318,3,0.533420026268,0.0279039864037,0.0279039864037,0.139316565846,0.0279039864037,0.0276407601104,0.0254863755101,0.190424313054
C002319,1,0.0595936522327,0.00754608484166,0.451418297768,0.0177623934767,0.132301474719,0.135438613436,0.0197822902256,0.176157193301
C002320,0,0.0113847114859,0.332152698069,0.122946307341,0.0295306703199,0.356526244544,0.0138187183157,0.0630226840387,0.0706179658862
C002321,4,0.072182159279,0.017115031172,0.0112674296978,0.0128530565977,0.0112674296978,0.0110478939719,0.0133591397782,0.850907859806
C002323,1,0.544502840277,0.00837045556309,0.00825468859383,0.347241510577,0.0114724958715,0.00778311878843,0.0112109926863,0.0611638976425
C002330,3,0.0173703073541,0.0347183209386,0.0323642793127,0.0263766521788,0.0229704670997,0.0316468288996,0.0388522460024,0.795700898214
C002331,4,0.00804391069952,0.00954367454331,0.00663443429574,0.00931779666369,0.00954367454331,0.860942821249,0.0113419493918,0.0846317386139
C002333,0,0.0034237693557,0.00902105764836,0.00902105764836,0.00832136748404,0.310498465821,0.00902105764836,0.612124416186,0.0385688082085
C002334,2,0.0120471405042,0.0407886464502,0.0121444474461,0.644128785721,0.0296602701121,0.113452942852,0.0131247860683,0.134652980846
C002335,3,0.0512744233685,0.0164333786653,0.0228864118698,0.0186522591676,0.387113024009,0.0619173755927,0.0306171132587,0.411106014068
C002338,4,0.0110359513721,0.0134048387906,0.856336421786,0.011208683238,0.0114803991484,0.0108852914417,0.017112404889,0.0685360093339
C002339,1,0.468722629444,0.0829557819207,0.00857859924264,0.0237236094939,0.0126248468457,0.016356811173,0.0138087101767,0.373229011703
C002341,4,0.764228248909,0.00509682176401,0.00509682176401,0.0566043275067,0.00420662652158,0.00905854951898,0.10567425456,0.0500343494561
C002342,2,0.39843126399,0.0210632479538,0.330351687258,0.0275648336111,0.0340313797633,0.0117103043992,0.0445438709547,0.13230341207
C002345,0,0.0782239715904,0.0229246816218,0.0122791973105,0.0363270836348,0.028899148201,0.110764962525,0.0427052103222,0.667875744795
C002346,3,0.0186062460392,0.0257454248428,0.101649304645,0.371613956366,0.0257454248428,0.0255025608788,0.0294297058458,0.40170737654
C002348,0,0.345759105457,0.0106736362031,0.0103364708239,0.00458420912813,0.268975080318,0.201753362902,0.0130897669021,0.144828368265
C002349,2,0.0338432352449,0.0390423454183,0.0390423454183,0.0357668932882,0.0390423454183,0.0327014589936,0.0367545254959,0.743806850722
C002351,1,0.00146457939842,0.00224992270777,0.00212790203347,0.00149214813264,0.0132986565416,0.00214273035511,0.0031284217555,0.974095639075
C002352,3,0.32642596614,0.0276361730338,0.413117402927,0.0073342810911,0.0873434909513,0.0512552153763,0.0161530293746,0.0707344411059
C002353,1,0.00366673340822,0.00400248928087,0.908757110448,0.00352471554073,0.0358014663435,0.00379233396449,0.00509998840278,0.0353551626118
C002354,1,0.0100641093019,0.0110383827975,0.0104397351606,0.0097207404344,0.00414467725248,0.858760641098,0.0106086237494,0.0852230902054
C002355,4,0.00765687805794,0.00796524136177,0.00796524136177,0.316941936929,0.212735109105,0.00755234835532,0.17835225345,0.260830991379
C002358,1,0.00465239278613,0.00510277571088,0.0925580962348,0.469038362078,0.38804999245,0.00484241730118,0.00720303394169,0.028552929497
C002359,1,0.00711567730174,0.0152319999969,0.0144059187701,0.0134137691166,0.16525927062,0.00791855940902,0.646836160592,0.129818644194
C002360,0,0.129547853725,0.0095538389809,0.0095538389809,0.00921937526879,0.586798712544,0.0095538389809,0.206488051765,0.0392844897549
C002361,3,0.0127212917904,0.00377123030411,0.00377123030411,0.00520169853527,0.00377123030411,0.00325263174382,0.00113095807834,0.96637972894
C002362,4,0.012520402214,0.566787373905,0.00815526445386,0.350443817645,0.00498723962183,0.00863253053232,0.0121239762728,0.0363493953544
C002363,3,0.0106244249183,0.0115042398636,0.173599514731,0.186864713278,0.23777081117,0.006497277038,0.00919468333462,0.363944335667
C002365,4,0.0121577699616,0.0126473964235,0.0126473964235,0.0123480602429,0.830699263534,0.0155535391493,0.0117287349475,0.0922178393178
C002366,2,0.0597445758946,0.0147856105655,0.0365921435723,0.0135451738268,0.0535702076632,0.0127384817989,0.0150566580525,0.793967148626
C002367,2,0.00824634880886,0.00920032807832,0.00920032807832,0.608558435823,0.00920032807832,0.00702137656865,0.244626996686,0.103945857879
C002368,4,0.753565034242,0.00380626510677,0.00254307388386,0.00371617914589,0.209131256531,0.00360896032065,0.00334709904171,0.0202821317285
C002370,1,0.00733833193684,0.00781077734203,0.00738717331564,0.00838656325303,0.742224970056,0.00741224883861,0.010648202567,0.208791732691
C002371,4,0.00210735966678,0.00154808717443,0.00222387403014,0.00217123980124,0.00270398377493,0.00210859540987,0.00199403318687,0.985142826956
C002372,1,0.0131778344962,0.00644288276522,0.00332896946554,0.00567380133114,0.089183816148,0.824932152401,0.00819746053247,0.0490630828608
C002373,4,0.0329196213271,0.0156830292145,0.313036397045,0.0183899154446,0.416239969852,0.00660128555052,0.0406823421935,0.156447439372
C002375,0,0.0235900423378,0.00631751816539,0.00631751816539,0.0660031577661,0.0351293702982,0.0275899543423,0.00934067895523,0.82571175997
C002376,4,0.0107171483427,0.129582589084,0.0212029477846,0.00844372271217,0.00864841168009,0.0296199774978,0.731908885168,0.0598763177303
C002377,1,0.00328893338582,0.00454175611782,0.0145671529483,0.00170944115473,0.00335563979125,0.0116671401478,0.00504444868382,0.95582548777
C002378,2,0.0128462275085,0.0983189335738,0.014794784225,0.0135535778634,0.0144977852064,0.0111371397004,0.191806005122,0.6430455468
C002379,0,0.0564591749618,0.136488606826,0.0107540052817,0.0093851160031,0.029413362018,0.590520644729,0.0148064531879,0.152172636992
C002380,0,0.0130917884783,0.0156899057494,0.0156899057494,0.791445834607,0.0118900073168,0.0156899057494,0.0165298688066,0.119972783543
C002381,2,0.0929242111581,0.018319637682,0.16402254541,0.446227702548,0.0313817367651,0.0364187607605,0.0192248124447,0.191480593232
C002382,4,0.0140953068901,0.0146629632336,0.0146629632336,0.0241303390509,0.0146629632336,0.345522482572,0.0147467193383,0.557516262448
C002383,2,0.72959208728,0.0092247268664,0.0140182149441,0.0120081500311,0.010387763035,0.00879879295236,0.0640652412359,0.151905023655
C002386,4,0.00908918555722,0.029905194853,0.063281938506,0.00923144714644,0.0234512074213,0.00896510236611,0.00938162596058,0.846694298189
C002387,3,0.00927338078488,0.851572142136,0.00929377590257,0.00757435974525,0.0199910890546,0.00625037635827,0.00826047707642,0.0877843989422
C002388,0,0.00317690300965,0.0044195102999,0.0038042500623,0.00311963057622,0.0038042500623,0.952740707034,0.00600538924438,0.0229293597108
C002389,2,0.00438948102641,0.00368737983599,0.0145188726805,0.00937341575217,0.00448565328263,0.0033766864387,0.00518958613484,0.954978924849
C002390,3,0.00583806659704,0.00803570873053,0.00803570873053,0.0119729737038,0.0151906494705,0.0159213785561,0.0104064206669,0.924599093545
C002392,3,0.602099066477,0.00908903427681,0.293271852434,0.00740749680981,0.0166982900231,0.0025805694916,0.0238735061327,0.0449801843547
C002394,4,0.00969854432112,0.0100891310781,0.0100891310781,0.336205823436,0.127961619228,0.00956614232307,0.173481741957,0.322907866578
C002395,4,0.134850317596,0.169872094914,0.0239103226424,0.0114387926804,0.176577859884,0.301345337357,0.0771553036085,0.104849971318
C002396,4,0.049229939049,0.0292662025707,0.0367592673763,0.304984930387,0.0226960537409,0.0976184607657,0.246553645724,0.212891500387
C002397,0,0.0147031195885,0.017834846225,0.725352976006,0.0155822844232,0.017834846225,0.017834846225,0.0120069043836,0.178850176923
C002398,3,0.293755702579,0.0104981152731,0.0104981152731,0.00855588757022,0.0104981152731,0.597096495613,0.0118833970232,0.057214171395
C002399,2,0.00580907863789,0.0086356001447,0.00672334036539,0.865665483474,0.00758208334343,0.00658805475268,0.0134779069842,0.0855184522975
C002401,0,0.0281438840833,0.00506720312072,0.00506720312072,0.00461795863537,0.00506720312072,0.00506720312072,0.909377843446,0.0375915013527
C002402,4,0.025524048117,0.535836749789,0.0174924164936,0.0253176363727,0.0284268138128,0.0245871744861,0.0414997250324,0.301315435897
C002403,4,0.00916112723297,0.0332372710483,0.27552485096,0.0114552764984,0.0483812719938,0.0169207314071,0.0621338191586,0.5431856517
C002404,2,0.00714776850536,0.0377242846544,0.00812232071962,0.00744089975432,0.0025558905246,0.176881802037,0.00918279695094,0.750944236854
C002405,3,0.366396212983,0.00499492465602,0.338444229586,0.172205039875,0.00499492465602,0.00494780610158,0.0852197975787,0.0227970645631
C002406,1,0.00533514770948,0.00919433957206,0.00553427307463,0.045795819854,0.00585162590465,0.837955120278,0.00748868743701,0.0828449861698
C002407,2,0.00309301948968,0.0113649467203,0.0113649467203,0.0104114860984,0.0289705412559,0.00400858706468,0.835496739488,0.0952897331629
C002408,2,0.0163157705131,0.0267726951509,0.0267726951509,0.156826041877,0.0955168022215,0.0806428520676,0.0325635320999,0.564589610919
C002409,4,0.0080974367233,0.543973937451,0.00729410422726,0.00822417571544,0.00824754224969,0.03104189755,0.0106262458494,0.382494660234
C002412,2,0.00736779128985,0.0180800601223,0.00246629054186,0.00547820677078,0.00789743075889,0.0365354538665,0.00629220019561,0.915882566454
C002413,0,0.00466514151149,0.00547763403495,0.0745546103805,0.00478037991371,0.00117882040959,0.00547763403495,0.00636377357547,0.897502006139
C002414,1,0.0281587369264,0.0301154488024,0.0284821894211,0.0323354648603,0.0301154488024,0.0285788712998,0.039540843509,0.782672996379
C002416,0,0.00364288852086,0.614888711854,0.017754409659,0.0063310210014,0.0446920160939,0.12667200649,0.00429514721636,0.181723799164
C002418,2,0.145754646724,0.00498518420216,0.00980875709596,0.38844821126,0.017628898704,0.327585970305,0.00926494534687,0.0965233863631
C002419,4,0.00894229147984,0.00930242187812,0.00930242187812,0.694952079548,0.00930242187812,0.00882021364838,0.0500366621552,0.209341487534
C002420,0,0.0130297490421,0.0232056748028,0.468094695669,0.0157740370772,0.0983443111939,0.142771841923,0.0347222222671,0.204057468025
C002421,1,0.0159578850601,0.00293902019266,0.00277962750576,0.00258819185277,0.00293902019266,0.0585681717003,0.897988853091,0.0162392304048
C002424,1,0.0103611066075,0.0113641314406,0.0107478173884,0.0100076047391,0.779501664976,0.0105667349002,0.0183048720308,0.149146067917
C002426,4,0.0351106726575,0.0322548466401,0.036524674936,0.0356602158547,0.0829550763939,0.0346313509099,0.0457022667052,0.697160895903
C002428,3,0.00478638100536,0.00979490601865,0.00554580132352,0.00798277714397,0.00979490601865,0.00957772060744,0.883073940667,0.0694435672153
C002429,2,0.0134480721036,0.0148129027586,0.657302598829,0.0180313139224,0.187589134661,0.0113006870147,0.0168115622673,0.0807037284434
C002430,4,0.00509251021612,0.756575040272,0.017122488587,0.00850721500682,0.007540214915,0.0162349127472,0.0145805567445,0.174347061511
C002431,2,0.802356515713,0.00531823322188,0.00531823322188,0.00487206078658,0.00219774101244,0.00403544744905,0.00365099939774,0.172250769198
C002434,2,0.0103673171566,0.00742572321234,0.00742572321234,0.00404114118159,0.00325276363269,0.0470128182535,0.0193438632145,0.901130650136
C002438,1,0.0266003832965,0.0291754793771,0.0151757855109,0.583120161573,0.0180869864682,0.0272252400173,0.0434010453955,0.257214918361
C002439,4,0.00456040181296,0.00766448220628,0.00321959178009,0.0074830806946,0.0102174581678,0.0333521656562,0.047516066117,0.885986753565
C002441,4,0.00525696630862,0.0253774195698,0.404673606238,0.00533924699008,0.00546867863926,0.50906935662,0.0075925822869,0.037222143347
C002442,2,0.00918113604095,0.446968832785,0.00965219563929,0.125806913683,0.00965219563929,0.327999047713,0.00981746521847,0.0609222132802
C002443,2,0.00350318946516,0.0226395537221,0.0125789804666,0.380407982862,0.00340313978818,0.00728360134906,0.00641219128118,0.563771361066
C002446,3,0.0150568396854,0.367037994884,0.019495359381,0.021344472319,0.0220686212689,0.0197519075378,0.0223407666185,0.512904038305
C002448,3,0.00386980955963,0.0306863848048,0.00316458351179,0.0103061754282,0.00683518771611,0.00845659367556,0.00665882886426,0.93002243644
C002449,4,0.00421581541086,0.00438559776322,0.00438559776322,0.00428180026687,0.00335145725365,0.943847746438,0.00847063436879,0.0270613507349
C002450,0,0.0272648603554,0.0472517127802,0.0139306086171,0.0300878713564,0.0344764121589,0.0344764121589,0.0377657811046,0.774746341468
C002451,4,0.00680926580539,0.00589216283701,0.269378431889,0.00587578383374,0.00708349345856,0.629880325639,0.0090186970568,0.0660618394804
C002452,1,0.00369366786876,0.0138081178159,0.631345073851,0.0871356541882,0.00206776914009,0.230653334665,0.00452557018896,0.0267708122828
C002453,0,0.00652747806184,0.185769564745,0.0124749856407,0.639320610355,0.0321170857025,0.0124749856407,0.0105201735557,0.100795116298
C002454,3,0.591334291743,0.0107704224218,0.0448243725634,0.121299977565,0.00523274235763,0.0222384759869,0.0259141255646,0.178385591798
C002456,2,0.0150807748362,0.0303060501487,0.0271006721454,0.155901323326,0.0173682748106,0.588751734375,0.0233220117408,0.142169158617
C002457,1,0.495136008783,0.385168902916,0.00999121695993,0.00930311211893,0.0105641451358,0.00982288190537,0.0142877800906,0.0657259520902
C002458,4,0.0108395800331,0.0112761194015,0.802678898134,0.0110092383454,0.0131378530769,0.0106916009131,0.010747883397,0.129618826699
C002459,1,0.0453608579712,0.614703884718,0.00988817369594,0.189810204216,0.00737051727411,0.0446002094575,0.0112065668824,0.0770595857852
C002460,3,0.0144618115047,0.0127712313275,0.655188227516,0.0249666284697,0.0257281980519,0.0254854965931,0.0354261757166,0.205972230821
C002461,1,0.0111380957635,0.0122163383747,0.0796033011318,0.0107580844566,0.0753024289664,0.346152263603,0.0209895321632,0.443839955541
C002462,1,0.00889548883491,0.00975663200634,0.00922749791111,0.546825867199,0.00975663200634,0.322941636356,0.0113170676079,0.0812791780786
C002463,3,0.301053357212,0.122257175494,0.00600906836195,0.011661062722,0.0256267666595,0.0606337741473,0.0116647822815,0.461094013122
C002465,2,0.0282653142503,0.0147372474974,0.215149306409,0.0164408665494,0.00795008014245,0.0750925795467,0.303740432446,0.338624173159
C002467,1,0.00913172615665,0.729666048923,0.0142341415725,0.0132538223819,0.0223522295729,0.0290191938447,0.0169571993857,0.165385638163
C002469,1,0.00413850934958,0.00752501262694,0.0239248846304,0.0119712915701,0.0913711525561,0.0545915724276,0.588124227169,0.21835334967
C002470,0,0.0489326626704,0.00408410110239,0.0260895237299,0.0208458158274,0.00668016598354,0.0352915295317,0.00930230767075,0.848773893484
C002474,1,0.00803012793198,0.00880749834554,0.00832983887603,0.445883017241,0.00880749834554,0.0191886350689,0.401948476585,0.0990049076058
C002476,2,0.00619170828829,0.857151223794,0.00649192901904,0.00594728953834,0.00649192901904,0.00539443180101,0.00611151220786,0.106219976333
C002477,1,0.251706607939,0.358633410385,0.00643170063728,0.305682775094,0.00210481799155,0.00345151338019,0.00560295174442,0.0663862228277
C002479,2,0.0239399565944,0.0271137411476,0.0275988016921,0.304749934575,0.0834050271599,0.0374323787312,0.0439916589207,0.45176850118
C002484,3,0.00799526287533,0.012054124709,0.805690943426,0.0116973156273,0.00807341800467,0.00996641528398,0.0132996901115,0.131222829963
C002485,2,0.00483508768229,0.746675614186,0.0123763849372,0.0113380698469,0.0123763849372,0.00944188015193,0.134646230301,0.0683103479572
C002486,2,0.0285810919283,0.0108422845987,0.0410236340458,0.216068038227,0.0153405829355,0.00821616736,0.0881542329939,0.591773967911
C002487,1,0.0122446989477,0.0345167328088,0.746781273941,0.0120467151548,0.0166765784029,0.0520289768787,0.0314077179678,0.0942973058986
C002488,1,0.00568890801223,0.00623963258494,0.00590123688238,0.0423867827226,0.0715410639485,0.00308416557986,0.00773811903934,0.85742009123
C002489,0,0.0136061966807,0.0722873435198,0.0135660016103,0.0096721339456,0.780743485826,0.00931296942796,0.0101363495064,0.0906755194828
C002490,4,0.00561883482462,0.152884811383,0.27406943157,0.00570677937881,0.00584512058458,0.0607021942158,0.470812332912,0.0243604951316
C002491,2,0.228787559683,0.00936510236456,0.00953264256594,0.0141125109154,0.00936510236456,0.0070498124039,0.15091645789,0.570870811814
C002492,3,0.00954568211304,0.010245663059,0.010245663059,0.540760008856,0.010245663059,0.0101490127858,0.289856968207,0.118951338862
C002493,1,0.0241420197256,0.0224648636503,0.10556535521,0.0197832519895,0.124110216368,0.0126655843722,0.0269729559635,0.664295752721
C002495,0,0.341060415255,0.00356885360381,0.00356885360381,0.446061082388,0.0132087332834,0.00356885360381,0.168582574095,0.0203806341668
C002496,2,0.248013645402,0.0167638220377,0.176463120256,0.101314105441,0.0558654298444,0.0246651853458,0.229503194613,0.14741149706
C002497,2,0.0314774252338,0.0162937312802,0.0137057963939,0.0167013077141,0.741837745192,0.0151193548652,0.0185812518449,0.146283387476
C002498,0,0.00979849346811,0.0138847237819,0.0119595755221,0.2164348254,0.0533416445982,0.0119595755221,0.0262788114244,0.656342350283
C002499,1,0.137594562518,0.00859406522594,0.0281367778985,0.512995225915,0.00614982196587,0.233647292787,0.0087942785228,0.0640879751668
C002500,1,0.0219197789577,0.519292001854,0.0227378976353,0.0211719164841,0.0240417610454,0.103430598639,0.0493392315901,0.238066813795
C002501,0,0.304519010507,0.0240133671027,0.0240133671027,0.0206007811698,0.481121197548,0.0240133671027,0.0345615240993,0.0871573853677
C002502,1,0.00237363962826,0.598157554475,0.00370031685766,0.00344562251908,0.10124420916,0.00243012017779,0.209419528352,0.0792290088309
C002503,2,0.0449130204923,0.0145673584762,0.0142366187604,0.024407660793,0.00955240558498,0.0466543543125,0.015267265635,0.830401315946
C002510,4,0.00716640450588,0.00377895931007,0.00565021429122,0.00987465329321,0.00219869806713,0.00750871224522,0.00557603624926,0.958246322038
C002511,4,0.00683321027081,0.0110718140769,0.425182526328,0.0127952628606,0.0106553570398,0.00506841698562,0.338299558431,0.190093854008
C002512,0,0.217173847249,0.26956538131,0.0110600613992,0.0106728673928,0.0483882356552,0.0110600613992,0.389899023131,0.042180522464
C002514,3,0.0215793245413,0.288631998637,0.424175668358,0.0507121854855,0.022276517825,0.0209080654067,0.0248563081083,0.146859931638
C002515,1,0.352440442826,0.00813439143824,0.00601430420708,0.0406926545778,0.119124520482,0.14104609477,0.0680159852432,0.264531606456
C002516,3,0.00618553424609,0.00652213007663,0.00652213007663,0.00615207449353,0.00652213007663,0.828386977913,0.00822255527561,0.131486467842
C002519,3,0.00751114012868,0.00731717135929,0.00731717135929,0.00769198198399,0.00731717135929,0.00686767557545,0.828016003073,0.127961685161
C002520,4,0.00715187876143,0.00709518002108,0.00463042237309,0.00692725264558,0.00709518002108,0.00672738825217,0.768209703422,0.192162994503
C002521,3,0.0355525200914,0.745073275726,0.00803899076896,0.0138749647782,0.0298361804226,0.0354960174814,0.0158614230466,0.116266627685
C002522,0,0.00803060725261,0.00962431306559,0.00962431306559,0.00825658336569,0.111996797376,0.796538930283,0.010975449719,0.0449530058723
C002523,4,0.00580624613292,0.145825995484,0.475081916491,0.00589712400059,0.25092150534,0.0834169803568,0.00569795319963,0.027352278995
C002526,3,0.0113169351723,0.00569869561968,0.0123274059855,0.380076068927,0.090260590058,0.237485219884,0.220616129939,0.0422189544148
C002527,3,0.0198787341112,0.00323441938698,0.00424423534175,0.00425291280465,0.00415577879808,0.00398877311412,0.00285757130485,0.957387575138
C002528,1,0.0926741485474,0.0701306544809,0.0169794275384,0.0146866252601,0.0604454045247,0.12317054621,0.0201983223994,0.601714871039
C002529,3,0.00370618493528,0.00426834490597,0.00496689557929,0.0109500183875,0.0130153249128,0.876394064627,0.0149474633271,0.0717517033248
C002530,3,0.36611725558,0.0114648552511,0.36832921884,0.00934377361894,0.0114648552511,0.0452893612238,0.0143724814163,0.173618198819
C002531,3,0.00588462451398,0.00580809427049,0.00756172234118,0.573850163544,0.315907551605,0.0054513014938,0.0145171180693,0.0710194241621
C002533,4,0.0259832544666,0.0270296707907,0.0270296707907,0.0263899376672,0.0270296707907,0.0256285378521,0.0281268661683,0.812782391474
C002534,0,0.0889935197629,0.140488371483,0.0302204272305,0.00293801796103,0.00297328944274,0.00297328944274,0.719691669902,0.0117214147748
C002538,1,0.0222805324462,0.021008725299,0.0256360430256,0.108560951284,0.430962165031,0.0257655879693,0.0222221037695,0.343563891175
C002539,4,0.0252224552133,0.0262382320823,0.0262382320823,0.0256172305801,0.0261977899669,0.0248781248318,0.0272701480841,0.818337787159
C002540,3,0.00832582627894,0.0731916558148,0.000816973881224,0.00413771363426,0.811379526712,0.0255357758231,0.0170056975378,0.0596068303175
C002541,3,0.0134966618415,0.00419505221338,0.432168087571,0.0111877813682,0.0137274616443,0.340225801703,0.0241955266884,0.160803626971
C002542,3,0.00660736430901,0.00709187961809,0.00709187961809,0.00577983029293,0.00709187961809,0.00684547792004,0.819202803192,0.140288885432
C002544,2,0.00363406888761,0.00418529603463,0.00335047687313,0.0564538217673,0.00418529603463,0.844110558007,0.00540671437519,0.0786737680205
C002545,1,0.00542818108579,0.0088888966366,0.0107608808941,0.00994450090171,0.7981163072,0.0395562335735,0.0131169737127,0.114188025996
C002546,2,0.00464543478904,0.0152496937229,0.0210775505461,0.0139703227924,0.00783454311303,0.0117366508891,0.80021209153,0.125273712618
C002548,1,0.00725993205561,0.099178339072,0.443219604286,0.00701223654939,0.00715644972038,0.389902537275,0.00954706378886,0.036723837253
C002550,0,0.00590455399973,0.00646467825598,0.0516377464725,0.00601281804218,0.00688983247112,0.884153212038,0.00998107815666,0.0289560805639
C002551,2,0.0345888580367,0.00762037583079,0.0277862074989,0.00814557768,0.0022188720643,0.0218870464112,0.00847717328146,0.889275889197
C002553,1,0.00521375338752,0.00328429487468,0.894392697061,0.00501181720747,0.0393509699767,0.00529183008126,0.00434899471111,0.0431056426999
C002554,0,0.00377240223365,0.0476884341132,0.703023680622,0.00841406470935,0.0085002308494,0.011146032226,0.0608492165152,0.156605938732
C002555,3,0.00855296074163,0.232805010727,0.686962496386,0.00717954247491,0.0060383182323,0.00826817352614,0.00797380734855,0.0422196905629
C002557,4,0.00521612540331,0.659546319062,0.0693506933074,0.0118216815839,0.0442220838561,0.100407781584,0.0113490585999,0.0980862566025
C002558,1,0.00789286786699,0.0157648872473,0.0149099058004,0.193286223066,0.0094646849616,0.0200079479052,0.0169619769272,0.721711506225
C002559,1,0.21127894674,0.0128682160177,0.622465039033,0.01133214802,0.0128682160177,0.0119652811136,0.0176639847989,0.0995581682594
C002561,2,0.0772199245117,0.327374665177,0.0117886434388,0.401009820208,0.00698206475846,0.00899349519814,0.0921573877542,0.0744739989537
C002563,2,0.00596644284154,0.00416462208067,0.784138914028,0.00650902955725,0.0479065856638,0.00534854871706,0.0084258933834,0.137539963728
C002564,1,0.28621491552,0.00699048238398,0.029914564298,0.00977897097177,0.00699048238398,0.00649997534457,0.0162044279591,0.637406181139
C002565,0,0.643310829065,0.0539332076144,0.014909645236,0.0127908067833,0.00765370922908,0.0185977379374,0.180781497826,0.0680225663089
C002566,1,0.0492112386128,0.00791834759124,0.00556603575142,0.861714822512,0.00491836235159,0.00756438820171,0.0102170901102,0.0528897148688
C002567,2,0.567834941143,0.0360761442402,0.0360761442402,0.0330495411447,0.0518963914603,0.0275223041291,0.0371744454729,0.210370088169
C002568,3,0.00427750564712,0.028927981145,0.542444331918,0.0122801805605,0.0150678407167,0.0279390080883,0.287900295417,0.0811628565072
C002569,2,0.011813494291,0.327102398301,0.1716166652,0.223363804434,0.0120463563835,0.0504730788662,0.104265033895,0.0993191686287
C002571,0,0.552413874629,0.00802332419521,0.00802332419521,0.00734128913542,0.334446971368,0.00802332419521,0.0151330390133,0.0665948532688
C002573,1,0.0070454530053,0.305639234565,0.125523911188,0.00496954789215,0.00772750026069,0.0071852782699,0.010043860703,0.531865214116
C002578,3,0.0113827343974,0.00330206068484,0.849276393236,0.0213867165353,0.00330206068484,0.0785446357958,0.00295268173486,0.0298527169312
C002581,2,0.0527010079779,0.0049793982301,0.153808950568,0.00456165230923,0.0049793982301,0.0206016103744,0.732301329125,0.0260666531849
C002585,1,0.00301562766514,0.0575963356509,0.0514766100628,0.00291274000512,0.00641268884708,0.00303238435298,0.00267115902839,0.872882454388
C002587,1,0.00461142323894,0.00505784003587,0.00478353681224,0.260776098484,0.222084460611,0.455080067684,0.00692707468156,0.040679498452
C002588,4,0.00184824001315,0.0285779654509,0.00377910793246,0.00368966472243,0.000907856941685,0.0016850024671,0.0038918995051,0.955620262967
C002590,4,0.00142972398936,0.00278300175651,0.0100343533103,0.00421655148317,0.00203636221434,0.0020106774767,0.00395066329375,0.973538666476
C002591,4,0.369604794512,0.447639878813,0.0797716788959,0.0113322810125,0.00464444033878,0.00761261790509,0.00750249853497,0.071891809988
C002592,2,0.00818715237131,0.0089990626388,0.0117196925961,0.00816757856565,0.0089990626388,0.00110998413129,0.0323202291243,0.920497237934
C002593,3,0.00413041830424,0.627615963649,0.00482962407778,0.00423536246234,0.0225564621504,0.116640046788,0.127990980674,0.0920011418944
C002594,0,0.0052551477212,0.00633310963697,0.00633310963697,0.0943384127888,0.68598104972,0.00633310963697,0.00674523918306,0.188680821676
C002595,0,0.0465019096505,0.0212883549556,0.0171654879469,0.656277912165,0.0135718764359,0.0212883549556,0.0526532633208,0.17125284057
C002598,2,0.169009503286,0.0221127303381,0.0221127303381,0.0202575859068,0.180757357239,0.017004596477,0.032309088806,0.53643640761
C002599,0,0.00278516240249,0.00269160943277,0.00269160943277,0.0015423335003,0.00269160943277,0.00457885371085,0.00235053044345,0.980668291645
C002604,2,0.00537665515365,0.702416233338,0.0180809983906,0.0165640955494,0.00745049567156,0.0928672465148,0.0365259049148,0.120718370467
C002605,0,0.0315080313192,0.0114090956878,0.126422585442,0.0247218635475,0.0111811180797,0.463938823987,0.0123988645994,0.318419617338
C002606,4,0.0220409492202,0.030383732592,0.118078064817,0.0296646161697,0.503275159553,0.0288087356613,0.0284262330133,0.239322508973
C002608,2,0.279070062798,0.441027738321,0.0213921579226,0.0199457096699,0.0217722931726,0.0166099700205,0.0205858539884,0.179596214107
C002610,3,0.00581049165119,0.694236213081,0.0987339426044,0.127872040413,0.00741088859088,0.00724656471855,0.0119014529641,0.046788405977
C002611,2,0.0092187310894,0.186229969021,0.0106170575919,0.0397841881514,0.0151415114343,0.0118876502181,0.00933726287529,0.717783629619
C002612,3,0.00535140443747,0.0139799424416,0.0139799424416,0.235260822819,0.00508536395233,0.0138480656418,0.0168837284254,0.695610729841
C002615,0,0.00652415266284,0.143964886214,0.00781889659646,0.00746248420059,0.741206326047,0.00781889659646,0.0128889030367,0.0723154546465
C002617,4,0.0225621476008,0.0467564482323,0.0107102875717,0.0104567985161,0.0341666645497,0.0101551000218,0.0130531042845,0.852139449223
C002619,2,0.0106531436043,0.0295734081418,0.301321015169,0.0268061921243,0.0170371227192,0.0473596051377,0.0415380582577,0.525711454846
C002620,2,0.0038749820387,0.00406943458837,0.00406943458837,0.0945366831847,0.0420157170477,0.825383716079,0.00404664448233,0.0220033879907
C002621,1,0.237382902122,0.0127763664046,0.252881745452,0.234187729872,0.00974368819803,0.0118799261635,0.175527686305,0.065619955482
C002622,0,0.394337260191,0.0434479858228,0.195006144431,0.01429994275,0.0134852538195,0.0134852538195,0.275974293637,0.0499638655288
C002623,2,0.0509503736326,0.00495460805087,0.280397871837,0.523349271032,0.00495460805087,0.00377984489442,0.0994540519555,0.0321593705471
C002625,1,0.00370681020186,0.85875332227,0.0993511911333,0.00356324010242,0.00404623583104,0.00376232020845,0.00456973882316,0.0222471414297
C002626,2,0.0172485709923,0.0168162434601,0.647411578421,0.0173946895695,0.0189876563543,0.153173481095,0.0210738313115,0.107893948796
C002627,0,0.0064470606967,0.00341196632016,0.00475295531498,0.00354145184557,0.00475295531498,0.0013996765122,0.118713800285,0.856980133711
C002628,1,0.0118198084202,0.0175417847662,0.0165904363496,0.010686022747,0.498134786214,0.0163109156446,0.0242762890962,0.404639956762
C002629,1,0.643594671972,0.00968821605864,0.00916279238423,0.00853174195044,0.00968821605864,0.00900841487826,0.00569057905163,0.304635367647
C002630,2,0.164069482878,0.0147469679145,0.0102411898999,0.145013201314,0.0148952803023,0.572509644429,0.00873436338561,0.0697898698768
C002631,1,0.0046861226175,0.00511522204024,0.900300331536,0.00536731012337,0.00511522204024,0.00485422858273,0.00518544753269,0.0693761155274
C002632,2,0.0180835074832,0.00579419179804,0.0339131864456,0.00672256171249,0.00881680262896,0.0206144065724,0.470790025198,0.435265318161
C002634,0,0.0106775920481,0.0105686766601,0.0105686766601,0.00974895026025,0.0552088205257,0.0530345327568,0.0122962164128,0.837896534676
C002635,1,0.00512676872448,0.812120148149,0.00590821420742,0.0065548748059,0.006247010012,0.00580867082197,0.00866832822523,0.149565985054
C002636,3,0.00109237608456,0.00478140840582,0.00141234293573,0.0339768077999,0.00304730991794,0.014773106053,0.00651108923651,0.934405559567
C002637,0,0.0861615474272,0.826994196643,0.00450607940721,0.0513106389727,0.00246742159926,0.00450607940721,0.00474560386584,0.0193084326777
C002638,2,0.544617374006,0.0158129862366,0.0226319091748,0.0144863579591,0.0158129862366,0.0123337914661,0.301158449153,0.0731461457672
C002640,1,0.0269600536714,0.0278637252442,0.0263525842032,0.0245376560683,0.0327740844017,0.265420825545,0.0641982199611,0.531892850905
C002641,2,0.0470508090139,0.0219099867119,0.0568949093881,0.0098566528985,0.00469850124023,0.756706896635,0.045791039073,0.0570912050393
C002642,0,0.0118994134077,0.116156181541,0.0107278708513,0.745443981927,0.0101568595094,0.0341253727194,0.0130356069758,0.0584547130686
C002643,2,0.0046195774967,0.013019427741,0.00532028972937,0.00487394476366,0.0139886898538,0.0142871489799,0.00647940099607,0.93741152044
C002644,0,0.0592920692026,0.0288435488818,0.00844341295822,0.00828858464733,0.00844341295822,0.0502877215081,0.014503168637,0.821898081207
C002647,4,0.0076160610503,0.0197242362108,0.00792278054223,0.843749383062,0.016385817726,0.0157564241436,0.00979946909163,0.0790458281732
C002648,1,0.0014014809835,0.00238189610937,0.00548717068374,0.00154052071043,0.0132547700185,0.0129107412305,0.00459406677725,0.958429353487
C002649,1,0.0100740472778,0.0107226193768,0.010141096624,0.0112510508982,0.0107226193768,0.825501193335,0.0137012558704,0.107886117241
C002650,2,0.0166245591456,0.0179930516235,0.0179930516235,0.0164835270641,0.0179930516235,0.0137268061602,0.506628115411,0.392557837349
C002651,2,0.396833961112,0.011705612549,0.011705612549,0.00739481899444,0.346845844762,0.0355615578781,0.0683641383442,0.121588453811
C002652,3,0.000349962127346,0.0621246185279,0.00286078410693,0.0254596728223,0.000704030734572,0.00385431886048,0.887507553341,0.0171390594797
C002653,1,0.00827562347408,0.0157110995141,0.014859035152,0.0104836061905,0.370590615192,0.224075926666,0.0296432170171,0.326360876794
C002654,1,0.013829709091,0.678242676443,0.0143458795932,0.0133578648963,0.0151685179825,0.0143945762215,0.0195072972582,0.231153478514
C002655,1,0.00356732510534,0.00391266617785,0.00370046948163,0.00344561454509,0.487798222824,0.46832642639,0.00710715352969,0.0221421219462
C002656,4,0.043363542777,0.0166992757028,0.0166992757028,0.20552507848,0.0169907335115,0.572515828608,0.0227741795803,0.105432085637
C002657,1,0.000945821991012,0.00279445255933,0.00264290024849,0.0534498009367,0.845831981479,0.00274400668046,0.00392685903239,0.0876641770728
C002658,4,0.00246418677342,0.387544612902,0.0158117422023,0.283223084533,0.00498835796318,0.00832467746618,0.00701897234109,0.290624365819
C002660,0,0.00464107612276,0.926717287498,0.00364370758342,0.0254589426704,0.00364370758342,0.00364370758342,0.00488930067415,0.0273622702843
C002662,0,0.0078965481733,0.0632601797341,0.0147711998555,0.301015767551,0.468996463169,0.0169867477407,0.0195387468584,0.107534346918
C002663,2,0.00897711729956,0.0103387950526,0.0103387950526,0.00947142328193,0.0103387950526,0.00752439193862,0.799918892774,0.143091789548
C002665,4,0.00590496356088,0.00857602809709,0.00580106858849,0.00909274101756,0.753124519847,0.00913170459619,0.00868882488658,0.199680149406
C002666,1,0.0290132867296,0.0161900545632,0.00421386704102,0.00270104480294,0.00299291962171,0.0398910016276,0.00327326426084,0.901724561353
C002667,4,0.0199865010236,0.704148688793,0.01449372328,0.0141506885854,0.01449372328,0.0137424143481,0.0125359106321,0.206448350057
C002668,2,0.227981633233,0.029316196591,0.029316196591,0.0115334919951,0.0386459544976,0.361085196601,0.0402213206117,0.261900009879
C002669,2,0.0107210530217,0.00681592268905,0.016764508075,0.00794587454316,0.00315673952306,0.0263030888667,0.00658905876553,0.921703754516
C002671,0,0.00642780696305,0.0483857755859,0.00917744627368,0.00787322167581,0.00478689665765,0.0133880167272,0.0081863863473,0.901774449769
C002674,4,0.224563071214,0.573335621383,0.012988067363,0.00867150622769,0.00456726440066,0.0262123482159,0.0177739859614,0.131888135234
C002677,3,0.481916796887,0.194947578946,0.0266059036432,0.0213127057949,0.0291093422133,0.0255709432709,0.0446784005187,0.175858328727
C002678,0,0.00703818013699,0.00843493485856,0.00843493485856,0.879102918992,0.00306277730732,0.00843493485856,0.0130489007902,0.072442418198
C002679,2,0.0556834678914,0.0239430323968,0.029306282275,0.0224531829345,0.125382548964,0.467057008722,0.0276469502102,0.248527526606
C002680,4,0.771819235326,0.136533687202,0.0426610413187,0.00419880867105,0.00430059432208,0.00407766506752,0.00547305142061,0.030935916673
C002681,4,0.00261663988273,0.0039538688096,0.0133017411296,0.00285223994192,0.0300696838235,0.0248890955955,0.00567008815932,0.916646642658
C002682,2,0.0374886231417,0.015654524252,0.0568948242222,0.564222224307,0.0233327253011,0.00798001397459,0.0147456632914,0.27968140151
C002683,2,0.00349155934508,0.00410258512608,0.00153867252692,0.0149154475348,0.00410258512608,0.00389455823612,0.00914670396539,0.95880788814
C002684,3,0.0337965707612,0.0151656327383,0.000298232513998,0.30959133165,0.00148071566954,0.603716928999,0.00204387278704,0.0339067148812
C002685,2,0.683405784676,0.0135010745365,0.0154209032592,0.0141271687285,0.0154209032592,0.0725468674714,0.0195517027114,0.166025595358
C002686,4,0.00789693991469,0.36911832832,0.0082149711624,0.165928177367,0.0082149711624,0.222813753999,0.0087391957512,0.209073662323
C002687,2,0.45812896849,0.00889982736714,0.00889982736714,0.00546384905061,0.00381493837706,0.459011878002,0.0116118540536,0.0441688572927
C002688,2,0.00539459922486,0.0053937824021,0.0053937824021,0.621274044814,0.0053937824021,0.00411488873891,0.291490250056,0.0615448699597
C002689,0,0.00941813692312,0.29636233103,0.0163500506831,0.014026513433,0.571108655697,0.0163500506831,0.0198064196217,0.0565778419283
C002690,4,0.0389628489098,0.438623072508,0.134970707811,0.035337215842,0.0111689277364,0.0177309131316,0.169264625615,0.153941688446
C002691,4,0.00773895460711,0.839730545353,0.00977370260655,0.0185363558232,0.0227780407329,0.0142347413995,0.0107983003383,0.0764093591398
C002692,1,0.0650201887468,0.0231172491209,0.0316563255302,0.0242565120839,0.0231172491209,0.243184531658,0.036110699325,0.553537244414
C002693,0,0.0398279622297,0.190704476812,0.019979502933,0.0130777770997,0.0183670977061,0.019979502933,0.0215851960515,0.676478484235
C002694,0,0.00465255364576,0.0367416008809,0.005500879221,0.00563853865136,0.00472816307251,0.887505888836,0.0109675943228,0.0442647813697
C002695,3,0.00914067845328,0.0128967308155,0.0128967308155,0.0134745915555,0.22764464427,0.617315709066,0.0167257747061,0.0899051403176
C002696,0,0.00763941654183,0.657996166583,0.00934195358112,0.0247442178626,0.00934195358112,0.0965773960503,0.0100279938161,0.184330901984
C002697,1,0.00703426832359,0.00771523282653,0.284000576085,0.627039507497,0.00771523282653,0.00681669658621,0.00919318387588,0.0504853019791
C002698,0,0.0208904323541,0.0392642257432,0.0899136685204,0.022129039448,0.0253567251618,0.0253567251618,0.035857003357,0.741232180254
C002699,0,0.523972084946,0.00663988524924,0.00616678066054,0.30920944255,0.0927183468521,0.00663988524924,0.00944730247662,0.0452062720164
C002700,1,0.095898477764,0.0307392043281,0.0290721166425,0.0203341598885,0.0307392043281,0.169611231381,0.0742947525393,0.549310853128
C002701,1,0.0164513418934,0.0289562291957,0.100008069734,0.0303832484443,0.0289562291957,0.0198251698971,0.0588528342078,0.716566877432
C002702,3,0.0048478574176,0.00623646342354,0.00271526196543,0.195073494837,0.00955465420532,0.0120495177172,0.0163308906764,0.753191859757
C002703,0,0.0160454695361,0.0192297565106,0.0395231925432,0.0167819794426,0.0495893039413,0.0192297565106,0.0412660334575,0.798334508058
C002704,1,0.00756735774737,0.0545673043395,0.0113281599977,0.00494086961952,0.170816495962,0.0115655018822,0.112727679385,0.626486631066
C002705,1,0.765728866111,0.0131663648892,0.0124523098168,0.0115947071143,0.0131663648892,0.0124945787833,0.0156440978714,0.155752710525
C002706,2,0.00500723849282,0.0163837493084,0.00930569101646,0.00532579226056,0.0117157501752,0.0275480048822,0.00922613262815,0.915487641236
C002707,4,0.670834134306,0.0152891878484,0.0152891878484,0.116006744891,0.0152891878484,0.0144966445405,0.017593662906,0.135201249811
C002708,3,0.0064643344037,0.0125995039479,0.00889485097547,0.380704574787,0.247891655205,0.0114844507032,0.203750219743,0.128210410235
C002709,1,0.128146209915,0.00902063175376,0.00674641172295,0.0170487861123,0.0058853523023,0.00802114666493,0.0029556152412,0.822175846287
C002711,0,0.00897592626267,0.00880232252807,0.00366397196627,0.00435386816319,0.00272880744359,0.00379528811896,0.00695027385673,0.960729541661
C002713,2,0.240375768984,0.158015752751,0.01164895958,0.398442243097,0.0044135853108,0.0431484948948,0.0103615103888,0.133593684994
C002714,4,0.520723555528,0.322252687603,0.0062772357113,0.00668535427351,0.018934481027,0.0179178570085,0.0698197976763,0.0373890311717
C002715,1,0.238999516111,0.600008045183,0.0494957854776,0.00722028815556,0.00819899524188,0.0122622957352,0.0205224451744,0.0632926289216
C002716,0,0.0204472203053,0.0249642252655,0.4546931214,0.0221880237349,0.209485789458,0.02034769313,0.0266994607557,0.221174465951
C002718,1,0.0238320447417,0.00901856866283,0.188638040759,0.014095578671,0.0502601262373,0.588083402375,0.0121595569072,0.113912681646
C002719,0,0.195083749173,0.00324301025869,0.00451328787338,0.0153691908086,0.693523314394,0.00273208220373,0.0274886625061,0.0580467027821
C002720,2,0.00626357540865,0.829685976053,0.0743276163065,0.00641224851947,0.00699946790425,0.0153945268519,0.010938132212,0.0499784567443
C002721,2,0.0126200088567,0.0140754605565,0.0143272683216,0.0128946017539,0.180106123367,0.174250895503,0.178417162836,0.413308478805
C002722,3,0.00346823221959,0.00995547209927,0.00995547209927,0.00811363733149,0.829922926923,0.0479489129092,0.00719607416961,0.0834392722487
C002725,1,0.0101884137177,0.214986695937,0.0105686790285,0.0763647103202,0.239316245423,0.0103906147178,0.0168682159898,0.421316424866
C002729,2,0.724432389871,0.0157873077371,0.0237933294603,0.0144628337538,0.0157873077371,0.0118842863192,0.0109991316235,0.182853413498
C002731,1,0.0285373572046,0.0278305437199,0.0296024657983,0.0190457115804,0.0270274423299,0.0307349336984,0.0356331716826,0.801588373986
C002732,4,0.0198851254932,0.0203861008297,0.0112665346953,0.432573049294,0.0709706217284,0.00417022325627,0.342926710606,0.0978216340974
C002733,1,0.00430605767699,0.00472291303291,0.00446677399713,0.170928054874,0.0253782188991,0.729315201704,0.00633503378309,0.0545477460328
C002734,0,0.15343789253,0.00384526108014,0.00433819019566,0.0037216816164,0.134718306428,0.680868129785,0.00487356577233,0.0141969725924
C002736,4,0.00376315722109,0.00391470979706,0.921376122882,0.0038220571878,0.00391470979706,0.0077525297412,0.0063229987767,0.0491337145973
C002737,4,0.0532777245031,0.0138273611222,0.244374512791,0.00308654223504,0.431816172164,0.0131105943042,0.0123229880691,0.228184104811
C002738,4,0.0605568966404,0.847800116534,0.00402324456621,0.00392802317662,0.0522728872913,0.00381469224881,0.00378769523598,0.023816444307
C002739,4,0.0121449888636,0.0126341005959,0.0126341005959,0.0155567136135,0.634269603912,0.0119791886426,0.0145551191511,0.286226184626
C002740,1,0.0106528948793,0.718376139922,0.0172899459926,0.016099170576,0.0182814065183,0.0214202906325,0.0262214086156,0.171658742863
C002741,3,0.00687380262374,0.0282324640987,0.0989934828374,0.159576784421,0.0267160561573,0.0278597314649,0.031310914626,0.620436763771
C002742,0,0.245060633318,0.0172991050042,0.0172991050042,0.140388997104,0.0172991050042,0.120136425424,0.333189191167,0.109327437974
C002744,3,0.0849145050261,0.0228931356457,0.0735199174669,0.0145963091203,0.0509058361365,0.35386074676,0.203788734255,0.195520815589
C002746,0,0.015094712231,0.018090317653,0.018090317653,0.102985518594,0.018090317653,0.018090317653,0.658117018522,0.151441480041
C002747,0,0.787528345351,0.0301588747217,0.01231502001,0.010945501147,0.01231502001,0.01231502001,0.0281319417606,0.10629027699
C002749,0,0.0195378963948,0.0237163253165,0.0237163253165,0.605835867008,0.0237163253165,0.0237163253165,0.0418752005791,0.237885734752
C002751,3,0.00522704280758,0.00556016515454,0.00556016515454,0.0071756128874,0.00556016515454,0.0177371148144,0.00586393173775,0.947315802289
C002753,4,0.00874636372039,0.00909860357493,0.00909860357493,0.418480161626,0.00909860357493,0.467664118389,0.00768330782718,0.0701302377125
C002755,4,0.00756157179984,0.177357668204,0.00786609686146,0.688947986782,0.0362070466913,0.00745834319341,0.0400212476911,0.034580038776
C002756,1,0.0813132341909,0.0206765038759,0.0197671656489,0.0876053968699,0.0664693448376,0.0982472042616,0.0257137186828,0.600207431632
C002757,3,0.00687781032558,0.171021455171,0.00681483579076,0.679775147992,0.0850403877858,0.0067505494935,0.0115728605804,0.0321469528604
C002758,3,0.028864493805,0.0308877273559,0.0308877273559,0.0348840674373,0.0308877273559,0.0289902860446,0.0304851294471,0.784112841198
C002760,1,0.00310210173719,0.00539315651036,0.00510066797654,0.00474938000621,0.141732433637,0.793244275928,0.0153698002447,0.0313081839594
C002762,4,0.360169454479,0.0147237374272,0.0719131808048,0.0143752588014,0.0147237374272,0.0139605052869,0.459061105493,0.0510730202811
C002764,4,0.00693483631762,0.00721412103684,0.0669321375029,0.0105618101266,0.367466549752,0.499445163815,0.0063471484934,0.0350982329558
C002766,2,0.363547387645,0.166119854904,0.0468933244068,0.0357933566693,0.0451443423028,0.045202064899,0.224987450769,0.0723122184042
C002767,0,0.00266580866362,0.00313830991834,0.435954315139,0.00542964344407,0.00313830991834,0.00313830991834,0.533785508143,0.0127497948554
C002768,0,0.0230885252813,0.0218866400375,0.0218866400375,0.0203988391779,0.0195458973833,0.0218866400375,0.173800588635,0.69750622941
C002769,4,0.0067382847784,0.0159291978697,0.644863739916,0.00441338019938,0.0160713458633,0.0135869873486,0.0130639867339,0.28533307729
C002770,0,0.0414133950445,0.00925329941863,0.00784917269508,0.018495639489,0.0410534110201,0.124018667508,0.0141669483586,0.743749466466
C002771,0,0.271403493218,0.00930898518925,0.547724713873,0.00798606734228,0.00930898518925,0.109909406864,0.0113805268986,0.0329778214257
C002772,4,0.00766378615848,0.872730747249,0.00797242767032,0.00778373776378,0.0270723694106,0.00755916214828,0.00872242243878,0.0604953471608
C002773,1,0.00203797146445,0.0045129649959,0.459058965241,0.288735688576,0.201869741518,0.00428270043873,0.00446631756073,0.0350356502059
C002775,3,0.0111481204944,0.24239601481,0.125436186923,0.0143468809356,0.0120713029818,0.0488210106441,0.0112074411638,0.534573042047
C002778,3,0.0180186632605,0.102910108084,0.0190010802147,0.637975636378,0.021482255268,0.00769589306327,0.0254247557828,0.167491607948
C002779,4,0.43734653737,0.00619373266314,0.0103994551294,0.230142295689,0.0103994551294,0.132637581135,0.125405158474,0.0474757844105
C002780,2,0.00561241874046,0.871917305714,0.00588455114353,0.00539086754508,0.00588455114353,0.00442974139824,0.00630692120171,0.0945736431132
C002783,2,0.870561738553,0.018944680072,0.00840322090973,0.00769823386211,0.00841771913635,0.0033885818774,0.0099550859907,0.072630739599
C002785,3,0.0105512512294,0.0132627765094,0.0132627765094,0.00480180735922,0.0134207713619,0.0327402956889,0.0173981483558,0.894562172986
C002786,3,0.00541565576586,0.897320514941,0.00570030105284,0.00464570388645,0.00570030105284,0.0053501300422,0.00652964862619,0.069337744633
C002788,3,0.0338901397682,0.010564172506,0.010564172506,0.00860972373446,0.267482419978,0.582450898654,0.0137825865477,0.0726558863066
C002789,0,0.00691345934411,0.0635394000648,0.0149806120323,0.019796167357,0.122866141158,0.00751948206379,0.0279405532375,0.736444184742
C002790,2,0.00861904617698,0.503253206819,0.00964507769743,0.0088359052476,0.193247254243,0.0210114327089,0.0119610435083,0.243427033599
C002793,3,0.0122766369446,0.0268071843831,0.0268071843831,0.0218476602409,0.0749422081981,0.641198989714,0.0326373409451,0.163482795191
C002794,2,0.00635917092188,0.0174647228824,0.0164022061409,0.0165060885169,0.00635337866351,0.764333093827,0.0215504731391,0.151030865909
C002795,3,0.531848426506,0.0181052802578,0.0181052802578,0.0147556716881,0.0181052802578,0.0999564997795,0.0328113677008,0.266312193552
C002796,4,0.00688471709469,0.00716198337648,0.00716198337648,0.00699247491183,0.863912157891,0.00679072873219,0.00854390515712,0.0925520494604
C002797,2,0.00944296364681,0.0073219567764,0.00682150482445,0.0796688901612,0.0151229951495,0.00979854974531,0.0067566532036,0.865066486493
C002798,4,0.0190606950487,0.0194043489115,0.613863955396,0.0864299109728,0.129296766152,0.0197105399167,0.0207051372237,0.0915286463789
C002800,0,0.0612166806933,0.00628631381234,0.292334668779,0.00798903940536,0.00628631381234,0.00628631381234,0.00756684937351,0.612033820312
C002801,1,0.00637098133625,0.431634844987,0.00533416633636,0.046653294958,0.0642646564591,0.110953656062,0.0111271787404,0.323661221121
C002802,0,0.00493293427443,0.00527900774725,0.0292158304712,0.534988681943,0.00596701753939,0.00596701753939,0.379012677065,0.0346368334201
C002804,4,0.0393900189197,0.0463405522521,0.456923884061,0.0452437728475,0.0463405522521,0.0342770211175,0.0472880345875,0.284196163962
C002805,2,0.255466939782,0.00761910374861,0.00761910374861,0.0179031263212,0.0156728839952,0.0649179179639,0.0100754042981,0.620725520142
C002808,0,0.00334131329475,0.0107386588461,0.00622910208774,0.00534387237097,0.0309974593739,0.00806130484768,0.00772481891451,0.927563470264
C002809,3,0.0153347427033,0.0162727402872,0.0163489800314,0.752424568493,0.011242192883,0.0154720933835,0.0160150397397,0.156889642479
C002810,4,0.092007740075,0.0179383623237,0.0179383623237,0.278655865342,0.0243726114078,0.017008494161,0.416204939927,0.135873624439
C002812,0,0.390086472464,0.00673005543763,0.0705672912096,0.00588004161572,0.00673005543763,0.486602798953,0.0102518584584,0.0231514264235
C002813,2,0.00226209367484,0.00334338870769,0.00334338870769,0.93070311969,0.00334338870769,0.00255065397849,0.00463121767936,0.0498227488539
C002814,1,0.00467765442202,0.0521654982111,0.00482906450181,0.00449648212726,0.890599614678,0.00483788314117,0.00469390556999,0.0336998973487
C002816,0,0.0204887120542,0.0238046804739,0.450062221433,0.0213220063943,0.0959125869113,0.277205625942,0.0245562863324,0.0866478804589
C002817,2,0.011259761817,0.373714141382,0.0115827393791,0.0106110070725,0.487780505913,0.00871919350879,0.0145112365563,0.0818214143715
C002820,0,0.27138995524,0.009073854288,0.009073854288,0.00893267090385,0.009073854288,0.649197193096,0.0126133877298,0.0306452301656
C002821,2,0.604861006353,0.00604404721184,0.00711981002619,0.199414872837,0.00711981002619,0.103008015526,0.00711743729721,0.0653150007225
C002822,0,0.722094614515,0.0191453762072,0.0182451812456,0.0162161857706,0.0182451812456,0.0182451812456,0.0243717290478,0.163436550722
C002825,1,0.025096621312,0.0203553600484,0.248239076172,0.233076842616,0.0870673324068,0.276800371122,0.0145352418627,0.0948291544596
C002826,0,0.00943800831615,0.0112053731252,0.0112053731252,0.461811077112,0.0114596653525,0.134886234702,0.219252258394,0.140742009873
C002829,1,0.0161840710836,0.00618347728317,0.00584812706647,0.215190947311,0.00618347728317,0.69186850159,0.00781680324004,0.0507245951424
C002833,2,0.00853104091156,0.860176206418,0.0112891896252,0.00874860141365,0.011509738703,0.00188681749707,0.0121996811459,0.085658724286
C002834,0,0.00795952931,0.00857859580346,0.00953912942379,0.00833432629336,0.246276167993,0.00953912942379,0.664506758726,0.045266363027
C002835,3,0.0489286244411,0.0447865444277,0.0150410522066,0.0136483202869,0.251495271019,0.0174967006864,0.0336214143435,0.574982072589
C002836,0,0.0225463174612,0.00880865305369,0.438634410852,0.0076961099376,0.00880865305369,0.00880865305369,0.468961087634,0.0357361149541
C002838,3,0.00367133195117,0.00337275005975,0.00680949954742,0.00554969258974,0.0298819118928,0.891063924409,0.00649098279346,0.0531599067562
C002839,1,0.0145033858036,0.0229449231111,0.518391649154,0.0202060071608,0.0229449231111,0.0842049367394,0.182967954098,0.133836220823
C002840,4,0.0040164997516,0.00568161898074,0.00417825512028,0.00407936497029,0.00517595131162,0.0056197666731,0.00439510452712,0.966853438665
C002842,0,0.0177848932446,0.0215872339256,0.0215872339256,0.0193358251669,0.0215872339256,0.111371497673,0.0164792125316,0.770266869607
C002843,4,0.118037562332,0.0996920002939,0.00894195220355,0.0383802014637,0.00894195220355,0.575436396928,0.111725994451,0.0388439401238
C002844,0,0.077608670468,0.0131316587832,0.0131316587832,0.0115080699582,0.737640688793,0.0131316587832,0.0225673350521,0.111280259379
C002845,1,0.0156254864358,0.023435274663,0.423236696334,0.0286865916318,0.0247963277572,0.0225610275711,0.0338044700577,0.42785412555
C002846,0,0.0259046257342,0.0236184637034,0.0236184637034,0.0216145836442,0.0229921164246,0.0236184637034,0.0242340361929,0.834399246894
C002847,3,0.0191355908342,0.0193309883524,0.0193309883524,0.0157546148677,0.0783183254672,0.313625819091,0.0411475756949,0.49335609734
C002849,1,0.0129132857815,0.0141633787307,0.661190611696,0.0124727082618,0.0138706327039,0.152560637962,0.021756248715,0.111072496148
C002851,4,0.0273808812284,0.0284835837833,0.0284835837833,0.0278094397228,0.0311745745155,0.0270070845778,0.0363121189287,0.79334873346
C002852,1,0.011491946461,0.00820199355974,0.0699592472719,0.531423240295,0.0061103353694,0.229548159195,0.0134821463835,0.129782931464
C002853,0,0.00808683966798,0.00964997796827,0.502980153454,0.145328733125,0.00442175554313,0.00964997796827,0.0106724705956,0.309210091678
C002855,2,0.0184537449007,0.670532550791,0.0115217399897,0.191368335396,0.0115217399897,0.00878987593528,0.0137632653987,0.0740487475984
C002856,3,0.0176347709444,0.0189279214496,0.0147203911259,0.0154261182745,0.107892464069,0.167473421864,0.474190767206,0.183734145067
C002857,4,0.00926072274538,0.218332055661,0.00963367723676,0.0687153819408,0.5770299695,0.0514085177802,0.00978037406675,0.0558393010685
C002859,1,0.131482391256,0.667846591058,0.00460475381418,0.00428761993511,0.00486880505177,0.0714775616808,0.0773287413506,0.0381035358541
C002860,0,0.223132715484,0.109392090715,0.0472745600571,0.0435841041049,0.00619277809233,0.33284750529,0.0146877986581,0.222888447599
C002861,1,0.00186023337328,0.00921722477586,0.00232668156665,0.00216209430233,0.00246010089196,0.00132134045357,0.00349961281552,0.977152711821
C002862,2,0.0127092896826,0.248253223229,0.0135123437111,0.0134090998457,0.562726457131,0.0147599676612,0.0170014374366,0.117628181303
C002863,1,0.0239391111851,0.0252072655872,0.0247139915862,0.0274189653784,0.026131170512,0.0248864958343,0.0319740746112,0.815728925306
C002865,4,0.00408218274595,0.00829547112722,0.0154398550064,0.0162541942013,0.128341343331,0.261773882131,0.0136931463828,0.552119925074
C002866,2,0.00306066363553,0.678924151717,0.0240020107023,0.0134487641615,0.194256363088,0.0119360134662,0.0174065261171,0.0569655071122
C002869,2,0.0133487413004,0.0148727115783,0.0144652864118,0.0220043571084,0.0129871206308,0.0370347361567,0.0302388280678,0.855048218746
C002870,0,0.128932048405,0.00230475961071,0.00230475961071,0.00205702546457,0.00230475961071,0.00230475961071,0.838826299298,0.0209655883904
C002871,0,0.00219180016367,0.00401177187381,0.728300940703,0.138315298325,0.00401177187381,0.104663228229,0.00402015943926,0.0144850293913
C002876,0,0.0120776295101,0.0148604491014,0.247073961454,0.0135996322253,0.0148604491014,0.0148604491014,0.0109576737598,0.671709755747
C002877,0,0.00486391631517,0.364890703198,0.00580408258454,0.462950152183,0.116330276778,0.00580408258454,0.00502243277798,0.0343343535786
C002878,2,0.0195688606215,0.0207212929107,0.00721112498047,0.0044187263277,0.00944041473741,0.00324305017455,0.00861888579075,0.926777644457
C002879,1,0.0282706732155,0.00586609300406,0.0747358637818,0.00516586247304,0.0396083400766,0.189237976927,0.623888321348,0.0332268691741
C002880,2,0.0176990458372,0.026644888576,0.314988299627,0.0244095193607,0.026644888576,0.0203272478898,0.045789522994,0.523496587139
C002881,0,0.0055360250841,0.00813039585209,0.438679006894,0.006634719805,0.0296133028824,0.0350965796385,0.397562045493,0.0787479243507
C002883,1,0.0124436498317,0.0976314534722,0.0809957633707,0.605828897451,0.0827824733028,0.0133066368029,0.0161036403917,0.0909074853766
C002884,2,0.00331142021745,0.0106958003958,0.0760257627518,0.00328885937566,0.074958668357,0.80395651743,0.00358976811174,0.0241732033606
C002885,1,0.0126805225859,0.0138416541579,0.795453386191,0.0145237977749,0.0138416541579,0.0131354128359,0.017848427038,0.118675145259
C002886,4,0.0244843396624,0.0167590979279,0.0130714093454,0.00983280814292,0.0640136067719,0.0205229205509,0.020647559833,0.830668257766
C002887,4,0.709642632402,0.00631952910553,0.00785608751095,0.201355471784,0.00785608751095,0.00744885269608,0.00765228680317,0.0518690521882
C002888,3,0.044009107768,0.0755651689954,0.0122002467191,0.018864464877,0.0152867369767,0.00913633398751,0.0450957260257,0.779842214651
C002889,0,0.00366871383455,0.0070105577383,0.0070105577383,0.0234328660743,0.795182408324,0.108897408367,0.0108772742525,0.0439202136714
C002890,1,0.0593716962426,0.00262292678012,0.00126553363394,0.0296664869278,0.00262292678012,0.885749956412,0.00284094364565,0.0158595295776
C002891,4,0.280665362605,0.0302256194114,0.598520086321,0.00849236179783,0.00869822985282,0.00824734103331,0.0110552851056,0.0540957138736
C002892,2,0.00618984848074,0.0716677682985,0.00582934071528,0.00499754787367,0.00526590285949,0.00508908222043,0.00792271074111,0.893037798811
C002893,4,0.0633909855097,0.0205726900689,0.0194169077628,0.0245844636567,0.162012930962,0.392538318591,0.0300553540534,0.287428349395
C002894,1,0.0277376704032,0.0304228635278,0.0287729320395,0.0326655412312,0.0304228635278,0.0288706008348,0.0399444714818,0.781163056954
C002895,0,0.914247128291,0.00378608415711,0.00378608415711,0.00337912530486,0.00378608415711,0.00378608415711,0.00348760579464,0.0637418039806
C002896,1,0.0147104845461,0.739263610477,0.0152595285026,0.0142085899156,0.0801350177903,0.0153113264828,0.0275815607053,0.0935298815803
C002898,0,0.00623597209048,0.342752214947,0.00754320912645,0.484280154577,0.00304248517439,0.104358674665,0.00788318805759,0.0439041013615
C002899,3,0.0108595765729,0.0117588645664,0.0237242435841,0.00958338907196,0.0117588645664,0.0116479398302,0.148865764036,0.771801357772
C002900,3,0.010066307137,0.0102384461243,0.0102173162586,0.00834425910315,0.386079693408,0.510367809145,0.0121997000963,0.0524864687269
C002901,3,0.0177561268151,0.0135934002943,0.0135934002943,0.0131910277627,0.0135934002943,0.738854156465,0.0186110275903,0.170807460484
C002902,1,0.00695801219891,0.00759514427199,0.414816523536,0.00668851836218,0.49826861235,0.00706220941484,0.0107816064477,0.0478293734184
C002903,3,0.0685892795716,0.0101295737862,0.100264540102,0.00825552893973,0.0101295737862,0.0519331384134,0.0125329100341,0.738165455366
C002904,3,0.0119486883899,0.0224137582157,0.0131430998388,0.229003626996,0.0923191085592,0.0313831416732,0.0269371407281,0.572851435599
C002906,2,0.038950665149,0.00395770345727,0.00601369641359,0.00142596256648,0.00281116467444,0.00412885345632,0.00567108630084,0.937040867982
C002907,2,0.01266759105,0.0143949378567,0.0143949378567,0.0312914199067,0.0205256717832,0.0857991721205,0.0338435777027,0.787082691724
C002908,0,0.00206557565719,0.0911501871986,0.0701911246005,0.00211316480596,0.819248619969,0.00238091038919,0.00269609678199,0.0101543205972
C002909,3,0.0252532657674,0.0266274629874,0.148376120584,0.0217011886109,0.0266274629874,0.0263762785049,0.0291371944397,0.695901026119
C002910,3,0.0125590751614,0.0132424975089,0.0132424975089,0.0128505119033,0.0132424975089,0.0124290073628,0.704940709828,0.217493203217
C002912,1,0.00130612151287,0.00106718597417,0.922866990715,0.0028228038335,0.00320543373076,0.0428773435641,0.00394318817398,0.0219109324952
C002913,4,0.0251678664649,0.0416524207303,0.00646949032918,0.00732535907495,0.00646949032918,0.00532454266421,0.00744135272288,0.900149477684
C002914,4,0.149680742371,0.103387281576,0.0049202903115,0.00480383781329,0.0146032878016,0.00141866046014,0.6659075307,0.0552783689665
C002916,4,0.00759225510762,0.0168021708396,0.123103498207,0.033607493194,0.0308443509376,0.193301024964,0.526636422195,0.0681127845559
C002918,2,0.0126155559748,0.0166373343428,0.0147890474252,0.016360275933,0.0145291236982,0.010937157169,0.821356340632,0.092775164825
C002919,3,0.0144581974816,0.00621949223178,0.0135068824263,0.0110080109103,0.0135068824263,0.0488664384686,0.0665803986748,0.82585369738
C002920,2,0.00801586659659,0.0554724696602,0.0063639482259,0.00583004567601,0.880897747884,0.00485502323555,0.0074456390375,0.0311192596847
C002924,2,0.00871589926942,0.00973990943076,0.644399196462,0.00892278108587,0.0114290262782,0.243576512476,0.0104129788305,0.0628036961674
C002925,4,0.0286535378555,0.0343490726545,0.00564509761598,0.00551149051591,0.00564509761598,0.756877540028,0.00546065067567,0.157857513039
C002926,2,0.00498206617376,0.00314658561398,0.00317886894656,0.00291217817912,0.00308418256723,0.00803412546605,0.00293089827782,0.971731094775
C002927,3,0.00140379996744,0.607013512063,0.00496768139172,0.00404862419269,0.333783365902,0.00180699433903,0.006616154656,0.0403598674878
C002928,1,0.00784699236094,0.00856552667325,0.00628619606983,0.0075430670418,0.00856552667325,0.85156874381,0.00977571915048,0.0998482282208
C002930,1,0.350956650721,0.0117164062025,0.0349421442448,0.107447549977,0.132667475997,0.0141836759372,0.0186854355396,0.32940066138
C002931,3,0.21732580451,0.100241779816,0.302291941182,0.00814212366633,0.212218855041,0.00949882703444,0.0136039884228,0.136676680328
C002932,0,0.012234094051,0.0146499760661,0.0146499760661,0.749432897929,0.0216014531668,0.0146499760661,0.0234446945978,0.149336932057
C002933,0,0.313720789457,0.0271613826891,0.0238178082707,0.00874595294097,0.122902860724,0.0238196374086,0.0258912429752,0.453940325535
C002934,0,0.00266650043414,0.00789692151187,0.00309926559337,0.00265882297985,0.00121033807037,0.00264107740481,0.00283152087733,0.976995553128
C002935,0,0.00267869616726,0.00317086076454,0.658730349505,0.00281823822512,0.256785116128,0.0588324822131,0.00554542104073,0.0114388359559
C002937,2,0.0100232324308,0.209449223922,0.0124212663623,0.0113791859512,0.586932102141,0.00935041543214,0.0133124028082,0.147132170952
C002939,2,0.0452009179254,0.0315616238019,0.0119286187218,0.0109278689159,0.730592037523,0.00897956273761,0.015208814804,0.145600555571
C002940,2,0.00434041528458,0.00493220296254,0.00429517276406,0.511442296179,0.433743967327,0.00371283775343,0.00277349004182,0.0347596176875
C002941,2,0.00731113642062,0.174082729404,0.00755343293922,0.00679812141713,0.00742067817925,0.709856101404,0.0619513747788,0.0250264254571
C002942,0,0.0235046541971,0.00747609673843,0.00747609673843,0.193783755303,0.00764575760293,0.406193545551,0.213829059328,0.140091034541
C002943,4,0.0252861035372,0.0263044436973,0.0263044436973,0.0256818751112,0.0209061228225,0.0261728059373,0.0289398603445,0.820404344853
C002948,3,0.0313325373958,0.00591004581911,0.00673735621202,0.636199880275,0.00346076712049,0.00632347862697,0.279096436137,0.0309394984136
C002949,1,0.0517133505667,0.44108999431,0.0115706219467,0.13480541065,0.0943541386017,0.0136564353426,0.0129222930298,0.239887755552
C002951,4,0.00998515133989,0.0599102733862,0.0375288237319,0.0366405986472,0.0925206328653,0.0391958070839,0.0501272238125,0.674091489133
C002953,0,0.00951049584819,0.868841126284,0.0116013054308,0.00372745368662,0.00392419230367,0.0116013054308,0.0110781887801,0.0797159322356
C002955,3,0.020994515859,0.022534035078,0.0292694340421,0.0183650746459,0.169969890336,0.0223214650731,0.0331093490139,0.683436235952
C002956,0,0.04692648026,0.00663623641012,0.00764220761754,0.409653487778,0.478715712314,0.00688772146886,0.00563455990186,0.0379035942495
C002957,4,0.00961098859324,0.00999804924294,0.222885044702,0.00976141730907,0.00999804924294,0.00947978188316,0.656160293286,0.0721063757411
C002958,3,0.580412321062,0.011740975288,0.011740975288,0.00956880944017,0.0117283459724,0.29812425635,0.0184043600106,0.058279956589
C002961,2,0.129131910197,0.014350307898,0.014350307898,0.013146390816,0.00238606772787,0.00857957987186,0.695886902514,0.122168533078
C002962,4,0.013821755499,0.0305426851022,0.0305426851022,0.029819806622,0.0156559319318,0.0237765804579,0.0433516611659,0.812488894119
C002964,2,0.00711558233095,0.864908594751,0.00820870171563,0.0075200338287,0.00928811233627,0.00626237614582,0.0138797513677,0.0828168475236
C002965,3,0.079660628356,0.593637426269,0.0195548651122,0.0159370727982,0.0189781100441,0.0540047620318,0.0237366890626,0.194490446326
C002966,3,0.012298329111,0.0133167610578,0.0893669558758,0.00628967606219,0.0133167610578,0.282464354779,0.267920968099,0.315026193957
C002967,1,0.0174257196031,0.0043361928962,0.00686848389283,0.0039597069213,0.269597149666,0.00691642607348,0.64352352568,0.0473727952673
C002970,1,0.00709808074567,0.00778522272043,0.0307565523945,0.36528708331,0.00778522272043,0.00723895046939,0.410508613713,0.163540273927
C002971,3,0.00527725354556,0.00524156042058,0.00509752572401,0.00349381697556,0.00524156042058,0.0895396414112,0.0053123752445,0.880796266258
C002972,1,0.0111910286858,0.00757705015371,0.554872621107,0.0675161874183,0.00822284125215,0.0114131277539,0.0465059784374,0.292701165192
C002973,3,0.012111523791,0.052853672124,0.00754584150953,0.0440771007049,0.00400804625699,0.00737852528536,0.00738224887751,0.864643041451
C002974,2,0.0526982194365,0.0129176565732,0.0300734807089,0.55786600052,0.0236615362738,0.116865721343,0.0155926229879,0.190324762156
C002975,1,0.00419444394697,0.525360856248,0.00435099447341,0.00405133724724,0.00460049434285,0.0108924049929,0.30372803519,0.142821433559
C002977,4,0.0137230070638,0.0142756698807,0.0142756698807,0.0149969991534,0.729133287723,0.0739156155416,0.0184955241526,0.121184226604
C002979,0,0.021150428236,0.364585024357,0.0253311358708,0.0226635541907,0.238430364176,0.0253311358708,0.0337181379775,0.268790219321
C002985,0,0.00689277942416,0.805210282682,0.00747873358399,0.00881945331927,0.00292229677465,0.00588773832072,0.00877586341246,0.154012852482
C002986,0,0.603053513054,0.275788419255,0.0130395195761,0.0119267203511,0.0086035431076,0.0135608356599,0.0132921054577,0.0607353435391
C002987,4,0.703263878451,0.00634415557396,0.0400714591444,0.193441570626,0.00634415557396,0.00601529454523,0.00558243856128,0.038937047524
C002988,2,0.00690315294896,0.00758448290502,0.00758448290502,0.00694818376825,0.154685448134,0.688356441573,0.0117664414093,0.116171366356
C002989,1,0.00399235238441,0.0213018872863,0.00291629957404,0.0437126274083,0.00306036626186,0.00292356431407,0.0057660959637,0.916326806807
C002990,2,0.00971349379017,0.00726884081286,0.0352657367464,0.0421409956377,0.00789154483045,0.00558561946795,0.00781400026634,0.884319768448
C002994,2,0.0151971629064,0.0172694409515,0.0248835119954,0.0158206236086,0.0172694409515,0.707571142616,0.0190771709772,0.182911505994
C002996,1,0.0047394423405,0.00517342414986,0.00489285242132,0.00466197082835,0.00517342414986,0.00490946105199,0.851538024434,0.118911400624
C002998,2,0.689658427175,0.0161242916267,0.0161242916267,0.0147715464269,0.0870836115465,0.0123011388097,0.0198034400108,0.144133252778
C002999,0,0.0194944623641,0.0236623022427,0.0236623022427,0.0206737259745,0.0733959315728,0.0236623022427,0.0185290054521,0.796919967908
C003000,0,0.0308753799715,0.0327758856982,0.0210798426085,0.0496191514773,0.0198614052663,0.588122310078,0.0122516040365,0.245414420863
C003001,1,0.00820946836782,0.0304122205958,0.571826840462,0.293961288495,0.00629213006641,0.00854477974781,0.0131777863622,0.0675754859026
C003002,3,0.76414839329,0.00715184774871,0.00655927561547,0.00689455361251,0.0410899554977,0.00793997192059,0.0189932715575,0.147222730757
C003003,4,0.0371292018705,0.126493606407,0.0110662513231,0.0090074243644,0.00665295161067,0.00874289172216,0.0118127778613,0.789094894841
C003004,3,0.00975179295174,0.0480661115846,0.11483225689,0.00843925946578,0.0876149008611,0.0101254624181,0.00824319513634,0.712927020692
C003005,2,0.0186946413591,0.511432640501,0.0212438339346,0.019461585446,0.173287808927,0.0139399365237,0.0273650956931,0.214574457616
C003006,1,0.0206891164135,0.0619377384089,0.0213587983704,0.422246261898,0.0225835798398,0.0209989388554,0.0291204764046,0.401065089809
C003007,2,0.0163965703622,0.120592258823,0.421776305363,0.0157493129261,0.0171915997962,0.0142852628824,0.0185879928223,0.375420697025
C003008,4,0.28406342185,0.00557716790613,0.00557716790613,0.00544516855356,0.63071633632,0.00528806510063,0.0420771152177,0.0212555571461
C003009,2,0.730143368662,0.0120065974983,0.0120065974983,0.0197035086414,0.0139490637513,0.00915977122459,0.0125563501477,0.190474742576
C003010,0,0.0194015209655,0.0235494903363,0.0235494903363,0.0210971828328,0.0235494903363,0.0235494903363,0.0136849906446,0.851618344212
C003011,0,0.00539728595471,0.00635392789998,0.660009802757,0.0704949784176,0.220501415349,0.00635392789998,0.00559826111325,0.0252904006086
C003013,3,0.00658236142394,0.0119496193245,0.0119496193245,0.00645073698036,0.547113186931,0.340345956589,0.0187972564787,0.0568112629484
C003014,3,0.0763953763688,0.0236399303135,0.0429284782577,0.161479413116,0.0342381903241,0.469850940622,0.0177241906323,0.173743480366
C003015,0,0.0093392325104,0.0111926401884,0.0115452293968,0.0105010258302,0.0111926401884,0.009938720002,0.829735174883,0.106555337001
C003017,0,0.0166567751782,0.0184279333041,0.0184279333041,0.336776356569,0.0184279333041,0.0184279333041,0.0280507349028,0.544804400134
C003019,3,0.00871743475634,0.1042837366,0.00943933071229,0.773931553795,0.0148050693557,0.0153561703801,0.00662415353689,0.0668425508644
C003020,3,0.0942231724573,0.00881377672267,0.0558999605168,0.590823645148,0.00881377672267,0.198801026292,0.011950777409,0.0306738647317
C003023,1,0.0119119093853,0.00137753218519,0.00476833449817,0.103051424637,0.00174564311503,0.00400591139362,0.0043951759664,0.868744068819
C003024,3,0.0146237252036,0.0157489638568,0.0157489638568,0.417285265908,0.151436256778,0.300609293595,0.0141411566821,0.0704063741197
C003025,1,0.0116026007125,0.0127258105282,0.757964603937,0.0112067413525,0.0127258105282,0.0845797786346,0.013958943261,0.095235711046
C003026,3,0.0371708390295,0.0500821914286,0.469886904538,0.029084098932,0.0157581007298,0.197188061889,0.0219843134405,0.178845490013
C003027,3,0.0121406390326,0.13711179764,0.0387038027667,0.00747153280735,0.00410587058668,0.00908112609491,0.699954190449,0.0914310406228
C003028,0,0.0110759632024,0.727303298245,0.0107893597022,0.00934984846716,0.00815620625026,0.0842406582505,0.018819989411,0.130264676471
C003031,2,0.0803817972402,0.00883397972792,0.00883397972792,0.00809285422925,0.0869616697535,0.0129911525312,0.0099932450595,0.78391132173
C003034,0,0.00907298152179,0.0105323791053,0.383268701352,0.00920212738593,0.514330290834,0.0105323791053,0.00365999834028,0.0594011423549
C003035,0,0.0217248066135,0.0145291177931,0.0127843050274,0.0227220061815,0.026036180523,0.722908773696,0.0215701269453,0.15772468322
C003036,1,0.00374341568528,0.65912879101,0.0154418582753,0.0125636752827,0.00777938863225,0.131673274995,0.0191154416564,0.150554154464
C003037,0,0.0529654426713,0.00986236657443,0.00986236657443,0.150357570033,0.00986236657443,0.704760044393,0.0090666968103,0.0532631463693
C003038,1,0.0952208389591,0.0119922170701,0.00659901734248,0.0105607163214,0.152600205707,0.0109945106233,0.0117875542668,0.70024493971
C003039,4,0.00144142707795,0.00102724525101,0.00219414206217,0.00241320310992,0.00859942169648,0.00208501727576,0.00559630447874,0.976643239048
C003040,3,0.0260480593102,0.03515624403,0.0291743741276,0.0411811536588,0.399873663026,0.0343769014233,0.0380674200814,0.396122184343
C003041,0,0.0013266631466,0.00408002940233,0.0235375925291,0.0042327111848,0.011298050811,0.0074643497464,0.00330965812383,0.944750945056
C003042,1,0.0496851222341,0.158469795235,0.0030678159483,0.652590454453,0.00542976285478,0.00756222307143,0.0072357043798,0.115959121824
C003043,4,0.665246150676,0.129734545254,0.0112590799819,0.0109926022116,0.0183991924434,0.00997420627279,0.0132340743958,0.141160148765
C003044,1,0.0125739061071,0.00730811225648,0.00454176423383,0.00977251498199,0.022008745902,0.00126026489437,0.00545421235589,0.937080479268
C003046,0,0.0761045990593,0.0233870243564,0.0233870243564,0.0214027804894,0.0233870243564,0.0233870243564,0.0228691635121,0.786075359513
C003049,0,0.0196496253776,0.0420458553286,0.0398456604906,0.185953497215,0.0237300409582,0.0237300409582,0.316401666988,0.348643612684
C003051,2,0.0168136962421,0.0176289510857,0.0176289510857,0.192435218243,0.506352171984,0.0132706288938,0.0234070464677,0.212463335997
C003054,1,0.0277376704032,0.0304228635278,0.0287729320395,0.0326655412312,0.0304228635278,0.0288706008348,0.0399444714818,0.781163056954
C003056,3,0.216773734579,0.532495864414,0.0134763723807,0.0109831454451,0.0111319397784,0.0994229504225,0.0146068301963,0.101109162785
C003057,4,0.0400606801014,0.00436723387026,0.00652171119992,0.0613600016028,0.030667234539,0.00511591348702,0.00717133642301,0.844735888777
C003058,2,0.00586737076864,0.419246504563,0.00636060817271,0.00582698583612,0.0407602870075,0.00485247512622,0.480847131422,0.0362386371037
C003059,1,0.0375448146651,0.0146098057317,0.0138174681369,0.206282184142,0.107571289973,0.00537885238581,0.336626767277,0.278168817689
C003060,2,0.182924926166,0.120416021791,0.0245151528829,0.0166108927947,0.0245151528829,0.492903613598,0.0313718136105,0.106742426273
C003062,3,0.00730512396078,0.00771132193872,0.00568205820508,0.590229801657,0.00771132193872,0.00763857883094,0.253229929886,0.120491863583
C003064,2,0.0578921442915,0.0118133049319,0.0258116545365,0.00887868186725,0.430111427462,0.216661420638,0.0224170173105,0.226414348962
C003065,4,0.00871039687434,0.00753184472772,0.00753184472772,0.00735358245473,0.891043712091,0.00669514232577,0.00753767901813,0.0635957977804
C003066,2,0.00775610092273,0.00800514311977,0.00800514311977,0.219290356505,0.598131865594,0.0776987481099,0.00967495502127,0.071437687607
C003067,1,0.0131561748315,0.0144297810749,0.0136472068066,0.0558822510813,0.0144297810749,0.647693174398,0.0109455281699,0.229816102563
C003069,4,0.0126415739588,0.0851790299446,0.736231754849,0.0125393421608,0.0357529113565,0.0121775583277,0.0153630851249,0.0901147442775
C003071,2,0.168541106346,0.624052134955,0.00919304419428,0.00827377844334,0.100565320424,0.00679866433071,0.0457137028485,0.0368622484583
C003072,0,0.0147782204384,0.0024558014011,0.016218420036,0.00242085676122,0.0024558014011,0.00915609836542,0.00199733063406,0.950517470963
C003073,4,0.0128832479017,0.0277873869893,0.0277873869893,0.0271297203825,0.0277873869893,0.0263469764312,0.0263273049135,0.823950589403
C003075,2,0.00963421310302,0.00981125653131,0.339294500925,0.00898814253136,0.376285112362,0.200675052263,0.0109744016508,0.0443373206335
C003076,0,0.00495961543704,0.00869986953241,0.0123700796112,0.834366502282,0.0820674973741,0.00599404325092,0.00522943369474,0.0463129588175
C003079,4,0.00788936099883,0.378841157375,0.359234166632,0.00801284324337,0.147187529737,0.0494094077902,0.00808523701874,0.0413402972042
C003080,0,0.630086151953,0.0128125602836,0.0128125602836,0.0164119656583,0.223490711162,0.0128125602836,0.0135450265124,0.0780284638636
C003082,1,0.0335211278403,0.0217347993219,0.0230518215818,0.0255748690234,0.0154272020496,0.0226634374982,0.0428815330611,0.815145209624
C003083,2,0.0106398086612,0.0257490354962,0.0111532750286,0.250762118086,0.0257490354962,0.395374900741,0.0238276407112,0.25674418578
C003084,4,0.0131675247945,0.00359312985696,0.00359312985696,0.117915587249,0.00359312985696,0.791811739101,0.0283834917852,0.0379422674995
C003085,2,0.169408425387,0.00634348534144,0.00634348534144,0.196594718957,0.285724755244,0.00386821467076,0.297053780779,0.0346631342796
C003086,1,0.00736560288946,0.00544164700066,0.400961784631,0.00711430208907,0.520186805027,0.0076664470317,0.0108190435608,0.0404443677703
C003091,3,0.00523955156573,0.489423873135,0.0155805792124,0.0198801648478,0.0170524487,0.247599190826,0.029107706081,0.176116485632
C003093,0,0.23122590946,0.00413169255901,0.0120864242709,0.0159614782322,0.0233275607009,0.307747539096,0.00999258563261,0.395526810048
C003094,3,0.0106926587245,0.396850526973,0.0751187853388,0.0105468708959,0.00989502694757,0.418531336915,0.0110969815663,0.0672678126394
C003095,2,0.549904833537,0.0323127860366,0.0323127860366,0.0296019093534,0.0323127860366,0.0245187724086,0.0324605992277,0.266575527363
C003096,2,0.00312660657733,0.00348830821373,0.00348830821373,0.438788249627,0.00348830821373,0.00283502359293,0.51545421203,0.0293309835314
C003098,0,0.0256983904891,0.0274392097119,0.0235399160255,0.0215427002493,0.0235399160255,0.0235399160255,0.0174514743969,0.837248477076
C003099,0,0.00966516251754,0.0145924604355,0.0119061784671,0.072769239936,0.0965311584661,0.0741911660424,0.00500520977566,0.71533942436
C003100,1,0.00915083628736,0.00600825492918,0.0366531584326,0.0052910546501,0.00600825492918,0.225757122987,0.0822395853642,0.628891732421
C003101,1,0.0015218283209,0.00226091697614,0.0806889772079,0.0910305478741,0.0295805785323,0.0243234324154,0.00764625079461,0.762947467879
C003105,2,0.0506564733021,0.0223104394653,0.0223104394653,0.208844275024,0.03401229948,0.0419275820699,0.023602594013,0.59633589718
C003106,0,0.00693313965036,0.116121631191,0.744457974993,0.00834594245091,0.00834798980312,0.00834798980312,0.0323778457604,0.0750674863482
C003108,3,0.01250936914,0.116831313336,0.013626310451,0.208570419744,0.267461546819,0.274181796697,0.01543090032,0.0913883434927
C003110,4,0.00599043776778,0.0062316889889,0.871080880074,0.00608419855544,0.0062316889889,0.00590865787346,0.00792869144597,0.0905437563055
C003112,4,0.0433688914474,0.538510745065,0.0319162045727,0.0267662777542,0.0140349879186,0.120325978129,0.0232522549675,0.201824660146
C003113,1,0.00259291658761,0.00308389863193,0.00682890796032,0.00271577627602,0.00924466372274,0.0410986450293,0.0045599999258,0.929875191866
C003114,3,0.00846278657113,0.0163320385207,0.00558695775001,0.00716547213802,0.00250801480598,0.00870913073565,0.0107098134537,0.940525786025
C003115,4,0.013460033642,0.00401435096759,0.00476290596717,0.00526339122445,0.00286293162091,0.00527640933749,0.030348807849,0.934011169391
C003116,4,0.00741846141255,0.00771722302965,0.00771722302965,0.00753457325817,0.159199389487,0.00731718651181,0.00926718734283,0.793828755928
C003117,1,0.276280138019,0.0293614762688,0.00959922426784,0.00893811634525,0.0275408654816,0.566438425438,0.0131099052825,0.0687318488973
C003118,0,0.00619354086685,0.00747157268159,0.00747157268159,0.0066684678068,0.00747157268159,0.874470481854,0.00627930608381,0.0839734853439
C003119,3,0.0144981614145,0.0152871022705,0.0152871022705,0.0124588771316,0.0152871022705,0.785326642084,0.0145290319467,0.127325980612
C003122,0,0.00667629378545,0.00816418718577,0.00816418718577,0.858987905875,0.00816418718577,0.00816418718577,0.00707372425863,0.0946053273375
C003124,0,0.00603943472942,0.00743098737402,0.0415243079677,0.00228338928837,0.00743098737402,0.0283830944428,0.00877824324376,0.89812955558
C003126,3,0.00903658991802,0.0110756330829,0.015287704045,0.690371260171,0.015287704045,0.00765292689158,0.0207680542994,0.230520127547
C003127,1,0.0160625960872,0.0202585184491,0.0191598326707,0.648712312581,0.0202585184491,0.0723624711567,0.0263195771591,0.176866173447
C003129,4,0.0128966066181,0.0134159880415,0.57307433398,0.0130984609802,0.241343651752,0.0127205455075,0.0169928053902,0.116457607731
C003131,2,0.33881823402,0.278152587416,0.0143087147969,0.0698981923237,0.0452712416082,0.0489785201909,0.0204412312169,0.184131278428
C003132,2,0.00997974438691,0.0105972268276,0.0105972268276,0.00970817395915,0.0105972268276,0.00797732456391,0.799577615723,0.140965460884
C003136,4,0.0123847758703,0.0268624273383,0.017378257134,0.450139785435,0.0190402250654,0.0263390371204,0.0204113204782,0.427444171558
C003138,3,0.360037295418,0.00867716258362,0.00867716258362,0.00707182437637,0.00741625709555,0.550579783856,0.0160502853496,0.0414902287376
C003139,1,0.00258869125145,0.232104288954,0.00446708154035,0.00415942928484,0.0478123122263,0.0651525085282,0.623299076424,0.0204166117907
C003140,1,0.212964617996,0.0633330917348,0.0136362399949,0.0126970988682,0.267858609836,0.26351477512,0.0168546103572,0.149140956093
C003142,1,0.404532334756,0.14669680381,0.027495620284,0.0125550979074,0.322081548063,0.00660316384221,0.00537481083737,0.0746606204999
C003143,4,0.0197895774951,0.0205865576026,0.0205865576026,0.482000770428,0.114121546272,0.0195194153435,0.0296809153869,0.293714659869
C003144,1,0.0109747023569,0.0896312870598,0.403108409729,0.0105673383139,0.00969801349287,0.232529609002,0.012212711633,0.231277928413
C003145,0,0.00761091386987,0.00370443080074,0.00370443080074,0.00806776620521,0.00243128873588,0.00324915199315,0.00332051803145,0.967911499563
C003146,4,0.0168446783017,0.0175230593095,0.0175230593095,0.016995514856,0.158550352413,0.016614719146,0.191074427364,0.5648741893
C003147,4,0.025470950641,0.0264967350967,0.323209966355,0.350440351344,0.0264967350967,0.0251232278647,0.0291979901806,0.193564043421
C003148,0,0.00233768201102,0.00339101203736,0.00289348868633,0.00769279555455,0.00339101203736,0.00507143598467,0.00395827914857,0.97126429454
C003149,2,0.398957615212,0.00565534980364,0.00575652311794,0.00518089501967,0.00259135488693,0.52792153137,0.00826426947411,0.0456724611157
C003150,0,0.712352821114,0.0286007111,0.0101590575285,0.00871533426121,0.0101590575285,0.0101590575285,0.187446782942,0.0324071779967
C003152,1,0.0114110301164,0.0382255470282,0.0118369275165,0.0110217067922,0.00607586522006,0.0116374953705,0.230711000892,0.679080427064
C003153,1,0.0216648178633,0.0601719061027,0.441328182982,0.0159440390699,0.290070187066,0.0342851618387,0.0201308151559,0.116404889921
C003154,0,0.01503035977,0.652525493847,0.0180344842426,0.0154715688893,0.106651310899,0.0106797010171,0.108151737709,0.073455343626
C003155,2,0.0699533171512,0.0322202589262,0.0322202589262,0.029517144792,0.0322202589262,0.0245806691364,0.0303322025226,0.748955889619
C003157,1,0.00520729866001,0.170324847982,0.00540165227561,0.00502963522352,0.00442956719729,0.0014361397231,0.00704236105325,0.801128497885
C003159,2,0.00531992311451,0.0214356074344,0.0214356074344,0.106934812151,0.379454731409,0.0144871924205,0.0251090645085,0.425823061528
C003160,1,0.0029963759449,0.345701116215,0.00391688568103,0.00288032198773,0.032757086916,0.00304124709809,0.589991500483,0.0187154656748
C003162,3,0.00549354744487,0.00534733286065,0.925672256052,0.0123053492323,0.00827019762987,0.00529688993871,0.00695936200552,0.0306550648365
C003163,0,0.133313691151,0.00911322093778,0.0523736736892,0.00883706333669,0.0185194649327,0.00911322093778,0.0124086914298,0.756320973585
C003164,0,0.00242084281166,0.00977483667556,0.00985966302696,0.00854026344535,0.534753297722,0.00977483667556,0.39136617873,0.0335100809127
C003166,0,0.0103373410285,0.296611628317,0.023350926116,0.02003248095,0.452432126545,0.023350926116,0.0272965761206,0.146587994807
C003167,2,0.00122360348137,0.00515339085858,0.00515339085858,0.62628094147,0.00515339085858,0.00387934241215,0.284531710385,0.0686242296755
C003169,2,0.00797631746796,0.00972701093,0.0090638369986,0.00830342765623,0.240383643687,0.543716230599,0.0452642139463,0.135565318715
C003174,1,0.00367837613582,0.0155858737188,0.00561900124392,0.165827834407,0.0697508342032,0.0581773806183,0.0187885570536,0.662572142619
C003176,1,0.00897532711268,0.0153058658841,0.0144757786684,0.722064941205,0.0153058658841,0.0474580099891,0.0221494991968,0.15426471206
C003177,4,0.0118835093177,0.068179588563,0.0115211978037,0.0112485162785,0.00610214321095,0.310193989044,0.511445736459,0.0694253193237
C003178,4,0.0044417044037,0.00462058392016,0.0809535503235,0.00451122481599,0.827626060455,0.0456796460769,0.00558724361017,0.0265799863943
C003180,1,0.00768292088461,0.00334160828827,0.941333724799,0.00294272334994,0.00120480246367,0.0031661532907,0.00575500327428,0.0345730636497
C003184,1,0.306036454811,0.0130668905486,0.0123582302955,0.00571722567295,0.0546016505382,0.0121500150821,0.350680769526,0.245388763525
C003185,3,0.111962205823,0.0175610687574,0.00920846705285,0.0143121432746,0.0175610687574,0.0173954101676,0.207016287164,0.604983349003
C003186,2,0.0316757884296,0.0353402035794,0.0353402035794,0.0419324302634,0.0353402035794,0.0300233413898,0.0332693233352,0.757078505844
C003188,4,0.00650276285599,0.00676464680179,0.00676464680179,0.00660454242385,0.897192395364,0.0208346465763,0.00775474413474,0.0475816150414
C003189,1,0.0281782172205,0.0300236841717,0.208330092137,0.0264397825363,0.0939323851034,0.0257929152866,0.0437561130273,0.543546810518
C003190,2,0.00659318988636,0.0928249753562,0.0202179587562,0.0185217759228,0.0839622791742,0.561190470389,0.0332122060814,0.183477144434
C003191,1,0.00388610932151,0.371145469482,0.00401189803297,0.00373559470885,0.00424195303339,0.00402551629221,0.585070449797,0.0238830093328
C003194,3,0.0112560973259,0.850281788774,0.0318676670537,0.00970895133205,0.0139889522718,0.0113267315959,0.0129752024778,0.0585946091688
C003195,0,0.0114137464235,0.00957395462984,0.379923472525,0.0443572228684,0.178410314957,0.0073191130346,0.262306917433,0.106695258128
C003196,1,0.108386054801,0.281925924152,0.0159345757592,0.0331083156742,0.0168483150425,0.0158696584458,0.344937943632,0.182989212493
C003197,0,0.00933703298423,0.011039505321,0.464215308923,0.00981183287202,0.011039505321,0.011039505321,0.395490742463,0.0880265667947
C003198,4,0.00604597171883,0.0133420166897,0.539471318667,0.372978940215,0.0121076096443,0.00552740055041,0.00619226781629,0.0443344746983
C003199,1,0.135143399546,0.0111878638271,0.050128945183,0.0162885940638,0.0129075729678,0.176806708091,0.0231705462152,0.574366370106
C003201,2,0.0338432352449,0.0390423454183,0.0390423454183,0.0357668932882,0.0390423454183,0.0327014589936,0.0367545254959,0.743806850722
C003202,4,0.014206009543,0.0147781241835,0.0147781241835,0.0144283583422,0.776242540154,0.0140120728051,0.0129465773343,0.138608193454
C003203,4,0.00361222776746,0.00676307401144,0.00676307401144,0.00660300685801,0.89468165271,0.00641249757131,0.00948944205286,0.0656750250173
C003204,1,0.00762243234508,0.0144536827383,0.0136698122046,0.0923581660128,0.00943684144991,0.640959054046,0.0245285834632,0.19697142774
C003205,4,0.0251331546577,0.356337562707,0.485490542487,0.00864800770304,0.0647106172473,0.00839849625858,0.0135939071371,0.0376877118022
C003206,1,0.647079518964,0.0197396695054,0.0186691226039,0.017383361951,0.119917596394,0.0173403660638,0.0239086135569,0.135961750961
C003208,3,0.0049516084597,0.0236306520125,0.00977019425944,0.332850823034,0.201828997688,0.0160328187296,0.0743721138401,0.336562791976
C003210,0,0.00469435637783,0.589149356424,0.280803366844,0.00499633699792,0.00453720938903,0.00559806181918,0.0899652807158,0.0202560314322
C003211,4,0.00766696105935,0.0218733696627,0.0218733696627,0.0213556748967,0.601186603232,0.0207395231223,0.0207006997393,0.284603798625
C003212,4,0.0624176343017,0.41801495783,0.190735147447,0.0298008520466,0.0113588306631,0.148127441467,0.018093260199,0.121451876045
C003214,1,0.0114171340956,0.23830393029,0.0117866930729,0.0109749320436,0.226099009052,0.426461825824,0.0120860774337,0.0628703981878
C003216,0,0.0071096919964,0.330207511602,0.0106521691562,0.0100437322917,0.00920484420268,0.176718473253,0.37432823947,0.0817353380289
C003217,2,0.652105787581,0.23525049162,0.010584240224,0.0096962768648,0.010584240224,0.00807466220559,0.0127495658513,0.0609547354297
C003218,0,0.00461843780037,0.0055349850723,0.902581026582,0.00483043067381,0.0150346674255,0.0055349850723,0.00555915313563,0.0563063142377
C003220,4,0.0148627305902,0.0154612931733,0.0154612931733,0.0170053394976,0.0593205969966,0.0317196414221,0.0184361628361,0.827732942311
C003223,4,0.0178188923755,0.0332863394056,0.0332863394056,0.0324985246356,0.161258085954,0.0315608804864,0.0521689727376,0.638121964999
C003225,2,0.0134456360572,0.01504644767,0.408367371724,0.0137841280387,0.0197355958256,0.0113265855822,0.172784899933,0.345509335169
C003226,2,0.243890416511,0.0146012190653,0.0167496364944,0.572127566204,0.0226926663803,0.0111391946183,0.0157436766585,0.103055624068
C003228,2,0.00967526476256,0.257135167888,0.645508068596,0.00975722725796,0.00548900773485,0.00801763225588,0.0108682871292,0.0535493443752
C003229,2,0.0162211999322,0.0170077260847,0.0170077260847,0.0155808652741,0.539597832938,0.0129751063953,0.0165536554312,0.36505588786
C003231,0,0.00517518613236,0.0266723223047,0.0141258970649,0.0783159551785,0.00640211649771,0.00517624226231,0.00719286388721,0.856939416672
C003232,1,0.228242121952,0.00873150482429,0.671630080077,0.00768923252217,0.00873150482429,0.00827304709209,0.00952625478172,0.0571762539257
C003233,3,0.0256266739778,0.0124284150022,0.431894218093,0.0101290678059,0.379486297353,0.0127247761146,0.0196958530751,0.108014698579
C003234,4,0.00947167216954,0.00985312216796,0.00985312216796,0.00678838643573,0.504179652781,0.00934236737095,0.180268167788,0.270243509119
C003238,2,0.0148031960096,0.0162939632746,0.0179025886875,0.55180858324,0.0170876136749,0.0581190104801,0.209449162398,0.114535882236
C003239,2,0.00251372815065,0.00765365915324,0.769482467595,0.00701155648476,0.00363883027287,0.00576148120259,0.0106257598395,0.193312517301
C003240,2,0.0108202129948,0.011318394578,0.011318394578,0.0103688394415,0.761294947512,0.00852020142245,0.0104621417945,0.175896867679
C003242,3,0.000756924723516,0.00348385973559,0.00294199425662,0.00357228798462,0.00176394854453,0.00228773164807,0.0140051837616,0.971188069345
C003243,0,0.0123177229283,0.208874444325,0.0230108133025,0.438263321265,0.0145558268142,0.144905424689,0.0147929635041,0.143279483171
C003244,4,0.0106709123344,0.0111006589958,0.0343743270636,0.0108379307034,0.833541802165,0.0105252358218,0.00928373387559,0.0796653990402
C003246,1,0.00743638984016,0.00815628241153,0.0077139405141,0.00735839629079,0.00840770185084,0.887163875787,0.0102001366614,0.0635632766437
C003247,2,0.00584100386774,0.00663748043057,0.0391106471329,0.0182450106253,0.00663748043057,0.0402893380349,0.00883425724214,0.874404782236
C003248,1,0.00389505033104,0.00596051877612,0.161966851874,0.0037441894202,0.00425171275433,0.78902411925,0.00530533360989,0.0258522239843
C003249,0,0.840560091395,0.00549849450284,0.00549849450284,0.00540379045869,0.00549849450284,0.00549849450284,0.0849523391371,0.0470898009982
C003250,2,0.00555436285342,0.00613329823629,0.752134305131,0.104890600895,0.00613329823629,0.00467906154965,0.0791098071977,0.0413652659006
C003252,1,0.45694618582,0.0115170360421,0.409922587614,0.0101422572484,0.0115170360421,0.0113091287712,0.0105134833722,0.0781322850897
C003253,2,0.040755635334,0.0162751632393,0.011457381011,0.354686729031,0.00672563333541,0.0555677946085,0.420881373951,0.0936502894899
C003254,3,0.0127049824536,0.0133963445819,0.0133963445819,0.78448803003,0.0133963445819,0.0125734035692,0.0136968317281,0.136347718473
C003256,4,0.00478262162033,0.359713088268,0.022037715016,0.00965983563775,0.51912647163,0.00938113103595,0.0084749200264,0.0668242167646
C003257,2,0.035425572767,0.0420859045021,0.0416680308443,0.0381722972011,0.0416680308443,0.0353991598341,0.0605833777625,0.704997626245
C003259,1,0.00914486367796,0.506537103,0.00948618024843,0.0105244531988,0.0100301480121,0.0283070861789,0.124416370415,0.301553795269
C003260,2,0.0289449912298,0.032401469611,0.032401469611,0.0257420953109,0.032401469611,0.024718913832,0.0599473059663,0.763442284828
C003261,1,0.02205247877,0.00258587214036,0.00327739453846,0.0075950461424,0.00258587214036,0.00305961254381,0.00248317129867,0.956360552426
C003265,4,0.0204104983227,0.0111897050779,0.00941911622576,0.0474225280853,0.0214030311088,0.0399604703483,0.0110221113796,0.839172539452
C003266,4,0.0327218305302,0.00881710293124,0.105104355386,0.00673898866349,0.00690235222733,0.00654455604348,0.79617823902,0.0369925751985
C003268,4,0.00319318858078,0.001948368605,0.00160985982118,0.00324316754527,0.00417814527679,0.0324164742969,0.00278167470012,0.950629121174
C003270,0,0.00990298790647,0.0120202080249,0.0120202080249,0.0435727667741,0.0120202080249,0.71366743456,0.0235302890389,0.173265897645
C003275,1,0.00418045094349,0.00437289425125,0.825509564864,0.00385090558494,0.00437289425125,0.1229319584,0.00840792458563,0.0263734071201
C003278,0,0.016231771182,0.140484952561,0.147809707815,0.0185925046391,0.0216724130788,0.0201919037404,0.0532787923855,0.581737954598
C003279,0,0.00559649978274,0.0404100041464,0.00441705363735,0.0136812811066,0.0174064766428,0.0156767981591,0.0150988729097,0.887713013615
C003280,1,0.0227394919245,0.0278373181207,0.0263276092244,0.0245144011406,0.0278373181207,0.0220173967522,0.0358227610171,0.8129037037
C003281,0,0.00966111996697,0.126112182866,0.0118793273719,0.023000348857,0.087796227795,0.124684700138,0.0193529449453,0.597513148059
C003282,2,0.0146487086631,0.0163433452487,0.0163433452487,0.03798569024,0.00937631149102,0.182882235176,0.0230713868302,0.699348977102
C003283,1,0.0238578889614,0.578866336301,0.024748344317,0.0230439017452,0.10347007819,0.0362721728376,0.018869418606,0.190871859041
C003285,4,0.0861914544797,0.524769719068,0.0177972590512,0.0173760368984,0.0177972590512,0.230019922463,0.0154992147413,0.090549134248
C003288,2,0.00864712636969,0.837627801448,0.0105373209058,0.00666630080274,0.00506539931202,0.0378706989667,0.0117900896951,0.0817952625001
C003290,1,0.0117251705556,0.082875641735,0.00440192817443,0.0113251293384,0.0616928671432,0.0328786764393,0.0129263924607,0.782174194154
C003292,3,0.0846676955303,0.00868236867544,0.00868236867544,0.0189482541866,0.785774264953,0.0147120221267,0.0104342697979,0.0680987560545
C003294,4,0.00459261098772,0.00334454755261,0.00477756792274,0.294915690004,0.647670664945,0.0045299138601,0.00619363662683,0.033975368101
C003295,4,0.302539537286,0.00829069211881,0.604596879537,0.00782577268068,0.00801548157897,0.00710470490689,0.0115701872966,0.0500567445954
C003296,1,0.00254671140634,0.899698490252,0.0504935795926,0.00245982230515,0.0103498688628,0.00413232629717,0.00320818504614,0.0271110162378
C003298,3,0.0722967070048,0.00776884452046,0.0137465064498,0.70753302734,0.0773958275869,0.0266185531509,0.0133250403803,0.0813154935669
C003299,3,0.0142467546002,0.0144042098965,0.0232780932411,0.0117393262701,0.174603618426,0.107722893339,0.0183620054802,0.635643098747
C003301,1,0.00815319567806,0.00889976845144,0.00841710487202,0.0226708274641,0.00889976845144,0.866154183691,0.0111895854601,0.0656155659315
C003302,1,0.00501431387232,0.0175693871659,0.787573759071,0.00484323472124,0.0843086795351,0.0051138288025,0.0569186732909,0.0386581235406
C003303,4,0.0284305739322,0.0295755504672,0.0379615824849,0.0288755619463,0.0295755504672,0.0280424471506,0.0288008145101,0.788737919041
C003305,3,0.0106467959791,0.00383049302568,0.00253275249654,0.0208958314475,0.00456337770924,0.00379435888821,0.00319953111254,0.950536859341
C003306,4,0.0264075117774,0.145331771494,0.326431338494,0.0151910852269,0.0155593407538,0.35745468478,0.017810447978,0.0958138194948
C003308,4,0.0168461604848,0.017524601184,0.308912141388,0.0215769159698,0.017524601184,0.0166161810947,0.493437869513,0.107561529182
C003310,3,0.0348227776035,0.00618004228886,0.00582929473419,0.00475083279828,0.0373726581225,0.00363232917249,0.00948217389592,0.897929891384
C003311,3,0.014969068416,0.0240710383359,0.0160667440505,0.0130942795102,0.735376184362,0.0159151818536,0.0171850093442,0.163322494128
C003312,2,0.00602425843334,0.00652815285693,0.00200941585706,0.0059804743824,0.0431550161154,0.00500644989392,0.0237484404671,0.907547791994
C003313,1,0.0208363891697,0.0222842811774,0.0210757316543,0.0196242254927,0.0251633570926,0.0211472725496,0.0274832071758,0.842385535688
C003315,4,0.0124326424876,0.0778701071326,0.0318582815056,0.0311042657392,0.0318582815056,0.0319646415545,0.0352203511504,0.747691428924
C003316,1,0.0270006804099,0.0519181640103,0.808648601539,0.00518730051794,0.035972194977,0.00558988979669,0.00229315434198,0.0633900144071
C003319,2,0.433492073153,0.10878134297,0.0107112347108,0.00981261716688,0.00406052542475,0.00882594914867,0.312534547104,0.111781710323
C003322,2,0.769409330215,0.0556730487818,0.00589087166751,0.00539665780958,0.00589087166751,0.00443449932897,0.00725936833026,0.1460453522
C003324,0,0.0358116835993,0.0531422245356,0.00718336311488,0.00667885522316,0.003439256862,0.0260978591041,0.827707158966,0.0399395985952
C003325,2,0.0274967480993,0.0306962164664,0.0306962164664,0.0236537758866,0.0306962164664,0.0234179850146,0.0405156092015,0.792827232399
C003326,0,0.00454355603504,0.0404476184104,0.00854881376053,0.00906527596674,0.0120526403783,0.0111830044377,0.731265945154,0.182893145857
C003327,4,0.119057352791,0.00932040772784,0.00932040772784,0.754243980382,0.00932040772784,0.0144457654091,0.0142575586331,0.0700341196011
C003328,4,0.0285151661925,0.0118723578903,0.00533919931023,0.00832318585375,0.00834667447384,0.00906871260066,0.0426762740216,0.885858429657
C003329,3,0.263055175803,0.0199295899675,0.00638603147503,0.00220041676975,0.587510900986,0.0426376883091,0.0176483739514,0.0606318227387
C003330,3,0.0200915289425,0.0230141638058,0.281683747713,0.018756376066,0.0230141638058,0.0222145550496,0.0304304350147,0.580795029602
C003331,0,0.0060788733289,0.0966006479828,0.00628769246953,0.731966980298,0.00961015931693,0.00961015931693,0.0170531378308,0.122792349456
C003332,2,0.00338199969784,0.00436783499099,0.0261522162297,0.556069504849,0.0816714291072,0.00333219875737,0.00452663865691,0.320498177711
C003333,0,0.00281169519067,0.292972742965,0.00336968723644,0.00294075600484,0.00336968723644,0.00336968723644,0.662255373874,0.0289103702564
C003334,0,0.00129452967584,0.0160950519981,0.00455616302018,0.031047323965,0.00394664588388,0.00284558882399,0.0318284261979,0.908386270435
C003335,2,0.0113808289236,0.0586342823958,0.0159671479345,0.00825049988132,0.0087669397044,0.0070102329763,0.0161419763965,0.873848091788
C003336,4,0.00554513557183,0.00938076408554,0.0859758328444,0.585058993385,0.143689446737,0.00855366314163,0.00901226875646,0.152783895478
C003338,2,0.0166518393823,0.0189224764331,0.308643172022,0.0173349779087,0.244623448831,0.0144358595475,0.055012545539,0.324375680336
C003339,3,0.19076876395,0.52347014157,0.107064026206,0.00734671095635,0.00901444974172,0.0989083422875,0.0109275067521,0.0525000585367
C003340,1,0.00448588302925,0.00673711370298,0.00471461410276,0.00593291017219,0.73891343692,0.00643595684847,0.00861357747067,0.224166507754
C003341,2,0.0061738261194,0.0121476770935,0.12644640607,0.34957216055,0.409893444829,0.00926740011917,0.0115486622609,0.0749504229587
C003342,2,0.00376337770305,0.825179727917,0.00616252323062,0.106963248999,0.00616252323062,0.00512071391912,0.00716272580853,0.0394851591921
C003343,3,0.720143546239,0.0531100206711,0.0172342386091,0.0140457790815,0.0172342386091,0.0170716631018,0.0221792237468,0.138981289941
C003345,3,0.0035940196346,0.0134985127142,0.00382306850598,0.00311577301826,0.00381733044429,0.00314891141637,0.00540256581294,0.963599818453
C003346,3,0.00960175498285,0.82574510657,0.0103058477293,0.0204575857081,0.0103058477293,0.0100773330531,0.0129228384432,0.100583685784
C003347,1,0.0100772036998,0.0110527448211,0.0104533182847,0.00420109635792,0.0558931451907,0.0975087835009,0.0174173771258,0.793396331019
C003348,4,0.0588146699914,0.00404604601777,0.198427040776,0.00648551692025,0.0066427359349,0.143219986787,0.495251014441,0.0871129891313
C003349,0,0.00676704367854,0.839263908301,0.00806023339327,0.00837138629566,0.0872713638164,0.00806023339327,0.0114537426033,0.0307520885189
C003352,1,0.0121169518278,0.00766564400994,0.0789057182865,0.0697640837552,0.00766564400994,0.00712776233856,0.012256647629,0.804497548143
C003353,3,0.029408385712,0.0600855793806,0.011837129734,0.00964717461414,0.0153569359468,0.769659786704,0.0147183988567,0.0892866090515
C003354,2,0.0808626036453,0.00790010382893,0.709297334166,0.00723732571872,0.00790010382893,0.00767211761867,0.010722280903,0.16840813029
C003355,0,0.0362034051204,0.65457208173,0.014605923827,0.0130849475305,0.12240879234,0.014605923827,0.0250824806186,0.119436445007
C003356,1,0.0152905318579,0.0107653334965,0.0158612250992,0.284030079324,0.00980398551133,0.543295644158,0.0169489048619,0.104004295692
C003357,0,0.00111338503351,0.00059884855855,0.0159525093793,0.0024476338754,0.00203848396863,0.00479349768285,0.0021539336158,0.970901707886
C003358,3,0.367461637902,0.0260290516593,0.0260290516593,0.0259727307521,0.109025694118,0.169270058091,0.0384752422215,0.237736533597
C003359,3,0.0361792670818,0.0186766451499,0.0429484711769,0.0056349821003,0.0139071094452,0.00537081100554,0.00765732976955,0.869625384271
C003361,0,0.0178850064923,0.719362640576,0.0214343568609,0.0148439418137,0.0214343568609,0.0214343568609,0.0245408960984,0.159064444437
C003362,2,0.0286274101932,0.0367843967833,0.0279293606115,0.011413724712,0.00583235071825,0.0463391589111,0.00743978476429,0.835633813306
C003363,3,0.037389513133,0.0791900307579,0.0800221202383,0.0210474035927,0.0966579963287,0.224438253068,0.0191161614676,0.442138521413
C003364,0,0.00635051289114,0.733611200194,0.00743789892842,0.0663901866595,0.00466505204169,0.00743789892842,0.145141269153,0.0289659812034
C003365,1,0.202791340088,0.57443848612,0.0045819198313,0.00426635855087,0.119780780027,0.0553797169687,0.00565853094472,0.0331028674694
C003366,3,0.00591936157493,0.00382105405639,0.00686308288702,0.631554830464,0.0346977145855,0.0984234334029,0.177019291295,0.0417012317348
C003367,1,0.0547629497314,0.0164954444788,0.0156008425215,0.0173083720401,0.00903955349976,0.0153379947936,0.479054784572,0.392400058363
C003370,4,0.0201416373664,0.0209527958824,0.644203554716,0.0204568890821,0.0209527958824,0.0198666689853,0.0246300712326,0.228795586853
C003371,2,0.0203755076331,0.111370612141,0.0205729333602,0.55768274266,0.0205729333602,0.16276260336,0.0301990091269,0.0764636583585
C003372,2,0.00378898401805,0.00430564811136,0.0421064202566,0.0020029914088,0.00152505201154,0.00272262190192,0.00393011572642,0.939618166565
C003373,1,0.026139553278,0.0128370825617,0.36821261516,0.0113047309381,0.0128370825617,0.305892840537,0.0239112933654,0.238864801597
C003374,2,0.0117321886705,0.567040574338,0.0130894274966,0.145007930833,0.0130894274966,0.00998585663811,0.0210179041014,0.219036690426
C003375,2,0.00368649538171,0.0930501262986,0.0473405831861,0.22227016748,0.00578305895262,0.601072066834,0.00607984413625,0.0207176577304
C003376,3,0.572026584368,0.0391101882329,0.0156163055884,0.0416504142623,0.0156163055884,0.0530106089409,0.162033654857,0.100935938162
C003377,4,0.110996467384,0.012803371222,0.488973714148,0.146473841546,0.012803371222,0.0126200975879,0.0117477823624,0.203581354527
C003378,2,0.294861938532,0.0602900865618,0.60109155244,0.00413979127366,0.00451890410396,0.0111310909731,0.00454813504051,0.0194185010746
C003381,2,0.00547376657906,0.006373906411,0.118375727276,0.798848024285,0.00413897388177,0.00479811567758,0.00704686595089,0.0549446199388
C003382,2,0.030875285835,0.0613873516007,0.035558547559,0.032575368165,0.0328511640042,0.0302088359591,0.0496665471416,0.726876899735
C003383,3,0.0130470846717,0.0160773371125,0.015663609435,0.0127657277315,0.758849252136,0.0148929328203,0.0183029569624,0.150401099131
C003384,3,0.0054646211851,0.0533462739243,0.0089031915006,0.783622101351,0.0184709946043,0.00813368588245,0.0833584455828,0.0387006859691
C003385,4,0.00691109311979,0.862467137865,0.00718942163585,0.00701926376768,0.00718942163585,0.00681674467867,0.00567227017558,0.0967346471216
C003386,4,0.0162715896944,0.0113090155092,0.0113090155092,0.855631280816,0.0113090155092,0.0107227917902,0.0138588349244,0.0695884562473
C003387,1,0.0178732663893,0.0196035188339,0.018540355829,0.0172634634694,0.0253059128121,0.0197676856054,0.0262868619178,0.855358935143
C003388,0,0.0926695749726,0.0822736143027,0.0141540880269,0.00832582758583,0.718209674033,0.0141540880269,0.0139429662083,0.0562701668437
C003392,4,0.00853199781522,0.160536960412,0.00887560457175,0.00866553844555,0.40553774871,0.229485458532,0.0143253130809,0.164041378433
C003393,3,0.0133581520661,0.0143376998668,0.0143376998668,0.0116851210798,0.0143376998668,0.794597315488,0.019637738319,0.117708573447
C003394,3,0.0233313405561,0.0929863334663,0.223636059143,0.0175888734971,0.0157917491805,0.225960151937,0.0312432036837,0.369462288536
C003396,2,0.00416283307912,0.00493435832495,0.00465993955355,0.00426899457385,0.00465993955355,0.0177039232972,0.88804801529,0.0715619963281
C003398,2,0.0136401959853,0.0655541892823,0.0148373373865,0.0135925610333,0.0148373373865,0.738467625527,0.023478923141,0.115591830258
C003399,2,0.00326962634696,0.00271264655738,0.0177172489381,0.00248506945233,0.398852117549,0.560191018119,0.00254796705752,0.0122243059796
C003400,2,0.535351054666,0.0105426560678,0.0105426560678,0.00965818140564,0.340757811045,0.00793624507493,0.013102995955,0.072108399718
C003401,1,0.0163864740505,0.664901725884,0.0169168846195,0.0157518023029,0.0178869526188,0.0169743084419,0.0306456469554,0.220536205127
C003403,1,0.00620250964606,0.0067704617732,0.00640327746592,0.885236422417,0.0067704617732,0.00642501318597,0.00711269859163,0.0750791551472
C003404,0,0.00605981572153,0.0070974262448,0.696295006352,0.00635721063093,0.0294653361443,0.0070974262448,0.219450728611,0.0281770500509
C003405,2,0.0214961409936,0.023736699802,0.0604298276583,0.0217453126787,0.646456132139,0.0178683877845,0.0291310449787,0.179136453965
C003406,1,0.134324822264,0.00816974679913,0.00772667468388,0.643199684495,0.0246306315239,0.00526762936202,0.116446718436,0.0602340924354
C003408,4,0.0204341578273,0.0212570969379,0.105134457908,0.0679644753612,0.0212570969379,0.0208429215375,0.0213919107101,0.72171788278
C003409,3,0.0528510497464,0.00748415695591,0.00634254913443,0.103947426365,0.00208778314115,0.00426664599996,0.804058641056,0.018961747601
C003410,4,0.684024743638,0.0206019730841,0.0206019730841,0.0106496635579,0.00667551352312,0.00804760841813,0.0256615152933,0.223737009402
C003411,4,0.0750613539122,0.141957793717,0.00980991954009,0.0235197329567,0.0129720433265,0.0475790352806,0.0170586069815,0.672041514286
C003412,3,0.0112482276202,0.0120366631169,0.201420645607,0.00980979286951,0.0120366631169,0.0112972476985,0.665521265782,0.076629494189
C003414,4,0.0058812600997,0.243605474852,0.0061181144392,0.00597331206664,0.0061181144392,0.328321489394,0.37700612399,0.0269761107199
C003416,3,0.0174867154992,0.0136367983928,0.0115807424542,0.0158166162541,0.00660156010011,0.0153320520492,0.618007008118,0.301538507132
C003418,3,0.446426401276,0.0085371930242,0.0101296265174,0.00864032466857,0.0204543558638,0.0067875518555,0.0197602628407,0.479264283953
C003419,1,0.0075299103683,0.736864521598,0.00781095153779,0.00727300369945,0.00825885635604,0.00767935025653,0.166265543668,0.058317862516
C003420,2,0.0114083583556,0.56446932672,0.193102853815,0.0116603097551,0.102401108406,0.00772366777876,0.0435596103345,0.0656747648353
C003421,2,0.0317369827555,0.0354084771739,0.0430521327106,0.032437887914,0.0354084771739,0.03008134336,0.0333335962047,0.758541102707
C003422,4,0.010211950674,0.0110675894772,0.0110675894772,0.0108056438679,0.18921031745,0.0141726819297,0.0202595891846,0.733204637939
C003423,4,0.0257241491295,0.026760130577,0.026760130577,0.0261267768802,0.0559282081189,0.0253729697535,0.0583576369602,0.754969998004
C003424,4,0.0084589149129,0.0176352542331,0.00879957842218,0.00859131166848,0.700375143862,0.190757573263,0.00956727673913,0.0558149468985
C003426,1,0.00248321638682,0.540912793221,0.0071885871242,0.00696201784407,0.00251674829653,0.0384747390633,0.345252239301,0.056209658763
C003427,3,0.00884603609892,0.535119387819,0.00845994494073,0.314119319385,0.00546498699655,0.0710447954142,0.00705037628635,0.0498951530597
C003428,2,0.0109177179772,0.0114103859228,0.0114103859228,0.0104531131854,0.00494696425197,0.859910275249,0.0113066885538,0.0796444689373
C003430,1,0.00279292188473,0.0961257567349,0.214259837285,0.00268474799643,0.0100855226782,0.651439162506,0.00366012851419,0.0189519224005
C003431,4,0.0533848862452,0.202676956383,0.0122652903477,0.595751083589,0.00576732144893,0.00565495038164,0.0930841888013,0.0314153228032
C003432,2,0.0121456882406,0.0411761658138,0.0376181180299,0.0889652787355,0.0266290807245,0.104840439744,0.0444162414138,0.644208987298
C003434,3,0.0664209910998,0.13657092034,0.0475367370448,0.148052392057,0.495565516332,0.0149079935061,0.0198555395294,0.0710899100902
C003435,4,0.49033312314,0.017230633273,0.230255942187,0.0968492860746,0.017230633273,0.0163374515536,0.0158091548498,0.115953775649
C003436,3,0.0380518270763,0.666393949599,0.19022963171,0.0339104977278,0.0115593116227,0.0321815200963,0.0061370719688,0.0215361901984
C003437,4,0.00618505435126,0.0064341433115,0.0064341433115,0.624020966599,0.295172380913,0.00610061760209,0.00706339477757,0.0485892991337
C003438,4,0.500794961378,0.00867002040242,0.347173224586,0.0537487793708,0.0270285172534,0.00754342856074,0.00677176258248,0.0482693058668
C003441,0,0.0123747812118,0.0149413783552,0.743455953061,0.0458030603432,0.0181109294194,0.0149413783552,0.0105593547398,0.139813164514
C003446,2,0.117820530015,0.611186460082,0.0273505258497,0.0250559572936,0.0318915688908,0.0208655749217,0.0274885182369,0.13834086471
C003447,2,0.0076161350061,0.00797449669653,0.00849720796066,0.00778433588249,0.770700788294,0.00648247607019,0.0130828807173,0.177861679373
C003448,2,0.00240060746296,0.00687337524694,0.00963713450654,0.00160544515123,0.0026916187247,0.00144012311003,0.00280655594192,0.972545139856
C003449,3,0.0315413096102,0.522771030081,0.114841310385,0.0271047679612,0.0332576808859,0.0225579733535,0.038160910226,0.209765017498
C003452,3,0.00710473755811,0.559681921102,0.0105378975937,0.00858830987215,0.0793730908748,0.00563744601738,0.254638588433,0.0744380085488
C003453,0,0.00672000059728,0.00815715863528,0.00815715863528,0.484025350562,0.00815715863528,0.0317821507875,0.0164120904428,0.436588931705
C003454,3,0.0300442630811,0.0287810642202,0.026684804865,0.0073445819717,0.0221312841259,0.0110205784764,0.0137978480236,0.860195575236
C003455,0,0.00803008520007,0.0096870863536,0.0096870863536,0.838575589336,0.0096870863536,0.0096870863536,0.0085536695203,0.106092310529
C003456,1,0.00348402681992,0.615161786044,0.00361406222858,0.0033651582437,0.00382130405793,0.00355317141169,0.344751493801,0.0222489973938
C003457,4,0.00733661136041,0.0773832415554,0.00313612234902,0.0061212624735,0.00592612086345,0.0120279786559,0.00645833678383,0.881610325959
C003459,0,0.432750450439,0.107662585671,0.0124472972427,0.00701581681606,0.00693835433815,0.00683449463263,0.0111226946654,0.415228306195
C003460,2,0.00932371756648,0.00977580173628,0.00977580173628,0.00895566221142,0.703519036842,0.00745790865844,0.00951480831125,0.241677262938
C003462,4,0.00340414668339,0.0151677086129,0.00411944069941,0.00225923588795,0.00249416683219,0.00318324252816,0.00193503987026,0.967437018886
C003463,2,0.0172366606583,0.0101679979043,0.025099853518,0.0233000730789,0.0985807897361,0.292390611647,0.0245330575936,0.508690955864
C003466,0,0.119219112547,0.0143196156722,0.0143196156722,0.0817865548071,0.0143196156722,0.025468776397,0.0210198898292,0.709546819403
C003468,2,0.51140531361,0.207926250131,0.0086845137251,0.00936705338145,0.00815738535221,0.0083134237434,0.205433586991,0.0407124730658
C003469,2,0.00442062100463,0.00495650640701,0.00495650640701,0.0215399633455,0.0223748878872,0.00134113581101,0.00426827248424,0.936142106653
C003470,0,0.54914316257,0.183062605191,0.0268159419624,0.0293781285525,0.0268159419624,0.0268159419624,0.0256666724308,0.132301605369
C003472,4,0.00608831363294,0.0717456256052,0.00633350658135,0.170735369813,0.272048702382,0.0106182660673,0.436330644018,0.0260995719004
C003473,0,0.00991333461803,0.0118849637602,0.191184359845,0.0101959686282,0.00686547339004,0.0120213371332,0.676956503562,0.0809780590627
C003474,3,0.0467009446113,0.0563870561703,0.0154998975885,0.0126323037677,0.0154998975885,0.0153536826166,0.712902919832,0.125023297825
C003475,2,0.0101053623504,0.0126922150252,0.0291893266782,0.84302131478,0.0114831634428,0.00954186989264,0.011307933583,0.0726588142479
C003477,0,0.687447221599,0.0169513238898,0.0169513238898,0.0122338769616,0.00620594291135,0.0114803685539,0.109926339953,0.138803602242
C003478,2,0.0293507859437,0.0077302284826,0.0583124697896,0.0070817020409,0.400198855204,0.00589735138737,0.463725801109,0.0277028060425
C003479,0,0.00274118615478,0.105110761641,0.837804219081,0.0028050574366,0.00328341375402,0.0332085131224,0.00423223553415,0.0108146132752
C003481,3,0.201335668855,0.00627847568823,0.622713611162,0.00511691200789,0.00627847568823,0.109162299845,0.0115123973635,0.0376021593899
C003482,4,0.0800835266717,0.0119610927991,0.00544194800826,0.0107322079672,0.333320062431,0.448301813421,0.0143695654711,0.0957897832302
C003484,3,0.336129579169,0.0136156485287,0.291844676179,0.0110966544925,0.0136156485287,0.251721576193,0.023527206403,0.0584490105049
C003487,1,0.00793009320567,0.144654179982,0.00824874470609,0.364150800077,0.419583014341,0.00804884747204,0.0104122499267,0.0369720702892
C003488,1,0.00264461209871,0.00293712423796,0.0477323291981,0.0015563923772,0.00293712423796,0.00392848004062,0.00463147573358,0.933632462076
C003489,4,0.00934729051132,0.00972373132208,0.00972373132208,0.00949359189276,0.756839594152,0.00921968373869,0.0107379574425,0.184914419618
C003490,0,0.0156963655475,0.0191470911483,0.76130486101,0.0164260610808,0.035930843141,0.022128190463,0.0188592339493,0.11050735366
C003491,3,0.0188531847902,0.00348356587449,0.022262690591,0.0146247626535,0.00348356587449,0.00661457581924,0.0037425813846,0.926935073012
C003492,4,0.015004009256,0.0156082615152,0.0156082615152,0.0152388481409,0.00844556774885,0.364585082323,0.0166486192412,0.54886135026
C003493,2,0.031917615523,0.0751850628939,0.0357290710926,0.0327315856505,0.0419743510565,0.0272575238173,0.0542724171711,0.700932372795
C003494,2,0.00537959365812,0.00537877910743,0.714448436197,0.0049275271835,0.00537877910743,0.0044101769016,0.226280610876,0.0337960969691
C003496,1,0.00979201922699,0.0165399630766,0.0194036289065,0.0145656017564,0.0165399630766,0.0153793896176,0.791797014656,0.115982419683
C003497,4,0.0278206396846,0.0289410525086,0.0289410525086,0.028256081165,0.0289410525086,0.527833977225,0.0337084536471,0.295557690752
C003498,4,0.0146813705861,0.0263596444029,0.0263596444029,0.025735769337,0.333718787465,0.124438813008,0.0865895187873,0.362116452011
C003499,4,0.00449572900436,0.153207485491,0.282775742153,0.0343112291516,0.0124369922434,0.333456013111,0.0191025718769,0.160214236969
C003504,3,0.0248191657707,0.306571099711,0.0261697407386,0.0213281483083,0.0261697407386,0.0259228740812,0.0377601334653,0.531259097186
C003505,3,0.635112992572,0.0231385681977,0.0231385681977,0.0188577647402,0.0283236960519,0.0221413120543,0.0235609326253,0.225726165561
C003506,4,0.0161160909294,0.0167651297421,0.0167651297421,0.172091451227,0.3842671707,0.202259749537,0.0324725151184,0.159262763004
C003507,4,0.0189923478359,0.0197572213368,0.0197572213368,0.0493173669824,0.00815042525375,0.662927932088,0.0232955184603,0.197801966706
C003508,2,0.0701093973803,0.0098245039155,0.0098245039155,0.0090002785281,0.0147924986068,0.800185265276,0.0101256661716,0.0761378862062
C003510,1,0.653758252424,0.0115850397997,0.0109567451639,0.0102021434554,0.0501023013133,0.0109939374841,0.193993494681,0.0584080856778
C003514,2,0.0250075621782,0.0262169822044,0.117448953456,0.0240175121345,0.320462519919,0.0203004080142,0.257494888066,0.209051174027
C003515,4,0.408917806018,0.0197919690765,0.0096557632143,0.00942723244126,0.00695860725156,0.00946762935918,0.456297305894,0.0794836867449
C003516,3,0.399152918117,0.0120627614687,0.0120627614687,0.108586669705,0.00573670247617,0.0117953545193,0.293583073769,0.157019758476
C003517,1,0.00442633911418,0.00485483852252,0.00459154473554,0.506937180903,0.253006617609,0.0370250937029,0.00598800381172,0.183170381601
C003518,0,0.0108596630013,0.266520720568,0.0127844839624,0.365880324137,0.269392477487,0.0127844839624,0.0156366458021,0.0461412010807
C003520,3,0.00585887015821,0.0059236224588,0.0614413140205,0.00482770920758,0.0260110512124,0.00586774323208,0.00767409631268,0.882395593398
C003521,4,0.00494780489476,0.010379518902,0.010379518902,0.00633024667975,0.0379328984321,0.553189460966,0.275406467049,0.101434084175
C003522,3,0.667421868232,0.0104723751585,0.218631141285,0.00853490956413,0.0104723751585,0.0103735862451,0.0115317816194,0.062561962737
C003523,4,0.0128038300518,0.0101368090499,0.595620208063,0.0150393008153,0.00431513475301,0.00320147431299,0.143079392258,0.215803850696
C003526,2,0.00919699799986,0.012208100632,0.012208100632,0.00824246511196,0.60605000061,0.00844549653514,0.0115363102741,0.332112528205
C003527,2,0.0122709263963,0.0104667660262,0.0104667660262,0.234485044096,0.604198183573,0.0085819270212,0.0106135085995,0.108916878262
C003528,3,0.00570968099093,0.865620674424,0.00602038249848,0.00490656793595,0.0400613013738,0.00588692283237,0.00984591840545,0.061948551539
C003529,1,0.0810380313403,0.0178387475254,0.0128081411657,0.170304527268,0.01354260074,0.0446910735527,0.0206011909716,0.639175687437
C003531,2,0.694399625996,0.0117219577307,0.0184481354592,0.0662359859669,0.0184481354592,0.0151260238159,0.0220531221729,0.153567013399
C003532,3,0.11494803246,0.714522326029,0.0530466255165,0.0105351219092,0.0129266453434,0.0128047045967,0.0160425057966,0.065174038348
C003534,1,0.210162528949,0.00546261970574,0.520772430263,0.151800402772,0.0371227425188,0.00507931948809,0.00634096753916,0.0632589887644
C003537,2,0.0132786135257,0.851677810405,0.00962208427379,0.00881484085403,0.00962208427379,0.00734063840016,0.0143956815583,0.0852482467094
C003540,3,0.142538447945,0.0151883431786,0.0151883431786,0.00899604907487,0.0091061868445,0.280927983874,0.0177085029252,0.510346142979
C003541,3,0.0035314441971,0.00379040354861,0.00241812096479,0.0332660884439,0.0071480809301,0.00148235338067,0.00289436046086,0.945469148074
C003542,3,0.0100867623547,0.00999440604697,0.00999440604697,0.393773872584,0.163476356787,0.287473437167,0.0137566594083,0.111444099605
C003543,4,0.00722988996386,0.00752105729587,0.00752105729587,0.648551931126,0.00752105729587,0.257749601517,0.00679078090973,0.057114624596
C003544,3,0.294562384927,0.00227007892836,0.00329936560962,0.649485821726,0.00329936560962,0.00186698188316,0.00340311334623,0.0418128879701
C003545,1,0.00364254572595,0.86488676565,0.00497288522346,0.00289774053144,0.00288236951778,0.0575815532585,0.00942788968887,0.053708250404
C003546,0,0.602628674527,0.0139817166528,0.0941326906822,0.0114364421084,0.0119009558436,0.0116368712935,0.219969067522,0.0343135813705
C003547,4,0.00862699532969,0.0121343446035,0.0125305812233,0.618136113494,0.024231335726,0.011881035388,0.0129939077011,0.299465686534
C003548,1,0.00274036984071,0.00631251007436,0.0701306490004,0.00468111219631,0.0111168452599,0.00560537232296,0.0863719019303,0.813041239375
C003549,2,0.0388961904369,0.0361012295928,0.0361012295928,0.0330725219652,0.0361012295928,0.0306698725778,0.0339857544234,0.755071971818
C003550,3,0.0408363900486,0.0415675523207,0.0415675523207,0.031473885642,0.198331750363,0.327454622503,0.0465572797513,0.27221096705
C003551,3,0.0384898767028,0.071864789087,0.0311531616803,0.772634845838,0.00460141702382,0.00101659981975,0.00627033512348,0.073968974725
C003553,4,0.0131517697762,0.013681427314,0.358432298974,0.0133576178863,0.505791034919,0.0129722252447,0.0115320872876,0.0710815385983
C003555,0,0.0622570781634,0.0207471584051,0.294801030877,0.0287406480493,0.0124896009289,0.45566307396,0.0269908429633,0.0983105666526
C003558,2,0.00649903833791,0.900700777259,0.00658577222385,0.00603325978056,0.00658577222385,0.00495760290765,0.00640994590336,0.0622278313635
C003559,1,0.185426091223,0.0081692642912,0.660553468279,0.0107664724162,0.0122258633189,0.0113680009152,0.0122867344548,0.0992041051024
C003562,1,0.012316882395,0.800357847975,0.0127765891994,0.01189665306,0.0135092394835,0.0119831073743,0.0160418357512,0.121117844762
C003563,1,0.00762598306689,0.469626398586,0.00791060998736,0.249813557248,0.0542185350637,0.154312136433,0.010165970547,0.0463268090688
C003564,1,0.0510696909566,0.019091125281,0.114802594933,0.0168122338989,0.0136133135574,0.0151986199288,0.573458409383,0.195954012062
C003566,2,0.00769029347613,0.0098844215452,0.0268520647627,0.00900517672384,0.00569269886729,0.00348760478107,0.0105840235046,0.926803716339
C003567,0,0.00613529245629,0.400313195401,0.00725397391567,0.520890476243,0.00725397391567,0.00725397391567,0.0110436756934,0.0398554384597
C003568,4,0.295629521768,0.0225958728534,0.0109207618577,0.0220610780188,0.0225958728534,0.0214245740249,0.234783281425,0.369989037199
C003569,4,0.0169087254437,0.0219826349384,0.0219826349384,0.0214623541025,0.0219826349384,0.0208431244305,0.610496717825,0.264341173383
C003570,2,0.00123987281529,0.00574386964039,0.00574386964039,0.00280210319322,0.00574386964039,0.004381968485,0.923150209336,0.0511942372489
C003571,0,0.0111774256805,0.0121677511055,0.010451026883,0.650669450496,0.0261011755053,0.00617444291651,0.184257431592,0.0990012958214
C003573,0,0.00642711252276,0.00759900313233,0.679706009731,0.00787124459149,0.00759900313233,0.21565114915,0.0139589290326,0.0611875487075
C003574,1,0.169286181414,0.182024146787,0.0225242858197,0.0201137629016,0.0422829400408,0.0782331757516,0.0544787299338,0.431056777352
C003576,0,0.00308918163108,0.00365244902868,0.830235421287,0.117076622577,0.00365244902868,0.00365244902868,0.00694527501706,0.0316961524026
C003577,0,0.00838165839455,0.0101112063735,0.0101112063735,0.00883414925955,0.0101112063735,0.0101112063735,0.834161332982,0.10817803387
C003579,0,0.238375425589,0.00287616423567,0.0151649568061,0.00447313789227,0.0051255784695,0.712189649364,0.00630414765575,0.0154909399872
C003580,4,0.00565224892524,0.00667367202931,0.0163933053242,0.00587100497725,0.00895791087237,0.0124260401706,0.00526394136634,0.938761876335
C003581,4,0.0076914738506,0.00665992021189,0.00980822414571,0.509086573728,0.316706876947,0.0343200022718,0.00549463769563,0.11023229115
C003584,0,0.00570079570218,0.00716534262979,0.00555211480513,0.00859205407486,0.0103223527683,0.0173233470531,0.0180504700413,0.927293522925
C003585,4,0.00334938597452,0.00209642912785,0.021095838363,0.00340180970035,0.0116855532571,0.00337557503981,0.00480570750318,0.950189701034
C003586,1,0.00316201433495,0.0034681185978,0.00486701229442,0.00305413223145,0.0170674280336,0.00334138898263,0.00406446713337,0.960975438392
C003587,1,0.197031731853,0.0134843246806,0.0215034323028,0.0200224699811,0.0227365075422,0.34715862407,0.0529347924445,0.325128117125
C003588,2,0.010521867261,0.00871447675654,0.0117783404943,0.0107901982593,0.00556921706349,0.00898563513499,0.748724947286,0.194915317744
C003589,0,0.00249055942579,0.00726790307506,0.00761372294218,0.0374957250904,0.153709175743,0.0197770792207,0.0100800669918,0.761565767511
C003590,0,0.0448494882768,0.0177806335711,0.0177806335711,0.500922231913,0.0177806335711,0.015622631956,0.267463728333,0.117800018807
C003591,1,0.00141941009409,0.00372465716557,0.00434391841497,0.00124491952959,0.00372465716557,0.00347568189041,0.00341075521852,0.978656000521
C003593,3,0.0315049138069,0.0306913263547,0.0295177406324,0.0322634414028,0.0306913263547,0.0288059500092,0.0262200794731,0.790305221966
C003594,3,0.00693773393504,0.00744647511301,0.00744647511301,0.00606882304149,0.00991696617691,0.00737623038117,0.879828149088,0.0749791471512
C003595,1,0.014474213437,0.0158754146857,0.0118332639303,0.137482351886,0.0158754146857,0.0147614711509,0.018352777482,0.771345092743
C003596,3,0.00881905169312,0.395486171856,0.0094372160508,0.00769126242248,0.0094372160508,0.439788532986,0.0155013041056,0.113839244835
C003597,2,0.0108143986692,0.0106579588432,0.0106579588432,0.726866654741,0.148575625049,0.00813090175948,0.0111456714855,0.0731508306099
C003598,1,0.00795305719281,0.00872296664026,0.00824989160187,0.0076817135339,0.844350042002,0.0082778955944,0.0116294781108,0.103134955324
C003599,0,0.0143648833006,0.768271736929,0.017215651281,0.0153011469482,0.017215651281,0.0238649250118,0.0184979422977,0.125268062951
C003600,4,0.00929357088819,0.00966784826361,0.00966784826361,0.749998661142,0.00966784826361,0.00613626166063,0.00851836547838,0.19704959604
C003601,0,0.0190264558489,0.419343790158,0.0246776986125,0.0675468475773,0.0775505045851,0.0246776986125,0.0369137937385,0.330263210867
C003604,4,0.628771949721,0.0134981277031,0.195203939797,0.0131786565758,0.0242723886687,0.0127984273079,0.0160160125996,0.0962604976268
C003605,3,0.0109485550942,0.013700227206,0.0117514081393,0.667435151648,0.0629560486217,0.0514957106023,0.0124158115934,0.169297087095
C003607,1,0.0130977289022,0.0191430429178,0.0181048530293,0.0168579541716,0.461550368042,0.223135236188,0.0334319240843,0.214678892664
C003609,1,0.0252153361938,0.0346697707715,0.0261564559716,0.0290193090908,0.0344617038813,0.0257157640658,0.0332703888728,0.791491271152
C003611,1,0.0101219666829,0.0326769288816,0.0241151993042,0.118642168676,0.296903179515,0.0794867358147,0.0650421041743,0.373011716951
C003612,2,0.010680099549,0.0119348789039,0.0101489652206,0.442925643169,0.0119348789039,0.00898427524447,0.414144315922,0.0892469430869
C003613,4,0.0279874065345,0.0291145355131,0.0291145355131,0.0281985618522,0.0291145355131,0.0285472649945,0.0277672161279,0.800155943951
C003614,2,0.0127731392398,0.0314708163498,0.0360823702069,0.0912092906356,0.0230042994411,0.0248502911445,0.0418432031207,0.738766589862
C003617,1,0.463729624202,0.0184044154378,0.00968080094574,0.00901407475791,0.40649359282,0.00971366211416,0.01280175524,0.0701620744823
C003619,1,0.0025701248122,0.00280546630096,0.00265331667885,0.900571973858,0.0623244529071,0.00260861279446,0.00326785271525,0.0231981999334
C003620,2,0.00925032749031,0.00661164927877,0.00672993063956,0.00605696588356,0.00643743428014,0.707375750766,0.00749724013212,0.250040701529
C003621,2,0.0161065323423,0.0165685357696,0.0165685357696,0.715842322719,0.0165685357696,0.0124723750405,0.015280566067,0.190592596522
C003622,3,0.0183965161809,0.0219190815709,0.00850008874327,0.0137727161262,0.0166423612322,0.0153991925227,0.441811489423,0.463558554201
C003623,4,0.00217637827126,0.00221111014089,0.000537202773933,0.0021587780053,0.00221111014089,0.00783416317162,0.00372927838434,0.979141979112
C003624,1,0.0249087995314,0.0186890162988,0.0258384783468,0.0170509368706,0.0126696385199,0.0182441711626,0.0359755154037,0.846623443866
C003626,2,0.0122178478518,0.01263963746,0.222960508824,0.260789870692,0.01263963746,0.349446173504,0.0134953837441,0.115810940464
C003628,4,0.0103700882704,0.0184756837577,0.229833643728,0.00411688635296,0.0696119642283,0.0545450125982,0.0264174353332,0.586629285732
C003629,2,0.0297219008988,0.0342302135211,0.0276832941032,0.0198649879053,0.0342302135211,0.0284434028518,0.041227208188,0.784598779011
C003631,0,0.013552450156,0.499158337467,0.0159545541744,0.15603712912,0.0159545541744,0.0159545541744,0.164513418884,0.11887500185
C003632,3,0.184105881009,0.584731366626,0.00532277320208,0.0732314123111,0.0829103123882,0.00952447189122,0.0112065636341,0.0489672189381
C003634,4,0.00324952998676,0.00338039739709,0.0361005220618,0.270821579818,0.0103633476619,0.652518132487,0.00466366378994,0.0189028267975
C003635,4,0.405176518125,0.0701062457237,0.0715071868956,0.0197474829761,0.0202261926693,0.0191777305925,0.0203578638421,0.373700779176
C003636,1,0.282530807565,0.00982060903387,0.00928800525499,0.0255306524661,0.00982060903387,0.00796688757203,0.0117639107865,0.643278518288
C003637,3,0.0223320059634,0.294576656063,0.00717515763663,0.00584770127217,0.436069693556,0.179127229052,0.00319379221528,0.0516777642411
C003638,4,0.366794173299,0.00981451335617,0.00981451335617,0.00958222531488,0.00275370945047,0.5500116176,0.00865558014828,0.0425736674752
C003639,3,0.00737281876289,0.00562791764863,0.0020692877939,0.00829092227479,0.0152528079342,0.00297864785714,0.00325240175413,0.955155195974
C003640,0,0.00356751850239,0.0570457493189,0.00425709873855,0.00415170658251,0.723706961763,0.111947756489,0.0784636567708,0.0168595518344
C003642,1,0.00494399029707,0.00792293797406,0.0074932511094,0.00697718360892,0.107009447143,0.00736700254134,0.0105631526012,0.847723034725
C003643,3,0.0249368476575,0.129159890595,0.0371129320332,0.0458676485917,0.0538410550021,0.0314374639006,0.044850775479,0.632793386741
C003645,3,0.00783825536125,0.377938567087,0.0230695939221,0.0188015512075,0.184125957105,0.0228519718373,0.181062587844,0.184311515635
C003647,1,0.00243980347501,0.233105137344,0.233862745583,0.00838726122061,0.0196781893862,0.0642789284421,0.0103561569092,0.42789177764
C003648,4,0.0969870314124,0.00812787521767,0.00812787521767,0.00793550620806,0.00407629763786,0.00770655178474,0.814124586363,0.0529142761582
C003649,4,0.00371478766334,0.00386439226567,0.0474049887433,0.00377293056221,0.917694275485,0.00366407435084,0.00398723350689,0.015897317423
C003651,3,0.0127605298053,0.0345253328317,0.528328563527,0.0131448724255,0.0161288218014,0.290686115247,0.0247944188642,0.0796313454979
C003652,2,0.00695058258396,0.00728759926584,0.00728759926584,0.00667620714063,0.00728759926584,0.813863541646,0.00764965321667,0.142997217615
C003653,4,0.00853663797983,0.0748818401661,0.0088804316084,0.607921128459,0.0088804316084,0.00842009802417,0.0122515416611,0.270227890493
C003654,2,0.0168992426151,0.02012438794,0.0776116540637,0.150834290577,0.0257692641946,0.117448329239,0.302528986284,0.288783845086
C003655,4,0.0221230454615,0.00919282046759,0.0267987391132,0.114412332999,0.0158587100458,0.026276589803,0.0450165547742,0.740321207336
C003658,3,0.00302366030215,0.00327405140978,0.00327405140978,0.00317059758593,0.00664746842847,0.0058788072951,0.00387950948919,0.97085185408
C003659,4,0.103150488111,0.00564208755926,0.570542082889,0.00550855170064,0.00564208755926,0.239545246712,0.046817770328,0.0231516851408
C003660,1,0.0534002267475,0.0147739502163,0.0139727105287,0.573636114213,0.0419670441283,0.0145072486398,0.0291935031924,0.258549202334
C003661,2,0.00248237819483,0.00276955223898,0.00276955223898,0.230410847748,0.00221486781792,0.00211287710003,0.738073916223,0.0191660084387
C003662,3,0.555354441879,0.0190150751717,0.0190150751717,0.0184522179197,0.0190150751717,0.0178469740436,0.0177792229291,0.333521917714
C003663,0,0.152733415828,0.167124146735,0.026377070908,0.0226285744666,0.240210993914,0.026377070908,0.0239757952999,0.340572931941
C003664,1,0.00452178459445,0.00493583589391,0.00466814935431,0.00434664936266,0.443843080778,0.50265651992,0.00470063469343,0.0303273454036
C003665,1,0.0119070084452,0.0107134660587,0.0038806006506,0.00943460873027,0.131728678929,0.00280761096456,0.738215467712,0.0913125585089
C003666,0,0.0603038410124,0.448586072792,0.0044252185699,0.00386630832254,0.0044252185699,0.0044252185699,0.455623252959,0.0183448692046
C003667,2,0.658521714792,0.261966857975,0.00644386721439,0.00590325987209,0.00644386721439,0.00491599301913,0.010587931869,0.0452165080448
C003669,1,0.355396020663,0.00514281709647,0.00537093892447,0.00452892339517,0.00514281709647,0.557026817023,0.0442480056731,0.0231436601283
C003672,4,0.0213009210329,0.0382023444975,0.0345945911362,0.037298178651,0.0291053456159,0.0362220553692,0.0326821668096,0.770594396888
C003673,4,0.0110637166811,0.0118940048601,0.0083802922328,0.0082052785504,0.00945723656355,0.0328872302319,0.0399773931449,0.878134847735
C003676,4,0.00514596600989,0.00998940122054,0.00870080944933,0.163542817437,0.00873105614013,0.00888801270249,0.0080610926709,0.78694084437
C003677,0,0.00825941832299,0.160458560611,0.0111366423285,0.175701005463,0.00498564656827,0.00627348911166,0.602791064497,0.0303941730976
C003679,0,0.00753151396938,0.00486592794089,0.0368100876786,0.00550344499446,0.00282478066748,0.00641510843166,0.868971153631,0.0670779826867
C003681,3,0.0789604038931,0.082171979067,0.0142282318643,0.0142929232333,0.0123692993544,0.0102660343884,0.0116930843892,0.77601804381
C003684,0,0.0107365566689,0.0124058308836,0.149232917588,0.173888722403,0.0124058308836,0.0124058308836,0.590316405901,0.0386079047889
C003686,4,0.0496743079834,0.0135948088529,0.00363768269042,0.00547189430897,0.00650997349403,0.00539258303686,0.00321702088303,0.91250172875
C003687,0,0.0115575876473,0.0133410872588,0.0102395979543,0.576423284497,0.010594510213,0.288759057877,0.018006956816,0.0710779177373
C003688,1,0.0101742633923,0.00482310872897,0.0307850202098,0.0102647847568,0.00257568795356,0.0175073677396,0.00803295964866,0.91583680757
C003689,4,0.00311056975771,0.00323584086169,0.00291104744972,0.00315925559368,0.0206650623025,0.00443782030745,0.00296232582791,0.959518077899
C003690,0,0.0648945505963,0.539284650186,0.00585626091859,0.00565124314827,0.0059891615919,0.0308214124822,0.325175679875,0.022327041202
C003692,3,0.0108865811718,0.0229160906289,0.0274369876729,0.0359637970511,0.020143665544,0.0268287653191,0.0289160057658,0.826908106846
C003693,4,0.0114796315092,0.0119419474913,0.0119419474913,0.0116593077422,0.214217360578,0.00275454729466,0.013987748533,0.722017509361
C003696,4,0.00380788509533,0.601901062675,0.00396123898444,0.34798507867,0.00396123898444,0.00375590084097,0.00438226715387,0.030245327596
C003697,1,0.0153143175647,0.0167968465455,0.0160061352905,0.0147918212641,0.0427367458235,0.263320091823,0.456034172212,0.174999869476
C003698,1,0.0101878519355,0.0111741045506,0.0105680962787,0.0098402611973,0.0111741045506,0.499013378505,0.365329309637,0.0827128933453
C003699,4,0.141566298779,0.172628870532,0.608742445117,0.00901315226142,0.00923164508703,0.00875310570305,0.0120341176074,0.038030364913
C003700,2,0.00215076278492,0.0054078506518,0.00534390106883,0.0049541597747,0.0054078506518,0.919436974083,0.00855392248532,0.0487445785001
C003701,0,0.00730741483872,0.259886921555,0.0282649103011,0.0242481293609,0.0135282211751,0.113918985849,0.142183826051,0.410661590869
C003702,4,0.0204179905601,0.0332990673725,0.0307449315791,0.0158181673398,0.0183553475199,0.0291512112314,0.0371743568682,0.815038927529
C003704,4,0.100226762935,0.0237181036757,0.0318861489798,0.0231567480948,0.0140233881458,0.0770342874151,0.600598716663,0.129355844091
C003707,4,0.0155605263993,0.0197945808891,0.012755989553,0.0735925562896,0.103584776246,0.0299871776791,0.0112521159013,0.733472277042
C003708,2,0.00331556802903,0.00866007018714,0.00660853504776,0.0284372156031,0.0042471342843,0.0099705584363,0.00479943019595,0.933961488216
C003710,0,0.892126091619,0.00465670045699,0.00465670045699,0.00352978343294,0.00612712570279,0.00465670045699,0.00782445639418,0.0764224414802
C003711,1,0.00799807793915,0.0354380201379,0.582272713632,0.00962833401887,0.235933576551,0.0138008180547,0.0146623189343,0.100266140732
C003712,0,0.0115539991119,0.0310670654799,0.056972788244,0.0241814345521,0.0255735387628,0.0183358314932,0.0338779114104,0.798437430946
C003714,0,0.0195138614446,0.0174380795265,0.0717561535613,0.0163634422527,0.456818248537,0.0174380795265,0.0222291101081,0.378443025043
C003715,4,0.0762674518626,0.012327320822,0.506669540041,0.0150057968827,0.015369560732,0.0682242823271,0.0181592296615,0.287976817671
C003716,1,0.00656119999273,0.00319476563506,0.00286142258507,0.00551111696192,0.00088135973359,0.00292897339236,0.00139449701036,0.976666664689
C003717,3,0.0158574486277,0.0143106280111,0.0791051619279,0.699331465584,0.00821968221589,0.00969292004236,0.0232049991657,0.150277694425
C003718,0,0.0138739774076,0.0162373465306,0.0162373465306,0.0144316367274,0.589499426,0.0162373465306,0.0249880074902,0.308494912783
C003719,3,0.4033049187,0.0115831988764,0.393472534116,0.0094402228126,0.0187503931626,0.0114739312449,0.019909633387,0.132065167701
C003722,4,0.113890616059,0.0323097600613,0.0323097600613,0.0315450587861,0.0353275875867,0.0201082144229,0.0420945548731,0.69241444815
C003723,0,0.595477954593,0.0156128177853,0.0193551344172,0.0169105584502,0.0175169612362,0.227848027048,0.0273144073382,0.0799641391323
C003726,4,0.0100658835915,0.0669179462933,0.00645796119756,0.00965579003604,0.00263725979681,0.029974838397,0.00730351696212,0.866986803726
C003727,3,0.0588001789414,0.00483236686115,0.0125793368895,0.35267100687,0.00483236686115,0.542026160403,0.00459706256917,0.0196615206043
C003728,4,0.134791020291,0.0145348290861,0.0145348290861,0.014190821507,0.636262298199,0.0994201799986,0.0131376861631,0.0731283356685
C003730,1,0.0040706961561,0.0031383117953,0.00422262800554,0.00396585184529,0.691079052613,0.201946868656,0.0063660197039,0.0852105712252
C003731,2,0.00549917448692,0.760137428707,0.00576205660568,0.00527864966942,0.146680907864,0.00439584322689,0.00721834370824,0.0650275957324
C003733,0,0.000740709957065,0.00265645029987,0.000803203801655,0.00886537097674,0.0100796724879,0.00364345191931,0.00258407762056,0.970627062937
C003734,4,0.232246520918,0.00441439336083,0.120825363838,0.00430991433573,0.433299774613,0.00418556512278,0.182854724501,0.0178637433094
C003736,2,0.434156022267,0.00527547088112,0.00527547088112,0.476943708306,0.0484135727821,0.00408491757438,0.00529126210449,0.0205595752043
C003737,4,0.00986703481543,0.0102644071429,0.0484505409069,0.307138544203,0.0102644071429,0.043366897051,0.371738121117,0.198910047621
C003738,4,0.0101018914463,0.0201134541296,0.010508722089,0.122127145677,0.326453053601,0.00996398305844,0.426749679267,0.0739820707312
C003739,0,0.0039995811055,0.0028100049088,0.0097900943408,0.00261682729526,0.0028100049088,0.00531983727965,0.00236474809963,0.970288902062
C003740,2,0.538498998755,0.0291371293051,0.0186129334217,0.0170514039651,0.0186129334217,0.0154105671044,0.281797715279,0.0808783187476
C003741,0,0.213717855536,0.0114843824592,0.442932461502,0.0159105424695,0.0185461752141,0.0419208754947,0.0190846645108,0.236403042814
C003742,1,0.00161807188421,0.0203236734453,0.0224840661669,0.00778845193287,0.0184398058449,0.00626082524341,0.00687058839259,0.91621451709
C003743,3,0.00377371364738,0.587662526836,0.00681003487928,0.335538606156,0.00681003487928,0.00639169262436,0.00900529602788,0.0440080949498
C003744,0,0.0569446633026,0.0304721823861,0.295634263175,0.026141721751,0.0190798194877,0.0229003342243,0.0595943398069,0.489232675867
C003745,3,0.00179424543571,0.00105733570653,0.00476767058582,0.0149992559931,0.00131973987859,0.0055504313123,0.00464254940263,0.965868771685
C003746,0,0.0656227213684,0.00730590041304,0.751895336003,0.00626764480858,0.00747169888027,0.0205304684645,0.116390203863,0.0245160261991
C003748,3,0.0102763707518,0.0160468367214,0.310101405784,0.375652157776,0.00590839478345,0.0150610752712,0.138372237194,0.128581521717
C003750,3,0.202101458941,0.0169962720071,0.0169962720071,0.0138518380322,0.0169962720071,0.0168359413069,0.0246653198605,0.691556625838
C003751,4,0.25178712558,0.0241929085748,0.50552839223,0.00430232143395,0.0044066163953,0.187383390764,0.00361338212169,0.0187858628997
C003753,1,0.00407723251521,0.496508087134,0.340764086474,0.010383017372,0.0117904311013,0.0109631220352,0.0149169146581,0.110597108711
C003754,2,0.00979141194696,0.0104215681248,0.0104215681248,0.00954725211875,0.231164281387,0.616222474604,0.0128226730467,0.0996087706464
C003756,2,0.404251507434,0.0101365291298,0.0101365291298,0.00928612643056,0.00488340916116,0.00773310572405,0.0241339909341,0.529438802056
C003757,1,0.188063307648,0.0237563108253,0.0330738581954,0.166935160176,0.0928337869158,0.0141550855876,0.0253650503403,0.455817440311
C003758,3,0.0163076580175,0.00721786045488,0.00721786045488,0.00588250375836,0.201758407581,0.164630969807,0.452216004662,0.144768735264
C003760,1,0.00490482496483,0.00947254118136,0.518455859324,0.314364438341,0.00480693572245,0.10494604221,0.00656720746036,0.0364821507954
C003764,3,0.129906936104,0.157122369212,0.024535742754,0.0199964518387,0.024535742754,0.0243042900674,0.0329109871841,0.586687480086
C003765,2,0.00541093094786,0.00436304293509,0.10340930237,0.296184641089,0.0522486482997,0.00690390987869,0.493669012912,0.0378105115677
C003766,0,0.0246031809804,0.0328834675184,0.0328834675184,0.288610010438,0.0328834675184,0.0328834675184,0.037333342198,0.51791959631
C003770,2,0.240258275462,0.00479720641922,0.712896784928,0.00439474545494,0.00479720641922,0.00361121576698,0.00484986481012,0.0243947007392
C003772,4,0.0189569734349,0.00397401139782,0.00517269975698,0.00529910698881,0.00542756558194,0.00705743516373,0.00658057587155,0.947531631804
C003773,2,0.0226824569683,0.0249111675516,0.161497463366,0.0228212486201,0.0249111675516,0.603288090633,0.051604826213,0.0882835790965
C003774,2,0.0429740256103,0.0396666945167,0.0407938698061,0.129265926273,0.0407938698061,0.0311214325991,0.395083274289,0.280300907099
C003775,0,0.0171118612813,0.00442365925355,0.00282413244067,0.00379500450156,0.00594390481014,0.01749870583,0.00738566191712,0.941017069966
C003776,0,0.00443413264152,0.00524263231938,0.426691048878,0.00475994796057,0.00498373014205,0.526936406043,0.00728963634979,0.0196624656659
C003778,3,0.140728509171,0.00433324131878,0.034079689739,0.00984584103161,0.0367659127602,0.0119669318497,0.0165919859384,0.745687888191
C003779,3,0.0361510148975,0.0822094210816,0.0201843580422,0.0164501049564,0.1931966751,0.0199939532135,0.343345260597,0.288469212112
C003781,2,0.701467466814,0.0174361135771,0.0177480428937,0.0159733132575,0.0174361135771,0.0131254656903,0.0169706058751,0.199842878315
C003783,4,0.0342042975366,0.0205003506055,0.0144379742568,0.0140962590195,0.0150576057884,0.0136895551786,0.0178652062186,0.870148751396
C003784,0,0.0094096537311,0.729383882193,0.0108726267146,0.0183886916349,0.0108726267146,0.167572939722,0.0162063360334,0.0372932432566
C003785,1,0.0177789233448,0.00300737705745,0.465967589233,0.00548052220597,0.00622340473422,0.452117785099,0.00741523022707,0.0420091680992
C003786,0,0.00937772955724,0.0114453822222,0.362379357621,0.00798130640851,0.487796587473,0.00595515864561,0.0110637704782,0.104000707594
C003788,4,0.00567730301553,0.00590594344855,0.0784154334915,0.00576616269877,0.329920697406,0.287353813204,0.258537748644,0.0284228980915
C003789,3,0.00913305773759,0.0223293615029,0.0223293615029,0.0181982671713,0.0223293615029,0.0110381901096,0.168153235502,0.726489164971
C003790,3,0.00342238999328,0.00358549172473,0.00358549172473,0.889116570149,0.00358549172473,0.0685236918023,0.00325409801142,0.0249267748695
C003791,1,0.0225949468002,0.144339339013,0.0227453308882,0.0258224828435,0.108172090783,0.0227868674778,0.0272584446867,0.626280497508
C003792,4,0.0106974734218,0.0141700061495,0.347268963712,0.0108649075181,0.168198945961,0.0105514343042,0.384494554858,0.0537537140758
C003793,4,0.0106920962419,0.0194391306563,0.308933583182,0.0108594461759,0.00662900533903,0.0142437888341,0.573694110434,0.055508839137
C003795,0,0.00670549091611,0.00829597952344,0.00697775616793,0.0039336399767,0.00264990250138,0.442697737627,0.0106040873244,0.518135405963
C003797,1,0.0328086295343,0.0258821028482,0.134939356229,0.00430872300835,0.421431110252,0.0071660416573,0.00918669249892,0.364277343972
C003798,2,0.00677403590377,0.0040271694023,0.213158992247,0.00729173684521,0.00460592378913,0.00299850331501,0.00757047943092,0.753573159066
C003799,2,0.12471665791,0.614914664731,0.010582582119,0.00442421702079,0.010582582119,0.0082471784738,0.165647448715,0.0608846689111
C003801,3,0.0166497474089,0.0169545124557,0.0169545124557,0.619276691091,0.0299384263065,0.0165786653111,0.104293758245,0.179353686726
C003802,3,0.00863719473697,0.00906375922718,0.494962547025,0.00738689782825,0.00906375922718,0.00850697008581,0.399961053395,0.0624178184745
C003803,0,0.0291287905573,0.00997977861683,0.00207746352089,0.00160873819192,0.0153182565982,0.0399829133078,0.0124879759723,0.889416083235
C003804,2,0.00742725258226,0.0125156734691,0.733418103153,0.0109928195674,0.107446316694,0.00942148271645,0.0114742266742,0.107304125144
C003805,0,0.237407343407,0.015452191828,0.015452191828,0.0132562510322,0.173639032654,0.459943008124,0.0256548781756,0.0591951029506
C003806,0,0.00134341449899,0.00686406921674,0.00281105006308,0.00224523750453,0.00287484340345,0.0123534206387,0.00764318435159,0.963864780323
C003807,1,0.00453935578657,0.00497879596921,0.0530989239362,0.222537238772,0.148230852196,0.00475623797191,0.528657221432,0.0332013739368
C003808,4,0.0259832544666,0.0270296707907,0.0270296707907,0.0263899376672,0.0270296707907,0.0256285378521,0.0281268661683,0.812782391474
C003809,3,0.0214234823985,0.0229944575575,0.0229944575575,0.0187403156169,0.0229944575575,0.0854277371289,0.642713348872,0.162711743312
C003811,2,0.00205946421549,0.918353195284,0.00212559196423,0.00194726572249,0.00212559196423,0.0365841568687,0.0288242427234,0.00798049125728
C003812,4,0.00537522210654,0.0140525709814,0.0140525709814,0.0137199773957,0.0381162651057,0.0133241299942,0.786864704178,0.114494559257
C003813,4,0.0106885860901,0.00885755497624,0.0112974908298,0.00219556264571,0.0059377610827,0.837219203096,0.00817024929839,0.115633591981
C003814,1,0.0165663314538,0.300777154107,0.0200565585663,0.016001118746,0.488344134693,0.0172429744728,0.0188299044541,0.122181823508
C003816,2,0.0135698811629,0.0140055991934,0.249376355032,0.0128306014001,0.0140055991934,0.571655030402,0.0127645209554,0.11179241266
C003817,2,0.882096333214,0.00824332554049,0.00824332554049,0.0075517528926,0.00824332554049,0.00916632753045,0.00943716727622,0.0670184424648
C003818,4,0.0144951646957,0.0457552907988,0.00766789978811,0.00641068974389,0.00766789978811,0.00188918781592,0.85296648744,0.0631473799295
C003821,3,0.00689830156646,0.00740415118504,0.664056155032,0.104144824275,0.0109313618437,0.150222152859,0.00800356027653,0.0483394929619
C003822,3,0.00677445973673,0.00714310289847,0.00714310289847,0.607840504342,0.00714310289847,0.291432735926,0.0108621348273,0.061660856473
C003823,2,0.015610265406,0.0160580337999,0.46740128952,0.0147108472912,0.0160580337999,0.0123587752055,0.0157224377572,0.44208031722
C003824,2,0.00435683117124,0.0093515083655,0.0093515083655,0.00856696487387,0.866359283253,0.00713421743709,0.01127085086,0.0836088356733
C003826,4,0.0355076194742,0.0197994641495,0.0197994641495,0.321258162437,0.0197994641495,0.0187731223342,0.0180179354014,0.547044767905
C003828,1,0.00433043572792,0.862313229411,0.00539428523063,0.0050227755541,0.0107740718427,0.0143409182367,0.00711604597824,0.0907082380187
C003831,3,0.00285734061384,0.00309395868918,0.00176669467157,0.00648051997998,0.00309395868918,0.0330639264633,0.00235868325428,0.947284917639
C003834,3,0.0334223162881,0.00794551055854,0.20172221129,0.0316000894584,0.614916859525,0.0134972612831,0.0176224957991,0.079273255798
C003838,2,0.00473383546318,0.133638325383,0.00429709408584,0.0553625562766,0.72538257136,0.00397575674124,0.00965612537765,0.0629537353121
C003839,1,0.00345496866019,0.762810521498,0.0143519130727,0.0114650279062,0.0151748974409,0.0147719165519,0.0366418607611,0.141328894109
C003842,0,0.00656692517386,0.0241554070468,0.0472757770094,0.0282051709891,0.083816915475,0.0123339220556,0.0202773212294,0.777368561021
C003843,4,0.749158817764,0.00848309768336,0.00848309768336,0.00828232133578,0.156197129065,0.00804336063744,0.0103280111109,0.0510241647212
C003845,2,0.0159214014068,0.0246633805606,0.0246633805606,0.0166840624262,0.0103253202308,0.0185659696424,0.55248671021,0.336689774963
C003846,3,0.0105198147433,0.0115334082226,0.0115334082226,0.40605630954,0.192132800097,0.0114246102806,0.29579806193,0.0610015869651
C003847,1,0.276265782129,0.00807117712294,0.00763345076392,0.00710772757672,0.584853176901,0.00750484006955,0.00740133015357,0.101162515283
C003848,0,0.01454549283,0.40160342141,0.206256978893,0.100879806396,0.00620645278181,0.0188667959394,0.0232777030673,0.228363348684
C003850,0,0.00847541550779,0.427435923373,0.437894235963,0.00890640106165,0.0100207844134,0.0100207844134,0.0196133811849,0.0776330740832
C003852,3,0.0186414939936,0.0219789511042,0.01965590098,0.0160194162954,0.01965590098,0.721101929492,0.0202334471491,0.162712960006
C003854,2,0.017798278856,0.0180358084424,0.0183584662053,0.0165226968056,0.0180358084424,0.0135769008306,0.722004050232,0.175667990185
C003856,3,0.0062874258107,0.893311233388,0.00650127824097,0.0052984944674,0.00650127824097,0.00610190298851,0.00688431001748,0.069114076846
C003858,2,0.0108377116091,0.0110000915623,0.0110000915623,0.157355989934,0.318142759753,0.3543459782,0.0129541373756,0.124363240004
C003859,2,0.0782787753793,0.0570732690947,0.179122500187,0.024773665895,0.318823296515,0.0792429984954,0.0242810441642,0.238404450269
C003860,2,0.0135637673294,0.00927036394428,0.00356512794682,0.00849262805257,0.017078411427,0.0493186820967,0.0266346561531,0.87207636305
C003862,1,0.0118798668845,0.0331980967721,0.0200030481039,0.0111887517873,0.0050285550658,0.203003385883,0.614110626917,0.101587668586
C003867,3,0.00456711786108,0.0102931146711,0.619879385377,0.00455730519621,0.0228551650476,0.0501760256971,0.221708878468,0.0659630076819
C003869,1,0.00575901044916,0.00634136553851,0.0130727920391,0.0121724561217,0.0138224275366,0.822897845928,0.015062478102,0.110871624285
C003870,0,0.00291457682073,0.0131883188707,0.00277001464216,0.00241904601483,0.0017524258828,0.00183376743155,0.00260050531306,0.972521345024
C003871,3,0.0108939644898,0.0116614114299,0.749452716025,0.0136442753573,0.0150170783161,0.0742280074621,0.021106225534,0.103996321386
C003872,3,0.00970946132128,0.00981677039984,0.0126880489389,0.00800059645556,0.0363517924752,0.118063619951,0.0129154686209,0.792454241837
C003873,1,0.00381480915105,0.00407989498889,0.00385862892677,0.913660931116,0.00407989498889,0.00387172691895,0.0052287020645,0.0614054118445
C003877,4,0.0150712418184,0.0156782017158,0.0156782017158,0.0153071330101,0.0156782017158,0.761900806764,0.013557970379,0.147128242881
C003880,0,0.00939968049428,0.00372099280949,0.00469424497227,0.00963373540427,0.0116006659163,0.00625162216782,0.00296890570588,0.95173015253
C003881,1,0.00675105372681,0.45888502751,0.00757544268115,0.00705371456709,0.00800984267209,0.00744780932455,0.461103523283,0.0431735862352
C003884,1,0.00793516346636,0.00911051090113,0.00832237471666,0.00802299696608,0.80987391514,0.0064418047717,0.00926091286683,0.141032321171
C003886,4,0.0112515375399,0.0674278868714,0.0117046675575,0.70688750837,0.0387410479344,0.0110979344834,0.0326381545839,0.12025126266
C003887,4,0.0119674563095,0.824522173978,0.0124494183231,0.0121547678506,0.00746368913587,0.0118040797167,0.016075240987,0.103563173699
C003888,0,0.699686541283,0.0126155470546,0.0126155470546,0.0110221888027,0.0122458474852,0.00884188877066,0.15057780484,0.0923946347088
C003889,2,0.648661981283,0.00957877676028,0.23388684774,0.00877516661834,0.00636825008522,0.00730759932177,0.0141324885425,0.0712888896482
C003891,3,0.0249915362679,0.0272229900663,0.0272229900663,0.0221865388476,0.104135696771,0.0266195116053,0.0348537723254,0.73276696405
C003892,0,0.152687888847,0.46544770021,0.0443814350136,0.0267891426788,0.0361210733851,0.0361210733851,0.0445874490705,0.19386423741
C003894,2,0.0724930147683,0.540620148586,0.0167240463,0.0245711724792,0.0167240463,0.154178146922,0.024731242271,0.149958182374
C003896,1,0.0167102459093,0.013720377373,0.0149687706001,0.135047774387,0.0288298944803,0.574123342354,0.00921482212155,0.207384772775
C003898,0,0.100136517931,0.00575542909,0.177267737427,0.0421123055856,0.420667389562,0.0756495406876,0.150237728712,0.0281733510053
C003901,4,0.307618783185,0.495841890367,0.0146681002949,0.0143209384782,0.0494200559966,0.0139077522082,0.0136524622285,0.0905700172425
C003902,2,0.639043197307,0.00557554501187,0.0515461912217,0.00510778543979,0.00235367911477,0.23629434101,0.00544488793416,0.0546343729601
C003907,0,0.0352685054708,0.0220610155782,0.0171704316092,0.783487996522,0.0171704316092,0.0194412004848,0.0238380636262,0.0815623550995
C003908,3,0.512449705484,0.037163053564,0.037163053564,0.0302876182809,0.037163053564,0.0359646618466,0.0328919050495,0.276916948647
C003909,2,0.0255497810413,0.171045282982,0.701281235299,0.00891579920541,0.00973228816529,0.005041931578,0.00879137844604,0.0696423032823
C003910,2,0.00320876728018,0.00369548332437,0.00369548332437,0.771748056379,0.00329725512331,0.0906379576191,0.00426429263627,0.119452704314
C003912,0,0.434743146961,0.0801790313165,0.00831384890591,0.00968841572106,0.0950366600096,0.0749088503056,0.0212253591203,0.27590468766
C003915,2,0.00543362826453,0.00626836028067,0.00626836028067,0.00574247706813,0.00316902034477,0.899021998212,0.0101715887337,0.0639245668152
C003918,4,0.0135983182103,0.00383874210471,0.00383874210471,0.00337464586099,0.042998572457,0.00167655326251,0.00358107804068,0.927093347959
C003919,1,0.00477752961832,0.0194075096556,0.00493217253878,0.00469943552681,0.00521499900798,0.836301674896,0.00670899859809,0.117957680158
C003920,2,0.433705249235,0.021541163947,0.021541163947,0.0197339709984,0.0199155642335,0.0164336427279,0.0267769016353,0.440352343276
C003921,0,0.0284615875827,0.212196799301,0.00658687810062,0.0258841820744,0.0663901408779,0.119871147456,0.029676129765,0.510933134842
C003922,0,0.0064307086728,0.0119948766636,0.158567668383,0.0258991392646,0.00821680758131,0.0128575106972,0.0116014880651,0.764431800672
C003923,2,0.084993390462,0.0825823700656,0.0175984086933,0.162506053453,0.0103085594941,0.0839909016363,0.0197575123582,0.538262803837
C003924,2,0.00572345327455,0.00705849280956,0.00656928356132,0.00593580269076,0.00364359188855,0.00339491829437,0.0786482226532,0.889026234828
C003925,0,0.00545434641377,0.00630236502043,0.411995994086,0.00560149666862,0.0332839145002,0.507158295852,0.00889778540112,0.0213058020579
C003926,4,0.00518641091012,0.0189439398223,0.177464341334,0.0184955782464,0.0189439398223,0.0179619456916,0.546887509239,0.196116334934
C003928,0,0.0178073809828,0.00166620108993,0.828726330137,0.00145575795619,0.0206656368772,0.120987045837,0.00221761588397,0.00647403123553
C003929,1,0.00207367976526,0.00227442591904,0.00215107635538,0.0517435586838,0.00227442591904,0.00215500456271,0.906398712469,0.030929116326
C003930,2,0.019737351348,0.0203980933312,0.0203980933312,0.287028823782,0.0249640707938,0.0412523081006,0.149373257101,0.436848002211
C003931,2,0.0112112341166,0.0125500283848,0.0125500283848,0.0114971455017,0.794148523804,0.00764147724563,0.0337817254129,0.11661983715
C003933,0,0.00929862666834,0.0111348382292,0.00828989295558,0.00971747230167,0.0128859569386,0.848280308764,0.018941128017,0.081451776126
C003934,0,0.0501309031043,0.0714816620714,0.00829667266925,0.010464889338,0.00618807661352,0.0234319488418,0.0158968366075,0.814109010754
C003935,0,0.213786811372,0.0134199359823,0.0146116950267,0.0130411122318,0.509409977508,0.0717858331659,0.0134620078088,0.150482626904
C003936,1,0.0110541900841,0.232818022289,0.231288582769,0.392921707485,0.00329216059586,0.00727673932759,0.0134036902333,0.107944907215
C003937,3,0.00199289560225,0.00604004491471,0.00583349078988,0.00307539817297,0.00465048614607,0.112991710218,0.823734343696,0.0416816304607
C003938,4,0.00654937928464,0.00790393723257,0.0941094846864,0.00665188848083,0.00580791889647,0.41027711813,0.434687460119,0.0340128131703
C003939,0,0.00753730808276,0.00897789542704,0.00978499089986,0.00835811885647,0.00897789542704,0.00897789542704,0.79731089255,0.150075003329
C003940,1,0.0937910710584,0.0293662012635,0.14333179278,0.0142360868951,0.0198265294003,0.0210523853224,0.0338727154659,0.644523217814
C003941,4,0.00412182916899,0.945087175057,0.00428782643978,0.00418634297657,0.00335493291963,0.004065559032,0.00464422217921,0.030252112227
C003942,1,0.0058705144807,0.00816563732467,0.00772278807967,0.00719091214455,0.770976062489,0.0075926722031,0.106395625727,0.0860857875511
C003944,1,0.00554281744112,0.00338904618612,0.111027386532,0.0053281361362,0.00605036279545,0.726916667497,0.10947557545,0.0322700079629
C003945,1,0.00676542886207,0.562002018952,0.00436236874289,0.00505514449444,0.21042577325,0.114770744996,0.0159825160285,0.0806360046738
C003946,3,0.310806324027,0.00439563655548,0.565371519344,0.00358241181298,0.00439563655548,0.00435417125728,0.084431097938,0.0226632025092
C003947,0,0.0086897358778,0.106509427205,0.0101776625418,0.682734261749,0.0345788386516,0.114508819156,0.0133747478958,0.0294265069224
C003948,0,0.00933168804694,0.0148422188885,0.0388316860947,0.0373799928775,0.251461492134,0.0185616331265,0.0271455627584,0.602445726073
C003949,4,0.0288281562748,0.0299891445321,0.0594001092267,0.105537998728,0.0299891445321,0.375604776932,0.0286913331486,0.341959336626
C003955,4,0.00890656543917,0.00661915033581,0.551137144041,0.00365298268788,0.00632980016069,0.116291374906,0.0104655405246,0.296597441905
C003957,0,0.0500288075787,0.0029026057076,0.00718234071145,0.0110481646781,0.0155584772968,0.0159126907492,0.0492832198683,0.84808369341
C003959,1,0.00209261447075,0.396191050516,0.552569544155,0.00501924679219,0.00239277691298,0.0052996747608,0.00658079195165,0.0298543004402
C003961,4,0.517507733632,0.0162100798229,0.0701813332158,0.0155749685479,0.261672672667,0.0151256011291,0.0197431753427,0.083984435642
C003963,4,0.00177577902478,0.00724970944407,0.00801972755489,0.00707812469549,0.0110691405714,0.841162473954,0.00843752491024,0.115207519846
C003964,4,0.0107241091427,0.0111559981843,0.0112748949572,0.0108919601344,0.352706822015,0.374715104271,0.0743492038514,0.154181907444
C003965,0,0.009240908974,0.110606207774,0.698520532635,0.0108346624634,0.0889329687357,0.012400912067,0.0217318151507,0.0477319921997
C003966,4,0.82208543712,0.00788059545979,0.00788059545979,0.0076940790206,0.00788059545979,0.0180020594469,0.00846633581694,0.120110302217
C003967,4,0.0169309763089,0.107760554677,0.371436257446,0.00924629846457,0.00966822263843,0.122284902857,0.00900944639482,0.353663341213
C003970,1,0.00930397430031,0.0101559217049,0.0103825585076,0.00894361797161,0.383579089709,0.500581961885,0.0146515843473,0.0624012915744
C003974,4,0.00590698357907,0.0142129077937,0.00933942922487,0.00872436968433,0.0729487313208,0.661692624741,0.0758257895103,0.151349164146
C003975,0,0.00704014955656,0.0111977819429,0.149858675042,0.00787465359034,0.00842051917171,0.701286656758,0.00972733765486,0.104594226284
C003976,4,0.0443656799024,0.00627172516259,0.00443296127162,0.00432804278473,0.00835147426596,0.0149855661955,0.00426122513611,0.913003325281
C003978,0,0.00793734855879,0.00963432266541,0.00575046095154,0.0090484951762,0.850365506832,0.00699125045791,0.00837393391459,0.101898681444
C003980,2,0.0163051449781,0.0696039639606,0.0184924544911,0.0169410325976,0.134711635811,0.0139206524366,0.571054690312,0.158970425413
C003981,2,0.656361320834,0.0120765257097,0.0120765257097,0.0110633672676,0.0154075712787,0.223184604166,0.0123833333744,0.0574467516604
C003982,1,0.0140271480383,0.00906693949497,0.00711742369179,0.447233103536,0.186393405323,0.256175515831,0.0185814899038,0.0614049741806
C003984,3,0.0516487607344,0.0439464333417,0.0238294573028,0.0121690918085,0.0147512535081,0.00932353251681,0.0345632318832,0.809768238905
C003985,1,0.00698261972927,0.0460100664512,0.00617308035212,0.140813695982,0.00652706442433,0.00606907442151,0.730025729908,0.0573986687311
C003986,2,0.0126241914372,0.795764935232,0.0127926694678,0.0117194302449,0.0127926694678,0.00975946147053,0.012451131995,0.132095510684
C003987,4,0.0151424620918,0.0110069588223,0.00844763837065,0.00363698136196,0.00486672450698,0.00254467270701,0.00617543406335,0.948179128076
C003988,3,0.0135469473179,0.0133707676527,0.275585000011,0.245876706095,0.0133707676527,0.17009647861,0.0250364572216,0.24311687544
C003990,2,0.0217840803467,0.0168694606716,0.024247478792,0.0222132399365,0.706895686701,0.0182528893008,0.0250505460691,0.164686618182
C003991,3,0.0174434602805,0.0514576151238,0.0267574774198,0.0218071494274,0.0267574774198,0.026505066474,0.0493283430531,0.779943410802
C003992,3,0.0127896209569,0.013727478605,0.0159140269243,0.0133211372777,0.013727478605,0.0135979833688,0.779045665225,0.137876609037
C003993,0,0.00290246010146,0.00898152697383,0.131520980319,0.00733714385878,0.0087466554389,0.807109189856,0.00634373636868,0.0270583070838
C003994,2,0.00953480158781,0.00928786783955,0.0108349626848,0.0569271381155,0.0108349626848,0.0335931259809,0.0133651986407,0.855621942466
C003995,2,0.00685913198791,0.785980038658,0.0178085615316,0.0160277802862,0.0174955685745,0.0268219063898,0.016168019382,0.11283899319
C003997,4,0.0287272018848,0.203137080295,0.0111516708044,0.0108877351741,0.427981126344,0.225220127538,0.0136596734046,0.0792353845541
C003998,3,0.013356464853,0.0245411109945,0.0281529307982,0.535802503084,0.0218287401577,0.0875288831438,0.0315237360951,0.257265630874
C003999,4,0.805065229244,0.013627214347,0.013627214347,0.0133046880215,0.013627214347,0.012920822507,0.0160442531586,0.111783364028
