client_id,cloud,gym,insurance,mobile,music,software,streaming,none
C000005,0.014127495234575507,0.10119108565006503,0.005808798615985153,0.7401701317716456,0.008699566720374051,0.01113410840772392,0.005337277685168345,0.11353153591446247
C000009,0.026730061315237173,0.027037759541388574,0.004611131778554052,0.003898751827682057,0.020647150600005805,0.24036836327623531,0.6439680908744265,0.032738690786470466
C000014,0.3830384205294783,0.02840035655833948,0.009512693289757623,0.010178823559752546,0.014827825423107115,0.48113337502310427,0.016490942872187053,0.05641756274427363
C000017,0.08171871469971739,0.015198808893159008,0.0057866785650860855,0.7438684857761725,0.009682971175813309,0.005949055389511401,0.07968229243769251,0.058112993062847965
C000021,0.014725354290146968,0.03284965291772083,0.02348991584778618,0.22111105057120822,0.03914983148663704,0.16559305460491222,0.053216022084280126,0.44986511819730846
C000024,0.005402366207731128,0.7408295643063831,0.00816407654034433,0.006867746987707566,0.108529289474503,0.07367519589525219,0.013583698439506553,0.042948062148571955
C000030,0.05850638712994218,0.005099604497969767,0.016604157603499356,0.004663225936046978,0.013083127091344354,0.0060928015920246725,0.005725516123282693,0.89022518002589
C000038,0.009954021435285705,0.0505930139636703,0.014862060194762916,0.018267390429359424,0.13338746302519078,0.5727018833400939,0.12813195690804083,0.07210221070359618
C000043,0.0006335983325482588,0.00206767796057535,0.006161278327099074,0.0012522120670310929,0.0072846549556947315,0.020830971823827097,0.002808555440515751,0.9589610510927085
C000066,0.012911881915229937,0.012957608162716728,0.01198211195936522,0.011261421973822981,0.03251901013353133,0.033259602668454936,0.022154458101668013,0.8629539050852109
C000109,0.4915403774707453,0.02309998890958219,0.007162834240606627,0.007581752387698779,0.011173310166458023,0.41330007139123226,0.012788638746977964,0.033353026686698796
C000116,0.12391994340919997,0.0069872229129150235,0.8050262623015525,0.0037922914888280767,0.0073516361980433724,0.0026685629803656144,0.023091532568742242,0.027162548140353338
C000129,0.21912048220843472,0.024261887186514817,0.005558942683339791,0.006243868293092894,0.01164300916414284,0.6517990905799159,0.033322351308892294,0.048050368575666726
C000132,0.007111510653628383,0.02160602642239484,0.004574895756838985,0.3686700794217504,0.23510027302813136,0.1988622202034199,0.008408131755917326,0.1556668627579188
C000162,0.01089032905471356,0.02270345444478119,0.1285757659786552,0.008262696323593466,0.03235276524086166,0.19302268588383603,0.139707521028894,0.4644847820446649
C000173,0.0813175692643057,0.007289673828211057,0.06992427252989818,0.7825042043660606,0.00535682862307369,0.005363678078965408,0.0033311789460060445,0.04491259436347926
C000177,0.1179594358614971,0.008393937866602122,0.1371974720837671,0.46512231397175136,0.011368187001371606,0.003725136062023459,0.05673186740193324,0.1995016497510539
C000185,0.320734198923406,0.6120836911439064,0.006961768737223725,0.005032517086586424,0.009290682199075818,0.013913711127196266,0.01020776484718612,0.021775665935419266
C000205,0.08955907806524138,0.008670104899876987,0.005887914200436794,0.015647234947953982,0.009733655411981483,0.0401696066187149,0.0072353461387635425,0.8230970597170308
C000212,0.5954033447837078,0.12314220566225266,0.07152497097875293,0.16261018778479724,0.005066508912598257,0.006615441714199645,0.003358659034357197,0.03227868112933427
C000222,0.0005837372123943485,0.0013674890365971092,0.00135328914377826,0.000978668319934216,0.006645048244927791,0.00327450441482657,0.0037700736058745884,0.9820271900216672
C000230,0.010130880559258352,0.1410931665827053,0.5206173585631463,0.01675069453524913,0.03824883587464122,0.01899745677078835,0.0161428878718448,0.2380187192423665
C000233,0.004965078841931473,0.014596110194808823,0.20704039429821694,0.008568847825166767,0.7213989837402254,0.007177391050295933,0.014864910459015904,0.02138828359033876
C000259,0.007526393144106807,0.015703291576007593,0.40105891373187164,0.010026456347103366,0.5062719175954967,0.007874111278067973,0.01365972546514657,0.037879190862199326
C000262,0.004584012233403769,0.012059352540987727,0.0034076621698080145,0.02901888889778069,0.015624491626497065,0.003799156730764298,0.6824012160626799,0.24910521973807853
C000272,0.016436434184118345,0.7423285207645237,0.009537723329670946,0.15565826663995586,0.012405579837289736,0.016519529466523842,0.007922802891186713,0.03919114288673082
C000313,0.23701274718936513,0.01009323871415855,0.002737345736893773,0.0023263044756663175,0.009479864004470854,0.0027003999152222773,0.7171256515368711,0.018524448427351882
C000319,0.4139251058087302,0.10485559080718714,0.013741112331284168,0.12939830536048919,0.01835618349508579,0.0210395069544504,0.013484582310319756,0.28519961293245333
C000323,0.05760359829620834,0.0035086026638350013,0.9240093989248349,0.002510762901486515,0.002744991101700933,0.0018386429588531658,0.0019778686263079302,0.005806134526773431
C000339,0.004498415708761353,0.017990990213967592,0.005763999965993769,0.008823698030864118,0.012723702852274003,0.7030864492549156,0.008353433011069026,0.2387593109621545
C000351,0.01862639668339538,0.01973599152174157,0.009801361588063636,0.008939460189916716,0.012798745498392631,0.6556981062294952,0.00850067949087123,0.2658992587981235
C000358,0.4653395352962024,0.009562310597457628,0.006534653951414806,0.007392785395387998,0.008655674837963189,0.015551388892467473,0.01017195250466139,0.47679169852444525
C000361,0.08769896858510083,0.011276971193425335,0.009170625835712857,0.00289583178189925,0.003904061365679661,0.8669009801118523,0.00711693257987148,0.011035628546458103
C000363,0.010044170383794996,0.015471090461670103,0.004359922898665142,0.36956045363287066,0.008146983216276802,0.4463743443980914,0.005186848467177429,0.14085618654145335
C000364,0.004610891825759537,0.008813078558251433,0.807817741537605,0.026584414563374358,0.011443176511194846,0.006191947322869749,0.004673112100058469,0.12986563758088662
C000382,0.02176564579088745,0.05214307614889668,0.02034233794894719,0.36070831069466297,0.07613020272145493,0.2427191030665399,0.057282999217865026,0.16890832441074585
C000394,0.0033642470005313795,0.00883605068562458,0.007209400373678476,0.006556970661401412,0.03236948472757162,0.026923955078562444,0.018146561669887935,0.8965933298027421
C000400,0.1087995104605521,0.02086076188217059,0.011896716399631063,0.12781644008316131,0.019952609903316893,0.13618127971932584,0.013382457753958573,0.5611102237978836
C000407,0.0020587081290060444,0.26326628081026243,0.0026437710473430722,0.0015064467639971635,0.013564836720144684,0.0052182283717804884,0.7051200754571565,0.006621652700309694
C000408,0.005992223727195468,0.01258169253632871,0.10905196681428175,0.014795211411988958,0.0277736971000723,0.012653975425190214,0.01196257426807892,0.8051886587168637
C000417,0.007316198248343972,0.018881219028268063,0.0071469844852307205,0.07761126433842437,0.022410917452244654,0.005338487561051737,0.772186718377324,0.08910821050911265
C000426,0.006760991029015977,0.9102233349137203,0.00490717477300327,0.004934189346536971,0.008914453816730446,0.019625154682410738,0.007574777824391417,0.037059923614190866
C000436,0.6714362950574655,0.012012790511411449,0.042957152554712254,0.02914661028147513,0.0034402778590883016,0.23372294569581492,0.00325486878140698,0.004029059258625601
C000446,0.004015678494437264,0.012880499834729853,0.5006251584173209,0.007109973034215401,0.40906399514797287,0.0055834229676004505,0.027279158820578166,0.03344211328314505
C000452,0.0035492225562795327,0.6339527988702037,0.005451720927867504,0.004753499210322803,0.131309415562171,0.19176806117724068,0.021941686823340526,0.007273594872574203
C000456,0.0014666050771813925,0.007494017514584588,0.0021029321943126875,0.0020482989367104254,0.011828620391094056,0.002736880002016075,0.8377159377658783,0.1346067081182225
C000473,0.008978303046897503,0.13640587373588522,0.013494284365912478,0.0204358991878679,0.6835883365619951,0.014745836484415874,0.02411760347029797,0.09823386314672806
C000481,0.30178435014397637,0.30480036112944536,0.018432681720939866,0.022440151435495014,0.08414325461119249,0.05927037792204753,0.07761732500292635,0.13151149803397696
C000502,0.0016242932905429388,0.011500912510691162,0.2461276488377173,0.0026993457191501094,0.15499597675040486,0.009575759253720874,0.5460219407295283,0.02745412290824453
C000511,0.00841040180912906,0.20010128705147706,0.005174068508569788,0.26319159585740304,0.012389851460567968,0.4551101455466201,0.013455437857773454,0.042167211908459436
C000531,0.0040006139323725464,0.36019203958359847,0.41994178690812434,0.006961862114754419,0.017242928329001768,0.15025165589741657,0.00584937359353586,0.03555973964119607
C000532,0.6795901358017131,0.006207307954889839,0.003112880753537945,0.25767024747224593,0.003217183234062686,0.004563460256975581,0.003425484789962635,0.04221329973661219
C000555,0.7914445057598948,0.012411753538437341,0.007060886737205139,0.011598333075151113,0.013278814858183923,0.016031409401803108,0.020310405701794477,0.1278638909275302
C000556,0.00793779358520686,0.033045904344104614,0.2034713592967737,0.014380932647893205,0.023485117521900755,0.649775301372552,0.011818134251240606,0.05608545698032819
C000580,0.9468432117303822,0.0029994367272551076,0.0014482786989179885,0.018412456110578353,0.011487396555886478,0.0026089269096025366,0.0031962801111629817,0.013004013156214345
C000600,0.06676859737664821,0.01725038846009258,0.008972856448316883,0.00503547558998067,0.034671401256395624,0.005960404274735923,0.749900813475495,0.11144006311833521
C000615,0.002105310529059541,0.3342358604059397,0.0030677001783191286,0.0021793934917714213,0.01760224082804351,0.22721702907886956,0.39646122298704434,0.01713124250095276
C000617,0.00019694826760274512,0.0004753900963672342,0.0008446318766490768,0.0005926915699867784,0.0017162065137608974,0.0007046711716308862,0.0005263911666838979,0.9949430693373186
C000618,0.0011161069212995334,0.005950306065736232,0.0009571760377320853,0.0018732958637373556,0.0025748560032148194,0.9288162498155473,0.002671850229090413,0.056040159063642216
C000621,0.00214889072957638,0.009599457781713042,0.0031618575553842686,0.0030111189274183384,0.01593906458334284,0.0036240040870886316,0.679733409917362,0.2827821964181144
C000622,0.00996334484059865,0.011715891396733341,0.02126742341872792,0.04340616303516754,0.3297568878781596,0.005525621256213319,0.14445290514856368,0.43391176302583595
C000627,0.02194850247094972,0.004402999934517137,0.0038792654494583948,0.01310695869386924,0.007210461770418665,0.012080037365268173,0.004168466980875277,0.9332033073346434
C000641,0.004414897052714896,0.04684910943697428,0.011786113818517598,0.1489349452016049,0.5682433922055473,0.0042999350509335624,0.19691808995356597,0.01855351728014145
C000647,0.07278136747696208,0.012784053061893003,0.18440402477010126,0.5631595833249761,0.012269811366235617,0.008795530235237072,0.0073603858459067185,0.13844524391868826
C000648,0.006021122021324608,0.16057855390431067,0.008192794711896998,0.005616044681635233,0.6778864858896317,0.012040268605149994,0.019663348869719165,0.11000138131633165
C000679,0.21762301158319503,0.01701206008836941,0.0023684919814633194,0.18582319233957698,0.012020977262538769,0.03321439233195364,0.5149881496143842,0.01694972479851859
C000681,0.10738404203264075,0.01563904328404471,0.01044015245063832,0.06812567834236248,0.02091896268160172,0.006268781035228831,0.618655270623646,0.1525680695498372
C000683,0.03870989420469751,0.2109592412311626,0.00380242133872137,0.0025229613182723492,0.023677795461498927,0.006651057061929169,0.7062947735645367,0.007381855819181358
C000709,0.0038787712787179424,0.013877180977435077,0.04707252642553703,0.003981679342455134,0.00569924318529516,0.8710134371417612,0.0024688936875731987,0.05200826796122531
C000717,0.003244398179670198,0.010443847282730352,0.7283642880954424,0.011638996388401854,0.016134678728829975,0.008108681850328465,0.006129121277560392,0.21593598819703644
C000737,0.0488973539587538,0.015044530749389799,0.21618973444301826,0.005666411497502403,0.007104721085284584,0.6894021755019322,0.004159941996717078,0.013535130767401923
C000738,0.015150500471345398,0.01583886775683494,0.015542438046944195,0.01478772810259587,0.0318829246875344,0.03633850117912379,0.017147294538208888,0.8533117452174125
C000743,0.009254886418238777,0.019639212973662175,0.007786651832812277,0.003925325829970474,0.009723388475798086,0.006297417171729287,0.004786289812960407,0.9385868274848282
C000749,0.2450094484701371,0.02031801219493473,0.6791586307492111,0.007381491256801985,0.010365921402929423,0.006951256168917303,0.007345076066897024,0.023470163690171297
C000750,0.004562589894880747,0.0037368762509810663,0.02831227741339915,0.004059999033535671,0.008582516775517978,0.004149868897526719,0.003560532933102402,0.9430353388010563
C000763,0.23213382725096507,0.01537661446074153,0.005148829919915011,0.003780988797152647,0.016175907561311726,0.004058656287086041,0.6957261690457514,0.027599006677076494
C000783,0.0021273392145433816,0.005872791426058355,0.0206561044363142,0.006549158315925952,0.013242746821143804,0.0064856096040953656,0.006350946765947416,0.9387153034159715
C000799,0.0031235105628907266,0.005915308156948715,0.007920725530623948,0.0061659076301737205,0.017972395054846563,0.007165295053433732,0.008735972701421029,0.9430008853096613
C000800,0.02873229565124397,0.05277847602574072,0.020748756404777673,0.025536169520625356,0.11083472861925656,0.5060173913157968,0.098905692976551,0.1564464894860079
C000827,0.001280739891822611,0.0016925889921974215,0.014428249826164311,0.004445344368428066,0.00508413592921462,0.0023269687626840028,0.0018343710320412041,0.9689076011974479
C000832,0.027761462227293712,0.013158166616564042,0.02423140837221542,0.006741963569167966,0.0155972278470623,0.006386504982676632,0.25439830531722024,0.6517249610677998
C000835,0.2697400572003943,0.017338253585374754,0.004306586754204823,0.025083009093940494,0.02379526198045892,0.16776990991356788,0.31994743434386164,0.17201948712819715
C000836,0.12058650609120371,0.1044180979135211,0.007500768938091164,0.004717758861430277,0.02454288435214257,0.008155035684370175,0.511304085213693,0.21877486294554796
C000840,0.002494581978936415,0.00746348362571131,0.0038527163423038462,0.00452083438565483,0.8759076381049099,0.006230257086712087,0.010091185878244879,0.08943930259752676
C000850,0.006270848955723446,0.005145599937309264,0.002578794659273335,0.7686817668940898,0.0038502853317892017,0.0053233148553271225,0.002633229127040345,0.2055161602394474
C000868,0.008867658679506979,0.011516775113028729,0.01150272141536238,0.06822929586330102,0.021915329335715123,0.013191645383993113,0.011313282986514982,0.8534632912225776
C000892,0.007272624172795918,0.013783480021169353,0.783772504636073,0.05534916630382765,0.01766040947139406,0.009433647179318808,0.006996603652396815,0.1057315645630244
C000938,0.0345779482676094,0.2850027244292214,0.030849532416649544,0.2093550768599439,0.06352954144056569,0.10108967109881181,0.15253119011677882,0.12306431537041944
C000949,0.0037842841851903125,0.014037242747204037,0.004940723014266462,0.004059375541349579,0.024397148943822652,0.005434385474437705,0.7994780222449132,0.14386881784881603
C000994,0.010737510994219206,0.008184061767506785,0.004314749711585458,0.7415830511613385,0.006945079302063731,0.0081254333721698,0.005255358726275333,0.21485475496484122
C000996,0.011278917739464303,0.019120720479702293,0.0009125596777068333,0.0013337066250052223,0.0016387870096146709,0.9540703328678326,0.00159622089512262,0.01004875470555141
C000997,0.003433932417924448,0.9409467972979639,0.004321544815505872,0.0045082007509605025,0.007841726191793724,0.02297168326919919,0.006440407381804229,0.009535707874848184
C001004,0.012949955825244585,0.01526664816649686,0.0048337575532672065,0.7628365751464952,0.007978135757200789,0.09689115683090367,0.0053761383775839024,0.09386763234280787
C001006,0.938633321700812,0.003350880726588447,0.0016944095937132747,0.0021300033206071087,0.0017959279595143648,0.003707941790693294,0.0033759637051450565,0.04531155120292644
C001008,0.00464392115992982,0.1899542470764808,0.006860539635285076,0.003890578162094565,0.025352982948939905,0.008074199722326189,0.17946269969412912,0.5817608316008146
C001018,0.004186738050323979,0.005760062288182571,0.006989426896885263,0.008378461658165167,0.014970767900739304,0.010412987376641297,0.006987639442998666,0.9423139163860638
C001020,0.003075436020909513,0.02642225033987071,0.002948956388875107,0.0028215586087156647,0.016508121518674364,0.36478485237840913,0.5742298966548668,0.009208928089678855
C001038,0.002303292496435046,0.013565314481177202,0.01864811251119746,0.007867755754943709,0.11487918725980767,0.008191001249439013,0.08631892387358127,0.7482264123734186
C001056,0.0026656972471061314,0.00976884859941983,0.3324224963787376,0.1704854568802349,0.444931014307419,0.022260754892045966,0.010726937425328225,0.006738794269708322
C001060,0.010251135912940253,0.02500569929012539,0.6351845557211867,0.0297116891761076,0.04171966802575309,0.02055800359964347,0.01783159810643306,0.21973765016781044
C001067,0.0023645510453177993,0.0021053449116977957,0.0033496338158303706,0.0015289282135941033,0.004972222823062799,0.002411590995136767,0.002146717025578469,0.981121011169782
C001068,0.030812206804247618,0.009525185263846301,0.8857332122448305,0.008688421524425047,0.010715077682623557,0.006212176181401851,0.006247207273185351,0.04206651302543988
C001084,0.006515573378982056,0.01686478496683966,0.057599027346663216,0.006339056948982959,0.011523844634655346,0.7594039999055667,0.06364897653138396,0.07810473628692605
C001088,0.09656061085017482,0.12628955854122473,0.005991874267753502,0.0038102969581456985,0.021443256423828983,0.006827233824225578,0.5946411013257947,0.14443606780885188
C001092,0.015571025983483942,0.01278893817865831,0.42335929221346097,0.36279659651298857,0.01391784044741448,0.007988410448385927,0.006134025741161574,0.15744387047444622
C001095,0.0017806323185385272,0.9691803726348944,0.001983353341579793,0.002043890722882613,0.0035707603272354467,0.006745446756747954,0.0031621493186600813,0.011533394579461141
C001098,0.29065132077567307,0.007535871244702046,0.6379301293707994,0.00525378368517611,0.00688828930399404,0.004520750825210441,0.0052958295289025105,0.04192402526554248
C001100,0.004459496122796509,0.018899359667691403,0.007222214569701646,0.007346284460832668,0.03125802454538331,0.007537386712868923,0.7615719219101967,0.16170531201052885
C001108,0.006951342422263146,0.558639894016343,0.01018916585132546,0.006671792424546986,0.24919657862556105,0.016067800188013813,0.02867259563512726,0.12361083083681924
C001112,0.007888362077286517,0.013397835080035956,0.0024169348556318036,0.8761833007235862,0.006961524523251118,0.06470155143423192,0.00531340641691274,0.02313708488906386
C001121,0.004239923705574092,0.028756357927827284,0.2759832780914646,0.23411256409672315,0.006356442808747116,0.42197660434179113,0.0019850939501383884,0.026589735077734204
C001130,0.004409195077700639,0.018892274504024042,0.025881894293954422,0.006437807626584708,0.03155589808521244,0.005676548139693267,0.8059227119060572,0.10122367036677318
C001132,0.011703204805310324,0.03412086747516909,0.020399744549383193,0.02104179520575972,0.5272557184628718,0.08506194447493355,0.03616281165357144,0.26425391337300086
C001143,0.013135660977918448,0.24881140640201702,0.0030318021309606036,0.048734001390658054,0.011180366986815857,0.6599914149360694,0.0038621933082348455,0.011253153867325871
C001152,0.0022515415936308213,0.017506583659329916,0.0022699947032828295,0.0020125332523121173,0.014028352972227322,0.07859772732272834,0.8675525847398091,0.015780681756679495
C001164,0.002343007187141467,0.011667231376823364,0.3035981564488168,0.006301796204265921,0.6326911065390181,0.0055645524772972325,0.011568998558977587,0.02626515120765965
C001165,0.9836381041741669,0.0016534558208997985,0.0007522567467269916,0.0010867990026754714,0.0007191664867266674,0.0017380555303465155,0.0017505689121256366,0.008661593326332297
C001174,0.12467438841208998,0.7593243276881289,0.0052801522562635475,0.0566037407666235,0.007302049781635752,0.013827266649999302,0.007136559421318561,0.025851515023940508
C001209,0.0023813174897742155,0.012106554463825739,0.008760668994508643,0.003006696092220191,0.6426211715711017,0.01019009000311183,0.2549275992200304,0.0660059021654272
C001211,0.5852376142493457,0.019042114053154917,0.013437257708010962,0.015846605928030444,0.008281816299361356,0.020669759817923603,0.018088359988506744,0.31939647195566634
C001214,0.013714457354916958,0.4210457900629689,0.31849874985139465,0.006860643096785466,0.19060444918909927,0.010293543567672397,0.009367584014709246,0.029614782862453132
C001216,0.0035192246638687114,0.20438167426530926,0.004983295891410495,0.004180960891357829,0.02293639050306216,0.4627878687839882,0.23512662730759512,0.062083957693408194
C001225,0.0036485264175602837,0.06900714170086487,0.08359471359811743,0.0061750872079637895,0.017019738680467966,0.03412539628439941,0.005794196951549293,0.780635199159077
C001238,0.04083781067505695,0.028247008319925354,0.0207993616314962,0.06844576793139771,0.2830329774149904,0.041518883392676384,0.06839858635491086,0.448719604279546
C001266,0.5267675136484312,0.017066756055252458,0.012981585065388738,0.012654693253947615,0.01767282792684161,0.019287250427934742,0.01847530806132321,0.3750940655608803
C001271,0.004251174071880527,0.012755230533651652,0.006278561185732055,0.007235860322519414,0.8451263906799936,0.01585416515591101,0.016074952361932217,0.09242366568837933
C001280,0.006684466528637093,0.15948822637124574,0.009711249997081459,0.00637302667969823,0.039600918191904456,0.010682211273901803,0.49295953608991255,0.27450036486761853
C001288,0.12202851833639089,0.1918883407975725,0.22688926260068304,0.012340755812796011,0.019882258076914266,0.38686797362065645,0.010617716848182926,0.029485173906803854
C001292,0.002166041201550057,0.01042648600395013,0.0030332331123944533,0.002882052326510571,0.025175163990427542,0.0054707962879052595,0.8035185623207987,0.14732766475646328
C001312,0.7875618873541057,0.011103808538080982,0.006857772753400653,0.06471952081728151,0.03342468261948704,0.010051723978822915,0.009841250096071667,0.07643935384274958
C001317,0.029727863170250814,0.011252230288832698,0.009049162294959175,0.006835843435262114,0.20953624721522998,0.009971103537040086,0.019463643052948273,0.7041639070054767
C001331,0.040468572953849896,0.08253025272991475,0.024170640785828403,0.00385023937210334,0.0321661197597471,0.005919194206733485,0.47742343353544103,0.33347154665638185
C001335,0.8067543632468084,0.007186506122103844,0.0022134257478680706,0.0018386013711896344,0.004954806118688827,0.0027382825181366238,0.15753164111823023,0.01678237375697429
C001347,0.636339912856376,0.011825935320271616,0.0068575842200581175,0.19268814727933486,0.008626703068060843,0.00988490028699473,0.008218110344799898,0.1255587066241039
C001354,0.7431149425357383,0.0896199753321098,0.008434917096012944,0.007112582232969892,0.01123279699633588,0.01467736643502304,0.015077279343005767,0.1107301400288043
C001386,0.005121432353518847,0.07876577187122173,0.7371476303010918,0.08035065599545974,0.02169610415946476,0.010616467820662206,0.004893470313307381,0.06140846718527361
C001391,0.0077326352677932015,0.1908567726002414,0.012468417188153297,0.008390015360913628,0.6706480989595084,0.015517622869154523,0.024898100847115,0.0694883369071206
C001400,0.007210890617567807,0.01676239112517121,0.008058700754977945,0.04301042046261302,0.5303264695257089,0.007000507675091032,0.2907932616531613,0.09683735818570874
C001409,0.0027856829700209293,0.00934121063379167,0.004137697928786764,0.005422451464399894,0.009206540277668753,0.22787907825146095,0.005093342210272387,0.7361339962635985
C001419,0.1662789788512543,0.011494788347496012,0.758562567391299,0.008684568309854127,0.011261394397748571,0.006788709035244063,0.008724320675404015,0.028204672991699903
C001424,0.007410767115488998,0.029311087839457257,0.07668152633171986,0.16647951573532424,0.03348673644399432,0.2286863982150514,0.013264396607489575,0.4446795717114744
C001428,0.003639232573904885,0.049667114431147366,0.8920713182724219,0.003146915666975922,0.008307536418840796,0.003110913598696232,0.013019473956608851,0.027037495081403903
C001433,0.0016123603841330834,0.8965741794576342,0.033465914832919816,0.0020670025239704713,0.008653026742325941,0.00412861911728744,0.048813205574423986,0.004685691367305076
C001448,0.00884969174224004,0.00881141745305076,0.003779196239803439,0.889520483172216,0.0057049598658447795,0.013667748303394756,0.00396480797077775,0.06570169525267239
C001450,0.8514955806811986,0.007557088829644294,0.004024263394639983,0.00505923585034959,0.004548804485992327,0.007668151559551871,0.006478460977540097,0.11316841422108331
C001451,0.010578445118555008,0.7170230329781541,0.01533715902232494,0.012657246017481241,0.038646119179875656,0.01909078718483199,0.08748728589611729,0.09917992460265972
C001467,0.3013284083986565,0.0059646881742001865,0.004449808390976588,0.004961638706208398,0.00599325400112839,0.007940173455142335,0.0067825188937122305,0.6625795099799755
C001474,0.7391427074020103,0.016191358606327696,0.005654125938650494,0.006380724861293452,0.007879349390434496,0.17429921407855697,0.010662978892358255,0.03978954083036854
C001475,0.00818374193309186,0.010944017927874887,0.009435237474217177,0.11454558195720983,0.018068809481647772,0.012734471543436082,0.009733666280588778,0.8163544734019337
C001498,0.2548055352350528,0.028946676729072817,0.011220130210077171,0.012801826918389103,0.11402573919771516,0.4656116394202331,0.022148897389090615,0.09043955490036937
C001506,0.019262694871765032,0.021753683681111687,0.004089567075972387,0.4282468414342725,0.01488899143173209,0.004344724122762735,0.47157771182824254,0.03583578555414104
C001513,0.006767035987788485,0.8051242378592622,0.00971872075111558,0.009628583203531684,0.018890593067583856,0.023020745385424,0.01433380438366003,0.11251627936163412
C001548,0.008246021640695803,0.00891074691001777,0.8055618545164623,0.0062307954255729475,0.09473535795799141,0.004496565727998307,0.00865018062006724,0.06316847720119427
C001554,0.1565047846893638,0.2599737064536037,0.4178713834576935,0.010142968072492512,0.02026191003607376,0.04636690656320763,0.010832659449923345,0.07804568127764182
C001555,0.002279679653401202,0.005980328981382975,0.025582716564446065,0.0037644798367842624,0.009313342434234286,0.044168895831808004,0.004212340636886783,0.9046982160610564
C001560,0.0036385682620714466,0.0157506346280905,0.6292816340994134,0.0053007791612630405,0.025316810786774845,0.003581704863787231,0.29457559163812597,0.02255427656047366
C001583,0.007077906599455282,0.018258649026716367,0.016206860306341428,0.014599827634570408,0.07262551799799183,0.03041562780454145,0.051185453756106496,0.7896301568742767
C001590,0.004133890795715755,0.003139675516512912,0.019866121627601995,0.9626607195080139,0.0015977726794079113,0.0017496556706614083,0.0009316588952973674,0.00592050530678854
C001594,0.008074742576445975,0.010794867599945624,0.9250934817906274,0.011546562609584247,0.01272030935673658,0.0069186158306218295,0.0063161929413619675,0.0185352272946762
C001604,0.009287781458261958,0.6625558952840048,0.014366750890600586,0.013195875909953171,0.0350916243413626,0.08033196631069195,0.04660314594098356,0.13856695986414133
C001608,0.004825243736401317,0.8934764909365455,0.004065064926116604,0.003865984025904856,0.007193136929993621,0.01197339400294605,0.005674354309858856,0.06892633113223323
C001624,0.8145171937576765,0.010332285060607455,0.005533679763975592,0.0061286530570384265,0.0080113263129308,0.008988962613471053,0.024547301530301414,0.1219405979039987
C001625,0.006640538092927196,0.015652619692852945,0.02553042975366717,0.014329140736211513,0.030946636583862586,0.04766304161457545,0.01332256056582231,0.8459150329600806
C001627,0.010837354843896817,0.01627744191623554,0.006317369575295365,0.37527585147178494,0.03373539946139907,0.14711412293154927,0.008142400604131825,0.4023000591957072
C001634,0.13170819848030113,0.005402652519522156,0.0026917369812878202,0.7283089758190187,0.027927384006715652,0.004682479035139462,0.0038151800853566563,0.09546339307265848
C001640,0.013042322809355225,0.013364357001866016,0.00943646298931676,0.4133018469682509,0.03388874485683079,0.008142634012131115,0.010931944345161268,0.4978916870170879
C001642,0.024296700404866464,0.04069082921304034,0.04981285420107216,0.05034053223197102,0.10560280899711165,0.042843517664702846,0.05339190278528015,0.6330208545019553
C001648,0.0021079948478989496,0.010857607706285664,0.006508300119587011,0.0036108619821769005,0.0059851915479971944,0.8434950306462069,0.006384095333174668,0.12105091781667283
C001662,0.09802599593109679,0.01765547948779972,0.006086833658440944,0.006644399288228795,0.7452654903264325,0.0872604113381307,0.01841397324717788,0.020647416722692675
C001664,0.0059529717538855395,0.016798710667050045,0.009502138645610782,0.008521836073007888,0.23355394400495758,0.08146686182375036,0.015103471078849948,0.6291000659528877
C001670,0.020451143542962756,0.257174941559846,0.011495788401262213,0.031205619727605768,0.023508473075974798,0.22587097998627748,0.013323311567260977,0.41696974213881
C001695,0.0008340404587160421,0.0023771351546537744,0.0031992877539913315,0.0017129035227948653,0.004228717101663162,0.014884233623831355,0.0018454581570578597,0.9709182242272916
C001703,0.0019276346690237504,0.008686418813691744,0.9490206747211964,0.005477232351049778,0.006614151421260144,0.0036681778807108175,0.002846656527128767,0.02175905361593859
C001707,0.002472209951213724,0.6858057820663386,0.003903690309678601,0.0020337754186980027,0.28807690130954483,0.006594356344188895,0.009072396053387768,0.002040888546949649
C001708,0.013163137289224597,0.020113516103921546,0.017926234290736497,0.31404499208734327,0.015644227556947162,0.1785939821369983,0.0077354615830868495,0.4327784489517417
C001724,0.005822597214115633,0.795619023588048,0.007779613262791689,0.007555088374330764,0.01464119374084239,0.019412335917043683,0.010961319330360148,0.1382088285724675
C001734,0.1605242976673856,0.015260651731987132,0.013281242736569472,0.014352345675431276,0.020886656489150904,0.017801331677906852,0.01852304520641238,0.7393704288151564
C001744,0.0033697487582100044,0.06370777585053655,0.36082272302420587,0.007354024788730881,0.03012016130601243,0.29079501566459537,0.13032008544933604,0.11351046515837283
C001749,0.30131005509464337,0.01888442101364655,0.007554766165452124,0.046063057373155136,0.01882211684959069,0.006259897582161174,0.5481202734368396,0.05298541248451133
C001751,0.003791435580966893,0.014125759043090028,0.15833099078554386,0.005333049673370596,0.04414420232338911,0.004771126779262585,0.2242443210022456,0.5452591148121313
C001765,0.03370256055919482,0.012456650341087852,0.008989022126441776,0.00826439645470994,0.06774398932633328,0.0712375630683286,0.012625460623684505,0.7849803575002191
C001766,0.0013478061209554883,0.005614951205164549,0.0032691615013693523,0.0026624681761980742,0.006900402761106256,0.017339812733176495,0.003376560516349943,0.9594888369856797
C001768,0.013957354051369298,0.05417689435230648,0.03210203043436194,0.0278024353886651,0.2850346404729747,0.042732339373134996,0.16324547667264247,0.3809488292545449
C001773,0.5671771002465716,0.013659788269954188,0.009571184126665268,0.011448998714143049,0.01273587552184392,0.017391610795688267,0.015367414124093134,0.35264802820104063
C001797,0.0029546537000891674,0.005668967421974014,0.004829994067942005,0.002311832001403035,0.021733810854897288,0.01819085385601297,0.013684995818909024,0.9306248922787725
C001799,0.0018471640814716527,0.012816436569659341,0.0019299388682535994,0.002199452187528502,0.019221581157171666,0.036023558319684394,0.8972295607745254,0.02873230804170518
C001801,0.0009575024307662284,0.0036850232967414864,0.0025192570289590105,0.0020831538078271007,0.05100243613259498,0.011854725131147053,0.007978890950992934,0.919919011220971
C001802,0.00029660642202114707,0.000694873447345661,0.0005571052498113018,0.0005048105234543031,0.0023746017273681627,0.0035705364844589287,0.0011270694098864274,0.9908743967356539
C001809,0.1870983558002146,0.19922842040616567,0.045944311427921915,0.2582752257568186,0.010020536628491141,0.2649232599502569,0.0050201925209651405,0.029489697509166062
C001824,0.4558569043373967,0.014249967275181824,0.39535779270328086,0.010604427305973095,0.015200178418110126,0.00979282513565975,0.011788267361476696,0.08714963746292102
C001826,0.00587208950157017,0.020269950142570863,0.0051066278957591455,0.004656864316657646,0.02327501639795226,0.005946895354960634,0.6998553357643058,0.2350172206262235
C001827,0.010243060656530474,0.8920101242563985,0.006712187881192848,0.0065512336471474685,0.01180678029456568,0.01719035581051996,0.00962420475527592,0.04586205269836918
C001851,0.05362478240012414,0.013467352633338855,0.004205922481611999,0.0034452740710068084,0.01641746862976853,0.004260585943666086,0.859059230068888,0.04551938377159566
C001860,0.004289345817790378,0.011104705555293406,0.006310587875922471,0.007350725734324491,0.7655237378836157,0.009762842011839698,0.015591278264469653,0.1800667768567442
C001864,0.001342583613306293,0.003128343981202299,0.02289096618501782,0.0018408745221974588,0.004929206928790473,0.021950775785417674,0.0019102737714154164,0.9420069752126526
C001879,0.20910117911395262,0.025337735806060562,0.32482487485065775,0.015343269517386762,0.03941254713157387,0.015121164687839958,0.10037854482207717,0.27048068407045134
C001880,0.0005834075838422236,0.0013530131702010212,0.0011684403259496527,0.0010266196057012505,0.0027109368240222386,0.00856044065366584,0.0013235402428755465,0.9832736015937421
C001911,0.6466414701349548,0.17949299288825638,0.00554287017399822,0.004267060986189443,0.011538551554019864,0.007845000730974026,0.13602519729171467,0.008646856239892527
C001914,0.010995307408095253,0.017547102289891144,0.14604097076266445,0.12686842243132868,0.035139449819883775,0.00846958348973039,0.12014658447602945,0.5347925793223768
C001922,0.003968522112243959,0.0036092306829549753,0.041861340828653164,0.917368999143727,0.017747373635913666,0.002111037839886825,0.0014264413045070592,0.011907054452113272
C001929,0.015673933108668815,0.06593766414355008,0.03495006341737991,0.03376281729981526,0.3007229915313914,0.09326616925447494,0.2428873926964992,0.21279896854822042
C001940,0.015017815842647084,0.023257583729575378,0.007882505822443738,0.3485993231975592,0.025436000786071285,0.007910499554459438,0.32221967490297604,0.24967659616426777
C001942,0.01539269168568141,0.4283521788529453,0.020113454551357067,0.0060495092310893775,0.40403165145663616,0.014037884590682406,0.017521026638222564,0.09450160299338574
C001953,0.003753351848770261,0.01205109875741802,0.005404483099547809,0.004552181838500513,0.011581628359228567,0.007998142740430467,0.0059100076120582375,0.9487491057440463
C001964,0.002164312248313408,0.0068842193997210935,0.0017635240243878741,0.0017200593886099256,0.009693800045540138,0.0020510111900773702,0.9144804392507798,0.06124263445257025
C001987,0.0015034999665180478,0.0016224084283377417,0.001203278337600807,0.013662298506327837,0.0026570807148065707,0.006125555711327683,0.0013945587335123023,0.9718313196015689
C001993,0.0005043699404051723,0.0009531945351864384,0.0009524355311673855,0.0022102109046123132,0.003687905919956236,0.002876191304867673,0.0016715086365307818,0.9871441832272742
C001994,0.003621491198217467,0.0025566742724417234,0.0009970211361519292,0.9528184461199913,0.0013677914153844984,0.0023504130981489963,0.0011219887197836814,0.03516617403988049
C001997,0.06293571088468655,0.012306884838734244,0.00562297097499707,0.005529572958119978,0.8416838135811862,0.0099652179520811,0.01846042081536138,0.043495407994833646
C002000,0.9322301926364983,0.007879615020135252,0.004339848199051986,0.0060200786591082306,0.004773047923174427,0.007923820196042614,0.007791657261595049,0.02904174010439405
C002002,0.0012252445205788672,0.0021219501669105132,0.001936710591278674,0.0015892803108699817,0.018771187215816425,0.0020171655160060357,0.0020406811359298628,0.9702977805426096
C002012,0.0032566802516122506,0.006422983631079376,0.011933371627115852,0.0079738503579744,0.018486233747762957,0.007642265022183862,0.007892888327494928,0.9363917270347766
C002024,0.007976589864856255,0.09479493382235343,0.00554731565241128,0.4101761402790242,0.33036608032606046,0.1141016747478218,0.009148210014982975,0.02788905529248961
C002028,0.012156135126073534,0.017851303220287832,0.04292085947129233,0.45480534808763534,0.019928192483522972,0.08221616201678805,0.007556197266072612,0.36256580232832736
C002041,0.6028327007499773,0.00538077707898944,0.0018037139817528337,0.3575704014685526,0.002430729471831476,0.003478221487598029,0.002742784680579555,0.023760671080718568
C002042,0.04216586755396611,0.02069159441430692,0.1038350057564256,0.009256181099542495,0.012759585553481455,0.7449096979457364,0.008234552924234808,0.05814751475230635
C002051,0.0036159134363776607,0.04782400870198933,0.07758338398178313,0.008117524035246931,0.03626838675025265,0.1408392658366227,0.016540644294267576,0.6692108729634598
C002064,0.7286792452902783,0.00971639028961629,0.003953218810067076,0.0036206292996670314,0.009599032676622148,0.00453630093885533,0.17485465914713527,0.06504052354775863
C002067,0.812977761167781,0.003924535549543323,0.03945971791094916,0.016979360003103197,0.002621599215118193,0.0033884631272035892,0.002394933086403704,0.11825362993989773
C002086,0.1387435684626835,0.7514309569284832,0.07128767001837577,0.004570624767589659,0.0074006828078718315,0.009705797023049958,0.005714012249098193,0.01114668774284801
C002103,0.0017675010335733731,0.005604677946521421,0.025619506244503914,0.0012229249703745197,0.05020158504116698,0.0010568711422372552,0.8980345673789221,0.016492366242700264
C002115,0.029222392223247788,0.032514695539147896,0.03797684231839097,0.0382302914903632,0.07647822593162182,0.03493914926095051,0.040893597291505164,0.7097448059447726
C002118,0.003849649049157827,0.011192732725950252,0.006169558056260892,0.0072653167113996995,0.8384753625287891,0.009329183110387782,0.016139039943021558,0.10757915787503286
C002119,0.025250426422610647,0.005764354216066942,0.8569978763560366,0.0565035806723297,0.005465036954215951,0.003918877081278445,0.0025449096426191633,0.04355493865484246
C002121,0.53076502659294,0.013948797805237854,0.007016620131828006,0.21107877289186075,0.009257217635383789,0.06669096992735966,0.008306174924880963,0.1529364200905091
C002142,0.013741628246425426,0.07400379776043726,0.005835912355878592,0.7807215375924098,0.009193381083660761,0.011591190259165933,0.006022095152558616,0.09889045754946371
C002172,0.016641247128123062,0.017049369222209565,0.007462004534714814,0.24135093478059913,0.6273208911896027,0.01044250144130279,0.016995575668302454,0.06273747603514537
C002173,0.7743507299586345,0.014920492586530222,0.008374514007763822,0.007587252748522705,0.11552594446632314,0.01106074087319046,0.020672130459635098,0.04750819489940018
C002174,0.001966867401958159,0.005391737579228742,0.0027235967521096697,0.003067073304298765,0.788694757229908,0.004751974952621304,0.0075979234535180195,0.1858060693263575
C002189,0.010857482753280688,0.21742514899004928,0.5533843945295759,0.01797804794942376,0.042357409442715495,0.020501444817264954,0.019651907481013402,0.11784416403667651
C002195,0.008919991547351526,0.6846703562002976,0.01575372864284704,0.014069473689588725,0.02792949623010878,0.02997527558072716,0.018622166538086463,0.20005951157099272
C002196,0.004902027655146296,0.24484384148870816,0.006767470479467629,0.004108230022409249,0.029748399303555915,0.007427735379215173,0.6303376811967089,0.0718646144747888
C002206,0.3581152834277531,0.013489311068730097,0.003852409457905903,0.003243972127641266,0.014365425909586336,0.004802179483593593,0.5054465110549754,0.09668490746981431
C002216,0.01315778091891946,0.2825030991713121,0.009806663958016285,0.3953913296855266,0.028900153329625818,0.01347097113511557,0.14610980293641407,0.11066019886506998
C002218,0.0019947276554083656,0.33638429901893435,0.002289819855604145,0.002235002168426054,0.08366425522515114,0.554578731582455,0.0061419931390785274,0.01271117135494249
C002238,0.2436783475887498,0.027377352571921743,0.01095513894636353,0.020507207609683536,0.030120176730139076,0.11319382115104235,0.20697213082736687,0.3471958245747332
C002241,0.032784096146887994,0.021761366916453855,0.0063669869866544914,0.005091138632253881,0.02355078345128482,0.006638774696450431,0.6549578996286445,0.2488489535413699
C002261,0.0038417241907181907,0.7747968885263217,0.004903583252421961,0.004537551941386048,0.02400696114122885,0.1616178984179878,0.021931050246361748,0.004364342283573772
C002266,0.008134583168561867,0.015076980363098975,0.007857167906710254,0.04081253737179098,0.6677532346408398,0.010926740152973471,0.013770562051556438,0.23566819434446806
C002278,0.0278156278648036,0.012567103168527202,0.00531287176345517,0.004516734033207138,0.009979124524462712,0.02783653074877951,0.00655578029710179,0.9054162275996629
C002280,0.007401242254628072,0.014639903927135513,0.019080983708107593,0.01772685338735223,0.041040326232185086,0.016330882234259148,0.018892210176858767,0.8648875980794737
C002282,0.6584143376354481,0.03937029140347726,0.003927887954766223,0.25726417187584,0.004573721682167809,0.010627786929795017,0.005271438771291905,0.020550363747213717
C002293,0.0020723712281058453,0.022100926581821664,0.003252476873847948,0.009644815789232384,0.014749157777162259,0.7470705436103787,0.009789326634713564,0.19132038150473765
C002296,0.02013095931779981,0.033155626176320355,0.007574410955963697,0.006590372692123574,0.015202612785135884,0.0677847414925217,0.008516566221155326,0.8410447103589798
C002300,0.2710836882270562,0.021490109829297423,0.007289827082131163,0.22030200912070214,0.010937191418078258,0.3873339357734634,0.009267551786270225,0.07229568676300127
C002313,0.003355902974817726,0.012912713246094339,0.005894140042613454,0.006745583588114101,0.010847922315091487,0.04848868240688163,0.006361552929201546,0.9053935024971855
C002316,0.005979733076762001,0.7459844411735653,0.009857650308973336,0.008487671206718068,0.09615423670316023,0.03786910199898226,0.04226133970868911,0.053405825823149705
C002318,0.6474991786906994,0.015625201399648982,0.009762425151536004,0.1134867066773645,0.011498992124698867,0.013425064079418288,0.01075007929901151,0.1779523525776224
C002331,0.003190664326713308,0.007787603952080724,0.001961032003888177,0.002580744007577897,0.003025862838731439,0.9507533160140135,0.0026188377520047746,0.028081939104990097
C002335,0.03478811387592667,0.03560423926295924,0.033842491279515816,0.03326248908993679,0.20602126602816498,0.07312615288503178,0.17618652825559708,0.40716871932286763
C002354,0.002619958964559083,0.011581140953158021,0.0029426650815505143,0.004963163041312516,0.006488572746660686,0.8526186428798935,0.0044036787079515735,0.11438217762491418
C002361,0.01015750804614005,0.0012224877244409699,0.0011849698863133362,0.001039728324462684,0.002104958747375489,0.003080767553664308,0.001589096777158916,0.9796204829404441
C002376,0.004219507103988023,0.06214615178480476,0.09858055666787195,0.007520949720882658,0.04353532980519874,0.01825019989992218,0.6601882854192576,0.10555901959807407
C002380,0.005014175980564505,0.003893519634922391,0.0016364463595585554,0.9344411019451141,0.002233450944827921,0.0037200645126303435,0.0018069150494797622,0.04725432557290256
C002382,0.009446312801913504,0.029139556477188678,0.017003411661999913,0.040268619728599776,0.11457128951446723,0.1122420759421192,0.08089751355802517,0.5964312203156865
C002388,0.0011955753539823896,0.008475136595930322,0.0010302431719702147,0.0027036116590520988,0.002319529675780344,0.9669778388931465,0.001965832090354668,0.015332232559783535
C002389,0.002712021642841108,0.005139541927699196,0.01473433401492968,0.024993696589809725,0.010231115475449715,0.005070761764510437,0.004005978382182916,0.9331125502025772
C002414,0.0035214634719103804,0.006679850469338198,0.009229018184347442,0.008384065478826218,0.019812693537021142,0.008065505199828488,0.008311753897330954,0.9359956497613972
C002421,0.008689119927378723,0.010185723895868196,0.0017682332001165372,0.001688926032311328,0.009315521341381944,0.018675922906553618,0.9342952761058991,0.015381276590490659
C002431,0.7803045162163651,0.007757216735774762,0.003547907513136263,0.0032974352780434546,0.006449860751391368,0.005203916463101718,0.05464399547506026,0.138795151567127
C002448,0.002916597968599585,0.02194432647800286,0.006601123026601981,0.016797888701245427,0.011499249970891091,0.021009479261573923,0.005509887428314661,0.9137214471647704
C002451,0.00830832948506621,0.03391179362237846,0.37949294282536566,0.023290596665013815,0.023160697221186556,0.45068749407757674,0.009250071945891671,0.07189807415752074
C002456,0.006937172482139807,0.023968788136514194,0.005642669620512408,0.057081511692062166,0.010438223046108754,0.8104499971803704,0.007260223536703956,0.0782214143055883
C002460,0.004678000077210948,0.008260834601192545,0.5656355200955048,0.010207480877919324,0.014528547983525323,0.007709719117702434,0.005732395906140609,0.38324750134080393
C002462,0.011554304531925982,0.014832166333370663,0.0036411694516530896,0.7197810742715062,0.006839583353125924,0.16372105476714396,0.005152461073384494,0.07447818621788964
C002463,0.20391048142235185,0.12993454836879856,0.032642291020344126,0.08825584713456552,0.06540989681629865,0.17116644180247834,0.04151568513647708,0.2671648082986859
C002474,0.004679192952191027,0.010557827198488608,0.002009999327011338,0.0954496529442882,0.009698638768897419,0.002344448367327661,0.8296086542361185,0.04565158620567726
C002495,0.3978168330159167,0.008278940979719181,0.0027357055902076763,0.3857895231507773,0.03261076760011125,0.0033321617354527657,0.13789114554911294,0.031544922378702205
C002499,0.1411294178734489,0.01624215811948762,0.07331310490428805,0.42344651394557736,0.016463179455645793,0.19743989991458225,0.006225745682241949,0.12573998010472812
C002500,0.010346784538786357,0.67209752802024,0.013611198091732493,0.012576780657586167,0.0288128142374813,0.15228810569516554,0.019551477262574,0.09071531149643401
C002512,0.10089733838467195,0.34548458562111284,0.0044189238625109,0.002592891513883907,0.08462713611059396,0.005667072381787145,0.43849926308450565,0.01781278904093352
C002516,0.0014590958228032844,0.007237296951558101,0.0013066923532776983,0.0030979335683829962,0.002997065888748591,0.9452879222690516,0.0023892821335778887,0.03622471101259997
C002522,0.002712744878864269,0.014872092188768815,0.0025595200307144727,0.0032917931792015727,0.08811797789850351,0.8743930833215708,0.006438007162042042,0.007614781340334585
C002526,0.009219551965624798,0.0195319165542621,0.0024597013890538238,0.7040798909176362,0.10017520042413863,0.03241079211624865,0.08256745432606524,0.04955549230697043
C002528,0.005358697851668179,0.014193868779764106,0.003059632879779375,0.0029850796984852816,0.06746305026669017,0.006763251493145858,0.02768037822628035,0.8724960408041866
C002544,0.006298524537749095,0.017346704128311137,0.0059395380854173705,0.12771511296058588,0.008003835520625661,0.7280694823741295,0.0103390264500075,0.09628777594317373
C002559,0.07844351523354616,0.021791452185787676,0.6227507259106526,0.019398793187626617,0.02870455108483353,0.015606514693218124,0.01744123658739582,0.19586321111693963
C002573,0.011193126423997175,0.17019612797366357,0.3852715897060276,0.02285605845178919,0.04498669352186018,0.02185857561142056,0.01927260404855806,0.32436522426268355
C002590,0.0018470086236269838,0.0010623697759630409,0.007724056213447056,0.0055770627799119335,0.002289657758621242,0.002106362509299475,0.0009295681036638697,0.9784639142354664
C002594,0.013773004397573042,0.0175520892954755,0.007371603261951752,0.23785124194701115,0.6382593994701972,0.010202972816977539,0.014611353058985437,0.060378335751828396
C002610,0.008971335323539137,0.3274270529818746,0.10025814195435494,0.4257223266980644,0.013827097216911615,0.011635863002564124,0.005698877903057902,0.10645930491963332
C002611,0.006400106608964337,0.43044229984408694,0.006262195246630913,0.015688401057791967,0.014022357670414105,0.08922078930506323,0.007969232952699707,0.42999461731434874
C002620,0.006330554130837638,0.017569025882894905,0.0032712710957893834,0.15749248907050076,0.0485182006308135,0.7332274861111562,0.011129409060579014,0.022461564017428687
C002625,0.002459973566874167,0.9079455287507128,0.04648700692880825,0.0026786527787633777,0.007385381755030157,0.006201241857152203,0.009089664175301253,0.01775255018735781
C002629,0.3454523425113314,0.008227171392377025,0.006116775454875192,0.006785669007234194,0.008866764796976432,0.010154392249802168,0.012051518531046817,0.6023453660563568
C002635,0.010448518112697367,0.9066380101239979,0.009585151332946473,0.010507721356659587,0.016417355784504286,0.020237255728157,0.014647314598243942,0.011518672962793611
C002636,0.0007614676416487487,0.0009704833221832511,0.0008782870304080413,0.0016758538915010283,0.002178029762244977,0.003978857442543663,0.0017471954834579885,0.9878098254260121
C002644,0.0015312478556936085,0.009976208039270814,0.0030963714513429267,0.0024034269114921306,0.006911116439662545,0.011181963240027541,0.0031303338248348522,0.9617693322376756
C002647,0.011387418574911634,0.015660929741981185,0.005659212381524602,0.7211922593250457,0.034325221260554616,0.013949871016175038,0.006758432137656728,0.19106665556215052
C002653,0.01142728276033446,0.05439409409116264,0.01923091006335926,0.022614617901214887,0.18155594947324646,0.43957399155491994,0.1558016588273217,0.11540149532844066
C002660,0.005455704843506404,0.9012873536337194,0.005341442060705121,0.045280463093441845,0.008999181057676059,0.013028660469609842,0.006751372518869632,0.013855822322471721
C002666,0.006056995215611691,0.015054187325210985,0.028699682828737656,0.015457914819498368,0.0124396998878912,0.026015807113364257,0.004987451482189779,0.8912882613274963
C002686,0.009870234658071343,0.32831483797991967,0.007235245191877011,0.15561547385052032,0.014709749514701524,0.3907499247491234,0.007342944301513474,0.08616158975427327
C002687,0.36902405253937387,0.03883213265833225,0.017303252992900576,0.018258300105035364,0.02923446147166569,0.3537281960146178,0.026717051124437643,0.1469025530936369
C002688,0.009391157018419662,0.014342299454241082,0.003120710773567149,0.36606055159569245,0.012348334761432048,0.0031997224865269844,0.5215377467575386,0.06999947715258202
C002694,0.0027125302732946446,0.07925583220704142,0.002783090835193806,0.0034606860052629556,0.006031231198044876,0.8792577869285957,0.0044912053898832896,0.022007637162683193
C002699,0.8431329433189708,0.005853242044550633,0.007242694702727644,0.07141087584334975,0.04278708533127359,0.004585452706596711,0.005423993648766775,0.019563712403763946
C002715,0.12890610185923643,0.4632347587799842,0.11525644441582161,0.007930486579536291,0.026760335091769036,0.03254572525334548,0.09611979696205437,0.12924635105825277
C002720,0.005205850135320888,0.6408495039990569,0.16915634438743854,0.008526926583463356,0.022982502775108212,0.08377418214997306,0.018400338553462892,0.051104351416176086
C002729,0.09512730899198873,0.00920341912776729,0.03581006070147401,0.006789543177300989,0.015547930547808663,0.007534960789321714,0.02925840386415696,0.8007283728001816
C002733,0.00927968138976709,0.02398395898559414,0.005690906077134082,0.3267718853466656,0.11223660039945639,0.4843439305748427,0.014317138914819668,0.02337589831172038
C002746,0.0040114572272526875,0.0157182259320027,0.00664200889557173,0.00533520885517166,0.029132901335391783,0.006894553502669736,0.5569243085520469,0.3753413356998928
C002747,0.5417159564445732,0.0381201000272966,0.013495746427191648,0.01295292661729224,0.02490244343770731,0.01842455038418175,0.08781584900688569,0.2625724276548715
C002755,0.01213563492759278,0.1274966151772208,0.0065617054444405635,0.7455642700368539,0.033705979719778706,0.010054732936699848,0.027332662458314606,0.037148399299098835
C002762,0.2924997566799029,0.021784233143240597,0.0605148567960216,0.00789908959439446,0.029900863132638452,0.007373958363465456,0.5319459489691701,0.04808129332116645
C002775,0.004384611964063798,0.10499838446048242,0.034915814391009235,0.009579110774948415,0.018572644301886456,0.09342809225183817,0.007219488727292005,0.7269018531284794
C002786,0.004345937744211677,0.8481000657991732,0.00604262671190039,0.005919062495242409,0.010885681769358623,0.01591996671100063,0.007929285078201447,0.10085737369091184
C002794,0.00353267942277591,0.02195483070913547,0.004577113775438098,0.008490844381941157,0.012249577272216705,0.8290335395618237,0.008924105349157677,0.1112373095275114
C002802,0.010784355233730208,0.02033380179274337,0.029366251491093353,0.2681242341978814,0.028182993537152003,0.006269396899706765,0.5275697516937639,0.10936921515392899
C002820,0.25373690120849246,0.028141711736284804,0.00835459120999678,0.010252004394556431,0.013939664663806129,0.6189670590169192,0.015695387616410785,0.050912680153533486
C002821,0.30289205566038097,0.02732703729171341,0.008635786235655462,0.3750952477547122,0.012760183790609392,0.08952739210499013,0.011001359438866246,0.1727609377230723
C002840,0.003777415135540062,0.06729138225082967,0.006484691580980252,0.005028457395551052,0.016849919918176345,0.06119791304341575,0.009306767557964016,0.8300634531175428
C002842,0.0077221613988722295,0.01950192225724269,0.006152077536234312,0.009142176506571884,0.013388933135500977,0.7264134022226736,0.009859371568985358,0.20781995537391898
C002843,0.2295502651391404,0.1718582129587781,0.009704387294752436,0.10345787345874365,0.02588007621432687,0.1778300015595255,0.15654966445969887,0.12516951891503436
C002852,0.0069015390428188205,0.020071007122521224,0.053951778552827824,0.34273050374432024,0.023572761923451313,0.15327748512261563,0.004009939571034543,0.39548498492041034
C002853,0.010890778738475052,0.012006925187209149,0.5078726538937827,0.361366651520196,0.01184961762393488,0.006753107824989174,0.004839778254419256,0.08442048695699376
C002885,0.007526963258314442,0.03033823299508653,0.6533003953680321,0.02211494747108293,0.1263937239493486,0.037883648151086864,0.07183594085485775,0.05060614795219092
C002898,0.007231212484656835,0.14621217068608736,0.0028410147645381405,0.6426371700096759,0.004323116213230466,0.18220719300110846,0.002865033200100302,0.011683089640602651
C002899,0.0048603569415915406,0.012272174681994541,0.010555964549349792,0.009207610145433507,0.07341716357249828,0.030957561546960013,0.01950465733946744,0.8392245112227049
C002900,0.01159238110564531,0.06245839962403485,0.019087801900523844,0.02451665343568852,0.17685793717304268,0.513082453241922,0.17109046722573107,0.021313906293411646
C002909,0.0034782760009679967,0.0075650849933179545,0.20553313226014544,0.008783548023762687,0.014999478743797472,0.007420495067425607,0.005963816970673546,0.7462561679399092
C002940,0.013379280799951185,0.01465160471563736,0.005334205552864905,0.6158341663139798,0.28729837747246945,0.006600113761253752,0.020393317017140308,0.036508934366703216
C002941,0.0023476837352118573,0.13704944348516843,0.0026532918553418758,0.0028155219014052084,0.009024312908702491,0.7917805428963012,0.032212118397881344,0.02211708481998766
C002964,0.0064022465841802505,0.5211266412706379,0.010268743363472686,0.009526385021353168,0.020649107134836187,0.022640019944066985,0.014657849379023664,0.39472900730242927
C002971,0.002512479932241407,0.0070849259938334675,0.004588535531024112,0.0068041041402296994,0.009018612283559789,0.10614716084152132,0.004569267086020787,0.8592749141915694
C002987,0.7526989562093547,0.008060042340954782,0.043443524785541525,0.14317862434415263,0.005573010562078293,0.006384616125345875,0.004894304738684706,0.03576692089388744
C002989,0.0016590693584413257,0.002742682782757317,0.0012000441718283124,0.005175397207573941,0.0027321122625306405,0.0014084962435422631,0.002628630104054089,0.9824535678692721
C002990,0.015016245629252656,0.01052695416113633,0.11737908707546375,0.12444461277582693,0.0604556106459204,0.00891971368418276,0.007734685188213929,0.6555230908400032
C002996,0.0016606309803348337,0.008645120630911505,0.0024074994154050975,0.0024452574693357245,0.012762959304401047,0.0026820173457926238,0.9071753299192561,0.062221184934563044
C003046,0.0057481718370206505,0.006023227738635959,0.00786389312238272,0.0070665741675727915,0.015989478931432814,0.007308799836561271,0.007697475284364284,0.9423023790820296
C003054,0.008282111890501466,0.016836879351190957,0.021694275837235284,0.02122777629357353,0.04879164567400676,0.019064743676903837,0.02177630748033877,0.8423262597962493
C003066,0.011243480537284219,0.024860315494547768,0.009603169884063225,0.16602044537790964,0.5651365095964107,0.10807319018152504,0.01768347065410415,0.09737941827415526
C003073,0.01873114607176594,0.040465948952415925,0.050065217783062034,0.05058762781997285,0.107593749280742,0.042550479193287014,0.05135900371263594,0.6386468271861183
C003079,0.0027711885349481656,0.30597164727905096,0.5078374949027158,0.005076158329448558,0.04884222790388745,0.08749656556234843,0.004967546358951241,0.0370371711286495
C003086,0.07751842426276478,0.01966297848926623,0.16316735182433892,0.011496716889902763,0.6332953225235978,0.011109467687052265,0.018120687665345074,0.06562905065773218
C003098,0.007090901642864216,0.022281473262274216,0.01707638848015758,0.01571005637346553,0.03542465450163197,0.016250558651826987,0.01639426333217917,0.8697717037556004
C003108,0.005240980768057659,0.13911222205945165,0.004689019959154183,0.12285408582539084,0.2505296527736863,0.43206697130235305,0.007887458237979072,0.03761960907392719
C003124,0.002139807146524725,0.00582466974660779,0.011041407936974574,0.0032372516322835563,0.009413557309903451,0.04306828351338094,0.004286634246622339,0.9209883884677026
C003145,0.002337333633862604,0.000882713526171329,0.0011024252176988641,0.002125620823273859,0.002144732572852256,0.001310528512836036,0.0011037870147724649,0.9889928586985325
C003146,0.003158582550493184,0.010042920952332337,0.005246852948411574,0.004677701347312354,0.16151378193825913,0.004455864469288051,0.21635848189216506,0.5945458139017383
C003148,0.016200584770699474,0.005378397818453847,0.004361386031101134,0.026074411436846908,0.007019082031096379,0.031159957689338692,0.0035475381654730036,0.9062586420569906
C003154,0.007472719461420331,0.1678100723469839,0.00948332967196298,0.0059856980099302565,0.1574984702174847,0.009277105297376088,0.10563318766436758,0.5368394173304741
C003160,0.0021894044253689235,0.5054821943188647,0.004369589108272668,0.0017989034813429999,0.05665417002729817,0.004141187393694847,0.41050945798922495,0.014855093255932822
C003178,0.0014866561803125102,0.008804194396171224,0.03912837183447347,0.0031237012223210305,0.8494574534965573,0.03655104086053129,0.027322280171375463,0.034126301838257746
C003188,0.005012125184124364,0.018496918212144088,0.006364525645770957,0.006559472414213451,0.7783051986928228,0.1041937076872291,0.01593221979637009,0.06513583236732509
C003191,0.0029988388080417587,0.44120526755871675,0.003528208301683315,0.002094488672511663,0.01830140874184837,0.004478247195262901,0.5137047900442796,0.013688750677655652
C003196,0.08185147070784946,0.11517924764948147,0.0038343867548003125,0.005700533607487699,0.014377178788822649,0.004750943210704677,0.5860628955063532,0.18824334377450078
C003197,0.004288200003516424,0.018210459544088595,0.2801391995550075,0.005407501878069302,0.03197171211945228,0.004244067716303401,0.5858261711998219,0.06991268798374048
C003210,0.00262868972505868,0.35593750952296893,0.5120586004349493,0.0036572286461460245,0.020161814024809023,0.0046620764117610595,0.08258959326563188,0.01830448796867513
C003211,0.0047672980666637246,0.012782625794308382,0.008016204391424055,0.008902903950536781,0.6823353216611652,0.011454545021163822,0.0170827857431214,0.25465831537161676
C003214,0.006020762410030611,0.19525313325086055,0.009533738086156285,0.00881085383295729,0.2025214571647033,0.4979735816098808,0.014411623376167268,0.06547485026924378
C003218,0.0031379981980387975,0.00802452392096095,0.7995878351820381,0.006728885347018341,0.04883694436623318,0.0052131500131707455,0.005339956592635047,0.12313070637990478
C003234,0.003187105660387608,0.010754009739073526,0.0039212036750243375,0.0050767244695488715,0.8186996761804238,0.004500450698886169,0.10371040610227959,0.05015042347437587
C003238,0.006988688463298312,0.03126825609293573,0.012154905192272416,0.45371774943167015,0.01504967880308446,0.05209211042684,0.1617618691449599,0.266966742444939
C003246,0.0025601437910574795,0.0098358029635443,0.0023543999858055206,0.0069397414623031265,0.005152304328406383,0.790347215026185,0.0035452261016819895,0.17926516634101608
C003257,0.004374078842586155,0.010809861950546975,0.010494990082841858,0.009463296563405357,0.022684979255583205,0.009984611204010663,0.010066687461816779,0.9221214946392089
C003266,0.020743669136746655,0.010745143381268581,0.08145501993318695,0.003062970028184069,0.016098673834368794,0.0025142283506079735,0.8363446763365489,0.029035618999088065
C003283,0.009775029565230946,0.466528869401371,0.01819157627082809,0.017778480494396662,0.20803421586769333,0.22563314710960933,0.037218669746446095,0.016840011544424625
C003285,0.09740179832540208,0.430928401310679,0.010616994319739143,0.009683321774091154,0.019367886892093563,0.3813701501665695,0.013858042706584766,0.036773404504840804
C003294,0.009682619262959732,0.015283252385723494,0.005737713429250945,0.16663038353209575,0.7374002760607574,0.00853843320825865,0.014116373250474648,0.042610948870479434
C003302,0.002254583407864639,0.028871692345159128,0.8620731492026766,0.007297351392632657,0.04172292970246718,0.013528321788083303,0.022630823587679507,0.021621148573436746
C003310,0.13697437336212542,0.01927950477975,0.008516345396976443,0.007743944954160514,0.029486488722731533,0.012245206975830722,0.011771682717084576,0.7739824530913407
C003322,0.8939968035581298,0.08349111828350692,0.002190111726061987,0.0017973119744244515,0.002677299462331277,0.004423272407604184,0.006713142000075094,0.004710940587866039
C003325,0.003527769767701341,0.004999971333413963,0.005961728889423256,0.018405071292565925,0.011040532529561282,0.006287448969413151,0.003785671308266676,0.9459918059096544
C003338,0.008062164177195715,0.020469720185352768,0.1254542796508636,0.01388770084478058,0.475222285442331,0.013210761658213804,0.035959859397372576,0.30773322864388997
C003343,0.713544366769991,0.05479604806045035,0.013890968996929112,0.014626410737748778,0.0186718451286841,0.021898114096913415,0.020140788036119836,0.1424314581731633
C003345,0.0053389910476934355,0.15304304820069084,0.009213671784031463,0.008346221168122218,0.019274021514465726,0.008808384806075016,0.011391827243249374,0.7845838342356718
C003347,0.009354033311032718,0.031909317071419196,0.017944670179649708,0.017167942115765198,0.12435154873713994,0.12661042478453596,0.09439740659564018,0.578264657204817
C003355,0.039936220949464155,0.4541792297296293,0.019650540315315962,0.014861668773148503,0.23327428727349084,0.029669353540224118,0.030929297947373775,0.17749940147135346
C003374,0.0326320473638179,0.14395689660563324,0.04112449284780712,0.2864757369950994,0.07555514913002652,0.04671198292616457,0.04350618727473854,0.33003750685671274
C003381,0.007001668827530236,0.004896536582459855,0.053876559289978684,0.9091103499117617,0.0017962381079615133,0.0026987449702994748,0.001357392572498668,0.019262509737509925
C003388,0.054402975028563526,0.061464268182708726,0.01048698660013082,0.011553342295135228,0.6135628809338036,0.015490188598433456,0.01983321135049346,0.21320614701073098
C003398,0.00521934767884992,0.12407098496895527,0.005991071438033382,0.006493848900891974,0.012887218265245972,0.7380026161071029,0.008211972753433527,0.09912293988748694
C003403,0.0037702118841228954,0.0026259543049503634,0.0010669872473489726,0.9285103000071833,0.0014146855575745592,0.0024718023598112654,0.001009026607543613,0.05913103203146502
C003414,0.0028039147839462536,0.5101985694997677,0.004434589003029638,0.003390914540873712,0.0213912285094614,0.1729982205929467,0.27109692918768535,0.0136856338822892
C003423,0.006501405081620477,0.013579030982890433,0.01520939204835181,0.013986517102054166,0.0363311551256108,0.013616138591099678,0.029249771998595322,0.8715265890697774
C003435,0.3301388151700812,0.013561598304583778,0.12544820606805612,0.24119700315789033,0.014371316362667485,0.011609733116436777,0.008577711337537423,0.2550956164827469
C003455,0.00665793129917047,0.005762961096713414,0.0027885520261425674,0.8400925531133601,0.004183546059332428,0.00564546648287484,0.003053793768897708,0.1318151961535086
C003470,0.3918695403773748,0.2852878843285055,0.020973646905572713,0.019963641404722076,0.03130897833080229,0.029485336457516154,0.02877125569011498,0.19233971650539147
C003479,0.0036738319987932337,0.10632436303127057,0.7453966730615644,0.008572856253438559,0.015737565183519833,0.08325584554469606,0.005862801865616203,0.03117606306110113
C003487,0.008875340396712592,0.1271768460372878,0.00807011233299005,0.11611185965639707,0.6491850722694346,0.013305475277715967,0.014442818499056969,0.06283247553040491
C003490,0.005849383848184867,0.01862456733046432,0.8135955426680381,0.01580020838420072,0.028583705548535777,0.02496193946074181,0.019292676891879728,0.07329197586795463
C003498,0.007013178502053647,0.049779869577951275,0.022529309946202437,0.02407982157170532,0.13330794309029215,0.26998544386870105,0.1269276667656211,0.36637676667747304
C003516,0.27883007117959596,0.007704710043654443,0.0017386423952737771,0.05040856971910917,0.00647820439634738,0.0019127490792941325,0.6443709687298852,0.00855608445683991
C003544,0.3418739857626439,0.00933940017441843,0.0015380367436975885,0.6297311968347309,0.001522301833651445,0.00248989835724512,0.0018439846460833159,0.011661195647529333
C003553,0.004878203790958674,0.013026173312282858,0.6539635754422147,0.008691439069337692,0.26586609694130126,0.006590465434982074,0.011111880689213132,0.03587216531970946
C003586,0.0014750914776885565,0.0027662473429830073,0.005687941745225753,0.0025944859589165903,0.03967889910566657,0.0024924302198894186,0.0031839930713561545,0.9421209110782739
C003591,0.00013038810412422235,0.0005023355746580061,0.0005595984441490956,0.00028981080098158536,0.0018345243506576474,0.0006458129945466983,0.0009624387380186663,0.995075090992864
C003595,0.004726815687813998,0.005550328335526979,0.004516071978013266,0.07713602102726862,0.008515507592283152,0.00659551209433671,0.0045174992800223164,0.888442244004735
C003596,0.005946239224271189,0.31797730452397466,0.003720269867179509,0.0036182823425070423,0.008201928183775218,0.6446626339602233,0.006408826030402885,0.009464515867666381
C003597,0.013520286460571665,0.012582660056502628,0.005647834376098128,0.7177262502888591,0.14725534859008124,0.007903173766301773,0.008372257243645534,0.08699218921794008
C003624,0.017332546297840014,0.0820747256442246,0.03856984950423904,0.03973235976020071,0.08604471092419429,0.15062995177925567,0.05160503066337425,0.5340108254266713
C003631,0.008023742140601425,0.6448445072038395,0.006812870938338892,0.061865780392133585,0.021711471198171375,0.010774593484829046,0.16340426736908714,0.08256276727299917
C003640,0.0015051739450278856,0.09996018564557817,0.0034046690550833484,0.0024516782559677107,0.5111039974425222,0.08070390636672303,0.2465784109369167,0.05429197835218103
C003653,0.011033956875911181,0.03919395855761299,0.010932276907951058,0.1484075194544243,0.020274664329550666,0.015261817385785414,0.011404603889245747,0.7434912025995185
C003659,0.026354861450359528,0.015294133037853134,0.5640717416688283,0.004384740797797971,0.013117826819220855,0.2723127976464299,0.03283553549239445,0.07162836308711587
C003660,0.06231211556990953,0.02174638542853671,0.01147993027234232,0.600471764590123,0.03587125269868831,0.02732501923671718,0.035559000447012226,0.20523453175667072
C003663,0.06283156375105436,0.3066000992563543,0.03500874711003299,0.0323322150722051,0.10927749956453105,0.08763884825082803,0.07009402363485097,0.2962170033601431
C003667,0.5497047944082263,0.41746153985571316,0.004238538142025318,0.0029660138411853054,0.005305177445012965,0.008226565465399115,0.007443367109601734,0.004654003732836106
C003669,0.648606036783072,0.020690104493489805,0.008815233449552935,0.007239762727598424,0.015560760232836441,0.09262052582084394,0.11834442171873769,0.08812315477386876
C003676,0.016507355472767948,0.02646123237488137,0.008710291695405816,0.6858620774433091,0.023296830573219903,0.006410737520421393,0.006261033096853666,0.22649044182314082
C003740,0.4188808843457123,0.06017831604875896,0.005695277200073221,0.004986779528229626,0.01616822089579179,0.006526506299642709,0.46815848071291466,0.019405534968876557
C003748,0.008912951257898384,0.012815121652250436,0.3297401588780777,0.45085276283301134,0.014554664276301362,0.006518205910949016,0.009710491781869368,0.16689564340964233
C003754,0.0031325650761510376,0.015702286185137793,0.0028727413621060763,0.0034350232132366845,0.11282913683878865,0.8360922395002256,0.007758512533946658,0.018177495290407592
C003764,0.058280894525835354,0.11537313756655819,0.029282802861835894,0.027023911714157002,0.05961276050284236,0.03621634121341989,0.03476932847723074,0.6394408231381205
C003765,0.00418916571186339,0.009743279046225644,0.06871237133050132,0.28430452514260934,0.27502059563800446,0.003174788481614626,0.1864462634572627,0.16840901119191842
C003766,0.00692936990013424,0.006646120755112767,0.005191581644590731,0.14190751445979494,0.008857943004808603,0.00761265388209156,0.00473873074104079,0.8181160856124263
C003806,0.005078438789323737,0.06482324335412465,0.006881926350979585,0.007546952474337993,0.024606675714307674,0.08849930492313812,0.07438461717526904,0.7281788412185192
C003808,0.008035474698259206,0.01626823616907128,0.021164290439328697,0.01981810630046013,0.044779135854662845,0.01797744969377811,0.020227325102824174,0.8517299817416155
C003811,0.001613653103894454,0.8832145621164194,0.0021591730401876105,0.0018012824092725973,0.007827000174728385,0.042162912198875364,0.05636233962555211,0.004859077331070239
C003817,0.7168688866600919,0.009623457073059548,0.004695694555659586,0.005267299686874586,0.006096244367948463,0.040043627750925424,0.00786360477768247,0.209541185127758
C003822,0.012886339434866535,0.020359743562635608,0.0050253667781541105,0.38462580074759184,0.009279601191742873,0.4151163040147373,0.006207722195337691,0.1464991220749341
C003831,0.00895887110187463,0.0023729596147152605,0.0012162405170223756,0.002023756141168171,0.004022696181308615,0.00954827397799776,0.005791484732022143,0.966065717733891
C003887,0.006957972060641964,0.7373136931775894,0.010895153123694011,0.010717226654819006,0.0211044989187857,0.02533648377300078,0.014708839121839908,0.1729661331696292
C003910,0.007862680500533218,0.010665015966179239,0.0019066318002838277,0.7459493913305679,0.0035261459592145273,0.2153911453096184,0.0023738565965780675,0.012325132537024908
C003919,0.0017710857629256596,0.03730365845218571,0.001697743913937019,0.002208139330363415,0.00379351410143659,0.9015369035600257,0.0027392332494523414,0.04894972162967356
C003920,0.013490464470646168,0.011340498684484685,0.014011571811470462,0.013274377720612178,0.02737678561591383,0.013398645698784234,0.014124486783153225,0.8929831692149354
C003924,0.02210803666275149,0.01718361566835486,0.00220892306927297,0.0137254734418128,0.010928727050145508,0.02862741379119765,0.07614097907875811,0.8290768312377067
C003928,0.013093454777158915,0.00467006041086184,0.9022138789064026,0.0027847954866254024,0.026525431646844448,0.03737928164467683,0.001903284752755858,0.01142981237467417
C003930,0.014066334099707601,0.026860443931907167,0.008608079566253455,0.439601837096276,0.026192176995270145,0.04599131230803272,0.15180432410588932,0.2868754918966636
C003936,0.006620736319376185,0.057750096192973,0.6039305486740174,0.23355579561825854,0.010206103323006133,0.0094429468166571,0.003521717506851884,0.07497205554885973
C003938,0.0008525520930259887,0.009556731633298116,0.01156607651869094,0.0013110990037561857,0.06802551912480923,0.03829484053310592,0.862995144605604,0.007398036487709575
C003949,0.011470041491762272,0.0311182004921383,0.021298749983823986,0.05693446470443292,0.02709555074282928,0.496055131011391,0.013737384169172487,0.3422904774044499
C003965,0.010260230722493657,0.2423486879260887,0.47838418379590536,0.01229155552754598,0.06856364318839156,0.023262629993740975,0.05792407097826231,0.10696499786757141
C003980,0.004966635252492813,0.048068187487177796,0.00902086698303523,0.007660380880310854,0.06577429978826362,0.01256117297833175,0.5482108310839359,0.3037376255464521
C003985,0.005948606421889315,0.10508463966551783,0.003936296654664147,0.1742899123872309,0.017436036392411397,0.0046732739995788,0.6278356407799839,0.06079559369872372
C000013,0.004545426647953703,0.039327633072919956,0.013271135278165654,0.008436683532151303,0.03294035327279863,0.3335035867453701,0.08290222060698328,0.4850729608436574
C000032,0.010984212852069741,0.4028947222563458,0.5265762638555419,0.008073526233776078,0.018005434048445037,0.015964678821492082,0.008001674995955688,0.00949948693637368
C000046,0.014462390317672803,0.017027353660619783,0.012456641311685883,0.383927189527798,0.021811556845266047,0.015510962476213436,0.012272676602158753,0.5225312292585854
C000049,0.033962781189701356,0.025954154335097603,0.013617762068867945,0.684190937750331,0.041297020591483255,0.031155051699064358,0.027758239039959054,0.14206405332549543
C000138,0.0033138407940203813,0.006140174884746055,0.12338348000859263,0.00742253217529233,0.00890070736560506,0.004211746247870032,0.0051757509378590515,0.8414517675860145
C000145,0.005483493993384716,0.031552721292896324,0.10471123781421379,0.008452799595719315,0.03145612598014604,0.19345021953661581,0.5315859894761311,0.09330741231089278
C000151,0.0092577034823604,0.14926387679814965,0.014914823505312149,0.01158969059263382,0.05988815717816979,0.013511708074133643,0.6239218080107124,0.11765223235852824
C000199,0.04064219298491503,0.016622172765361938,0.009649679394779002,0.16867304497907493,0.45418777570510993,0.013410367496409616,0.016936753830693513,0.2798780128436561
C000256,0.004718636670574725,0.9115380049088203,0.0064167977286075885,0.0069970638314211814,0.012891561246810429,0.01537558594133795,0.009527603101933093,0.03253474657049483
C000269,0.16239930717801573,0.03443239686008389,0.014289808302699738,0.014321821873375622,0.21436776901849525,0.3036130360157518,0.08292443446835776,0.17365142628322033
C000301,0.15538567660294872,0.21980947716848884,0.08694338499718143,0.1732269729644563,0.02776844084754963,0.05583435139857637,0.0159526171623043,0.26507907885849447
C000329,0.7256563311976608,0.010448796579984782,0.19891007398858854,0.00787642491796698,0.009051032789847415,0.007944806003690677,0.005991614378172331,0.03412092014408844
C000357,0.00580228222890162,0.02012026359577697,0.007579045363154353,0.0286049139609826,0.04745775107791216,0.009995186277013296,0.5862425042435273,0.29419805325273174
C000362,0.003063619033675421,0.015751304103121887,0.11628684414787309,0.005479989738159811,0.7147358033155315,0.005032540147248072,0.07949749522920076,0.060152404285189386
C000370,0.2472317354151325,0.02041380515705336,0.0072646187604340755,0.005971326116273194,0.4192728646595708,0.08820806505312632,0.15136133311173625,0.0602762517266735
C000377,0.019212840365504677,0.012381866811386907,0.008318336760102239,0.011327557444635115,0.060551150733064635,0.013618230816654892,0.017851882151213166,0.8567381349174382
C000409,0.012018696573833365,0.03528024797833867,0.019687404702397257,0.021448677944462462,0.13176122454540565,0.4979964990715873,0.05376405149107938,0.22804319769289594
C000451,0.012680654420723986,0.12360581064575872,0.027630517861927422,0.02255452929834674,0.3141137491039833,0.1024603318967353,0.2900900227352093,0.10686438403731519
C000466,0.0038511556145056176,0.0160935402692996,0.011360673156683194,0.00547277642701169,0.027442734054346125,0.005586885818268138,0.8047996802028894,0.1253925544569962
C000479,0.8897451249052492,0.016907719585318885,0.00721720650375315,0.00995464784914781,0.009854280591196942,0.013352663023899685,0.01577504700978156,0.037193310531652965
C000483,0.011100368562781376,0.38354473843028186,0.39364036342122627,0.018445457203747753,0.047762211881668626,0.030004955875156093,0.022499999246912865,0.09300190537822516
C000486,0.013314526896290861,0.06881392914480536,0.029877469677365855,0.026124182918731757,0.08523127494390245,0.02804375113395178,0.13334354404421606,0.6152513212407358
C000487,0.7038080372248484,0.03508974902612457,0.014808918748208375,0.016396585661649057,0.020918797532319892,0.015871853554240957,0.017668250716462493,0.17543780753614616
C000515,0.005752500908068376,0.8115581365917761,0.007952060216529262,0.00991097803184151,0.015534495350555557,0.09438093185509899,0.011417209999186533,0.043493687046943647
C000562,0.005334726512133575,0.297229547434713,0.07786785695702052,0.0106691732850411,0.02727356778962305,0.5514084106576485,0.0178434800506457,0.012373237313174594
C000565,0.01057287012280277,0.4413840861479867,0.016816479091869087,0.012094798606025511,0.4281807344317701,0.022640283273279327,0.03013449326770836,0.038176255058558164
C000572,0.025632676761673027,0.020924499173379647,0.011704909634360888,0.5099404964906149,0.058416585626788635,0.2324322241732367,0.01579704379298895,0.12515156434695715
C000573,0.004593984354731239,0.1527723679234244,0.0051455718774815465,0.015721374043539082,0.034520101643649284,0.08256173171805695,0.40254178102172755,0.30214308741738993
C000593,0.005765092300761614,0.03274160237619203,0.007150985074604338,0.00625622198159514,0.03718246527605034,0.16404332784526635,0.5797282055694588,0.16713209957607142
C000601,0.8884322945770715,0.005007206600375878,0.0017456371515568437,0.08018333752516764,0.0034142730516016164,0.008178865399347621,0.005288484530823597,0.007749901164055387
C000616,0.008856981797526045,0.2760112321951858,0.1347094946341148,0.014581858319916832,0.03342421861202808,0.20579157054446176,0.012681369544063346,0.31394327435270347
C000643,0.429067230716117,0.024840504227934778,0.06948323095983436,0.06266052413015158,0.04614585904342246,0.021349359877130783,0.05224162280338935,0.29421166824201955
C000653,0.6035472771258026,0.04130392805336046,0.06443889414157507,0.021368465257492305,0.02183475862331861,0.017701693358471108,0.019371204698605315,0.21043377874137462
C000655,0.005309311627018393,0.00557242912472567,0.008149423384271303,0.2553804511057507,0.006733254944062086,0.006083192785644393,0.0034707711009717857,0.7093011659275557
C000673,0.8278161266148599,0.01612727847755061,0.006400988052073745,0.009482580626612466,0.00858131907230891,0.01211360565738874,0.0134332860153496,0.10604481548385605
C000691,0.022264826460504896,0.03699299571975422,0.02356680068005278,0.28937736714222306,0.020425664543568374,0.01661018166721164,0.010682924962520142,0.5800792388241648
C000718,0.01604835045938293,0.03246156383868874,0.007478526178451382,0.010422692796523027,0.044867256439739316,0.05081367631251309,0.5899592483155827,0.24794868565911884
C000745,0.023010753139286733,0.6987214097843352,0.20429388923739866,0.009787746339947903,0.020503145755387506,0.014983537440837207,0.01518500996251182,0.013514508340294974
C000774,0.010196026877509598,0.020021494828144727,0.6473727174326603,0.10136692191343509,0.026140934509023835,0.017886562574190246,0.010863176832688953,0.16615216503234728
C000779,0.009117932890622208,0.04485148188299407,0.012627758872123722,0.01450706663705097,0.05171685285343087,0.33985341931517593,0.2705668157733072,0.25675867177529493
C000790,0.007762890594537185,0.02040087127547491,0.017564449777341062,0.020418494665053074,0.1470215289909544,0.021885492111376883,0.022647576013909213,0.7422986965713533
C000798,0.012942783535648985,0.01277851354249959,0.0072540642789980375,0.017243301606481666,0.30114987337235566,0.005639440013617989,0.6023974804851399,0.0405945431652582
C000812,0.2780828642676898,0.029138424001040122,0.009409531942984821,0.019783622225846096,0.03315040134646919,0.11435098286023822,0.3694220962960314,0.14666207705970047
C000855,0.18739002580032366,0.04863264048898702,0.021248006642583667,0.027750879681003583,0.058546765099906195,0.1887766601245296,0.0743059639445501,0.3933490582181162
C000879,0.03290649130948664,0.04296101622073954,0.007298163048947388,0.006276799741852764,0.018106648623772932,0.724798911898462,0.11879286079334309,0.048859108363395694
C000909,0.02170001216020404,0.8427142462501942,0.00886814350467918,0.008699834823632561,0.01699585630896391,0.041754720775930426,0.015850912270756377,0.04341627390563927
C000946,0.05358022949812628,0.05994371289045843,0.37138210593950843,0.12723392496611424,0.04168562098134955,0.007388789947034448,0.2601976758888099,0.07858793988859884
C000947,0.0026300401744468577,0.007520921744177857,0.9025590401857435,0.006590755924212555,0.011154655125800954,0.0057328105413624545,0.00457307483889002,0.059238701465365695
C000963,0.6163143531733046,0.03170415372634292,0.017720764647556567,0.017954525708997603,0.02337671346064529,0.024548831207791513,0.027548764606103567,0.24083189346925793
C001010,0.00885287676964284,0.03988437807115337,0.007950947653005967,0.17055230905657107,0.21350189485416216,0.008038117878946323,0.4510285462086937,0.10019092950782472
C001036,0.0018585394696920058,0.01008286844654005,0.005569525032408932,0.00670149292621516,0.7997124835653223,0.008993417418557213,0.014669040076784032,0.1524126330644804
C001039,0.02384286204124946,0.5409558940539526,0.3109524343917285,0.015249395496568228,0.03364166030802917,0.02417282360760415,0.016940458173966503,0.034244471926901436
C001048,0.015274476013158397,0.03960331739343378,0.03652157350915927,0.1515562382346991,0.12705673741905915,0.0673675071862403,0.11696930652173841,0.44565084372251157
C001059,0.0023972476270801026,0.005523323315628308,0.035004552334803984,0.005261620338927975,0.05725879339186784,0.01090538403764105,0.012507243228516046,0.8711418357255345
C001091,0.015244392580134937,0.17578626979403164,0.019317076531052687,0.135608362377763,0.038829056297669744,0.28943164332197846,0.020859879411941517,0.30492331968542796
C001111,0.003303054747940135,0.01747832665464089,0.003655815046756702,0.005991498044415172,0.02173609451686218,0.8403472499617629,0.011796739048584005,0.09569122197903802
C001133,0.030570192990678157,0.02506523401852318,0.24132151779538125,0.011094430928906183,0.04320219762685474,0.007773668999350614,0.5697025249520742,0.07127023268823163
C001215,0.16395564302085536,0.017596668158954592,0.37545287972354074,0.34896346559405034,0.012654212024370243,0.009091322066983983,0.006151946853225269,0.06613386255801941
C001285,0.005293250618500617,0.1057971450588007,0.009209516041161683,0.007553620548853019,0.02239177547350648,0.07862679138254233,0.011465081785660601,0.7596628190909746
C001300,0.003099850957429365,0.008201608934630542,0.007191718330127773,0.0068469507455563095,0.026867698459587808,0.01636584539536283,0.042831285231419144,0.8885950419458862
C001330,0.005468335397352565,0.015205739807896017,0.6404346625393492,0.012088053584403182,0.025734056165657423,0.017101002645369002,0.02522195899954426,0.2587461908604284
C001343,0.048119414484276465,0.013853557019196733,0.8397779910268193,0.012350358395154571,0.016740410508965305,0.012135081457491825,0.008584676977809336,0.0484385101302865
C001352,0.009174538571840304,0.020104253645796027,0.005887810292068077,0.009297896913703944,0.013721170639848016,0.8286757070484814,0.011156344248397803,0.10198227863986464
C001362,0.0022732759382168696,0.011887782801012697,0.0035625968720958043,0.0037409283408059908,0.019141876855354137,0.004159462493040496,0.8824960389169675,0.0727380377825066
C001388,0.008315671902551973,0.12936586053778526,0.012448757114981572,0.012115594019331667,0.04155915649924288,0.021097454915883152,0.01680188740898889,0.7582956176012347
C001394,0.0009588851746929698,0.0027024192646544617,0.0009884066533847509,0.0027076558577858287,0.0033490324611153885,0.05024952133975474,0.0025838896119011264,0.9364601896367106
C001454,0.5889311273553359,0.01785410059815768,0.30802949061279294,0.012353887460341875,0.01679439093473455,0.011048959212501219,0.01643738246486926,0.028550661361266452
C001473,0.00969235454033524,0.01563276972980073,0.06315472204092974,0.6713082598613557,0.06746689313066752,0.023392532702551757,0.014834284987577976,0.13451818300678123
C001505,0.001506794269338048,0.0025542832274669915,0.01010241503309788,0.012097592320324337,0.004625194472641252,0.011586233227210445,0.0014999934881118771,0.9560274939618093
C001508,0.37685872777264984,0.009091568284766007,0.05150768697968511,0.17228942035123573,0.014824216476403716,0.02924590200780192,0.009934803446561034,0.3362476746808966
C001535,0.0005222219893478196,0.0005996670607543988,0.0008407939123834667,0.0009732054268910454,0.0019309369485232236,0.00119840300205072,0.000745012056248975,0.9931897596038005
C001544,0.034485138261651345,0.02637723247439194,0.00783791281067881,0.44691715493131756,0.09767883675627535,0.2883266512275827,0.015664736232155918,0.0827123373059464
C001546,0.0036110581487568175,0.0348393488928141,0.008806052472184656,0.007584276112929195,0.0922402171081442,0.006492619126283421,0.7248138735899982,0.12161255454888946
C001566,0.12181647506670076,0.016618676479657684,0.009982363109644522,0.26273736819666443,0.016424284402324803,0.029531619546077536,0.012358326137523263,0.530530887061407
C001638,0.006526459300335195,0.019074877735800383,0.012578927089574645,0.010447641703032898,0.038865431096709376,0.012039539753814853,0.02479519688393338,0.8756719264367993
C001657,0.013548157600012087,0.01614884044606219,0.015159860137940809,0.5297461144399311,0.018525091250495576,0.022075603337717988,0.009847309458131741,0.3749490233297086
C001667,0.045188400001977456,0.019404368446808765,0.007479214539351034,0.006645298851243583,0.03720793503689909,0.03484286479010649,0.016393733741726486,0.832838184591887
C001691,0.013395411663452367,0.04410027692111923,0.017988055382913034,0.02209123724118943,0.050642793690829226,0.29386987233653344,0.03310562218770114,0.5248067305762621
C001725,0.0020025907846600824,0.005915065657758816,0.009074830658045891,0.00462551240154091,0.02096370702275943,0.006195859190535147,0.018441383257232786,0.9327810510274669
C001728,0.010611291367658317,0.0362294254120966,0.013564353407446213,0.03993999242544736,0.030807568081722973,0.5751758374748229,0.019287124484403128,0.2743844073464025
C001733,0.007728483208033736,0.4317471281659762,0.015560052223208953,0.11395608423016843,0.23098325747592519,0.013741765433000725,0.04696310404984992,0.13932012521383677
C001748,0.0864302752367924,0.028467476893253036,0.005760667039197337,0.00666752635440862,0.3076563641870116,0.4912673936577616,0.01814163057799153,0.05560866605358382
C001803,0.3017996798387967,0.013838018551360224,0.006832077646832847,0.011786088152347185,0.018624775768219828,0.05797011947941549,0.018355510306667978,0.5707937302563597
C001835,0.013249199464791578,0.018069043394478127,0.004772793178429746,0.7858457652928701,0.015832099880388383,0.009116253164737102,0.06096924968095137,0.09214559594335367
C001845,0.01847895965270945,0.016670047751063802,0.007830945176641223,0.23344990350740874,0.657629996891045,0.005737213478469062,0.01655561441248114,0.04364731913018165
C001862,0.04738095486005627,0.028829365982924633,0.6584210668403994,0.026336388153702428,0.029909176442864484,0.04973554497615452,0.02015163133686661,0.13923587140703164
C001874,0.00473920145193027,0.5320858108551192,0.005993746951738223,0.006005075034427701,0.254125946142407,0.012330699840295393,0.16668875402658237,0.018030765697499812
C001876,0.01263242460283206,0.05871592215194341,0.013725220319764846,0.01902373798867648,0.14243309390622838,0.5213974105697365,0.11725068922478421,0.11482150123603412
C001889,0.010659502966004833,0.009612723775434607,0.004664854264090949,0.005041317159309497,0.006498110249092864,0.17294562283908704,0.005829268859535214,0.784748599887445
C001892,0.0030599681932584424,0.6060478702122685,0.004861235619329059,0.021254880567888858,0.021182648155291084,0.16628157442775218,0.16415393062099748,0.013157892203214465
C001924,0.0033822688059331426,0.002824457488990696,0.0023135989324643697,0.00566931833263317,0.006696625694472783,0.005924776503410181,0.0030584654936677566,0.9701304887484278
C001938,0.01796975278118493,0.44810748949415297,0.049415240999078985,0.08773895354117392,0.04999967132680426,0.04010761921468207,0.02726443456540088,0.2793968380775221
C001971,0.020025341777069064,0.014081177464111014,0.009681240055822842,0.22392626659741302,0.012027606836215617,0.019651931404376776,0.007939458095827301,0.6926669777691645
C001991,0.010444419791044718,0.02974796608492926,0.03802197313596694,0.02710597792960268,0.13292444038786633,0.04455079778086023,0.06808878929991014,0.6491156355898198
C001992,0.015651981787936333,0.18266061842331816,0.023471502074302247,0.24450945952652672,0.19441994257265033,0.04627875255336846,0.1493447242470034,0.1436630188148944
C002023,0.09675689142340466,0.014816083759861588,0.6053719466407912,0.006274320445782404,0.03475642822402028,0.015413315950397848,0.19040663208004688,0.036204381475695255
C002030,0.01583249754759243,0.04116124680914498,0.010522212654958629,0.4369313314104022,0.04902374110345673,0.3964927845644817,0.03500077337790109,0.01503541253206205
C002038,0.9194704929242697,0.008730510286303375,0.004977090542736098,0.007913215891266817,0.006217794605935392,0.008389488394158262,0.009566420024870206,0.03473498733046019
C002048,0.003334259902677261,0.1400566648656557,0.011741582186907778,0.0046096094742852645,0.6443810139742492,0.054651734423881965,0.07768053963354672,0.06354459553879603
C002071,0.01808375400651164,0.030164933329836406,0.011840630923901625,0.5765724271258709,0.020394230807063485,0.22831858725484327,0.013034980713683085,0.10159045583828952
C002090,0.02734344976727387,0.03801462888170414,0.5061317460434045,0.04562628827658356,0.12233828141262157,0.08760416953004706,0.10755555302266101,0.06538588306570435
C002105,0.00681241764203481,0.03732585086560221,0.3779616397357174,0.017018927099921834,0.04603609912178759,0.03078501123592625,0.04031577527438474,0.44374427902462504
C002109,0.26537122189015067,0.02392275102758009,0.006356502785698884,0.04401012451789309,0.02777226903413891,0.05844799413218985,0.4220478446774661,0.1520712919348823
C002141,0.012230078459509087,0.01028633322167967,0.48244683343417477,0.027008142552340325,0.2244647204771511,0.007934819757840819,0.029395951997834565,0.20623312009946965
C002159,0.02049949911148172,0.017904084006451892,0.014601765819644076,0.026700006176198755,0.2769247875772014,0.01944965932279501,0.02598873935847686,0.5979314586277503
C002161,0.007533583437845875,0.47261977651879,0.012584532630679882,0.008963347472915942,0.04335874456627445,0.04210610528233192,0.2063185345450887,0.2065153755460732
C002180,0.875187643050386,0.0046701974707143296,0.0019430706864688465,0.08893911363037244,0.008818233104815979,0.0028128121624495486,0.010571856971977154,0.007057072922815727
C002185,0.1300563534135085,0.020628431573195712,0.006613428786659529,0.009575309292719438,0.7375422431025584,0.016322279926775377,0.026268043069163267,0.0529939108354199
C002231,0.01055730407250185,0.02318552118665588,0.005949194060490143,0.14886977199522725,0.02451934784263479,0.006362800679439807,0.7357196583750473,0.044836401788003
C002244,0.007695989441479936,0.08731019410212881,0.7093569800003416,0.01177025856120369,0.14566638845085084,0.010973693513103747,0.012175466073886063,0.015051029857005264
C002259,0.017339752467161743,0.025886727918104757,0.013907811317829751,0.29375649275912896,0.4961899921969592,0.017942763899047556,0.02460492692250698,0.11037153251926111
C002263,0.11676354967115722,0.02543846440388861,0.009697217835755395,0.010854878365469469,0.017645183989089333,0.5276456879195104,0.014595891646172063,0.2773591261689575
C002289,0.06803202008040823,0.027336504822501512,0.06464368158472858,0.20515962322799977,0.4213129580121789,0.028879663172513996,0.04111446310046011,0.14352108599920893
C002306,0.005605501826981533,0.5120247418255501,0.3148495120725077,0.011549076175620733,0.03517717617248841,0.08586605316526752,0.012176869094403436,0.022751069667180542
C002317,0.0196210930802304,0.0286834801033783,0.01040244393434392,0.16246500081607165,0.0217770423395093,0.3787822075408725,0.014022644757818389,0.3642460874277756
C002326,0.12340847786555127,0.02212875763028431,0.5329266683836499,0.017030594124766207,0.057372093649727125,0.1874778197730826,0.034226013822756696,0.025429574750182055
C002328,0.004591090419070496,0.025336041716832083,0.5511430064972387,0.010590726974097915,0.04203868285857539,0.05939246589966555,0.17019995968353585,0.13670802595098402
C002336,0.010403767148690526,0.0895138320057229,0.05485684486500291,0.8249510806780861,0.004292624918715883,0.004163573997251311,0.0030466832797921275,0.008771593106738272
C002340,0.0018014492024037425,0.15461467805705031,0.14894071916359658,0.004712127679609909,0.6223957452508135,0.006329748332772575,0.026209439324975378,0.03499609298877805
C002357,0.31616766526816614,0.014833162020186742,0.00895178682919714,0.5280295241301333,0.011819785986085964,0.006032589283623947,0.010868743327591667,0.10329674315501516
C002385,0.003213959134128271,0.019237381109443907,0.004379621261329634,0.005298494657452118,0.011670413339822723,0.2274202260726389,0.0062464621746931214,0.7225334422504913
C002393,0.0036720252086589384,0.013600513901259714,0.005770631446803852,0.003857546241763346,0.4623077961163266,0.005143316509058507,0.3138237775077535,0.19182439306837576
C002410,0.009751170899911357,0.022238102561066037,0.6868144222854852,0.008004438704320107,0.057711845447723946,0.005466688051914007,0.18715237596157155,0.022860956088007894
C002417,0.003709851058891951,0.010490490352321448,0.0020152207174456032,0.06636535538100594,0.018468319780719167,0.0021387612384964594,0.876159442220623,0.02065255925049641
C002505,0.01701872986413877,0.019826909648289447,0.4158030805601189,0.014220310716347427,0.32948933185713664,0.02157429849201511,0.016901541443236398,0.16516579741871748
C002509,0.005404141771184211,0.02055670235406557,0.008590569576630212,0.06976034233554489,0.04346053454774141,0.2955917922592369,0.009714017317874976,0.546921899837722
C002513,0.08695944380807787,0.7360471270889447,0.019110892791440345,0.0200384183114367,0.030280901161621465,0.025063374558431824,0.03234798717929872,0.050151855100748384
C002524,0.0059997383435707275,0.01636378858831012,0.7342245127572267,0.021903127518332555,0.0293310764825453,0.011781681359404708,0.020773853589721142,0.1596222213608888
C002547,0.009054134491464472,0.36598787485502454,0.016941020045025974,0.26487181677093524,0.11784008618047324,0.06164621209282687,0.09552454291591424,0.06813431264833536
C002556,0.009375892702251887,0.03247775971299866,0.02640191342849397,0.00983150590105035,0.04739072971303748,0.0774767340187873,0.6186039112743622,0.17844155324901814
C002576,0.013420490377334709,0.650562475885173,0.024487996458008667,0.03574776187672932,0.04474092097690339,0.07961666274153023,0.028248611925345262,0.12317507975897533
C002614,0.009253135888650607,0.05035146799881953,0.01660622972761067,0.025810559911409976,0.5847823227517087,0.06650052170836758,0.19479230107002277,0.05190346094341008
C002659,0.006298740353254989,0.010458858031214819,0.0067523891251095765,0.007334835529289994,0.6144838380844713,0.01014717873984183,0.009326786777801407,0.33519737335901606
C002675,0.010521038793796744,0.009370641641781727,0.01754734096632966,0.009801185551186562,0.024955497306637642,0.009820550013982118,0.017507236383003926,0.9004765093432815
C002724,0.01587044377527162,0.047077081614134327,0.018903452111786092,0.1805581124649942,0.12622552236222567,0.06298368361541966,0.44191671596970794,0.10646498808646035
C002728,0.004934638036133487,0.030375888661405046,0.4761511639565919,0.005486711988486892,0.031212257404847822,0.004151702015993096,0.43165381115089557,0.01603382678564608
C002735,0.00574057878511374,0.05612469583255385,0.00865306637414275,0.010797463527457378,0.06022813177383998,0.02534361907776826,0.04416820816160118,0.7889442364675229
C002745,0.016874503287261325,0.6882969014881696,0.011607520594779671,0.0068676033213969844,0.21726064898951614,0.016538940474521993,0.018264141793811944,0.024289740050542373
C002748,0.7362457788324763,0.019121220965762974,0.006382163208768526,0.01144199405054948,0.008855762781215214,0.01801770588225707,0.017849681530139036,0.1820856927488314
C002763,0.008516513607967022,0.3751015618252868,0.03772377364327688,0.01310399796580729,0.032129040389446334,0.02561531595404649,0.017898526551764004,0.48991127006240515
C002776,0.0015235139959608414,0.007963083251835147,0.0022276285654491777,0.0015666903725330388,0.027423182621038933,0.002465698578830961,0.8831737025832714,0.07365650003108037
C002784,0.02149091622306688,0.26444508394059874,0.05070826655651237,0.015687966990314727,0.10126159941606691,0.02451053514096851,0.22496141320513796,0.296934218527334
C002787,0.005132786176896643,0.017358342982818537,0.012631811960576795,0.016958214273836838,0.7542445103178628,0.014720407765725932,0.02156662054580507,0.1573873059764775
C002811,0.00325541920205206,0.17096254913547826,0.2708521492458193,0.006120473563159098,0.08818909370485298,0.3630347196473279,0.006049710430960239,0.09153588507035018
C002824,0.01669191269721497,0.009706618109176397,0.0033241217156655778,0.871875579499128,0.005483665691880448,0.04691510242378509,0.003652100941857029,0.04235089892129239
C002854,0.008282390748789574,0.010743390162914635,0.09331108841600645,0.008100067273725716,0.10392212420682755,0.008039374448917695,0.010104824871473838,0.7574967398713446
C002864,0.16893345652786107,0.05764264754126654,0.03433917384049525,0.03353290305190092,0.20422397346025253,0.08689424201741133,0.22235872864734044,0.19207487491347186
C002874,0.112151225318057,0.18701810650954603,0.03481285175096721,0.26971987643842743,0.025314212689305126,0.15850604786471106,0.015005340458059213,0.19747233897092686
C002936,0.018696275986925883,0.5686411463296577,0.019365082035174563,0.1181151741024458,0.0314160156540114,0.034861679852017845,0.02085581039462429,0.18804881564514253
C002968,0.004570748725485435,0.003319811902352736,0.00201976628707722,0.9048647203514764,0.00249471871888887,0.003708390537291504,0.0017180931775435135,0.07730375029988419
C002982,0.005018882355145109,0.013999510946160493,0.00992100897403884,0.011367428616576235,0.022598446976189353,0.0898736864187622,0.010415340113420667,0.8368056955997072
C002983,0.009762879094878593,0.013178323148175762,0.00841715722331279,0.008310226866513745,0.38935627967193603,0.00746539425498043,0.10140165004829998,0.4621080896919028
C003016,0.29574507213029516,0.07630007395049497,0.017915491241244957,0.030846148374448715,0.04908553843331043,0.041520899524933284,0.04141041653000021,0.44717635981527215
C003033,0.006892014178782133,0.031525952215479026,0.6648412486131765,0.018069600940487925,0.02914433273630333,0.01851224380844152,0.01197764397952765,0.2190369635278018
C003045,0.15944933357576183,0.314809543768807,0.021226566020800683,0.0279766148588414,0.19708840132447486,0.03213798482828609,0.03136346934102091,0.21594808628200723
C003052,0.002578155690595652,0.006686377618955389,0.007505564629574926,0.005905189363517454,0.01919491588822507,0.0065696311655393845,0.007169217352065636,0.9443909482915264
C003097,0.00877039878990155,0.24663252395511936,0.038915612139013504,0.01904650386553876,0.257112313963993,0.09040944177284485,0.28414402231826713,0.05496918319532183
C003102,0.007873943837168048,0.007546263597350892,0.0036172783873518696,0.8566346911841914,0.005943718459253441,0.007328991754636362,0.004302637424620588,0.10675247535542745
C003151,0.01622102641838156,0.026404382378123537,0.15239467990646477,0.021798299603780595,0.07910816161499463,0.051274467613922146,0.04013650971620868,0.6126624727481241
C003219,0.004728070138654919,0.25607585000306704,0.008779400340908626,0.013272949129562353,0.032043180872038515,0.2539815600315065,0.4037502072827911,0.027368782201470866
C003222,0.9422522261305194,0.00699008924512878,0.0031815348276358697,0.005870346202614763,0.0038292372979284854,0.006468910323798475,0.006630704234124783,0.02477695173824927
C003245,0.586418011770817,0.023571675586775715,0.15844082523282854,0.009820159447047921,0.08371459686859224,0.009620226399448957,0.014118806705161338,0.11429569798932827
C003262,0.0009817926243771403,0.011137948585650911,0.8374425465692629,0.0018814161773377672,0.010850066036401217,0.0014931805242490756,0.13249880256908383,0.0037142469136371716
C003277,0.00591611753939686,0.030170043842537252,0.007811520772974727,0.01204236793290151,0.021531019452934987,0.8313540933546171,0.027442742773324865,0.06373209433131273
C003300,0.004040026034714334,0.007822951161395014,0.01062023436730349,0.009994912500300589,0.025555328210388806,0.007083715395117644,0.00923622326231184,0.9256466090684682
C003304,0.005966348483173241,0.38873712258807974,0.12662433109552085,0.011667104657401773,0.31330580716098666,0.018674242022730343,0.018704399046923868,0.11632064494518343
C003317,0.43271926564250657,0.17578532293437427,0.01056077597153524,0.010574642951767044,0.013347106980489002,0.31016282560546954,0.01550960281799948,0.031340457095858955
C003318,0.0042131364006525165,0.007686491649501646,0.6275186600163872,0.011771845520367592,0.017174174886524545,0.008557891328426442,0.006742675825936519,0.3163351243722033
C003321,0.030771938489875052,0.04289601179118748,0.02374260902310969,0.03390468069296859,0.2593950478256287,0.027730418591447085,0.1457713585321417,0.4357879350536417
C003337,0.34440767143827267,0.05717997502126987,0.06552729470150853,0.02262468005969694,0.03546352479833701,0.35349551121042067,0.026037985450399422,0.09526335732009485
C003344,0.013476069523634684,0.3531818876464014,0.01247408980133745,0.1043727862950603,0.024102526247461797,0.028205767367634964,0.01378062369076492,0.45040624942770446
C003350,0.010536819270059635,0.016515705528689882,0.17622028393126601,0.02120877096429554,0.03898168838268922,0.008527936034316005,0.016424377184781062,0.7115844187039027
C003351,0.008440378731650417,0.8462922229518169,0.007901799605574016,0.00782365491889927,0.014975992929343481,0.020088685043505174,0.011159730842883653,0.08331753497632709
C003368,0.007604337973478074,0.35123049945327756,0.5166481993331237,0.010717777071931504,0.03951268282151968,0.021413716928867833,0.04266401983903081,0.010208766578770756
C003390,0.025150076385533147,0.015697930849735756,0.006353480972063588,0.7848505178415217,0.09846797224812545,0.009868522593647355,0.009821991286289744,0.04978950782308331
C003402,0.002964515575253553,0.0059432953297217294,0.08537794895749594,0.007095726604490065,0.013311761154455346,0.006595263716061061,0.003950479211000853,0.8747610094515215
C003417,0.03501023929730448,0.118733887033126,0.6154703107324895,0.012933355556296522,0.10260341769314747,0.039756053853575626,0.05868247151610481,0.016810264317955723
C003464,0.001145647717271056,0.005696200549476492,0.0014599775216566568,0.0011406839284278944,0.05191719455491866,0.0014177551163891292,0.9078542017068953,0.029368338904964663
C003465,0.07352824326969803,0.22742840650513246,0.08788196847778393,0.007952432582544314,0.4690538298975243,0.016381406712955675,0.019332470189620206,0.09844124236474104
C003471,0.007659185773737996,0.014181584359383081,0.016351938784111068,0.4937435129329844,0.14346466232323735,0.1805009309264852,0.005727577563382564,0.13837060733667836
C003503,0.3352951230583585,0.07572506898639372,0.050664979926667415,0.012710383207579784,0.02649716735153607,0.1437492471698425,0.038853578578772745,0.31650445172084923
C003525,0.018016457676212932,0.03353900225570189,0.01086458260627605,0.2695227269042843,0.03496748568539819,0.026073732305984653,0.06473178643693307,0.5422842261292089
C003533,0.029445920120908527,0.11435657520492139,0.38829044522744105,0.03445248364325391,0.04928941846197171,0.050902732802214565,0.03391131563483714,0.29935110890445155
C003554,0.5919526793464589,0.037217682396281884,0.024286636456831864,0.021797460368143607,0.02701369136174392,0.0457642714305386,0.021729722209732624,0.2302378564302686
C003565,0.09721609745599617,0.7945634538302565,0.010773070676186042,0.0188981467834123,0.0216909732984055,0.02187750326244605,0.01627995018638773,0.01870080450690973
C003603,0.00032748836809723755,0.0008388716382210709,0.0008378782999549392,0.0011411464328840797,0.0063885235569059624,0.0016088037674111054,0.001678104780364579,0.987179183156161
C003627,0.007180351418641884,0.013692753241215981,0.6880737996221074,0.018892721795711734,0.030370356282601294,0.03290604811071155,0.013662947829320864,0.1952210216996895
C003633,0.09163351695488779,0.02087186583826476,0.2085572205435457,0.05031207677244167,0.5009568337048047,0.02111499998059037,0.06865073943184476,0.037902746773620356
C003671,0.0006390057883565865,0.001360603928351796,0.0018353751814715509,0.00149538743349918,0.005491433546549836,0.002818480928158187,0.003284800500316008,0.9830749126932968
C003678,0.012683575823593958,0.007023057939117785,0.002077531877196257,0.03376462278756732,0.011900401498451785,0.049665398083619555,0.013516820123298945,0.8693685918671542
C003682,0.5727464856134086,0.020175218313751343,0.18393206346129298,0.01586156133981958,0.014094782608292172,0.08284348597882696,0.014510897671771,0.09583550501283737
C003729,0.00278166826374393,0.01633390567399876,0.005807960152020412,0.007164367202387809,0.07750597483781843,0.0093121483382346,0.008460827620516717,0.8726331479112794
C003749,0.02807934715075024,0.11543186712308084,0.004897530326247998,0.0071560380862667064,0.017635233673919788,0.6832528709129299,0.008482397085100169,0.1350647156417044
C003759,0.005153459614130401,0.022761296301328546,0.009131401389227066,0.009142168417560166,0.040187915314676186,0.011895220424778455,0.6064341984466728,0.2952943400916263
C003761,0.004517211185832833,0.024519347410857505,0.14774992134141873,0.009919776909324995,0.7118783078014541,0.03633298301688951,0.015581199277115789,0.04950125305710636
C003777,0.0022046817713127103,0.12450493862821914,0.0035748053953107766,0.002839691986097092,0.05358584147154851,0.013891281165595706,0.7779407685355714,0.02145799104634478
C003800,0.005418806254384344,0.03618513516816127,0.552603279150775,0.01737601519189837,0.03309206503356632,0.01526445016810117,0.01260138214345875,0.3274588668896549
C003841,0.00878971316265148,0.01959899844556272,0.00838974339692872,0.008963976860124312,0.03688515430759246,0.009324051194177728,0.7974521885108924,0.11059617412207029
C003861,0.0011105661192095957,0.002192763737891947,0.002673526506135905,0.0030155657706668598,0.012061019357510422,0.0027634049735502575,0.003455514830703563,0.9727276387043317
C003863,0.039071560470516624,0.02150916642596022,0.017709004036488816,0.12445391945642195,0.30547870044929665,0.005665038773448362,0.13521904664531637,0.35089356374255093
C003865,0.4569559476005244,0.05524921751180556,0.01670673301217093,0.016554398858359905,0.026516721918521613,0.026808353170059793,0.02659150693055568,0.37461712099800215
C003868,0.011469302223718931,0.0499840003184889,0.005051395884499444,0.01377680056246346,0.3777281374107233,0.40237832618866687,0.033504709403551075,0.10610732800788805
C003895,0.08366663639818335,0.011647640633217382,0.06156506579203618,0.006648732625392947,0.7968688736708937,0.007139686762293909,0.014928219713166808,0.017535144404815666
C003916,0.18512201519407695,0.42930588285809174,0.026144574162602643,0.019021994703411392,0.05511436974976667,0.035071791181543285,0.11171558905684083,0.1385037830936666
C003956,0.07956447568471733,0.10982568277405298,0.007871078929598123,0.6054476253885591,0.04173292431755309,0.09715568221814998,0.010587568884356444,0.04781496180301286
C003958,0.007287678121596869,0.022721119004557606,0.14680311052772632,0.18015383587380013,0.3681608544763291,0.11747159257989624,0.017656028469271962,0.1397457809468219
C003977,0.014426420840964016,0.009214458069175304,0.006614368134347273,0.05397513441077032,0.007846147088740086,0.0067153324578001,0.060651340657952614,0.8405567983402503
C003983,0.01157149391688712,0.026196508838427803,0.008103336496582016,0.16399170926258702,0.031872561988579934,0.006680739771726944,0.6641851779481213,0.087398471777088
C003996,0.007903669383167588,0.028532056456652858,0.018148218077610995,0.021031073743951443,0.10232569082942448,0.035651886495468736,0.05527073964804606,0.7311366653656778
