client_id,fold,cloud,gym,insurance,mobile,music,software,streaming,none
C000000,2,0.00560575884783,0.0276178830947,0.00530789155456,0.0288326312047,0.00530494259857,0.0251596483251,0.0283495725136,0.873821671861
C000001,2,0.0623324732607,0.0145810139833,0.021288127593,0.56292136907,0.00883048399749,0.00792448283219,0.241563954982,0.0805580942818
C000002,4,0.00443062734246,0.0111077244651,0.0111077244651,0.0766068292584,0.0111077244651,0.757903770968,0.00923833319122,0.118497265844
C000003,3,0.00336348876524,0.0038546163003,0.0038546163003,0.00392847662354,0.0038546163003,0.0021505623997,0.00471870116529,0.974274922145
C000005,0,0.0076231689403,0.0733581074141,0.0105987763124,0.818982770113,0.0105987763124,0.0105987763124,0.0105046618303,0.0577349627649
C000006,1,0.694723380865,0.014200288562,0.109697532838,0.0135100403703,0.00605415024759,0.014200288562,0.0159304089416,0.131683909614
C000007,1,0.846489369482,0.00825372056091,0.00784082966046,0.00791274940616,0.00825372056091,0.0129014551246,0.00656205407985,0.101786101125
C000009,1,0.0362754118344,0.00503899069176,0.00478691608022,0.00479405523161,0.00228683218273,0.4483148913,0.4740755237,0.0244273789798
C000012,3,0.00707765661347,0.00854426918973,0.00854426918973,0.00720564918037,0.00673067700613,0.835778271072,0.0103577401961,0.115761467553
C000014,1,0.504909245099,0.0134618040853,0.0131146369685,0.0128074521764,0.0805437811817,0.288913721053,0.0180847031319,0.0681646563037
C000015,3,0.00923607267141,0.0111499462986,0.62886818393,0.00940309810283,0.0111499462986,0.011144673246,0.0146917981652,0.304356281288
C000016,2,0.0120591862425,0.266233960992,0.598832980569,0.0133743221599,0.0133743221599,0.0110177482701,0.0132334955371,0.0718739840695
C000017,0,0.0462263351327,0.0141151909942,0.0127807915699,0.609407148166,0.0120541117948,0.0120541117948,0.170589474575,0.122772835972
C000021,0,0.0234110592331,0.0323908652359,0.0279997313886,0.382834342146,0.0323908652359,0.166212356636,0.135400391952,0.199360388173
C000022,0,0.00887507404965,0.0123393467133,0.0123393467133,0.0109984656263,0.00789051867834,0.743462094475,0.117614824928,0.0864803288163
C000024,4,0.00546740024637,0.829593969513,0.00560264020846,0.00486869526023,0.0840248481512,0.0251294230196,0.00611432506652,0.0391986985341
C000025,3,0.881887920185,0.00455122923062,0.00455122923062,0.00250362376794,0.00455122923062,0.00326664301697,0.00262988967589,0.096058235662
C000026,1,0.00433494379741,0.253124310901,0.026266760029,0.571760910947,0.00227287328037,0.0879873565734,0.00637754430729,0.0478753001648
C000027,4,0.00479740283892,0.0479301174786,0.00515896962074,0.174795604126,0.680190995884,0.0428011040852,0.00516668150732,0.0391591244592
C000028,4,0.414501226106,0.0955374223006,0.0128112172775,0.0111329499157,0.0500440395548,0.255438942873,0.01432515985,0.146209042123
C000029,4,0.147607314472,0.00838948978056,0.0131092133107,0.0242177465985,0.227657441537,0.0693289395001,0.0376101659889,0.472079688811
C000030,2,0.0749284694139,0.00615222929545,0.0318375480309,0.00615222929545,0.00622519720544,0.00506819806394,0.0043851518388,0.865250976856
C000033,4,0.0500636317591,0.0153382451319,0.0153382451319,0.00680968924017,0.0153382451319,0.0191296582407,0.489569979073,0.388412306292
C000035,2,0.0170433885345,0.0559652973159,0.0196484219096,0.555864444155,0.0420406046146,0.0138292692703,0.0208958028349,0.274712771366
C000036,0,0.0196888223067,0.0273741045381,0.0185555657306,0.0246578017652,0.0277060292304,0.0273741045381,0.0296583254151,0.824985246476
C000038,3,0.0154765308161,0.0203703178049,0.0203703178049,0.016923480126,0.233212293244,0.417864581236,0.0484136520227,0.227368826946
C000039,0,0.0223253406987,0.0262451745053,0.0262451745053,0.0233931873673,0.0817799283387,0.0262451745053,0.0259199187389,0.76784610134
C000040,4,0.822345578374,0.103082480982,0.00747011955525,0.00613297991791,0.00705751295762,0.00697552827453,0.00686837016025,0.0400674297777
C000041,3,0.00528774116092,0.00652726732382,0.772589653351,0.00542279604519,0.157746818149,0.00652418043686,0.00919475373259,0.0367067898005
C000042,3,0.312877406999,0.0123727096052,0.0123727096052,0.0176214116243,0.00629112255124,0.0209409751973,0.534469652251,0.0830540121666
C000043,1,0.0126388086599,0.0157876207003,0.0715080250878,0.017996746086,0.0255062699664,0.0622960349869,0.019159724623,0.77510676989
C000044,0,0.0182455367918,0.0298340157466,0.0298340157466,0.02659203962,0.131981446641,0.0298340157466,0.03544110344,0.698237826267
C000047,0,0.00752252166534,0.549515207347,0.0104588426494,0.00932231049529,0.318237270304,0.0104588426494,0.0114504862562,0.0830345186331
C000048,4,0.0117009195244,0.0282349272026,0.260751288063,0.00819996407936,0.280315558165,0.00922653019502,0.284690921089,0.116879891682
C000053,3,0.00965403597162,0.77438710599,0.0141723159053,0.0119519568286,0.0141723159053,0.0139782927539,0.0178696330763,0.143814343569
C000055,3,0.018593592532,0.0225436558917,0.0225436558917,0.0190117694084,0.0225436558917,0.363469386751,0.025498328639,0.505795954994
C000057,1,0.00153802042199,0.0037254921118,0.0126779886692,0.0226950100857,0.0344431376813,0.0091746887167,0.00914324748703,0.906602414826
C000058,0,0.0209299110021,0.0284021574647,0.0284021574647,0.0253157772325,0.0252594517968,0.173203367693,0.036565014517,0.661922162829
C000059,1,0.631670483357,0.261376277251,0.00909880362149,0.00493494837152,0.00602848554826,0.00957793827726,0.0108087654683,0.0665042981055
C000060,0,0.0145231266229,0.0151242849669,0.741893184485,0.0134807727018,0.0147111984894,0.0151242849669,0.0232213923061,0.161921755461
C000061,3,0.812261839362,0.0113017303608,0.0113017303608,0.00487422817809,0.032345331563,0.00664140183079,0.0199108348383,0.101362903506
C000062,4,0.202087208643,0.0100512242974,0.0100512242974,0.0407192948729,0.0100512242974,0.0106450664284,0.0120912481755,0.704303508988
C000063,0,0.0271737465452,0.0193332537296,0.706195962066,0.0172323650133,0.0193332537296,0.0193332537296,0.0259466946858,0.165451470501
C000064,1,0.00610097740758,0.0125468232947,0.127381342048,0.0764513945596,0.0125468232947,0.67758637837,0.0141631591139,0.0732231019115
C000065,3,0.0035817320172,0.863456233953,0.019941493396,0.00698250148468,0.0411182297344,0.0242782506203,0.00665545868195,0.0339861001128
C000066,3,0.0349942622535,0.0210016050798,0.0210016050798,0.0174479480186,0.038987078416,0.489145908834,0.037942191023,0.339479401295
C000068,4,0.228115535009,0.0222200090576,0.275396481047,0.0707049969985,0.101929396652,0.0217265389019,0.0288986798365,0.251008362498
C000069,4,0.00672435536865,0.00545899456271,0.0399175877361,0.00856289003217,0.0103246151139,0.00533775919825,0.00497220207151,0.918701595917
C000070,0,0.144495644093,0.00945530702472,0.00760871280104,0.0153492583764,0.0309349607108,0.00945424573509,0.742939699624,0.039762171635
C000071,2,0.749923807577,0.0119851086417,0.012273173196,0.0171870438553,0.00582826668203,0.0640452647751,0.0157114824682,0.123045852805
C000072,2,0.00443216075151,0.00491551789341,0.00491551789341,0.254352785908,0.00491551789341,0.627931517159,0.0587390437867,0.0397979387142
C000073,0,0.0139371384509,0.0154845948347,0.0863680839267,0.0172716461095,0.186216545126,0.0113851719693,0.0238803404673,0.645456479116
C000075,2,0.0144144366576,0.00281398184955,0.00667412582528,0.0103469357665,0.011041757884,0.0035455183551,0.00349523128118,0.947668012381
C000077,0,0.0989078093692,0.0385680526805,0.00688252753065,0.00741036734891,0.00575877490471,0.00456180654282,0.00729899563725,0.830611665986
C000078,2,0.00305961822883,0.00335739692394,0.782653797081,0.00335739692394,0.172128527174,0.0027658189857,0.0150535040061,0.0176239406766
C000079,4,0.00386281329873,0.692282627026,0.00410535795702,0.0778667144176,0.00410535795702,0.11870035427,0.00710889534426,0.0919678797298
C000080,3,0.0257691363958,0.00971215474792,0.00971215474792,0.00487218766082,0.00971215474792,0.035539608688,0.0145479817692,0.890134621242
C000081,1,0.262907573468,0.00615728825375,0.621960576026,0.0200126747914,0.00615728825375,0.0300506930024,0.00772992844278,0.0450239777624
C000084,1,0.00617095879546,0.00782366860236,0.0466786926199,0.13420123203,0.00782366860236,0.00782366860236,0.0120535682204,0.777424542528
C000085,0,0.00635375222227,0.00883385886837,0.862028800764,0.0078739089977,0.00883385886837,0.00883385886837,0.00790815816779,0.0893338032435
C000086,2,0.0114642742685,0.0132358858853,0.00528334163341,0.110178791926,0.0116471013475,0.201667299971,0.0355328005973,0.610990504371
C000087,1,0.0023309994811,0.550199250711,0.00425121849256,0.280490059779,0.05413676983,0.0295008887784,0.0551516506877,0.0239391622404
C000088,3,0.0316796071585,0.0297867219461,0.813862460546,0.00696034600544,0.00791494388602,0.00791120073657,0.0161803738234,0.0857043458975
C000089,4,0.281926175717,0.434953487411,0.111763501349,0.00815247878202,0.0788254247063,0.00902081686814,0.00795721138966,0.0674009037765
C000090,2,0.00696200807742,0.299522835377,0.0123125124008,0.0323744991115,0.144339364861,0.167409979471,0.00890396857829,0.328174832123
C000092,4,0.031770182166,0.0341646115916,0.0341646115916,0.0502020132176,0.0154346406768,0.0402980619699,0.0578147664189,0.736151112368
C000093,3,0.00696392638297,0.00363860011169,0.0222031577674,0.00516814326198,0.00194081914543,0.00255326105218,0.00539284547614,0.952139246802
C000094,4,0.671136989702,0.0125345203333,0.015599543273,0.0108925002258,0.00879787087643,0.0122561490831,0.0142367230817,0.254545703424
C000095,2,0.0366549902055,0.00417305344199,0.00417305344199,0.745304650147,0.0159808287923,0.16528520976,0.00506973848626,0.0233584757248
C000096,0,0.0336558267833,0.183982637265,0.0245224004641,0.403882584987,0.0295754602292,0.0962150449867,0.0329641552522,0.195201890032
C000100,1,0.0309578877387,0.72003439576,0.155720978787,0.00837736828431,0.00873836049967,0.00873836049967,0.0137448825713,0.0536877658597
C000101,4,0.0148370201848,0.0892479863437,0.0159552447367,0.0142671874273,0.0159552447367,0.0156009047775,0.0172353653896,0.816901046404
C000102,0,0.0035764844484,0.0515215894535,0.00485333523221,0.00432593734213,0.00485333523221,0.830027798669,0.0114046800586,0.0894368395638
C000103,4,0.00564683001404,0.00750261141164,0.305073970655,0.417615554258,0.142477904096,0.0549244703771,0.00831558762648,0.0584430715619
C000104,3,0.00955226978217,0.0130940924081,0.35126794263,0.0108784563284,0.488653881188,0.0130878999264,0.0128660348712,0.100599422865
C000105,0,0.00390978072358,0.207822808983,0.0174135980724,0.00477295070327,0.0053548463553,0.0053548463553,0.739294979073,0.0160761897344
C000106,3,0.0196912970085,0.0112192392249,0.0112192392249,0.00932084486207,0.0112192392249,0.0112139334021,0.808886463029,0.117229744024
C000107,1,0.106163336013,0.0214241537074,0.0222940272546,0.0203827675911,0.0778890495505,0.204452351195,0.0471771687299,0.500217145958
C000108,2,0.0350643100044,0.0734066831698,0.267365768789,0.0170477363168,0.08910558521,0.209913370777,0.186979958799,0.121116586933
C000109,1,0.467424857412,0.00720261184535,0.0068423024711,0.00690506325982,0.00720261184535,0.452534699499,0.00939458534452,0.0424932683227
C000110,0,0.00792668479609,0.0675650936498,0.488639398518,0.342197724406,0.0256310599284,0.0110207657354,0.0130994431526,0.0439198298134
C000111,1,0.00498205248759,0.0063947243323,0.204954975976,0.00613055055469,0.0063947243323,0.0063947243323,0.730325073865,0.0344231741197
C000112,1,0.0163890902866,0.00885716142477,0.301892672396,0.00257357491409,0.0137507693645,0.00570875620485,0.598908211058,0.0519197643509
C000113,0,0.0195230942032,0.0246246875253,0.0246246875253,0.719923342333,0.0184509381012,0.0246246875253,0.0279294932794,0.140299069507
C000115,0,0.0888781575678,0.0274096620115,0.0274096620115,0.0244311333872,0.192905035945,0.466895779884,0.0294506049369,0.142619964257
C000116,2,0.157242158001,0.00226156099239,0.801134164501,0.00226156099239,0.00226156099239,0.00139369556244,0.0188869417271,0.0145583572319
C000117,2,0.00885120392852,0.81318589977,0.00880417969467,0.00880417969467,0.00880417969467,0.00744723737302,0.00981478438249,0.134288335462
C000119,1,0.505114786733,0.00647193095707,0.00614817376407,0.00615734307946,0.00647193095707,0.00647193095707,0.420171782272,0.0429921212806
C000120,4,0.00823453216207,0.863472121522,0.00853808091113,0.00741959371239,0.00940831194573,0.0083484640615,0.0306624598582,0.0639164358269
C000122,0,0.737394730689,0.0159991017554,0.0159991017554,0.0832883042152,0.0159991017554,0.0159991017554,0.0169052805489,0.0984152775256
C000123,4,0.0106282812163,0.0296361661956,0.0134439308031,0.190163441677,0.06929436215,0.0336980746891,0.105652321224,0.547483422045
C000125,2,0.00470284801755,0.00845061341663,0.00653036656407,0.0273595105519,0.00407329267156,0.00956097093042,0.00397288830788,0.93534950954
C000126,4,0.00910217252915,0.0152431522309,0.192428903533,0.330528117067,0.0842147714191,0.0104717493287,0.0188551051412,0.339156028751
C000127,0,0.0115492275088,0.0148601640033,0.0160573220803,0.0143124193732,0.0160573220803,0.0188716004684,0.0545337615585,0.853758182927
C000128,4,0.0016977953032,0.00239372696787,0.933694053926,0.00208014912776,0.0315524386782,0.0023017102947,0.00388701126725,0.0223931144354
C000129,0,0.11505656085,0.00728907039539,0.00728907039539,0.00649698821617,0.00728907039539,0.821321475264,0.01023766553,0.0250200989531
C000130,2,0.00949675896107,0.373125413732,0.0158511617532,0.0109643240335,0.0109643240335,0.00903239511574,0.0111480669273,0.559417555444
C000131,1,0.583838285757,0.0577138109538,0.00393584301442,0.0122351204609,0.173941891303,0.0463249933748,0.00700438513965,0.115005669997
C000132,0,0.00339299156202,0.0118382527808,0.00471740281206,0.382331776892,0.181306795338,0.38210693372,0.0087363050111,0.0255695418845
C000134,4,0.0953394934696,0.00925271290717,0.566902165514,0.0107516568466,0.00925271290717,0.00904722524664,0.224471539788,0.074982493321
C000135,3,0.0898792200377,0.00718489906551,0.00718489906551,0.00919798135624,0.00852937246565,0.00718150117016,0.00577991212692,0.865062214712
C000136,2,0.00667515335428,0.00637482753854,0.063556586802,0.02374452514,0.00813181677844,0.00706803899487,0.00730607752922,0.877142973863
C000137,1,0.33270558358,0.00943371576171,0.0135985830852,0.0136188638551,0.0235513150731,0.00621883415727,0.389200278736,0.211672825752
C000140,2,0.015331777009,0.0144765535643,0.0273629833906,0.0177010464123,0.0177010464123,0.35198214896,0.0660435360053,0.489400908246
C000142,0,0.206513208532,0.018095042132,0.00766890049755,0.556511399678,0.00766890049755,0.00766890049755,0.133591561595,0.0622820865701
C000143,0,0.00865258908926,0.0267707643907,0.0224978428579,0.498042536113,0.0441501419754,0.116165338979,0.0245155710644,0.25920521553
C000144,3,0.00824639698591,0.0113040237168,0.0113040237168,0.00953303640386,0.0113040237168,0.792339600747,0.013574964363,0.14239393035
C000147,1,0.00783608337373,0.035851850006,0.0318665738717,0.00999713703441,0.640006856772,0.0570294414267,0.0285688119876,0.188843245528
C000148,4,0.0822348291349,0.184487595581,0.0100533929407,0.198145547597,0.0100533929407,0.00966693292042,0.42692067854,0.0784376303453
C000149,2,0.0123633990692,0.0122977154205,0.0122977154205,0.0122977154205,0.0122977154205,0.0104023326487,0.747179030254,0.180864376346
C000150,3,0.0105788337617,0.0127709506563,0.0127709506563,0.0106099930149,0.0543040217269,0.629183905832,0.0133901619959,0.256391182356
C000152,1,0.843283091512,0.010567300042,0.0100386727402,0.0080040594429,0.00782430414664,0.00787304749856,0.0114333294201,0.100976195198
C000153,0,0.00537981011535,0.00733234453892,0.00733234453892,0.851749135545,0.00733234453892,0.00733234453892,0.00630713997109,0.107234536213
C000154,2,0.00381994269017,0.0287614372683,0.00403880275701,0.00405940798502,0.0277812826629,0.00169228639831,0.00434860213291,0.925498238105
C000155,0,0.00295111988033,0.00404186184662,0.0100346877734,0.00443933115859,0.0356601796938,0.00311311717059,0.00519107447722,0.934568627999
C000156,3,0.170062219228,0.0460452187497,0.295097958548,0.012037926141,0.0969346304258,0.0162673331112,0.0325874358192,0.330967277977
C000157,3,0.0287505936608,0.0305904812577,0.0305904812577,0.0328758087866,0.0305904812577,0.0301716886189,0.0289296043934,0.787500860767
C000159,2,0.0850155199823,0.0116282838961,0.570123189359,0.180297904369,0.0214472175664,0.00957936434079,0.0129680313932,0.108940489093
C000160,4,0.0620508359357,0.0286170532103,0.0286170532103,0.0255893825826,0.0286170532103,0.0275169920639,0.0304147521763,0.768576877611
C000162,3,0.15210602694,0.0129342861433,0.0696566842174,0.0053162437884,0.0129342861433,0.192624420507,0.137523512911,0.416904539349
C000164,2,0.543060189012,0.0117762666678,0.0788752022474,0.0117762666678,0.280659158282,0.00970127234536,0.0120592167794,0.052092427998
C000168,0,0.00278035575716,0.0138026512774,0.00387817179137,0.001849134889,0.00387817179137,0.0143994827384,0.00312589957743,0.956286132178
C000169,1,0.00565759811085,0.00573359502492,0.00707680106953,0.118847542088,0.0400298226973,0.0298805763179,0.130969037765,0.661805026926
C000170,0,0.0116631380793,0.0230427091146,0.163638419174,0.074472374953,0.0983232615791,0.0577324716742,0.0465057532408,0.524621872185
C000171,0,0.00333624985212,0.00463858077858,0.00463858077858,0.00311289410353,0.060037192017,0.00463858077858,0.879079673357,0.0405182483341
C000172,0,0.0233377540967,0.0274353452024,0.0274353452024,0.0244540256601,0.0274353452024,0.0233651003484,0.0199392779101,0.826597806377
C000173,0,0.0351211148656,0.00917048686663,0.223537431103,0.640606311203,0.00917048686663,0.00917048686663,0.0110743417512,0.062149340477
C000174,2,0.0273887587426,0.0316212327765,0.0316212327765,0.0316212327765,0.0267314272738,0.0201046884914,0.0427010288798,0.788210398283
C000175,4,0.0116570715627,0.00669108077503,0.788626583805,0.00581455029113,0.1416892289,0.00654248278558,0.00583498684628,0.0331440150339
C000176,2,0.0104554310423,0.0113730703559,0.224673934267,0.285001859434,0.0201979349904,0.305318484933,0.0172128419158,0.125766443062
C000177,0,0.0733687514862,0.0144804052515,0.209218791462,0.443507799139,0.00871902620342,0.0144804052515,0.0424268034458,0.19379801776
C000179,1,0.0286366980676,0.190961514681,0.0159714115776,0.0146725541332,0.328146071986,0.0168124514667,0.0141995643736,0.390599733714
C000180,0,0.00712468454732,0.198723564989,0.0408382435101,0.00620816437743,0.0740105639257,0.478698495765,0.0139020635818,0.180494219303
C000181,4,0.0156380876882,0.0133827270568,0.0160249067047,0.0139256465551,0.755023268993,0.0108410155089,0.0149428239908,0.160221523503
C000183,4,0.0126335372091,0.0858270177551,0.0134267924685,0.414185810607,0.152391125779,0.0131286053097,0.030446007199,0.277961103672
C000184,4,0.00532069748432,0.00610495895022,0.00387343142144,0.00275140497251,0.00406258498005,0.0201081272312,0.00480378859508,0.952975006365
C000185,1,0.306247838816,0.577377988691,0.00845476811653,0.00853231919202,0.00889998845315,0.00889998845315,0.0102078900276,0.0713792182505
C000186,4,0.0081206533141,0.020482398569,0.182506888695,0.0177992077165,0.005127394272,0.0193926048995,0.574548379606,0.172022472928
C000187,0,0.00650601525794,0.00904555585007,0.369851132248,0.00806260148123,0.509637848871,0.00904555585007,0.0157803471845,0.0720709432571
C000189,2,0.00867306514633,0.014458456584,0.0083469680438,0.0083469680438,0.0102554323258,0.658662177324,0.00812782736298,0.28312910517
C000190,3,0.353543764917,0.0228993410298,0.0228993410298,0.019311729799,0.0228993410298,0.0171433659122,0.0320657166471,0.509237399635
C000191,1,0.00627009753931,0.0056457128246,0.010439192878,0.426992468203,0.0355322556129,0.010988911203,0.394832573074,0.109298788665
C000192,1,0.000890201564291,0.894962086129,0.0256665947197,0.00102783291597,0.00491638226484,0.0661793230477,0.00119061422487,0.00516696513368
C000193,1,0.043213440681,0.0281960048956,0.107902053938,0.0268254523671,0.118823096958,0.0281960048956,0.0330717196565,0.613772226608
C000196,3,0.781377758031,0.0111594274174,0.0111594274174,0.00941109382654,0.013334336478,0.011006651591,0.010613549879,0.15193775536
C000197,0,0.0179574818249,0.0249669572441,0.0249669572441,0.0222538702756,0.657434706331,0.0209068994307,0.0250143357347,0.206498791914
C000198,4,0.00619563443281,0.0160689614225,0.00837286225767,0.0154487433236,0.0160689614225,0.00539880322767,0.385570360148,0.546875673766
C000200,3,0.576714234082,0.0128242107309,0.0135539437046,0.214423809867,0.0614702546783,0.0135475337493,0.0144550278516,0.0930109853366
C000201,0,0.0111944964019,0.736825513901,0.0141195307958,0.0691944004861,0.0141195307958,0.0141195307958,0.0210601795855,0.119366817238
C000202,4,0.317952153014,0.354236596227,0.0260205567639,0.00688383373011,0.00769831141918,0.134003487487,0.105816516138,0.0473885452214
C000203,2,0.00961384858104,0.187495593935,0.0216510997861,0.0108128581676,0.0108128581676,0.69841655026,0.0101788398012,0.0510183513014
C000204,0,0.0170424728762,0.0308614642421,0.0115782531715,0.00984594910629,0.0132459132613,0.0106646197158,0.818754433405,0.0880068942222
C000205,4,0.00144461349915,0.00317791778584,0.00317791778584,0.00180548404255,0.00317791778584,0.00228941172081,0.00455926542453,0.980367471955
C000206,0,0.00585686953,0.00814302431516,0.00814302431516,0.0120514914566,0.721688622627,0.106320014855,0.00858883222068,0.12920812068
C000207,0,0.912644302105,0.0414690759845,0.00242656777088,0.0210626501074,0.00242656777088,0.00242656777088,0.00685843477806,0.0106858337128
C000209,1,0.00695318731172,0.822464216994,0.0100075694171,0.0237897971753,0.00690138316673,0.00898765889661,0.0100337228579,0.11086246418
C000210,1,0.39714436098,0.0680443170658,0.0611351948049,0.372294313952,0.014307266562,0.014307266562,0.0104297820184,0.0623374980545
C000212,1,0.580067361343,0.0682344314769,0.109239865528,0.119347322617,0.00807978348943,0.00807978348943,0.00596926556327,0.100982186493
C000214,3,0.00162264066353,0.00499586025432,0.00499586025432,0.0110976655384,0.00827999649857,0.0127265507067,0.00646921099301,0.949812215091
C000215,0,0.0102744942757,0.199722158643,0.51700701708,0.0613450401354,0.0941871761821,0.010943696327,0.0105040042885,0.0960164130685
C000216,0,0.0353087236134,0.0266993486941,0.0266993486941,0.0121968852802,0.0168138476951,0.316648744697,0.021895765007,0.543737336319
C000218,2,0.0041660986529,0.0213485672115,0.478746667605,0.0089849464444,0.0678976692216,0.00895743390128,0.302755079691,0.107143537272
C000219,2,0.0873406228496,0.558590815636,0.00437307356636,0.212826423275,0.113616565629,0.00360253201208,0.00513244455859,0.0145175224738
C000220,2,0.133434471951,0.0297819468301,0.0297819468301,0.0166286829448,0.0656285393131,0.0223878981488,0.0509345920375,0.651421921944
C000222,1,0.00352306579866,0.00443781222583,0.00421581145994,0.00158700258812,0.0120978966776,0.00956340452368,0.00579742905207,0.958777577674
C000223,0,0.870459814081,0.00546385634756,0.00650002784849,0.0114229669466,0.00650002784849,0.00650002784849,0.0304388624926,0.0627144165865
C000224,3,0.0128727995134,0.032334581831,0.017893575004,0.0784650690245,0.0499363076836,0.0280048309837,0.212175797329,0.568317038631
C000226,1,0.00196205315351,0.00217504643296,0.965546181172,0.00208519264055,0.00217504643296,0.00217504643296,0.00278969582508,0.0210917379099
C000227,0,0.00436645774556,0.00935201385233,0.0209099027018,0.749100669792,0.00481019161369,0.126255653572,0.016488294862,0.0687168158612
C000228,3,0.00450488308328,0.0519830436863,0.560263131281,0.0035998893314,0.321236611459,0.00577548342425,0.00700023336407,0.0456367243705
C000229,2,0.313292438879,0.0371057551234,0.0124893750526,0.0163185520361,0.431046081505,0.0135546968089,0.0494521082734,0.126740992321
C000230,0,0.0129299187952,0.0789774352715,0.435346848516,0.0157847140802,0.0177091120182,0.0177091120182,0.0344935122121,0.387049347088
C000232,2,0.107692569658,0.127991066742,0.023818541645,0.023818541645,0.0955656878974,0.223375016466,0.023971031755,0.373767544192
C000233,0,0.0081279641324,0.0112457814281,0.250310188394,0.010023734915,0.64073629685,0.0112457814281,0.0147278652031,0.0535823876491
C000234,0,0.174380332528,0.0060908867139,0.00704632163775,0.0222322750264,0.730388190725,0.0060908867139,0.0078325442322,0.045938562423
C000235,1,0.00918870007667,0.0103125856714,0.00979670041059,0.805406687954,0.0103125856714,0.0103125856714,0.013141920297,0.131528234247
C000236,4,0.00746192569133,0.00764650163276,0.00764650163276,0.852663970297,0.0087517171477,0.00747668530455,0.0609787457292,0.0473739525644
C000237,4,0.820867583001,0.00578276281696,0.00578276281696,0.00502522183656,0.0608954411396,0.0371512497122,0.00714332520077,0.0573516534764
C000238,2,0.0100252648946,0.430739810552,0.0111185879164,0.32783741217,0.150046463006,0.00934357520974,0.0125432321085,0.0483456541424
C000239,0,0.00768473625446,0.0092709596069,0.0106843756473,0.00888073616045,0.0056225210292,0.772881952837,0.0928532654753,0.0921214529895
C000240,3,0.00686175837721,0.725391938826,0.00840967718482,0.00698668553265,0.00623599686668,0.0084057000652,0.0108584172239,0.226849825923
C000241,1,0.0156853439326,0.633865131254,0.0172996185515,0.0220585319681,0.01107916229,0.0102904063983,0.0251716523307,0.264550153275
C000242,4,0.0082610296453,0.0366351789933,0.00888364025435,0.535566984337,0.00888364025435,0.187623218922,0.16637111386,0.0477751937336
C000245,4,0.00402661209299,0.00333658864058,0.00333658864058,0.00125218516213,0.00181676402394,0.00274149169583,0.00320552568764,0.980284244056
C000246,3,0.670327096435,0.0106197849645,0.0135873852224,0.0112882796419,0.180645590413,0.0134013699432,0.0198924564924,0.0802380368874
C000248,0,0.0457279352258,0.0203229383932,0.770045676215,0.0199649531786,0.0203229383932,0.0203229383932,0.0175131044575,0.0857795157435
C000249,4,0.0346152499352,0.0354112603997,0.034703918184,0.0322178424276,0.0360297755561,0.0346447637623,0.0357587112846,0.756618478451
C000250,3,0.452618513119,0.0137035570223,0.0137035570223,0.0113847941472,0.0137035570223,0.327644997293,0.0203836720702,0.146857352304
C000252,2,0.0495273996804,0.00897595016356,0.00288382430735,0.0370195615442,0.00897595016356,0.0482841750219,0.0104631619288,0.83386997719
C000253,4,0.450633568838,0.256041110677,0.0235668480655,0.0144890480478,0.0235668480655,0.0211360338641,0.0291777977258,0.181388744716
C000254,3,0.00916047880917,0.0117497446376,0.0249508418811,0.00976158407366,0.0209492806862,0.0115888871957,0.164262579548,0.747576603168
C000257,1,0.671576970667,0.00980404744038,0.00931360171401,0.00932749191211,0.207816022644,0.00980404744038,0.0124678194617,0.0698899987212
C000258,4,0.0893010861743,0.7636815286,0.00706832241102,0.00614237333469,0.0297245145667,0.0069113465002,0.0105028370186,0.0866679913942
C000259,2,0.00732709564178,0.0101694281039,0.301385011914,0.0101694281039,0.173286706285,0.00854594279808,0.0100059941706,0.479110392983
C000260,1,0.0693161453611,0.594503243334,0.00472090954507,0.0503497912644,0.0745833138101,0.0442214635473,0.0142967659434,0.148008367194
C000261,3,0.0141731125439,0.0194282667462,0.0194282667462,0.0251679471752,0.0264939278861,0.202869662403,0.0300186957635,0.662420120736
C000262,3,0.00480642256167,0.00616498754012,0.00616498754012,0.0378659873329,0.00616498754012,0.00608058705688,0.846415797162,0.0863362432658
C000263,3,0.852071684832,0.0863686037601,0.00609922457597,0.00381444552973,0.0107499295763,0.00421757845209,0.00521086681791,0.0314676664558
C000264,0,0.00897937399193,0.15890225202,0.012298175139,0.0428174230733,0.60987916931,0.012298175139,0.0138814218947,0.140944009432
C000265,3,0.517879506643,0.00615720147833,0.00787110237185,0.00660969373716,0.00487788031151,0.390416452972,0.0158645541872,0.0503236082981
C000266,3,0.021174255359,0.0441372662531,0.0971107720584,0.0132193876432,0.0366910240492,0.0367684128671,0.0318424123884,0.719056469382
C000270,2,0.0186684486415,0.0197494853072,0.0197494853072,0.0197494853072,0.409484007144,0.0170573520699,0.0242152431102,0.471326493113
C000271,4,0.00819046154215,0.852349767613,0.0532477721662,0.00729356906254,0.00839305832647,0.0109715064408,0.00985215685769,0.0497017079907
C000272,3,0.00502865352901,0.88139912281,0.00545345529884,0.0500929193551,0.00466319443762,0.00636173061559,0.00725852408978,0.0397423998636
C000274,0,0.00609361712033,0.0084721833266,0.0055149576523,0.0894560888669,0.0084721833266,0.728020228659,0.0140312469489,0.139939494099
C000275,2,0.0302950947098,0.0342291927667,0.044274120435,0.102017082103,0.0349766943003,0.0288137528403,0.0458383588634,0.679555703981
C000276,4,0.267970432195,0.00734989571986,0.00734989571986,0.577934911171,0.00734989571986,0.067837641131,0.00646271048701,0.0577446178559
C000280,2,0.00753285507691,0.00763623909379,0.0992185883318,0.134670968007,0.0955348055463,0.509921115193,0.0457029454873,0.0997824832647
C000281,0,0.00334870813597,0.25748683851,0.707447618464,0.00358496463273,0.00402202662272,0.0029473823446,0.00535989747627,0.0158025638131
C000283,3,0.0102476065884,0.0119058069583,0.0119058069583,0.0105288344066,0.0119058069583,0.0119001764427,0.753953299705,0.177652661982
C000284,3,0.0040283047133,0.00828931938641,0.00828931938641,0.406691594931,0.00828931938641,0.479888194196,0.0122907232095,0.072233224791
C000285,4,0.0117040795868,0.00375580794178,0.00440358499925,0.0158275282616,0.00254006449118,0.00449800703377,0.0168494617135,0.940421465972
C000286,4,0.00643555693508,0.00683964324135,0.00463283520382,0.17605714887,0.759573566652,0.00529686661574,0.00663224563801,0.0345321368439
C000289,0,0.0137234073795,0.0292579659496,0.31875617845,0.0111654772412,0.0170510877999,0.435024058024,0.113524510177,0.0614973149793
C000290,2,0.0164297970959,0.016342509691,0.016342509691,0.678793833449,0.016342509691,0.0134629370913,0.0185457251488,0.223740178142
C000292,1,0.221209446797,0.00991627329854,0.0110510260974,0.0114376471013,0.0116329629987,0.0442415295245,0.013704812223,0.67680630196
C000294,1,0.0106853152616,0.0128347820905,0.0172694731285,0.139203603122,0.142255554255,0.0401661431812,0.0192139928042,0.618371136157
C000295,1,0.0226140734638,0.0884960544028,0.0178439663539,0.0256479131143,0.0267531166413,0.0204506661173,0.0411116808649,0.757082529042
C000296,0,0.00883609423966,0.0218081649499,0.0119906931254,0.0106876992145,0.680843067488,0.0119906931254,0.0227096253942,0.231133962463
C000297,0,0.0151295048545,0.0248613363293,0.0190352934826,0.0221597268798,0.458709055132,0.0248613363293,0.029220356384,0.406023390608
C000298,4,0.0265554191538,0.0169957308236,0.0232718738486,0.0349690367163,0.0375929149812,0.122470573308,0.0716359941874,0.666508456981
C000299,2,0.00833470939764,0.009326354857,0.132606727699,0.00787697907352,0.0157789681381,0.0122372184835,0.744482719163,0.069356323188
C000302,1,0.0205358386432,0.0230476121295,0.0218946594392,0.0220954874647,0.0230476121295,0.023862675857,0.0270648212912,0.838451293046
C000303,4,0.00161679593449,0.0142127424487,0.00659419839011,0.15338708729,0.0295803327262,0.0987923777975,0.00966670263836,0.686149762775
C000305,1,0.041969607867,0.0299664076637,0.403747673092,0.0101737234125,0.0175617926842,0.416211494432,0.013458023293,0.0669112775563
C000306,4,0.181626680648,0.00723650429751,0.00723650429751,0.719526901246,0.00723650429751,0.00695832760494,0.00997632060103,0.0602022570079
C000310,3,0.0102708700687,0.00721319996688,0.00947347093742,0.0131129953039,0.0298339138677,0.0036758593435,0.0102561290586,0.916163561453
C000311,2,0.577755712257,0.0146911433972,0.0146911433972,0.0146911433972,0.0146911433972,0.0123197156591,0.0182209669285,0.332939031566
C000312,3,0.223657792239,0.0320921765867,0.0320921765867,0.0294350948493,0.0275433239352,0.0320769994971,0.0372382309877,0.585864205318
C000313,2,0.233203505736,0.00815076978294,0.00815076978294,0.0100490787104,0.00670014114481,0.00683508175048,0.669791264612,0.0571193884802
C000316,2,0.011054386995,0.0301786367363,0.0095665398025,0.793346914326,0.0120808489506,0.0101674243215,0.0242151267942,0.109390122074
C000318,0,0.0369411399117,0.0418003935302,0.318361058746,0.0106462472331,0.51841365659,0.011757483637,0.0122535088744,0.049826511478
C000319,0,0.555050892548,0.0750117166941,0.0134070434681,0.0265155721621,0.0134070434681,0.0134070434681,0.0146831268554,0.288517561336
C000320,2,0.00991459746279,0.00498717525554,0.0318457075824,0.647402442931,0.00391515161367,0.242332263399,0.0116633927861,0.0479392689698
C000322,4,0.00685955118552,0.00734303901666,0.00793988033545,0.006899757314,0.850869173126,0.00763466533656,0.00770475894269,0.104749174743
C000323,0,0.0623638203434,0.00281421272741,0.910719301877,0.002508400377,0.00281421272741,0.00281421272741,0.00302004576716,0.012945793453
C000324,0,0.00263983958042,0.00495945343534,0.0119723693229,0.0135739562296,0.00451542884532,0.00196258949427,0.00412491559869,0.956251447493
C000325,4,0.0121949311722,0.0131140288937,0.00842599923442,0.0121646795829,0.535502417103,0.283015229197,0.0150058831485,0.120576831668
C000326,3,0.0364239922153,0.0204454257161,0.0204454257161,0.0169858791153,0.630856618534,0.020165521856,0.0244952307097,0.230181906138
C000328,3,0.00805453764106,0.0207143302298,0.529802299859,0.211233776025,0.03083923274,0.059680395599,0.0352577712886,0.104417656617
C000330,4,0.0845565931055,0.44608751002,0.372357968709,0.00516265903463,0.00577349171375,0.00564527188058,0.0567949874977,0.0236215180388
C000331,4,0.0660868678614,0.596462745916,0.0621268971798,0.132552764741,0.0378603975832,0.0119595077099,0.0155146421831,0.077436176826
C000332,2,0.00828911644175,0.00957006058504,0.00957006058504,0.286372211926,0.00735959479824,0.0330226501175,0.0192082411913,0.626608064355
C000333,0,0.0537450595564,0.0222722377066,0.0232348103423,0.00478539915024,0.0962610682728,0.132994565761,0.285418387661,0.38128847155
C000335,3,0.0293807259602,0.0119496383785,0.0117065533461,0.00843094470191,0.00479312180219,0.0055577888009,0.150714860503,0.777466366507
C000336,4,0.00773772048424,0.00802295531329,0.107122764679,0.0650170593769,0.00802295531329,0.00771454684949,0.754250238374,0.0421117596095
C000337,2,0.179878153551,0.0193137506954,0.40824242743,0.0311930319933,0.239769924508,0.0240309804413,0.0312986658737,0.0662730655072
C000338,0,0.278701182778,0.0118094917216,0.0117342281846,0.0349100497257,0.0181173775556,0.0867414820734,0.0365786542039,0.521407533757
C000339,2,0.0164445735168,0.0173968319109,0.0173968319109,0.0173968319109,0.0173968319109,0.385660705321,0.0200019013207,0.508305492197
C000340,2,0.0211760182089,0.0239647926075,0.0237673713648,0.202296209642,0.122157645016,0.0120178353604,0.0391122449306,0.55550788287
C000341,2,0.00540621744788,0.853878772048,0.0062649034903,0.0082638704452,0.0185441140569,0.00345203325899,0.00780556995223,0.0963845193001
C000342,1,0.013957340717,0.0183778759706,0.00871382360683,0.0210297280629,0.016557008418,0.692720885191,0.0217028476494,0.206940490384
C000343,2,0.588764566319,0.310879261537,0.0060706889036,0.00569656431891,0.00420204688955,0.00500102520085,0.00804287081746,0.0713429760133
C000346,1,0.015099795332,0.0155592344994,0.0490588825825,0.0145100347783,0.152620465081,0.575897845718,0.0664642508449,0.110789491164
C000348,0,0.252451770741,0.0166430821375,0.617562078947,0.0148345265805,0.0107233282016,0.0166430821375,0.0207099578307,0.0504321734242
C000350,4,0.0978804119546,0.0123068790897,0.0123068790897,0.0106946799478,0.55736932646,0.243442387311,0.0111215826644,0.054877853483
C000351,3,0.0222052225884,0.0160680488089,0.0155948893842,0.013516175109,0.0160680488089,0.760657375347,0.0187597669996,0.137130472954
C000352,0,0.00875604436037,0.158566223424,0.0121552750566,0.0108509576801,0.118546038143,0.0121738552935,0.627969854308,0.0509817517338
C000353,1,0.00394433813554,0.00478683910315,0.00466339107796,0.926372142377,0.00447805375533,0.0039866939952,0.00629066937195,0.045477872184
C000356,1,0.00241063521665,0.00529426149269,0.503892151471,0.42234915502,0.0068571713669,0.0068571713669,0.0124599431928,0.0398795108734
C000358,0,0.484036647401,0.0298974754204,0.0298974754204,0.0266486033147,0.0207785915004,0.0251350310746,0.0375854329566,0.346020742912
C000359,0,0.0280045385476,0.02045024991,0.503532620739,0.0182279804523,0.02045024991,0.02045024991,0.0265418266111,0.36234228392
C000361,3,0.0985831532237,0.00713029678908,0.015164448122,0.00644459622977,0.00526531015184,0.800084946245,0.0088851825742,0.0584420666645
C000363,4,0.0131679349733,0.00824312319717,0.00944161532048,0.378803665605,0.00944161532048,0.537520533647,0.00909156955336,0.0342899423832
C000364,1,0.0110084112946,0.0138403948847,0.80486786495,0.0420978052733,0.0138403948847,0.0138403948847,0.0150024769317,0.0855022568967
C000365,0,0.0222882630252,0.0275579979043,0.0275579979043,0.0245633500479,0.0275579979043,0.0275579979043,0.022478137735,0.820438257575
C000366,3,0.0303623743203,0.0129930361842,0.0110203771895,0.0309495017103,0.0819881959095,0.709335882177,0.0144742490975,0.108876383411
C000367,2,0.0196436305441,0.344965241784,0.00439373073463,0.00245705583754,0.00275996174623,0.0206812669183,0.547172376526,0.0579267359093
C000368,0,0.079816057765,0.0234299941067,0.018143542365,0.531725849695,0.0234299941067,0.0234299941067,0.0223758132443,0.27764875461
C000369,2,0.00647204121915,0.013729334778,0.0847141712017,0.0155664867073,0.0155664867073,0.0130813949033,0.0725127467864,0.778357337697
C000371,2,0.00496329554618,0.00713625592991,0.80558328256,0.00628354647113,0.00713625592991,0.00616348365357,0.0143082850638,0.148425594846
C000372,1,0.0148382783078,0.00887472538131,0.0185604459244,0.0185881267593,0.0195378219883,0.0195378219883,0.487217788356,0.412844991294
C000374,4,0.00971096587595,0.0350790713083,0.114729711432,0.0134779044747,0.670529434912,0.0151652240666,0.0132610100838,0.128046677846
C000375,4,0.00615275631723,0.00661647228515,0.00508439782352,0.00349435566053,0.00409203309583,0.878402772494,0.00693136906,0.0892258432634
C000376,0,0.0286314161873,0.0229568371387,0.0322107834178,0.325479580183,0.0398073265925,0.0810709228122,0.0420067668114,0.427836366857
C000380,4,0.00229952541861,0.00572496145524,0.0221297035288,0.0367840112711,0.00472331231967,0.0287209177334,0.0930405914865,0.806576976787
C000381,0,0.0146261711382,0.0220620870272,0.0220620870272,0.557209021098,0.0220620870272,0.0593025211638,0.0243771158449,0.278298909673
C000382,2,0.0079839517473,0.0193555567059,0.00990840343101,0.418831356769,0.0925382577232,0.351096593786,0.0129993321749,0.0872865476627
C000383,0,0.00286846393574,0.753261826359,0.00536567653605,0.00456893163914,0.00322577627305,0.173476152077,0.0139918525014,0.0432413206794
C000384,1,0.00343366267115,0.00691896134622,0.805229759229,0.0939505101144,0.00588325215681,0.0103905702183,0.00872183245925,0.065471451805
C000386,0,0.0159852162306,0.00932255169459,0.0222251689878,0.422542950583,0.0113167803462,0.025811135827,0.393697980976,0.0990982153543
C000387,3,0.00591667443974,0.00935381650002,0.137748255035,0.00500948128086,0.00575470458593,0.00922576001531,0.101554340671,0.725436967472
C000388,2,0.0184031565033,0.110814881328,0.0201795804587,0.204409156833,0.0200306408056,0.0175032957661,0.0241242817181,0.584535006587
C000389,2,0.0202234056127,0.015245893594,0.0233485943055,0.0233485943055,0.0233485943055,0.0192345399971,0.290790978406,0.584459399474
C000390,3,0.00941719587846,0.0129089353493,0.0129089353493,0.0108587814693,0.0429759877445,0.0110813859302,0.815456602922,0.0843921753569
C000392,0,0.00480451691483,0.00828017411426,0.00828017411426,0.00275623267924,0.00828017411426,0.00828017411426,0.888544774212,0.0707737797369
C000393,4,0.708650337961,0.0188294959477,0.0134786966653,0.014628301559,0.0117362038491,0.046680945069,0.0245734656321,0.161422553317
C000394,3,0.0114790003945,0.0140685058283,0.0140685058283,0.0116879903921,0.259185447735,0.025287887686,0.0203668022221,0.643855859913
C000395,2,0.00672354292783,0.359578915673,0.00706682034199,0.313283335058,0.0137025925885,0.191932591321,0.0407494808338,0.0669627212555
C000396,0,0.00104473720643,0.0131297282964,0.0201680558239,0.010408884694,0.043873140244,0.0236133635488,0.00559082442611,0.88217126576
C000397,2,0.624077629244,0.0218255586016,0.0218255586016,0.0236379331159,0.0240957374483,0.0126618702312,0.0398384047905,0.232037307967
C000398,0,0.0034664050745,0.00891381883874,0.00607583908942,0.0399601138845,0.00891381883874,0.879644877754,0.010672868844,0.0423522576765
C000400,0,0.0831483420467,0.0154172253602,0.0223966838626,0.155535965993,0.0223966838626,0.146134573063,0.0332900029827,0.521680522829
C000401,4,0.045985100551,0.00862954802667,0.00862954802667,0.03049871065,0.00862954802667,0.00749013377961,0.0165555254307,0.873581885509
C000402,3,0.0187699485637,0.00747423804322,0.0103048173519,0.0225891136408,0.00293806648788,0.829442504223,0.00674820115816,0.101733110531
C000403,0,0.0163303825664,0.0223661365558,0.457011952841,0.0199356732425,0.0223661365558,0.156722411699,0.0209571705366,0.284310136004
C000405,2,0.0818985020502,0.149771289017,0.0215454431863,0.0215454431863,0.0215454431863,0.0189539384907,0.359196384205,0.325543556678
C000406,3,0.0124769371414,0.0160036203702,0.0160036203702,0.358189053286,0.0160036203702,0.0157845261248,0.463617514787,0.10192110755
C000407,4,0.00508891276032,0.291198528583,0.00358681155815,0.00489346723589,0.00284693496976,0.00564508490116,0.655995224911,0.0307450350801
C000408,4,0.023844891752,0.0256420142917,0.149910667013,0.0229291013675,0.0256420142917,0.0246563158891,0.0290377874112,0.698337207984
C000410,1,0.00744118387697,0.296797653774,0.0848195844784,0.46956460051,0.043021397122,0.00751747337998,0.0125487696959,0.0782893371627
C000411,3,0.164495612339,0.0121204717213,0.0121204717213,0.0680457439047,0.236796352059,0.442399112176,0.0101521436661,0.0538700924129
C000412,0,0.0306483175339,0.473030801349,0.0063234797834,0.0146657046746,0.0156525408027,0.0191864535194,0.0068686073518,0.433624094985
C000414,3,0.0207165576964,0.0255728308173,0.0255728308173,0.305366535426,0.0232183577037,0.0255607368683,0.0714273073186,0.502564843353
C000416,4,0.001798584246,0.0176326795557,0.0268912806995,0.00768364661356,0.0100693319924,0.00461334692583,0.00509109094778,0.926220039019
C000417,3,0.00645718196356,0.00828234426726,0.00620173626949,0.195440393455,0.00828234426726,0.00827842736616,0.732193333544,0.0348642388673
C000418,1,0.024120972046,0.04680713675,0.0294117314484,0.0296815095635,0.0309605262581,0.408132351481,0.0436827470541,0.387203025399
C000419,4,0.192931726047,0.0144391645897,0.0117517334336,0.014164547211,0.0728618267552,0.0258392041194,0.0136830156295,0.654328782215
C000420,0,0.0159718269905,0.432346215031,0.0198447088837,0.0362524621013,0.0304908835452,0.0684077348552,0.203892962349,0.192793206244
C000422,1,0.0141042150206,0.0172571776689,0.134093343311,0.0164183400898,0.0161436251825,0.0415092626964,0.0923030247785,0.668171011252
C000423,1,0.0129006703986,0.0154866824194,0.0195599722792,0.118110137898,0.0205899824844,0.0158986421229,0.0328346615888,0.764619250809
C000424,2,0.00516082052465,0.631919790667,0.00608742376341,0.00608742376341,0.00608742376341,0.302092253423,0.00855854385655,0.0340063202385
C000425,3,0.0168130184237,0.0215195010189,0.0216915053107,0.02010989776,0.0168451080417,0.0213945422563,0.71688350328,0.164742923909
C000426,4,0.00959852113453,0.902089264217,0.00592582073054,0.00529887171384,0.00592582073054,0.00579421791838,0.00668085318892,0.0586866303663
C000427,0,0.00399775807872,0.00555823227313,0.00555823227313,0.00312472505058,0.00555823227313,0.11273514131,0.751867611663,0.111600067078
C000428,4,0.023177213205,0.0249240146873,0.0249240146873,0.0222870657799,0.0249240146873,0.049636543616,0.0256186592158,0.804508474122
C000431,2,0.0104456898431,0.812135929801,0.0103901945042,0.0103901945042,0.0103901945042,0.00878880798756,0.0122369770004,0.125222011855
C000432,1,0.0103870567621,0.0295933277117,0.00285623256353,0.0129161689629,0.0907015528852,0.608515037661,0.171917580707,0.0731130427465
C000433,1,0.0186241867813,0.0228417370242,0.6119239474,0.0217314449616,0.00604374700792,0.0331694993051,0.0272490779693,0.25841635955
C000434,4,0.0295896677564,0.0318197579333,0.0318197579333,0.0284532426682,0.0318197579333,0.037095449172,0.0309593701786,0.778442996425
C000436,0,0.563460873264,0.00302451074778,0.059817419899,0.0250475807779,0.0129343160554,0.301295698554,0.00650408016766,0.0279155205342
C000437,3,0.0273233668815,0.0290719194306,0.0290719194306,0.0245172580317,0.0290719194306,0.0286739163474,0.031666529533,0.800603170915
C000438,3,0.32514283522,0.27863149659,0.0136566256376,0.0115170591126,0.0136566256376,0.0134696624369,0.237177915487,0.106747779879
C000439,4,0.0464020462239,0.0181010170023,0.0181010170023,0.00771076333573,0.0145248847802,0.0889884956722,0.0186355546264,0.787536221357
C000440,0,0.0244319625176,0.178462301039,0.0304087637981,0.3725510197,0.0797084980065,0.0304087637981,0.0425348008725,0.241493890268
C000443,4,0.207909367846,0.00570131949758,0.737598358303,0.00495444757867,0.00330206671573,0.0055747024916,0.00481873345415,0.030141004114
C000445,4,0.0230328293698,0.0247687490479,0.0247687490479,0.0221482271714,0.0247687490479,0.458459085506,0.0256937229358,0.396359887874
C000446,1,0.00440183591612,0.00579597475978,0.838180135758,0.00551424378793,0.0612214772037,0.0044907691037,0.0212605647858,0.0591349986853
C000447,4,0.00343446680907,0.205221198118,0.703203032116,0.00305837720329,0.00351942074333,0.00338413155094,0.0642486957467,0.0139306777127
C000448,3,0.16888900183,0.0657106733826,0.00836660837055,0.00695090434214,0.642122584223,0.00825206705398,0.0121511169309,0.0875570438666
C000450,0,0.0234821069421,0.122165148131,0.0158871951459,0.00736138498313,0.0950662984082,0.641047480683,0.0114146154803,0.0835757702262
C000452,3,0.0024357849166,0.765582571089,0.00317181362317,0.00266807680596,0.0409971529792,0.1691682315,0.00374156262862,0.0122348064581
C000453,3,0.00187601442229,0.0042483657617,0.055639309493,0.00912313942887,0.048385563619,0.00676572519471,0.770855820455,0.103106061626
C000454,3,0.00560095604758,0.00767769731519,0.118073551151,0.00645835114026,0.00767769731519,0.787597300428,0.0101025051795,0.0568119414237
C000455,0,0.632981914387,0.0495096822286,0.00487577353438,0.248781945627,0.00567876824287,0.00567876824287,0.00686041863508,0.0456327291018
C000456,4,0.0131077911496,0.0135909823654,0.0135909823654,0.011810565905,0.0331187827255,0.0123129000573,0.789977412985,0.112490582447
C000457,3,0.153969013175,0.00611077418207,0.665280233441,0.00758335202438,0.0658557003504,0.00912355111847,0.0141884174841,0.0778889582242
C000458,1,0.0157156224688,0.0448836901645,0.589175773805,0.0196871885331,0.126404128525,0.0206930364738,0.0277517513446,0.155688808686
C000461,2,0.0177472650817,0.0176529782988,0.728044060013,0.0176529782988,0.0176529782988,0.0152466285192,0.0201427648042,0.165860346685
C000462,0,0.0182926883224,0.025433007349,0.125486917278,0.0226692760647,0.025433007349,0.499620736293,0.172736874526,0.110327492817
C000463,3,0.00988168395868,0.00658185429587,0.00437703345417,0.0562781212604,0.00975633218907,0.0510338961523,0.278610960738,0.583480117952
C000464,3,0.0226019915283,0.0289905838211,0.0289905838211,0.00722681475391,0.508647625983,0.0285936942463,0.0141879595296,0.360760746317
C000465,3,0.119471503704,0.00700303073344,0.552110448382,0.257754497325,0.00700303073344,0.00699971884759,0.0128934690518,0.0367643012235
C000468,2,0.00752817062821,0.00826085315867,0.457437832339,0.00826085315867,0.0311200091151,0.438612616599,0.00760086453919,0.0411788004614
C000469,1,0.0042419878813,0.00534339883422,0.873793087445,0.0629412580617,0.00254821605294,0.00534339883422,0.00714102501396,0.0386476278765
C000470,3,0.00708042234471,0.00822612976915,0.660813899213,0.0072340006832,0.112349657366,0.00811351164573,0.0160248550389,0.180157523939
C000471,2,0.51192423816,0.0140111730712,0.0140111730712,0.0140111730712,0.0140111730712,0.191335388446,0.0166780923708,0.224017588739
C000472,4,0.0262016412104,0.0281763853395,0.0281763853395,0.0292942232868,0.0281763853395,0.027093263799,0.0282261805252,0.80465553516
C000473,1,0.00880247968774,0.20667247858,0.0104071719587,0.122594898989,0.468182689688,0.00415096942648,0.0126617869905,0.166527524679
C000474,0,0.0141276878742,0.0252673323645,0.530057199725,0.0488438897463,0.0300379916478,0.157458138947,0.00976050904327,0.184447250652
C000475,2,0.00898432976966,0.00932076452833,0.289573152034,0.624733757647,0.00932076452833,0.00767843304732,0.0114166060747,0.038972192371
C000476,1,0.0673026364116,0.0294690314267,0.0232067249859,0.0329281876035,0.0599712284234,0.212319839476,0.0566993643313,0.518102987341
C000477,0,0.0434687859705,0.114186409627,0.00485503520121,0.00359872550606,0.00485503520121,0.0271676218472,0.781027299018,0.0208410876284
C000481,4,0.170928572589,0.214248978133,0.0127288541387,0.0136071663967,0.0174678786802,0.00273719373647,0.0137809599447,0.554500396381
C000482,0,0.00883335023944,0.0160218638184,0.0122813365426,0.010946759253,0.00685683014608,0.0122813365426,0.788037283664,0.144741239794
C000484,0,0.00297487147109,0.00413607484331,0.00413607484331,0.0079698326281,0.00413607484331,0.00475330497108,0.0245074087738,0.947386357626
C000485,3,0.0395889631195,0.024834183036,0.0272159310861,0.0226107551809,0.0457422354212,0.140453166403,0.252597267875,0.446957497879
C000491,4,0.00591297054059,0.0113038887159,0.0031630297783,0.00982308114848,0.0298674741619,0.770723585144,0.0112170927123,0.157988877798
C000492,0,0.0369040315258,0.018344029173,0.13425595184,0.0104193324459,0.00549456708824,0.0458541038461,0.0132962578364,0.735431726244
C000493,2,0.0131502487392,0.0363100430026,0.0151823994785,0.018640288424,0.277424623732,0.0127586247874,0.0647135685029,0.561820203334
C000497,2,0.0174284283734,0.0112971448304,0.016002137525,0.230077491206,0.0112971448304,0.0547269887752,0.0629478065437,0.596222857916
C000498,1,0.354466364738,0.0108523409964,0.0103094545717,0.479106899877,0.0108523409964,0.0108523409964,0.019172935769,0.104387322055
C000499,1,0.104524360286,0.0241195174441,0.00609482262092,0.758597618605,0.00492329676571,0.0208305208183,0.0154055321174,0.065504331343
C000502,1,0.00667637377425,0.0133876976848,0.267169058496,0.0127369479428,0.149949181787,0.0129779271615,0.454718766746,0.0823840464077
C000503,4,0.113663925399,0.00716257766232,0.0331729119318,0.0314426008349,0.00996524756348,0.00340905450435,0.00590019488139,0.795283487223
C000504,3,0.0228477314258,0.0384107804113,0.0297517015156,0.0247174508584,0.262165850767,0.321812792387,0.041970947077,0.258322745558
C000505,4,0.00580804662131,0.00761119596381,0.0809179632436,0.761214676353,0.0899324116723,0.00940827560334,0.00730096944802,0.0378064610942
C000506,3,0.0060251174384,0.00784574592039,0.00439605209399,0.00659971082877,0.219583735081,0.70864142074,0.00778717132515,0.0391210465724
C000508,1,0.0133062156504,0.0391597225536,0.00508513372979,0.0248725631272,0.00442558077438,0.0367862828912,0.00664088402066,0.869723617253
C000509,0,0.012158800248,0.567866639528,0.0169048338118,0.0150678344582,0.0109397793306,0.0934624204156,0.205927756099,0.0776719361084
C000510,1,0.0126115231007,0.015246915778,0.0361947822832,0.0533757888104,0.00814912034174,0.685092852948,0.0232881241692,0.166040892569
C000511,0,0.0114286780854,0.0482155243486,0.0145281100961,0.617049880627,0.0186745773265,0.19807085222,0.0277055809798,0.0643267963168
C000512,1,0.00466167353072,0.916743442236,0.00583104978149,0.00583974614183,0.00398760922854,0.00613810751634,0.0075717023752,0.04922666919
C000513,4,0.0229737736737,0.0209039319046,0.0660115218245,0.114160653417,0.0209039319046,0.162983244151,0.0289572894606,0.563105653665
C000514,0,0.0257097559903,0.214391824776,0.0092932391592,0.0190761433239,0.130564189301,0.168123696426,0.0272261881328,0.405614962891
C000516,1,0.00193774273828,0.00975376635795,0.0140723449231,0.00927965489454,0.180577419616,0.00975376635795,0.61743620927,0.157189095842
C000517,4,0.00347627665692,0.00469844940179,0.00469844940179,0.927837564802,0.00632727071967,0.00451783745698,0.00798754975004,0.0404566018104
C000518,1,0.709246799745,0.0101883114132,0.00967864295008,0.0390532520417,0.026222459083,0.124963368558,0.0123200771861,0.0683270890222
C000520,0,0.214215905796,0.0224946287887,0.0224946287887,0.523618638587,0.0211373620693,0.0224946287887,0.0314502653204,0.142093941861
C000521,0,0.00614841447139,0.52581717067,0.00854837012909,0.00761944349328,0.369951324427,0.00854837012909,0.00915670236695,0.0642102043134
C000523,2,0.449643350259,0.408062469843,0.0115868894999,0.0425657703964,0.0115868894999,0.0103980831568,0.0101939490548,0.0559625982899
C000526,3,0.0460253542178,0.0249243911119,0.0249243911119,0.0207069640088,0.0249243911119,0.0846250537008,0.021412040746,0.752457413991
C000529,3,0.698626923356,0.0173600354403,0.0173600354403,0.0165245951772,0.0173600354403,0.0173518255012,0.0175008712349,0.19791567841
C000530,3,0.0106570768911,0.0233201974395,0.187459507679,0.0157986429131,0.218232840672,0.0264997985657,0.0121345724434,0.505897363395
C000531,4,0.00552454353307,0.630553130606,0.195444921468,0.00531236710975,0.00594091286735,0.122025063283,0.00526173921505,0.0299373219182
C000532,3,0.3545310872,0.00680143802228,0.00680143802228,0.570743479751,0.00680143802228,0.00679822147402,0.00668315760773,0.0408397399003
C000533,2,0.295698828181,0.0158287069539,0.0158287069539,0.0353284833065,0.0102707675627,0.27478241623,0.0221671623118,0.3300949285
C000534,2,0.299003977704,0.00365339034498,0.387013397151,0.00365339034498,0.242730006362,0.00300965796039,0.0266414725293,0.0342947076041
C000535,2,0.688752404355,0.00616072919572,0.235098074351,0.00552917176066,0.00878135937511,0.00507520027014,0.00647297118817,0.0441300895037
C000536,3,0.0125196419775,0.0107936227104,0.506395029674,0.0139876201704,0.0153439019145,0.040790286114,0.263072540513,0.137097356926
C000539,1,0.00168623171206,0.032125557273,0.0164849536267,0.00310403588083,0.0054618408696,0.00167281426121,0.00857216598469,0.930892400392
C000540,1,0.0129700291761,0.0170778655023,0.0733449977158,0.047642020447,0.0170778655023,0.0245879617217,0.11228112179,0.695018138145
C000541,4,0.544387697741,0.00727015285443,0.0164241306394,0.012495505272,0.0164241306394,0.260306379161,0.013482836936,0.129209166757
C000542,4,0.0222278070957,0.017828159002,0.718562537989,0.0168081745335,0.0230471885621,0.022161237221,0.0270184140156,0.152346481581
C000543,4,0.0112920180132,0.302130388782,0.0120010397646,0.554375654222,0.0120010397646,0.0115397107289,0.0128245815336,0.0838355671919
C000544,0,0.0119845025592,0.0166625012295,0.020517310889,0.0148518354561,0.0166625012295,0.598653682038,0.0229068461652,0.297760820433
C000545,4,0.00788776906128,0.027401508682,0.198606141603,0.0238119155397,0.338910711415,0.134020466702,0.0345608380239,0.234800648973
C000547,2,0.346823177787,0.0176697906181,0.297775012213,0.0176697906181,0.0857594356147,0.0128500778704,0.0203177965014,0.201134918777
C000548,3,0.0365531156389,0.021747930116,0.021747930116,0.0966550349367,0.429591826581,0.0489368003451,0.0267032005587,0.318064161707
C000549,3,0.0841629559023,0.00908702688703,0.00908702688703,0.0373113838846,0.259802332619,0.524331374176,0.0128520391443,0.0633658604993
C000550,3,0.0273685565002,0.0301599098953,0.0301599098953,0.0254347943857,0.0301599098953,0.0301456466166,0.0424591471443,0.784112125667
C000551,1,0.00925380775714,0.265580684759,0.314316805074,0.3368750844,0.0101970659985,0.0101970659985,0.00881418676873,0.0447652992445
C000552,4,0.0097120860343,0.0104440586891,0.0104440586891,0.178900219228,0.0104440586891,0.00794683295442,0.0110968664483,0.761011819268
C000553,2,0.0329182115884,0.0096831301885,0.0717809572385,0.0184449263154,0.0111447440745,0.0879761812081,0.006169395675,0.761882453712
C000554,3,0.00314492552119,0.189387715489,0.0091681859891,0.0267038700278,0.00228944190579,0.307771202329,0.427810034566,0.0337246241717
C000555,4,0.555470775178,0.0169779968878,0.0169779968878,0.0069739788298,0.0289704738108,0.0166009432717,0.0180300280224,0.339997807111
C000556,1,0.0037776553643,0.00841445550751,0.153745481387,0.00800544531923,0.00841445550751,0.737180956963,0.0132545394519,0.0672070104993
C000557,4,0.0714980894108,0.0228019711864,0.0214522932431,0.392845634862,0.0228019711864,0.0208557905426,0.0272526231408,0.420491626428
C000558,1,0.0163354150938,0.0237022450806,0.0250617688093,0.0225501254082,0.0237022450806,0.0237022450806,0.0294239619464,0.8355219935
C000559,2,0.00930016487676,0.0112996787162,0.0112996787162,0.532889672744,0.0140115158211,0.287117288817,0.0768185358097,0.0572634644993
C000561,2,0.0303385911369,0.0341296857351,0.0341296857351,0.0341296857351,0.0341296857351,0.0300062789419,0.0342660310982,0.768870355883
C000563,2,0.003504468526,0.00374622962869,0.00374622962869,0.826540262515,0.00374622962869,0.134999609827,0.00451690165799,0.0192000685874
C000564,3,0.00494447404304,0.0054570306754,0.0054570306754,0.0449022630173,0.813304975195,0.00545444992667,0.0945988241836,0.025880952284
C000566,0,0.0226394603187,0.0282588165605,0.0355170847559,0.30093205931,0.0357011185778,0.0224529392149,0.0489748034796,0.505523717783
C000567,2,0.88711818115,0.00777059982092,0.00777059982092,0.00777059982092,0.00777059982092,0.00657295777733,0.00791348552803,0.0673129762614
C000568,4,0.0288123610597,0.482840798771,0.162840153608,0.0165611736119,0.0516915180552,0.0181093361142,0.0155975688677,0.223547089912
C000569,1,0.00747215630866,0.0453785438981,0.00721316930844,0.366644739726,0.434170322401,0.0309903667335,0.0145898220077,0.0935408796174
C000571,0,0.252952560978,0.0271569078884,0.0271569078884,0.0157169136566,0.0259004628439,0.0243384912128,0.0310721067195,0.595705648813
C000577,3,0.00527551439073,0.0219641425637,0.00496990083154,0.00679036517745,0.00818227809161,0.0149989778705,0.00807890139811,0.929739919676
C000579,2,0.00457532595504,0.651979257154,0.0118333476122,0.0617975650783,0.00535000362228,0.00819048468745,0.0169589089528,0.239315106938
C000580,3,0.73234215206,0.00606547039493,0.00606547039493,0.051383773372,0.125657548257,0.00598243233054,0.00908307885889,0.063420074332
C000582,1,0.00494093268735,0.0149829033693,0.0860649556616,0.0592702316561,0.729195044535,0.00584839940463,0.0194312476056,0.08026628508
C000583,0,0.00496088455232,0.721749973542,0.00679454075757,0.0151977863001,0.0074655880452,0.0677511754142,0.146752475799,0.0293275755896
C000586,0,0.0100612790698,0.0139885718279,0.0139885718279,0.012468474222,0.269174351583,0.0139885718279,0.518144526706,0.148185652935
C000587,1,0.00334975867403,0.17408192727,0.0179997382948,0.00767448162822,0.050534237672,0.684771745143,0.00997673781105,0.0516113735071
C000588,1,0.375484340337,0.015923815521,0.0151272294868,0.0152659834892,0.015923815521,0.0279588964342,0.0210349901805,0.513280929031
C000592,0,0.00599358605803,0.00761903323119,0.0181525599565,0.315709805447,0.508262894815,0.0978092514658,0.00719191401264,0.0392609550137
C000594,4,0.0861041965995,0.0607336826773,0.0733659970752,0.0116782154087,0.00761256345548,0.00862493148709,0.0405578349078,0.711322578389
C000595,1,0.012211925746,0.00833978113489,0.113616258803,0.29009377866,0.0074592492877,0.110360302551,0.0291492823991,0.428769421418
C000596,1,0.719998644752,0.0105252584752,0.00999873429531,0.0100904473485,0.0105252584752,0.0105252584752,0.0133690555288,0.21496734265
C000597,0,0.783839253016,0.00715644675484,0.0743061624623,0.00637877640272,0.00715644675484,0.00715644675484,0.0110889866446,0.10291748121
C000599,2,0.0136133639065,0.0149382905597,0.489500087849,0.149694629774,0.0149382905597,0.0125534863239,0.0236478087404,0.281114042287
C000600,2,0.0194298778897,0.00740706852434,0.0109581493597,0.00740706852434,0.0110686081723,0.00610193290134,0.575595411559,0.362031883069
C000602,0,0.0808094505408,0.0117594037839,0.0470995362792,0.00982581012247,0.00881824790222,0.0152512683941,0.0104421018295,0.815994181148
C000604,3,0.0107486207145,0.0106529803809,0.0091825563642,0.0425337851487,0.00403919375926,0.0149546521037,0.00746174709522,0.900426464434
C000605,1,0.0503779469794,0.00800925986171,0.00760859806417,0.767782837545,0.0278275018257,0.070675469638,0.01477044837,0.0529479377155
C000606,1,0.00765901838521,0.00559336783701,0.00402342200988,0.00884315588302,0.00354450339265,0.00929496595834,0.870555918269,0.0904856482651
C000607,3,0.682272369595,0.0126851415652,0.0126851415652,0.00725927542882,0.0126851415652,0.0125114782656,0.0169015863089,0.242999865706
C000609,2,0.872849848956,0.00444347955093,0.0419603118991,0.00444347955093,0.00444347955093,0.0036605323657,0.0505190121541,0.0176798559718
C000612,3,0.00710914809045,0.587943338594,0.259901508046,0.00767040829565,0.00911859264061,0.00911428025942,0.0143673786609,0.104775345413
C000615,3,0.00803525765752,0.134435708067,0.00991884306555,0.00846950456983,0.00991884306555,0.373551906529,0.40809943494,0.0475705021054
C000617,0,0.00740508666564,0.00616574583753,0.00482359865074,0.00366289981325,0.00616574583753,0.00718972065716,0.0494291073199,0.915158095218
C000618,2,0.00581697922856,0.00671589596195,0.00546810583492,0.00671589596195,0.00671589596195,0.847966552576,0.0114955360634,0.109105138411
C000619,4,0.0128493811553,0.0347719613976,0.0592570914316,0.107559196686,0.0410347290951,0.105017810488,0.0391522263052,0.600357603441
C000620,2,0.00801168491794,0.0141186523579,0.58033746302,0.0141186523579,0.062966510321,0.00863785578417,0.155114391103,0.156694790139
C000621,2,0.00593780498483,0.0068553933156,0.0182869179045,0.0068553933156,0.0068553933156,0.00564746362028,0.882578209696,0.0669834238477
C000622,0,0.0638845185537,0.0228804800507,0.0530984115155,0.0234175648817,0.41274021999,0.0228804800507,0.135456712989,0.265641611969
C000624,4,0.0164494239426,0.250864994415,0.0176891708385,0.0158176649716,0.0124338962789,0.0170091857468,0.0199346847861,0.64980097902
C000626,1,0.226422750669,0.00457818358209,0.00434916076411,0.00435564705227,0.00457818358209,0.0564150443477,0.670612806204,0.028688223798
C000627,4,0.00630488574411,0.00329657211837,0.00329657211837,0.00487092964121,0.00148562261629,0.00216442333242,0.00326024789636,0.975320746533
C000628,1,0.00659509379175,0.177279380445,0.00307980009264,0.00308439327095,0.639734509024,0.0198209613049,0.00218679457958,0.148219067491
C000629,2,0.53139206427,0.364622400572,0.00536121908326,0.0430393156631,0.00536121908326,0.00453492233308,0.00780825950925,0.0378805994853
C000630,1,0.00950103740273,0.0121950772724,0.0115850207047,0.0116912839165,0.0121950772724,0.0278598436472,0.431145212326,0.483827447458
C000631,2,0.0368509152311,0.0540504629398,0.483474864987,0.0182309784204,0.136366413554,0.0155235697521,0.0218276160442,0.233675179071
C000633,1,0.00507470126938,0.832598576039,0.0034753720898,0.00635715198919,0.00902821090444,0.00668194840318,0.0497705975021,0.0870134418033
C000635,4,0.00491801633781,0.0106449685324,0.00851685671073,0.064821909359,0.00343877688916,0.0094453794252,0.0679496760147,0.830264416731
C000636,2,0.0318968561075,0.00260730445631,0.93561482263,0.00260730445631,0.00260730445631,0.00225189210619,0.00321328668253,0.0192012291052
C000637,1,0.00195417875061,0.0647893688275,0.656334631712,0.106744234834,0.0205272857161,0.00520452818306,0.00875692569274,0.135688846284
C000638,0,0.189032216066,0.443399865123,0.00663590757136,0.00591480270544,0.00375029692016,0.308372494716,0.00617769561063,0.0367167212875
C000639,4,0.0149489806872,0.0290924884853,0.0150564171737,0.127608889237,0.0934670547842,0.0395781228877,0.0268517592589,0.653396287486
C000640,2,0.00607918226494,0.00604688508924,0.887013464217,0.00604688508924,0.00604688508924,0.0049814156512,0.00795032463169,0.0758349579677
C000641,4,0.00265979605259,0.0576028849465,0.00749724882813,0.161965258415,0.555696543754,0.00404859733303,0.165441020389,0.0450886502814
C000644,3,0.190947498934,0.0147538941701,0.0147538941701,0.0119319706439,0.0147538941701,0.111914956842,0.583550031609,0.0573938594615
C000645,4,0.242604886625,0.206693008324,0.445522293495,0.00963885344508,0.00709493930258,0.00872698878106,0.010171540593,0.0695474894343
C000647,0,0.132527960286,0.0221237660998,0.0654487720133,0.540307387881,0.0221237660998,0.0221237660998,0.0388987671482,0.156445814372
C000648,2,0.0167715498451,0.0894745909195,0.0177359895618,0.0177359895618,0.608013239971,0.0149045502572,0.0201162695142,0.215247820369
C000649,4,0.00414837009405,0.795835813742,0.00425098292446,0.0912009418234,0.0725786063706,0.00408757192911,0.00383864769172,0.0240590654251
C000650,3,0.000785469297528,0.00569984092301,0.0127831100027,0.0631434244822,0.0316207297991,0.00832341982777,0.0201992910961,0.857444714572
C000651,4,0.00358792556436,0.00532869770106,0.00805676123673,0.00720435972733,0.00385417788336,0.391757517747,0.524064913331,0.0561456468092
C000652,3,0.0968475036196,0.0155089565718,0.117991249857,0.0899867519783,0.0155089565718,0.31433177449,0.253470784939,0.0963540219731
C000654,2,0.00847438662748,0.0165866485974,0.0165866485974,0.0831297686526,0.660231670043,0.108678027636,0.0166246570267,0.0896881928192
C000657,0,0.0233267985569,0.0319484470011,0.0319484470011,0.028476701751,0.0319484470011,0.0319484470011,0.519306392545,0.301096319143
C000660,3,0.00457128340627,0.0157907502817,0.0148258883771,0.0044044324177,0.00482024175965,0.00481796216228,0.00577324091899,0.944996200676
C000664,1,0.01207433741,0.253456359181,0.0176446766051,0.180061208581,0.0304263604035,0.0906847405516,0.0351944357507,0.380457881517
C000665,2,0.0247696074484,0.016709422597,0.00802416170995,0.46883627981,0.016709422597,0.01443169276,0.0336601147916,0.416859298286
C000666,1,0.0090144690967,0.846165452183,0.00941404371388,0.00950039371244,0.00990977862387,0.00990977862387,0.0118862224382,0.0941998616077
C000667,4,0.815037199404,0.00229720251112,0.0474182156824,0.111723454396,0.00173721759787,0.00220889631099,0.00260402375974,0.0169737903371
C000668,4,0.0124429297524,0.0129016122479,0.0129016122479,0.0178646147244,0.354960332857,0.0126150884851,0.476265803056,0.100048006629
C000669,3,0.00736855029857,0.0101006860907,0.0101006860907,0.00672091495466,0.406062516639,0.0100959092561,0.0130525907415,0.536498145929
C000670,0,0.00351259367428,0.00481085788801,0.116139676561,0.00428807588796,0.00481085788801,0.00481085788801,0.7969022387,0.0647248415125
C000672,3,0.586312525684,0.00515110932276,0.00515110932276,0.00427949613184,0.00515110932276,0.00508058912897,0.339759749177,0.0491143119104
C000674,2,0.0137880769369,0.854315951433,0.0445123057441,0.0350098349538,0.00589371500864,0.00547646053452,0.00628031980769,0.0347233355816
C000675,0,0.0120323315161,0.0151762856754,0.0151762856754,0.0135271226439,0.010514036336,0.0151762856754,0.745553340446,0.172844312032
C000677,2,0.0303385911369,0.0341296857351,0.0341296857351,0.0341296857351,0.0341296857351,0.0300062789419,0.0342660310982,0.768870355883
C000678,4,0.082339575272,0.0171997184202,0.0171997184202,0.526826305857,0.183828680026,0.0165385482493,0.0186142509273,0.137453202829
C000679,0,0.19181977354,0.00899701529978,0.00244949290461,0.431830026466,0.00295531113496,0.0369962665431,0.279616392831,0.0453357212808
C000680,4,0.175003599385,0.477192410739,0.0119840737383,0.126066407626,0.0119840737383,0.0639342280652,0.0123212676473,0.121513939061
C000681,1,0.0913826359852,0.0181184360006,0.090578517097,0.0405942021502,0.00735013585438,0.0181184360006,0.138208001458,0.595649635454
C000682,4,0.410716921157,0.111895092321,0.301625515428,0.0105577087936,0.0269565004905,0.012635164004,0.00824892202648,0.117364175779
C000683,3,0.19693065918,0.305383244918,0.00812878703989,0.00694101101576,0.0336779484818,0.00801750156692,0.409211055571,0.0317097922267
C000684,3,0.461527697999,0.0318954262383,0.00596835549146,0.447141420156,0.00596835549146,0.00596553292607,0.0100543771957,0.0314788345016
C000687,1,0.0586730173271,0.0134198587767,0.0197522231365,0.0169629441468,0.642483451125,0.017139913879,0.0986989081611,0.132869683448
C000688,2,0.00505449548476,0.0194622010201,0.00599954182626,0.00401442927599,0.00484122658899,0.00430271567925,0.00890475092462,0.9474206392
C000694,1,0.00979258082541,0.125262568701,0.0201808446479,0.0102853763473,0.0393430587044,0.0160315343633,0.0449270113301,0.73417702508
C000696,3,0.0041151507523,0.00496788099568,0.403682923935,0.00412727165594,0.495827420892,0.0048998692513,0.00776007207312,0.074619410444
C000699,2,0.00630959537463,0.032920948067,0.00674487242848,0.0691394833309,0.00674487242848,0.0055564166649,0.818130875806,0.0544529359001
C000700,1,0.00343676478503,0.00950451907889,0.0860235212971,0.00904252303714,0.308027268154,0.179472542358,0.0141453143216,0.390347546968
C000701,2,0.0106449271285,0.376949237783,0.0164660342027,0.00819599861857,0.359507093097,0.0138373352926,0.0201354824048,0.194263891472
C000702,1,0.00357878338346,0.00379641365233,0.0289747023597,0.00361187742638,0.00379641365233,0.00427448305893,0.00779353126103,0.944173795206
C000704,3,0.0696850491705,0.0196406915969,0.0212483005074,0.019351729484,0.416299600778,0.113561278587,0.0208407763375,0.319372573538
C000705,4,0.0202421656791,0.00691623886039,0.0217677608704,0.0189161877672,0.246399292238,0.198220103459,0.0353497891191,0.452188462007
C000706,3,0.0107654443347,0.287378261897,0.00770905736163,0.0320054265156,0.00770905736163,0.606002512447,0.0172398146836,0.0311904253995
C000707,1,0.00338344309028,0.00375073723741,0.00356310727539,0.00359578975674,0.00375073723741,0.941438892265,0.00426290836548,0.0362543847722
C000708,1,0.00368328036323,0.00270717873355,0.00292573252976,0.82842612988,0.00693796895341,0.0030797989221,0.126163133457,0.0260767771613
C000709,2,0.00435672943512,0.00448764610726,0.224392169107,0.00561323928331,0.00561323928331,0.500260873938,0.0107849126029,0.244491190243
C000710,4,0.150380353282,0.0256075648434,0.0256075648434,0.0222529780497,0.0281588574212,0.154344160869,0.0342995139458,0.559349006746
C000711,4,0.055549773581,0.00848627431828,0.0824906054241,0.393251759388,0.00300302516919,0.0140402650144,0.392907664374,0.0502706327309
C000712,3,0.125403248962,0.0193371999164,0.0117687825648,0.0104788427805,0.726532582888,0.00736192874605,0.0233552222907,0.0757621918514
C000713,0,0.00368876496066,0.0273932182936,0.00512870288548,0.419582058567,0.0756347812042,0.434973540624,0.00631477756777,0.0272841558974
C000715,4,0.00764837990384,0.326026607733,0.0174005045061,0.0212037664741,0.0140205380944,0.0132326843624,0.0279063623257,0.5725611566
C000716,1,0.0231223899743,0.857900529134,0.00786740982481,0.00768313109429,0.00807567376621,0.00784851905712,0.0116195833282,0.0758827638213
C000717,4,0.0164133584813,0.0227687960659,0.71435036619,0.0203598682643,0.0227687960659,0.022263138246,0.0223556793404,0.158719997347
C000719,1,0.262442296238,0.00352363300885,0.0317108265229,0.0160067019401,0.124856841534,0.00909736799108,0.508125988251,0.0442363445147
C000720,2,0.478642087578,0.0161735372232,0.258591897861,0.0161735372232,0.0114214129155,0.0135915336182,0.018228057875,0.187177935706
C000721,1,0.00502547665259,0.00609890616016,0.00506636519747,0.0109919824798,0.0208789072839,0.0167528855461,0.00894884236893,0.926236634311
C000724,2,0.00784452805865,0.0139955782223,0.00917805281739,0.847562541638,0.0361444215927,0.00823639134674,0.00926554079372,0.0677729455301
C000725,3,0.0301264141846,0.0160828609056,0.0160828609056,0.0135286347982,0.079487880224,0.678829895001,0.0231695930435,0.142691860938
C000728,0,0.0111567018822,0.114216552074,0.723277502804,0.01106142855,0.0140718608636,0.0140718608636,0.0238077174226,0.0883363755403
C000729,4,0.0207688763147,0.0378177556792,0.0862458715295,0.0311800904653,0.0319451977103,0.03264747111,0.045144382282,0.714250354909
C000732,3,0.0216925753803,0.0258449613584,0.0337686551328,0.0237608149044,0.0258449613584,0.0262387222755,0.022443809183,0.820405500407
C000734,0,0.00962986753676,0.0131890928743,0.0131890928743,0.0117558723319,0.0131890928743,0.0131890928743,0.81468348331,0.111174405324
C000735,4,0.00389693054113,0.00590717157048,0.675485755944,0.00528219562605,0.00590717157048,0.00577598292574,0.250863064153,0.0468817276693
C000737,4,0.0681875054559,0.00386418070216,0.410717007999,0.00335797366407,0.00386418070216,0.489144532057,0.00380199452289,0.0170626248969
C000738,2,0.0202765891769,0.0275598194147,0.0275598194147,0.0275598194147,0.0275598194147,0.0321393673864,0.0302754309968,0.807069334781
C000739,3,0.0446259626572,0.712155115052,0.0175352925127,0.0145681661516,0.0762899864988,0.0279068274282,0.0188724204432,0.088046229256
C000741,1,0.00469161832089,0.0459749661428,0.00540890835203,0.00252029966539,0.0120167225311,0.792023925009,0.0832100350465,0.0541535249319
C000743,1,0.00518487621906,0.0140844415739,0.00386211477987,0.00255097397087,0.0040654902029,0.00181232212858,0.00518379101298,0.963255990112
C000746,0,0.0227377616512,0.0276189857869,0.0190633874003,0.0316994804442,0.0871679384864,0.015916631452,0.161898068364,0.633897746415
C000747,4,0.0186533063552,0.019824540755,0.730582101751,0.0172275291682,0.019824540755,0.014361934372,0.0468262622931,0.13269978455
C000748,2,0.00685505097203,0.0304554804666,0.0176630455471,0.157902260654,0.625431918343,0.0212613953402,0.00826232213061,0.132168526547
C000749,3,0.61695072917,0.00760058026343,0.224994371221,0.0123825985617,0.014904586177,0.00719212129749,0.0230763088548,0.0928987044546
C000750,3,0.00867180677213,0.00735918660921,0.0563830496173,0.00364663731763,0.0223372044713,0.00725843719131,0.0106920522321,0.883651625789
C000752,3,0.0153947104135,0.0602442817845,0.023941758202,0.0218660275589,0.120597666339,0.0123859088551,0.0255284307218,0.720041216125
C000754,2,0.00983443944904,0.0961972964311,0.00380568697218,0.0037609136452,0.0037609136452,0.00309823550779,0.851798909328,0.0277436050213
C000756,0,0.0121484257205,0.016890409719,0.016890409719,0.0150549777898,0.513248724391,0.016890409719,0.0199510876984,0.388925555243
C000757,0,0.0199671058365,0.00809296743563,0.00809296743563,0.0255820475172,0.150444614995,0.022067404609,0.00744205614412,0.758310836027
C000758,4,0.0048528475424,0.00503173758398,0.00503173758398,0.00494876219833,0.00182517996827,0.0039337601719,0.00524381115678,0.969132163794
C000759,2,0.317466668936,0.0126303225649,0.21392556553,0.0126303225649,0.0762797161177,0.0110648383196,0.0135082956588,0.342494270309
C000761,3,0.833080048012,0.0055676700076,0.0055676700076,0.110152859321,0.0055676700076,0.00556503693512,0.00520620852771,0.0292928371808
C000763,4,0.58471608427,0.00794087279027,0.00794087279027,0.00710073222342,0.00794087279027,0.00565555830056,0.346219642826,0.0324853640095
C000764,2,0.0153749952707,0.022759756768,0.631070732227,0.0238252851469,0.00595043081107,0.0318201665044,0.0270118458379,0.242186787434
C000765,0,0.234254353486,0.0228861181302,0.0228861181302,0.0359588168742,0.0136565642556,0.0228861181302,0.0306858705034,0.61678604049
C000766,1,0.0076575299922,0.022775222959,0.0216358964884,0.0216681640147,0.022775222959,0.022775222959,0.261712665998,0.61900007463
C000769,3,0.0292021412769,0.0113538786647,0.0584409132043,0.0944074099425,0.0113538786647,0.0169813491696,0.0162499862552,0.762010442822
C000770,4,0.0278700703772,0.0516196252888,0.204540193772,0.0929738919251,0.00436282081721,0.00513227499044,0.0116128509592,0.60188827187
C000771,2,0.00960819654355,0.00955715059717,0.00955715059717,0.00955715059717,0.00955715059717,0.00825437625261,0.869268152622,0.074640672193
C000772,0,0.00962671404863,0.0131847738483,0.357487471385,0.188947419527,0.0131847738483,0.0108710272863,0.346127970498,0.0605698495581
C000773,3,0.065926799835,0.220593884114,0.604803356594,0.00995285539,0.0207678649815,0.0111443039532,0.0176653145026,0.0491456206298
C000775,4,0.0271353328772,0.0271390417135,0.0271390417135,0.0242677439996,0.0271390417135,0.0260957964457,0.0251054862777,0.815978515259
C000776,0,0.00781193887195,0.0282472512192,0.00697265830491,0.261775160452,0.0106992528108,0.0106992528108,0.0564626121455,0.617331873385
C000778,2,0.849207659027,0.00411907441988,0.00463544646721,0.00463544646721,0.00463544646721,0.105311152215,0.0048820254353,0.0225737495017
C000780,2,0.0126709516595,0.0122810834132,0.136687556344,0.312609421589,0.0254686372686,0.0567695543871,0.0109031609416,0.432609634397
C000781,3,0.0045755036241,0.00419537273836,0.341803940145,0.49605275762,0.00595809778971,0.00344752929013,0.0066847630587,0.137282035734
C000783,3,0.0646886906348,0.0229627661214,0.100581769501,0.0255426642413,0.0251570599836,0.0278817196554,0.0334444722401,0.699740857622
C000785,0,0.00476926785876,0.00324670586975,0.00258327962622,0.00824286808662,0.00307882366757,0.00421754581232,0.00457090201015,0.969290607069
C000786,4,0.00534959225153,0.0186848926964,0.721533895243,0.0162371748183,0.0195864212892,0.0074088275471,0.0251452418038,0.186053954351
C000787,2,0.0100854561224,0.00551674948075,0.0116439944833,0.0116439944833,0.648660283917,0.00978510391916,0.0172322956665,0.285432121928
C000788,4,0.0054660307689,0.00768012702671,0.011449648125,0.00775979190111,0.0364054398591,0.00738489714126,0.802714873743,0.121139191435
C000791,0,0.00756669506504,0.695061881259,0.0212314271215,0.00937705253073,0.0111913219346,0.00818081403588,0.0170683041638,0.23032250389
C000792,3,0.023506024457,0.0472941872711,0.0309387933386,0.387733555694,0.0309387933386,0.198324817561,0.0343676641614,0.246896164179
C000793,4,0.0107242588141,0.0186273628893,0.0109895308429,0.0107058218275,0.0109895308429,0.0107454712891,0.686863849809,0.240354173686
C000794,4,0.0145566761082,0.170268210077,0.0154706845677,0.0175250234438,0.613157516181,0.0151271058994,0.0490039520546,0.104890831668
C000795,1,0.00700033959647,0.221776433774,0.0132768187518,0.0350243611183,0.135267514774,0.479995650249,0.0200256825423,0.0876331991937
C000797,2,0.0336217081912,0.01487126835,0.395267417488,0.01487126835,0.363621073026,0.0349025920873,0.0152429215355,0.127601750973
C000799,1,0.0154681760936,0.0203672194799,0.0193483529544,0.0151223376384,0.0152353029417,0.0203672194799,0.0270524885497,0.867038902862
C000800,1,0.00995528133709,0.00926000312035,0.00902119645195,0.00880989252004,0.665269843629,0.16865795149,0.0212326262732,0.107793205178
C000802,1,0.00375179676645,0.727405324056,0.0054680743796,0.150110694195,0.0042053138528,0.0787216671818,0.0050101943199,0.0253269352484
C000803,3,0.0124952221713,0.56593733051,0.149017254411,0.00735505648762,0.0270088686643,0.0091909276596,0.0923320092542,0.136663330842
C000804,3,0.605425383633,0.0248634702171,0.0153089210201,0.0154815927805,0.124495004326,0.0619202796977,0.0255955982647,0.126909750061
C000805,1,0.0115961473479,0.771291248287,0.00703851671578,0.00704901387837,0.117206256394,0.00740915855223,0.0141983645232,0.0642112943015
C000806,3,0.00670683864242,0.0129028950178,0.0210773730587,0.0110339353099,0.292634587515,0.522014686472,0.0261053253567,0.107524358628
C000807,1,0.19453637141,0.0101828459838,0.00967345092782,0.00566956236523,0.0355595237639,0.00763747058022,0.0124213586193,0.72431941635
C000808,4,0.00519634484998,0.037867599583,0.00399988520974,0.00256021372531,0.00285735573065,0.0236035137851,0.0255846453506,0.898330441766
C000810,3,0.00878898317899,0.0095294077387,0.00646230947606,0.00651506327872,0.0095294077387,0.00630605950795,0.862614743455,0.0902540256258
C000811,2,0.0367242575671,0.186060841564,0.0275822946691,0.016805381926,0.0553881371501,0.0247523715167,0.0348129109616,0.617873804645
C000815,4,0.00974011602064,0.0066702797891,0.00998104459036,0.0986702324492,0.00659584117722,0.0206133754753,0.00935621180499,0.838372898693
C000818,1,0.0201197107841,0.0105570996646,0.0100289826348,0.0100439397438,0.60748137032,0.0105570996646,0.0201324203424,0.311079376845
C000819,1,0.461924849403,0.00787582719499,0.457710235345,0.00755046727112,0.00787582719499,0.00415617376886,0.0131852773969,0.0397213424251
C000821,3,0.00437687421642,0.00513245533898,0.132702301564,0.789995372957,0.0106704877472,0.005130028089,0.00740582624969,0.0445866538382
C000822,4,0.0108550232772,0.00514030148769,0.00514030148769,0.0130407535178,0.00470320031659,0.0255026246765,0.00651717192917,0.929100623307
C000823,2,0.0971992875014,0.188307983752,0.00757822050295,0.00757822050295,0.00757822050295,0.0199310139979,0.639260578225,0.0325664750149
C000825,0,0.00337597770539,0.00861965199116,0.534104702953,0.00954290295015,0.00539073259731,0.0107063286966,0.0113819120475,0.416877791059
C000826,0,0.479874154982,0.0984601359244,0.106316102057,0.00910724016849,0.0102175519621,0.259768281423,0.0104279523651,0.025828581118
C000827,4,0.00294650543284,0.00195442688629,0.0119605625356,0.00362873982598,0.00316857527412,0.00228577246897,0.0033440195987,0.970711397978
C000828,0,0.0051745730086,0.00658679510919,0.18220402572,0.554169500912,0.00444062817349,0.00205961074297,0.217478310444,0.0278865558901
C000829,4,0.0260895857554,0.0280558845794,0.0280558845794,0.0291689419163,0.0280558845794,0.0374935136558,0.0281065834778,0.794973721457
C000831,0,0.001793202704,0.0426597604846,0.76792418508,0.0445892945581,0.00476019953666,0.0953386568973,0.00564129501901,0.0372934057199
C000832,3,0.004741594618,0.00447808603837,0.0048154516298,0.0215528355146,0.00626438478014,0.00190219399251,0.0275023331345,0.928743120292
C000835,1,0.237310128308,0.0107121800011,0.0101763051052,0.0180285931076,0.0202167655733,0.207174115278,0.105720481194,0.390661431433
C000836,4,0.374114354254,0.0220184455536,0.0174142732056,0.0151330062724,0.0174142732056,0.0170275306041,0.399684845366,0.13719327154
C000837,4,0.00739356035364,0.00641269364541,0.177702491708,0.00665737233357,0.3538566923,0.38949066243,0.0170050647119,0.0414814625173
C000838,4,0.0947340321918,0.00872152306719,0.00347494848255,0.244435654126,0.0497267655318,0.547369289081,0.00778981631176,0.0437479712074
C000840,0,0.00282485525857,0.00714727308695,0.00714727308695,0.00637059961077,0.842990259819,0.00714727308695,0.00793598555528,0.118436480496
C000841,0,0.454538348021,0.114351924477,0.0262438554137,0.0312526027913,0.0198907566787,0.100071696624,0.0235462584579,0.230104557536
C000842,2,0.00839845396058,0.00921583720065,0.00921583720065,0.428940729487,0.0243807793207,0.452196677339,0.0120076611992,0.0556440242924
C000843,0,0.0256677290635,0.0303563715979,0.0303563715979,0.0270576325731,0.101295431037,0.0303563715979,0.0390999054996,0.715810187033
C000844,1,0.149131748603,0.185999684891,0.0115603120619,0.214249465063,0.120095890438,0.0216443669684,0.0255033824146,0.271815149561
C000845,2,0.00995894235694,0.234494434913,0.0114979301339,0.0114979301339,0.0247534559961,0.0257246493879,0.467065394836,0.215007262242
C000849,0,0.00759842374188,0.0154093946207,0.547649664588,0.00941637240116,0.335785298387,0.0105643721394,0.010638068953,0.0629384051696
C000850,1,0.00818875974231,0.00900206050737,0.00855173403443,0.825789173067,0.00900206050737,0.00900206050737,0.0104635716768,0.120000579958
C000851,4,0.0176273122351,0.312380716445,0.0123762007753,0.00934455340706,0.0063784323732,0.458066229231,0.0140580756424,0.169768479891
C000853,4,0.0317440435079,0.0262478017811,0.396787238062,0.18923365338,0.108222236079,0.0190139420041,0.0376947905313,0.191056294655
C000854,3,0.00506391748764,0.38086520937,0.157576086675,0.00650895163415,0.0108412225723,0.292252225483,0.0841282440529,0.0627641427243
C000856,4,0.0540715259852,0.0282096613398,0.0260938683533,0.0184568314897,0.0260938683533,0.0734236864386,0.0362748266213,0.737375731419
C000857,2,0.523867901115,0.0301346820611,0.0135640458302,0.0135640458302,0.0135640458302,0.0113745529055,0.324585066018,0.0693456604091
C000858,0,0.166791843806,0.00583749722129,0.00583749722129,0.773225611128,0.00583749722129,0.00583749722129,0.00603021885489,0.0306023373262
C000859,4,0.0136494079898,0.0145064494103,0.117655470989,0.753520500545,0.0145064494103,0.012594613444,0.012845275038,0.0607218331742
C000860,1,0.0121262077453,0.0163983793998,0.0627879336636,0.210916104423,0.0863626315665,0.0473318179885,0.0269092505021,0.537167674711
C000862,4,0.00885090743592,0.00940665273178,0.00940665273178,0.130181927412,0.00940665273178,0.77548877811,0.00805014758319,0.0492082812641
C000864,4,0.177493114844,0.0183404557234,0.0134440872215,0.0492662872874,0.0245759282447,0.016825797519,0.529918569507,0.170135759653
C000865,4,0.00654228132214,0.00695306881431,0.00472080418551,0.0051587425016,0.00840309739667,0.00831443359027,0.00995810905356,0.949949463136
C000866,0,0.00718593866401,0.250787002682,0.0134376026528,0.0140887554592,0.0509798226965,0.0112696207856,0.460945878606,0.191305378454
C000868,1,0.0180544653992,0.0227422171082,0.0216045417494,0.0495846772099,0.0227422171082,0.0260336637907,0.0269117420626,0.812326475572
C000869,0,0.122065169647,0.0290557967107,0.0325282317791,0.0237326493146,0.0290557967107,0.0290557967107,0.0349629118308,0.699543647296
C000873,1,0.0265097521764,0.0129598751194,0.0123115596757,0.0123299209937,0.0129598751194,0.0129598751194,0.766501395208,0.143467746588
C000874,3,0.0102115030755,0.274038529079,0.101170352424,0.159161105225,0.0102612859615,0.0172204378403,0.0411418628562,0.386794923539
C000875,4,0.00342616402256,0.765294621423,0.00819583003362,0.00712217764369,0.00611868732374,0.00530258816285,0.00726414538034,0.19727578601
C000877,1,0.00812788605335,0.0186758416076,0.0038073254702,0.00381300367146,0.00242332283734,0.71476028084,0.221330797109,0.0270615424112
C000878,4,0.0564245484364,0.00664035927339,0.00664035927339,0.00637216856839,0.00664035927339,0.53043062361,0.333067994139,0.0537835874265
C000880,4,0.00500492661249,0.00812479822656,0.00812479822656,0.00706045099171,0.00812479822656,0.00711172513911,0.867762376334,0.0886861262429
C000881,3,0.00737906815789,0.0118052020892,0.0173577248395,0.0405302744745,0.220221018618,0.0262620291809,0.582945019773,0.0934996628674
C000883,0,0.0129067043269,0.00828129190714,0.0738210268338,0.0157561428248,0.01767705749,0.0748344087819,0.712988633886,0.0837347339494
C000885,3,0.186162614314,0.00641690989301,0.00641690989301,0.0619273561926,0.438349589718,0.27148810626,0.0046195410037,0.024618972726
C000886,2,0.00509695778777,0.265073364065,0.00376561813598,0.00376561813598,0.00376561813598,0.00206323433009,0.679385804313,0.0370837850962
C000887,3,0.274897302092,0.00638038959505,0.613068710758,0.00530077132531,0.00638038959505,0.00637737216976,0.00786443309235,0.0797306313726
C000889,2,0.0330224256903,0.00583975207778,0.0327677463611,0.00583975207778,0.863726852983,0.00524059780843,0.00466538718143,0.0488974858197
C000891,4,0.0480522934489,0.0758615189285,0.155319920862,0.0104469385851,0.00757675845096,0.662136957442,0.00636938870864,0.0342362235739
C000892,1,0.00630590057599,0.00792813347358,0.884668379809,0.0205541823806,0.00792813347358,0.00792813347358,0.00939477700621,0.0552923598076
C000894,4,0.0100691835412,0.702617675004,0.0104403628636,0.00833702001927,0.0115913458066,0.0102084994349,0.128754029948,0.117981883383
C000895,1,0.480297388841,0.0103324012795,0.344721045261,0.00990555731629,0.0103324012795,0.0103324012795,0.0199242961843,0.114154508558
C000896,0,0.0085028526085,0.00845559293313,0.0176001351454,0.0156875794087,0.529341747439,0.0176001351454,0.0288973102613,0.373914647059
C000897,1,0.175854537325,0.00493887514613,0.00526861239708,0.0115222248128,0.306082097276,0.40661618182,0.00926236196468,0.0804551092587
C000898,4,0.0254196617351,0.731164837398,0.00741448794547,0.00644319124091,0.0193830787594,0.139953434504,0.00656855160286,0.0636527568136
C000899,0,0.169824043573,0.267825277709,0.0105185272939,0.392125932218,0.0580160858229,0.0110617283137,0.0110207504727,0.0796076545969
C000901,4,0.016282689908,0.0175098705278,0.0175098705278,0.181645177504,0.0703574828555,0.0433156665897,0.0895195529892,0.563859689098
C000902,1,0.746316634588,0.0131652612685,0.0158394870612,0.00706963474762,0.00588660334644,0.0166735799262,0.0140192867898,0.181029512273
C000903,3,0.00921398419046,0.0100167142984,0.43463910616,0.00832179777363,0.0100167142984,0.428698158543,0.0205900291257,0.078503495611
C000904,2,0.0278942621081,0.0150174100827,0.0150174100827,0.0175246512695,0.0139650286852,0.56648802695,0.0185696588434,0.325523551979
C000905,3,0.0180902921051,0.0221712144934,0.642764949476,0.01869767794,0.0221712144934,0.0218676840799,0.0252301081442,0.229006859268
C000907,1,0.00711432423953,0.0102566002809,0.00754703653552,0.543997155471,0.0102566002809,0.348141936079,0.0141141020402,0.0585722450725
C000908,0,0.00330221846274,0.00613102641646,0.00365019273314,0.00626914804004,0.00440241226175,0.0483547913576,0.00927195224045,0.918618258488
C000911,0,0.105918283389,0.51157402985,0.0450738736328,0.0401758262665,0.0417496575838,0.0450738736328,0.0525999396979,0.157834515947
C000912,2,0.0183978765275,0.0234421081187,0.0162291294206,0.0224292910601,0.00615493186567,0.0111651949351,0.0066126534435,0.895568814629
C000913,2,0.0303385911369,0.0341296857351,0.0341296857351,0.0341296857351,0.0341296857351,0.0300062789419,0.0342660310982,0.768870355883
C000914,3,0.0134772209719,0.0143396926133,0.688445056931,0.0120931108362,0.0143396926133,0.0141433780258,0.0134561285952,0.229705719413
C000916,3,0.346680799358,0.0170420293601,0.110239357796,0.392258614565,0.0170420293601,0.017033969813,0.0216987135779,0.0780044861699
C000917,1,0.820443974367,0.00724250800121,0.00688020282888,0.0630036405366,0.00724250800121,0.00946273315291,0.011920904326,0.0738035287865
C000920,3,0.00754956102988,0.010348812588,0.010348812588,0.00859770209957,0.010348812588,0.660927153693,0.211238762088,0.0806403833257
C000921,2,0.0558089106401,0.0209085334421,0.0209085334421,0.275900234803,0.0313300728223,0.0172244212012,0.0668700704148,0.511049223234
C000922,3,0.0264114687319,0.195399096207,0.0306271596427,0.0263166844584,0.0452300255904,0.0344073318929,0.442977404553,0.198630828924
C000923,2,0.00534921994226,0.00617585231066,0.00617585231066,0.133787943446,0.00617585231066,0.0104786603287,0.777340026024,0.0545165933273
C000926,3,0.00888834985215,0.521536400202,0.276221893932,0.0141618824185,0.0170462601919,0.017038198644,0.021372655631,0.123734359129
C000927,1,0.488511974145,0.00632059465599,0.431953908722,0.00456427924569,0.00632059465599,0.00632059465599,0.0120457270294,0.0439623268896
C000929,1,0.0114125322552,0.00524244821935,0.00644087488019,0.00153678074081,0.0252451743685,0.821508970698,0.00659659125873,0.122016627579
C000930,4,0.246351219145,0.0123762814135,0.0123762814135,0.0110668767225,0.0123762814135,0.575738775287,0.0129688993452,0.11674538526
C000931,1,0.0204298210105,0.0312992487038,0.0213353915795,0.0215310897394,0.0224588937371,0.0224588937371,0.0270739772601,0.833412684233
C000932,4,0.0200771010459,0.0237460835989,0.0213377350025,0.0185424952175,0.511204807274,0.0205174963478,0.259863303351,0.124710978163
C000933,0,0.00501823629842,0.891041830388,0.00697704123132,0.00621886635809,0.00697704123132,0.00329996163307,0.00769116055749,0.0727758623027
C000936,4,0.0318641807044,0.042918488046,0.312569118292,0.0131720293913,0.301036991466,0.160850169692,0.0131731176026,0.124415904805
C000937,4,0.01233073594,0.00127501443759,0.00376689492392,0.00533619552833,0.00830724171548,0.00976559135754,0.0505041011422,0.908714224955
C000938,1,0.00709929362642,0.339207963553,0.0209459512498,0.278361610395,0.0322908761607,0.0201286772461,0.0258270837663,0.276138544002
C000941,2,0.00600543607622,0.821612751178,0.0104137704985,0.0104137704985,0.0448956881596,0.00793417466043,0.0102511263696,0.0884732825595
C000942,0,0.0124708849633,0.0629899121706,0.0170801580996,0.186748536015,0.0170801580996,0.331090047882,0.298970941788,0.073569360982
C000943,2,0.00980907268418,0.0113249006128,0.0116286596696,0.0113249006128,0.0113249006128,0.686141444439,0.0161109496752,0.242335171694
C000944,1,0.0222028705034,0.304140916037,0.00720230455247,0.00216766566253,0.00154073504176,0.445940481489,0.17955497181,0.0372500549042
C000948,3,0.298741350857,0.0248110216526,0.0931534483139,0.310126199531,0.0248110216526,0.0247992879797,0.0290696058241,0.194488064189
C000949,3,0.0130949104433,0.018663869388,0.018663869388,0.0322899821091,0.018663869388,0.0186550428374,0.734290476322,0.145677980124
C000950,3,0.00574922396862,0.00748648486247,0.00424026569048,0.0042624247595,0.00629989613119,0.132669561052,0.00799818416526,0.831293959371
C000951,2,0.0996809287093,0.00711312541266,0.00711312541266,0.00711312541266,0.725090751609,0.00714121481289,0.015625759509,0.131121969122
C000952,4,0.165131941323,0.0206757218026,0.101777491042,0.346380239042,0.136155976781,0.0268817585247,0.0231616326312,0.179835238853
C000954,3,0.00488558590005,0.327739975585,0.00669707982518,0.0348183100008,0.0059720189457,0.551192429907,0.00591904735905,0.0627755524773
C000956,0,0.00524436577402,0.0861768931079,0.00729154450462,0.00649919347112,0.00729154450462,0.202174606469,0.641806676303,0.0435151758667
C000957,4,0.0250849411705,0.615867491069,0.00321646456586,0.020457803778,0.308585742363,0.00371030619896,0.00314420150623,0.0199330493476
C000958,2,0.00433500006652,0.00734893547588,0.00734893547588,0.00734893547588,0.00734893547588,0.884857089619,0.0130177150392,0.068394453372
C000959,4,0.0219916088295,0.154489046338,0.023649054639,0.0211469958988,0.0793427853717,0.0227399671112,0.0330874177483,0.643553124063
C000960,0,0.0270369400175,0.0702156919402,0.0150269588957,0.318484411447,0.0238743841809,0.0150269588957,0.0206093367015,0.509725317922
C000964,0,0.00565307014221,0.18729379681,0.00713017317601,0.00635535789765,0.00713017317601,0.0685978312031,0.689592013447,0.0282475841479
C000965,0,0.432011030968,0.0218029154966,0.224061418671,0.0194336557854,0.0930660970146,0.0218029154966,0.0347771314821,0.153044835085
C000966,4,0.00858194343911,0.302653128406,0.0088982987759,0.243502770763,0.0088982987759,0.00870068207509,0.374595208777,0.0441696689875
C000967,3,0.00523568811681,0.905179941704,0.00580673193581,0.00489699847755,0.00580673193581,0.00572723607662,0.00803512056217,0.0593115511916
C000968,0,0.00355302895968,0.00491586822564,0.0944796595811,0.00438167505619,0.00491586822564,0.00491586822564,0.844527405586,0.0383106261397
C000969,3,0.0401152086771,0.0251036671087,0.489285768716,0.0337259746268,0.220513848733,0.00667443220827,0.0272682769565,0.157312822973
C000971,1,0.0049241102174,0.340474390327,0.00567694536502,0.00568541189582,0.586998813152,0.00294273149371,0.0062691391843,0.047028458365
C000972,3,0.0155066106556,0.0204099090994,0.201290857401,0.0172123140678,0.569384091679,0.0204002568086,0.0439480495814,0.111847910707
C000973,2,0.00787363241807,0.513370789214,0.145217182906,0.0103125132979,0.0103125132979,0.00849543432478,0.0113211421358,0.293096792406
C000974,4,0.493148410712,0.245093635483,0.073677952715,0.0172430959722,0.01984245422,0.0190796952883,0.019822246951,0.112092508659
C000975,0,0.118179534956,0.00293907435528,0.00293907435528,0.00261969365322,0.845902533324,0.00293907435528,0.00514709262668,0.019333922375
C000977,4,0.0123887408469,0.0128454257821,0.0128454257821,0.016636745112,0.0128454257821,0.0162035641413,0.786748902408,0.129485770146
C000979,4,0.0187841631225,0.0118543417106,0.0114239716302,0.00560977670785,0.0077352094517,0.00300282060772,0.00946660851753,0.932123108252
C000980,3,0.00369661462329,0.00481363216509,0.87582719721,0.00399912308977,0.00481363216509,0.00568279399725,0.00516981519656,0.0959971915525
C000981,1,0.0123161222695,0.0146406038195,0.0468357824121,0.044460276233,0.0392129859226,0.0560211911112,0.0186287998288,0.767884238403
C000983,0,0.139110566625,0.0161499119243,0.016992745169,0.0143949477468,0.66333210711,0.0161499119243,0.029623557586,0.104246251915
C000985,1,0.00576216662797,0.00718493456954,0.00664313016707,0.0158266335272,0.00477944877052,0.0154370632733,0.0379708610535,0.906395762011
C000986,2,0.535122474778,0.0124484836977,0.0365644078816,0.0885188161576,0.0356962651708,0.0109032885675,0.0362124071182,0.244533856628
C000987,0,0.0219366662861,0.00536806518718,0.012488096738,0.00608336803366,0.00408668646574,0.0103538624282,0.0455873715231,0.894095883338
C000988,3,0.00976373026995,0.0133839589247,0.00540096392145,0.0122758298847,0.766982474569,0.013200728611,0.0197925604265,0.159199753393
C000990,3,0.0125507044703,0.0144012698302,0.10645558572,0.590623351732,0.0144012698302,0.0943875769593,0.0171657841799,0.150014457279
C000993,0,0.00449192666442,0.720118071617,0.0032539872362,0.0207315882613,0.142524416985,0.00481051964923,0.0843584623549,0.0197110272323
C000994,0,0.0288689662841,0.026252657568,0.026252657568,0.575742988358,0.0296434880895,0.026252657568,0.0363904679998,0.250596116565
C000995,0,0.00103957047978,0.01471227124,0.139943787046,0.0241838805863,0.00592026484772,0.00432120954558,0.00572317935675,0.804155836898
C000996,1,0.0226284796233,0.0123017243488,0.00166691653435,0.00168220627006,0.00175469483061,0.945584401171,0.00280178625932,0.0115797909628
C000997,4,0.003337853759,0.903725249398,0.00358941842479,0.00373182093937,0.00205889056683,0.00314363423125,0.00492857247155,0.0754845602087
C000998,1,0.0133970377287,0.771395190803,0.0139908737233,0.0141192045408,0.014727620305,0.014727620305,0.0192435046839,0.13839894791
C000999,4,0.00426091843126,0.0112822480554,0.00504476286469,0.00245776680938,0.00290264619123,0.0228750523414,0.00432626030537,0.946850345001
C001000,4,0.117318839166,0.0283964193175,0.142626623025,0.0253920916508,0.0215356042388,0.0273048395047,0.135381678635,0.502043904462
C001002,3,0.0259062261241,0.00370078802499,0.00370078802499,0.0358088799239,0.904103311926,0.00369903784168,0.00350741158563,0.0195735565488
C001004,2,0.00979689108671,0.0113108365534,0.0113108365534,0.550942972037,0.00574313881279,0.299961707324,0.0142412231419,0.0966923944911
C001005,3,0.0144059096912,0.0167619551162,0.661770183606,0.014312703056,0.0279951216648,0.126350853372,0.0155277086581,0.122875564835
C001006,3,0.889109030473,0.00374078981806,0.00509289893874,0.00202851986442,0.00509289893874,0.00502317566214,0.00683687224722,0.0830758140581
C001008,0,0.0123838751609,0.698621578198,0.0172177638642,0.0153467593077,0.0172177638642,0.0172177638642,0.103697096529,0.118297399211
C001012,4,0.00934619781549,0.00722416436442,0.00565765319388,0.00645985120837,0.00591642345341,0.854286474591,0.0116039392129,0.0995052961601
C001013,1,0.00941984792486,0.00798036769018,0.0117828075737,0.0259103343752,0.0267753728728,0.0522196243857,0.0173429486543,0.848568696523
C001017,0,0.0895409724976,0.052031564799,0.0701330586332,0.0131285968931,0.0971328064303,0.0340352918572,0.0285124155525,0.615485293337
C001018,0,0.0233382317378,0.0285776904997,0.0285776904997,0.0266893283652,0.0285776904997,0.0313184066651,0.0307125630075,0.802208398725
C001019,2,0.0109217153573,0.150272911152,0.102287476154,0.00812156926974,0.00807982326604,0.63723301308,0.00543455855158,0.0776489331701
C001020,2,0.00427848970634,0.00469489560618,0.00469489560618,0.00469489560618,0.00469489560618,0.453214770482,0.482519544544,0.041207612842
C001021,0,0.00244700883558,0.0297107085926,0.00626628974529,0.00558535017854,0.00626628974529,0.00626628974529,0.0068242162192,0.936633846938
C001022,0,0.0152482713605,0.193314184105,0.0487102387682,0.123392498377,0.0212002408141,0.0632306754623,0.0490921725852,0.485811718528
C001023,3,0.169845243605,0.0178842467401,0.451835251054,0.00864104512227,0.0751930109772,0.065879528616,0.0241059745539,0.186615699332
C001024,3,0.00804753888458,0.00838887579942,0.0343962055952,0.0816996947063,0.00838887579942,0.00524181237336,0.0272310286647,0.826605968177
C001025,1,0.0208679316802,0.738422747741,0.0020593932703,0.00353815577332,0.106249674449,0.00764971615943,0.00881724413948,0.112395136787
C001026,2,0.029707003492,0.0342977234324,0.0342977234324,0.0276972645667,0.031555175145,0.0316332705212,0.0440315280291,0.766780311381
C001027,1,0.00980368676833,0.0837969588052,0.0114222981838,0.583371453506,0.214260068442,0.0120237859328,0.01496226894,0.0703594794222
C001028,2,0.00637050516732,0.216913292926,0.00716501495208,0.00535314850533,0.0040537576165,0.620599460646,0.0952243784099,0.0443204417775
C001029,4,0.00990206834428,0.335263781665,0.0102670873156,0.0089221005615,0.00508370470512,0.523609135049,0.0138024590139,0.0931496633449
C001030,4,0.00340938966618,0.00756838442275,0.00756838442275,0.0332847720692,0.0604668568654,0.00428717379689,0.02321262763,0.860202411127
C001031,3,0.0316300182444,0.205061130025,0.060646835617,0.0293982560411,0.0297399160687,0.0121299344194,0.034560900837,0.596833008747
C001032,0,0.0224580914069,0.0143918661564,0.449002045756,0.0128279437232,0.0419472032979,0.0107744367049,0.330384673547,0.118213739408
C001033,2,0.0756351815254,0.0178963016154,0.0178963016154,0.0178963016154,0.0178963016154,0.0147429487496,0.651793123462,0.186243539802
C001034,1,0.129243958476,0.105690431228,0.0176954500802,0.0274713363866,0.46854624427,0.112385093327,0.0317095319255,0.107257954306
C001035,2,0.0175635542309,0.0158479701163,0.479590737724,0.0158479701163,0.0158479701163,0.368612477183,0.0186347411139,0.068054579399
C001037,1,0.00834149650984,0.042664360767,0.0114293481112,0.0182128347302,0.0232669281992,0.0583566196206,0.012707276193,0.825021135869
C001038,4,0.00646040100464,0.0069332798236,0.042133463087,0.00489270946945,0.0247369447451,0.00677930298836,0.0132703968396,0.894793502042
C001040,0,0.00492979417313,0.0105842715617,0.0190608466182,0.06023819577,0.00685407684342,0.793249421535,0.00798936747322,0.0970940260256
C001041,2,0.358707736881,0.00577861001135,0.0485084438174,0.0113601370657,0.0133984388671,0.424745404746,0.0143319047546,0.123169323857
C001043,2,0.785969737944,0.00480001783508,0.00504246261213,0.0421028296349,0.00493224548193,0.0586110043744,0.00450029112836,0.0940414109888
C001045,4,0.00831793563305,0.0164575220096,0.0135607081785,0.0143015893261,0.343041647925,0.0292194734806,0.023548100435,0.551553023012
C001046,3,0.0102011322018,0.538231256077,0.023206556429,0.0218390916484,0.0154687377685,0.0252261451701,0.16334332083,0.202483759876
C001049,4,0.0150767712281,0.015893575571,0.015893575571,0.685500985403,0.0144805179732,0.0155406051834,0.0187576924912,0.218856276579
C001050,3,0.0164198782987,0.165464387025,0.365262693662,0.018981780508,0.113414422457,0.0904989502811,0.04111971731,0.188838170458
C001051,4,0.0103370787766,0.0179567807115,0.0128028147991,0.254595148931,0.184129733807,0.0166541466196,0.184281034645,0.31924326171
C001054,3,0.00566838618901,0.0120087053606,0.0123440399936,0.518431824454,0.0147141688979,0.0228428903699,0.00606908595179,0.407920898783
C001055,2,0.0342055294586,0.0331950984705,0.0331950984705,0.0331950984705,0.0331950984705,0.0306163040811,0.0602684008816,0.742129371697
C001056,2,0.00472178952401,0.00310736851335,0.158090441777,0.0501452387134,0.672329611389,0.0379054220594,0.0471167355805,0.026583392443
C001060,1,0.0104305954086,0.0117063793417,0.551857848691,0.011222774687,0.0117063793417,0.0117063793417,0.0143769052162,0.376992737972
C001061,1,0.613146583401,0.0112872074868,0.0107225669433,0.0107385584559,0.0272375130969,0.0156675234955,0.135743643349,0.175456403772
C001062,3,0.012193398529,0.0167145077293,0.0167145077293,0.0216461036664,0.360992732976,0.0811367268837,0.238814259573,0.251787762914
C001063,0,0.728205957134,0.0120661275349,0.0120661275349,0.0107549363852,0.0518656544801,0.0120661275349,0.0242686590635,0.148706410333
C001064,4,0.00638431406572,0.00686548189098,0.341587352514,0.0059661048895,0.00579282528806,0.571896214114,0.00596903839782,0.0555386688395
C001065,1,0.0651520041736,0.0410567165652,0.551866460699,0.0402649111654,0.116221457616,0.018650177079,0.024040178664,0.142748094038
C001066,0,0.019362637218,0.0269209923727,0.0269209923727,0.0239955660634,0.578765099822,0.0269209923727,0.0234419658863,0.273671753893
C001067,3,0.03440702271,0.0122703337462,0.0100930530908,0.157080894021,0.0100930530908,0.010088279866,0.0136814529401,0.752285910535
C001068,4,0.032653580761,0.0103086549502,0.80029379204,0.0219331839876,0.0103086549502,0.0100797165394,0.012487086913,0.101935329859
C001070,0,0.258088531352,0.0159399917267,0.0159399917267,0.0421374548438,0.515336089158,0.0244668548137,0.0174708175821,0.110620268797
C001072,4,0.624455445854,0.112604812253,0.017639731588,0.0153289296437,0.105627738948,0.0172479819236,0.0279170284339,0.0791783313564
C001073,0,0.292132092756,0.013481878974,0.0118437144091,0.0236138491904,0.284957596063,0.0400174472197,0.0163829436998,0.317570477688
C001074,0,0.00686495867453,0.00949829791435,0.00949829791435,0.008466145376,0.00949829791435,0.217920799145,0.661281457345,0.0769717457167
C001075,3,0.00372702684424,0.014712517302,0.00640836743298,0.00810985100045,0.00363584367577,0.00377877974059,0.00573039591213,0.953897218092
C001077,1,0.0398886007414,0.739143559605,0.00529577729801,0.0102924693889,0.0837515641492,0.0108183270614,0.0501168252727,0.0606928764834
C001078,3,0.0320946140485,0.326410718236,0.389195410741,0.0207088027561,0.0224368178415,0.0224262069813,0.0335172731243,0.153210156272
C001080,0,0.864091668898,0.00730680714497,0.00730680714497,0.00651279756453,0.0274535717593,0.00730680714497,0.0095081045736,0.0705134357701
C001082,0,0.0413702521946,0.039848323889,0.0529415583241,0.0184306355302,0.447385886104,0.0298496500692,0.126381612241,0.243792081647
C001083,1,0.158463042291,0.558231134611,0.00806391398099,0.0615519323381,0.00551744942824,0.147960704886,0.00967505118149,0.0505367712835
C001084,0,0.00342028325723,0.00759621711287,0.072735689373,0.00538693218377,0.00759621711287,0.76334160408,0.0699977214845,0.0699253353954
C001085,2,0.451534365832,0.467796194608,0.015246104094,0.0033803732534,0.00530744641269,0.0313333707398,0.00335692211262,0.0220452229478
C001086,0,0.00858961417305,0.0119010949491,0.00462711213359,0.00450633464161,0.00505572572013,0.00665122955282,0.00546212210304,0.953206766727
C001088,2,0.375769229205,0.164290313667,0.0100133466336,0.0100133466336,0.0100133466336,0.00864838633872,0.382898671576,0.0383533593129
C001090,2,0.167928641539,0.0340106181771,0.0340106181771,0.0279377555136,0.0340106181771,0.0299197913631,0.0762465448683,0.595935412185
C001092,4,0.00493454507182,0.00799892604513,0.704562557594,0.212353844744,0.00799892604513,0.00769144128455,0.00728072039569,0.0471790388205
C001093,4,0.00647042891154,0.00695808697094,0.789933584894,0.00622192467665,0.00695808697094,0.00669061285076,0.00736639771277,0.169400877012
C001095,0,0.00228681501719,0.953100536628,0.00317944427375,0.00283394326849,0.00317944427375,0.00317944427375,0.00319366846792,0.0290467037969
C001096,3,0.0144362814396,0.0176929090157,0.0176929090157,0.0131526410157,0.0176929090157,0.766579939302,0.0133677306796,0.139384680516
C001098,4,0.38216978179,0.00545497960337,0.557903442259,0.00487784535413,0.00545497960337,0.00524528606603,0.00613205904613,0.0327616262786
C001099,0,0.00264243535452,0.0357485129085,0.00376254369671,0.00469539615279,0.00438469258343,0.00787589080571,0.136322970749,0.804567557749
C001100,2,0.00771216032873,0.00815874955783,0.00815874955783,0.00815874955783,0.00815874955783,0.00718822760181,0.781371017051,0.171093596787
C001102,4,0.649812313268,0.0135233622687,0.0135233622687,0.0109659643479,0.0135233622687,0.0132230304522,0.026678110139,0.258750494987
C001104,2,0.0549660658795,0.272464845605,0.00647597387999,0.0102087239472,0.229664623042,0.329806467281,0.00487454261659,0.0915387577497
C001106,1,0.0549162215864,0.0102872165024,0.336777813819,0.367867056849,0.147741761551,0.0102872165024,0.0188041410375,0.0533185721519
C001107,3,0.416748875017,0.309962682997,0.0153284695285,0.0132306622567,0.138260426191,0.0153212203612,0.0245575726359,0.0665900910129
C001108,4,0.0107025584023,0.703109115852,0.0113745681966,0.0101711442878,0.184770084075,0.0109373212013,0.0113966794318,0.0575385285532
C001109,2,0.0131808531866,0.0473033358007,0.0163579659637,0.0163579659637,0.73975457036,0.0134756699475,0.0150240182395,0.138545620538
C001110,2,0.185694314705,0.0578893663216,0.0254251587903,0.0254251587903,0.0254251587903,0.0213661919268,0.0317024771973,0.627072173478
C001112,3,0.00496864678024,0.00594098740608,0.00681093829709,0.849121756088,0.0146357231974,0.06689015759,0.00767349273839,0.0439582979025
C001113,1,0.0243894308125,0.0321139924541,0.0305074957035,0.0310494986356,0.236092201417,0.211207759139,0.0373032153442,0.397336406495
C001115,2,0.0025935754565,0.0029943691134,0.0260767277233,0.0029943691134,0.00250093977109,0.0024667571728,0.928614821871,0.0317584397788
C001118,2,0.0190813454284,0.522291452417,0.0256162818373,0.0221287175706,0.188980703348,0.0431470201659,0.0189471581149,0.159807321117
C001119,3,0.0150382135767,0.0125326172436,0.0177681966257,0.190941671201,0.3673879137,0.0175249448151,0.0244396975551,0.354366745283
C001120,2,0.00409302886232,0.0652699785305,0.00422298223166,0.00422298223166,0.00422298223166,0.878910150244,0.004082310204,0.0349755854643
C001121,0,0.00476919771608,0.0350017767829,0.347499680236,0.0812384583836,0.00653200208977,0.389299791166,0.00739865733831,0.128260436288
C001122,0,0.0128820237914,0.0179103584985,0.0179103584985,0.0113143384664,0.139359250561,0.0136932635569,0.0187927162299,0.768137690397
C001123,0,0.0972840208771,0.23640003742,0.00726781730701,0.41671249046,0.019567501701,0.019567501701,0.101355115302,0.101845515232
C001125,0,0.514795489563,0.0244314500916,0.0819247689598,0.0205036930542,0.0290285249093,0.056482853463,0.0552268858178,0.217606334141
C001128,1,0.0139375877401,0.00215840492368,0.101543541284,0.0412206196137,0.00783232247249,0.725680880325,0.00621815295288,0.101408490688
C001129,3,0.0133110043391,0.01824650317,0.123976635308,0.00986096730695,0.152735830864,0.196330648742,0.402999436255,0.082538974015
C001130,1,0.00424457624926,0.00547440950254,0.011765505968,0.0052083091875,0.00547440950254,0.00547440950254,0.925025352308,0.0373330277794
C001132,0,0.0166430983771,0.022794432984,0.022794432984,0.0203174279377,0.430719795548,0.224652598506,0.0251217721873,0.236956441476
C001134,2,0.625831452792,0.00913450030724,0.27062902516,0.00913450030724,0.00613421289545,0.0075249888372,0.00580514456489,0.0658061751359
C001135,1,0.0177811807827,0.0223979755068,0.0212775207728,0.0237895840779,0.0180570452084,0.0223979755068,0.0323643961247,0.84193432202
C001136,2,0.00700731562546,0.00749072597425,0.717383112569,0.00749072597425,0.0282749764238,0.141369595784,0.00783761968112,0.083145927968
C001137,1,0.0155130345697,0.231577213977,0.0126818575513,0.526176211227,0.0471670918855,0.0133496725417,0.03248996884,0.121044949408
C001138,4,0.00435916411166,0.00463287445905,0.00463287445905,0.835845381343,0.114035669917,0.00445478326458,0.00591588760314,0.0261233648429
C001139,0,0.0202614770552,0.0276151253391,0.0276151253391,0.0246142696097,0.0276151253391,0.0276151253391,0.022524734674,0.822139017305
C001140,1,0.662774011541,0.200296877895,0.00268060581757,0.00697732286025,0.00243514732383,0.00733380473265,0.0759465521831,0.041555677647
C001141,4,0.0101218049488,0.0108846569678,0.0108846569678,0.00973306543416,0.00758652895989,0.432429556186,0.0124953234765,0.505864407059
C001143,4,0.00413252739776,0.248195404696,0.00581269425005,0.0653833694426,0.116439389237,0.532519830056,0.00514433090122,0.0223724540196
C001145,3,0.0134124049056,0.0153814124983,0.0095518348561,0.0119565171377,0.864288631986,0.00954731758523,0.0110434072833,0.0648184737479
C001146,0,0.00310510209507,0.00614926614958,0.5073485041,0.00687066333424,0.0054747673855,0.426304822317,0.00747700138207,0.0372698732369
C001147,0,0.00774457010165,0.0107675648783,0.833698604647,0.00959748477332,0.0107675648783,0.0107675648783,0.00907595612337,0.107580689719
C001148,2,0.0655169706652,0.0126448201192,0.0126448201192,0.0408328119179,0.0173493532121,0.0104167854886,0.0995545982005,0.741039840277
C001149,2,0.013645931686,0.514343218931,0.0169351469819,0.312063185695,0.0169351469819,0.0149206309267,0.0180579477957,0.0930987910019
C001151,1,0.010953503556,0.00961892011086,0.00913773534616,0.00598546065356,0.05715302419,0.0121964309517,0.0132157166405,0.881739208551
C001152,2,0.00532341523391,0.00614605991675,0.00614605991675,0.00614605991675,0.00470577318507,0.278083586648,0.560611362697,0.132837682486
C001153,2,0.013155669592,0.0151886580334,0.0466158493684,0.0151370041144,0.00367298764185,0.513387478101,0.015842696873,0.376999656276
C001154,0,0.00458798601253,0.00634780490522,0.640795195012,0.00565800732202,0.297294140734,0.00634780490522,0.00829102028835,0.0306780408208
C001156,2,0.0308583540722,0.0419729645374,0.0419729645374,0.0419729645374,0.0419729645374,0.0387122528527,0.100295418136,0.662242116789
C001157,1,0.00272207133117,0.00550339629766,0.00721053761153,0.0226670473401,0.00550339629766,0.0189184132311,0.00541981684275,0.932055321048
C001158,2,0.00306296343401,0.00388395230699,0.00519212545508,0.00519212545508,0.00513385904984,0.00448436556704,0.913411578317,0.0596390304153
C001159,4,0.047506783987,0.00885846330315,0.0488300228967,0.653550119727,0.00595976729509,0.00241484454896,0.144083203801,0.0887967944408
C001160,2,0.0601385757435,0.00780707253794,0.00780707253794,0.0120038647162,0.667029812982,0.00656072245636,0.152275637269,0.0863772417571
C001161,0,0.0166936802615,0.865985682635,0.00770090747208,0.00271144978577,0.0101684849099,0.0101684849099,0.0126779073558,0.0738934026702
C001163,0,0.00506224793193,0.154168646968,0.00745387434358,0.00412664268984,0.00223820698189,0.0459398400228,0.00748592882358,0.773524612238
C001164,1,0.000844791382265,0.00399697510514,0.665273489934,0.117015745346,0.157508420217,0.00399697510514,0.00477880049907,0.0465848024118
C001165,0,0.898850540665,0.00607556640565,0.00607556640565,0.00541535219211,0.00607556640565,0.00607556640565,0.00520713534822,0.0662247061719
C001167,4,0.006692904791,0.00290787256481,0.0961113269783,0.675011260268,0.0150586257197,0.0144797607699,0.012198204059,0.177540044849
C001168,0,0.00755969883222,0.00489210452215,0.0105105314521,0.00936838242547,0.0105105314521,0.0373187378287,0.799010232485,0.120829781002
C001170,3,0.130390827323,0.00653892350202,0.00653892350202,0.00550043357033,0.00653892350202,0.79533090771,0.00727034008099,0.0418907208094
C001171,2,0.0212412071826,0.0195280663992,0.74218138729,0.0195280663992,0.021352268779,0.0154741678133,0.0250868486779,0.135607987458
C001172,1,0.45673681464,0.0181923357883,0.0174801694274,0.0175062391503,0.338979444911,0.0184006591214,0.0280727446279,0.104631592334
C001173,3,0.79270760585,0.135626990423,0.00678082474054,0.00591443537689,0.00678082474054,0.00618359196829,0.013588765523,0.0324169613781
C001174,3,0.420689605712,0.405552021572,0.00894870016832,0.0591647916461,0.00894870016832,0.00894446813299,0.0125377503104,0.0752139622898
C001175,2,0.00171221569474,0.0358120589688,0.00381508260894,0.0031926442687,0.00482463224369,0.0019108391175,0.0209275209837,0.927805006114
C001176,0,0.527848911933,0.0146932594119,0.305054470387,0.0154818861869,0.0315431544505,0.0173693647756,0.0250686556588,0.0629402971962
C001177,1,0.0485140456771,0.336152867089,0.00626634521868,0.21808276546,0.0492465537571,0.0497904772479,0.195870711992,0.0960762335574
C001180,4,0.00711644936205,0.00989706843148,0.00989706843148,0.14089206763,0.709112124829,0.00967727068583,0.00908191899902,0.104326031631
C001181,2,0.0196574235706,0.0127274775607,0.183168601025,0.619472458249,0.0249480891454,0.0104848785756,0.0140155969646,0.115525474909
C001182,3,0.000928987647479,0.00374783719377,0.00374783719377,0.136980618282,0.00374783719377,0.813736116703,0.00518713168007,0.0319236341063
C001183,1,0.00581675853803,0.00368597148267,0.0258678086825,0.00199506218779,0.00778780326931,0.000663157447851,0.00430243067773,0.949881007714
C001184,2,0.0134657205321,0.866200603585,0.00814830428428,0.00814830428428,0.00814830428428,0.00703757555134,0.0134991361607,0.0753520513177
C001185,2,0.00668120275932,0.00689333046207,0.00689333046207,0.00689333046207,0.21319245709,0.707836943188,0.00666978271355,0.044939622863
C001186,1,0.00277613254878,0.491547776001,0.0125104987294,0.0155618128349,0.342638139124,0.0128416732623,0.0206550002902,0.101468967209
C001187,3,0.00470427389129,0.0212755631214,0.00589786195817,0.16715241685,0.019023607037,0.701247929732,0.0129628299652,0.0677355174452
C001188,3,0.00684144016258,0.00877521541596,0.00877521541596,0.00740041334906,0.00877521541596,0.776612484594,0.0121122193261,0.170707796321
C001190,0,0.0602077336561,0.0299786900834,0.0299786900834,0.262651513482,0.032756996426,0.0283846321492,0.0527981824289,0.503243561691
C001191,3,0.00714612253662,0.00726760850626,0.00916601814201,0.00838570257554,0.545229523971,0.353810224524,0.0120730487429,0.0569217510021
C001192,0,0.0215415505165,0.0199283967793,0.0199283967793,0.0177628355907,0.167745889427,0.308821492689,0.0530082319922,0.391263206226
C001193,3,0.00254251106142,0.203213041666,0.00586746917653,0.036980884211,0.0218096314494,0.344479645102,0.0306968240706,0.354409993262
C001194,4,0.0183056973885,0.0176628417352,0.0105214370534,0.0152856920884,0.0094829663572,0.322048659061,0.0205589893392,0.586133716977
C001195,3,0.308132099601,0.0402028105536,0.0215414176895,0.0141278392035,0.0626284380605,0.0139466607942,0.00847776862094,0.530942965477
C001197,0,0.0198237836795,0.00664931853566,0.00281921745771,0.0239289241669,0.00611413790401,0.00362718926108,0.0388996867515,0.898137742244
C001201,4,0.0169448820812,0.222236748869,0.0180088451352,0.0163052380809,0.0985899112965,0.177305078376,0.0204509520157,0.430158344145
C001202,4,0.0180011364679,0.0184464071457,0.0184464071457,0.108317320737,0.00769675805459,0.0124590654203,0.0145946387558,0.802038266273
C001203,4,0.146246895459,0.0144734001592,0.0144734001592,0.0616831542025,0.041982840331,0.545376905958,0.0163678893523,0.159395514379
C001204,2,0.0782985651233,0.0146141991053,0.349313833157,0.0146141991053,0.0327380225075,0.0993390384615,0.237405641254,0.173676501286
C001205,1,0.242772703879,0.305673414068,0.00508866876618,0.0118805683781,0.0455159718511,0.135770092315,0.134936197679,0.118362383063
C001206,4,0.00349515139402,0.00355072431059,0.00333758970487,0.948502974812,0.00355072431059,0.00341423178542,0.00378886775336,0.0303597359287
C001207,1,0.0277753961171,0.0319781151293,0.0303784156176,0.0304237216361,0.0319781151293,0.0319781151293,0.0389623656952,0.776525755546
C001209,4,0.0205852287127,0.0221366796016,0.0125604079782,0.0197946294215,0.363604683797,0.0176195866506,0.26529078217,0.278408001668
C001210,3,0.00364761853717,0.00581124796544,0.00581124796544,0.248013010377,0.00581124796544,0.00573169028048,0.604516397737,0.120657539172
C001211,3,0.783514883793,0.0142309652072,0.0142309652072,0.0230916866077,0.0138584189381,0.0142242350736,0.0174292432653,0.119419601908
C001214,2,0.00558890794782,0.174177680073,0.0663855034858,0.00597446728108,0.65544126567,0.00492175796006,0.00610762557631,0.081402792006
C001216,2,0.00777983939135,0.132626104327,0.00875011700011,0.0293295080873,0.00875011700011,0.438565160681,0.324816881667,0.0493822718464
C001217,3,0.54066821501,0.0214013610003,0.0141531563836,0.132729508562,0.161330710533,0.015027135941,0.0114070920775,0.103282820494
C001218,2,0.00726322006833,0.0628599978786,0.0144864322723,0.168153190389,0.179541088034,0.0174314894425,0.457536295546,0.0927282863696
C001219,3,0.00904473038777,0.0112471276314,0.0123983658548,0.23957425573,0.0356959895958,0.0123925023974,0.0119940476286,0.667652980775
C001220,3,0.541595258255,0.365468412552,0.0088922805596,0.00748003834143,0.0088922805596,0.00888807520633,0.00780164871613,0.0509820058093
C001221,1,0.0082394624901,0.0108490451568,0.0103063236059,0.0608417214557,0.0108490451568,0.142185587652,0.0125989609585,0.744129853524
C001222,3,0.0451502155087,0.00732765537583,0.408884493989,0.00616390168941,0.0347892420821,0.345393764853,0.111192558338,0.0410981681639
C001223,1,0.00813430772606,0.677114294128,0.00991850883545,0.135005937217,0.0104408084162,0.0104408084162,0.0185640382727,0.130381296988
C001224,1,0.00528877433209,0.00267915557093,0.00215220971157,0.0193809085312,0.00301526649298,0.00385390386073,0.00380750546833,0.959822276032
C001225,2,0.00998650085926,0.278516865281,0.0140674141751,0.0121291156472,0.0121291156472,0.0177233474437,0.00892053917462,0.646527101772
C001229,3,0.0185519979582,0.0554701361544,0.766213850001,0.00569278723268,0.115579461948,0.00629551714133,0.00863936214399,0.0235568874201
C001230,0,0.137892907526,0.00880986642141,0.0225988310408,0.00736965292796,0.00826812627546,0.00826812627546,0.0101468269303,0.796645662602
C001232,3,0.00390384524366,0.0326081208389,0.0075906701298,0.0145919887418,0.0124765801776,0.00309062426845,0.00738721690849,0.918350953691
C001234,4,0.0262016412104,0.0281763853395,0.0281763853395,0.0292942232868,0.0281763853395,0.027093263799,0.0282261805252,0.80465553516
C001237,4,0.00894419602414,0.784912516479,0.00961829496497,0.00860068392934,0.00961829496497,0.00924856043964,0.00793865462586,0.161118798572
C001238,3,0.132273350463,0.0374847538023,0.0374847538023,0.141654968627,0.34884829681,0.0369715765551,0.0346879703697,0.23059432957
C001239,1,0.453897242443,0.00449162747275,0.00426693460872,0.00427329826575,0.00449162747275,0.00449162747275,0.493180260907,0.0309073813582
C001241,1,0.00570864835285,0.00640688287953,0.00608637970503,0.00614220681766,0.00640688287953,0.784345459038,0.00797456992795,0.176928970399
C001243,4,0.0167642276657,0.0180277004343,0.0180277004343,0.0161203782971,0.0180277004343,0.738672434389,0.0162522363604,0.158107621985
C001244,0,0.00432429206287,0.390641004051,0.00582416244851,0.00745436192437,0.00836316259342,0.0641898765819,0.461552592705,0.0576505476326
C001246,0,0.0187624588612,0.0949127279257,0.0170701215862,0.570776983891,0.0451565531862,0.0289299883378,0.0352797643325,0.18911140188
C001247,4,0.0323601600369,0.0354454987971,0.0157992247623,0.011768656065,0.012490823682,0.0192773948245,0.467754478102,0.40510376373
C001248,0,0.00479031919093,0.00975295438234,0.00975295438234,0.0794113010967,0.02889116018,0.00561055168151,0.0149163815449,0.846874377541
C001249,4,0.0169859465149,0.012111324687,0.192135149104,0.0105247431398,0.226342839561,0.404342888296,0.0104411777814,0.127115930915
C001251,0,0.0241949017552,0.0190374844858,0.032213648565,0.0118998291393,0.03695954634,0.091734599143,0.405565423581,0.378394566991
C001252,0,0.74796422759,0.00912351678545,0.00912351678545,0.160638543309,0.00912351678545,0.00912351678545,0.00901125081836,0.0458919111414
C001254,0,0.00719401727564,0.010002110735,0.010002110735,0.830990684402,0.010002110735,0.010002110735,0.0103461728214,0.111460682561
C001255,4,0.267317029684,0.226698105467,0.0257572459902,0.0223830509908,0.162662118353,0.024767117994,0.0219879934142,0.248427338107
C001256,4,0.553663828588,0.0158611736406,0.101807558245,0.0137833624956,0.0158611736406,0.015508922847,0.194080681904,0.0894332986399
C001257,2,0.0173952984008,0.00704832460892,0.0138211193297,0.00714102932029,0.0157723259194,0.813954162288,0.0143838293808,0.110483910752
C001258,3,0.0038501899906,0.920584527494,0.00501361387895,0.00740452747768,0.00501361387895,0.00501124283169,0.00412333459253,0.0489989498555
C001259,4,0.849841360861,0.0079380971932,0.0109291217439,0.0204771076264,0.00382974382778,0.0112911444464,0.0116173839462,0.0840760403555
C001260,2,0.0605343839684,0.00908969561137,0.00908969561137,0.0101418136779,0.0663541989293,0.0536108105342,0.00975235335359,0.781427048314
C001262,4,0.0211340215736,0.111383798406,0.0207576164244,0.339415942866,0.0227107379269,0.0110217945502,0.0214430327822,0.452133055471
C001263,0,0.021628926717,0.0313999437906,0.5513642711,0.211638313877,0.100659206392,0.00572931726221,0.0182596211379,0.0593203997232
C001265,3,0.00608180481279,0.565255365916,0.00833683679822,0.16921691167,0.0233565563296,0.0742007111675,0.0995438227308,0.0540079905754
C001266,2,0.825950904498,0.00684374722058,0.00690786535872,0.00532556425213,0.00348656025561,0.00563786958316,0.00811301302043,0.137734475811
C001267,4,0.0122855953965,0.0370582285503,0.0125894881756,0.0109402672899,0.00444841101078,0.0120191714064,0.742982623445,0.167676214726
C001268,1,0.0026060135443,0.00797881975428,0.0234965018052,0.506567933566,0.00797881975428,0.189141965943,0.00874758181402,0.253482363819
C001269,0,0.00861956829879,0.0119842834328,0.0119842834328,0.535057434461,0.0773280578498,0.0119842834328,0.0184267325877,0.324615356504
C001270,0,0.0617843005442,0.00440806181238,0.00197235491595,0.623255371629,0.0257766469488,0.258437634874,0.00438277922401,0.019982850052
C001271,1,0.0118030022426,0.0151497692614,0.0143919047534,0.0145239140145,0.779075127973,0.0123767326168,0.0194131059298,0.133266443208
C001272,2,0.111013594682,0.0170738277822,0.0170738277822,0.0170738277822,0.334884049516,0.0209920478142,0.317192084736,0.164696739905
C001274,3,0.000693867095967,0.00674427960352,0.00401828756387,0.0128309563431,0.00401828756387,0.00491426702488,0.0114516000391,0.955328454766
C001275,4,0.0266598183289,0.0286690939809,0.0286690939809,0.0256359174644,0.0248918207078,0.462809311981,0.0261385209557,0.376526422601
C001276,1,0.00472583886957,0.00609511425777,0.00579020725302,0.00662881399371,0.00609511425777,0.900607494094,0.00729260530174,0.0627648119725
C001279,4,0.720017754804,0.195644197063,0.00999651038454,0.0121009860988,0.00999651038454,0.00977450419532,0.00781724194902,0.0346522951208
C001280,2,0.00445676954599,0.0912910092356,0.00772059732893,0.0312776403086,0.00772059732893,0.0100269840921,0.779636823321,0.0678695788386
C001281,0,0.0174956375815,0.021662240573,0.297053244078,0.021075977982,0.07850597213,0.0187985112606,0.0246186255591,0.520789790836
C001282,4,0.71351597983,0.0124196823155,0.0124196823155,0.0107927059695,0.0211384157928,0.0151625383271,0.0112120344792,0.20333896097
C001283,1,0.015804594701,0.158263877057,0.524498944009,0.0190495555678,0.0198704268764,0.0198704268764,0.0313506800505,0.211291494862
C001284,3,0.0229632619621,0.0244327906045,0.0244327906045,0.0206049357392,0.0244327906045,0.0240982985523,0.149297485551,0.709737646382
C001286,2,0.0236245724593,0.0126754948068,0.0139714805104,0.0258644953789,0.532456271513,0.0142472986251,0.285971307303,0.0911890794038
C001287,3,0.00216609122052,0.612892346588,0.0698403744742,0.0201732349666,0.197013027367,0.00537491866662,0.0329642352017,0.0595757715161
C001288,2,0.209346173981,0.132747292112,0.347023586353,0.0130978485313,0.0130334513159,0.218602608366,0.0115944543613,0.0545545849801
C001289,0,0.0256787514624,0.027143383405,0.027143383405,0.024193790506,0.027143383405,0.027143383405,0.023752616838,0.817801307573
C001290,3,0.00967913610622,0.0126039107776,0.646936243041,0.0106292717783,0.0126039107776,0.0247999798655,0.0155804646981,0.267167082956
C001291,0,0.355869965241,0.00850004822147,0.00788652431019,0.554633679941,0.0104067721925,0.0104067721925,0.0103211781063,0.0419750597957
C001292,4,0.00980537588071,0.0105443795293,0.0105443795293,0.00942878918695,0.0200694781896,0.0103102060601,0.816558535892,0.112738855732
C001293,4,0.605530217893,0.0530269981239,0.00383376758308,0.00342815679501,0.00375802715973,0.00368639466067,0.31003355621,0.0167028815741
C001294,4,0.0196543447214,0.78423368098,0.0167057064209,0.0149382506219,0.0167057064209,0.0160635264445,0.0149356429207,0.116763141469
C001296,3,0.00433189967665,0.0357886039481,0.00564281772841,0.828081944802,0.0398152968662,0.00205987171616,0.00970827407433,0.0745712911885
C001297,4,0.0100818514647,0.491182779112,0.236909579805,0.060933874802,0.0770514405821,0.0128335173612,0.0188538147649,0.0921531421076
C001299,0,0.00870234284553,0.0119187525244,0.609705838245,0.0961787434828,0.0119187525244,0.0119187525244,0.208579848331,0.0410769695225
C001301,4,0.00454377124201,0.0295821655447,0.004337062551,0.0283767672002,0.004337062551,0.00192902109194,0.0239075382196,0.9029866116
C001304,2,0.00317914220693,0.0366403203534,0.00566673918401,0.00561509210624,0.0389310176608,0.0228834174454,0.00650943230455,0.880574838739
C001306,2,0.00398023239654,0.00421071631309,0.895457747905,0.00421071631309,0.00421071631309,0.0036367363251,0.00470984510895,0.0795832893253
C001307,4,0.00521238360017,0.00540452718408,0.00312161578637,0.393312104616,0.196177973913,0.0836126962009,0.272604114699,0.0405545840001
C001308,1,0.00706166519411,0.00813017181213,0.00772346141582,0.00773498009703,0.00813017181213,0.00468862288029,0.0100816958651,0.946449230923
C001309,2,0.0169443862738,0.187136258153,0.0195628574355,0.0195628574355,0.521001291423,0.0269095080266,0.0189492915258,0.189933549726
C001310,0,0.139076058232,0.00469646581915,0.0610841648361,0.00786232750572,0.75537994446,0.00584333139764,0.00661634984073,0.0194413579091
C001311,2,0.0048799837507,0.0218661272297,0.385601210373,0.081463576742,0.104522589448,0.090495457209,0.015911739867,0.29525931538
C001312,4,0.79204218491,0.00572480807999,0.00572480807999,0.131948444115,0.0240519480985,0.00550474213215,0.00542494402104,0.0295781205639
C001316,0,0.043104527758,0.0492834472203,0.0388155991358,0.0216693754893,0.0243112036085,0.0243112036085,0.334637139947,0.463867503233
C001317,0,0.00934715522784,0.00508181755724,0.00508181755724,0.00767414117029,0.0204908889977,0.00406709148241,0.00571210824713,0.94254497976
C001318,3,0.00643161469882,0.0149505096022,0.0149505096022,0.0124207513378,0.0149505096022,0.133028308607,0.363575023791,0.439692772759
C001319,1,0.0113859134889,0.0160396469901,0.634508723098,0.0241166589753,0.0308533675391,0.0889801584531,0.0652945850034,0.128820946452
C001320,0,0.637706285776,0.0173478802881,0.024648733637,0.0795451648339,0.024648733637,0.024648733637,0.0263879327184,0.165066535472
C001321,4,0.764555565826,0.00884791651551,0.00884791651551,0.116681017693,0.00673942856859,0.00850779591982,0.0114797057679,0.0743406531931
C001322,0,0.00666040219125,0.0209748662405,0.00604483639615,0.719897217007,0.141423469371,0.00541137942442,0.00623411468287,0.0933537146866
C001323,2,0.0243391115634,0.00675074876025,0.00375687733595,0.00541855139603,0.0975940353073,0.0984001654442,0.0798933631724,0.68384714702
C001324,1,0.0258568002655,0.0106363324924,0.0131781593429,0.00972926842075,0.034149540717,0.0360635543701,0.0126364320828,0.857749912308
C001326,4,0.0126678144032,0.0136225520061,0.0136225520061,0.0121812924787,0.0136225520061,0.738723999962,0.0132956571888,0.182263579949
C001327,4,0.825229802535,0.0114812095917,0.0136334392926,0.00923033535592,0.0136334392926,0.00824674298848,0.0272910876991,0.0912539432448
C001328,2,0.0237765140875,0.0184828346897,0.038256513059,0.0753387406929,0.0898534181629,0.0315156630397,0.039508297268,0.683268019
C001331,0,0.0659577962394,0.0164088630685,0.00783341890577,0.00805278062999,0.219919301603,0.0525016533462,0.529603900502,0.0997222857057
C001332,0,0.405333515156,0.0201929579001,0.0201929579001,0.0179986476204,0.0679476845192,0.0201929579001,0.0400423850887,0.408098893915
C001333,3,0.00772389079845,0.55917018701,0.0105877809328,0.00879623488994,0.0193713763088,0.318012965653,0.0138062137034,0.0625313507033
C001335,3,0.886515769075,0.00331103368266,0.00331103368266,0.00278518640185,0.00331103368266,0.00326570466277,0.080624726795,0.0168755120177
C001336,0,0.00419873006136,0.00583765112187,0.0189913265894,0.00192337867967,0.0166169189821,0.00403598540124,0.00366609411006,0.944729915054
C001337,3,0.00513232452211,0.172074292053,0.00107452143732,0.0032855336851,0.337905526297,0.462452443634,0.00467128075746,0.0134040776135
C001338,3,0.0151898609169,0.021662566769,0.388468438076,0.0277751432651,0.32720677287,0.0220847473915,0.0374819412364,0.160130529475
C001339,3,0.00172300071637,0.0100049599927,0.00731696435118,0.00630482599726,0.0114349325932,0.0505325297547,0.837833037207,0.0748497493875
C001340,1,0.0134266804322,0.00938558655028,0.0097666645418,0.00335033153743,0.00938558655028,0.0433004967651,0.242845931695,0.668538721928
C001344,0,0.0227014956989,0.0901756501486,0.145721483406,0.0608690837719,0.0116175538962,0.0229784324644,0.00966887280493,0.636267427809
C001345,1,0.00745488177608,0.00790686021091,0.00495853664263,0.00752252323502,0.0178724700444,0.00493115585613,0.0110919946466,0.938261577588
C001347,1,0.301429227559,0.0139736179009,0.0136132515929,0.00569619933591,0.0271998335706,0.0139736179009,0.0277605851895,0.59635366695
C001348,3,0.00461286670706,0.00878018770593,0.00777105324571,0.0104069087529,0.00777105324571,0.00305100425356,0.0079648603843,0.949642065705
C001350,1,0.0236442885902,0.0210306993632,0.186708878767,0.594508269429,0.0315275404952,0.0119354783193,0.00664556649772,0.123999278539
C001351,0,0.0177137743919,0.0246281217035,0.368022669614,0.0176264249345,0.0246281217035,0.127306234859,0.0250234738533,0.39505117894
C001354,3,0.509360510475,0.139791707067,0.0160894280123,0.0133669546942,0.00795813574974,0.0160818189711,0.0241294776623,0.273221967368
C001355,2,0.0103781317242,0.0113881879768,0.413525249333,0.0113881879768,0.0113881879768,0.0093815736514,0.384660962047,0.147889519314
C001356,1,0.41448733581,0.00643720117985,0.00611518133778,0.50893012323,0.00643720117985,0.00643720117985,0.011774407083,0.0393813489997
C001357,3,0.000683250459423,0.00586820306712,0.0114373627566,0.00704773986062,0.00506163030569,0.00419577207067,0.00619931131401,0.959506730166
C001358,3,0.00358423637617,0.0844623514488,0.0274368261178,0.0352738797878,0.423971091038,0.00436128020159,0.199791489686,0.221118845343
C001359,4,0.00505579467463,0.0349100903237,0.00518085328555,0.00450216235503,0.00244590762103,0.00498169737098,0.855197368835,0.0877261255341
C001360,3,0.0090837300364,0.136020872348,0.0186633829645,0.394680409502,0.0160026875968,0.018654556644,0.0247400193766,0.382154341531
C001361,2,0.0303385911369,0.0341296857351,0.0341296857351,0.0341296857351,0.0341296857351,0.0300062789419,0.0342660310982,0.768870355883
C001363,4,0.00406780637244,0.00705627955283,0.0293919876786,0.0099265923965,0.00972645532769,0.195680351897,0.00635413378679,0.737796392989
C001364,1,0.00595291972636,0.00722444880353,0.00686304703935,0.730696817909,0.190664615659,0.00722444880353,0.012293516769,0.0390801852896
C001365,0,0.00222741089358,0.00309685250343,0.00142235244477,0.00340139132256,0.00140586192119,0.00106147803641,0.00387556912503,0.983509083753
C001366,4,0.0133351295706,0.0265812151516,0.0212016968472,0.0230990803272,0.0265812151516,0.112212291827,0.0277264934906,0.749262877634
C001367,0,0.758739052023,0.012251677611,0.012251677611,0.0109203232716,0.0506555416615,0.012251677611,0.0272616775613,0.11566837265
C001368,0,0.263030912337,0.39769102414,0.0202004413301,0.0275074059994,0.0169244796067,0.0134709441632,0.0225185079299,0.238656284493
C001369,2,0.028028450965,0.00823137222124,0.0111281522679,0.20363258969,0.0173347606871,0.0327848312035,0.0324752424448,0.666384600521
C001370,4,0.00457217555542,0.0214664268805,0.0383479953454,0.0126609449746,0.0140040227658,0.882153532604,0.00236754021613,0.0244273616582
C001371,2,0.0123952045747,0.187278240088,0.00940313318239,0.0136719062739,0.121459246056,0.237606439049,0.0157258045674,0.402460026208
C001373,2,0.0051874117142,0.00927929347316,0.00927929347316,0.046837575425,0.178876812705,0.00801439497129,0.663244255691,0.0792809625474
C001374,4,0.067435129927,0.0263961581886,0.0263961581886,0.0236034571986,0.0263961581886,0.0253814699248,0.026397643627,0.777993824757
C001377,4,0.0073097068197,0.00786061889851,0.00786061889851,0.00702896915527,0.00276983526363,0.0562596103914,0.017578248003,0.89333239257
C001378,0,0.54282503405,0.0130932661032,0.364949234775,0.00638067745978,0.00715857957981,0.00715857957981,0.0111438136292,0.0472908148224
C001379,3,0.233648274186,0.0805763449653,0.0096758534175,0.00826202049926,0.597498712994,0.0211626567464,0.0119632478914,0.0372128893007
C001380,2,0.0943795192241,0.0183990928495,0.0327642633387,0.0183990928495,0.0183990928495,0.022096883576,0.100140086144,0.695421969169
C001382,4,0.00574574366913,0.00617878423657,0.0201732588389,0.00483357097223,0.00617878423657,0.00661774403375,0.0440399520116,0.906232162001
C001385,2,0.0463827994702,0.0147588446738,0.0143302506017,0.0208276134661,0.0147588446738,0.0204206690973,0.0173184405746,0.851202537442
C001386,3,0.00935409336423,0.201463643282,0.437866269118,0.066446733303,0.0205087151971,0.0128163714641,0.014820746324,0.236723427948
C001389,3,0.00763396354944,0.371852773315,0.016282349686,0.00491794631717,0.016282349686,0.0764194733777,0.297921445842,0.208689698227
C001391,0,0.0106595993257,0.335638262391,0.014269171996,0.013012940033,0.485177489792,0.0145994163442,0.0197999253865,0.106843194732
C001397,1,0.224583552203,0.00349897498826,0.702993087162,0.00332889667274,0.0118317679715,0.00349897498826,0.00582467586106,0.0444400701529
C001399,2,0.0146967566395,0.0152101587142,0.0152101587142,0.776933458775,0.0152101587142,0.0330175735078,0.0459092171659,0.0838125177688
C001400,1,0.0055546268336,0.00201893036325,0.00640386012198,0.0122570902991,0.286096275884,0.00674108152414,0.64070555969,0.0402225752842
C001402,1,0.0142934964219,0.0184349268434,0.0175127229127,0.0175388411855,0.0588381168918,0.0184349268434,0.577367608049,0.277579360852
C001403,1,0.0198725706052,0.0470826633532,0.0164137262905,0.294974508075,0.0827544487746,0.0135636871735,0.0163973287228,0.508941067005
C001404,0,0.532614107763,0.0254958246055,0.00898394931804,0.0080076895527,0.234042360506,0.0644664001627,0.00932092950435,0.117068738588
C001406,1,0.870053743685,0.0073964352829,0.00702642992573,0.00703690906222,0.0073964352829,0.0356418652826,0.00968612317678,0.0557620583017
C001407,1,0.0177418809284,0.0195328598063,0.0144052085737,0.0124372455578,0.0780023015209,0.692886483943,0.0385471788367,0.126446840833
C001408,0,0.0066576115203,0.0091518576044,0.00436697571085,0.00377970409809,0.00580599727726,0.0023943032001,0.005267931699,0.96257561889
C001409,2,0.0160695716812,0.023007747872,0.023007747872,0.023007747872,0.0377734182396,0.38354364384,0.034948550958,0.458641571666
C001410,3,0.0117889945439,0.00454630781803,0.134315445777,0.0131081824532,0.0153513117037,0.0363633269849,0.718852265278,0.0656741654415
C001413,2,0.00480803179016,0.00222886393755,0.0386951474627,0.00814178349202,0.0282740248785,0.00661718025433,0.00489543707307,0.906339531112
C001414,0,0.00296631400959,0.054376022672,0.0720151015366,0.00367601470014,0.831789653476,0.00260611401899,0.00922126429955,0.0233495152872
C001415,3,0.0214206299924,0.0064678571895,0.0082419275581,0.0601291750174,0.0208815045578,0.00823802977094,0.00996102664676,0.864659849267
C001416,1,0.92969314082,0.00439787630173,0.00417787332333,0.00421619472553,0.00439787630173,0.00439787630173,0.00538980722353,0.0433293550025
C001417,0,0.00423908898018,0.758298218557,0.0058937636331,0.00525330540056,0.0058937636331,0.0058937636331,0.161767595268,0.0527605008954
C001419,0,0.164579287977,0.00852470463046,0.750728504273,0.00759834965587,0.00852470463046,0.00852470463046,0.0101186591288,0.0414010850739
C001420,0,0.0100992240374,0.0140413281326,0.0140413281326,0.0125154976518,0.509687422053,0.0863246691058,0.0265648849224,0.326725645964
C001421,3,0.268974917684,0.0355240892603,0.0141913044667,0.011937489018,0.570998259626,0.0141845930895,0.0198545297058,0.0643348171501
C001422,3,0.00407961152087,0.00559226356264,0.11077913871,0.00470411899215,0.833400969283,0.00551570383823,0.00667235674874,0.0292558373443
C001423,1,0.0304990478965,0.512886670486,0.0214323405763,0.0214643045217,0.0556719794252,0.137338671444,0.0266712615846,0.194035724066
C001424,1,0.0477767481653,0.0135378381157,0.0751238881743,0.0391835241964,0.00696220028233,0.429320146139,0.016564717316,0.371530937611
C001425,2,0.0423041001556,0.739880888788,0.0198628374425,0.1299944698,0.00621844508403,0.00649528963159,0.0196254250177,0.0356185440812
C001427,3,0.689374999627,0.0214298858329,0.0214298858329,0.0178037598858,0.0214298858329,0.0481148100312,0.0233931337811,0.157023639176
C001428,4,0.00474913743642,0.0575899574246,0.808568738914,0.00678761504985,0.00759070838953,0.00742213113825,0.0333901334617,0.0739015781852
C001432,0,0.00465197959852,0.0360980869739,0.00526356012305,0.0500074891925,0.00734472328129,0.0181351593195,0.585433381051,0.293065620461
C001433,4,0.00222804608354,0.86632603946,0.0391059614238,0.00211741691509,0.00236794429611,0.00231535611591,0.0783475623284,0.00719167337694
C001436,1,0.00454984303272,0.00501361719467,0.713742918443,0.00250639948344,0.00501361719467,0.00501361719467,0.234541609324,0.0296183781323
C001437,2,0.128612704601,0.0333472547067,0.0333472547067,0.0333472547067,0.0551573281213,0.0282076161723,0.0384983022909,0.649482284694
C001438,2,0.0165189829531,0.0256864450717,0.0279573633206,0.009031399085,0.0110496952108,0.0368364665701,0.00914541969443,0.863774228094
C001439,4,0.80363771448,0.00298748514047,0.00298748514047,0.154994904959,0.00298748514047,0.00287264395454,0.00596238448008,0.0235698967052
C001440,1,0.222769494122,0.0238650592507,0.0226712139138,0.022879164859,0.0238650592507,0.0238650592507,0.0295037780403,0.630581171313
C001441,2,0.00972277515007,0.211398148304,0.338437376261,0.0100314725555,0.0100314725555,0.374262958835,0.0107497737064,0.0353660226334
C001442,0,0.00284731175343,0.00395872380668,0.936454421106,0.00352854075046,0.00254757949471,0.00395872380668,0.00490738269354,0.0417973165889
C001444,0,0.0105143371555,0.0145473331411,0.0145473331411,0.0129665165608,0.0145473331411,0.0494235868812,0.0124913239991,0.87096223598
C001445,4,0.00890303983192,0.00957403694611,0.00957403694611,0.737646053016,0.00957403694611,0.00920600373246,0.013679330216,0.201843462365
C001446,2,0.0146084154002,0.0164654473912,0.0164654473912,0.00766674155488,0.184071516144,0.0135642130002,0.0165765598145,0.730581659304
C001448,2,0.0115825305474,0.0127098054472,0.0127098054472,0.793417859264,0.0127098054472,0.0243749167135,0.0138759168607,0.118619360273
C001449,3,0.00849397572428,0.514944447384,0.0832691313284,0.00979423465176,0.0601600991299,0.0116378941123,0.174103826336,0.137596391333
C001450,1,0.803412882961,0.00592921649743,0.0130158296765,0.0131352169354,0.0137012313328,0.0137012313328,0.017322162256,0.119782229008
C001451,4,0.00646320020201,0.661790528663,0.0176868695114,0.0153698925068,0.0176868695114,0.0096632468118,0.0238572149938,0.2474821778
C001452,1,0.00568897211025,0.00749076962169,0.00279888064537,0.0918497816381,0.00749076962169,0.484447666369,0.36416110331,0.0360720566839
C001453,4,0.00589920637154,0.00505763338185,0.00634381299197,0.836833560109,0.00634381299197,0.00609995202764,0.00906400437286,0.124358017753
C001456,4,0.0107218198776,0.0604395381945,0.256224846344,0.0068223861361,0.0371554528601,0.390393989093,0.185829025571,0.052412941924
C001457,3,0.682174137297,0.0118050032107,0.104246634084,0.024556479345,0.09892932242,0.0117994203674,0.0157561918868,0.050732811389
C001458,2,0.325268866402,0.0283227710529,0.0678393716894,0.0283227710529,0.0283227710529,0.0249536431042,0.307124526814,0.189845278832
C001459,4,0.0562786171425,0.0047658747037,0.0047658747037,0.766398601276,0.141203852168,0.00466003240068,0.00681890715696,0.0151082404479
C001460,4,0.0475726747948,0.0535727140397,0.0350678168727,0.030473938615,0.0225830357565,0.141716600682,0.0301145777007,0.638898641538
C001461,3,0.0107492126642,0.0135732024388,0.788412438433,0.0114467057225,0.00975510513518,0.0133873813261,0.0148659470567,0.137810007223
C001462,4,0.00712888029488,0.00766616398624,0.00766616398624,0.00666189776163,0.559157480286,0.0440503794014,0.297495194458,0.0701738398256
C001463,3,0.0198604626229,0.268408898206,0.0202901014877,0.0168568371181,0.0202901014877,0.0830943836292,0.0257410393674,0.545458176081
C001465,1,0.00414954758502,0.0103368754707,0.0853782023255,0.0139528966236,0.0993745195024,0.00719183860012,0.288362575704,0.491253544189
C001466,1,0.00368491699245,0.00712441556864,0.00546094311534,0.0231894658873,0.023806818583,0.00840198485855,0.854979787942,0.0733516670523
C001467,4,0.840099166198,0.00518617444611,0.00518617444611,0.00463747965475,0.00518617444611,0.00498681398211,0.00594809656135,0.128769920266
C001468,4,0.00597313010057,0.850048163963,0.0042271231363,0.00601647050991,0.00421874731144,0.00676968170713,0.00843549289431,0.114311190377
C001469,3,0.0154379087714,0.619595013673,0.0179615595244,0.111660759294,0.020102829696,0.0296149990859,0.0209134202551,0.1647135097
C001470,1,0.0323078629661,0.00842697015181,0.544202098929,0.0080173516512,0.00911750345148,0.00842697015181,0.317830995669,0.0716702470295
C001471,0,0.0940265931248,0.0556406585078,0.150817148096,0.0275408802798,0.0157608242994,0.0146066584511,0.0127881840619,0.628819053179
C001472,0,0.00369940413488,0.00637193658911,0.00637193658911,0.106215594731,0.00377077296512,0.0356907786468,0.00786093150287,0.830018644841
C001474,2,0.521727629159,0.0260497403957,0.0138237224896,0.0138237224896,0.0138237224896,0.341662284006,0.0134636392797,0.0556255396917
C001475,3,0.0247547544918,0.0263389292846,0.0263389292846,0.163080326036,0.0263389292846,0.0259783416362,0.0279895313187,0.679180258664
C001477,1,0.0123745470071,0.248750479937,0.0174488364417,0.568535239035,0.023063128834,0.0183676761694,0.0213720055122,0.0900880870636
C001482,4,0.00851790758402,0.0162170937031,0.656422800859,0.0142567639101,0.0734347143689,0.0292557446294,0.0200925103291,0.181802464617
C001484,0,0.00725295295271,0.414309505328,0.329990365486,0.0089882465536,0.0100840512066,0.0100840512066,0.179469550047,0.0398212772195
C001485,0,0.019131849176,0.00880880387824,0.0034420920685,0.00464080384814,0.00880880387824,0.0313562003966,0.018478696075,0.905332750679
C001486,2,0.115998480201,0.00748300509841,0.00748300509841,0.755949384239,0.0104268096132,0.00628839034755,0.0100643994436,0.0863065259589
C001487,4,0.0107559327886,0.360956278507,0.10602271488,0.010051357521,0.0115665772424,0.0127914888729,0.152910031669,0.334945618519
C001489,3,0.0114915187061,0.0153502550932,0.0159111932069,0.0601862378119,0.163545299854,0.0906750375886,0.0190027184516,0.623837739288
C001492,4,0.0123820102018,0.0126404297847,0.0133152075445,0.247475873943,0.0133152075445,0.325608890366,0.0184333611005,0.356829019516
C001493,1,0.0668856141181,0.00996383512061,0.0414263381215,0.0121905020993,0.0180187474075,0.0268017050187,0.0120400199953,0.812673238119
C001496,4,0.00881017727197,0.0178492101784,0.124866441019,0.0534246791756,0.140155397602,0.030523306088,0.0224564491255,0.60191433954
C001497,4,0.862014599628,0.00718910332374,0.0241030086245,0.00624733196766,0.0038580029826,0.00306706551338,0.00746997632881,0.0860509116315
C001498,0,0.409224273418,0.00735155004202,0.00735155004202,0.00655267838048,0.0870695198247,0.447335379456,0.00779181171101,0.0273232371259
C001499,0,0.00971706745264,0.670556534563,0.0135100015689,0.0120419088076,0.0135100015689,0.0268319079679,0.199955726873,0.0538768511983
C001500,3,0.0189080345488,0.0221721342838,0.546938537073,0.0184204133434,0.0221721342838,0.139532723298,0.0176699484451,0.214186074725
C001501,3,0.734823346055,0.0165305032432,0.0287227336211,0.0155010092773,0.0165305032432,0.0163041958172,0.02801342185,0.143574286893
C001503,3,0.00552590804742,0.00371011342754,0.00371011342754,0.00885909608396,0.0127684154665,0.00276552640101,0.00183275243033,0.960828074716
C001504,2,0.929993144905,0.00247102378367,0.00247102378367,0.0461205328676,0.00247102378367,0.00213418841026,0.00340919109487,0.010929871371
C001506,2,0.00371819607896,0.00701820180376,0.00745652787675,0.284414765286,0.00308063857122,0.00644009801948,0.624415909295,0.0634556630689
C001509,4,0.00794679887843,0.00689976165079,0.16147503538,0.609745271057,0.008445775523,0.00825820862548,0.153112262501,0.0441168863839
C001510,1,0.0327696248685,0.505039522494,0.00706486120656,0.120229515772,0.00282014555843,0.00743689031974,0.0346973704596,0.289942069321
C001513,1,0.00698039335465,0.850131675418,0.00728980569747,0.00735667119444,0.00767368018128,0.00767368018128,0.0097108424934,0.103183251479
C001514,3,0.00617921336025,0.00993825539285,0.387159244485,0.521868705825,0.00993825539285,0.00993355537529,0.0139312509424,0.0410515192264
C001515,0,0.0182894212806,0.00959981653132,0.00959981653132,0.0132424923202,0.0264634239904,0.00959531456124,0.0109756393127,0.902234075472
C001516,3,0.00361934426268,0.00424415275973,0.00395553585387,0.00232937743646,0.00424415275973,0.00128077184411,0.00198090234064,0.978345762743
C001517,1,0.0056411907605,0.00582850133738,0.0271940521962,0.00651335807696,0.0100295755625,0.883899603461,0.0107950197645,0.0500986988407
C001518,2,0.00374144443674,0.299470439782,0.200658831616,0.101412510391,0.0345846022387,0.011078377692,0.0155606533406,0.333493140503
C001520,4,0.0102824415728,0.238535762007,0.0109280723825,0.00977188751864,0.00687696579318,0.667029186302,0.0120965910021,0.044479093422
C001524,3,0.0120435486529,0.477806423048,0.0154477319527,0.236507348107,0.166451156211,0.0152362479825,0.020958026698,0.055549517347
C001525,4,0.0253863908426,0.0687230509433,0.0272996918405,0.0626469779918,0.315379165319,0.0621971138195,0.0369506210342,0.401416988209
C001526,3,0.00316605937947,0.939422197362,0.0038221215137,0.00322331449781,0.0038221215137,0.00376979555186,0.00444658647417,0.0383278037075
C001527,4,0.248476002646,0.19243195037,0.0101465009423,0.00908999429868,0.00787979584216,0.438474239585,0.0113674126944,0.082134103621
C001530,0,0.00851382814083,0.0116605622701,0.0116605622701,0.658722657033,0.0116605622701,0.0116605622701,0.0113422944527,0.274778971293
C001533,4,0.00856196626337,0.243802482142,0.00869536734142,0.131455835048,0.00869536734142,0.414343082444,0.0267965599134,0.157649339506
C001534,2,0.0013077365702,0.371622646911,0.00951531759829,0.525824147134,0.00371496834776,0.0282388130483,0.0279993779495,0.0317769924405
C001536,3,0.0113750493965,0.0121029930538,0.0121029930538,0.0102068322102,0.0121029930538,0.65013512193,0.0173790059262,0.274595011376
C001538,3,0.00858822399026,0.0142683333446,0.0142683333446,0.00832211821603,0.010461410446,0.00778076634288,0.841859206445,0.0944516078703
C001539,1,0.0380313651911,0.334138161043,0.00986954971703,0.00988426904957,0.346533996463,0.145241836608,0.0135270482296,0.102773773699
C001540,2,0.0149301062598,0.600907158129,0.0185288589876,0.226258641924,0.0212019431201,0.0160031143237,0.0201499551063,0.0820202221494
C001541,1,0.0583950029722,0.00576438593899,0.0166669850798,0.0133691863874,0.0665463249325,0.0800741317059,0.654624152994,0.104559829989
C001543,2,0.0702610123764,0.0146355913033,0.0938251613111,0.0181989985173,0.00661124037946,0.375297216682,0.0231477526527,0.398023026777
C001545,3,0.061236841045,0.0278147598672,0.165389397992,0.323954823662,0.0159074097749,0.0226892294438,0.0274047644573,0.355602773758
C001548,3,0.00509845399633,0.00267230645901,0.908287774601,0.00302838046581,0.0500436168721,0.00354493284658,0.00435396161305,0.0229705731457
C001549,0,0.00253594968342,0.00282602720061,0.00319857351024,0.953584987797,0.00319857351024,0.00319857351024,0.00320397165847,0.0282533431299
C001550,3,0.0536725403408,0.327723782527,0.434731973623,0.0138307173043,0.0359349874035,0.00543654083735,0.0251031143003,0.103566343663
C001552,1,0.0171543328012,0.0147583506162,0.0321108242679,0.0357490055971,0.00786478257733,0.0120183440882,0.683615683422,0.19672867663
C001553,3,0.0098622104818,0.0178186543687,0.0848977752764,0.0991530066552,0.534493865222,0.0212724550547,0.0277480727884,0.204753960152
C001554,1,0.286644825234,0.162836635631,0.318680444772,0.0132781570037,0.013956557927,0.0500231752132,0.0166202964409,0.137959907778
C001555,0,0.0088315722649,0.0122788645583,0.0627375219397,0.010944555892,0.0122788645583,0.311472463118,0.0144793329219,0.566976824747
C001558,3,0.0107864778632,0.00143864812041,0.0861912084863,0.00949287409963,0.0308617426188,0.0211388775529,0.00803099193798,0.832059179321
C001560,4,0.0277016389056,0.0143191275761,0.527117151713,0.0128041706846,0.0143191275761,0.0140011231102,0.257579664704,0.132157995731
C001561,0,0.0202614770552,0.0276151253391,0.0276151253391,0.0246142696097,0.0276151253391,0.0276151253391,0.022524734674,0.822139017305
C001564,3,0.00775002387387,0.0121167608728,0.824451207546,0.013444211875,0.0143371043799,0.0143303240508,0.0173151733497,0.0962551940519
C001567,2,0.00725246703581,0.760285567468,0.0693045350773,0.00798286910025,0.0820726345551,0.00670845420196,0.00955099241155,0.0568424801505
C001568,1,0.0244331109719,0.0102736836242,0.00636527547482,0.00977430000163,0.0362602291822,0.111904131035,0.659640946904,0.141348322806
C001569,0,0.00244239680325,0.472180344591,0.003395755438,0.00302674852471,0.456626650548,0.003395755438,0.00599564653496,0.0529367021221
C001570,0,0.141697841505,0.310465673865,0.00562088956841,0.00501008377056,0.00562088956841,0.493604668622,0.0208199410178,0.0171600120831
C001571,1,0.00169851465432,0.0607947449982,0.00197894336178,0.0171032479534,0.00208315270467,0.869711296738,0.033964780755,0.0126653188349
C001572,4,0.45029107618,0.0178749706368,0.0178749706368,0.354476157381,0.0178749706368,0.0171878432605,0.0191157368758,0.105304274392
C001573,4,0.0179871423877,0.010592082558,0.00541203295506,0.0328602309044,0.125675108849,0.0984941933669,0.015058374454,0.693920834525
C001574,1,0.0166367441555,0.0219058935971,0.020810055173,0.0208410910491,0.0272071702938,0.253566948416,0.0257867907994,0.613245306516
C001575,0,0.0188835942873,0.0074211609293,0.0074211609293,0.767496187459,0.00516727331644,0.0074211609293,0.0122696353548,0.173919826795
C001576,2,0.0207263527281,0.0257222326717,0.0257222326717,0.0688931706872,0.321286509207,0.0486609692198,0.0297456739995,0.459242858815
C001577,4,0.00785746263063,0.441000893947,0.00857009187817,0.00588096965974,0.0532205961562,0.158025866263,0.209207272024,0.116236847441
C001578,0,0.00550181539225,0.0115345042441,0.00764937929506,0.00681814339075,0.00764937929506,0.811719098202,0.00836492945343,0.140762750727
C001579,0,0.0493562141251,0.683248000743,0.0149246038943,0.0109227047581,0.0369597442195,0.0162386781249,0.0185590695431,0.169790984592
C001580,0,0.00400162212986,0.00445299743823,0.345224959066,0.00396910309731,0.525329344319,0.0513232687549,0.0469523055693,0.0187463996259
C001581,2,0.00310382521679,0.00526365982103,0.00554454712698,0.0216555481233,0.00554454712698,0.00456759032618,0.00560499911729,0.948715283141
C001582,2,0.0882152455852,0.573884771437,0.0193798461344,0.0115332589646,0.0862810050554,0.0360354260439,0.0102381294467,0.174432317332
C001583,1,0.00867728913921,0.0114255392051,0.0108539786421,0.0108701661406,0.842930598686,0.0134743415307,0.0139251976921,0.0878428889641
C001584,0,0.0224044481538,0.0306851933704,0.0306851933704,0.0273507222354,0.0306851933704,0.0306851933704,0.0515774789884,0.775926577141
C001585,1,0.00704394170391,0.0988212643245,0.00863040054253,0.00864327182229,0.0152002687686,0.622818911749,0.176644476467,0.0621974646219
C001586,4,0.0773070792415,0.0151943006985,0.0151943006985,0.510926465945,0.00849482317305,0.173039906834,0.014642744884,0.185200378526
C001587,1,0.00283620477086,0.00373448069823,0.00167511205637,0.0245932146693,0.0130224024816,0.00430277944432,0.00950957248465,0.940326233395
C001589,3,0.00984183075589,0.0108620597195,0.163325189287,0.70012745431,0.00729101339251,0.0108569228147,0.0208627725012,0.0768327572185
C001590,4,0.00637147925988,0.00685167976186,0.0190296244007,0.902634845175,0.0062563034446,0.00658829601519,0.0072541210398,0.0450136509027
C001591,2,0.011033052599,0.00733456538024,0.694997144499,0.010096737502,0.120295164468,0.0118144988795,0.0105797012259,0.133849135446
C001592,1,0.0188440055732,0.0248122335218,0.0235710059608,0.023606159487,0.309622109611,0.0248122335218,0.0705910320372,0.504141220287
C001593,4,0.0198446311307,0.021090668385,0.741035416805,0.0188592856944,0.021090668385,0.0206222790435,0.0298323088755,0.127624741681
C001594,4,0.0177161294207,0.00947057927082,0.738710053655,0.00846859648541,0.00947057927082,0.00910652304837,0.0137034790067,0.193354059842
C001599,3,0.00536199095385,0.00628763307737,0.00628763307737,0.00344572649076,0.920932785848,0.00628465951866,0.00628494300125,0.0451146280329
C001600,2,0.0264642588418,0.00772493637643,0.00772493637643,0.685998676832,0.00772493637643,0.006491698817,0.214920163173,0.0429503932067
C001601,4,0.192973795898,0.434685655391,0.0131977328247,0.0118014189649,0.0131977328247,0.0126904020037,0.210479156149,0.110974105944
C001602,0,0.0202614770552,0.0276151253391,0.0276151253391,0.0246142696097,0.0276151253391,0.0276151253391,0.022524734674,0.822139017305
C001603,0,0.270024096667,0.0503409354271,0.0173318813395,0.0154484759673,0.00787889364951,0.0790363102619,0.25835926712,0.301580139567
C001604,4,0.00805013411003,0.127994457928,0.0184591643236,0.0160410168253,0.0184591643236,0.0143309397574,0.315599841569,0.481065281163
C001605,1,0.00871463720557,0.0102701725944,0.68011849345,0.127920945818,0.00399115003529,0.00742461206796,0.0882417166866,0.0733182721428
C001606,1,0.0128088157146,0.0240413487188,0.0050496919299,0.00976712502122,0.0197107071437,0.00826622351053,0.820179787439,0.100176300522
C001607,3,0.00839395345459,0.838955851823,0.0091252417902,0.00769560152731,0.0091252417902,0.00912092626449,0.0121582911997,0.10542489215
C001608,4,0.00347656020666,0.883499591125,0.00373857878795,0.00334303892916,0.00373857878795,0.00359486499474,0.00433429735346,0.0942744898156
C001611,1,0.00337188453049,0.00493037199967,0.0115301849728,0.714937862686,0.00210367112688,0.00493037199967,0.00754650127951,0.250649151405
C001612,2,0.0133065692286,0.0151206533923,0.223998792169,0.115814694673,0.0398658101444,0.00918558942867,0.452335731156,0.130372159809
C001613,2,0.056196036883,0.010091546118,0.132631830778,0.010091546118,0.010091546118,0.275936094924,0.464112153988,0.0408492450738
C001614,2,0.00637248557879,0.00735724651655,0.887826812173,0.00735724651655,0.00735724651655,0.00606088959959,0.00516782759366,0.0725002455055
C001615,1,0.00140960243005,0.00142902548024,0.743530117003,0.00361169395588,0.0560378965125,0.00527221736403,0.00481664161732,0.183892805637
C001616,3,0.0143911317192,0.467206669227,0.0184588738503,0.137250979443,0.0184588738503,0.112097152306,0.0298025142749,0.20233380533
C001617,2,0.00297480700502,0.00353389682205,0.00353389682205,0.633713458391,0.00353389682205,0.0781796690527,0.246042545036,0.0284878300484
C001618,2,0.00744947624397,0.157790129474,0.00860066805463,0.166226666261,0.00835092327338,0.0141420920424,0.010496037098,0.626944007553
C001619,3,0.00865866200171,0.0159762885594,0.182686377833,0.170458361123,0.00709139138606,0.485569043444,0.0164485000363,0.113111375616
C001621,2,0.00681275138587,0.0120594985012,0.0098029823759,0.0098029823759,0.350063109746,0.00807568344943,0.523929350225,0.0794536419409
C001622,2,0.0195920701913,0.0704672772001,0.0157449327426,0.0218327819776,0.0689383904443,0.0270043832546,0.0257168135624,0.750703350627
C001623,4,0.235441022204,0.0852717888842,0.428034197172,0.00614467907284,0.0698237490167,0.0160908497627,0.05940178897,0.0997919249176
C001624,1,0.893287188803,0.0059839265126,0.00568458165499,0.00573672328856,0.0059839265126,0.0059839265126,0.0113731931074,0.0659665336085
C001625,0,0.0124355850555,0.0172896580608,0.0109143757365,0.01541084097,0.0172896580608,0.534920526235,0.0281275135513,0.36361184233
C001626,3,0.0109228013884,0.0126902573447,0.0126902573447,0.598053725164,0.0126902573447,0.0125165240087,0.0145175190757,0.325918658329
C001627,0,0.00509700444628,0.0168538013507,0.0168538013507,0.354765030821,0.0379872705436,0.244494785547,0.0217897354003,0.302158570541
C001628,4,0.00570323260615,0.282770438948,0.0132275241877,0.0716950492849,0.0215820353133,0.00425731668911,0.488131663832,0.112632739139
C001631,3,0.0180538619968,0.0208532025553,0.2773587403,0.0175861572902,0.0208532025553,0.0205677161109,0.0217249171386,0.603002202053
C001634,0,0.0961582056386,0.00541974497625,0.00541974497625,0.794047001996,0.0627405651295,0.00541974497625,0.00578367548926,0.0250113168175
C001635,2,0.262974124716,0.0858611218957,0.0244957534248,0.0244957534248,0.0201521476384,0.0124234014044,0.29108038415,0.278517313346
C001636,2,0.142070552908,0.0068808868598,0.645635230018,0.0068808868598,0.0249124817103,0.137159418484,0.00542048070562,0.0310400624544
C001637,4,0.019020244335,0.0232333514969,0.232505097361,0.0377143279469,0.0177459658592,0.0523739695708,0.0289983212647,0.588408722166
C001639,2,0.0162292928249,0.0123551978501,0.0123551978501,0.0123551978501,0.74185834048,0.0101781950601,0.0137306211604,0.180937956924
C001640,0,0.0156272825836,0.0215250461206,0.0215250461206,0.327293515249,0.236257400048,0.013385873065,0.0209487870886,0.343437049724
C001641,1,0.00782526819797,0.0256801751751,0.0243955289875,0.0244319121979,0.0218631990177,0.0256801751751,0.0308697197339,0.839254021515
C001642,3,0.0223275845004,0.0307343168629,0.0307343168629,0.0292552481217,0.0281999049536,0.0303135550725,0.0317914036254,0.796643670001
C001644,0,0.0122450833138,0.00629637772954,0.0158947134958,0.0118853154377,0.0283743893555,0.021550499409,0.0170817692919,0.886671851967
C001645,4,0.0203336057968,0.441633865481,0.0208365717318,0.0235304348528,0.0208365717318,0.21395783848,0.0254776903686,0.233393421558
C001646,4,0.597164622127,0.0220740940947,0.0220740940947,0.0191823913894,0.0220740940947,0.0180806012255,0.080506500036,0.218843602938
C001648,1,0.00470690473597,0.0056274041971,0.0102630459894,0.00539492934006,0.0056274041971,0.715082090493,0.00774363438924,0.245554586659
C001650,1,0.00501915099405,0.00765341707261,0.916293868686,0.00597552429806,0.00623301778302,0.00623301778302,0.00770130125005,0.0448907021332
C001651,3,0.0490876460983,0.03656907509,0.03656907509,0.0303812646144,0.0416313113142,0.0365517807774,0.378904478491,0.390305368525
C001652,2,0.230752450999,0.638861544841,0.00378964302875,0.0718399246654,0.0255456249468,0.0122386076981,0.0035835515513,0.0133886522698
C001654,2,0.0106405472218,0.0235515438585,0.0123334008455,0.44139208181,0.388800478318,0.010364450887,0.0142472461698,0.0986702508887
C001655,4,0.0092824122075,0.0096245888556,0.0096245888556,0.0921738204561,0.381275048202,0.00925461238835,0.344080932993,0.144683996042
C001656,1,0.00234286592331,0.119857578209,0.811059527374,0.0026571781389,0.00277167956589,0.0408220262597,0.00309956836266,0.0173895761673
C001659,2,0.00804142757919,0.184113392015,0.068627052137,0.12909675051,0.513104736183,0.00919890365661,0.0124353738399,0.0753823640803
C001660,2,0.016234123345,0.0171741951694,0.0171741951694,0.556406014134,0.0171741951694,0.0151312431985,0.021997837801,0.338708196013
C001662,1,0.0116697813795,0.00563753373208,0.00586643152342,0.00536350426801,0.864513771077,0.0439423645867,0.0096026816094,0.053403931824
C001664,1,0.00678424072094,0.00893292906236,0.00848606087764,0.00849871689088,0.774561828306,0.0480746450071,0.0118586188064,0.132802960329
C001665,1,0.012965546722,0.0142532739726,0.0135402564817,0.0136644540277,0.0142532739726,0.735151017795,0.0108748596723,0.185297317356
C001666,0,0.00603654521907,0.00839283413207,0.00839283413207,0.0228477915863,0.0059880775861,0.00948168873022,0.0102939990087,0.928566229605
C001668,3,0.00424990886928,0.00553411705483,0.00553411705483,0.730952414377,0.189025199713,0.0111723333336,0.00707410535674,0.0464578042416
C001670,4,0.0100203519758,0.242640313933,0.0217570320092,0.248105491945,0.0420810898518,0.166277958716,0.0262920045451,0.242825757024
C001671,1,0.0186892905377,0.316813326573,0.430833043219,0.0958600766168,0.0178633915326,0.0062199807818,0.0162090811025,0.0975118096358
C001672,3,0.00981050194365,0.0125835008198,0.0125835008198,0.704486082373,0.0551935603725,0.0124112290118,0.0180538107219,0.174877813937
C001673,1,0.00746295170875,0.00897607225564,0.476748931957,0.00860525988083,0.00897607225564,0.00897607225564,0.430301708202,0.0499529314847
C001674,0,0.0046663028557,0.00648773502999,0.0167139719538,0.761642554815,0.16483090992,0.00648773502999,0.00665648457401,0.0325143058217
C001675,0,0.0326939616535,0.0259952756681,0.0344762337088,0.0231704443132,0.0276771424287,0.101308133623,0.0365854808956,0.718093327709
C001676,2,0.01080583809,0.0122094167625,0.0122094167625,0.0246689956829,0.0122094167625,0.286195235555,0.545137928854,0.0965637515303
C001678,3,0.0104028153613,0.824862460874,0.0127495481759,0.0107520923468,0.0127495481759,0.0114364164355,0.0159703394829,0.101076779148
C001679,0,0.0080689390513,0.0255041392683,0.0143477641129,0.623346369094,0.0255041392683,0.0454999103141,0.0238553643089,0.233873374582
C001680,1,0.111635095657,0.218341837415,0.0195907090813,0.0196199264388,0.139914025283,0.0362577101359,0.0301516532146,0.424489042774
C001681,3,0.00838577937727,0.0474974624881,0.0107560716337,0.00893604931792,0.0107560716337,0.010750984853,0.681968243399,0.220949337298
C001682,3,0.0227534949469,0.0251121795397,0.0251121795397,0.106436662752,0.0251121795397,0.0251003034427,0.0346398741871,0.735733126053
C001684,2,0.0157624748884,0.0195405580032,0.0195405580032,0.76083777002,0.0201145506076,0.0165288736598,0.0215845850867,0.126090629731
C001685,1,0.00545261175391,0.0101507855567,0.00964299431781,0.364053127512,0.0079978976741,0.129458145879,0.013392673941,0.459851763366
C001686,4,0.00674297332785,0.00690976548064,0.0617711396127,0.00600458733618,0.622449325696,0.0067563108606,0.0754005640737,0.213965333612
C001688,2,0.711464634565,0.0104886656998,0.0104886656998,0.0104886656998,0.00939013173641,0.115765794204,0.0107388287402,0.121174613654
C001690,2,0.0015841572651,0.178750558009,0.0943018714692,0.00383201109314,0.00473294692932,0.677268325459,0.00349309187084,0.0360370379042
C001692,0,0.0186298965937,0.0259018405949,0.0259018405949,0.023087162559,0.006960757388,0.677871594611,0.0253321819872,0.196314725671
C001694,0,0.00600963326428,0.0141928538886,0.0141928538886,0.0126505575425,0.0109812652152,0.789201544733,0.0248974767062,0.127873814761
C001695,0,0.00938774887782,0.0105302379713,0.0102295377081,0.162689182937,0.0429972557998,0.0154408834056,0.0226338820464,0.726091271254
C001696,4,0.00660578974581,0.00710364957122,0.28868554017,0.0070228172544,0.503640349794,0.0258352502865,0.109795593388,0.0513110097904
C001697,2,0.00330661541418,0.00381759745656,0.013812682506,0.00426992213563,0.00208193167291,0.0055507107108,0.00447764697587,0.962682893128
C001699,3,0.00373650190316,0.00470013354089,0.0162051049369,0.0758812202088,0.00636940132259,0.00410249552785,0.0975177529491,0.791487389611
C001700,2,0.0297042346349,0.0310867926285,0.058754484595,0.0310867926285,0.0310867926285,0.0273310155347,0.0300644088419,0.760885478508
C001702,4,0.0120578098815,0.012814915429,0.00741160441067,0.0136669840809,0.0130686010116,0.00583203556943,0.831201100806,0.103946948811
C001703,4,0.00462053763601,0.0120439920873,0.856985000498,0.0044430805948,0.00496877458409,0.00477777113504,0.00904084458012,0.103119998885
C001704,0,0.0112264996746,0.0854612047716,0.0156086215265,0.622520158874,0.15524619802,0.0156086215265,0.0202939948013,0.0740347008058
C001705,4,0.407888264169,0.00759863176853,0.00759863176853,0.0399328633452,0.00759863176853,0.00411029144462,0.464951926703,0.0603207590321
C001706,1,0.771497528542,0.00546982467394,0.150174449358,0.0077249306391,0.00518152496488,0.00811960891235,0.00985282706604,0.0419793058436
C001707,4,0.00344565349147,0.480989066817,0.00544381725473,0.00321616008268,0.462343062181,0.00523455280651,0.00721986187148,0.0321078254951
C001708,0,0.00809517031667,0.0110871673709,0.0303209826665,0.54323515344,0.0110871673709,0.299968182699,0.0148022987574,0.081403877379
C001710,3,0.0040775856247,0.00357490397196,0.850936813094,0.00397242835875,0.0293626668125,0.00477923919119,0.00659594975045,0.0967004131963
C001711,3,0.698217065655,0.0073527986094,0.00484796703413,0.23947536357,0.00287547524212,0.0030801689301,0.00699958743298,0.0371515735262
C001712,0,0.00511140276088,0.00489097552966,0.490253465533,0.46588800148,0.00358878516013,0.00358878516013,0.00462560211556,0.0220529822611
C001713,4,0.00997473314811,0.00572496795302,0.0119610505438,0.00493237072358,0.0113149471785,0.00688446525335,0.0217776309774,0.927429834222
C001715,1,0.0684818673761,0.73425199532,0.0034650373397,0.00349682027787,0.0365929576912,0.132878931453,0.00440382351356,0.0164285670288
C001717,3,0.64595050355,0.0166038130623,0.0166038130623,0.0137943012508,0.0361674295962,0.0165959607572,0.016434367303,0.237849811418
C001718,1,0.00241767062435,0.137605613763,0.0332459865688,0.593573421787,0.0356503490225,0.00965505573111,0.0114432981483,0.176408604354
C001719,0,0.0014143687738,0.969649125123,0.00212033601268,0.00175276130143,0.00196644969751,0.00196644969751,0.00214712031154,0.0189833890826
C001720,4,0.0156642316095,0.0201705326174,0.0135246576856,0.0146381346271,0.0131163252025,0.0161972738958,0.0175529727482,0.889135871614
C001721,4,0.00417579140733,0.00449050908092,0.00449050908092,0.00401541535454,0.00449050908092,0.00431789051915,0.928553627797,0.045465747679
C001722,1,0.00293695012578,0.00378437039933,0.00496450601882,0.00559285668811,0.00266659782175,0.00401183607237,0.00788386319069,0.968159019683
C001723,4,0.0109882743134,0.0118164296956,0.0118164296956,0.0121700950753,0.0118164296956,0.0115540060671,0.823728464238,0.106109871219
C001724,3,0.00449758992464,0.910256932727,0.00542956816357,0.00457892448363,0.00542956816357,0.00542700040245,0.00624025951368,0.0581401566213
C001730,0,0.131438299942,0.0102472180764,0.0197148170015,0.0949231384037,0.0148027686004,0.475998091024,0.0411404901,0.211735176852
C001732,1,0.00975223784821,0.00675128914765,0.0354925510673,0.0120609655707,0.065769769377,0.00606688501001,0.016511614049,0.84759468793
C001734,2,0.442529451101,0.0167952585122,0.0167952585122,0.0167952585122,0.0167952585122,0.0140841868938,0.017121486376,0.45908384158
C001735,2,0.100619973237,0.276026019723,0.00743580590359,0.00743580590359,0.172548077177,0.00623552653127,0.386986760067,0.0427120314573
C001736,3,0.017597922329,0.0153201727831,0.0194221672794,0.0182125849864,0.439590794389,0.0225197051003,0.0318409007915,0.435495752342
C001737,3,0.422854570893,0.478429251314,0.0158699713313,0.0183785953579,0.00187986290277,0.00703858152992,0.0120368804394,0.043512286232
C001738,2,0.300254490188,0.00658867232326,0.00245341159086,0.46567086514,0.00792682185272,0.00243879204196,0.167539601651,0.0471273452117
C001739,2,0.00264328837246,0.00676211305744,0.00562503555452,0.00920644834849,0.0180537213807,0.0118307874424,0.00393255806924,0.941946047775
C001740,0,0.729024883023,0.0166116340416,0.0166116340416,0.0148064958583,0.0166709017881,0.0166116340416,0.0175827478371,0.172080069368
C001741,2,0.0107018154683,0.753725219492,0.0123556018451,0.00623938863583,0.0147225024778,0.00719577561903,0.0580386933939,0.137021003068
C001742,0,0.117538884014,0.0154776399569,0.105520561182,0.013795729628,0.0154776399569,0.563589243229,0.0493450142196,0.119255287813
C001743,0,0.00112602239514,0.17393094065,0.0857182435142,0.00972455932321,0.0105023218844,0.0331732233112,0.61659204997,0.0692326389524
C001744,4,0.00692562124719,0.00633731402155,0.266193664482,0.0044048435375,0.00291665117908,0.356133242553,0.050695965972,0.306392697009
C001746,3,0.00467352944585,0.682477950256,0.0102668293386,0.00876664318873,0.225973962968,0.00671574592453,0.0166364731418,0.0444888657362
C001749,0,0.368896345047,0.00828205541836,0.0134726288505,0.230627069965,0.00828205541836,0.00828205541836,0.320822101811,0.0413356880716
C001751,1,0.0145992231514,0.00631127659763,0.302356366138,0.0472084635069,0.0255941547385,0.0491291640426,0.169173404104,0.385627947721
C001753,0,0.0119848400716,0.0166629704857,0.0813276082797,0.0148522537195,0.0166629704857,0.748526958714,0.0154285999608,0.0945537982833
C001754,3,0.00876472217015,0.027718971784,0.0155703280499,0.78427493575,0.0161533197931,0.0402704269453,0.0166346861114,0.0906126093966
C001755,0,0.00436308272798,0.00606615676873,0.00606615676873,0.0054069650732,0.00419411669287,0.00405577631954,0.89823242505,0.0716153205992
C001757,0,0.916046758785,0.00313354024718,0.00313354024718,0.0027930274996,0.0292460427596,0.00313354024718,0.00762249457012,0.0348910556444
C001758,1,0.749333459035,0.0139399300198,0.0446561100733,0.0133640546917,0.0139399300198,0.0112335507118,0.0202174671335,0.133315498315
C001760,2,0.0303385911369,0.0341296857351,0.0341296857351,0.0341296857351,0.0341296857351,0.0300062789419,0.0342660310982,0.768870355883
C001761,3,0.0330959151335,0.026702403955,0.058958539034,0.0825204271018,0.0127189542505,0.0973502174451,0.0375126758113,0.651140867269
C001762,1,0.0210077527631,0.0131665506898,0.225085788086,0.0125265504698,0.0131665506898,0.0131650413284,0.011655767271,0.690225998702
C001764,4,0.0230521830783,0.510337226624,0.0159291749092,0.0160726258959,0.101400210677,0.00676359423081,0.0276044933901,0.298840491195
C001765,1,0.0123089330315,0.00719021182117,0.00683052275593,0.0150511997371,0.00795374073012,0.03352698249,0.0071563099249,0.909982099509
C001766,3,0.0073816231407,0.0120019344727,0.00626593809025,0.0136667626628,0.00852618030241,0.0581282983383,0.0118272649646,0.882201998028
C001768,2,0.0295074565423,0.0334955626203,0.0340673398431,0.0340673398431,0.171271116963,0.0280646278844,0.0809277348449,0.588598821459
C001771,2,0.00391129632849,0.00809708531281,0.344436412337,0.0110163099817,0.00809708531281,0.00355916266774,0.0108462522488,0.610036395811
C001772,1,0.0121086320246,0.0095638321806,0.00981628369299,0.00834182262168,0.820403755116,0.0095638321806,0.012716323605,0.117485518578
C001773,4,0.679971811845,0.0220470945155,0.0220470945155,0.0197145223949,0.0220470945155,0.0180680145434,0.0226939067519,0.193410460919
C001774,4,0.00543498297855,0.108241187557,0.00538974226148,0.0061532863535,0.0290277816588,0.0164059309579,0.07619540271,0.753151685523
C001777,0,0.0128033391704,0.01984393323,0.474891038443,0.0105959358976,0.0147625574962,0.0424938720938,0.245775508145,0.178833815524
C001778,3,0.0194827535501,0.0241690510586,0.564645611786,0.0246834499635,0.0293437215473,0.14849431567,0.027763150061,0.161417946363
C001779,3,0.00541126873649,0.450680838082,0.00760118964479,0.197975099804,0.00760118964479,0.0820028009333,0.00875749451074,0.239970118644
C001780,2,0.00640089244984,0.00677154989249,0.00677154989249,0.801302528117,0.00677154989249,0.00600522311744,0.00792186486607,0.158054841772
C001782,4,0.0173441055746,0.0101775827532,0.0153326428351,0.00884432108209,0.615500876202,0.255581012332,0.00891669449943,0.0683027647221
C001784,3,0.666564604457,0.0742471080557,0.0179307618435,0.0107499208481,0.00975534624089,0.0367402630631,0.0215730460842,0.162438949407
C001785,4,0.0178870631171,0.019235160841,0.019235160841,0.0172000899666,0.712698000262,0.0184957467256,0.0481135158347,0.147135262412
C001786,3,0.0121178563332,0.805857133503,0.0156339889947,0.0156160818881,0.0121065379958,0.0154199551111,0.0158866788566,0.107361767317
C001787,1,0.161513254981,0.032518549895,0.00745387134145,0.0311458534531,0.00223330581783,0.705005040109,0.00891073498095,0.0512193894217
C001788,4,0.759101831756,0.0187178330541,0.00936824782946,0.00837709166191,0.00936824782946,0.00900812530494,0.0119218460266,0.174136776537
C001789,2,0.822662506676,0.00827716022416,0.00827716022416,0.00827716022416,0.00827716022416,0.00734044564598,0.0095232455178,0.127365161264
C001791,2,0.00658474591892,0.0076023081379,0.0076023081379,0.859756978129,0.0076023081379,0.00643060401414,0.0196191199287,0.084801627595
C001792,2,0.0145083396284,0.0144312604468,0.0144312604468,0.0144312604468,0.0144312604468,0.764293404897,0.0147168989504,0.148756314737
C001793,4,0.0708273908491,0.0345373144752,0.0163303680333,0.0146026228573,0.408957651119,0.341370328973,0.019247291219,0.0941270324738
C001794,2,0.21030472718,0.0102741582007,0.113521497817,0.0437582478665,0.0102741582007,0.3445360104,0.222633441695,0.0446977586398
C001795,2,0.00811545264557,0.0093695599572,0.0127020799887,0.00719399280146,0.0093695599572,0.00809235686115,0.847460209453,0.097696788336
C001796,2,0.00424360622098,0.332581050574,0.00673758257543,0.00954649291172,0.0066247225542,0.0186683112235,0.552994380556,0.0686038533841
C001797,2,0.00336276257692,0.00605216221306,0.00605216221306,0.0020069389403,0.0154859578273,0.0147863564882,0.00652723037697,0.945726429364
C001799,0,0.00691463112037,0.00956688386229,0.00956688386229,0.00356608895807,0.00820775044164,0.109136729767,0.455885385433,0.397155646555
C001801,4,0.00755760129622,0.00740157586072,0.00740157586072,0.00558088654924,0.0272406481855,0.0072766186149,0.00930288232817,0.928238211304
C001802,4,0.00741427696799,0.00787981675326,0.00368677712334,0.0146476356634,0.00258955639125,0.0480916844046,0.0113568184744,0.904333434222
C001806,1,0.0119710121262,0.00907495150912,0.011494563399,0.00863383590489,0.879140479186,0.00907495150912,0.0173246106079,0.0532855957579
C001808,4,0.194236677119,0.191092435688,0.203271132232,0.0272133781117,0.0325128318551,0.0667779845135,0.0377823758648,0.247113184615
C001809,0,0.230697016491,0.0755704251606,0.0972336577931,0.381872847725,0.0151833337589,0.0884883663414,0.0129499105535,0.0980044421763
C001810,3,0.0168564535612,0.291915144684,0.0231065459452,0.134803847938,0.130243008311,0.017515923245,0.0341562836784,0.351402792637
C001811,1,0.078234569335,0.599409818183,0.00806545407088,0.0497351818184,0.0235902663627,0.131016613806,0.0118215652437,0.0981265311798
C001812,0,0.0460592175048,0.0340092872282,0.0340092872282,0.0303135964364,0.545522605212,0.019024103194,0.0392551839852,0.251806719211
C001813,0,0.0076019408663,0.0103611217773,0.468760822,0.00923520866748,0.0103611217773,0.38119443551,0.0256961301933,0.0867892192076
C001814,1,0.00353835722671,0.196509919056,0.019580980233,0.00472828798017,0.00496986329296,0.00366697929796,0.00410915902075,0.762896453892
C001815,1,0.0026090004016,0.949637255898,0.00307790002159,0.00310613195577,0.00323997941452,0.00287736006881,0.00449028802422,0.0309620842151
C001816,0,0.00519596165627,0.00563740710563,0.00286064180814,0.00523834588031,0.00354926343307,0.641555142173,0.220900052102,0.115063185841
C001817,2,0.0255758272337,0.0122780526644,0.0122780526644,0.0122780526644,0.178958866215,0.0187587879155,0.627933794765,0.111938565877
C001818,1,0.00932161297106,0.13126716933,0.495177173612,0.010025000632,0.0331287037488,0.0105371929252,0.158804941895,0.151738204886
C001819,0,0.00309666538505,0.0225529985923,0.0213979404842,0.0224463132976,0.00753916025683,0.0195147048547,0.0108351418281,0.892617075301
C001820,0,0.0110706512876,0.0153919396972,0.752438266224,0.0137193421674,0.0153919396972,0.0109336854223,0.0149537242973,0.166100451207
C001821,4,0.00687938434489,0.4780973252,0.00801622725199,0.0349868061603,0.00960723208771,0.0201777786562,0.0251429560465,0.417092290252
C001823,2,0.0168989203157,0.00940021556661,0.00403703598259,0.0655920540104,0.00733436461662,0.0941673285913,0.0379798569643,0.764590223952
C001824,4,0.610933874402,0.00653681699415,0.309674614816,0.00584522486317,0.00653681699415,0.00639164495164,0.00747679715846,0.0466042098206
C001826,1,0.00362697804271,0.0237376160352,0.0111552649261,0.0111719017595,0.0175067355066,0.0117426909486,0.802775724205,0.118283088576
C001827,1,0.00300503013247,0.851546955583,0.00812676037131,0.00793640686008,0.0124891995005,0.00834188977011,0.0181278375885,0.0904259201942
C001829,3,0.0122928220774,0.016271713652,0.016271713652,0.0136640382424,0.350698357842,0.0160489491312,0.343669374423,0.231083030979
C001830,0,0.638985299503,0.0257211066098,0.0337602399786,0.0214504856904,0.039990251365,0.0176065137201,0.0332702338818,0.189215869251
C001832,1,0.278377585342,0.0101017217457,0.0693096607494,0.00961069685293,0.0320172600535,0.0101017217457,0.515726573483,0.0747547800274
C001834,1,0.0362834581617,0.0115685539354,0.010989839086,0.801910676112,0.0115685539354,0.0115685539354,0.0168145072578,0.0992958575758
C001836,2,0.0382523581823,0.191783378848,0.067504506451,0.0128903443124,0.0215110826844,0.128464672159,0.00945182203897,0.530141835324
C001837,0,0.0107552444707,0.433538816613,0.12500519308,0.0174574620597,0.0195857935468,0.00969405032214,0.0368241388936,0.347139301014
C001838,3,0.010163963556,0.705210872444,0.0131131521952,0.0108942910312,0.15029291116,0.0129336293049,0.0143504182443,0.0830407620652
C001840,3,0.0247496366777,0.021746363586,0.00514059748933,0.00597873544412,0.0129394144932,0.00240808198019,0.00691562277757,0.920121547552
C001841,3,0.00955103294905,0.0144267063175,0.0101622490954,0.00844270679758,0.664130328696,0.0101574431463,0.0144970698611,0.268632463137
C001843,1,0.00990272556439,0.012017923497,0.00780619105464,0.0991064591964,0.00991454047037,0.0810909604828,0.670156679401,0.110004520333
C001844,4,0.106961203017,0.0376430014739,0.00834837637544,0.746256551933,0.00834837637544,0.00816297255411,0.0364475705783,0.0478319476928
C001846,3,0.0108332190264,0.0145340956647,0.526917333387,0.0069999447144,0.0145340956647,0.19502309572,0.0249411419645,0.206217073858
C001848,1,0.256583461479,0.0337280286523,0.0154906497781,0.0119190099894,0.373167790347,0.0155357097567,0.207489404424,0.0860859455727
C001849,0,0.0202614770552,0.0276151253391,0.0276151253391,0.0246142696097,0.0276151253391,0.0276151253391,0.022524734674,0.822139017305
C001850,4,0.717556417499,0.0124771456096,0.0124771456096,0.0111570695346,0.0124771456096,0.125724396917,0.0135119074292,0.0946187717923
C001851,2,0.319363043986,0.0071255300536,0.0071255300536,0.0071255300536,0.0071255300536,0.00587000189491,0.613028952781,0.0332358811241
C001854,1,0.0045842971586,0.779601270889,0.00492130776923,0.00484289629436,0.0397088914062,0.00505158329519,0.00497194187984,0.156317811307
C001855,2,0.0476552752865,0.0217168750491,0.0959647012926,0.100495295179,0.195607127846,0.022291538987,0.0280961184746,0.488173067885
C001856,2,0.901741432051,0.00314940794917,0.00314940794917,0.00415421243697,0.00314653719665,0.00362377650764,0.00535790549066,0.0756773204183
C001857,3,0.0031341969656,0.0296506889715,0.00429630502787,0.021524196172,0.135359109569,0.00423748735498,0.778558676127,0.0232393398115
C001859,4,0.0921914739987,0.0103025171994,0.0645445835425,0.00895288913633,0.758485501678,0.010073715098,0.0115227414293,0.0439265779181
C001860,3,0.0170963937641,0.0222624642588,0.0222624642588,0.0187746317184,0.638892555576,0.0219576846094,0.0235251294803,0.235228676334
C001861,2,0.00553116691304,0.0091953449156,0.792389314733,0.0086986455609,0.0108077989125,0.0075751125422,0.0108545922473,0.154948024176
C001863,3,0.0147510366969,0.10002513909,0.0189205081895,0.527291735186,0.0189205081895,0.176169250043,0.0253308121399,0.118591010465
C001864,4,0.00246052013342,0.00497402061964,0.0485561203313,0.0141807821971,0.00564151169082,0.00683485489482,0.00854822564467,0.908803964488
C001865,4,0.0121288056912,0.0137840497244,0.00753175030682,0.756677909135,0.0421869360184,0.0176860166214,0.0385642613598,0.111440271143
C001866,0,0.0384881585252,0.0413506689066,0.0239417366918,0.0356299351155,0.0292438905421,0.03997376886,0.0462087521983,0.745163089161
C001867,2,0.0839356868393,0.0162151412581,0.0162151412581,0.0443190812889,0.0162151412581,0.0837718166754,0.0581665150791,0.681161476343
C001869,4,0.0706961400671,0.66470164046,0.0172889922101,0.0078790629173,0.00741253780355,0.00677734423668,0.0189395106357,0.206304771669
C001870,3,0.0239541199267,0.0181199523291,0.0341166082256,0.0150538963635,0.0217466526329,0.336718340242,0.0272951834582,0.522995246822
C001871,0,0.0154741266415,0.0265840481469,0.0265840481469,0.0236952365912,0.0174502974537,0.0265840481469,0.035512145175,0.828116049698
C001873,3,0.225282510277,0.0244256325842,0.0164938672129,0.0205988991571,0.0244256325842,0.0244140811702,0.0367617879381,0.627597589077
C001875,1,0.00704312538936,0.00284457780671,0.58000926976,0.00882302547527,0.258882766443,0.00893729726722,0.0117659497417,0.121693988117
C001879,2,0.513287449285,0.0101367058748,0.314366261017,0.0128340155414,0.0128340155414,0.0072026194581,0.0381090598149,0.0912298734672
C001880,1,0.00270794971863,0.00341105532937,0.00179713838528,0.00250704375381,0.00465173337121,0.00330036891117,0.00415840870279,0.977466301828
C001881,3,0.00287392555396,0.00312647230298,0.211480976136,0.0026299364424,0.00312647230298,0.00312499372609,0.734407317486,0.0392299060498
C001882,1,0.00533608967799,0.00911794963579,0.0143886922045,0.127789713875,0.0836847544925,0.115459036369,0.090116941427,0.554106822318
C001883,1,0.046795500621,0.00270345567785,0.22618046159,0.522752831628,0.0142922876887,0.11206161824,0.00923598182341,0.0659778627307
C001884,4,0.00741446200429,0.00768778058779,0.410595078909,0.505597565924,0.00642274992297,0.00739225649367,0.00632311476539,0.0485669913923
C001886,2,0.00223317830258,0.958517553555,0.00245052336694,0.00245052336694,0.00602236822138,0.00207283697455,0.0028958748243,0.0233571413883
C001887,4,0.0067143333506,0.229458038848,0.0149968847311,0.0194310660175,0.607036194747,0.00789881517104,0.00806897387468,0.106395693261
C001888,1,0.00876294843754,0.024637914431,0.0240025260639,0.025917029642,0.0182158236936,0.024637914431,0.039897004214,0.833928839087
C001891,1,0.00955761628821,0.58108980542,0.0931145709546,0.183825547325,0.0114267385961,0.0114267385961,0.0146887707106,0.0948702121093
C001893,4,0.00830285149022,0.0089286140943,0.0089286140943,0.835230446023,0.0089286140943,0.00858539142271,0.00934653201328,0.111748936768
C001894,1,0.721400282615,0.0184112582179,0.017490238306,0.0524275211782,0.0184112582179,0.0184112582179,0.0313286388338,0.122119544413
C001895,0,0.0116682855072,0.0160967215157,0.34148855337,0.0143475373859,0.0160967215157,0.0132798261863,0.039000374049,0.54802198047
C001896,1,0.50066247326,0.237077040432,0.0121454820654,0.0102414509783,0.0107647020438,0.0410416457977,0.0987328363519,0.0893343690711
C001897,1,0.0222608436541,0.331786862021,0.111048304385,0.0255147884439,0.0266142554474,0.0266142554474,0.185678568685,0.270482121916
C001898,0,0.00514150707349,0.591369102472,0.0127843783958,0.0113951370042,0.052518183205,0.0127843783958,0.234522695443,0.0794846180114
C001899,3,0.00126821860623,0.013790380473,0.0404686386795,0.00731542563064,0.0120948584857,0.109520386345,0.785051569216,0.0304905225632
C001900,3,0.00496865768508,0.433425639687,0.346859384969,0.00482761232965,0.170348491691,0.00566050304012,0.00741852939886,0.0264911811998
C001902,2,0.532777130192,0.0157438362005,0.0220399487175,0.176785870309,0.0276848322478,0.0134678426971,0.0840225662665,0.12747797337
C001903,3,0.0514863739094,0.621255578582,0.00509052619335,0.285656575739,0.00342201777391,0.00508811877257,0.00460194030178,0.0233988687278
C001904,0,0.281182577175,0.0133818726453,0.0923974275486,0.0119277032833,0.0130191763037,0.0986686314123,0.0489460716737,0.440476539958
C001907,0,0.0165878896145,0.0266010449513,0.0266010449513,0.023710386402,0.150342091477,0.0723758952728,0.060916892949,0.622864754382
C001909,0,0.00534985166447,0.00682531698839,0.802537150851,0.00560582349022,0.00628925906662,0.00628925906662,0.00784594338495,0.159257395488
C001910,1,0.0554555814628,0.0165303852033,0.0157034556288,0.546536329562,0.0281428446204,0.0438202273903,0.040041680556,0.253769495576
C001911,3,0.699842972602,0.200549807683,0.00261411532467,0.00236272321671,0.00261411532467,0.00261287905256,0.0808104429374,0.00859294385854
C001914,0,0.0124427020586,0.0200946728624,0.391675974224,0.0992588993718,0.0200946728624,0.0200946728624,0.291532282553,0.144806123205
C001917,0,0.0895542469029,0.0162697590312,0.456141598754,0.040514330175,0.138662332341,0.0204818686328,0.0263078189193,0.212068045244
C001920,0,0.00592771891922,0.00824152886544,0.339080436178,0.0990305166691,0.499913413575,0.00538219820623,0.00734212389799,0.0350820636893
C001921,4,0.0104150135395,0.00707737557895,0.00707737557895,0.0197092058096,0.0040877059853,0.00680531591455,0.00671001860592,0.938117988987
C001922,0,0.0025532926818,0.00349699662918,0.192189712511,0.756036064374,0.0267689917013,0.00349699662918,0.00470364418085,0.0107543012924
C001923,2,0.00814701831977,0.00940600357777,0.00940600357777,0.00940600357777,0.841518299562,0.00811622025722,0.0225545922702,0.0914458588575
C001926,3,0.0136844294926,0.00867090408058,0.311160762297,0.0225805029495,0.125442300621,0.0108352221121,0.0908434278633,0.416782450584
C001928,2,0.0226454128092,0.0936658138877,0.0261448821573,0.0657646482469,0.0261448821573,0.0225809661794,0.046727569392,0.69632582517
C001929,1,0.0120570904202,0.0133255208876,0.0165009783058,0.0161144750725,0.313914547509,0.0169377877329,0.0296338997744,0.581515700298
C001930,0,0.146249577523,0.00610501798355,0.675279376067,0.0149227922928,0.0167421087893,0.0167421087893,0.0189137339762,0.105045284579
C001931,1,0.015126637418,0.0199175094997,0.0176524457039,0.018949358405,0.0199175094997,0.0199175094997,0.16383362853,0.724685401444
C001932,2,0.17191414633,0.0197520526792,0.0197520526792,0.0188345152286,0.0197520526792,0.273201346604,0.0284061543624,0.448387679438
C001933,1,0.00394034656184,0.0366401036606,0.00442306662963,0.0504523263268,0.00453656378014,0.239256723828,0.54217118709,0.118579682124
C001934,1,0.0102018040013,0.00233357388918,0.00292927112927,0.00389275541658,0.00893528746379,0.00409164211961,0.00487879453975,0.962736871441
C001935,4,0.00425656945244,0.00457737514047,0.00457737514047,0.00409309102628,0.280147379366,0.00440141738174,0.668230016506,0.0297167759866
C001936,3,0.642256524902,0.163678814789,0.0195000656611,0.00354445052571,0.0371489250442,0.0194908436551,0.0221486742259,0.0922317011973
C001937,1,0.0139776740738,0.0144004331832,0.775414703417,0.00857219748697,0.102688661693,0.00901016389213,0.0171235090148,0.0588126572393
C001939,4,0.073671734237,0.0276816430811,0.0276816430811,0.0287798531853,0.0276816430811,0.0266175398068,0.0260771213417,0.761808822186
C001940,0,0.00532698733926,0.00671888748588,0.00671888748588,0.521234943517,0.00671888748588,0.00671888748588,0.401773082664,0.0447894365358
C001942,1,0.0193722791337,0.18085178862,0.111990471049,0.022367368189,0.22822425198,0.130236411603,0.0309445129849,0.27601291644
C001943,4,0.0064293260264,0.628234897453,0.243539717163,0.00618240039491,0.00691388627676,0.00455293866464,0.0203215584991,0.0838252755224
C001947,4,0.0204584032948,0.0239467908856,0.415186248128,0.0241951875699,0.343087608794,0.0234149717224,0.0202397361539,0.129471053451
C001948,1,0.00843613040629,0.134618129497,0.0583535614754,0.00725744623923,0.013954409661,0.00213401022325,0.00772026795266,0.767526044545
C001949,0,0.346765394378,0.0858435108801,0.455900416925,0.00691000515957,0.0130673674247,0.0130673674247,0.0128699559211,0.065575981887
C001950,0,0.00483882158481,0.190505768877,0.0588083559453,0.00599652606556,0.00672759425834,0.682616277921,0.00660650664131,0.0439001487068
C001951,1,0.0701444525206,0.0145612421878,0.0138328186418,0.0138534487478,0.751124400974,0.00768561377972,0.0226783886132,0.106119634535
C001952,3,0.00957027912029,0.013118779309,0.013118779309,0.220543016876,0.013118779309,0.0516472917023,0.0116411933957,0.667241880978
C001953,3,0.0302052201625,0.178323374532,0.0257033266902,0.0216764185193,0.0257033266902,0.0222647429079,0.0363016939847,0.659821896513
C001954,0,0.00515674659685,0.00729445221951,0.00729445221951,0.00650178521305,0.00729445221951,0.00729445221951,0.707794609636,0.251369049676
C001955,3,0.0622508737599,0.0101428811986,0.0101428811986,0.00842661612003,0.180138826056,0.388578036548,0.0180893060548,0.322230579064
C001956,3,0.00590458016507,0.0576496897422,0.0186339920501,0.0136561416815,0.00741521023948,0.00728525569396,0.00885183879223,0.880603291635
C001958,2,0.191850241133,0.181132038737,0.00721637837682,0.00579129387581,0.400611528039,0.1470241569,0.00544360945664,0.0609307534809
C001960,3,0.0203662673893,0.0246908509984,0.0418627942038,0.692635091182,0.0246908509984,0.0246791741569,0.0339119168067,0.137163054265
C001962,3,0.00239993402058,0.00705573751993,0.0279447620681,0.00378088948167,0.00905790276666,0.00379055736257,0.00477853016836,0.941191686612
C001964,1,0.0112632546892,0.0170446571901,0.0161920012511,0.0162161498148,0.0170446571901,0.0170446571901,0.735477777605,0.16971684507
C001965,2,0.611785219303,0.00870992821662,0.00911459829226,0.245053758887,0.00911459829226,0.00750859358453,0.00742652461505,0.101286778809
C001966,2,0.00602630045549,0.0124717509023,0.00695756427938,0.00695756427938,0.774060355615,0.00584683285411,0.0120623290088,0.175617302605
C001968,1,0.00316881624286,0.0135184098561,0.0141791537657,0.00756251899608,0.0458478760057,0.0239815210461,0.0478649647401,0.843876739347
C001970,3,0.0408241855027,0.0116562046345,0.0116562046345,0.217053042236,0.0956076011636,0.305431657903,0.125684521083,0.192086582843
C001973,4,0.00985443607445,0.0105971372521,0.0105971372521,0.878891820181,0.0105971372521,0.0101897752897,0.0161746077249,0.0530979489736
C001974,3,0.00943293579391,0.0121700084846,0.0121700084846,0.301000758551,0.0121700084846,0.543333887004,0.0157391424934,0.0939832507041
C001975,4,0.00275934044346,0.0300289083877,0.0066677523267,0.00563056034449,0.0164490963578,0.00815670925893,0.00598679954556,0.924320833335
C001978,3,0.00645941121345,0.00885445336652,0.742671023304,0.0284568722791,0.00885445336652,0.14258751214,0.0122478552876,0.0498684190432
C001980,4,0.041050652059,0.0201564502431,0.132502673652,0.445676808869,0.10059367722,0.10030370333,0.0271338403882,0.132582194239
C001982,3,0.00380671793476,0.00521818557745,0.0923047134743,0.0631739165305,0.022071055887,0.783894159427,0.00721118578236,0.0223200653871
C001983,0,0.00413337837043,0.00485306322664,0.00574679022672,0.00512230316879,0.600655193346,0.320429989655,0.00832864645369,0.0507306355527
C001984,3,0.00632379663574,0.880397879022,0.00780618980521,0.00658320377351,0.00780618980521,0.00780249808793,0.00937449209451,0.0739057507763
C001987,3,0.00340617492304,0.00745256519771,0.00745256519771,0.454053063644,0.00689877230873,0.00744904071721,0.00855676856338,0.504731049448
C001988,4,0.0375037861323,0.0181118973711,0.691674267769,0.0110633307553,0.0169897574353,0.021669357359,0.0907757982642,0.112211804914
C001989,3,0.755177250325,0.047139620853,0.00811011891351,0.0152635021587,0.00940228921774,0.0164554119,0.0259957184452,0.122456088186
C001990,3,0.0145327428237,0.273334201405,0.0181734545374,0.0367076507569,0.0218456796726,0.319730483921,0.0647728986413,0.250902888242
C001993,0,0.00782858439052,0.01272165004,0.01272165004,0.0269273519497,0.0133851047997,0.023317596912,0.0110756283573,0.892022433511
C001994,1,0.00273414991153,0.00300570339274,0.00285534361606,0.950409727516,0.00300570339274,0.00300570339274,0.00358798015808,0.03139568862
C001995,0,0.00685808432245,0.0245707971738,0.0194074695372,0.101778078636,0.0957594201573,0.00740346775388,0.0104644006441,0.733758281775
C001996,1,0.0384357424918,0.00178366496444,0.27294390791,0.00298736875117,0.00124130924679,0.00104741954307,0.535662568297,0.145898018795
C001997,3,0.113341346694,0.00635526755145,0.00635526755145,0.00540354049937,0.629413159342,0.00497872628073,0.0100428732944,0.224109818787
C002000,2,0.903502426425,0.00355621781505,0.00355621781505,0.00355621781505,0.00355621781505,0.00300811650117,0.00395513157988,0.0753094542339
C002002,3,0.0111570221398,0.010729947715,0.00681405213504,0.0188051242727,0.043270259475,0.00483885272808,0.00668125747903,0.897703484055
C002003,1,0.0221512922726,0.0448053891611,0.0271402764082,0.0271807531032,0.0493527740141,0.0285694584782,0.0367729196758,0.764027136887
C002004,3,0.00457596453685,0.00586938913334,0.0744400586048,0.0186155427901,0.841019437859,0.00586661337131,0.00609923151384,0.0435137621909
C002005,2,0.00439867882027,0.0034791674341,0.121801643411,0.0034791674341,0.050333527864,0.596071573572,0.0288260132098,0.191610228254
C002008,3,0.00553410306578,0.0631729959222,0.113674005276,0.00600595277572,0.738548065066,0.00713650886795,0.0397974781172,0.0261308909083
C002009,3,0.0383492061349,0.00564273563085,0.0220457144912,0.00510008963832,0.739757027123,0.00684129987968,0.00502619928088,0.177237727821
C002010,3,0.00782063459631,0.00903326265463,0.220088724484,0.00771332491384,0.361874882465,0.235235372635,0.0112788763678,0.146954921883
C002012,1,0.0214903251035,0.0236247262092,0.0240854649366,0.0226487602655,0.0236247262092,0.0236247262092,0.0290779246395,0.831823346427
C002013,3,0.656259341114,0.0175161707405,0.0832689194804,0.0158316899357,0.0469970420097,0.0742377718561,0.0160945967649,0.089794468099
C002014,4,0.0184245931245,0.510878163517,0.298042405808,0.0120929339467,0.0195814667029,0.017272093863,0.019482307544,0.104226035494
C002015,2,0.264297504559,0.0100227668279,0.364435701489,0.00676738492441,0.06106176013,0.00825674157984,0.219807929938,0.0653502105522
C002017,4,0.0429866543087,0.0236402322684,0.0451385492468,0.0481229566839,0.0132324354182,0.0896414317165,0.0506144511491,0.686623289208
C002019,1,0.360139923505,0.0151082768909,0.0137898463512,0.021608672456,0.00986069829793,0.456307682775,0.0167996679622,0.106385231762
C002020,3,0.0228235269252,0.316995147021,0.0205767994322,0.147724529298,0.346508829219,0.0205670682153,0.022773867757,0.102030232132
C002021,1,0.417179861338,0.00998309034998,0.00608041515756,0.181434999534,0.00998309034998,0.00998309034998,0.111214310619,0.254141142302
C002022,2,0.465953576593,0.0139236978688,0.0139236978688,0.0139236978688,0.180718658355,0.012347972569,0.190277995164,0.108930703713
C002024,1,0.00394452453024,0.0561667618603,0.00454759322203,0.42789046454,0.414383039515,0.063191287159,0.00604485078213,0.0238314783909
C002025,4,0.0137357525596,0.320120452934,0.014242092255,0.0722611478856,0.0256076553923,0.412479810757,0.0148021233361,0.126750964881
C002026,1,0.00254415013313,0.00320472600013,0.00354357203828,0.00198163315791,0.00320472600013,0.00103344412067,0.00715354722872,0.977334201321
C002028,1,0.013453108159,0.0163266591204,0.0897951246921,0.136995278667,0.126389932823,0.0680069898938,0.0205627691725,0.528470137472
C002029,4,0.0109557293773,0.432484112907,0.00995165286313,0.00773294137588,0.0102986882023,0.102930163086,0.0128077535982,0.41283895859
C002031,1,0.000764320789607,0.0027691707491,0.00263064347577,0.0040403054373,0.0027691707491,0.00401700184585,0.0701150633323,0.912894323621
C002033,3,0.00374127911553,0.157303672623,0.781505589198,0.00392480109542,0.0047241728675,0.0046594975587,0.00801850853961,0.0361224790023
C002034,4,0.0305191750858,0.0256638348132,0.0532454098779,0.0278499861295,0.263733636983,0.0404609193479,0.0391051591086,0.519421878655
C002035,4,0.0244701527803,0.0267772152445,0.0102406493603,0.0033237285309,0.00355127261172,0.0168393324631,0.0170918658784,0.897705783131
C002037,3,0.00591786223695,0.151848036314,0.00693946458856,0.00827394477515,0.780960487204,0.00693618276452,0.00784139641302,0.0312826257035
C002039,3,0.0163735557254,0.0091626738392,0.0091626738392,0.00761226850281,0.842531521682,0.00915834061106,0.0151934810603,0.0908054847402
C002040,3,0.00525724684528,0.209902770111,0.00804658738298,0.00678593856226,0.661795592726,0.00804278197644,0.0157652470003,0.0844038353956
C002041,3,0.46078858531,0.00518112283382,0.00423436375775,0.386038789609,0.0948985233366,0.00517867256791,0.00653759889326,0.0371423436911
C002042,1,0.0868802990827,0.0122812191963,0.270787388267,0.0116842532047,0.0122812191963,0.50787795997,0.0190526398586,0.0791550212241
C002044,2,0.00255263544716,0.00310677721241,0.00294710251117,0.955579103109,0.00294710251117,0.002613583066,0.00435886158475,0.0258948345581
C002045,2,0.130433274202,0.0210381792226,0.0210381792226,0.546278439631,0.0125952428492,0.0173312232175,0.0409571285723,0.210328333083
C002046,3,0.0216717014185,0.0463626293969,0.038255863363,0.0281799014462,0.038255863363,0.0382377713315,0.0421701803108,0.74686608937
C002049,4,0.00456291291361,0.746419417343,0.00490680684817,0.00426401595599,0.00320635917198,0.00479783467211,0.20319794577,0.0286447073254
C002050,2,0.524248796849,0.0262138448613,0.0262138448613,0.0262138448613,0.0268602988696,0.0219824356954,0.0506289275779,0.297638006424
C002051,2,0.00502399067283,0.00693367275619,0.0128828056088,0.00537057832684,0.0200397750866,0.00571640029703,0.00576753892875,0.938265238323
C002053,4,0.0130438769507,0.0319892558688,0.0140269573318,0.0400381087462,0.0198434634677,0.0621275274464,0.0238002263204,0.795130583868
C002055,0,0.016304340606,0.21841670231,0.00868469169389,0.211556141486,0.426567974341,0.0232002732827,0.0101567044635,0.0851131718173
C002056,1,0.00679823932241,0.00766653910083,0.00728302184829,0.00729388366302,0.881844961824,0.00766653910083,0.00962963054105,0.0718171845999
C002057,4,0.00874250380114,0.00929144247175,0.00670942596096,0.0365419637248,0.844187324387,0.00908509469076,0.0109519361432,0.0744903088207
C002059,1,0.00423827677697,0.032775674459,0.0103434504194,0.0101011752672,0.00753787344053,0.795626975634,0.0146265381775,0.124750035826
C002061,3,0.0039055625879,0.00451113937572,0.135884968951,0.00379469532791,0.170422708748,0.657419220636,0.00533756711384,0.0187241372596
C002062,4,0.00671146420733,0.252170302829,0.0145676979449,0.0165372597467,0.113338800683,0.174964576963,0.0230188632666,0.39869103436
C002064,3,0.827120603291,0.00386287598805,0.00573841092062,0.00482705571618,0.00573841092062,0.00319843414964,0.123914992703,0.0255992163108
C002065,4,0.0403767115829,0.0246911646739,0.761816967008,0.0051402664645,0.0054275775146,0.00728163289007,0.00628219434665,0.148983485519
C002066,1,0.00102668106006,0.00462933198775,0.0436459164493,0.0136904177649,0.00343355269455,0.00800227026335,0.00582020894204,0.919751620838
C002067,0,0.532547229309,0.0143137685081,0.273071121906,0.0397283704581,0.0143137685081,0.0143137685081,0.014039256593,0.0976727162103
C002068,0,0.00380674747057,0.00164652979434,0.00457216307033,0.00407531934514,0.00457216307033,0.0156473363046,0.00919737676241,0.956482364182
C002069,2,0.862045173579,0.00429087774332,0.0604313135076,0.00429087774332,0.00204723264909,0.0413977965685,0.00433098487765,0.0211657433312
C002072,1,0.14285127454,0.823936530052,0.00265496821773,0.00267932082419,0.00279477640967,0.00279477640967,0.00466877505195,0.0176195784952
C002073,3,0.00488629838181,0.0108501885108,0.673466773506,0.0134296320122,0.108862756638,0.014765799289,0.051046871954,0.122691679709
C002074,2,0.00813471970765,0.00817624360288,0.294278915488,0.436618006347,0.190737993823,0.00769263293077,0.00628120528102,0.0480802828196
C002075,2,0.016095288473,0.0189851286364,0.0189851286364,0.0189851286364,0.0189851286364,0.0533935661392,0.712761948206,0.141808682636
C002076,3,0.0102434329575,0.107454732571,0.0115218971108,0.00360345131361,0.00398685602868,0.00398497055757,0.750738193209,0.108466466252
C002078,4,0.295775599642,0.0101574075839,0.506744552585,0.00633812348794,0.0781462074453,0.00976694916214,0.00846782181533,0.0846033382788
C002079,2,0.0020549127989,0.0718546933343,0.0448433858165,0.00255022896825,0.00287988621239,0.00224348520397,0.821801226419,0.0517721812466
C002080,2,0.0819258299979,0.00597763348275,0.00396168874068,0.00836772264447,0.00879830640882,0.870207628423,0.00309939848858,0.0176617918142
C002081,1,0.00134592710483,0.00153391594572,0.930333251803,0.00145935529837,0.050825628108,0.00153391594572,0.00499433897005,0.0079736668244
C002082,2,0.0318591233131,0.0395384462151,0.0607581613371,0.0395384462151,0.0214196730127,0.0364668625186,0.0541857024602,0.716233584928
C002083,4,0.00491817931946,0.00405290109188,0.798694725465,0.00360159454066,0.0028518653432,0.00552135870323,0.110280515583,0.0700788599534
C002084,0,0.0530883945545,0.00814127737526,0.00491567128237,0.808332546391,0.04992065948,0.0288074865158,0.00747092878517,0.0393230356156
C002085,0,0.0127005773867,0.0728008389894,0.0176583459735,0.145542653082,0.0176583459735,0.0300724535031,0.130024455147,0.573542329945
C002086,0,0.279915415612,0.613199628011,0.0299542989157,0.00809728365833,0.00908446631473,0.00908446631473,0.0108676585768,0.0397967825965
C002088,0,0.116212843835,0.0306524599167,0.174741754251,0.0410453989626,0.0876127064205,0.0745409465333,0.181222591902,0.293971298179
C002089,4,0.00904642634697,0.00972823010019,0.00972823010019,0.0086989879795,0.760815952574,0.00743995353449,0.0153838373039,0.179158382061
C002091,4,0.00217410810534,0.635950321029,0.178876599546,0.0416867717422,0.126965213836,0.0022480914059,0.0037041846072,0.00839470972712
C002094,4,0.0135766338719,0.0144291058317,0.0144291058317,0.344450537338,0.126585412299,0.0138744401019,0.364652962695,0.108001802031
C002095,1,0.0187600492638,0.0247016867728,0.0234659892932,0.0235009861988,0.0498957535572,0.0154264081584,0.0340720578528,0.810177068903
C002096,4,0.741596645191,0.0191224644894,0.0623673971405,0.0131527224484,0.027194979038,0.0249827900728,0.0158785116383,0.0957044899819
C002097,4,0.0248432133115,0.0249410958188,0.026715576544,0.0238890812438,0.635800567476,0.0256886095974,0.0257939611793,0.212327894829
C002098,3,0.00676231817988,0.00828780463952,0.00828780463952,0.00698936461173,0.00808045767816,0.885191545929,0.0103955758964,0.066005128426
C002100,4,0.00522821391281,0.00562224971564,0.00562224971564,0.863754515269,0.00562224971564,0.0752488377775,0.00452709218775,0.0343745917058
C002101,1,0.0108196012494,0.0138875227726,0.0533443371589,0.255878333591,0.403615095202,0.0138875227726,0.015975651221,0.232591936033
C002103,3,0.0487013587518,0.00402389625334,0.0662559051349,0.00470424380196,0.0453912997444,0.00558976716325,0.804446412297,0.020887116853
C002104,2,0.0220512829226,0.0235776080231,0.0235776080231,0.0235776080231,0.35100210749,0.0199437142045,0.0238640758238,0.51240599549
C002108,2,0.0117681601724,0.178380516985,0.657474367151,0.0129135015574,0.0129135015574,0.0106381248892,0.016763858959,0.099147968729
C002111,1,0.00277755724311,0.00365725846708,0.0034743047639,0.0316443777306,0.0261424851335,0.00539166111529,0.00458405606616,0.92232829948
C002113,4,0.0110133926648,0.0168771666205,0.701641005372,0.00840208281235,0.0335468491959,0.00945395248308,0.157559648775,0.0615059020769
C002115,2,0.0303385911369,0.0341296857351,0.0341296857351,0.0341296857351,0.0341296857351,0.0300062789419,0.0342660310982,0.768870355883
C002116,3,0.361650609444,0.00626658566679,0.395544520677,0.037555543549,0.00510219955422,0.0368666970156,0.00548799232145,0.151525851772
C002117,3,0.788741364879,0.00691111229696,0.00699686146898,0.00588564336301,0.00699686146898,0.138942618996,0.0103254250178,0.0352001125097
C002118,1,0.0113594217411,0.0127488120088,0.0121110549596,0.0122221432028,0.808691428856,0.0127488120088,0.0151245596578,0.114993767565
C002119,1,0.0571848984212,0.00702103034044,0.74350798029,0.128073273531,0.00702103034044,0.00702103034044,0.012224265378,0.0379464913577
C002121,3,0.443033556046,0.00933840973855,0.0130360925003,0.351534507621,0.0130360925003,0.0692936348529,0.0171711523679,0.0835565543736
C002122,1,0.656337545729,0.0179808971211,0.018396047868,0.0846286781883,0.0179808971211,0.0179808971211,0.111947393501,0.0747476433499
C002123,0,0.00926576465944,0.00840548962052,0.0128827275394,0.451277289231,0.0159441089801,0.178193332818,0.0205177402945,0.303513546857
C002124,0,0.0180129866717,0.0250441277043,0.0250441277043,0.0223226548453,0.0186858712481,0.0389191706363,0.0269676913099,0.82500336988
C002125,1,0.0157146036934,0.116128526473,0.00935554485378,0.0108093253703,0.675502150423,0.015395310055,0.0198977969984,0.137196742133
C002126,2,0.385899551224,0.0221546011268,0.0221546011268,0.326314472846,0.0614755902564,0.0182509300525,0.0217753730442,0.141974880323
C002127,4,0.0198377901245,0.00404607174183,0.00404607174183,0.932366201787,0.00404607174183,0.00389053768716,0.00537721752117,0.0263900376551
C002128,3,0.028542394426,0.0310290320071,0.0310290320071,0.0295357802939,0.0310290320071,0.0306042354802,0.0347972917589,0.78343320202
C002129,1,0.00463386831269,0.00610149589678,0.00579626965167,0.0077216770811,0.769977628394,0.00610149589678,0.00788067717523,0.191786887592
C002130,1,0.0139626036064,0.0290818175961,0.082668074821,0.0748213014939,0.0299278580287,0.0290818175961,0.0838314362627,0.656625090595
C002133,3,0.177654434218,0.583151225836,0.0152202910495,0.00886048644675,0.0524951014624,0.012115208585,0.0204570266644,0.130046225737
C002134,3,0.003023758255,0.00628341002864,0.00628341002864,0.0702883087676,0.00628341002864,0.705780457837,0.0112759645651,0.190781280489
C002136,4,0.0115579438383,0.0122836629766,0.0122836629766,0.00858979703251,0.0122836629766,0.0239742961368,0.742184077772,0.176842896291
C002137,0,0.0170675204159,0.012391382333,0.012391382333,0.786107110321,0.012391382333,0.012391382333,0.0125050772257,0.134754762705
C002138,3,0.147181913129,0.00899035787749,0.00899035787749,0.00756253934816,0.530497763092,0.245288548507,0.0126305176266,0.0388580025421
C002139,3,0.0101709911487,0.0125264755747,0.0125264755747,0.0105639682521,0.00701828530096,0.103364044642,0.0152088987366,0.82862086077
C002140,4,0.537398076317,0.0105338550292,0.28836928049,0.023330599228,0.0199322799623,0.0283812000171,0.0103560312904,0.0816986776666
C002142,4,0.0117262579404,0.301410186273,0.0124625454607,0.586110636695,0.010815548535,0.0119834757974,0.00997359112433,0.0555177581738
C002143,3,0.00594232451277,0.0102211530555,0.559740827075,0.0843566861499,0.211556778438,0.0291664879215,0.0124239448774,0.0865917979701
C002144,1,0.00237993281665,0.00267102646282,0.00253740883993,0.896363250044,0.00267102646282,0.00267102646282,0.00336841234298,0.0873379165679
C002145,3,0.679138655937,0.018189131176,0.00682336470983,0.0156155590958,0.0344028770782,0.0431348858674,0.0734162593522,0.129279266784
C002146,0,0.013586249322,0.0228949729833,0.0053137304686,0.0204070425463,0.188715840697,0.0232407546808,0.0330617206685,0.692779688633
C002147,4,0.0121069547291,0.0124064287066,0.55523122159,0.130149769948,0.218535689094,0.0121309021626,0.012089533242,0.0473495005284
C002148,0,0.0101316764812,0.0140864479765,0.0140864479765,0.0125557144529,0.335738583835,0.46185623883,0.0191605781867,0.132384312261
C002149,0,0.00839208677394,0.0668313570709,0.0116678314764,0.771433562078,0.0116678314764,0.0116678314764,0.01538057198,0.102958927668
C002150,0,0.0534945505488,0.0286754435321,0.0312979735715,0.027896913386,0.0312979735715,0.0312979735715,0.0369427134452,0.759096458373
C002151,2,0.00590011122335,0.00705924216137,0.00705924216137,0.00705924216137,0.894732986898,0.0225971651502,0.00677256420567,0.0488194460387
C002153,4,0.00702189397887,0.00755111441199,0.00755111441199,0.00675221009631,0.00755111441199,0.696157888624,0.00894759237035,0.258467071694
C002154,4,0.0142020289452,0.654883365635,0.0150937692369,0.0122164875589,0.00491207444709,0.12647676099,0.0490338775127,0.123181635674
C002156,4,0.00799789671957,0.0139945416281,0.0139945416281,0.0106812135302,0.0139945416281,0.550977051109,0.0217969739747,0.366563239783
C002157,3,0.0105626545019,0.0159354143192,0.264023588246,0.0134046051848,0.0159354143192,0.0159278781145,0.586297640661,0.0779128046534
C002158,4,0.0280180706645,0.0281700725913,0.0281700725913,0.0251896923006,0.0281700725913,0.0270871937176,0.0318393098631,0.80335551568
C002160,4,0.0174989093265,0.0227779291282,0.493427523889,0.0155826998314,0.0179317570654,0.0175335219914,0.308007492806,0.107240165962
C002162,2,0.0839332435097,0.133694805094,0.615499586742,0.0196195140423,0.0196195140423,0.0172596617837,0.0211621654925,0.0892115092935
C002163,2,0.0143705152802,0.450409340796,0.0152026708718,0.0152026708718,0.0152026708718,0.0125239394338,0.0179942583018,0.459093933573
C002165,1,0.218804076612,0.00819029827414,0.00843546538363,0.00851283940545,0.00887966925603,0.661247517257,0.0128821219483,0.0730480118639
C002166,4,0.00611186370438,0.596464616599,0.0065724977109,0.00587713057705,0.0065724977109,0.00642653325787,0.223758781053,0.148216079387
C002167,2,0.0517978439966,0.00923916868832,0.0333186983789,0.0158432534497,0.00923916868832,0.115860007687,0.00878516353076,0.755916695581
C002168,3,0.0025667417444,0.220015980024,0.018148688139,0.308314614379,0.0116615696097,0.0965038345722,0.178549685465,0.164238886067
C002169,0,0.00818160109057,0.0935850985588,0.0106100260769,0.00728872840255,0.0959835814632,0.00817255426912,0.700046691599,0.0761317185397
C002171,3,0.0509260347685,0.247375089255,0.0139736203491,0.0218583959808,0.181144619724,0.0212610297987,0.035256403349,0.428204806775
C002172,1,0.00709282816171,0.00829176146693,0.00787696757693,0.484436292392,0.395938314651,0.00829176146693,0.01843968346,0.069632390824
C002173,4,0.602589239148,0.0100083304746,0.0100083304746,0.00894945386744,0.303018077788,0.00978606178047,0.00841729960559,0.0472232068609
C002174,0,0.00329462403534,0.00458063876814,0.00458063876814,0.0040828740134,0.892191012417,0.00458063876814,0.00487846267113,0.0818111105586
C002175,4,0.0151268716016,0.0231748813145,0.0228283427346,0.0204131149238,0.0220426795173,0.0557756730503,0.118926611957,0.721711824901
C002176,2,0.00164011547845,0.00181898117726,0.00181898117726,0.011033042044,0.107870729507,0.00161312963639,0.86523206479,0.00897295618924
C002177,2,0.00511930843304,0.00807373489092,0.00807373489092,0.00807373489092,0.789956722248,0.00697317101744,0.0122125671821,0.161517026447
C002178,3,0.00378687840274,0.0103341603664,0.228306947522,0.676029648608,0.0179951283052,0.0101926826873,0.00861112442638,0.0447434296819
C002183,2,0.00529625732693,0.00532329221471,0.00532329221471,0.818454440377,0.101851827103,0.00477712634757,0.00588567043232,0.0530880939843
C002184,0,0.337676602989,0.334969524928,0.00383824585776,0.298543055201,0.00383824585776,0.00383824585776,0.00515260011676,0.012143479192
C002186,3,0.00403947782446,0.687469860831,0.0078140365849,0.0151893074705,0.0281568757645,0.0613069223321,0.158920057356,0.0371034618364
C002187,1,0.00121655660507,0.00310882667967,0.00302865299805,0.840450650727,0.111332192303,0.00310882667967,0.00496956760312,0.0327847264042
C002188,3,0.00142919151206,0.00604198198968,0.0113779886002,0.0199602380402,0.00730459892204,0.0157185077917,0.00944032933928,0.928727163805
C002189,4,0.0115793344967,0.449148980127,0.372717449418,0.01113461689,0.0124520364252,0.0121754970081,0.0115933292515,0.119198756383
C002190,0,0.0856515800854,0.0501453338704,0.0223339794167,0.0199070105266,0.145239302006,0.0223339794167,0.0285610780383,0.62582773664
C002191,4,0.0141782453273,0.0862123445036,0.575188039412,0.0127750815484,0.0215472845128,0.0105357204146,0.0193121500991,0.260251134182
C002194,3,0.00573618228316,0.00193226979697,0.026438777111,0.00852090233188,0.055437623953,0.0408281147417,0.00677001782287,0.854336111959
C002195,2,0.0231043579967,0.361384373188,0.0266432167125,0.0266747496384,0.0266747496384,0.0230386052538,0.0506801242642,0.461799823308
C002196,1,0.0102181391911,0.378669767036,0.0122089026391,0.0119229329071,0.0223104135427,0.012532093402,0.472736886581,0.0794008647007
C002197,0,0.00370368439219,0.00430207793375,0.00430207793375,0.00211295987436,0.0035831261781,0.02783497056,0.00498752255576,0.949173580572
C002198,2,0.00235511837419,0.009154693324,0.00393840064631,0.00705011163261,0.00557736374558,0.00464253409475,0.00356555694099,0.963716221242
C002199,4,0.0233327705588,0.00571522094695,0.00571522094695,0.0110191603589,0.00271964338266,0.0148344107614,0.0176536000701,0.919009972974
C002200,0,0.0127616944235,0.39380479412,0.320836986722,0.0158149731107,0.0177430600871,0.138216070814,0.0241619269139,0.0766604938091
C002202,0,0.00358210692584,0.0119446199654,0.00707140400019,0.0110219520123,0.00538725530642,0.00961479635175,0.0132006717145,0.938177193724
C002205,3,0.0470171151059,0.0355906732553,0.0355906732553,0.0403034007979,0.234724798873,0.035103426525,0.0686938685017,0.502976043686
C002206,1,0.33813541572,0.0104683978498,0.0289500330594,0.00995954955036,0.0104683978498,0.0104683978498,0.526384407279,0.0651654008424
C002207,1,0.0164739288514,0.0109339016938,0.0106519267741,0.00779512620509,0.0154831983159,0.169190664191,0.688608910001,0.0808623439671
C002210,1,0.0411471865999,0.0155095643862,0.00409061783597,0.569717980728,0.0214753130879,0.00375423992972,0.302678764105,0.0416263333279
C002211,1,0.1371340926,0.0239350088254,0.0227376642735,0.0227715749635,0.00981338926001,0.0239350088254,0.0347924879028,0.724880773349
C002212,3,0.0115749897371,0.303148417572,0.0158668032515,0.0270599879831,0.504258205362,0.0158592994945,0.0210765317711,0.101155764829
C002215,4,0.208689449975,0.016473664163,0.016473664163,0.0147307583246,0.0785325435312,0.010700693643,0.478961648673,0.175437577528
C002216,1,0.0108943400114,0.43545105209,0.0129277733081,0.110224784884,0.0136085379967,0.0136085379967,0.325947389418,0.0773375842951
C002217,3,0.040581473813,0.0805098036957,0.00216484827259,0.00530481371226,0.0609626040146,0.0065045492336,0.00914826334795,0.79482364391
C002218,1,0.00215453691987,0.495412195419,0.00127017783859,0.00231711336336,0.0738624647032,0.364507892106,0.00301882724191,0.0574567924084
C002221,0,0.0146741479852,0.0491954355894,0.134364314012,0.0210413281311,0.0348564934556,0.0223018570778,0.0131917793672,0.710374644382
C002222,2,0.00581692555311,0.00439731474993,0.00478339168298,0.00417206856503,0.0283696352442,0.0008999461222,0.00456663322749,0.946994084855
C002224,2,0.0445764399493,0.0330441916258,0.0111886793146,0.0116306202556,0.0131569711104,0.23376591108,0.572229973586,0.0804072130778
C002225,3,0.859187652275,0.011670193603,0.011670193603,0.00952063242682,0.0108127682911,0.011510425238,0.00731304961142,0.0783150849514
C002227,2,0.0113079377469,0.0211520525822,0.0211520525822,0.0520699555869,0.107053428728,0.0993798951019,0.486383872189,0.201500805483
C002232,0,0.16654835804,0.551699585578,0.0127088658825,0.0121700527244,0.199740802563,0.0127088658825,0.0120297259905,0.0323937433395
C002234,4,0.00431075217143,0.00458142275049,0.00556946956674,0.00409671040107,0.00551962016287,0.00440530939857,0.00678286856056,0.964733846988
C002235,2,0.00771900825397,0.650513693675,0.00957959795956,0.00957959795956,0.00957959795956,0.00889786971796,0.20799600247,0.0961346320039
C002236,3,0.0107840621495,0.011372390918,0.785742327436,0.0124666393369,0.0378749387179,0.0147756218607,0.0186675130867,0.108316506495
C002238,0,0.0983583690984,0.0236222671982,0.0236222671982,0.0105189581177,0.0236222671982,0.048071159089,0.473534028685,0.298650683415
C002241,0,0.187932091575,0.00537233932561,0.00597664140244,0.00532717708263,0.0014648472076,0.00597664140244,0.167916214413,0.620034047592
C002242,0,0.00514025798476,0.00714669253629,0.00714669253629,0.0102765491549,0.739313923834,0.191326772977,0.00878843138094,0.0308606795967
C002243,3,0.0217974311213,0.00751855549237,0.00751855549237,0.0324016498032,0.00219638214853,0.0789124494617,0.591789113377,0.257865863104
C002245,1,0.00267332584841,0.00456373113789,0.00433543130086,0.00453416617338,0.0022532808528,0.00671242732413,0.0189838198467,0.955943817516
C002247,1,0.0105903321144,0.337646584994,0.192816114818,0.0124668372896,0.0130040502972,0.0130040502972,0.170672190352,0.249799839839
C002248,2,0.0170945005512,0.0104621334489,0.164778552319,0.0145262882739,0.00404017425477,0.429478257183,0.336576657884,0.0230434360844
C002250,1,0.00663653960288,0.0982398167007,0.47941885219,0.169062300487,0.0573108269694,0.037360142188,0.104464568656,0.0475069532065
C002251,2,0.225311532478,0.00928008983475,0.00928008983475,0.00928008983475,0.00928008983475,0.679324177449,0.0114153393297,0.0468285914042
C002252,0,0.00154990604385,0.00582296127343,0.0207930125324,0.00815470904016,0.0295102067941,0.00230506748998,0.00636887633188,0.925495260494
C002254,4,0.00328192250963,0.70209696476,0.00905673496217,0.0875972431801,0.00645720480911,0.0456109372741,0.0152968624819,0.130602130023
C002256,1,0.0755098909238,0.0192595482334,0.0182960927646,0.0184639130586,0.0192595482334,0.687252861093,0.0215098846713,0.140448261022
C002258,4,0.0125002688073,0.013442378969,0.013442378969,0.00922511154399,0.013442378969,0.76586189587,0.012295159066,0.159790427805
C002261,0,0.00385590997377,0.852184849989,0.00487776992202,0.00434771678494,0.0182062130739,0.0444162823293,0.00897589652574,0.0631353614017
C002262,1,0.00320739224233,0.00225636551822,0.0176260895567,0.0513479310118,0.165172021163,0.525991434325,0.00948252416418,0.224916242019
C002264,3,0.104555069943,0.0227999769495,0.0227999769495,0.0386289360119,0.0172800742257,0.574321606097,0.0281741116091,0.191440248215
C002265,1,0.0235395502213,0.109083021377,0.0245829623921,0.0248084487858,0.0258774786509,0.0258774786509,0.0330359003908,0.733195159531
C002266,0,0.00300172525034,0.00314787816718,0.00417341065491,0.0130299538233,0.946201483453,0.00417341065491,0.00397850690527,0.0222936310915
C002267,1,0.067894613576,0.012838260564,0.183130181082,0.0797838507056,0.0185610485332,0.16875069227,0.0232143400122,0.445827013257
C002269,1,0.11876207178,0.41194519183,0.0219370525724,0.0219697692394,0.030183948561,0.0258009427671,0.0291458148347,0.340255208415
C002270,3,0.0273610688013,0.556251232324,0.011776239178,0.322752117442,0.0104838702911,0.011615019018,0.011997520951,0.0477629319945
C002273,0,0.00391066494234,0.00865151001408,0.00796970390036,0.168852698347,0.753484319898,0.00865151001408,0.00885233115641,0.0396272617275
C002274,0,0.00695911743458,0.00962843384148,0.00962843384148,0.247391767286,0.00962843384148,0.00962843384148,0.00866370724146,0.698471672672
C002275,4,0.00222521852609,0.938711429413,0.00467920964836,0.00418415149163,0.00467920964836,0.00449933729421,0.00672300777297,0.0342984362052
C002276,2,0.00527878424041,0.00430699112553,0.00430699112553,0.00569957296992,0.00430699112553,0.0064901535772,0.00705591558065,0.962554600255
C002277,1,0.00629241948694,0.00811559953465,0.00770961811393,0.0077211161494,0.0127783557628,0.829960070383,0.0113744903874,0.116048330182
C002278,4,0.0190554408288,0.00882048115926,0.00570194469898,0.00495499087878,0.00570194469898,0.0124458562465,0.00501029929577,0.938309042193
C002280,3,0.028542394426,0.0310290320071,0.0310290320071,0.0295357802939,0.0310290320071,0.0306042354802,0.0347972917589,0.78343320202
C002281,2,0.00410165780479,0.00165549925556,0.00725250960005,0.00548976596106,0.00396092807744,0.00608351077307,0.00758397876717,0.963872149761
C002282,2,0.515163226071,0.0914899577097,0.0143405278802,0.261150883006,0.0143405278802,0.0092320389547,0.0183730123254,0.0759098261728
C002285,3,0.00293099224727,0.0133790178728,0.065719257927,0.0170016497945,0.0215511403185,0.0204547303751,0.0711704902186,0.787792721246
C002286,0,0.00585945491864,0.017412941832,0.00686629656895,0.0134735969399,0.0261036790502,0.134983028485,0.0143108873224,0.780990114883
C002287,3,0.0659542492505,0.0309892541311,0.13976973869,0.0257455986416,0.113357121989,0.104983069007,0.0328712057085,0.486329762583
C002288,2,0.102724157616,0.214538622098,0.00794290204015,0.605540105731,0.00833878808666,0.00699275035244,0.00806586093966,0.0458568131368
C002290,0,0.00329944495049,0.0146735670346,0.00294408612879,0.77737976104,0.00660509689074,0.0071987380004,0.0185328336576,0.169366472297
C002291,1,0.422328997237,0.177494127312,0.199937532104,0.0186116808805,0.0194136835721,0.0194136835721,0.0423436976544,0.100456597668
C002292,1,0.00529333405084,0.277346836216,0.0997915739377,0.550428752837,0.0063285177681,0.0063285177681,0.00728515126405,0.0471973161584
C002293,1,0.0134202892629,0.0150785195505,0.0255281755217,0.0144556077152,0.0150785195505,0.391298280371,0.0274867313192,0.497653876709
C002294,2,0.00754898604739,0.303897299635,0.00837225409308,0.00837225409308,0.34916922506,0.28469380465,0.00893515681601,0.0290110196056
C002295,1,0.00188159095679,0.209719059135,0.00737889233436,0.300875071083,0.3878507644,0.0158093439998,0.00931700016076,0.0671682779297
C002296,4,0.0165161211285,0.0118082754042,0.00648838482201,0.00456043520338,0.00648838482201,0.0241940290786,0.0082205465836,0.921723822958
C002297,3,0.00216744881642,0.0245587297086,0.00261658161081,0.00220102488233,0.00261658161081,0.0223501291399,0.933138517502,0.0103509867294
C002298,0,0.00643367361207,0.00847729617561,0.117360746966,0.00910458439525,0.0152827202008,0.778179366235,0.0137670913272,0.0513945210884
C002299,0,0.0236392555044,0.47138760935,0.0212051689907,0.0189008646619,0.0212051689907,0.0230556826398,0.305686260244,0.114919989618
C002300,2,0.263533148169,0.00716841710042,0.00716841710042,0.373878340417,0.00594395547851,0.30851420953,0.0070588876182,0.0267346245874
C002301,3,0.00775569591152,0.139806322372,0.00955182577395,0.762685956119,0.00776399305217,0.00954730850737,0.0185763487317,0.0443125495318
C002303,2,0.00797121655768,0.00920303459718,0.0119880058383,0.00920303459718,0.0370695098982,0.77538079721,0.0149965486152,0.134187852686
C002304,2,0.41619607578,0.025563179381,0.021261974981,0.156649624858,0.025563179381,0.0375937303846,0.0393137060669,0.277858529168
C002307,1,0.021114386755,0.023811205221,0.0226200539224,0.0226537892097,0.0183174525255,0.023811205221,0.030227912609,0.837443994536
C002308,3,0.017710418168,0.0248138452998,0.00608966166327,0.00711964005096,0.0230681990308,0.0471461091593,0.447107279451,0.426944847176
C002309,1,0.00570560350735,0.199857871299,0.0162473131753,0.470376803206,0.0161297533734,0.163563287548,0.0365662710195,0.0915530968706
C002310,4,0.020246331634,0.0217722408016,0.0217722408016,0.0194687480733,0.0217722408016,0.0209352994157,0.243258135195,0.630774763277
C002311,2,0.014183726698,0.0226355723701,0.56221359132,0.0163755841501,0.0163755841501,0.0141433611992,0.0291132213869,0.324959358725
C002312,2,0.00747950429023,0.0812955678498,0.0243405394953,0.226352679819,0.0243405394953,0.0200517030853,0.0352834769099,0.580855989055
C002313,1,0.00606272308233,0.026876718054,0.00851894804873,0.00863623385469,0.00798289409927,0.0266380426392,0.00921094654108,0.906073493681
C002314,1,0.00228780523534,0.00471660778883,0.0067882732394,0.130253281751,0.00471660778883,0.00471660778883,0.00846827725083,0.838052539157
C002315,2,0.500167052374,0.0569799260393,0.00596509804757,0.0576795667284,0.00954103546887,0.0146141426254,0.0644368632287,0.290616315488
C002316,4,0.00385788867321,0.90930971819,0.00410012411603,0.00366633293338,0.0288025823671,0.00394251224726,0.00336694657354,0.0429538948992
C002318,3,0.55400242954,0.0281228097783,0.0281228097783,0.125230554799,0.0281228097783,0.0281095098886,0.0276093309638,0.180679745475
C002319,1,0.044912057565,0.0160918461184,0.419599869754,0.0191673907021,0.127906324462,0.134366579918,0.0252428846958,0.212713046785
C002320,0,0.0135827275709,0.247446510396,0.13647292447,0.0411856952244,0.367551182149,0.018602940771,0.0919687357557,0.0831892836623
C002321,4,0.129625359507,0.0364192483305,0.0190122610788,0.0254135350027,0.0190122610788,0.0182814153987,0.0209509979078,0.731284921695
C002323,1,0.610494516497,0.0116517704828,0.0124341906813,0.25467244508,0.0251643828281,0.0116517704828,0.0189034537431,0.0550274702051
C002330,3,0.028250799624,0.0334597966667,0.0315608012028,0.0266162097973,0.0290252011705,0.0315458754121,0.0320771804072,0.787464135719
C002331,4,0.0124999931427,0.0109804077481,0.00795827645042,0.00954197613435,0.0109804077481,0.818846197977,0.0118831537013,0.117309587099
C002333,0,0.00373306350718,0.0112327652324,0.0112327652324,0.00860131971391,0.414550613581,0.0112327652324,0.475261390489,0.0641553170119
C002334,2,0.0146854085572,0.0375538766178,0.0204479265346,0.580969403939,0.0656535935023,0.0469837594361,0.0160485323474,0.217657499066
C002335,3,0.0422772939744,0.0159962917418,0.022223682936,0.0208396266163,0.197003468885,0.0327121657982,0.0330275189906,0.635919951057
C002338,4,0.0170967935458,0.0175468106659,0.78721157043,0.018576039315,0.018385330871,0.0176785848617,0.0197514707392,0.103753399571
C002339,1,0.56535225562,0.0513185136038,0.00613016515467,0.0191910221703,0.0147600739349,0.0134884488069,0.0259051191452,0.303854401564
C002341,4,0.788734914568,0.00679009646613,0.00679009646613,0.0751314217073,0.00431650503869,0.00459125404231,0.0747303338374,0.0389153778744
C002342,2,0.298271649451,0.0200904651607,0.44137940164,0.0240470312366,0.0230920284188,0.0161484679585,0.0241367443817,0.152834211753
C002345,0,0.139022611905,0.0156015495749,0.0120271705296,0.0327253280822,0.0361568237894,0.096787898838,0.0375582323345,0.630120384947
C002346,3,0.0254024601756,0.0252471914825,0.0860492778212,0.309398430398,0.0252471914825,0.0252352515354,0.0273848002811,0.476035396824
C002348,0,0.154036842056,0.00846615967747,0.00763349735165,0.00318376211982,0.576866622732,0.146061911314,0.00822626133152,0.0955249434181
C002349,2,0.0303385911369,0.0341296857351,0.0341296857351,0.0341296857351,0.0341296857351,0.0300062789419,0.0342660310982,0.768870355883
C002351,1,0.0013775340088,0.0031422510792,0.00298506052883,0.0015237729092,0.00757741386335,0.00263877829518,0.00498356289229,0.975771626423
C002352,3,0.513488889401,0.0339016490347,0.225854449371,0.00310542072425,0.0957997756579,0.0412340488189,0.0177700705717,0.0688456964211
C002353,1,0.0039626081715,0.00502387621801,0.864878387953,0.00481633382997,0.0559635775617,0.00502387621801,0.00663124823887,0.0537000918094
C002354,1,0.00588142744481,0.00758552571602,0.00720606114362,0.00721680818004,0.0042524368452,0.900200929773,0.00920280074806,0.0584540101495
C002355,4,0.00838253380168,0.00869153832062,0.00869153832062,0.3866061357,0.215413583783,0.00835742902089,0.284950571082,0.0789066699711
C002358,1,0.00527815448224,0.00647342179675,0.149648307787,0.404846014685,0.391129624747,0.00647342179675,0.008010225061,0.028140829645
C002359,1,0.0039336877229,0.0108759480846,0.0103318807195,0.0103472895672,0.223073642385,0.00235976385636,0.648811247005,0.0902665406591
C002360,0,0.205292890821,0.0160807922442,0.0160807922442,0.0143333391023,0.497920349424,0.0160807922442,0.164219776505,0.0699912674144
C002361,3,0.0300933658361,0.0049803557997,0.0049803557997,0.00593863537244,0.0049803557997,0.00471115288685,0.0107035449451,0.93361223356
C002362,4,0.00872224187889,0.596648671689,0.00884367556555,0.311195510617,0.0056332514572,0.0101857033133,0.0132262067204,0.0455447387594
C002363,3,0.00506883182194,0.00694827028454,0.0630070437135,0.0625843196831,0.0709077228688,0.00396712166399,0.00727570899286,0.780240980971
C002365,4,0.0140016985681,0.0150569672752,0.0150569672752,0.0134639472942,0.790731611604,0.012217193669,0.0145539264661,0.124917687848
C002366,2,0.0718497255196,0.0126126987953,0.0250996573484,0.0206029728863,0.0433980589822,0.0105767712321,0.0137082080677,0.802151907168
C002367,2,0.00409941728777,0.0047329135841,0.0047329135841,0.584565422519,0.0047329135841,0.00287552108513,0.219222289582,0.175038608774
C002368,4,0.702943517119,0.00446185112463,0.00319055716261,0.0039897893964,0.240281116926,0.00436276068938,0.00367818254361,0.0370922250381
C002370,1,0.00595307667229,0.00654433126571,0.00621695226018,0.00627397704517,0.73696990111,0.00654433126571,0.00854276675854,0.222954663622
C002371,4,0.00211191745653,0.0018210156842,0.00313811666987,0.0027270239009,0.00269643573538,0.00306842421756,0.00268944923964,0.981747617096
C002372,1,0.0133693980792,0.010070398143,0.00456302486149,0.00958089582916,0.089007106057,0.770781490088,0.0126326373635,0.089995049579
C002373,4,0.0117295271065,0.0121471419876,0.34522026138,0.0177700215616,0.460441976142,0.00900723869931,0.0214179752027,0.122265857921
C002375,0,0.0180228151539,0.0171319850764,0.0171319850764,0.163572067911,0.0269618663879,0.086299713881,0.0227334862396,0.648146080274
C002376,4,0.0215014044599,0.0814932249726,0.0121481819259,0.00818191317399,0.0094153183308,0.028390472488,0.768657076908,0.0702124077409
C002377,1,0.00179472260704,0.00420523463145,0.00884498036512,0.00295917169759,0.00379557145434,0.0085477320258,0.0049857433244,0.964866843894
C002378,2,0.00803535613513,0.0301816569284,0.0092770858723,0.0155983453354,0.0074152281614,0.00764245063033,0.075773872175,0.846076004762
C002379,0,0.0342224492733,0.100491161779,0.0100337851371,0.00894344275243,0.016775335043,0.548645674644,0.0165539774047,0.264334173967
C002380,0,0.0119865423974,0.016665581905,0.016665581905,0.765447118627,0.0129774510012,0.016665581905,0.0175657854369,0.142026356823
C002381,2,0.0759705149887,0.00986338883903,0.283177753563,0.518950823441,0.0449181884828,0.00867701182789,0.00804023317662,0.0504020856807
C002382,4,0.0110078114131,0.0116989879343,0.0116989879343,0.0768549129892,0.0116989879343,0.659828458787,0.0104854140728,0.206726438935
C002383,2,0.748660282997,0.00684842466821,0.00839556947694,0.00958485519734,0.0103644477715,0.00630221425584,0.119368300143,0.09047590549
C002386,4,0.0194210169459,0.0490293931247,0.0798470028711,0.0158698574482,0.020582707859,0.0204209087999,0.0195585182023,0.775270594749
C002387,3,0.00925499608271,0.800366299228,0.0120516070436,0.0108894240091,0.024202363692,0.00998511979595,0.0116852028124,0.121564987337
C002388,0,0.00189630092574,0.00297131978023,0.00263649795647,0.00215689565066,0.00263649795647,0.968488901564,0.00332840206059,0.0158851841061
C002389,2,0.0032237660939,0.00759977253679,0.0167722766606,0.0136496493807,0.00660863524112,0.00544418465662,0.00887316092918,0.937828554501
C002390,3,0.0096509328427,0.00838863887002,0.00838863887002,0.0221192811352,0.0101323048742,0.0345685993544,0.0237145363783,0.883037067675
C002392,3,0.481533157587,0.014639535778,0.35182634412,0.0135375462208,0.0500794683667,0.00541622568044,0.0154319212751,0.0675358009719
C002394,4,0.0104738791873,0.0111315302959,0.0111315302959,0.375050268358,0.101348321332,0.0107036258612,0.240930106793,0.239230737877
C002395,4,0.114706335727,0.157943664556,0.018122754311,0.0104029740754,0.103687507057,0.229405428713,0.0463553667941,0.319375968767
C002396,4,0.0514594590468,0.0232583913078,0.0255368731021,0.592420244383,0.0246790746288,0.0241309926381,0.0498197939135,0.20869517098
C002397,0,0.0119411760471,0.0163546673214,0.667928784446,0.0145774529677,0.0163546673214,0.0163546673214,0.0132525604064,0.243236024169
C002398,3,0.357836105031,0.0123736552768,0.0123736552768,0.0106321835037,0.0123736552768,0.511028000672,0.0155295803722,0.0678531645903
C002399,2,0.00375729577695,0.00730407705371,0.00418996421073,0.843424890534,0.00491325625624,0.00630842839258,0.0117540151595,0.118348072616
C002401,0,0.0431167227559,0.00417748388092,0.00417748388092,0.00372352880071,0.00417748388092,0.00417748388092,0.884082843455,0.0523669694652
C002402,4,0.0259878706989,0.359059481506,0.0337193449177,0.0290552214225,0.0236572270737,0.0268722188341,0.0497427517632,0.451905883784
C002403,4,0.0175935799411,0.0322419684776,0.0648380351107,0.158983887693,0.0690134901327,0.0138292116712,0.0574960247867,0.586003802187
C002404,2,0.00663795347296,0.0691579471534,0.00746581858672,0.0260932356319,0.00433109659377,0.123749139947,0.00769372628779,0.754871082326
C002405,3,0.446593563176,0.00503787797159,0.284921226148,0.14632457641,0.00503787797159,0.0050354954493,0.0726882626074,0.0343611202665
C002406,1,0.00589595082096,0.0137695772945,0.0063526762139,0.033741756858,0.00668720231839,0.83474934935,0.00552444344887,0.093279043695
C002407,2,0.00163681165178,0.00419622352286,0.00419622352286,0.00547118275525,0.0136050898839,0.0031571427701,0.938161457025,0.0295758688679
C002408,2,0.00921358685373,0.0219174733625,0.0219174733625,0.309045625697,0.0880780071196,0.0667424224869,0.0308948672245,0.452190543893
C002409,4,0.012862258593,0.355201052837,0.0096476849797,0.0138116708731,0.0147051315368,0.0677960440092,0.0139417685351,0.512034388636
C002412,2,0.0349510313971,0.0209388011175,0.00356832485114,0.0131194054092,0.00719905062519,0.0284461513785,0.00563039538879,0.886146839833
C002413,0,0.00631317860343,0.00976681931978,0.0921021244583,0.00870548733762,0.00346072502047,0.00976681931978,0.0136583739009,0.85622647204
C002414,1,0.0277753961171,0.0319781151293,0.0303784156176,0.0304237216361,0.0319781151293,0.0319781151293,0.0389623656952,0.776525755546
C002416,0,0.00626532281998,0.557560518703,0.0168796486938,0.0137197749161,0.0697888347295,0.0657930863181,0.00840386564757,0.261588948172
C002418,2,0.110803436008,0.00867746463229,0.0100219750508,0.330611280518,0.0180356047885,0.44529421279,0.00971956830401,0.0668364579081
C002419,4,0.00915764063085,0.00984782629238,0.00984782629238,0.755310875062,0.00984782629238,0.00962912213432,0.0840932452872,0.112265638008
C002420,0,0.0129421097909,0.0149180884781,0.395407892363,0.00959358118991,0.0379681347001,0.389708293239,0.012949322068,0.126512578171
C002421,1,0.0096508793261,0.00310903557492,0.00295350662424,0.00295791144993,0.00310903557492,0.0677962752678,0.886558478685,0.0238648774975
C002424,1,0.0107168743419,0.0130059724599,0.0123553510049,0.0123737776328,0.79550808193,0.0130059724599,0.0155095441715,0.127524426
C002426,4,0.0270090887255,0.0265548143316,0.0290446879067,0.0259717737313,0.0935755524301,0.0283996527663,0.0327778362246,0.736666593884
C002428,3,0.00610712579113,0.0104725429665,0.00537226535331,0.0098203293204,0.0104725429665,0.0103291707891,0.856360121993,0.0910659008199
C002429,2,0.0135459500881,0.0143249032789,0.509222822682,0.0130603698456,0.202110837629,0.0118008356935,0.0141571923548,0.221777088428
C002430,4,0.0122838203394,0.707326148946,0.0214738519695,0.011607260004,0.00757591524458,0.0206483808758,0.0174926137964,0.201592008825
C002431,2,0.824932988673,0.0054274995742,0.0054274995742,0.0054274995742,0.00322308595387,0.00456103336626,0.0068769626634,0.144123430621
C002434,2,0.00399785655609,0.00517347662038,0.00517347662038,0.00429081464754,0.00367645466576,0.0359376291006,0.0295036712197,0.91224662057
C002438,1,0.0187665454416,0.0236391851747,0.0274569778077,0.536997529955,0.018282867693,0.0236391851747,0.085513830478,0.265703878276
C002439,4,0.00413977756281,0.00817614269523,0.00249220709008,0.0071050693434,0.00781511200813,0.0283867828506,0.047284422576,0.894600485874
C002441,4,0.00606744449145,0.0389500632395,0.445365309493,0.00583441733488,0.00652473074661,0.438573977288,0.00851304824884,0.0501710091583
C002442,2,0.00957186311231,0.534929709444,0.0106157395996,0.15045198855,0.0106157395996,0.22072771592,0.00916028397218,0.0539269598025
C002443,2,0.00533263258939,0.0444631572593,0.0301357693571,0.355296814054,0.010293652433,0.00532098830793,0.0085096276088,0.540647358391
C002446,3,0.0239599894851,0.338795377119,0.0241152087429,0.013444015187,0.016131217654,0.0484413756298,0.0288716560896,0.506241160093
C002448,3,0.00517126493818,0.0446603242513,0.00742127213029,0.0506080289003,0.0125769221433,0.0982037012366,0.0172469949473,0.764111491453
C002449,4,0.0076958069445,0.00797949671886,0.00797949671886,0.00693418395768,0.00354093354853,0.894547842848,0.0117083129723,0.0596139262913
C002450,0,0.0476918009225,0.0421087493766,0.0268351588592,0.037135817969,0.041663241853,0.041663241853,0.0527446297871,0.71015735938
C002451,4,0.0103805599958,0.00494835979528,0.332331330824,0.0102856139876,0.0106373303944,0.512337303551,0.0145165040134,0.104562997438
C002452,1,0.00361716640254,0.00808830589855,0.502539185314,0.114658829975,0.00173204472069,0.331243076076,0.00504532860791,0.0330760630046
C002453,0,0.00651864754189,0.168234448447,0.0106561277468,0.68558964526,0.0294973488024,0.0106561277468,0.0188424772691,0.0700051771864
C002454,3,0.559970311205,0.0263332169547,0.0478637947316,0.108212828404,0.00629569681585,0.0236468495661,0.021918309113,0.20575899321
C002456,2,0.0128917064986,0.0136109264645,0.0101013306086,0.151345259369,0.014883903864,0.636950477086,0.0183980758092,0.1418183203
C002457,1,0.362023191802,0.549498452073,0.00741947725541,0.00748753216038,0.00781018012456,0.00781018012456,0.0100033528261,0.0479476336332
C002458,4,0.00955948266187,0.010279954029,0.837459959232,0.00919233977887,0.0076479916628,0.00988478482934,0.00925877738733,0.106716710419
C002459,1,0.0374469470391,0.658122064026,0.0116692167817,0.134328019014,0.00898399008531,0.0462997323105,0.0143636596365,0.0887863711063
C002460,3,0.00874577698286,0.0104832745338,0.640372658989,0.0220003768275,0.0260874679274,0.0260751305953,0.0345680332326,0.231667280911
C002461,1,0.011153731573,0.0146863145075,0.100897192466,0.0139724415473,0.100534003795,0.211769444319,0.0292740688277,0.517712802965
C002462,1,0.00629770130764,0.00791782489146,0.00752173711202,0.552235067926,0.00791782489146,0.301793981524,0.00941048879087,0.106905373557
C002463,3,0.131975731755,0.0594345538982,0.00157612414968,0.00610786617623,0.0458213020546,0.0503737955341,0.00877320468859,0.695937421744
C002465,2,0.0178029626829,0.00732505509691,0.0224902595926,0.0168631406006,0.00445520675821,0.0192036015551,0.666529182484,0.24533059123
C002467,1,0.00630232649211,0.730975536452,0.0137156822607,0.0133944191549,0.0436833660362,0.0311459914383,0.0253150567159,0.13546762145
C002469,1,0.00491768497842,0.0166164657319,0.0309994440169,0.0169816955109,0.252931833796,0.044501283875,0.214702623883,0.418348968208
C002470,0,0.0533538455225,0.0033816092619,0.0205662694929,0.0184949844943,0.00756057807438,0.057679787981,0.0213163170694,0.817646608104
C002474,1,0.00624177363475,0.00718622175762,0.0070008959371,0.285185554522,0.00718622175762,0.00858121566626,0.558829557573,0.119788559152
C002476,2,0.00416084106068,0.885522444725,0.00440178351033,0.00440178351033,0.00440178351033,0.0038699783197,0.00513695376691,0.0881044315965
C002477,1,0.180342833594,0.434549311658,0.00940327642276,0.281703066041,0.00469272779374,0.00437029867891,0.00730722550954,0.0776312603025
C002479,2,0.0331045405131,0.0382202929077,0.0382202929077,0.296924497887,0.0724580106041,0.0530344089903,0.0507075651428,0.417330391047
C002484,3,0.00490986065018,0.00770637823627,0.88712275634,0.00733551386314,0.00589839252804,0.00665946835516,0.00650263422422,0.0738649958025
C002485,2,0.00395182993241,0.694822813309,0.0150958405414,0.0150958405414,0.0150958405414,0.012435932754,0.144570341515,0.0989315608655
C002486,2,0.0608541684408,0.00927431194134,0.0490502912808,0.249990214752,0.0107520597854,0.00662806861955,0.19726026126,0.416190623919
C002487,1,0.0252179930593,0.0380088907688,0.691983605727,0.0140946105917,0.0253529981582,0.0437424645426,0.031641281619,0.129958155534
C002488,1,0.00990380704216,0.013040516897,0.0123881673627,0.0490933314949,0.144519747976,0.00567175108124,0.0141866799305,0.751195998215
C002489,0,0.0122841657909,0.069487716537,0.00902085423634,0.00849873885165,0.814210320404,0.00503120018794,0.00648284155167,0.0749841624406
C002490,4,0.00715321115949,0.209038379417,0.31645722186,0.00687848389017,0.0076923285998,0.0777534687159,0.345113471803,0.0299134345542
C002491,2,0.609013886738,0.0132249947449,0.0132249947449,0.0237625420775,0.0132249947449,0.0108947325502,0.182563368287,0.134090486113
C002492,3,0.00890147479606,0.0114175315429,0.0114175315429,0.555318904256,0.0114175315429,0.0114121319434,0.280847229986,0.10926766439
C002493,1,0.0209802810668,0.0240546109068,0.134992545936,0.0228853634223,0.134164330781,0.0153199356413,0.0342996893241,0.613303242923
C002495,0,0.259126635632,0.0040174297434,0.0040174297434,0.444060884887,0.0165405551286,0.0040174297434,0.2263626996,0.041856935521
C002496,2,0.164449303096,0.0139184852997,0.296158899849,0.070935487159,0.0695276994068,0.0116508313148,0.27628433557,0.097074958305
C002497,2,0.0277545215042,0.0166441297097,0.0126956638568,0.0177982829376,0.705473232558,0.0243736024847,0.019540637544,0.175719929404
C002498,0,0.0111001375749,0.0148323766693,0.0154329355829,0.541416772256,0.0178343869141,0.0154329355829,0.0581142353948,0.325836220025
C002499,1,0.134390055395,0.0087604276837,0.0335383516302,0.590202691986,0.0072842990391,0.157907934248,0.0100981367349,0.0578181032832
C002500,1,0.0126726694949,0.669678344774,0.0155268482167,0.0155500047789,0.0163444778068,0.0318942921362,0.0295161936147,0.208817169177
C002501,0,0.264637449916,0.0264242438659,0.0264242438659,0.0235527977788,0.467387338014,0.0264242438659,0.0283591813618,0.136790501332
C002502,1,0.00262735243595,0.595809857098,0.00786081271002,0.00326578159456,0.171129558844,0.00346831049343,0.104430377268,0.111407949556
C002503,2,0.0224594323601,0.0080949175634,0.00815688089409,0.0207376123388,0.00557675118306,0.0302139932455,0.00879229421518,0.8959681182
C002510,4,0.00498275024582,0.00133707120387,0.00165350769187,0.0034482490201,0.00185894837795,0.00286931489205,0.00419619505852,0.97965396351
C002511,4,0.00339135787396,0.00911266318192,0.663742650418,0.00459000415314,0.00780400366144,0.00369580700409,0.150294032684,0.157369481024
C002512,0,0.362385453735,0.240486222011,0.0102515305406,0.00913752639326,0.0423626187998,0.0102515305406,0.280641579141,0.0444835388391
C002514,3,0.0159361081157,0.392688176497,0.264656158839,0.0705167956904,0.0218449517288,0.0215458879481,0.0251857749402,0.187626146241
C002515,1,0.362991261544,0.0059998123638,0.00778328343813,0.025272289052,0.103949051206,0.109212819454,0.0861138432125,0.298677639729
C002516,3,0.00536695197096,0.00622111900409,0.00622111900409,0.00550769938759,0.00622111900409,0.836296890183,0.0095271200943,0.124637981352
C002519,3,0.00490643679497,0.00522042308378,0.00522042308378,0.00440254590293,0.00522042308378,0.00514895396432,0.862252650742,0.107628143344
C002520,4,0.00507083075672,0.00789442468818,0.00473009348437,0.00686025634907,0.00789442468818,0.00759095703872,0.806303475147,0.153655537848
C002521,3,0.0294876297609,0.781140853702,0.00778235004155,0.0126215252246,0.0332934276237,0.0316246502954,0.0160509024901,0.0879986608617
C002522,0,0.00497857149376,0.00692189377292,0.00692189377292,0.00616971161435,0.0795950929186,0.850415957432,0.00715542428802,0.0378414547078
C002523,4,0.0072761028286,0.0210433487188,0.56353471089,0.00415199187666,0.179419557446,0.128808743857,0.00669347713003,0.0890720672534
C002526,3,0.0103163966467,0.00914146555417,0.0127347153884,0.42727449405,0.107491140263,0.247576873537,0.14448232963,0.0409825849309
C002527,3,0.0267349561282,0.00411511174627,0.00213783936248,0.00392913982397,0.00292146233444,0.0037464604752,0.00400514521502,0.952409884914
C002528,1,0.0927786143797,0.0885919185956,0.0178566865624,0.0395860016604,0.138371392096,0.272561478136,0.0230993833353,0.327154525235
C002529,3,0.00265103884584,0.00508713169116,0.00621702901478,0.0101371626967,0.0138198987958,0.852143308194,0.0464378902348,0.0635065405266
C002530,3,0.278065332148,0.00872493357739,0.19851523753,0.00776862064747,0.00872493357739,0.0316825506275,0.0118272423723,0.45469114952
C002531,3,0.00500516341323,0.00569136347441,0.00560982628588,0.659217028821,0.225884838884,0.00561344704321,0.0107157483075,0.0822625837707
C002533,4,0.0262016412104,0.0281763853395,0.0281763853395,0.0292942232868,0.0281763853395,0.027093263799,0.0282261805252,0.80465553516
C002534,0,0.103465703752,0.0944200253464,0.042941453874,0.00238023156888,0.0033669051697,0.0033669051697,0.730372546127,0.0196862289916
C002538,1,0.0250270724101,0.0135091413846,0.0135341842326,0.162269823955,0.615325128485,0.0205438103438,0.038133907338,0.111656931851
C002539,4,0.0259034330279,0.0278557020436,0.0278557020436,0.0249085820075,0.0323834054504,0.0267849078113,0.0275055384328,0.806802729183
C002540,3,0.00457972466612,0.04164681238,0.000446033821933,0.00415295155226,0.851249763073,0.0248307214616,0.0193267880749,0.0537672049704
C002541,3,0.0116806162491,0.00775770975276,0.284522311854,0.0113793836614,0.0136970445725,0.429435461391,0.0212078452446,0.220319627275
C002542,3,0.0074341851334,0.00858689229195,0.00858689229195,0.00724159457426,0.00858689229195,0.00846933522404,0.802323120477,0.148771087716
C002544,2,0.00541956969471,0.00609548173599,0.00609548173599,0.0877856558625,0.00609548173599,0.454375131936,0.0129203297971,0.421212867501
C002545,1,0.00542980064783,0.0111413829029,0.017263110248,0.0157831494537,0.731566988692,0.0563535354461,0.0204647007386,0.141997331871
C002546,2,0.00611222414875,0.00842805755453,0.0125355322838,0.00921801772783,0.00753041893709,0.00708257111648,0.876264250155,0.0728289280763
C002548,1,0.00662743520122,0.0881269080907,0.446898016017,0.00787617780938,0.0045739648821,0.397319359149,0.00994337292292,0.038634765928
C002550,0,0.00540647728448,0.00637559203826,0.055842643738,0.00660007590746,0.00740472605209,0.872300186017,0.00862816411193,0.0374421348506
C002551,2,0.0226026099604,0.0087412199232,0.0882418242249,0.0229504491481,0.00620821461633,0.0269100391093,0.00841039580893,0.815935247209
C002553,1,0.00733300649626,0.00492539350079,0.81555821375,0.00846674028917,0.0803885666442,0.00889931872818,0.00982999244555,0.0645987681463
C002554,0,0.00339331763122,0.0396997184098,0.574934588543,0.068798009189,0.0136991885477,0.0114414374133,0.167520627739,0.120513112527
C002555,3,0.00648783602741,0.241585733551,0.676310108948,0.00759391400255,0.0088770406799,0.00877166413888,0.0122208508297,0.0381528518228
C002557,4,0.00473901223668,0.695963219061,0.0883409840411,0.00747676001508,0.047972687546,0.0413564329986,0.0081176072825,0.106033296819
C002558,1,0.00304393075175,0.0114116959857,0.0111173992059,0.21252903393,0.00653494489003,0.0141604452387,0.0143630743853,0.726839475613
C002559,1,0.167431084211,0.0144866926167,0.622605488151,0.0137825228853,0.0144866926167,0.0144866926167,0.0204615045487,0.132259322354
C002561,2,0.0412989420457,0.685432482503,0.0109855901862,0.111064053537,0.00596579914043,0.00904991414319,0.0877670739896,0.0484361444553
C002563,2,0.00752586791726,0.00644101481327,0.73428435221,0.00933990307719,0.0258186265594,0.00784884623025,0.0135966883653,0.195144700827
C002564,1,0.158550414512,0.00816871762972,0.0493640878063,0.0176990289604,0.00816871762972,0.00816871762972,0.014862295787,0.735018020045
C002565,0,0.731803142678,0.0692592331261,0.0119077117004,0.0105526599432,0.00374196137291,0.0136139612749,0.101667130026,0.0574541998785
C002566,1,0.0324930269319,0.00508876886895,0.00362872057504,0.896281794547,0.00235421974794,0.00508876886895,0.00686778492589,0.048196915534
C002567,2,0.553430078364,0.0343170869301,0.0343170869301,0.0343170869301,0.0415436186098,0.0282703691924,0.036491765978,0.237312907066
C002568,3,0.00502870178138,0.0456856486846,0.405809369026,0.0183873984457,0.0218032932337,0.038995128798,0.318194327685,0.146096132346
C002569,2,0.00965569824187,0.271838934093,0.148327540362,0.272419244419,0.0103218113021,0.0370148249112,0.0813752900428,0.169046656629
C002571,0,0.578511447511,0.00878214772775,0.00878214772775,0.00782781715704,0.296303605248,0.00878214772775,0.0139645719128,0.0770461149877
C002573,1,0.00814371252816,0.467219607699,0.146267680126,0.0141153414278,0.0107229694981,0.0107229694981,0.0147029155286,0.328104803694
C002578,3,0.0162617123394,0.00406626460242,0.852013341684,0.0233422938548,0.00406626460242,0.0709238790737,0.00325477650661,0.0260714673369
C002581,2,0.0379439879222,0.00445971383656,0.262249526672,0.00445971383656,0.00445971383656,0.0208897466279,0.630300140671,0.0352374565969
C002585,1,0.00510972294504,0.120125381571,0.0912476878176,0.00992407340905,0.0067280620594,0.0067280620594,0.0074556913698,0.752681318769
C002587,1,0.00408615357956,0.00495894597876,0.00471087558973,0.181391756015,0.205753572286,0.556938520537,0.00743469070665,0.0347254853073
C002588,4,0.00194643859774,0.0252751107208,0.00318425260345,0.00216514406118,0.00060975278494,0.00139514397997,0.00376539719271,0.961658760059
C002590,4,0.00269277102774,0.00552537330296,0.0242248379394,0.00731202960209,0.00168423380805,0.00269898255829,0.00664822303177,0.94921354873
C002591,4,0.180286324409,0.574918280053,0.0393366844985,0.156295809864,0.00270006204403,0.00399261518119,0.0035747946094,0.0388954293396
C002592,2,0.00323191288252,0.00459371574826,0.0189600677369,0.00516652725546,0.00459371574826,0.000869039545149,0.0103574864133,0.95222753467
C002593,3,0.00750996248492,0.387216005238,0.00395300063128,0.00810096912433,0.0251541909533,0.323507950294,0.0987306029572,0.145827318317
C002594,0,0.0038755216485,0.00538828240172,0.00538828240172,0.0868423069308,0.826500580242,0.00538828240172,0.00571903857487,0.0608977053985
C002595,0,0.0268291387252,0.0230729356684,0.0137363397516,0.641205372871,0.0168691670375,0.0230729356684,0.0586562160993,0.196557894178
C002598,2,0.173999400547,0.025117271817,0.025117271817,0.025117271817,0.136883762689,0.0211074571744,0.0485869219082,0.544070642231
C002599,0,0.00225787597566,0.00354938209561,0.00354938209561,0.00375626021778,0.00354938209561,0.0207672305454,0.00413265677728,0.958437830197
C002604,2,0.00550868396974,0.623075667933,0.0160052422658,0.057584241377,0.00670977412081,0.111604291277,0.0651175965384,0.114394502518
C002605,0,0.0188888438101,0.00970074733364,0.163607749853,0.0139705360929,0.00884353479295,0.53401949812,0.0104310015887,0.240538088409
C002606,4,0.0216709696464,0.0324656483756,0.073755796379,0.0282126537642,0.515428653745,0.0312176443234,0.0276076118721,0.269641021894
C002608,2,0.199648228359,0.529968795382,0.0167972182957,0.0220561667408,0.0220561667408,0.0181698399402,0.0218208237539,0.169482760788
C002610,3,0.00641766983832,0.658853208346,0.123987966519,0.113845275379,0.0102616467169,0.0101211617709,0.0154896843555,0.0610233870734
C002611,2,0.0180935494867,0.258186176078,0.0198545121797,0.135513557987,0.0266931666847,0.0221759599287,0.0148942313656,0.50458884629
C002612,3,0.00573562783754,0.0130256286615,0.0130256286615,0.586127533062,0.00428535616195,0.0130194685578,0.0113238168418,0.353456940216
C002615,0,0.00485259101183,0.0795419410748,0.00674673840666,0.0060135898747,0.824988162582,0.00674673840666,0.0122238599448,0.0588863786986
C002617,4,0.0179628460768,0.041719171781,0.0139225682875,0.0406559719596,0.0423435063733,0.0136133707565,0.0198515701262,0.809930994639
C002619,2,0.0129947746897,0.0195903544087,0.4979633222,0.015859136836,0.0255972005745,0.0334771697688,0.0320435674027,0.36247447412
C002620,2,0.00426344040514,0.0046783816251,0.0046783816251,0.124862430503,0.0316158952964,0.77984367673,0.00492511539262,0.0451326784231
C002621,1,0.0941365885949,0.0215891659317,0.297022290766,0.124975983258,0.0145011244799,0.0162681432547,0.327608374849,0.103898328866
C002622,0,0.400214501652,0.0175351836291,0.104504166191,0.0102494495925,0.0114990141752,0.0114990141752,0.386924265656,0.0575744049285
C002623,2,0.028670565879,0.0031570467794,0.299297021979,0.568564840888,0.0031570467794,0.00260077081115,0.0824484681206,0.0121042387631
C002625,1,0.00344380450866,0.862471924158,0.0969845429567,0.00363806871948,0.00379483805826,0.00379483805826,0.00320677876038,0.0226652047799
C002626,2,0.0139268258261,0.0109496405426,0.68500004814,0.0156637366516,0.0156637366516,0.162967171912,0.0156600183114,0.0801688219646
C002627,0,0.00530009612459,0.00365956346722,0.00608780226427,0.00300215931538,0.00608780226427,0.00298656559536,0.251087467928,0.721788543041
C002628,1,0.00734111848046,0.0153765541905,0.0149800074907,0.0120336607702,0.52966544175,0.0153765541905,0.0207565187068,0.384470144421
C002629,1,0.601096040638,0.0144315234246,0.0137095890366,0.0137300353595,0.0144315234246,0.0144315234246,0.0102642747042,0.317905489988
C002630,2,0.126923038093,0.00766514965897,0.00515819568191,0.076220643274,0.00645771510319,0.730818074262,0.00419449902935,0.042562684898
C002631,1,0.0040226587694,0.00451467703157,0.907799891106,0.00432817027628,0.00451467703157,0.00451467703157,0.00526317530807,0.0650420734451
C002632,2,0.0147098216665,0.00806115637236,0.0424584279005,0.00830977946193,0.0191038284446,0.0162288382319,0.161911833292,0.729216314631
C002634,0,0.0272741589683,0.0213016613671,0.0213016613671,0.0189868714911,0.11419559591,0.139885458455,0.0287572569783,0.628297335464
C002635,1,0.00200894615641,0.882379639904,0.00342819474872,0.00345963974947,0.00360872034078,0.00360872034078,0.00466876696724,0.0968373717923
C002636,3,0.000969658086856,0.00408896036356,0.00203046818276,0.0325023763517,0.00213410182006,0.0416510295006,0.00669516176466,0.90992824393
C002637,0,0.064424264504,0.814271830694,0.0056617126381,0.0720846171822,0.00426065612021,0.0056617126381,0.00673301727734,0.0269021889461
C002638,2,0.670784913489,0.0132524872786,0.0152276203518,0.0132524872786,0.0132524872786,0.0109173808619,0.206627266422,0.0566853570397
C002640,1,0.0155833134724,0.0230823058627,0.0219276176246,0.0219603202204,0.0335900239184,0.152395758238,0.0475613051908,0.683899355473
C002641,2,0.0302533559181,0.0379418470978,0.0361601022047,0.00751787263588,0.0054370901444,0.713981497947,0.117116748823,0.0515914852288
C002642,0,0.0142525979226,0.109353109297,0.0146685134039,0.542538131347,0.0172541454078,0.091030116961,0.018234583804,0.192668801857
C002643,2,0.0104982897927,0.145235122073,0.0121206246844,0.0230668965345,0.0664563960367,0.0274832751955,0.0198710566576,0.695268339025
C002644,0,0.040225604072,0.0531202725629,0.0111973044755,0.00998052581245,0.0111973044755,0.0622855620573,0.0137637602599,0.798229666285
C002647,4,0.00823005834903,0.0113301037316,0.00874682075393,0.840544054098,0.0230226148759,0.0102547143941,0.0138900863605,0.0839815474364
C002648,1,0.000940695236531,0.00166834235586,0.00686973637211,0.00178279349734,0.0152532864069,0.0126294011781,0.00405660990866,0.956799135045
C002649,1,0.010063250128,0.0112941034326,0.0107291179207,0.0108275303931,0.0112941034326,0.819580249754,0.0139203909718,0.112291253967
C002650,2,0.0182903672949,0.0193495103472,0.0193495103472,0.0193495103472,0.0193495103472,0.0170477943186,0.444309045953,0.442954751045
C002651,2,0.41656866246,0.0111773324057,0.0111773324057,0.00488024107914,0.291176805048,0.0201477604591,0.153048855708,0.0918230104343
C002652,3,0.000847974477037,0.12988666883,0.00840799833746,0.0766868019129,0.0036863224933,0.0160277872584,0.718022921158,0.0464335255325
C002653,1,0.00595299341022,0.020518110936,0.0194916960923,0.00961065590436,0.34162397048,0.335039397521,0.038187968494,0.229575207161
C002654,1,0.0141463347163,0.752738478167,0.0150823731286,0.0152207156877,0.0158765970682,0.0158765970682,0.018498913653,0.152559990511
C002655,1,0.0031789598215,0.00359351037685,0.00350083716392,0.0034188368814,0.296286054395,0.6602498081,0.00423348537833,0.0255385078826
C002656,4,0.0470785293347,0.014303546382,0.014303546382,0.249047587299,0.00751330806284,0.504216558922,0.0193212829209,0.144215640697
C002657,1,0.00137473667818,0.00481796366717,0.0046937129691,0.11421935129,0.777229732932,0.00481796366717,0.00912893512342,0.0837176036727
C002658,4,0.00432187526356,0.481134505891,0.0172000572512,0.153697360843,0.0153065508655,0.00899881082161,0.00823719516319,0.311103643901
C002660,0,0.00875298573376,0.912962812448,0.00537575762048,0.0335490102956,0.00537575762048,0.00537575762048,0.00522946612696,0.0233784525339
C002662,0,0.00370130646951,0.026492467479,0.00931846500581,0.819083664686,0.0620822742141,0.00801688253178,0.011132144219,0.0601727953945
C002663,2,0.0114980315682,0.0132748598105,0.0132748598105,0.0132748598105,0.0132748598105,0.00979015551703,0.73958481555,0.186027558122
C002665,4,0.00660649808536,0.0149018196521,0.00674757418029,0.00896821313847,0.675537376714,0.00992343684905,0.00956834093743,0.267746740443
C002666,1,0.018293212448,0.0241287646579,0.00625314338102,0.00226459715614,0.00507084538163,0.095907873639,0.00566927586158,0.842412287475
C002667,4,0.0140994525912,0.702233719745,0.0186049732177,0.0166365758944,0.0186049732177,0.0178897839907,0.0163526561451,0.195577865198
C002668,2,0.210718596963,0.0237666808879,0.0237666808879,0.00847245063358,0.0501660882059,0.35688427958,0.0220252893169,0.304199933525
C002669,2,0.00520698696579,0.00598579317281,0.0163955526046,0.0125665566213,0.00322619932079,0.0239718735336,0.0036249115502,0.929022126231
C002671,0,0.00524417770294,0.0270371513875,0.00811254616099,0.00599799547031,0.00437491482554,0.0061438050177,0.00763762106339,0.935451788372
C002674,4,0.188486916908,0.699928551872,0.00994742183325,0.0069261609764,0.00403928928955,0.00972650582068,0.0190144161284,0.0619307371721
C002677,3,0.638159236299,0.117175840553,0.0322944043644,0.0204496481344,0.0148527429113,0.0220465381904,0.0309937045611,0.124027884986
C002678,0,0.0079144911704,0.0110038124825,0.0110038124825,0.839278872048,0.00381690766673,0.0110038124825,0.013593463648,0.102384828019
C002679,2,0.0321894044153,0.0340958447258,0.0307893689502,0.0206590161614,0.132960043007,0.470572827908,0.0396719229085,0.239061571924
C002680,4,0.648385474496,0.235196903326,0.0374398463795,0.00414811633727,0.0047734356205,0.00458994114879,0.00650585230268,0.0589604303893
C002681,4,0.00262659262315,0.00340538687879,0.0128935466601,0.0016606714311,0.0174822880553,0.0193979720446,0.00634832866362,0.936185213643
C002682,2,0.040030965546,0.0199462470689,0.0481901327309,0.335412739025,0.0923519409696,0.0350808230802,0.0201426996416,0.408844451937
C002683,2,0.00537519939792,0.0059165402572,0.00179018281088,0.0160019641705,0.0059165402572,0.00477634229341,0.0115181286611,0.948705102152
C002684,3,0.0433519805651,0.0242067251602,0.000863235350151,0.298463770405,0.00235248655702,0.599062140298,0.00345619675442,0.0282434649098
C002685,2,0.708822220423,0.0159307799789,0.0176379965739,0.0176379965739,0.0176379965739,0.0567942979453,0.0301845713776,0.135354140553
C002686,4,0.00593600138506,0.425818513625,0.00638338114235,0.0830919946122,0.00638338114235,0.382000759862,0.00513103867722,0.085254929554
C002687,2,0.560309315842,0.00711325023275,0.00711325023275,0.00595834753087,0.00597965805341,0.360992840441,0.0107552191793,0.0417781184877
C002688,2,0.00350517791475,0.0037469879557,0.0037469879557,0.708942469163,0.0037469879557,0.00308676354387,0.246964903713,0.0262597217983
C002689,0,0.014364139275,0.368764483126,0.0174366784311,0.0155418850623,0.474757133844,0.0174366784311,0.0186797550157,0.073019246815
C002690,4,0.0579917070508,0.32500223904,0.0993170847267,0.045704077796,0.0397682451351,0.0260985407805,0.173203444787,0.232914660684
C002691,4,0.0103114989976,0.769958252051,0.00978007392731,0.0413553154959,0.0464291233907,0.0348496777819,0.0104457582103,0.0768703001453
C002692,1,0.0667360118472,0.0231257394947,0.0485628501716,0.0221703872942,0.0231257394947,0.196912588359,0.0340040864628,0.585362596876
C002693,0,0.0224606800379,0.251635240531,0.0158089972262,0.00691242101943,0.0207381385296,0.0158089972262,0.0157369813601,0.65089854407
C002694,0,0.00395906593235,0.024675689753,0.00499353890944,0.00445090549162,0.00315012258111,0.896092715705,0.00833596960668,0.0543419920208
C002695,3,0.011762347187,0.0110243128044,0.0110243128044,0.00621767557494,0.190752800629,0.695415327926,0.0164324499602,0.0573707731139
C002696,0,0.00776082594625,0.837642433579,0.0107901659858,0.0260542425089,0.0107901659858,0.0107901659858,0.0154223867834,0.0807496132252
C002697,1,0.00450528881448,0.00578277328025,0.220950046126,0.721717751156,0.00578277328025,0.00422411074135,0.00724739193795,0.0297898646633
C002698,0,0.0201429294269,0.0250572408332,0.14648618394,0.0249621936308,0.0280054666168,0.0280054666168,0.0284886613291,0.698851857606
C002699,0,0.52138601241,0.0060492785625,0.00522107255388,0.353831665393,0.0764407220223,0.0060492785625,0.00700720866578,0.0240147618304
C002700,1,0.0520844324919,0.023711219144,0.022525069631,0.0137212366712,0.023711219144,0.133898929709,0.0999239268962,0.630423966313
C002701,1,0.00849023014004,0.022661286503,0.133051786721,0.0215597657865,0.022661286503,0.0135865810332,0.0367473987753,0.741241664538
C002702,3,0.00526863534669,0.00581905032191,0.0010820654614,0.0947258276934,0.0272053349508,0.0107692765408,0.00765030237578,0.847479507309
C002703,0,0.0127101069717,0.0175853368255,0.101638182694,0.0156743891793,0.0584252169141,0.0175853368255,0.0475049142115,0.728876516378
C002704,1,0.00684673767685,0.0366310544723,0.010007770949,0.00489549156843,0.0469433315239,0.00944350047032,0.0486527744208,0.836579338919
C002705,1,0.805983476833,0.010206036664,0.00969548149831,0.00978441297546,0.010206036664,0.010206036664,0.0130398881561,0.130878630545
C002706,2,0.00278439983082,0.0170699444126,0.00779546471672,0.00972991771421,0.00859789660732,0.0284443281298,0.00641803395189,0.919160014637
C002707,4,0.727357137184,0.0153619095714,0.0153619095714,0.102442410898,0.0153619095714,0.0147713861611,0.0156569000065,0.0936864370365
C002708,3,0.00477563235661,0.0094932831659,0.0130279306376,0.454999737677,0.24812920556,0.0153204689367,0.162829793394,0.0914239482714
C002709,1,0.0953611810257,0.0129036212078,0.00742786616368,0.0120450950727,0.0123549250596,0.00544273739746,0.00308650630935,0.851378067764
C002711,0,0.0252373657739,0.013042619751,0.00414054437194,0.003641331403,0.0148688530012,0.00493572031207,0.00694095098452,0.927192614402
C002713,2,0.265961852021,0.159104544169,0.00728622104216,0.362942738615,0.00338365027871,0.064477379787,0.00736241187552,0.129481202212
C002714,4,0.43346424204,0.288162101275,0.00881117049666,0.0108322370039,0.0307618968307,0.0351340437159,0.129781240512,0.0630530681255
C002715,1,0.310666333948,0.282700669834,0.0581809483914,0.0307939632675,0.0126875398355,0.00979877447469,0.133112910806,0.162058859442
C002716,0,0.0191565479221,0.0266340635941,0.389157663476,0.0237398170046,0.170380240797,0.0315885021976,0.0294977629441,0.309845402064
C002718,1,0.029574684365,0.00864845650003,0.197389532529,0.0173377742836,0.0312046773882,0.555548547176,0.0192341787289,0.141062149029
C002719,0,0.208480176058,0.00940260694969,0.00887169296518,0.0166705988755,0.619084045295,0.0108809212482,0.0414198435942,0.0851901150148
C002720,2,0.00853538806311,0.710659379212,0.113275129918,0.0095998953753,0.0095998953753,0.0074179022232,0.0153108219272,0.125601587906
C002721,2,0.0136738076855,0.0150046170562,0.0150046170562,0.315335862555,0.248962348347,0.0123607829719,0.164174211738,0.215483752589
C002722,3,0.00321778053064,0.0115718083806,0.0115718083806,0.00750263768208,0.805403518627,0.0581781159425,0.00795210827498,0.0946022221811
C002725,1,0.00770718984213,0.295273527825,0.00864620019065,0.147843426435,0.413752114736,0.00910150116476,0.0125376600628,0.105138379742
C002729,2,0.58349963499,0.0195577744795,0.0124980400058,0.0195577744795,0.0195577744795,0.0161116678186,0.00785663975976,0.321360693988
C002731,1,0.0176361728,0.018375814356,0.0220601895165,0.0160168945412,0.0231414848423,0.0232218588688,0.0272447972557,0.85230278782
C002732,4,0.00873878212231,0.0244601003433,0.0106922189233,0.452426157557,0.0515094592348,0.00459663107109,0.374198755729,0.0733778950194
C002733,1,0.00343031206618,0.00445914861533,0.00423608050036,0.161176934878,0.0190247648296,0.78004404728,0.00527022095189,0.0223584908788
C002734,0,0.141257628699,0.00244084398583,0.00488072099769,0.00435034717576,0.0611664898054,0.760018413416,0.00561601989428,0.0202695360264
C002736,4,0.00320218890489,0.00344352889155,0.891743621694,0.00307920517156,0.00344352889155,0.0124261644831,0.0066940709444,0.0759676910186
C002737,4,0.0813706400052,0.0133441084578,0.232052806146,0.00315007664052,0.556539430042,0.013047757576,0.0117536569263,0.0887415242066
C002738,4,0.144921943368,0.731389139958,0.00635446409882,0.00552203034429,0.0606294436293,0.0061101936979,0.00535187986676,0.0397209050371
C002739,4,0.0180407178962,0.0194003961493,0.0194003961493,0.014964987563,0.644585195395,0.0186546302638,0.0198862449291,0.245067431654
C002740,1,0.0119015818414,0.55610797877,0.0227423370871,0.0229509404072,0.0239399277051,0.0318937624566,0.0309796315661,0.299483840166
C002741,3,0.00975582643188,0.0265265097434,0.0933309193396,0.127325468157,0.0198945384075,0.0391571999978,0.0362704210532,0.64773911687
C002742,0,0.164194463021,0.0243488479241,0.0243488479241,0.180062182359,0.0243488479241,0.158422738274,0.294110945883,0.13016312669
C002744,3,0.0811966078607,0.0123779766172,0.138833214705,0.0190067404588,0.0300693237393,0.36421499475,0.193295107298,0.16100603457
C002746,0,0.0134568637879,0.0187095800017,0.0187095800017,0.093008411171,0.0187095800017,0.0187095800017,0.654405118906,0.164291286128
C002747,0,0.744500920922,0.0153977180419,0.0106836887798,0.00952272324763,0.0106836887798,0.0106836887798,0.0177123117817,0.180815259667
C002749,0,0.0144546785695,0.0200971741162,0.0200971741162,0.702542981363,0.0200971741162,0.0200971741162,0.0160812032419,0.186532440361
C002751,3,0.00572612768546,0.0070934971175,0.0070934971175,0.0249860729525,0.0070934971175,0.0159877327422,0.00755795409038,0.924461621177
C002753,4,0.0100905553907,0.010724137736,0.010724137736,0.454556890388,0.010724137736,0.44166965433,0.00877601285498,0.0527344738285
C002755,4,0.00788087576,0.240816403205,0.00837571311567,0.528174534843,0.0232917520904,0.00818970218993,0.141525817588,0.0417452012076
C002756,1,0.0852346713993,0.0102169876853,0.0348860005214,0.0828612873298,0.163535667404,0.0531561556825,0.0193367982251,0.550772431753
C002757,3,0.00607759322344,0.214288650653,0.00833106362164,0.572120511898,0.139158897115,0.00832712368009,0.0122290135589,0.0394671462498
C002758,3,0.028542394426,0.0310290320071,0.0310290320071,0.0295357802939,0.0310290320071,0.0306042354802,0.0347972917589,0.78343320202
C002760,1,0.00165865541299,0.0061167640293,0.00581077399859,0.00581944011986,0.130574412365,0.742531077899,0.0191504437867,0.0883384323891
C002762,4,0.43543934348,0.0140142230818,0.101880888861,0.0121783621571,0.0140142230818,0.0134755057584,0.346654853182,0.0623426003975
C002764,4,0.00988484645602,0.0101293550341,0.0699741641329,0.0100167731954,0.324039251725,0.524387518154,0.00884055304578,0.0427275382565
C002766,2,0.656256540544,0.111047106209,0.0199317414969,0.0176065974833,0.0242848862018,0.0248820154944,0.0961998143843,0.0497912981861
C002767,0,0.00266446647165,0.00370450718672,0.485122240728,0.00512321349849,0.00370450718672,0.00370450718672,0.48020413269,0.0157724250516
C002768,0,0.0161747623198,0.0212662663955,0.0212662663955,0.0189553227886,0.0161861877186,0.0212662663955,0.248487721173,0.636397206814
C002769,4,0.00754095446562,0.00752202842107,0.70095419581,0.00308828030029,0.0190458812464,0.0103058197522,0.0152747166699,0.236268123335
C002770,0,0.0285439758841,0.00631840256605,0.00434061940372,0.0129178059275,0.0221617095257,0.0567402908812,0.00684240212842,0.862134793683
C002771,0,0.246509630252,0.00998402418061,0.452030125133,0.00889908917501,0.00998402418061,0.178566938769,0.0137464119147,0.0802797563956
C002772,4,0.0105929591706,0.814763261276,0.0112580872686,0.0100669869866,0.0343078873815,0.0110080635146,0.0121653828529,0.0958373715491
C002773,1,0.00138471825056,0.00528895425822,0.496708692472,0.292084139246,0.130141885749,0.00528895425822,0.00654524349785,0.0625574122674
C002775,3,0.00997388165961,0.583234764938,0.134932615254,0.010315434928,0.01279306082,0.0482603053693,0.0169055271759,0.183584409855
C002778,3,0.0180033619556,0.110431944193,0.0225101144055,0.54497931357,0.0458481382695,0.0141384143423,0.0283426727614,0.215746040502
C002779,4,0.371622180789,0.00463276270936,0.00874910207869,0.400917007387,0.00874910207869,0.0727567877327,0.0817243711248,0.0508486861002
C002780,2,0.00571717993305,0.823094266586,0.00568680598525,0.00568680598525,0.00568680598525,0.00468478297871,0.00766499290908,0.141778359638
C002783,2,0.827267936316,0.0225268724619,0.0105587818897,0.0105587818897,0.0137409189439,0.00564941848155,0.0133260634776,0.0963712265392
C002785,3,0.00576443465096,0.00923890464849,0.00923890464849,0.00936559866137,0.00798584598956,0.0125625700861,0.0105877709329,0.935255970382
C002786,3,0.00476474950286,0.866524778444,0.00611153533424,0.00515404870728,0.00611153533424,0.00602786662735,0.00735597783501,0.0979495082146
C002788,3,0.0240964673044,0.0105642747574,0.0105642747574,0.00877670616702,0.180793734648,0.646442563232,0.0167172735622,0.102044705571
C002789,0,0.00164632500457,0.0155231118556,0.00541582861698,0.0065693500167,0.0513891521777,0.0109049029551,0.0118550481222,0.896696281251
C002790,2,0.0105528302976,0.60471224454,0.0112808333801,0.0112808333801,0.132099062601,0.0243347298481,0.0135650833203,0.192174382633
C002793,3,0.011550592629,0.0247764333132,0.0247764333132,0.0208415231508,0.116430860233,0.580468763085,0.0332122476331,0.187943146643
C002794,2,0.0136063798932,0.019982386636,0.0249556042603,0.0209295465698,0.0201445161171,0.650453499071,0.0298595398882,0.220068527565
C002795,3,0.506873078305,0.0151932978923,0.0151932978923,0.0126224577049,0.0151932978923,0.11612675968,0.0252469496306,0.293550861002
C002796,4,0.00741786483722,0.00797692848213,0.00797692848213,0.00713297324022,0.826986121858,0.00767028932449,0.00886547771236,0.125973416063
C002797,2,0.00550250398939,0.00374713852215,0.00364440709722,0.00768389453674,0.0141554447395,0.00949008819497,0.0043363345608,0.951440188359
C002798,4,0.0195938489073,0.0129299597307,0.601384933842,0.088408885386,0.0939177308415,0.0183357713203,0.02829830096,0.137130569012
C002800,0,0.0666058069672,0.0105791452894,0.606441271184,0.01580033006,0.0105791452894,0.0105791452894,0.0110490688805,0.26836608704
C002801,1,0.00848931162006,0.492060557392,0.0134826313917,0.0520966484915,0.11366325622,0.180969699982,0.0144284070852,0.124809487818
C002802,0,0.00559582488169,0.00667930838833,0.0272086224215,0.481218478079,0.00778008419712,0.00778008419712,0.43773055721,0.0260070406253
C002804,4,0.0429307405834,0.0336969309417,0.454132366716,0.0292826385162,0.0336969309417,0.0281342060029,0.0307592909364,0.347366895361
C002805,2,0.242805234812,0.0131204014918,0.0131204014918,0.018126364956,0.0274974771405,0.0803677965549,0.0226677998636,0.58229452369
C002808,0,0.0181333022666,0.0475302904855,0.0113573056994,0.035040733132,0.0113573056994,0.0196814333732,0.0155513346911,0.841348294653
C002809,3,0.0151805616151,0.0197677191488,0.0202358242443,0.711501670941,0.0173333158576,0.0197583705636,0.0165259392645,0.179696598365
C002810,4,0.147152613494,0.0146084922454,0.0146084922454,0.21177770092,0.0140278730176,0.0142840614622,0.449402090343,0.134138676271
C002812,0,0.366753726763,0.00564786087704,0.0549423802826,0.00503412418516,0.00564786087704,0.527840140626,0.00808832129428,0.0260455850957
C002813,2,0.00366097127112,0.00426708582523,0.00426708582523,0.905117174057,0.00426708582523,0.00360942213057,0.00474647499624,0.0700647000695
C002814,1,0.00503290345495,0.0471614883781,0.00629540236952,0.00630479125995,0.872524218229,0.00662691248588,0.00752235436285,0.0485319294597
C002816,0,0.0278965398087,0.0346614596671,0.277953088777,0.0308948991843,0.127118043015,0.320159240283,0.0284805855478,0.152836143718
C002817,2,0.0129519665462,0.289183410107,0.0130180802073,0.0130180802073,0.559836208465,0.0107242766377,0.0156383688962,0.0856296089339
C002820,0,0.325863095092,0.0091788568351,0.0091788568351,0.00851034643544,0.0091788568351,0.596200776358,0.0111284645023,0.0307607471072
C002821,2,0.622613872618,0.0133416109522,0.00640381172583,0.162704933963,0.00640381172583,0.108467056433,0.00554708392268,0.074517818659
C002822,0,0.770280046085,0.0121761029133,0.0156393508295,0.0139398678482,0.0156393508295,0.0156393508295,0.01707539037,0.139610540295
C002825,1,0.0221216591001,0.0283684052356,0.422909316697,0.181650204841,0.0378089558751,0.10005658323,0.018444811057,0.188640063964
C002826,0,0.00866678717606,0.0120497576986,0.0120497576986,0.560655890407,0.0120497576986,0.152557995623,0.147526495561,0.0944435581366
C002829,1,0.0113001255772,0.00688041177651,0.00653622040331,0.207690553413,0.00688041177651,0.705431234788,0.00922807048404,0.0460529717817
C002833,2,0.00916191032794,0.846987610689,0.0113129648892,0.0105777301512,0.0169348916505,0.00663862723882,0.0167867354636,0.0815995295898
C002834,0,0.00670447544372,0.0052302724946,0.0093214824539,0.00830854393978,0.144767047707,0.0093214824539,0.773546441783,0.0428002537239
C002835,3,0.0188571744418,0.0231719143519,0.0129451622457,0.0543949031857,0.0711091334333,0.0126245806031,0.0176739240868,0.789223207652
C002836,0,0.0128901725185,0.0107076506412,0.63145063397,0.00954408124292,0.0107076506412,0.0107076506412,0.275215929873,0.0387762304715
C002838,3,0.00394455855524,0.00261597789788,0.0076276628241,0.00640526737119,0.0311866424913,0.874235213057,0.00945813903412,0.0645265387695
C002839,1,0.010462517007,0.0123774665496,0.702801478766,0.00336016705373,0.0123774665496,0.0305345881033,0.11457151308,0.11351480289
C002840,4,0.00651924773659,0.0233184460081,0.0066805058807,0.00356339993092,0.00520782974416,0.00902200082685,0.00769536212562,0.937993207747
C002842,0,0.0229637256867,0.031927324943,0.031927324943,0.0284578749658,0.031927324943,0.116997173504,0.0246669303209,0.711132320693
C002843,4,0.143770820275,0.0762628072979,0.00945745202657,0.0584679327288,0.00945745202657,0.515045499542,0.126147450103,0.0613905860013
C002844,0,0.146937146313,0.0135310786004,0.0135310786004,0.0120606954592,0.663364646056,0.0135310786004,0.0173034796323,0.119740796738
C002845,1,0.0195388043782,0.0183565902863,0.474179666313,0.0165702009374,0.0183565902863,0.0175661023833,0.022138215863,0.413293829552
C002846,0,0.0245591156796,0.0288711507432,0.0288711507432,0.0291035544293,0.0210774061748,0.0288711507432,0.0287650795438,0.809881391943
C002847,3,0.0367703451643,0.0178452510634,0.0178452510634,0.014825676978,0.059066322228,0.247981781234,0.0342376095254,0.571427762743
C002849,1,0.0126233275765,0.0151647748364,0.444535053897,0.0144276448575,0.0129378496121,0.307218029793,0.0208647359353,0.172228583493
C002851,4,0.027298891746,0.0293563325671,0.0293563325671,0.0262504465348,0.0420421994868,0.0287043763071,0.037327730644,0.779663690147
C002852,1,0.0114265639779,0.00638529887505,0.0894245522524,0.5807184989,0.0114095669413,0.13104887888,0.0174935662203,0.152093073953
C002853,0,0.0100189268698,0.0139296879835,0.584329558855,0.214829436903,0.00675867818434,0.0139296879835,0.0154568739044,0.140747149317
C002855,2,0.0181428734183,0.770812895289,0.00921465775135,0.103120257316,0.00921465775135,0.00795857000947,0.0111531615282,0.0703829269364
C002856,3,0.0116334759383,0.0159469751627,0.0122977653983,0.0134143299739,0.0811476257784,0.128403498642,0.336606984272,0.400549344835
C002857,4,0.00970369510135,0.172194945872,0.0103129866281,0.041903840609,0.603706994162,0.0603596597215,0.0104037084766,0.0914141694299
C002859,1,0.103089257813,0.659921415758,0.00581694822975,0.0058256235592,0.00612326338981,0.0922474272422,0.0801940433716,0.0467820206363
C002860,0,0.254752707535,0.0984957414631,0.0333522219746,0.0561089778961,0.00636942424339,0.417700249534,0.0160782817638,0.117142395589
C002861,1,0.00577608000588,0.0220895641655,0.00848616557282,0.0177718773849,0.00815505038826,0.00463320838255,0.0106998327541,0.922388221346
C002862,2,0.0123765269741,0.237181834141,0.00841099663535,0.0142891119707,0.571730254461,0.0218423876215,0.0147477848168,0.11942110338
C002863,1,0.0212249085749,0.0189829060764,0.0226293239322,0.022836890643,0.023820963381,0.023820963381,0.0289444188889,0.837739625123
C002865,4,0.0141736458501,0.00889846327606,0.025064613383,0.0325313976932,0.154432645828,0.318667418367,0.0120076351897,0.434224180413
C002866,2,0.00650397478819,0.709848325383,0.0178576968757,0.0128102480746,0.167985941345,0.0107651724518,0.0136871462003,0.0605414948813
C002869,2,0.0305988001957,0.0203249637526,0.0331787278863,0.103929466102,0.0226755483722,0.0714549796785,0.102951467067,0.614886046946
C002870,0,0.0975088710432,0.00206510838598,0.00206510838598,0.00184069903582,0.00206510838598,0.00206510838598,0.86760156587,0.0247884305066
C002871,0,0.00328164147051,0.00440488356445,0.788144515007,0.0917233744952,0.00440488356445,0.0670993172244,0.00555957225612,0.0353818124178
C002876,0,0.0124327776753,0.0172857548553,0.168791392035,0.0154073619146,0.0172857548553,0.0172857548553,0.016218142737,0.735293061072
C002877,0,0.00505230112152,0.256504180741,0.00702440282634,0.504380153691,0.188309831473,0.00702440282634,0.00658677932047,0.0251179480006
C002878,2,0.0101972313286,0.0132491437386,0.00489735257837,0.0109928024009,0.0135305190161,0.00399319799698,0.00314328522841,0.939996467712
C002879,1,0.0436285868553,0.00631469293285,0.050211680511,0.00600774808739,0.0284740820872,0.10658841073,0.703315981832,0.0554588169641
C002880,2,0.0608663825784,0.0246359085915,0.259374756683,0.0246359085915,0.0246359085915,0.0207029405637,0.0620551769236,0.523093017476
C002881,0,0.00511414471933,0.0103884346301,0.55356278691,0.0509360135311,0.0123813531771,0.022593992776,0.280731964297,0.0642913099591
C002883,1,0.0097146576747,0.126367211224,0.0498839488622,0.654122901589,0.0456472692876,0.0127914605986,0.0149914772762,0.0864810734881
C002884,2,0.00296483417327,0.0132970640552,0.0607336280959,0.00349715746067,0.0519067257567,0.826780006236,0.00364848437209,0.0371720998501
C002885,1,0.0106243077694,0.011923784992,0.820218083895,0.0114311990476,0.011923784992,0.011923784992,0.0146705892595,0.107284465052
C002886,4,0.0107720768036,0.00964222870163,0.00551097855264,0.0223593310892,0.0333041149855,0.0147683417021,0.0133587868229,0.890284141343
C002887,4,0.599704179434,0.00525344865656,0.0101725108219,0.276686836733,0.0101725108219,0.00978147182032,0.0110202955584,0.0772087461543
C002888,3,0.0404389481979,0.0845380028579,0.00578539271874,0.0134696129678,0.0117542288366,0.0162359380457,0.0189451513044,0.808832725071
C002889,0,0.00252691636313,0.00670353623657,0.00670353623657,0.0262199958574,0.80605765256,0.104126951814,0.00756885677056,0.040092554162
C002890,1,0.0349512715058,0.00296425625579,0.00137540028522,0.0576046077852,0.00296425625579,0.869687352441,0.00327501394432,0.0271778415269
C002891,4,0.269729341036,0.0295098622129,0.606530153377,0.00716749963181,0.00824798421033,0.00793092546572,0.013583089566,0.0573011445005
C002892,2,0.00804507638599,0.126856200372,0.00935412731799,0.0269371574338,0.0110993723181,0.00704100112583,0.0123972000371,0.79826986501
C002893,4,0.0629069154256,0.02512249748,0.0185482604684,0.0154102730725,0.156843655214,0.406193228093,0.0237797669217,0.291195403324
C002894,1,0.0277753961171,0.0319781151293,0.0303784156176,0.0304237216361,0.0319781151293,0.0319781151293,0.0389623656952,0.776525755546
C002895,0,0.829246378811,0.00311877546015,0.00311877546015,0.00277986715924,0.00311877546015,0.00311877546015,0.00330420897751,0.152194443212
C002896,1,0.0146735809358,0.698686549819,0.0181203543215,0.0181473788088,0.0919552263183,0.019074555565,0.0258510051218,0.11349134911
C002898,0,0.00716565266236,0.239189181519,0.0099626743544,0.573041398577,0.00738480950519,0.108853868107,0.0103121170396,0.044090298235
C002899,3,0.01275133896,0.0163555835551,0.0231806018659,0.0135880743685,0.0163555835551,0.0163478486432,0.146557729903,0.754863239149
C002900,3,0.00798126998966,0.0109405920437,0.00924040710819,0.00908934724493,0.305460708548,0.570081336823,0.016081665936,0.0711246723067
C002901,3,0.0173661095354,0.0102345834249,0.0102345834249,0.00863114399013,0.0102345834249,0.806481749798,0.017142328122,0.11967491828
C002902,1,0.00940420174186,0.0116727034227,0.455415190656,0.0111904899608,0.413654285565,0.0116727034227,0.0188250080907,0.0681654171404
C002903,3,0.0946113416346,0.0129601570461,0.0919887512688,0.0109018683077,0.0129601570461,0.0748367564721,0.0186072974933,0.683133670731
C002904,3,0.007480045104,0.0130533540528,0.010778571423,0.0989296491865,0.218194164762,0.0143922640737,0.0141917741567,0.622980177241
C002906,2,0.0350934519244,0.00435281449599,0.00493367096209,0.003688907391,0.00286815504811,0.00425732291435,0.00501560871019,0.939790068554
C002907,2,0.0167869270268,0.0193810654986,0.0193810654986,0.0550400876552,0.0463184385101,0.0703229612395,0.0795917415222,0.693177713049
C002908,0,0.00192220638105,0.14936394508,0.0700221663259,0.00238210077915,0.755399100261,0.00338686380545,0.00293197824835,0.0145916391196
C002909,3,0.0210930650355,0.0254639120747,0.0997114266495,0.0214745126933,0.0254639120747,0.0254518696357,0.0330403050981,0.748300996738
C002910,3,0.00580268927992,0.00711169658932,0.00711169658932,0.00599751594454,0.00711169658932,0.00701433538221,0.728427004263,0.231423365362
C002912,1,0.00158097482617,0.00494527229165,0.891194748716,0.00465650448284,0.00489441226927,0.0563096992047,0.00588412112908,0.0305342670799
C002913,4,0.0126523836716,0.0826864188949,0.00699788216844,0.00684101975321,0.00699788216844,0.0068424706205,0.00590799361801,0.871073949105
C002914,4,0.1558500866,0.203553041052,0.0101293515758,0.0053173763617,0.0374365892203,0.00488898868722,0.477755282356,0.105069284146
C002916,4,0.0116454551942,0.023055441806,0.124378310699,0.0270880250206,0.0179612956186,0.112104667571,0.490166279217,0.193600524873
C002918,2,0.00965058372896,0.011240303455,0.0111419198435,0.0185572665651,0.0111419198435,0.00917869830062,0.843321160819,0.0857681474444
C002919,3,0.0149027886943,0.0075214226547,0.0148220326789,0.0125786322757,0.0148220326789,0.080866942752,0.162769974219,0.691716174047
C002920,2,0.0108331704883,0.0862401039796,0.00788773657702,0.00788773657702,0.812800311041,0.00662850898838,0.00994256753737,0.0577798648111
C002924,2,0.0107294489675,0.0133156752856,0.580155734677,0.0133156752856,0.0148796252545,0.231057360414,0.0175828799396,0.118963600177
C002925,4,0.0269470189726,0.0441090063704,0.00860743357331,0.0074798611872,0.00860743357331,0.683217610096,0.010434858234,0.210596777993
C002926,2,0.0106129406324,0.00530346975855,0.0041175518939,0.00484637049022,0.00955751050049,0.0291777914899,0.0040729013737,0.932311463861
C002927,3,0.00145946531848,0.667685747925,0.00565991803838,0.00470220991908,0.253535970887,0.00247580842176,0.00671968885093,0.0577611906386
C002928,1,0.00924826191889,0.011870626749,0.00622615037965,0.0113802368357,0.011870626749,0.815828935131,0.0143842479108,0.119190914325
C002930,1,0.642534996723,0.00421794551435,0.0288588653831,0.102151792174,0.0405516824278,0.00962205358948,0.0130268672785,0.15903579691
C002931,3,0.107833686892,0.0761142938632,0.324364168481,0.00992164996079,0.237988213094,0.0117789163442,0.0161455414424,0.215853529922
C002932,0,0.00850251635344,0.0118213658425,0.0118213658425,0.835854456081,0.0130188164285,0.0118213658425,0.014845389708,0.0923147239012
C002933,0,0.359949546126,0.013910581069,0.0142420954332,0.0334314124722,0.157644238949,0.0266304765893,0.0306368822421,0.36355476712
C002934,0,0.0122957360549,0.0304443357892,0.00895513363839,0.00798200518954,0.00171908259356,0.00668721909648,0.0122133559899,0.919703131648
C002935,0,0.00279395370984,0.00388453812708,0.61550192739,0.00346241661391,0.286741496163,0.0579267439352,0.00616065049178,0.0235282735688
C002937,2,0.00947900722874,0.302039143872,0.00974389757178,0.0260147003163,0.508490586973,0.00802700946875,0.00841374428807,0.127791910281
C002939,2,0.020329174154,0.0225693621128,0.00991598053341,0.00991598053341,0.813249298622,0.00833295653987,0.0128324831342,0.10285476437
C002940,2,0.00455200608928,0.00511971826959,0.00254671336399,0.470345705606,0.470872441427,0.00421761689556,0.00455651721701,0.0377892811313
C002941,2,0.00535050826924,0.135287257536,0.00537782008241,0.00537782008241,0.00537782008241,0.77557321624,0.0489804171067,0.0186751406013
C002942,0,0.0471662851278,0.00904864681373,0.00904864681373,0.228922466299,0.00904864681373,0.391028887525,0.250584063418,0.0551523571888
C002943,4,0.0289773244387,0.0311612640191,0.0311612640191,0.0278644170971,0.0203807138829,0.0317228043105,0.0331256353565,0.795606576876
C002948,3,0.0616237315557,0.00622028819026,0.0108666801651,0.593655644474,0.00496826120333,0.0107179121342,0.271078086517,0.0408693957603
C002949,1,0.0768842728364,0.475264077106,0.0138465076006,0.120440712376,0.104011263176,0.00825193408413,0.0175738372601,0.183727395561
C002951,4,0.0155251430013,0.0303428956179,0.0318117866129,0.0276444477851,0.180794599982,0.013711035603,0.0393747831652,0.660795308233
C002953,0,0.00647684205927,0.882600767805,0.00900499526307,0.00289101340361,0.00359914829303,0.00900499526307,0.00865360717085,0.0777686307424
C002955,3,0.0226333101466,0.02903075484,0.023316954637,0.017384634801,0.165747014003,0.0290170255634,0.0400917447716,0.672778561237
C002956,0,0.0603212202542,0.00512060649024,0.0126678116755,0.446713984155,0.440054154867,0.00503729718307,0.00486659524648,0.0252183301278
C002957,4,0.0108914277198,0.0117122840461,0.319269192596,0.010473129961,0.0117122840461,0.0114521733227,0.529224041045,0.0952654672637
C002958,3,0.591049454192,0.012419092784,0.012419092784,0.0104734089895,0.00898375391149,0.275530050444,0.0191690316801,0.0699561152142
C002961,2,0.082247283948,0.0156352444717,0.0156352444717,0.0156352444717,0.0126441493892,0.0202892831308,0.721587023525,0.116326526592
C002962,4,0.0137205337308,0.0273871852728,0.0273871852728,0.0237994684948,0.0139672434857,0.0243035982596,0.0345180917822,0.834916693701
C002964,2,0.00360680453871,0.904019616815,0.00447618868418,0.00793988805295,0.00447618868418,0.0038660210699,0.00785389871748,0.0637613934372
C002965,3,0.0517621751325,0.643794304649,0.0194829119918,0.0176092952203,0.017771311742,0.0789391738186,0.0269999052468,0.143640922199
C002966,3,0.00464208379313,0.00595419740517,0.0935620998864,0.00222369537051,0.00595419740517,0.136548584803,0.676498169981,0.074616971356
C002967,1,0.0288992929273,0.00312347000672,0.00903881688064,0.00297566632655,0.189913102154,0.00951479268964,0.689139518148,0.0673953408671
C002970,1,0.007125253767,0.00785154444795,0.0299020965749,0.375741151104,0.00785154444795,0.00785154444795,0.500568118877,0.0631087463338
C002971,3,0.00444790264817,0.00570512976206,0.0061000597919,0.00300681217974,0.00570512976206,0.0783670141436,0.00578035667427,0.890887595038
C002972,1,0.010305002608,0.00454344698759,0.539775122009,0.115237688307,0.00572850693231,0.0125061259321,0.0457654412832,0.266138665941
C002973,3,0.0592141936152,0.382472979358,0.0171093774321,0.0642158153342,0.0141596205146,0.0171012860347,0.0158998706546,0.429826857057
C002974,2,0.0585607319541,0.0112531120911,0.0119009659717,0.529360916229,0.0340424804962,0.124839372763,0.0134355262086,0.216606894287
C002975,1,0.00410250796962,0.604218616281,0.00472973036242,0.00473678422769,0.00497879362649,0.00910577030557,0.291356038371,0.0767717588562
C002977,4,0.0165046543238,0.016912908471,0.016912908471,0.0147958759984,0.545560587644,0.0879190988188,0.0253181243027,0.27607584197
C002979,0,0.0244217012828,0.30232110224,0.0334480287643,0.029813328305,0.16070787032,0.0334480287643,0.0363811457796,0.379458794544
C002985,0,0.00319478226782,0.793743221394,0.00599086886417,0.0103372045279,0.00295504028952,0.00575042030918,0.0106233370134,0.167405125334
C002986,0,0.704915978617,0.178083614218,0.0125597317885,0.0111146734901,0.0115971842972,0.0124697220921,0.0155883630118,0.0536707324846
C002987,4,0.586364536742,0.00769697327219,0.0295236992465,0.319640775743,0.00769697327219,0.0075260360512,0.00686837625241,0.0346826294203
C002988,2,0.0067080945042,0.0073609627638,0.0073609627638,0.0073609627638,0.075017904801,0.759672776932,0.013929279761,0.122589055711
C002989,1,0.00344669764687,0.0134601606397,0.00457601304015,0.0558799280854,0.00439746509769,0.00439746509769,0.00426961733186,0.909572653061
C002990,2,0.0148116787937,0.00873518434216,0.0395328431602,0.0487299183889,0.013918540946,0.0117263418412,0.0082507125274,0.85429478
C002994,2,0.0143140126429,0.0165260036061,0.0136371656402,0.0165260036061,0.0165260036061,0.646716018927,0.0159617076395,0.259793084333
C002996,1,0.00383500076312,0.00430406625413,0.00408875610664,0.00412626008417,0.00430406625413,0.00430406625413,0.818136977185,0.156900807099
C002998,2,0.530174344514,0.0232166866039,0.0232166866039,0.0232166866039,0.123939940418,0.0191258746133,0.0345887418153,0.222521038828
C002999,0,0.0213076212077,0.0296247810718,0.0296247810718,0.0264055418716,0.0597282249238,0.0296247810718,0.0258255154272,0.777858753354
C003000,0,0.0275934708365,0.0127148847804,0.00975763744592,0.00909020250745,0.0177042838927,0.775524510342,0.0104558509503,0.137159159245
C003001,1,0.00915536680625,0.0321893099036,0.533703150034,0.308549511945,0.00505381588925,0.0120550324766,0.014317211005,0.0849766019398
C003002,3,0.802207968188,0.0043229468632,0.00467144139952,0.00464502815985,0.0512105209191,0.00551454630303,0.0143167502908,0.113110797876
C003003,4,0.0306324022794,0.212999682076,0.00907492637758,0.00576452208345,0.00566910776213,0.00232769621671,0.0126284456145,0.72090321759
C003004,3,0.0145388611229,0.112144055115,0.0798238832985,0.0170175171808,0.167110138371,0.0199202036542,0.0237416534203,0.565703687838
C003005,2,0.0119429474424,0.505083399328,0.0137885299828,0.0137885299828,0.251152688882,0.0169306642672,0.0162780196692,0.171035220445
C003006,1,0.01300203497,0.0477844386912,0.0158539365699,0.49751110997,0.0166887903328,0.0166887903328,0.0204980212331,0.3719728779
C003007,2,0.014063917155,0.170917176361,0.558158893803,0.0154326941021,0.0154326941021,0.0135764361971,0.0199763707705,0.192441817509
C003008,4,0.469863688303,0.00653580130407,0.00653580130407,0.00584431663262,0.416888538707,0.00628456016397,0.0609811786075,0.0270661149781
C003009,2,0.806687765723,0.0131951419326,0.0131951419326,0.0283789061548,0.0169965466899,0.0113964580877,0.0146798620862,0.0954701773928
C003010,0,0.0232258664548,0.0273038125764,0.0273038125764,0.0243367863037,0.0273038125764,0.0273038125764,0.0205872288536,0.822634868082
C003011,0,0.00432115275918,0.00600785996807,0.568237551608,0.0429508318069,0.34004417144,0.00600785996807,0.0061760156836,0.0262545567668
C003013,3,0.00754556210623,0.0143979263976,0.0143979263976,0.0190526110742,0.497747857572,0.369195516662,0.0164077775535,0.0612548222372
C003014,3,0.061855529897,0.0288310333631,0.0609838614162,0.183563294965,0.048066187735,0.379802310561,0.040055443756,0.196842338307
C003015,0,0.00550354209293,0.00765177999146,0.00728733080773,0.00682028321043,0.00765177999146,0.00670491198802,0.884102499852,0.0742778720655
C003017,0,0.00569909822317,0.00465745715534,0.00465745715534,0.850150407799,0.00465745715534,0.00465745715534,0.00577950097713,0.11974116438
C003019,3,0.00662468080984,0.074880322152,0.00908100217813,0.846493079725,0.00761371833356,0.00829983584629,0.00738734426651,0.0396200166888
C003020,3,0.103083671225,0.0094380096715,0.0673179587799,0.512903641437,0.0094380096715,0.256523804735,0.00940754912078,0.0318873553587
C003023,1,0.0273120267162,0.00349166164705,0.00809802120523,0.15477096815,0.00174192998311,0.0072541108897,0.00828384841728,0.789047432992
C003024,3,0.0138152296042,0.0170537274844,0.0170537274844,0.442990903803,0.197476591957,0.220621624635,0.018789210758,0.0721989842747
C003025,1,0.00781065070396,0.0102844211371,0.785518679548,0.00978451558502,0.0102844211371,0.0846197925812,0.0141228214799,0.0775746978279
C003026,3,0.018453264572,0.0383113195584,0.510937493171,0.0152547940781,0.01419813272,0.152240958261,0.0194240253463,0.231180012293
C003027,3,0.0119610660146,0.199669582447,0.0370488409631,0.0458686317896,0.0214896510434,0.0121109468442,0.546216401414,0.125634879484
C003028,0,0.00818512112579,0.68057549507,0.00874794471452,0.00576929798295,0.00644375565209,0.0760310046011,0.0151231098002,0.199124271053
C003031,2,0.148811231022,0.0091087277899,0.0091087277899,0.0266561961499,0.0152139953764,0.0077919327591,0.009530715296,0.773778473817
C003034,0,0.00686341225147,0.0118565193464,0.380084215835,0.0105681057117,0.505421841242,0.0118565193464,0.00449255501076,0.068856831256
C003035,0,0.0197240233159,0.0212708637416,0.0177158334291,0.0244430628116,0.0274230458151,0.681107437887,0.0227895670985,0.185526165901
C003036,1,0.00587727458687,0.734659605877,0.0107743782946,0.017024055952,0.00538579199373,0.0818302567509,0.0160339133995,0.128414723146
C003037,0,0.0527229247879,0.0104591799061,0.0104591799061,0.108797544127,0.0104591799061,0.726409616986,0.0113875577341,0.069304816646
C003038,1,0.0703756220853,0.0104760396369,0.00874540184179,0.0136472849143,0.141408997459,0.0104760396369,0.0288511249624,0.716019489463
C003039,4,0.00171889585842,0.000679047083469,0.0015245262498,0.00139808668536,0.01032916606,0.00172017374713,0.00467407112847,0.977956033187
C003040,3,0.0269859309868,0.0299632343207,0.0260431103913,0.0239761635229,0.524726436917,0.0299490640542,0.0355515893265,0.302804470481
C003041,0,0.000990382195062,0.00340443149466,0.0159165512856,0.00303448177941,0.00572059571951,0.0117173837047,0.00316382862008,0.956052345201
C003042,1,0.1320967842,0.168857786238,0.00464378945747,0.531006504652,0.0180833651426,0.00520545287816,0.00607106908324,0.134035248349
C003043,4,0.695815851194,0.148470223154,0.0120633816574,0.0104830806392,0.0252377588856,0.0112662136138,0.0128741752879,0.0837893155685
C003044,1,0.0132007139098,0.00532428534402,0.0049283469381,0.00474953139333,0.0051853602297,0.00199107373994,0.00485241171187,0.959768276733
C003046,0,0.075266525339,0.0254141168914,0.0254141168914,0.0226524383785,0.0254141168914,0.0254141168914,0.0274237719626,0.773000796754
C003049,0,0.0173562809094,0.0346303447881,0.0335387692748,0.375186162997,0.0237712097276,0.0237712097276,0.295756769406,0.19598925317
C003051,2,0.0229149440954,0.0251451511476,0.0251451511476,0.123167417003,0.32017545056,0.020714541062,0.0404919958483,0.422245349137
C003054,1,0.0277753961171,0.0319781151293,0.0303784156176,0.0304237216361,0.0319781151293,0.0319781151293,0.0389623656952,0.776525755546
C003056,3,0.130126290791,0.63422385299,0.0128578747179,0.0106822087576,0.0347954505639,0.0777096299265,0.0138253601198,0.0857793321336
C003057,4,0.0534694369844,0.00314291491486,0.0039581840476,0.0154143163564,0.0175105425495,0.0132865855439,0.00413178040659,0.889086239197
C003058,2,0.00749248643639,0.36063834339,0.00800936703306,0.00800936703306,0.0515415477121,0.00659810558757,0.478162482233,0.0795483005751
C003059,1,0.0473189029037,0.00917963843601,0.00872042865883,0.171157728811,0.0841956365047,0.00778233932186,0.52318350729,0.148461818074
C003060,2,0.139961275039,0.104359677523,0.0249951956245,0.022208080032,0.0249951956245,0.447666449816,0.0315801575245,0.204233968817
C003062,3,0.0050098927378,0.00652374761339,0.00554418681856,0.67376502251,0.00652374761339,0.00652066239097,0.263804930619,0.0323078096974
C003064,2,0.0764428583734,0.0294607420409,0.0271540153138,0.0232609056835,0.311811334666,0.175331088972,0.0197899383252,0.336749116625
C003065,4,0.00578780450296,0.00726215731455,0.00726215731455,0.00631081589766,0.867580163654,0.00383901710008,0.00640203991017,0.0955558443059
C003066,2,0.00769514619167,0.00822600758045,0.00822600758045,0.256772332304,0.562481728028,0.110935474167,0.00916114051718,0.0365021636307
C003067,1,0.0146838510382,0.0175554785145,0.0166772688297,0.116040201146,0.0175554785145,0.616679880329,0.0283693349531,0.172438506675
C003069,4,0.0103234223197,0.0506433164959,0.786636730439,0.00919296101485,0.0283741096166,0.0103438419442,0.0125642029373,0.0919214152325
C003071,2,0.223058814339,0.542498282333,0.00942502048747,0.00942502048747,0.102093622373,0.00776431896362,0.0609549782109,0.0447799428054
C003072,0,0.0174926742789,0.00401303328776,0.0219147798307,0.00250181952754,0.00401303328776,0.00944685418951,0.00310234897197,0.937515456626
C003073,4,0.0282115290105,0.0313987511337,0.0313987511337,0.0280767781879,0.0313987511337,0.0301917594176,0.0295787732286,0.789744906754
C003075,2,0.00913447490713,0.00918110207962,0.52279507094,0.00918110207962,0.264693749879,0.125011717634,0.0103211396985,0.049681642782
C003076,0,0.00666526047786,0.0043325935659,0.0113250816972,0.800553550829,0.076431361583,0.0092670964428,0.00934732202358,0.0820777333809
C003079,4,0.00842159967332,0.338354320225,0.329938709038,0.00809815849006,0.177965691324,0.0721312838298,0.0082790980479,0.056811139372
C003080,0,0.668063627884,0.0115354259659,0.0115354259659,0.00679138101108,0.220720581181,0.0115354259659,0.0136767302681,0.0561414017582
C003082,1,0.0360897525686,0.021919409022,0.0206029697754,0.0201203853925,0.0135953890163,0.0211483660094,0.0333776936394,0.833146034576
C003083,2,0.0201959925688,0.032685017137,0.0174523766578,0.175257855985,0.032685017137,0.316298404487,0.030373947567,0.375051388461
C003084,4,0.0237526706949,0.00644273922049,0.00644273922049,0.166586350243,0.00644273922049,0.67732294355,0.0321335919259,0.0808762259242
C003085,2,0.212204098508,0.0086163049841,0.0086163049841,0.220162723749,0.251698517198,0.00575706203132,0.241232181426,0.0517128071194
C003086,1,0.00844481229064,0.00542443123313,0.526796465635,0.00985374425529,0.363382755343,0.0103571868038,0.0129170753822,0.0628235290571
C003091,3,0.00277945936908,0.532624009726,0.010167221079,0.0181354280391,0.0164298408559,0.249491523046,0.019839008851,0.150533509034
C003093,0,0.214248701437,0.00430035212683,0.0126698874899,0.0274213843167,0.029935949822,0.24349011197,0.0116321164228,0.456301496415
C003094,3,0.0141649208469,0.369144031186,0.0548277717589,0.00908788877987,0.0079272036336,0.477007006146,0.00918848121428,0.0586526964351
C003095,2,0.302195460135,0.0262145496303,0.0262145496303,0.0262145496303,0.0262145496303,0.0215955100668,0.0385656760772,0.5327851552
C003096,2,0.00338264879646,0.00390538052488,0.00390538052488,0.480309572223,0.00390538052488,0.00316608846585,0.405300119893,0.096125429047
C003098,0,0.0239175196976,0.0215966980505,0.0274695534849,0.0244845166276,0.0274695534849,0.0274695534849,0.0199641395784,0.827628465591
C003099,0,0.00873527462553,0.00635340904731,0.0121451566189,0.0282384519585,0.0372078259788,0.043174531235,0.00879399473214,0.855351355804
C003100,1,0.0081497447092,0.0102734374199,0.0451729104576,0.0368409552562,0.0102734374199,0.0755865655887,0.165384604733,0.648318344415
C003101,1,0.00143279260114,0.00238145167709,0.0889256329706,0.0439136547002,0.00177013280497,0.0241279260337,0.00529497654949,0.832153432663
C003105,2,0.016710237257,0.0140118401533,0.0140118401533,0.286948132426,0.0195121207609,0.0259439358995,0.0118832026229,0.610978690727
C003106,0,0.00876598914601,0.0779994885045,0.649782487302,0.0108632817894,0.0121876819002,0.0121876819002,0.0655713754243,0.162642014033
C003108,3,0.00968049111129,0.128621233636,0.0132698560716,0.31111115933,0.177809882248,0.252066535628,0.0137838437914,0.0936569981834
C003110,4,0.00413030788363,0.00444159759175,0.873383952025,0.00397167867767,0.00444159759175,0.00427085922458,0.00642678104626,0.0989332259598
C003112,4,0.0489440286808,0.436279374562,0.0248610957161,0.0302037826385,0.0203508557528,0.124255803918,0.0406546133157,0.274450445417
C003113,1,0.00457061758875,0.00551204889082,0.0126006372274,0.0361327638704,0.0156608180356,0.00875073395885,0.0117554045454,0.905016975883
C003114,3,0.0105093112465,0.0103465476099,0.00573303801774,0.0172999500128,0.0216409577824,0.0123177087631,0.0186354761397,0.903517010428
C003115,4,0.0106081064971,0.00333529700453,0.00283843490809,0.0062012551283,0.00257303748339,0.00402447240972,0.0273389672918,0.943080429277
C003116,4,0.01022037776,0.010990658935,0.010990658935,0.00982785244362,0.0712840480811,0.0107465743281,0.0132066154354,0.862733214082
C003117,1,0.560138213227,0.0198418946905,0.00785985544478,0.00410258163445,0.02919471977,0.319877039067,0.00974685760206,0.049238838564
C003118,0,0.00600987677737,0.00835575600218,0.00835575600218,0.00744776018596,0.00835575600218,0.863034502455,0.00839016216079,0.090050430414
C003119,3,0.0122378038789,0.0133039717197,0.0133039717197,0.0112196550447,0.0133039717197,0.795208650766,0.0156335306522,0.1257884445
C003122,0,0.00506940119528,0.00704817769715,0.00704817769715,0.901846498754,0.00704817769715,0.00704817769715,0.00664526558649,0.0582461236754
C003124,0,0.0111296734395,0.015474227524,0.0324064557161,0.00592591321284,0.015474227524,0.0283071393977,0.017351546181,0.873930817005
C003126,3,0.00717171646127,0.0152042784902,0.0172751148618,0.707112841893,0.0172751148618,0.0114409498596,0.0213929260139,0.203127057558
C003127,1,0.00799662090615,0.0227630403643,0.0221760032152,0.565257921685,0.0227630403643,0.149258117257,0.0344633422896,0.175321913919
C003129,4,0.00959785595129,0.0103212194055,0.654208149027,0.00922923929814,0.200386765585,0.00992446393358,0.0157246805335,0.0906076262662
C003131,2,0.247966034401,0.265879810491,0.0435891293687,0.0777466832391,0.044197267784,0.0830643140224,0.0215007694807,0.216055991213
C003132,2,0.00842953457525,0.00838475056527,0.00838475056527,0.00838475056527,0.00838475056527,0.00690734602706,0.82317305491,0.127951062227
C003136,4,0.0109750286723,0.0225983387592,0.0321752377943,0.396214315724,0.0230398744691,0.022096466518,0.020864778879,0.472035959184
C003138,3,0.461072811643,0.00870262090906,0.00870262090906,0.00743099644503,0.00683443027928,0.447888405431,0.0128755230412,0.0464925913417
C003139,1,0.000777636938974,0.307746481818,0.00369089453952,0.00369639909704,0.0394104533538,0.0535295715842,0.562376830591,0.0287717320783
C003140,1,0.298315466991,0.0504306496731,0.0117638161453,0.011781360565,0.162719938473,0.206029767542,0.0159552292149,0.243003771396
C003142,1,0.210898699056,0.123702732831,0.0252727349516,0.0146481141279,0.558250978338,0.00569991955019,0.00540340095978,0.0561234201854
C003143,4,0.0134595219396,0.0144739283166,0.0144739283166,0.52155145291,0.200491899401,0.0139175395766,0.0224223983414,0.199209331198
C003144,1,0.0118715588574,0.108910013728,0.435975666412,0.0187998244178,0.014453173123,0.213296185948,0.0176030707621,0.179090506752
C003145,0,0.0236541286949,0.00688165524652,0.00688165524652,0.0134601830721,0.00441586128374,0.00753258017769,0.00733072738655,0.929843208892
C003146,4,0.0243096703001,0.0258360657585,0.0258360657585,0.0154471518191,0.327791914839,0.0248429078709,0.249257728149,0.306678495505
C003147,4,0.0259419231829,0.0278970930934,0.358501475291,0.308828714627,0.0278970930934,0.0272775441619,0.028909550817,0.194746605733
C003148,0,0.00708750632276,0.00388426865709,0.00213848973593,0.0129810021015,0.00388426865709,0.00403056537595,0.00438505835778,0.961608840792
C003149,2,0.315345758291,0.00569821533407,0.00569821533407,0.00569821533407,0.00542387236509,0.610035295615,0.00744245502809,0.0446579726982
C003150,0,0.705968925526,0.0339609448839,0.0124854615977,0.0111287026292,0.0124854615977,0.0124854615977,0.156480079258,0.0550049629095
C003152,1,0.0179294835737,0.0991367605446,0.0224270770112,0.0099174121486,0.0122011517209,0.0236080663226,0.305554791564,0.509225257114
C003153,1,0.0170696345858,0.0475992985618,0.354160570224,0.0147917331532,0.377772791935,0.0174884783055,0.0207349446667,0.150382548568
C003154,0,0.0154772226709,0.555090633092,0.0215185603665,0.0191802007042,0.122217607836,0.0162687179335,0.127161935165,0.123085122232
C003155,2,0.0556847647003,0.0301130055533,0.0301130055533,0.0301130055533,0.0301130055533,0.0260081784216,0.0321294415591,0.765725593106
C003157,1,0.00595638866036,0.252884792219,0.00745054293647,0.00958021930979,0.00713326620269,0.0108757886721,0.0103425156666,0.695776486333
C003159,2,0.0196041745759,0.0238241337652,0.0238241337652,0.140540926872,0.162312539859,0.0470196980059,0.0377346707243,0.545139722433
C003160,1,0.00236283425269,0.416100341678,0.00420776520131,0.00254112833798,0.0295517293155,0.00267095838972,0.526592721081,0.0159725217435
C003162,3,0.00539909876781,0.00651788519471,0.90348408098,0.0148928713344,0.0138863057333,0.00651480274475,0.00771308674975,0.0415918684951
C003163,0,0.271869965477,0.0169189934877,0.0547290307247,0.00936480282158,0.03496119034,0.0169189934877,0.0194775548608,0.575759468801
C003164,0,0.00359778221942,0.0104022609866,0.00798878230295,0.009271877398,0.536642308253,0.0104022609866,0.378003603558,0.0436911242958
C003166,0,0.00852841429458,0.225602211165,0.0183063608907,0.0163170616466,0.501036887527,0.0183063608907,0.0247090623723,0.187193641214
C003167,2,0.00366136907742,0.00846303237618,0.00846303237618,0.602870702419,0.00846303237618,0.00697183447563,0.276237309705,0.0848696871942
C003169,2,0.00644829188939,0.00680546819943,0.00709770479742,0.00691697769931,0.112841176901,0.723297351671,0.0566340057501,0.0799590230924
C003174,1,0.0038107341514,0.0119997461163,0.00820240266513,0.110859270642,0.0947262758282,0.035882390819,0.0152713344649,0.719247845313
C003176,1,0.00483099992387,0.0123776963177,0.0117585042648,0.741148894024,0.0123776963177,0.027282396564,0.039484069667,0.150739742921
C003177,4,0.00709991246159,0.114366778365,0.014236351846,0.00994881942675,0.0049111112698,0.157502194442,0.57810163757,0.113833194619
C003178,4,0.00536844832626,0.00570553126662,0.0276657923408,0.00495810760665,0.847240760625,0.0509352899822,0.00356602536238,0.05456004449
C003180,1,0.00623174990848,0.00323512512568,0.930002310533,0.00307787203479,0.00356545036568,0.00323512512568,0.00552735810288,0.045125008804
C003184,1,0.238157614043,0.0106362451736,0.0101041689039,0.00751440352059,0.0343982906926,0.0106362451736,0.57214555584,0.116407476653
C003185,3,0.180759734059,0.0298581251799,0.0188234506938,0.164590275861,0.0298581251799,0.0298440046218,0.240030498569,0.306235785836
C003186,2,0.0287998759579,0.032055988092,0.032055988092,0.0416688335418,0.032055988092,0.0289383826143,0.032493897204,0.771931046406
C003188,4,0.0092340456892,0.00957443940709,0.00957443940709,0.00694870654246,0.847179527147,0.0219908700853,0.00831630409233,0.0871816676292
C003189,1,0.020064072897,0.0294779590602,0.083947163031,0.0280450932527,0.155140083024,0.0186149192003,0.0544072127978,0.610303496737
C003190,2,0.008543819185,0.0811990969504,0.0182665110856,0.0182665110856,0.0511267237519,0.591681073116,0.0174778497055,0.21343841512
C003191,1,0.00445712089229,0.503451720053,0.00523190020759,0.00523970300318,0.00550740727526,0.00550740727526,0.43733723595,0.0332675053427
C003194,3,0.00914145337325,0.862469839562,0.0111649946825,0.0100388083488,0.0177363551295,0.0117407888945,0.0131327285761,0.0645750314327
C003195,0,0.00409104581945,0.00853999461277,0.222938315331,0.0190600417368,0.163806033189,0.00853999461277,0.508231911055,0.0647926636436
C003196,1,0.119091358055,0.226778061898,0.0136555870485,0.0306513165933,0.0143746777413,0.0143746777413,0.49966020947,0.0814141114532
C003197,0,0.00868479704208,0.0120747974876,0.483781596066,0.0107626641991,0.0120747974876,0.0120747974876,0.363206433718,0.097340116512
C003198,4,0.00466718189721,0.00702302785015,0.713922814737,0.219773959958,0.00935142553243,0.00496222139244,0.00686312043167,0.0334362482007
C003199,1,0.0530118830935,0.0127133152354,0.0413002659813,0.0191994639449,0.0224342991913,0.187179301387,0.0511233776869,0.61303809348
C003201,2,0.0303385911369,0.0341296857351,0.0341296857351,0.0341296857351,0.0341296857351,0.0300062789419,0.0342660310982,0.768870355883
C003202,4,0.012601462915,0.0135511997925,0.0135511997925,0.0121174892955,0.780109748075,0.0130302814342,0.0130984654283,0.141940153267
C003203,4,0.00397066313092,0.00726885371927,0.00726885371927,0.00649981245072,0.890028777507,0.00710742433521,0.00936353183489,0.0684920833028
C003204,1,0.00534375717803,0.0175836252428,0.016704007523,0.155858093983,0.0163991298314,0.527532279373,0.0410311614771,0.219547945391
C003205,4,0.0130773738736,0.486073666238,0.38538577271,0.00591538030588,0.0634766102302,0.00636097695624,0.0115193721425,0.0281908475439
C003206,1,0.638364327051,0.0167865564748,0.0159468119781,0.0160930835733,0.10549700023,0.0443126243729,0.0254077017301,0.13759189459
C003208,3,0.00485331398557,0.0295072467761,0.0165587100183,0.368443945829,0.187857612132,0.0203429179184,0.0730152172878,0.299421036052
C003210,0,0.00479133767179,0.535875932466,0.337708634384,0.00542887492253,0.00380242530484,0.00609073776363,0.076805281906,0.0294967755807
C003211,4,0.0150353774943,0.0241486262441,0.0241486262441,0.0215937130655,0.683363484634,0.0236123246467,0.0257944560523,0.182303391619
C003212,4,0.030303517714,0.476630050934,0.113462475437,0.0400709446213,0.0105001059769,0.229255252161,0.0140503614775,0.0857272916785
C003214,1,0.0106538143846,0.241792336468,0.0120761319877,0.0117932721492,0.188059753317,0.442416671932,0.0094315394818,0.0837764802796
C003216,0,0.00826228607347,0.368624902119,0.0114873647177,0.0059268305698,0.00940972747329,0.109971215409,0.422858480844,0.063459192793
C003217,2,0.67471288649,0.209953062258,0.00896238599237,0.00896238599237,0.00896238599237,0.00738320130044,0.00985535761586,0.0712083343585
C003218,0,0.00699347309473,0.00972328667492,0.781033741959,0.00866668525927,0.0223226971686,0.00972328667492,0.0104613441865,0.151075484982
C003220,4,0.0144102307839,0.0153150439941,0.0153150439941,0.028773725243,0.101193798118,0.0240946799791,0.0193093898966,0.781588087992
C003223,4,0.0117435493545,0.0266566486525,0.0266566486525,0.0238363878952,0.130593532587,0.0260646479686,0.0423402721064,0.712108312783
C003225,2,0.0153284573604,0.0168203062413,0.462919669814,0.0168203062413,0.0167248904921,0.0141350500259,0.185236986703,0.272014333122
C003226,2,0.215445690292,0.0086109803296,0.00756752997865,0.686722199569,0.0198636526267,0.00723629141974,0.00705297924475,0.0475006765394
C003228,2,0.0120019592777,0.327457777115,0.551144067889,0.0134988066755,0.00987002194883,0.0111202984435,0.0143078238165,0.0605992448342
C003229,2,0.0191492377887,0.0202581155839,0.0202581155839,0.0202581155839,0.41282998373,0.0174966488702,0.0223739508313,0.467375832028
C003231,0,0.0166483013685,0.0685964631536,0.0409305846765,0.159779090084,0.0209983723637,0.0118392101075,0.0198034680419,0.661404510204
C003232,1,0.185566638491,0.0081853751185,0.722326360928,0.00784722739643,0.0081853751185,0.0081853751185,0.00951789610787,0.0501857517209
C003233,3,0.0380107792713,0.017600514807,0.349841200801,0.0146223522577,0.354203827602,0.0246839596424,0.0275799345754,0.173457431043
C003234,4,0.00909242048781,0.00942759348983,0.00942759348983,0.00568497285995,0.520325002857,0.00906518967328,0.164396748963,0.272580478179
C003238,2,0.0118696747846,0.0103246357038,0.0168532015195,0.513022756239,0.0138504408203,0.0427182688152,0.257778836608,0.133582185509
C003239,2,0.00475727029411,0.0066233774641,0.782770005997,0.0066233774641,0.00583172237679,0.00545632927971,0.0134542163317,0.174483700793
C003240,2,0.0069516920828,0.00735424476271,0.00735424476271,0.00735424476271,0.82734291035,0.00622077335386,0.00750349311781,0.129918396807
C003242,3,0.000746102347892,0.00689620289791,0.00450815589883,0.00974726455192,0.00260815263882,0.00508911163312,0.0334541730195,0.936950837012
C003243,0,0.0134505269516,0.199985670274,0.0247507116864,0.444623381217,0.0167120387571,0.172233217122,0.0139422781514,0.11430217584
C003244,4,0.00868956583421,0.00934447401257,0.0189671377292,0.00835583310355,0.812067350338,0.00913694848757,0.00868377272545,0.124754917769
C003246,1,0.00799964656725,0.009708351486,0.00945798233991,0.00542680554845,0.0124703786674,0.833018457054,0.0118435501048,0.110074828232
C003247,2,0.00757357780616,0.00831067961027,0.0982013642832,0.0307632433017,0.00831067961027,0.0386020471775,0.0285766200951,0.779661788116
C003248,1,0.00549138754015,0.00581579155967,0.233293826987,0.00638517899558,0.0066603250597,0.679824377182,0.00744461156747,0.0550845011088
C003249,0,0.853737041895,0.00500502539525,0.00500502539525,0.00446114377427,0.00500502539525,0.00500502539525,0.0758488733697,0.0459328393804
C003250,2,0.00417771195451,0.00492780225685,0.792834393557,0.0825593858687,0.00492780225685,0.00425607334665,0.078684305134,0.0276325256249
C003252,1,0.685466826497,0.00942753471156,0.205221216029,0.008969280729,0.00942753471156,0.00942753471156,0.0132778702731,0.0587822023374
C003253,2,0.0567097748475,0.00891303490277,0.0102650579352,0.133604702824,0.0153437293303,0.0725363787786,0.60988308451,0.0927442368716
C003254,3,0.010489468113,0.0126630669032,0.0126630669032,0.782786327427,0.0126630669032,0.0124897058122,0.0123936591183,0.14385163882
C003256,4,0.00696549724182,0.449187211412,0.0161619902475,0.00907345275169,0.420462647002,0.0102093722578,0.0111550556918,0.0767847733952
C003257,2,0.0341684039955,0.0559514978145,0.0385930234959,0.0385930234959,0.0385930234959,0.0355948859079,0.0496351030607,0.708871038734
C003259,1,0.0104280459434,0.48160598972,0.0119008315415,0.0119185803043,0.0125275184183,0.0393574155006,0.204484112968,0.227777505604
C003260,2,0.0247225889483,0.028543051086,0.028543051086,0.026765126789,0.028543051086,0.0235137263756,0.0920425748095,0.74732682982
C003261,1,0.0123303208882,0.0039027022182,0.00589943792678,0.00545199922082,0.0039027022182,0.0134076238038,0.00558175597123,0.949523457753
C003265,4,0.0155231970466,0.0089470062208,0.00796380385088,0.0126106844905,0.0213008749699,0.0388251864114,0.0124727894706,0.882356457539
C003266,4,0.0295450951413,0.00580563725,0.0824314670245,0.0048647105509,0.00559805481308,0.00538286135659,0.840463952139,0.0259082217248
C003268,4,0.00447661817592,0.00322779302222,0.00298167280779,0.00485001183678,0.00548002439393,0.0467070157286,0.00467100681683,0.927605857218
C003270,0,0.00796637838989,0.0110759532205,0.0110759532205,0.0296860725587,0.0110759532205,0.701359926165,0.0160563029948,0.21170346023
C003275,1,0.0143129952307,0.00849465061357,0.691682056675,0.00808174229838,0.00849465061357,0.205524324171,0.014150496138,0.0492590842599
C003278,0,0.0160798562414,0.203449132707,0.309477044746,0.0186378291277,0.020910065404,0.0164351330911,0.0590828014169,0.355928137266
C003279,0,0.001874178694,0.0172450211281,0.0021327057698,0.0039421454771,0.00624108049133,0.00442275327203,0.0063077294281,0.95783438574
C003280,1,0.016671493507,0.0283853368119,0.0269653653954,0.0270055812302,0.0283853368119,0.0473234979193,0.0352608661032,0.790002522221
C003281,0,0.0133362830715,0.205222418525,0.01845196682,0.025145376748,0.125924157875,0.126161365885,0.0358818282853,0.44987660279
C003282,2,0.0116008495136,0.0133935665476,0.0133935665476,0.0979590947352,0.011958503836,0.104528658927,0.0174422530509,0.729723506842
C003283,1,0.0182101653036,0.573716916684,0.0227781674788,0.0228121385749,0.0727845591428,0.0187448928075,0.0295336770215,0.241419482987
C003285,4,0.041937556921,0.629717391625,0.0176870349531,0.0158157550619,0.0176870349531,0.193706263713,0.0143107717652,0.0691381910082
C003288,2,0.017026360278,0.809679013616,0.017915309114,0.00710442884686,0.0134984806536,0.0344972360152,0.00906383352426,0.0912153379516
C003290,1,0.0154086246689,0.107570364741,0.0105650913303,0.0602218464285,0.0194093970554,0.0662009931123,0.016312075539,0.704311607124
C003292,3,0.148732721069,0.0141805945267,0.0141805945267,0.0869055186013,0.54497927296,0.103142176503,0.0198911890905,0.0679879327226
C003294,4,0.00604412872764,0.00477441459049,0.00642363739749,0.287724683073,0.646523321824,0.0061767079227,0.00665353007343,0.0356795763915
C003295,4,0.407541982539,0.00583740782177,0.517596895923,0.00704184631546,0.00677313657861,0.00644441262278,0.0106445777609,0.038119740439
C003296,1,0.00411098690446,0.853584539914,0.0646371804909,0.00504438832214,0.0254919350333,0.00627866490631,0.00646773669544,0.0343845677334
C003298,3,0.0418123096615,0.00357692756986,0.010806697238,0.778432941237,0.0723595010736,0.022183491695,0.0113453977064,0.0594827338188
C003299,3,0.0141498943833,0.0165925949393,0.0500082705074,0.0139574145798,0.15870408445,0.161292116977,0.0220334441389,0.563262180024
C003301,1,0.00842237807774,0.0108105617441,0.010269765319,0.0214022562443,0.0108105617441,0.823570811233,0.0124636731108,0.102249992527
C003302,1,0.00832557535148,0.0207035282639,0.6859779359,0.00989428185153,0.0980312858456,0.0103997955265,0.0698890032828,0.0967785939782
C003303,4,0.0276711126627,0.0297566067291,0.0445798630606,0.0266083718807,0.0297566067291,0.0286127402845,0.0294266657335,0.78358803292
C003305,3,0.0246158762998,0.00953827825244,0.00670076895916,0.0625320365037,0.00645362736938,0.00953376739279,0.00709244100533,0.873533204217
C003306,4,0.032056017762,0.292421485354,0.236617586646,0.0161514044353,0.0185861926195,0.265669066648,0.0181424219913,0.120355824543
C003308,4,0.0144771504029,0.0148352528251,0.333822137278,0.0159205188211,0.0148352528251,0.0142649744981,0.508600171486,0.0832445418632
C003310,3,0.0577042012506,0.00756864041104,0.00834836110547,0.00708478835024,0.0368693183086,0.00658210197603,0.013571242337,0.862271346261
C003311,3,0.0127823811607,0.0121722525772,0.0163954000252,0.0138267531289,0.739244268123,0.0163876462832,0.0150470630395,0.174144235663
C003312,2,0.00460039960262,0.00498828076943,0.00237473522868,0.00601464092477,0.0354100296401,0.00230337625126,0.0187014032707,0.925607134312
C003313,1,0.0207888783959,0.0234441215623,0.0222713335583,0.0223045487681,0.0173364710783,0.0234441215623,0.0292751843714,0.841135340703
C003315,4,0.0233890526883,0.0474994815737,0.0373581579723,0.0324642454063,0.0373581579723,0.0340585163198,0.0471756479628,0.740696740105
C003316,1,0.0392676418739,0.0342511691195,0.824919754481,0.00685024184437,0.0418440948263,0.00720023095738,0.00240624453692,0.0432606223601
C003319,2,0.277278961915,0.108067145176,0.00863461047165,0.00863461047165,0.00536057041748,0.00711318027559,0.375914279749,0.208996641523
C003322,2,0.861932990631,0.0626426294099,0.00513382536402,0.00513382536402,0.00513382536402,0.00422923830062,0.00518855302416,0.0506051125424
C003324,0,0.0127909600714,0.131367792307,0.0164261994367,0.00758970304245,0.00340440375635,0.0272897982223,0.741349592506,0.0597815506582
C003325,2,0.0303807640515,0.0350756024041,0.0350756024041,0.0316775418538,0.0350756024041,0.0288952332007,0.0812800484973,0.722539605184
C003326,0,0.00478122312199,0.0379918509123,0.0107821974919,0.00961052730315,0.0115133711894,0.00906874115574,0.490971756761,0.425280332065
C003327,4,0.160330124405,0.0107412763942,0.0107412763942,0.734986146234,0.0107412763942,0.0170435780561,0.0130063792102,0.0424099429112
C003328,4,0.0110729216781,0.00477713250475,0.00166632401422,0.00306710777854,0.00344100333733,0.00549385413989,0.009620900177,0.96086075637
C003329,3,0.344220756816,0.038408857197,0.00776890055645,0.00147484488468,0.485132679417,0.039606787095,0.0297522751825,0.0536348988509
C003330,3,0.0159823106403,0.0236338733344,0.252684338889,0.0210971705174,0.0236338733344,0.0233103186934,0.0265171252281,0.613140989363
C003331,0,0.00573145375174,0.0715707800483,0.0118872327106,0.755977975732,0.00919376297116,0.00919376297116,0.0110836731102,0.125361358704
C003332,2,0.00306489670602,0.00517545266194,0.0277845997333,0.738745394825,0.0963980026696,0.00446996551062,0.00688685529573,0.117474832598
C003333,0,0.00169408719581,0.174962899257,0.00235535266012,0.0020994033049,0.00235535266012,0.00235535266012,0.797346009582,0.0168315426807
C003334,0,0.00288209066468,0.0137777737985,0.00391924572546,0.0291996887297,0.00540225998129,0.00409807624984,0.0360044902194,0.904716374631
C003335,2,0.00436397532051,0.015888102284,0.00862827865505,0.00415384693137,0.00343140559768,0.00326196071782,0.00392951489609,0.956342915598
C003336,4,0.0106865916671,0.00984255004387,0.129767456759,0.386901556204,0.265528534238,0.0258678213369,0.00924964957616,0.162155840175
C003338,2,0.0123014519536,0.014202435363,0.379591330041,0.014202435363,0.176856916377,0.0119351057862,0.0512885225428,0.339621802574
C003339,3,0.185613893638,0.507610347294,0.108474661955,0.0095886310883,0.0106088547712,0.0685316443307,0.0163545684679,0.093217398455
C003340,1,0.00444789832654,0.00692869962932,0.00479208559493,0.00659190912192,0.53425913362,0.00692869962932,0.00914687483862,0.42690469924
C003341,2,0.00502324624683,0.0121164137372,0.0721841600228,0.478834341952,0.351984650339,0.0101821044072,0.0114574669285,0.0582176163661
C003342,2,0.00563089650073,0.785846888051,0.00638698868525,0.155203603569,0.00638698868525,0.00589080908809,0.00764523786382,0.0270085875569
C003343,3,0.779332953456,0.0368378370776,0.0152764324915,0.0128502806441,0.0152764324915,0.0152692079337,0.017762236413,0.107394619493
C003345,3,0.0048651981167,0.019180804477,0.00536953680688,0.00351948273229,0.00499163418017,0.00476616344063,0.00860578056976,0.948701399677
C003346,3,0.0109382204901,0.761516974775,0.0149939305676,0.0117410967458,0.0149939305676,0.0147886592711,0.0223071160197,0.148720071563
C003347,1,0.01324444665,0.0174391958159,0.0165668031524,0.0382141218703,0.064273530533,0.0988669209185,0.0317646708764,0.719630310184
C003348,4,0.0449861009286,0.00301618771037,0.158498539365,0.00640275310594,0.00716031055981,0.145383950114,0.459487684408,0.175064473808
C003349,0,0.00386618615774,0.887799324871,0.00537530292047,0.00537072588665,0.0657635416017,0.00537530292047,0.00766075088072,0.0187888647614
C003352,1,0.0129738905534,0.0114094504558,0.0619006709076,0.0939852541705,0.0114094504558,0.0114094504558,0.0169694860305,0.779942346971
C003353,3,0.0182142704158,0.0284345449221,0.0159673140831,0.0140845558146,0.0253589497902,0.771942030786,0.0176764561038,0.108321878084
C003354,2,0.0659128170194,0.00621907078402,0.716285363064,0.00621907078402,0.00621907078402,0.00599467035014,0.011822091571,0.181327845644
C003355,0,0.026753753011,0.672864962361,0.0146626111542,0.0130692676459,0.142104962646,0.0146626111542,0.021337725754,0.0945441062745
C003356,1,0.0119063090139,0.00805614127231,0.01372663543,0.435681164279,0.00413503808968,0.423843740954,0.0182637123633,0.0843872585973
C003357,0,0.00555307088612,0.00179174156023,0.0283306872083,0.00454418321429,0.00296601561225,0.00347503151169,0.00523762752521,0.948101642482
C003358,3,0.738283119751,0.0107502563775,0.0107502563775,0.0113401913553,0.0602202815656,0.0622993787944,0.0167187354042,0.089637780374
C003359,3,0.0446235582397,0.0383505988839,0.0923495759214,0.0115610237973,0.0376976864438,0.0128828518689,0.0201028312877,0.742431873557
C003361,0,0.0141595072133,0.731536185362,0.0196867803387,0.0105487922682,0.0196867803387,0.0196867803387,0.0215340114321,0.163161162709
C003362,2,0.0281877788845,0.056295282106,0.0278132348801,0.0104065606885,0.012853910256,0.0365374000366,0.00734070501821,0.82056512813
C003363,3,0.056480644151,0.0598249709182,0.0239016217004,0.0190406658129,0.0547502731295,0.117364784599,0.00793319980334,0.660703839885
C003364,0,0.00633593547559,0.753607062484,0.00867771452867,0.0689903477149,0.00829816206207,0.00867771452867,0.108383663135,0.0370294000716
C003365,1,0.230680102685,0.536654582754,0.005875261669,0.00592915230857,0.105400661034,0.0705223578731,0.00745777961137,0.0374801020645
C003366,3,0.0121766166557,0.00275354083538,0.00689207733202,0.59239886113,0.0448205149304,0.0958621862338,0.214399390135,0.030696812748
C003367,1,0.0767952728337,0.0140347208347,0.0133326364256,0.0133525205656,0.00773954945173,0.0140347208347,0.513382271742,0.347328307312
C003370,4,0.0234785911551,0.0252481066473,0.609091977833,0.0225768689647,0.0252481066473,0.0242775503522,0.0279538789574,0.242124919443
C003371,2,0.012641187339,0.130874363145,0.0169197466225,0.46278255926,0.0169197466225,0.205014325438,0.0687735788766,0.0860744926965
C003372,2,0.00734712774015,0.00848250330339,0.205541942072,0.0122486826309,0.00859794857751,0.00821320710887,0.00752951833979,0.742039070228
C003373,1,0.0238060809332,0.01545339119,0.295410287692,0.014814992955,0.01545339119,0.353115670305,0.0346539584981,0.247292227237
C003374,2,0.0130534586657,0.500719399204,0.0150706521199,0.179034073551,0.0150706521199,0.0130163097992,0.0268189071442,0.237216547396
C003375,2,0.00256497930828,0.0562517234344,0.0394268992419,0.290633798166,0.00519350046821,0.581941606187,0.00529779983309,0.0186896933617
C003376,3,0.502872102131,0.0404463216818,0.0203115559885,0.0447051306389,0.0203115559885,0.0461184552691,0.122080966394,0.203153911908
C003377,4,0.138503488157,0.0165639684267,0.489329734664,0.129822493725,0.0165639684267,0.0255000519805,0.0141655480625,0.169550746557
C003378,2,0.190768679257,0.028743391924,0.726670388796,0.00373898403234,0.00373898403234,0.015350880216,0.00379837698991,0.0271903147528
C003381,2,0.0053282428458,0.00661256247102,0.0924439632895,0.838933218319,0.00328566428445,0.00555690841693,0.00716151511438,0.0406779252594
C003382,2,0.0285032938523,0.044795703448,0.0329080006243,0.0329080006243,0.0313906235536,0.0303515097179,0.0479587629782,0.751184105201
C003383,3,0.018125551242,0.0301523991511,0.0182088175253,0.0153169541074,0.705124905723,0.0182002061786,0.0210734724186,0.173797693654
C003384,3,0.0116767974164,0.0593912638262,0.011280078409,0.741465038843,0.0295253622259,0.0128897617023,0.0720430725601,0.0617286250171
C003385,4,0.0055492767795,0.858327822964,0.00596751018912,0.00533615044752,0.00596751018912,0.00573811458883,0.00524767822984,0.107865936612
C003386,4,0.0100509876349,0.00922905535219,0.00922905535219,0.879120772132,0.00922905535219,0.00902409308736,0.0121906542032,0.0619263268856
C003387,1,0.0153252298912,0.0201789997014,0.0191695488367,0.0191981380806,0.0202222535776,0.035665834332,0.0260826105119,0.844157385069
C003388,0,0.205570463632,0.0989919887395,0.0171688318502,0.00611169838105,0.566357405438,0.0171688318502,0.0157744375451,0.072856342564
C003392,4,0.0097776954576,0.118700736994,0.0103916334402,0.00929220356142,0.133675777684,0.123317348181,0.0259472862363,0.568897318445
C003393,3,0.00907537854949,0.0106420638991,0.0106420638991,0.00903132595519,0.0106420638991,0.821157125293,0.0312138256187,0.0975961528858
C003394,3,0.0164126025169,0.0950367582898,0.149886864446,0.0182308079464,0.0320917359184,0.15404937669,0.0293902133216,0.504901640871
C003396,2,0.00313155655055,0.00398604931151,0.00361548617695,0.00361548617695,0.00361548617695,0.0269501982365,0.901009262449,0.0540764749211
C003398,2,0.0134966815926,0.0826331969591,0.0159199530116,0.0159199530116,0.0159199530116,0.726425324791,0.0183062416341,0.111378695988
C003399,2,0.00588497045672,0.00301907732136,0.0169220851986,0.00301907732136,0.376490790296,0.548628106044,0.00214179480157,0.0438940985607
C003400,2,0.424283528213,0.0118334910155,0.0118334910155,0.0118334910155,0.42083866575,0.00974841368457,0.0187435742407,0.0908853450645
C003401,1,0.0159836278544,0.582643295811,0.0166921168305,0.0168452247094,0.0175711083974,0.0175711083974,0.0227906828472,0.309902835153
C003403,1,0.00640683152168,0.00704315266702,0.00669082020977,0.873447199286,0.00704315266702,0.00704315266702,0.00577654542849,0.0865491455531
C003404,0,0.00698576143932,0.00956785837718,0.70954606422,0.0085281469047,0.0345981145086,0.00956785837718,0.16621424789,0.0549919482824
C003405,2,0.0173571444831,0.0204735454928,0.106313117787,0.0204735454928,0.604811134198,0.0173180646511,0.024845719093,0.188407728801
C003406,1,0.0812711851439,0.00768620002009,0.00730169923358,0.685673613709,0.020505134857,0.0038408843825,0.126735289717,0.0669859929375
C003408,4,0.0211211505442,0.0224473399934,0.0448335963263,0.0346840816273,0.0224473399934,0.0219488211886,0.0216286970088,0.810888973318
C003409,3,0.0231414146703,0.00427509772638,0.0107244344381,0.133535591632,0.00195924910823,0.00531608166024,0.799074811936,0.0219733188293
C003410,4,0.701999290516,0.0209455677889,0.0209455677889,0.0116474297499,0.021639102449,0.00318097619904,0.0180309350821,0.201611130426
C003411,4,0.0197612501209,0.0250980187477,0.00617916568741,0.0254745640979,0.00779812712727,0.0101672192064,0.0116564098811,0.893865245131
C003412,3,0.0121503546835,0.0156759171079,0.255505714539,0.0130234134869,0.0156759171079,0.0154613092161,0.571001343504,0.101506030354
C003414,4,0.0057958236593,0.349817440469,0.0059391874038,0.00516115482819,0.0059391874038,0.265097511455,0.329775340394,0.0324743543869
C003416,3,0.0275071774876,0.0145440652136,0.0165016141373,0.0558364078079,0.0218058079751,0.014633449267,0.526974384622,0.32219709349
C003418,3,0.501233796169,0.0108441494089,0.0064450177162,0.00868394526348,0.0134494349116,0.00605760926796,0.029045213187,0.424240834076
C003419,1,0.00783184070608,0.650888992962,0.00979645029556,0.00981106060846,0.0103123223855,0.0103123223855,0.243195112783,0.0578518978738
C003420,2,0.00913251820314,0.379412297456,0.424332146411,0.0101650401272,0.0771221264322,0.00480497308178,0.0242039725649,0.0708269257242
C003421,2,0.0291605606689,0.0324574517933,0.0305871784878,0.0324574517933,0.0324574517933,0.0285360773555,0.0327452495649,0.781598578543
C003422,4,0.0104025047974,0.0184327790404,0.0184327790404,0.102661431703,0.349712941875,0.0290333621486,0.0225356031185,0.448788598277
C003423,4,0.0239569735252,0.0257625433534,0.0257625433534,0.0230368785117,0.0453607991231,0.0247722117226,0.0431768486033,0.788171201807
C003424,4,0.0195030917394,0.0449141491369,0.020727683858,0.0504078356212,0.452851327976,0.223592896487,0.0276166390838,0.160386376098
C003426,1,0.00197766024504,0.569845025808,0.00672115034647,0.00777400783814,0.00270965775263,0.0480115190121,0.306803391083,0.0561575879144
C003427,3,0.00908090385052,0.489667508722,0.0129809111481,0.268942185383,0.0166399042304,0.121655244054,0.0126857606718,0.0683475819396
C003428,2,0.0233682284175,0.0133895835062,0.0133895835062,0.0133895835062,0.0109329798471,0.837422586399,0.014630168694,0.0734772861235
C003430,1,0.00327851184285,0.105019096636,0.242260782204,0.00405466099936,0.0227902220866,0.583790889657,0.00549481114629,0.0333110254271
C003431,4,0.0556086713712,0.213131440036,0.00995861288899,0.555183760045,0.00706836994635,0.00691139297985,0.122518362434,0.0296193902984
C003432,2,0.0138918563182,0.034110831847,0.0277243493253,0.0428032396227,0.0273633220919,0.273357427102,0.0315666569335,0.549182316759
C003434,3,0.0497580885802,0.326289899105,0.0705232841001,0.157740638606,0.166968207338,0.0262519538403,0.0312671879917,0.171200740439
C003435,4,0.49759013893,0.0193821373444,0.196880836914,0.0707375506616,0.0193821373444,0.0186370733412,0.0159111129242,0.16147901254
C003436,3,0.0206160664108,0.580224961807,0.279798136391,0.0366149462687,0.0253919806654,0.0263078130304,0.00756673918861,0.0234793562379
C003437,4,0.00754528114856,0.00801904663923,0.00801904663923,0.57913193554,0.333566336095,0.00771078842781,0.00905610043527,0.0469514650747
C003438,4,0.531605883892,0.00620511439614,0.301144501628,0.0374674762905,0.0722508948445,0.00746007915328,0.0062022778331,0.0376637719627
C003441,0,0.00824089635322,0.0112867541485,0.807539639537,0.0214679029135,0.0176373846252,0.0112867541485,0.0196708893516,0.102869778923
C003446,2,0.222410756637,0.487112124458,0.0280455905622,0.0280455905622,0.0456708596408,0.0235682882295,0.0211451877873,0.144001602123
C003447,2,0.00772120370584,0.0065745345117,0.0089143864456,0.0089143864456,0.704039314061,0.00769922991534,0.0132785376392,0.242858407276
C003448,2,0.00371762950034,0.00815948363734,0.0314990262089,0.0118882734361,0.00418128080217,0.00172955575134,0.00374574513237,0.935079005531
C003449,3,0.022002029364,0.552624429682,0.100868944008,0.0238779704244,0.028386166289,0.0254045331269,0.0484172294377,0.198418697668
C003452,3,0.00755117500209,0.646949096844,0.0127880617084,0.0109194738098,0.13218710915,0.00730319341587,0.121819057261,0.0604828328096
C003453,0,0.00236166885905,0.00326753680745,0.00326753680745,0.8692645448,0.00326753680745,0.0142791185478,0.00606575212362,0.0982263052472
C003454,3,0.01549881834,0.0123911322037,0.021590222329,0.014856668664,0.0152332197763,0.00673506456187,0.0079935788911,0.905701295234
C003455,0,0.00710862081835,0.00988338085296,0.00988338085296,0.824703193159,0.00988338085296,0.00988338085296,0.0100275660751,0.118627096535
C003456,1,0.00411382219756,0.589599167332,0.00514577047665,0.00515344481935,0.00541674203166,0.00541674203166,0.356156248912,0.0289980621998
C003457,4,0.0144072879539,0.150105144661,0.0168675729402,0.0125943703674,0.0158145407125,0.0220246437078,0.0141203120503,0.754066127607
C003459,0,0.336667457079,0.0593344138474,0.00805219563628,0.00611194762173,0.0128105498879,0.00736035669026,0.0103055296182,0.559357549619
C003460,2,0.00868701798818,0.00919005844651,0.00919005844651,0.00919005844651,0.658753251141,0.00815003246079,0.010237256004,0.286602267066
C003462,4,0.00420519303418,0.0169535310471,0.0151029445078,0.0105736146129,0.0066158727406,0.00749339629844,0.00468600837672,0.934369439382
C003463,2,0.0346507913519,0.0200631131088,0.0159150719421,0.021784437877,0.126460059715,0.258363561941,0.0149025686697,0.507860395394
C003466,0,0.173394612227,0.0243169430927,0.0243169430927,0.161568558909,0.0243169430927,0.0335637797353,0.0350962023659,0.523426017485
C003468,2,0.521384742989,0.184265501588,0.00520149913569,0.00913702009786,0.00644400073685,0.00767835224393,0.226819836263,0.0390690469451
C003469,2,0.00315744594064,0.00364537633876,0.00364537633876,0.0459939258932,0.00983908816912,0.00153914769112,0.00281641830951,0.929363221319
C003470,0,0.597336928586,0.150323974302,0.0246141134321,0.0229835890588,0.0246141134321,0.0246141134321,0.025232088422,0.130281079335
C003472,4,0.00631184843781,0.090403608348,0.00670816713201,0.0907152837228,0.22570108437,0.00449621476383,0.54110222572,0.0345615675051
C003473,0,0.0131904045491,0.018065614089,0.173700405179,0.0161024761029,0.0161229441878,0.0140737708188,0.503882660795,0.244861724278
C003474,3,0.051434956911,0.0238823751706,0.0169863240163,0.0141120879731,0.0169863240163,0.0169782908134,0.700863182084,0.158756459015
C003475,2,0.0107614238409,0.0158391996158,0.0317869455099,0.845695162546,0.0121035554796,0.0106477292713,0.0112466931122,0.0619192906244
C003477,0,0.68253899441,0.014070455758,0.014070455758,0.0106859359307,0.0110856976526,0.0138193007649,0.133836455604,0.119892704122
C003478,2,0.0221425164615,0.00645611049684,0.0519621837014,0.00645611049684,0.472222598184,0.00531853498127,0.402912048942,0.0325298967358
C003479,0,0.00411414898485,0.132875594826,0.767028699101,0.00502243774752,0.00563474968401,0.0606270564056,0.00723082381085,0.0174664894395
C003481,3,0.255902212593,0.00766577308166,0.529633246755,0.00636865657376,0.00766577308166,0.111730949897,0.0144347366337,0.0665986513842
C003482,4,0.0514977239621,0.00861879535237,0.00461539583721,0.0104002898142,0.341677407857,0.357887407321,0.0168308191856,0.208472160671
C003484,3,0.293075600934,0.0123482852309,0.267420420131,0.0102588463124,0.0123482852309,0.305860114981,0.0217030053524,0.076985441827
C003487,1,0.00780855572559,0.245725464692,0.0102199347846,0.257537262313,0.416563297278,0.00957684641577,0.0117895686973,0.0407790700945
C003488,1,0.00265183307547,0.00443296800916,0.104374843258,0.00443180983568,0.00443296800916,0.00589568125024,0.00689669095385,0.866883205609
C003489,4,0.00789011197846,0.00848476756443,0.00848476756443,0.007587083189,0.820313111531,0.00815860668878,0.00862122651111,0.130460324973
C003490,0,0.0131173139567,0.0182377588859,0.699017297217,0.0162559144231,0.0296599952744,0.0261246103404,0.0228095469273,0.174777562975
C003491,3,0.00400564012973,0.00527225147703,0.0174731872537,0.0322225403173,0.00527225147703,0.016343676864,0.00654621507162,0.91286423741
C003492,4,0.0103960873852,0.0110488539746,0.0110488539746,0.00987989047568,0.00345279907412,0.30064543867,0.0110421202547,0.642485956191
C003493,2,0.0271645765423,0.098954289138,0.0313624069711,0.0313624069711,0.0418245932116,0.0258363078907,0.0494039688303,0.694091450445
C003494,2,0.0053094703899,0.00533657272411,0.732055505063,0.00533657272411,0.00533657272411,0.00482049570963,0.192446158791,0.0493586518738
C003496,1,0.0160600231171,0.0138859035221,0.0135400373766,0.0133122600938,0.0138859035221,0.0138859035221,0.812524135146,0.1029058337
C003497,4,0.0268326193661,0.0288549185471,0.0288549185471,0.0258020818798,0.0288549185471,0.482084602279,0.0323651102496,0.346350830584
C003498,4,0.0188005359823,0.0284287086063,0.0284287086063,0.0254209647482,0.273175950986,0.0537129306585,0.121983975185,0.450048225227
C003499,4,0.0060460511897,0.0865096552174,0.272643603493,0.0349368208988,0.0115019888498,0.431943749124,0.0165399576351,0.139878173592
C003504,3,0.0186932376068,0.278522498501,0.0225667989934,0.0190312867092,0.0225667989934,0.0225561266623,0.0340480111919,0.582015241342
C003505,3,0.750785680902,0.0178016842246,0.0178016842246,0.0147894820331,0.0116538366801,0.0200932432929,0.0204184346952,0.146655953947
C003506,4,0.0129329646721,0.0139076859062,0.0139076859062,0.123544421621,0.581780988539,0.13243110708,0.0246097705044,0.0968853757705
C003507,4,0.0248532697275,0.0264137975985,0.0264137975985,0.0403893197452,0.0182038809238,0.543532777694,0.0257759538046,0.294417202908
C003508,2,0.0663400716722,0.0114711798691,0.0114711798691,0.0114711798691,0.0110098367612,0.787828981736,0.015291498587,0.0851160716361
C003510,1,0.609264579147,0.0114065725186,0.0108359607608,0.0108521213876,0.0557459102154,0.0114065725186,0.22540676481,0.0650815186421
C003514,2,0.0194570089919,0.0213506709833,0.122849137282,0.0213506709833,0.344185537449,0.0175886535018,0.131945820434,0.321272500375
C003515,4,0.523110186468,0.02284249632,0.0136280043953,0.0118427380551,0.00975380174544,0.0133253486478,0.259280865968,0.146216558401
C003516,3,0.42857480656,0.00990821825011,0.00990821825011,0.239209554169,0.00473832001657,0.00990353243777,0.229926290146,0.0678310601695
C003517,1,0.00421979683258,0.00512113510338,0.00486495123229,0.601918589497,0.29738462629,0.0270318742611,0.00623899444214,0.0532200323413
C003518,0,0.00950616750668,0.151458069948,0.0132169734969,0.551588114879,0.184833479934,0.0132169734969,0.0131799417058,0.063000279033
C003520,3,0.00730455724149,0.00951179802943,0.0515235958055,0.00790231779666,0.0366198656202,0.00950729969285,0.0132472827163,0.864383283098
C003521,4,0.00628330588041,0.0122653329587,0.0122653329587,0.00702298657694,0.0554797538883,0.337543891743,0.44020797918,0.128931416813
C003522,3,0.577889734741,0.0135507922707,0.275122798501,0.0116436499012,0.0135507922707,0.0135443838057,0.0117632231984,0.0829346253111
C003523,4,0.0161002435283,0.0139038020742,0.590386300491,0.0163207781346,0.00862977903753,0.0079402990964,0.0788185956037,0.267900202034
C003526,2,0.00715632808489,0.0189177320504,0.0189177320504,0.0124415760207,0.763258151583,0.0155844017424,0.0222136588873,0.141510419581
C003527,2,0.00626652075059,0.0110307860962,0.0110307860962,0.353338359563,0.498833825798,0.00925020909036,0.0128810946412,0.0973684179644
C003528,3,0.00435402595584,0.877255621874,0.00525625526322,0.00436685045054,0.0306914787951,0.00525376946555,0.00829649192585,0.06452550627
C003529,1,0.0662212039595,0.0134520650792,0.00895359014219,0.165400957221,0.0094250779893,0.0316543085676,0.0100423744271,0.694850422614
C003531,2,0.575787687166,0.0125969905722,0.0235406112341,0.0768112831477,0.0235406112341,0.0211253618303,0.0262668965743,0.240330558241
C003532,3,0.142443440347,0.674521773412,0.0250656072446,0.0143343966354,0.0167873609953,0.0167794218865,0.0211524298895,0.0889155695899
C003534,1,0.135409898902,0.00423133131617,0.760850475662,0.0415068995386,0.0137373783724,0.00423133131617,0.0053386108822,0.0346940740108
C003537,2,0.0113714628588,0.878907262923,0.00759928092644,0.00759928092644,0.00759928092644,0.00673928099474,0.0131958478872,0.0669883025568
C003540,3,0.102486910664,0.0195979431224,0.0195979431224,0.0345752135245,0.0212716467889,0.313421778771,0.0293114148635,0.459737149143
C003541,3,0.00271960256147,0.00354139332883,0.0020080365892,0.0170912277795,0.00275876683372,0.00293430595595,0.00691475627031,0.962031910681
C003542,3,0.00800875677433,0.0109782704706,0.0109782704706,0.349902553536,0.179489106555,0.265307322592,0.0154185302417,0.15991718936
C003543,4,0.00581889085309,0.00625744431841,0.00625744431841,0.588616670123,0.00625744431841,0.33397094647,0.00582808713286,0.0469930724661
C003544,3,0.301743636669,0.00328839503711,0.0035527937503,0.653666284343,0.0035527937503,0.00173655510128,0.00358768033334,0.0288718610161
C003545,1,0.00384303289642,0.777847286694,0.00832563639719,0.0045845380793,0.00346899174265,0.127782272461,0.00991625504576,0.0642319866837
C003546,0,0.520523532464,0.012037858867,0.136989583741,0.0118187928535,0.0132596843693,0.0132596843693,0.254464434628,0.0376464287078
C003547,4,0.0160429887102,0.00877654955404,0.012134034771,0.472843145027,0.016985977926,0.0116675933068,0.0140597224278,0.447489988277
C003548,1,0.00211816369747,0.00400815154554,0.063963998809,0.00208091494871,0.0088593466894,0.00679619122238,0.0434570792787,0.868716153809
C003549,2,0.0346378490411,0.0326872907635,0.0326872907635,0.0326872907635,0.0326872907635,0.0287381481364,0.0318110513343,0.774063788434
C003550,3,0.0285971517416,0.0392004995724,0.0392004995724,0.0286605096105,0.144447848436,0.303190862332,0.0455403532967,0.371162275439
C003551,3,0.0572152677342,0.0511520535474,0.0235779674884,0.772735808398,0.0101284701403,0.0014027011965,0.0185256041588,0.0652621273367
C003553,4,0.0105305364648,0.0111917450635,0.39407009577,0.0100076637553,0.491620515635,0.0107615259276,0.00939126853517,0.0624266488487
C003555,0,0.0984049864641,0.0340138358243,0.0169296534192,0.234761865871,0.0345853893549,0.0753874714638,0.0458341270884,0.460082670514
C003558,2,0.00596739941765,0.911392951487,0.00593569611628,0.00593569611628,0.00593569611628,0.00488981832763,0.00596401706833,0.0539787253507
C003559,1,0.0914044050631,0.00557365659519,0.785323989531,0.0076187825626,0.00794708628548,0.00794708628548,0.0122600520162,0.0819249416608
C003562,1,0.00829399254077,0.834314084094,0.0103745324665,0.0103900049244,0.0109208458335,0.0115406900505,0.0140145433288,0.100151306762
C003563,1,0.00700402732693,0.437601517155,0.00876098073901,0.262579507525,0.0405107150759,0.1785552952,0.0104693368014,0.0545186201765
C003564,1,0.0667767291394,0.0189621444651,0.127001487775,0.0180404317921,0.0088267348847,0.00923767480562,0.54380208961,0.207352707528
C003566,2,0.0147647186059,0.00643440628099,0.0103221579709,0.00609393587332,0.00820566222081,0.00517438415017,0.00656600573802,0.94243872916
C003567,0,0.00585858079602,0.48046418473,0.00814540355218,0.442179587855,0.00814540355218,0.00814540355218,0.00951945552059,0.037541980442
C003568,4,0.39343294314,0.0172424764774,0.00707184264172,0.0149837148874,0.0172424764774,0.016859549201,0.154900624332,0.378266372843
C003569,4,0.0126869838941,0.0159636724968,0.0159636724968,0.0142747235343,0.0159636724968,0.015350016865,0.741562378514,0.168234879703
C003570,2,0.00179320263394,0.00320447874287,0.00320447874287,0.00107020900564,0.00320447874287,0.00263984519767,0.936588114783,0.0482951921507
C003571,0,0.0152549238944,0.0175807867652,0.00966793441418,0.779790252707,0.0142718649496,0.00752689477423,0.0882552942725,0.0676520482226
C003573,0,0.00615561555459,0.00855850768303,0.55975723696,0.0094001356974,0.00855850768303,0.306982797195,0.0137996742944,0.0867875249323
C003574,1,0.106107764547,0.247512695661,0.0287743177033,0.111908176286,0.0427853553142,0.0828862889589,0.0575895582576,0.322435843272
C003576,0,0.00243174186666,0.00338094148197,0.855148409188,0.0976388052051,0.00338094148197,0.00338094148197,0.00590245059361,0.0287357687008
C003577,0,0.00767737953957,0.0105149599817,0.0105149599817,0.00937232971959,0.0105149599817,0.0105149599817,0.833998123054,0.10689232776
C003579,0,0.346818945923,0.00348353089483,0.0219185871097,0.00597849088507,0.00670736031365,0.57756565884,0.00924569976179,0.0282817262716
C003580,4,0.0072586717356,0.00633317741515,0.0262581882713,0.00707721196585,0.00121200177024,0.017007963686,0.00874476409949,0.926108021056
C003581,4,0.00836836447587,0.00473579329503,0.00839195300734,0.376520084447,0.462435391583,0.0316309213565,0.00777785326266,0.100139638572
C003584,0,0.00717778775445,0.00869548108916,0.00895716443006,0.0107181842281,0.0128756006317,0.0239950668381,0.00627226790508,0.921308447123
C003585,4,0.00379717418577,0.00262061014897,0.0104378280974,0.00354843750524,0.00590976548749,0.00365853370874,0.00487735232382,0.965150298543
C003586,1,0.00476961155023,0.00595790474161,0.00979511653375,0.00333766583114,0.0238792223397,0.00297364209458,0.00734140479673,0.941945432112
C003587,1,0.311978746108,0.00876037733994,0.016134780694,0.0161588439197,0.016984423451,0.355350630346,0.0299777611487,0.244654436993
C003588,2,0.0202777659483,0.0139262670463,0.0234113551207,0.157518579959,0.0164333331711,0.0202200574099,0.0723819249736,0.675830716372
C003589,0,0.00208790028909,0.00777955686034,0.00657167525535,0.0116439166352,0.204521918156,0.00734634620199,0.00897617818961,0.751072508412
C003590,0,0.023943206829,0.0217213354197,0.0217213354197,0.297728605101,0.0217213354197,0.0212717576064,0.406480378251,0.185412045953
C003591,1,0.00140981695796,0.00440887089661,0.00564790650526,0.00191755166665,0.00440887089661,0.00440887089661,0.00551061630843,0.972287495872
C003593,3,0.0286953487489,0.0305317009605,0.0289817343409,0.0257483374079,0.0305317009605,0.0301137130411,0.0320021236679,0.793395340872
C003594,3,0.00578167291504,0.00741589842027,0.00741589842027,0.00616106291191,0.0101851645867,0.00741239128029,0.873770564022,0.0818573474437
C003595,1,0.0168828369118,0.0216700021261,0.0152610326522,0.265837099986,0.0216700021261,0.0216700021261,0.0261218012086,0.610887222863
C003596,3,0.00451088163257,0.46801897667,0.00581976480502,0.00483500920108,0.00581976480502,0.337391370422,0.00744646006759,0.166157772396
C003597,2,0.0113946150259,0.0110413706741,0.0110413706741,0.762104393945,0.116149205963,0.00909586603266,0.0127716806141,0.0664014970719
C003598,1,0.00791448352351,0.00892535471587,0.00847886543648,0.00849151071853,0.846345868424,0.00892535471587,0.0113644119086,0.0995541505569
C003599,0,0.0143828600855,0.733772113328,0.0199970272171,0.0178240081575,0.0199970272171,0.0161706114381,0.0208003284398,0.157056024117
C003600,4,0.0102189541042,0.0108605985585,0.0108605985585,0.766501135033,0.0108605985585,0.00915099345765,0.0108363145874,0.170710807143
C003601,0,0.0147948084783,0.167329243438,0.0221017342265,0.0591900482404,0.127720272677,0.0221017342265,0.0314391194924,0.55532303922
C003604,4,0.633694862938,0.012066692109,0.181929810117,0.0104859574222,0.0370963030107,0.0117987105606,0.0212226848947,0.0917049789485
C003605,3,0.00772399954554,0.0216741420798,0.0105879300015,0.663334932219,0.109989995444,0.0362695911404,0.0142652394708,0.136154170099
C003607,1,0.00883395385482,0.0212742830398,0.0207256395254,0.0202401818429,0.265626479924,0.306726588088,0.0359663662766,0.320606507449
C003609,1,0.0157095703613,0.039148173896,0.0196503007383,0.01967960697,0.0415531712839,0.0206850675573,0.026249778854,0.817324330339
C003611,1,0.0233750974888,0.0727185100757,0.0273202255259,0.0700338449372,0.33947104504,0.0820393117593,0.0561503076954,0.328891657477
C003612,2,0.00700525192084,0.00787892536583,0.0065911558012,0.396424192976,0.00787892536583,0.00649064792083,0.482260428323,0.0854704723266
C003613,4,0.0274915460992,0.0295635067379,0.0295635067379,0.0452407028358,0.0295635067379,0.0284270632029,0.0281923610345,0.781957806614
C003614,2,0.0238556978233,0.0257739711005,0.0734822952663,0.063046827055,0.016480657486,0.0310399651913,0.0466936536294,0.719626932448
C003617,1,0.48496481933,0.0136630153797,0.00897925572256,0.0089926472809,0.404596808953,0.00945209509559,0.0164466866492,0.052904671589
C003619,1,0.0014515681542,0.00184032798932,0.00174826590955,0.939665295633,0.0386619516932,0.00184032798932,0.00206755979518,0.012724702836
C003620,2,0.0134417360067,0.00737775208666,0.00737775208666,0.00737775208666,0.0233988578249,0.628294995206,0.0113536423823,0.30137751232
C003621,2,0.0187736333743,0.0186738937532,0.0186738937532,0.679794760298,0.0186738937532,0.0153835280873,0.0195320615775,0.210494335403
C003622,3,0.00620926812135,0.0244868128813,0.00949867692997,0.159234650073,0.0221269393483,0.030151945265,0.212401793297,0.535889914084
C003623,4,0.00357954649215,0.00380430492948,0.000578517673374,0.00330594160779,0.00380430492948,0.0113160730041,0.0044055491763,0.969205762187
C003624,1,0.0169026811565,0.0301481775832,0.0194868906689,0.0156643751215,0.019750299447,0.0136108994828,0.0265143944562,0.857922282084
C003626,2,0.0109029653934,0.0119641013145,0.37092819601,0.162187407465,0.0119641013145,0.313891204451,0.0141044739875,0.104057550063
C003628,4,0.0113377848486,0.0214959807449,0.128898396009,0.0419569774283,0.0574600372707,0.0515804742285,0.0344088204146,0.652861529056
C003629,2,0.0264922431651,0.0287583641038,0.0350451402621,0.0417140997945,0.0287583641038,0.02529928299,0.0353271152962,0.778605390285
C003631,0,0.0136273059982,0.527878384003,0.0189465521683,0.143121739954,0.0189465521683,0.0189465521683,0.182110502303,0.0764224112369
C003632,3,0.167381467616,0.659196690711,0.00361553281944,0.0626385920987,0.0417987938827,0.00852781284661,0.00928076090804,0.0475603491172
C003634,4,0.00318301221483,0.0034229069082,0.0331776696524,0.196352762498,0.00599654277932,0.738762122744,0.00539722031463,0.013707762889
C003635,4,0.415090523867,0.125802223744,0.102880260358,0.01749248349,0.0201294363497,0.0196823944037,0.0182347229794,0.280687954809
C003636,1,0.430426046936,0.0158053009217,0.0150146435592,0.047940510202,0.0158053009217,0.0185883759717,0.0215819031931,0.434837918295
C003637,3,0.00188050498191,0.269275392065,0.00917778330449,0.042585333622,0.351916873691,0.283241397576,0.0073807521658,0.0345419625947
C003638,4,0.361513817912,0.00547000239448,0.00547000239448,0.00489127874108,0.00344426642556,0.592403780879,0.0048221599524,0.0219846913003
C003639,3,0.0160388499276,0.0151678481751,0.012428927527,0.0227935488281,0.00615720970003,0.00852638436203,0.00700021322686,0.911887018253
C003640,0,0.00322184179996,0.0375786954566,0.00447944690969,0.00491994753757,0.778855739726,0.0753108081256,0.0730078278177,0.0226256926268
C003642,1,0.00420999210619,0.00900549080937,0.00855499273618,0.00856775155361,0.089501682902,0.00900549080937,0.0116938989667,0.859460700117
C003643,3,0.0205978073679,0.195124308676,0.0287859154279,0.0317300527057,0.0753559056244,0.0284703836203,0.0370235914937,0.582912035084
C003645,3,0.00426809267036,0.252587601406,0.019618365866,0.0174680575829,0.303866144438,0.0196090879133,0.24549060449,0.137092045634
C003647,1,0.00442055152001,0.254126668246,0.444197911419,0.0416765389691,0.0136928989185,0.0616655799364,0.0140167490136,0.166203101977
C003648,4,0.0963026172463,0.00950863979169,0.00950863979169,0.00826300953882,0.00553185052106,0.00929746841252,0.791847934546,0.0697398401522
C003649,4,0.00264589762503,0.00281203258566,0.0369692479822,0.00251452087468,0.935449590843,0.00274958192895,0.00326006214955,0.0135990660108
C003651,3,0.0202904220695,0.0135110802838,0.356534116945,0.0231602704257,0.0184490576157,0.3772394362,0.104922641681,0.0858929747792
C003652,2,0.00305265754413,0.00322942824406,0.00322942824406,0.00322942824406,0.00322942824406,0.884855083939,0.00396919381641,0.0952053517241
C003653,4,0.00849084072566,0.150738312601,0.00902397756224,0.587420506028,0.00902397756224,0.00882356974059,0.0105037095236,0.215975106257
C003654,2,0.0186933057471,0.0231991400579,0.246196629292,0.142096754446,0.02638830567,0.127815785749,0.196152942063,0.219457136975
C003655,4,0.0453239717576,0.0160149730965,0.0244213652347,0.195789884078,0.0104204507373,0.0238790065493,0.0447333829676,0.63941696558
C003658,3,0.00315700093717,0.00355460370966,0.00355460370966,0.0028966821272,0.00491837357098,0.00460484572143,0.00479624634033,0.972517643884
C003659,4,0.0664608302541,0.00457564462647,0.609309394453,0.00409154359983,0.00457564462647,0.245198548281,0.0446285308203,0.0211598633393
C003660,1,0.0213580725081,0.0106151126043,0.0100840934876,0.62302745833,0.0210140969781,0.0106151126043,0.0296683807161,0.273617672772
C003661,2,0.00197554729418,0.00228083504759,0.00228083504759,0.235001238726,0.0013839665409,0.00196992507982,0.73604283236,0.0190648199045
C003662,3,0.523001237682,0.0215920355468,0.0215920355468,0.0182092382374,0.0215920355468,0.0212964342625,0.0195056043091,0.353211378868
C003663,0,0.161172247393,0.17941458436,0.0314138631769,0.0280002096034,0.174923709629,0.0314138631769,0.099076786228,0.294584736432
C003664,1,0.00510009383503,0.00664282846325,0.00631052215296,0.00631993359286,0.411857138365,0.493928302697,0.00987418835866,0.0599669925357
C003665,1,0.0188351604515,0.012121504133,0.00711546977426,0.00607314367477,0.314760782841,0.00460147918383,0.557386224484,0.079106235458
C003666,0,0.0535766508629,0.473376816981,0.00488594486861,0.00435500338374,0.00488594486861,0.00488594486861,0.431521041939,0.0225126522269
C003667,2,0.621871066548,0.306802600431,0.00615440697432,0.00615440697432,0.00615440697432,0.00506999203281,0.00929713672606,0.0384959833393
C003669,1,0.330291382404,0.00640010340451,0.00314987472542,0.00608900692344,0.00640010340451,0.543366964253,0.0748637507773,0.0294388141082
C003672,4,0.0215516705228,0.0362139139264,0.0334053924227,0.0314698971427,0.0306387074953,0.0348218237145,0.0398002670276,0.772098327748
C003673,4,0.0240846792435,0.0143442493004,0.00779204784697,0.00707285874335,0.00698952691754,0.0150733986503,0.0294535877043,0.895189651594
C003676,4,0.00905294803802,0.0206516611279,0.00964350234805,0.127131457586,0.0111186640459,0.00599922542016,0.00748297319637,0.808919568238
C003677,0,0.00727626582057,0.199157560612,0.0121469971922,0.100882995931,0.00586414555788,0.00621833696713,0.645564568051,0.0228891298672
C003679,0,0.00570399473558,0.00655185293366,0.0894517136824,0.00625556288068,0.00422182365086,0.00701821162097,0.840354146386,0.0404426941102
C003681,3,0.102236539279,0.034114651628,0.0101511289264,0.0114173762639,0.00800647863808,0.0143525856942,0.00669730025724,0.813023939313
C003684,0,0.011223154525,0.0156039706403,0.168889500537,0.0479762001608,0.0156039706403,0.0156039706403,0.662544717332,0.0625545155245
C003686,4,0.028329825788,0.0277960967309,0.00762482678402,0.0110092885198,0.0116473322275,0.00482185888091,0.00629705465397,0.902473716415
C003687,0,0.011940949558,0.0163410639499,0.0117566669203,0.543336003871,0.00698416815443,0.319547301024,0.0159285865584,0.0741652599637
C003688,1,0.00504903836689,0.0040708658809,0.0103599653878,0.00595046642812,0.00496905354219,0.0138989985264,0.00613717824057,0.949564433627
C003689,4,0.00577179176499,0.00613420049487,0.00561453641936,0.00692750356051,0.0372695347547,0.00279875410503,0.00668145502505,0.928802223876
C003690,0,0.0563454120085,0.432384012884,0.00591505009889,0.00527227872774,0.00591505009889,0.0446462644904,0.422476814453,0.027045117238
C003692,3,0.0140108599583,0.0222623835401,0.0235393466861,0.0357287853454,0.0435351852139,0.023528214416,0.0241556648772,0.813239559963
C003693,4,0.0132634780035,0.0140962870189,0.0140962870189,0.0139777698597,0.0307518207278,0.011059941986,0.0148720265459,0.887882388839
C003696,4,0.00288335110008,0.563509059708,0.00306439567905,0.406174383343,0.00306439567905,0.00294659799391,0.00325276911679,0.01510504738
C003697,1,0.013283824134,0.0174910448415,0.018201224456,0.0166408394376,0.0285024367877,0.124928245368,0.614006888329,0.166945496647
C003698,1,0.00896687313604,0.0116792753273,0.01109502166,0.0111115686472,0.0116792753273,0.494224002144,0.376181617471,0.0750623662871
C003699,4,0.0822384975244,0.122265737013,0.738972505589,0.00574566840175,0.00661181509451,0.00635765192687,0.00660395138074,0.0312041730698
C003700,2,0.00214248696093,0.00278628290471,0.00148919720453,0.00278628290471,0.00278628290471,0.9646513552,0.00392150317264,0.0194366087473
C003701,0,0.00681589312157,0.29928188387,0.0249034698249,0.0221972818504,0.0127599722309,0.0602044062986,0.148567392615,0.425269700189
C003702,4,0.0160968326776,0.0173720420897,0.028612255716,0.0170349382877,0.0204414008296,0.027512378989,0.0273780879744,0.845552063436
C003704,4,0.0670816544841,0.0264119438547,0.0214198356382,0.0477278666407,0.0229991268209,0.0543197248954,0.51857725409,0.241462593576
C003707,4,0.0103087271083,0.00895383538278,0.00901933473853,0.0885748411273,0.128621189952,0.0251352914771,0.0091281962943,0.72025858392
C003708,2,0.0202665916886,0.0163991747961,0.0137921527141,0.021235746632,0.0096486302901,0.00840002711357,0.0104854698671,0.899772206898
C003710,0,0.904291295423,0.00278831140165,0.00278831140165,0.00249485807462,0.00400244209812,0.00278831140165,0.00699496292578,0.073851507274
C003711,1,0.0212893727997,0.0400267447044,0.439530978791,0.206613469039,0.170416181968,0.015027832755,0.0191514132569,0.087944006686
C003712,0,0.0115523971927,0.0345908291928,0.0606232352651,0.0259974140056,0.0341006185304,0.0266281999631,0.0399135550539,0.766593750796
C003714,0,0.00642871306558,0.00935081398169,0.0227655896695,0.00833468809536,0.216354191018,0.00935081398169,0.0095075440999,0.717907646088
C003715,4,0.0611761569212,0.012455096119,0.254989028241,0.0122422523127,0.0140877445359,0.0777545197848,0.0162897268092,0.551005475276
C003716,1,0.0201105698668,0.00477664840059,0.00378420978062,0.00309484598112,0.00297332999225,0.00477664840059,0.00624935996027,0.954234387618
C003717,3,0.0235192243135,0.024254331589,0.0844719694371,0.618931623102,0.0187645085486,0.0127136529712,0.0257876339913,0.191557056048
C003718,0,0.00698331504558,0.0152710267705,0.0152710267705,0.0136115684985,0.527609903605,0.0152710267705,0.0208410782594,0.38514105428
C003719,3,0.37618027926,0.0111694327936,0.455052504995,0.0095373584865,0.0163327586484,0.0111641505254,0.022254106974,0.0983094083174
C003722,4,0.190616632152,0.0209388846895,0.0209388846895,0.0181958942301,0.0213976617885,0.0150515908754,0.0262116247748,0.6866488268
C003723,0,0.767969139953,0.00627654651571,0.0121967981985,0.010871407446,0.011814448557,0.109136226551,0.0166197839799,0.0651156487985
C003726,4,0.00765634299474,0.0254607951036,0.00577612955889,0.00923964724844,0.00625179296664,0.0240506810702,0.00577481438893,0.915789796669
C003727,3,0.0471909081005,0.00603398603242,0.0135921203638,0.392824393023,0.00603398603242,0.506132701641,0.00607378953252,0.0221181152748
C003728,4,0.182859819809,0.0155273242958,0.0155273242958,0.0134932473603,0.592636305142,0.0460897533469,0.0128142079197,0.12105201783
C003730,1,0.00239716539955,0.00160739808782,0.0027636621447,0.00104862668683,0.809129692993,0.14344662221,0.00452176569868,0.0350850667787
C003731,2,0.00433250559277,0.799281939362,0.00537681271619,0.0595057164041,0.0756011563575,0.00464387735109,0.0113415859106,0.0399164063052
C003733,0,0.0014283589772,0.00444425380178,0.00124520573462,0.026697100003,0.0246221869707,0.00857846160441,0.0041703698532,0.928814063055
C003734,4,0.211482893603,0.00606846078931,0.153750530071,0.0054264205222,0.44769184724,0.00593369017413,0.144479816314,0.0251663412862
C003736,2,0.45800611733,0.00694495403145,0.00694495403145,0.430783389145,0.0630067886568,0.00587456446944,0.00662457965554,0.0218146526799
C003737,4,0.0112242083235,0.0120701453895,0.0338283843363,0.1848485181,0.0120701453895,0.104735787738,0.254113550079,0.387109260645
C003738,4,0.010975297924,0.0152357618535,0.0116644329349,0.134210494182,0.423220136432,0.0112160433201,0.333247880754,0.0602299526004
C003739,0,0.00628280786492,0.00678441716125,0.0374092161865,0.00423105815659,0.00678441716125,0.0107580712782,0.00559808136007,0.922151930831
C003740,2,0.369398606862,0.0317618786524,0.0268197465714,0.0268197465714,0.0268197465714,0.0139743054223,0.353980508673,0.150425460676
C003741,0,0.290753074844,0.0107961033658,0.467898481271,0.00564752300395,0.0149621143146,0.046940319973,0.0156716275067,0.147330755721
C003742,1,0.00149895801517,0.0273663980261,0.0148911668893,0.00413529369009,0.00570658110005,0.00486863027996,0.00548693147629,0.936046040523
C003743,3,0.00501647413521,0.626572909893,0.0083565610506,0.277079566203,0.0083565610506,0.00824215728478,0.0127627718467,0.0536129985352
C003744,0,0.0517118349546,0.0301122933238,0.207341970824,0.0268400775784,0.0204841349273,0.0228518926705,0.0468921629105,0.59376563281
C003745,3,0.000990656583451,0.000744526918575,0.00479581684439,0.0126960455426,0.00207866650748,0.003778903811,0.00552770261755,0.969387681175
C003746,0,0.0383813873743,0.00850394186358,0.751775073725,0.00757984311877,0.00850394186358,0.0293170653796,0.127234782902,0.0287039637727
C003748,3,0.00744675574668,0.0154526994919,0.430503799288,0.21834738175,0.00352986710312,0.0152411475146,0.173329734422,0.136148614684
C003750,3,0.0570400316125,0.0167307770548,0.0167307770548,0.454700678701,0.0167307770548,0.0167228647057,0.0170914885332,0.404252605284
C003751,4,0.328754037244,0.0312229858977,0.414765299257,0.0045092131659,0.00504273179272,0.192717406031,0.00421863527785,0.018769691333
C003753,1,0.00300859948133,0.533933707584,0.224682169564,0.0117840261049,0.0123860896434,0.0123860896434,0.0202440337299,0.181575284249
C003754,2,0.00886175503448,0.00972422925614,0.00972422925614,0.00972422925614,0.246264464087,0.576291858254,0.0127792716558,0.1266299632
C003756,2,0.2994310961,0.00791961885492,0.00791961885492,0.00791961885492,0.00491064842351,0.00652417116139,0.0201856999688,0.645189527781
C003757,1,0.134373063199,0.0243248298722,0.0443343609055,0.186074878918,0.112841385443,0.0122754418371,0.0271375908237,0.458638449003
C003758,3,0.0167369598904,0.00489312869887,0.00489312869887,0.00430298297547,0.209825549221,0.105587116854,0.550384042095,0.103377091566
C003760,1,0.00547076544718,0.0713018235362,0.553421652996,0.203244243824,0.0126522775993,0.100504860066,0.008447813173,0.0449565633584
C003764,3,0.140537854639,0.120883287513,0.0244080674556,0.0202780068752,0.0244080674556,0.0243965243486,0.0283826468898,0.616705544823
C003765,2,0.00676514726719,0.00975375163232,0.0908415463216,0.257383368533,0.0551095578578,0.00968875323933,0.509626302499,0.0608315726495
C003766,0,0.0213722794623,0.0270993232676,0.0270993232676,0.236758093235,0.0270993232676,0.0270993232676,0.0278888764367,0.605583457795
C003770,2,0.273818909583,0.00471365520044,0.671812701151,0.00471365520044,0.00471365520044,0.00388310269557,0.00528565698684,0.0310586639823
C003772,4,0.00721952250956,0.00511441182075,0.00297869450967,0.00520923016604,0.00599450999157,0.00495240887146,0.00729775131806,0.961233470813
C003773,2,0.0178449130719,0.0181931863566,0.107945529091,0.0181931863566,0.0181931863566,0.734904255018,0.0276677595496,0.0570579841993
C003774,2,0.0495791843969,0.0511640840915,0.0448960462129,0.13822246079,0.0448960462129,0.0377286745011,0.322610380648,0.310903123147
C003775,0,0.0192198310721,0.00548270179502,0.00332482347281,0.00660758104718,0.00812137773924,0.0157688277566,0.00600907986864,0.935465777248
C003776,0,0.00331512102585,0.00460920415161,0.476928115045,0.00410833527933,0.0040337694084,0.482913139558,0.00614935081248,0.0179429647192
C003778,3,0.329774958313,0.00643521249495,0.0464236614472,0.0189671135482,0.0756877450366,0.021735269874,0.0392630520949,0.461712987191
C003779,3,0.00844414827116,0.076493449149,0.0131445793695,0.0109204004501,0.23048700378,0.0131383630115,0.27757104263,0.369801013339
C003781,2,0.657550163213,0.0188003884887,0.0188003884887,0.0188003884887,0.0188003884887,0.0159027826142,0.0194837905716,0.231861709646
C003783,4,0.0338971993254,0.0364279294376,0.0195635897841,0.0170007627316,0.0144811306749,0.0188115506119,0.0226641967407,0.837153640694
C003784,0,0.00908327421224,0.719051148803,0.0126290005351,0.0241079690401,0.0126290005351,0.163797745133,0.0146673700657,0.0440344916755
C003785,1,0.0102582592159,0.00215775752328,0.400588900501,0.00484178060335,0.0050891544242,0.519896396705,0.00632976350545,0.0508379875212
C003786,0,0.00789825187112,0.0109812343786,0.244348494522,0.0119470737509,0.570886809743,0.00420193708557,0.0112348218233,0.138501376825
C003788,4,0.00579176956034,0.00622827896997,0.0930628625094,0.00541237544662,0.358185812921,0.247272725515,0.249800632555,0.0342455425226
C003789,3,0.0125080784119,0.0252412199922,0.0252412199922,0.0622162898935,0.0252412199922,0.0298405380778,0.153780131118,0.665931302522
C003790,3,0.00216576806501,0.00267345671649,0.00267345671649,0.906539675562,0.00267345671649,0.0585850936498,0.00210840763776,0.0225806849356
C003791,1,0.0156800960147,0.19069102035,0.0191194107845,0.0192947829353,0.0724038882573,0.0201262214253,0.0264819045522,0.636202675681
C003792,4,0.0131136515116,0.0138709408588,0.346777237466,0.012462519395,0.132838383091,0.0134013021292,0.39101814458,0.0765178209687
C003793,4,0.00890584897739,0.008511646805,0.280809824972,0.00856380964485,0.00504611354777,0.00770469939526,0.619057799536,0.0614002571219
C003795,0,0.00684666262068,0.00929100892215,0.00611801496194,0.00292620584229,0.00477323019524,0.610282697283,0.0114558410019,0.348306339173
C003797,1,0.0417022757547,0.025958674874,0.181620578966,0.011030946955,0.315474461216,0.0106437460649,0.0108775443041,0.402691771865
C003798,2,0.00312975257903,0.00346363164681,0.0262982956758,0.00388414812285,0.00420568358224,0.00416178184583,0.00344486413732,0.95141184241
C003799,2,0.0378133237419,0.762889236201,0.00635544223792,0.00433710484996,0.00635544223792,0.00523560460751,0.136140288023,0.0408735581009
C003801,3,0.0133192483824,0.0182578039673,0.0182578039673,0.633180808872,0.0185601768544,0.0182491694539,0.129236152777,0.150938835726
C003802,3,0.00752547336781,0.00855720397458,0.485081600904,0.00719817749747,0.00855720397458,0.00844005334842,0.415661036699,0.0589792502346
C003803,0,0.0379634146797,0.0123851378568,0.00372700896632,0.00289725792129,0.01865831627,0.0307465479615,0.0139495992453,0.879672717099
C003804,2,0.0092313952078,0.0153436246791,0.726168157758,0.0139940523457,0.0574484275023,0.0135184277502,0.0161610568501,0.148134857907
C003805,0,0.200156972896,0.0186262160781,0.0186262160781,0.0166021590967,0.158439739349,0.476318616669,0.0196872891917,0.091542790641
C003806,0,0.00242980986595,0.00682969009574,0.00413821438063,0.00138957602939,0.00413821438063,0.0181943588912,0.0135954284943,0.949284707862
C003807,1,0.00462253062781,0.00608656736773,0.0310201523014,0.145115087107,0.0880027704103,0.00608656736773,0.67323173957,0.0458345852484
C003808,4,0.0262016412104,0.0281763853395,0.0281763853395,0.0292942232868,0.0281763853395,0.027093263799,0.0282261805252,0.80465553516
C003809,3,0.0196190218595,0.0255473627344,0.0255473627344,0.0212245233309,0.0255473627344,0.0914587453928,0.599292434588,0.191763186626
C003811,2,0.00250622353658,0.873099517008,0.00258579595199,0.00258579595199,0.00258579595199,0.0439862120261,0.0405041073886,0.0321465521845
C003812,4,0.00459759767121,0.0129418062437,0.0129418062437,0.0112464317488,0.0359981154136,0.0124443134338,0.724492259615,0.18533766963
C003813,4,0.00327757387852,0.00492675986283,0.00314263893659,0.00106632605858,0.00252008986573,0.799370629019,0.00694247618549,0.178753506193
C003814,1,0.0105878186016,0.290826586308,0.0235533731026,0.0130943602494,0.533008926736,0.0137633707213,0.0167224064108,0.0984431578705
C003816,2,0.0167689325013,0.0173013448913,0.232229209645,0.0173013448913,0.0173013448913,0.539109106825,0.018278519208,0.141710197147
C003817,2,0.866372641283,0.00820465694691,0.00820465694691,0.00820465694691,0.00820465694691,0.00850636466694,0.00911601610825,0.0831863501537
C003818,4,0.0148150559773,0.116183755507,0.011894620273,0.00862373871248,0.011894620273,0.00364205502487,0.736695611956,0.0962505422762
C003821,3,0.00586888715922,0.00804497282298,0.626814236584,0.0838670460858,0.0130316879937,0.208083897667,0.00800157656269,0.0462876951242
C003822,3,0.00578757215214,0.00698685696742,0.00698685696742,0.519330858919,0.00698685696742,0.382468630922,0.00839596579668,0.0630564013078
C003823,2,0.0141413040515,0.0140661748381,0.611412433342,0.0140661748381,0.0140661748381,0.0121373729255,0.0131206456487,0.306989719519
C003824,2,0.00548835337642,0.00855283319474,0.00855283319474,0.00855283319474,0.863643396395,0.00738696146905,0.011107852053,0.086714937122
C003826,4,0.0313890365126,0.0298433323637,0.0298433323637,0.38828844954,0.0298433323637,0.0286961321202,0.0263744657188,0.435721919018
C003828,1,0.00257108942038,0.896882750306,0.00494621697082,0.00495359370172,0.00819400794357,0.0192919467816,0.00702485567637,0.0561355392001
C003831,3,0.00333669696653,0.0043449570702,0.00148513318959,0.00887894224505,0.0043449570702,0.0311595044295,0.00475881074826,0.941690998281
C003834,3,0.00945640111548,0.00419952465694,0.167959387919,0.0481077464532,0.689348074814,0.009054807046,0.0237953860719,0.0480786719234
C003838,2,0.00273476863908,0.102049145558,0.00208900548417,0.125704106744,0.726328396734,0.0026010464201,0.0088399845712,0.0296535458491
C003839,1,0.00312191349994,0.799294609525,0.0115963373558,0.00813329098028,0.0119033124565,0.0119033124565,0.0590747385918,0.0949724851341
C003842,0,0.00246524427031,0.0103362908083,0.0128609557801,0.0156386196729,0.0352946361694,0.0058784312996,0.0122064221231,0.905319399876
C003843,4,0.799589222171,0.00765846448905,0.00765846448905,0.00684820258624,0.109410306533,0.00736406732792,0.00881112898853,0.0526601434153
C003845,2,0.0276884476546,0.0208314359926,0.0208314359926,0.0170442703249,0.0220480995123,0.0171609084279,0.482577665777,0.391817736318
C003846,3,0.00984192981854,0.0159302969208,0.0159302969208,0.41777889313,0.171477303427,0.0159227631362,0.283926383386,0.0691921332606
C003847,1,0.225927163467,0.00891956845063,0.00847336862813,0.0043519348379,0.635766506813,0.00891956845063,0.00998861540683,0.0976532739453
C003848,0,0.0118968153425,0.35941260569,0.180937542952,0.141976265986,0.0177330938416,0.018802459813,0.0290999309169,0.240141285457
C003850,0,0.00680433043651,0.479854239139,0.369416864062,0.00843228957837,0.00946031457745,0.00946031457745,0.0167767286223,0.0997949190068
C003852,3,0.017088593245,0.023889568209,0.0220470412739,0.0209860419444,0.0220470412739,0.677252230445,0.0230856619557,0.193603821653
C003854,2,0.0189099404463,0.0188094766598,0.0188094766598,0.0188094766598,0.0188094766598,0.0159104700728,0.709580317524,0.180361365317
C003856,3,0.0070703213803,0.851585620528,0.00853541396968,0.00719818129661,0.00853541396968,0.00841856165506,0.009453237789,0.0992032494118
C003858,2,0.0112835041473,0.0113411010973,0.0113411010973,0.15431832352,0.281767100238,0.416525624395,0.013355870468,0.100067375038
C003859,2,0.0702165981141,0.100822347517,0.17423897606,0.0258852408181,0.257806265442,0.0648842469086,0.0213166155908,0.28482970955
C003860,2,0.00677194836721,0.00537600661523,0.00320147223773,0.00786494580449,0.00895326718327,0.0216450677939,0.00826736969197,0.937919922306
C003862,1,0.00894065456698,0.0244547239982,0.016709159125,0.0103229419301,0.00763395849111,0.194074037348,0.66261610626,0.0752484182806
C003867,3,0.00468065364235,0.0150239847608,0.555957760304,0.0126466652088,0.02981914226,0.0255900634315,0.27268908097,0.0835926494226
C003869,1,0.00343827665269,0.00427691801782,0.0124398553897,0.01214847604,0.0127691598713,0.841596158905,0.0174623705652,0.0958687845587
C003870,0,0.00263022489704,0.031558052032,0.00507419603685,0.0017209805607,0.00160602366155,0.00250128089433,0.0042589540564,0.950650287861
C003871,3,0.00721197847298,0.0332264482431,0.794963714307,0.0105474009471,0.0168712847149,0.0316504597021,0.0121984518794,0.0933302617338
C003872,3,0.0115206431527,0.0150018717377,0.0125129735194,0.0126515471821,0.0534144900051,0.351370299634,0.0326897166604,0.510838458108
C003873,1,0.00279180513162,0.00309487323633,0.00294005275411,0.945790763028,0.00309487323633,0.00309487323633,0.0039362404185,0.0352565189587
C003877,4,0.00843794636307,0.00907389068839,0.00907389068839,0.00811387736646,0.00907389068839,0.80724776223,0.00908213322315,0.139896608752
C003880,0,0.023674484522,0.00658513614704,0.00837667119832,0.011821161749,0.0241283336702,0.0126498678661,0.00456957861947,0.908194766228
C003881,1,0.00411552752962,0.368803245031,0.00613155983684,0.00614070437441,0.00645444215566,0.00645444215566,0.566283775069,0.0356163038475
C003884,1,0.00938155509037,0.0128971626489,0.0137763654272,0.0122702568534,0.788079389223,0.00913737989119,0.0115831575026,0.142874733363
C003886,4,0.0132109258701,0.0346678227402,0.0135377073445,0.718732879438,0.0280335141066,0.0132370569473,0.0426486058271,0.135931487726
C003887,4,0.0130565162954,0.814314238532,0.0140405492686,0.0125550658295,0.0113582746001,0.0137287315724,0.0165725479269,0.104374075975
C003888,0,0.776979619879,0.0114549757607,0.0114549757607,0.010210196705,0.0116086077561,0.012315658058,0.079775108265,0.0862008578158
C003889,2,0.671609113589,0.00912725008934,0.222718905023,0.00912725008934,0.00667080502592,0.0078830772439,0.0161279464867,0.0567356524533
C003891,3,0.0231301550407,0.0271231207159,0.0271231207159,0.0228737751838,0.0905279966179,0.027110293601,0.0251533526373,0.756958185487
C003892,0,0.111374182874,0.362391775016,0.0479387801373,0.0320085047937,0.0383125127843,0.0383125127843,0.0421562063387,0.327505525271
C003894,2,0.0494106659842,0.527274971502,0.0150158632385,0.0232046885103,0.0150158632385,0.20073219294,0.0434501116023,0.125895642984
C003896,1,0.0208872043056,0.0220514555534,0.0870055428438,0.287470348278,0.0295569434927,0.18844236875,0.0645186361178,0.300067500659
C003898,0,0.081864656182,0.00690725127349,0.203899766077,0.0236364495855,0.447256343607,0.0491633008748,0.0844177263205,0.10285450608
C003901,4,0.336012510337,0.425928774617,0.0182208093739,0.015833886335,0.0330837779884,0.0178161549197,0.0167549320567,0.136349154372
C003902,2,0.687017268934,0.00458503139829,0.0538166519633,0.00458503139829,0.00298498498993,0.187215673052,0.00440462644061,0.0553907318232
C003907,0,0.0684217028575,0.0364715545692,0.0264244463434,0.6927067718,0.0264244463434,0.0154851389096,0.031149183629,0.102916755548
C003908,3,0.550303102719,0.0333234791487,0.0333234791487,0.0282797777767,0.0333234791487,0.0433519415077,0.0290610147233,0.249033725827
C003909,2,0.014683518973,0.0779054562887,0.820022965938,0.00915941089775,0.00915941089775,0.00872755739327,0.00866249906777,0.0516791805433
C003910,2,0.00306319031443,0.00353655508384,0.00353655508384,0.799857535311,0.00313982533777,0.119818130721,0.00391371142418,0.0631344967242
C003912,0,0.510565808268,0.0437422412147,0.00732940043692,0.0109804136799,0.0586536192867,0.0942985238539,0.0328073465444,0.241622646715
C003915,2,0.003956176159,0.00490977283784,0.00490977283784,0.00490977283784,0.00496286939954,0.919012946295,0.00921523834405,0.048123451289
C003918,4,0.0345701886234,0.00655265109224,0.00655265109224,0.00114763827566,0.0337245977298,0.00315010789892,0.00579984035362,0.908502324934
C003919,1,0.00409490919447,0.018829406445,0.00493190080444,0.00497713849828,0.00519161017861,0.736822822454,0.00694804146134,0.218204170964
C003920,2,0.256655497012,0.0243011031012,0.0243011031012,0.0243011031012,0.0255609397338,0.0209885201987,0.0358899865381,0.588001747213
C003921,0,0.0101826321587,0.0568087835126,0.0061392946998,0.0117189265815,0.0211894767901,0.0476821775071,0.0163107269019,0.829967981848
C003922,0,0.00348979363317,0.0116143884329,0.0747076632811,0.0100834412838,0.00645670030218,0.00690114622113,0.0125576717581,0.874189195088
C003923,2,0.04937411684,0.0882149315567,0.0153727134582,0.336949781694,0.0133887812771,0.0541715251903,0.0170680577912,0.425460092193
C003924,2,0.00862872598718,0.00867821997056,0.00699179996388,0.0040999949493,0.00427595744291,0.00657761217435,0.0552299939917,0.90551769552
C003925,0,0.00739120418823,0.00918357357645,0.344375350686,0.00818562122083,0.101711859525,0.483347294959,0.00970711849961,0.036097977345
C003926,4,0.00787544796694,0.0159401858084,0.191484422403,0.0142537217264,0.0159401858084,0.0155861802834,0.550396862107,0.188522993897
C003928,0,0.0210972409309,0.0020393755842,0.835708571192,0.00181776254312,0.0312888972938,0.0968023232692,0.00229342929853,0.0089523998878
C003929,1,0.00186528016345,0.00240573071422,0.00228538446388,0.0457643671589,0.00240573071422,0.00240573071422,0.925608034035,0.0172597420363
C003930,2,0.0181932160098,0.0199638787912,0.0199638787912,0.535543503461,0.0205275790333,0.033181351344,0.0932706731351,0.259355919434
C003931,2,0.0116306824298,0.0134280096414,0.0134280096414,0.0134280096414,0.767704256407,0.00737009699001,0.0305174878589,0.14249344739
C003933,0,0.0103799045695,0.0144315687529,0.00941927382186,0.0128633319535,0.0109775233301,0.806812385583,0.0197426644826,0.115373347506
C003934,0,0.0122923126402,0.0256879625269,0.00518654447365,0.0321768317233,0.00388849327884,0.00705105547217,0.00707072328626,0.906646076599
C003935,0,0.351655552391,0.00902475135054,0.0110891470194,0.00988412151406,0.506621489222,0.0293494439325,0.0123642892255,0.0700112053454
C003936,1,0.0143300149911,0.185084396227,0.231864173809,0.345116191495,0.00781220571521,0.011726977953,0.0206410391512,0.183425000658
C003937,3,0.0012651760285,0.0036114532767,0.00281139466266,0.00890933002013,0.00614336959899,0.135564173894,0.804756008623,0.0369390938957
C003938,4,0.00836041499147,0.0060329838049,0.126559275117,0.00794529531989,0.00566271726586,0.564061872905,0.214196529409,0.0671809111862
C003939,0,0.00513800569033,0.00604012533434,0.0041761007236,0.00538376239942,0.00604012533434,0.00604012533434,0.817352492443,0.149829262741
C003940,1,0.13643610052,0.024629498254,0.0912000703843,0.0145353961218,0.0200560209824,0.0429515874969,0.03099267425,0.639198651991
C003941,4,0.00284398846115,0.962047326769,0.00305833188611,0.00273476182621,0.00194140421712,0.00299041132371,0.00315601184622,0.0212277636704
C003942,1,0.00352513906362,0.0105912609353,0.0103181223947,0.0100764405021,0.664357382147,0.0105912609353,0.202038336566,0.0885020574552
C003944,1,0.00587151425082,0.0103166827657,0.0547666382733,0.00652279395029,0.00680387003034,0.828197629495,0.0456969132858,0.0418239579487
C003945,1,0.00383598910105,0.707349072031,0.00814053986466,0.00255838060582,0.122233662324,0.0661212874779,0.0218289992225,0.0679320693727
C003946,3,0.401526756366,0.0054915465689,0.447094287225,0.00468912336382,0.0054915465689,0.00548894949685,0.102224476492,0.0279933139188
C003947,0,0.00921467989105,0.17457923093,0.0126206359828,0.510958418329,0.0529505032406,0.165261465464,0.0137987611526,0.0606163050101
C003948,0,0.0108184660837,0.0175526651255,0.0323695670341,0.0487693619877,0.232467919971,0.0176514187413,0.0268075644547,0.613563036602
C003949,4,0.0355680021899,0.0368791419558,0.0416747028082,0.086118487881,0.0368791419558,0.428851869842,0.0286833669911,0.305345286376
C003955,4,0.0066627041191,0.00466205769866,0.44150196071,0.00383396446904,0.00819958993149,0.0975783132738,0.00996813706254,0.427593272736
C003957,0,0.0232488351417,0.00325135145746,0.0078008724593,0.00771133128033,0.01558207595,0.00557093517844,0.0221642777833,0.914670320749
C003959,1,0.00221955282544,0.422118461027,0.515719090382,0.00589436617714,0.00118900403613,0.00619551817103,0.00865194674786,0.0380120606337
C003961,4,0.563645962011,0.0205930341745,0.0954102753221,0.0118288315953,0.191447446864,0.0133097012169,0.0184237981131,0.0853409507032
C003963,4,0.00287061880922,0.00546241879964,0.00413213661327,0.00488449748697,0.00904809405181,0.820722147854,0.00794259468516,0.1449374917
C003964,4,0.0136958500979,0.0142007188728,0.012183656306,0.01234042703,0.327736414345,0.365141267923,0.063404521615,0.191297143809
C003965,0,0.00540795251225,0.177808808789,0.579524646228,0.0102621008305,0.130018970257,0.0115132077925,0.0184907973851,0.0669735162063
C003966,4,0.799599398135,0.00570151636541,0.00570151636541,0.00509829864393,0.00570151636541,0.0126679226849,0.00654995488483,0.158979876555
C003967,4,0.0129318845455,0.148852399791,0.245341772027,0.0081013694197,0.00586479828465,0.114782438082,0.00895519853981,0.45517013931
C003970,1,0.0100023161547,0.0122673960438,0.0230538116396,0.0116711019685,0.246535274099,0.60159826774,0.0172121324213,0.0776596999328
C003974,4,0.00763303197857,0.00955871441569,0.0101216835214,0.0130027985486,0.0923840310429,0.654042410195,0.0719532801969,0.141304050101
C003975,0,0.00981064415189,0.0130412653799,0.269119671701,0.0115853599445,0.0114389089177,0.542660472477,0.0143164607378,0.12802721669
C003976,4,0.0542306347689,0.00521918100231,0.0115098369957,0.0416142209188,0.0124450674273,0.0288347977033,0.0112114861796,0.834934775004
C003978,0,0.00572082964225,0.00795388298153,0.0042394704104,0.0052959988326,0.8675817634,0.00693923153829,0.00858721281503,0.0936816103797
C003980,2,0.0165518709192,0.0236948314083,0.0170773916197,0.0170773916197,0.137028798003,0.0140683318172,0.586674538653,0.18782684596
C003981,2,0.603921205013,0.0108925575946,0.0108925575946,0.0108925575946,0.0239868446836,0.281056566806,0.0131158658016,0.0452418449117
C003982,1,0.010981937608,0.00705779180142,0.00444030922743,0.390910508472,0.204149719308,0.314448404396,0.0165952074749,0.0514161217131
C003984,3,0.0194134800647,0.0198767257951,0.0124481225953,0.00859632996537,0.00934977350261,0.00798007913055,0.018058259469,0.904277229477
C003985,1,0.00401621798854,0.0437374857294,0.00565455128158,0.0650571258856,0.00595231476726,0.00595231476726,0.753283421496,0.116346568084
C003986,2,0.0149300035515,0.718913653173,0.0148506841749,0.0148506841749,0.0148506841749,0.013434760022,0.0145093915218,0.193660139207
C003987,4,0.00873997901549,0.0114656738783,0.00875062222564,0.0305054983907,0.00661631575546,0.00344417890728,0.00941362532845,0.921064106499
C003988,3,0.0150965797679,0.0160626819013,0.216424275788,0.134071564799,0.0160626819013,0.104258512356,0.028608040696,0.46941566279
C003990,2,0.0198004429567,0.0160989784236,0.0228602698537,0.0228602698537,0.734340565756,0.0188322589828,0.0224249913293,0.142782222844
C003991,3,0.0175961405747,0.100493952629,0.0245103193776,0.0206703181761,0.0245103193776,0.0244987279134,0.0376872534835,0.750032968468
C003992,3,0.00985917674526,0.0129767171973,0.0114091939568,0.0109436710806,0.0129767171973,0.0129705802249,0.777191418685,0.151672524913
C003993,0,0.00682777441952,0.015912166917,0.146876063292,0.0106791363275,0.0119810862915,0.754706944741,0.0105060058636,0.0425108221473
C003994,2,0.0115118471353,0.0105170000695,0.0132908103421,0.0373182017255,0.0132908103421,0.0451550926683,0.0213572903728,0.847558947345
C003995,2,0.0104108406982,0.744546027305,0.0148249781988,0.0148249781988,0.0148249781988,0.0374305740076,0.0164239677383,0.146713655654
C003997,4,0.0995631869563,0.133215416682,0.0087697985374,0.00762095636763,0.496443247956,0.190003246864,0.0091153165251,0.0552688301117
C003998,3,0.013641814422,0.0161276917944,0.05131742507,0.538500661316,0.0328971516341,0.0528265665478,0.0177856695497,0.276903019666
C003999,4,0.831413616549,0.0107248692306,0.0107248692306,0.00959018316363,0.0107248692306,0.0103125971545,0.0112795694554,0.105229425985
